sample,chai_unconstrained_per_chain_ptm,chai_unconstrained_per_chain_pair_iptm,chai_constrained_per_chain_ptm,chai_constrained_per_chain_pair_iptm
nb_s413501_mpnn_3_PDL1,"[[0.9273825883865356, 0.8894672989845276]]","[[[0.9273825883865356, 0.44341152906417847], [0.48244544863700867, 0.8894672989845276]]]","[[0.9388881325721741, 0.9319360852241516]]","[[[0.9388881325721741, 0.806764543056488], [0.817782998085022, 0.9319360852241516]]]"
nb_s80903_mpnn_4_PDL1,"[[0.9228965044021606, 0.8899376392364502]]","[[[0.9228965044021606, 0.6508838534355164], [0.7016607522964478, 0.8899376392364502]]]","[[0.9284995794296265, 0.9254387021064758]]","[[[0.9284995794296265, 0.6832306385040283], [0.7470359802246094, 0.9254387021064758]]]"
nb_s185784_mpnn_4_PDL1,"[[0.9310107827186584, 0.926919162273407]]","[[[0.9310107827186584, 0.7188717126846313], [0.7397772669792175, 0.926919162273407]]]","[[0.9230786561965942, 0.8749508857727051]]","[[[0.9230786561965942, 0.3063301742076874], [0.33908021450042725, 0.8749508857727051]]]"
nb_s465730_mpnn_4_PDL1,"[[0.9071958065032959, 0.8811732530593872]]","[[[0.9071958065032959, 0.6785235404968262], [0.7232839465141296, 0.8811732530593872]]]","[[0.8953481316566467, 0.9284237623214722]]","[[[0.8953481316566467, 0.7335245609283447], [0.7770351767539978, 0.9284237623214722]]]"
nb_s892360_mpnn_4_PDL1,"[[0.8962238430976868, 0.884861171245575]]","[[[0.8962238430976868, 0.26031896471977234], [0.2542116045951843, 0.884861171245575]]]","[[0.9198889136314392, 0.8923708200454712]]","[[[0.9198889136314392, 0.3899534344673157], [0.39717623591423035, 0.8923708200454712]]]"
nb_s461534_mpnn_4_PDL1,"[[0.9361149668693542, 0.8774896264076233]]","[[[0.9361149668693542, 0.25996270775794983], [0.2639731764793396, 0.8774896264076233]]]","[[0.9330284595489502, 0.924140989780426]]","[[[0.9330284595489502, 0.6850746273994446], [0.6909525990486145, 0.924140989780426]]]"
nb_s1683_mpnn_1_PDL1,"[[0.8608059883117676, 0.8867152333259583]]","[[[0.8608059883117676, 0.23611968755722046], [0.24842175841331482, 0.8867152333259583]]]","[[0.8967317342758179, 0.906377911567688]]","[[[0.8967317342758179, 0.655350387096405], [0.5841920375823975, 0.906377911567688]]]"
nb_s859190_mpnn_1_PDL1,"[[0.9149320125579834, 0.8864506483078003]]","[[[0.9149320125579834, 0.37938231229782104], [0.39592814445495605, 0.8864506483078003]]]","[[0.9276204705238342, 0.8964840769767761]]","[[[0.9276204705238342, 0.6829460263252258], [0.6927509307861328, 0.8964840769767761]]]"
nb_s78562_mpnn_1_PDL1,"[[0.9240709543228149, 0.9390700459480286]]","[[[0.9240709543228149, 0.8541541695594788], [0.8046861886978149, 0.9390700459480286]]]","[[0.9051092267036438, 0.8860433101654053]]","[[[0.9051092267036438, 0.43092021346092224], [0.44632619619369507, 0.8860433101654053]]]"
nb_s351880_mpnn_3_PDL1,"[[0.9001031517982483, 0.893817126750946]]","[[[0.9001031517982483, 0.5328680276870728], [0.5511755347251892, 0.893817126750946]]]","[[0.8999406099319458, 0.8543848395347595]]","[[[0.8999406099319458, 0.4368813633918762], [0.4687267541885376, 0.8543848395347595]]]"
nb_s481672_mpnn_4_PDL1,"[[0.9332557916641235, 0.9324047565460205]]","[[[0.9332557916641235, 0.8217220306396484], [0.8042361736297607, 0.9324047565460205]]]","[[0.9326001405715942, 0.9318170547485352]]","[[[0.9326001405715942, 0.8225956559181213], [0.8049263954162598, 0.9318170547485352]]]"
nb_s191527_mpnn_5_PDL1,"[[0.9074604511260986, 0.8794615268707275]]","[[[0.9074604511260986, 0.4517531096935272], [0.4747406244277954, 0.8794615268707275]]]","[[0.9223008155822754, 0.934626579284668]]","[[[0.9223008155822754, 0.8012727499008179], [0.7848110795021057, 0.934626579284668]]]"
nb_s491148_mpnn_3_PDL1,"[[0.9245332479476929, 0.9289311170578003]]","[[[0.9245332479476929, 0.7905482649803162], [0.7641403675079346, 0.9289311170578003]]]","[[0.9261241555213928, 0.9298149347305298]]","[[[0.9261241555213928, 0.7931783199310303], [0.7675620317459106, 0.9298149347305298]]]"
nb_s745346_mpnn_4_PDL1,"[[0.901333749294281, 0.935217022895813]]","[[[0.901333749294281, 0.7509260177612305], [0.7433985471725464, 0.935217022895813]]]","[[0.9091786742210388, 0.9329254627227783]]","[[[0.9091786742210388, 0.7595419883728027], [0.7624830603599548, 0.9329254627227783]]]"
nb_s878765_mpnn_1_PDL1,"[[0.9325563311576843, 0.9287456274032593]]","[[[0.9325563311576843, 0.7245259881019592], [0.755239725112915, 0.9287456274032593]]]","[[0.9259303212165833, 0.8672019243240356]]","[[[0.9259303212165833, 0.4604211151599884], [0.4796937108039856, 0.8672019243240356]]]"
nb_s185784_mpnn_5_PDL1,"[[0.9285627007484436, 0.9270190000534058]]","[[[0.9285627007484436, 0.7181345820426941], [0.7387271523475647, 0.9270190000534058]]]","[[0.8932520151138306, 0.8823214173316956]]","[[[0.8932520151138306, 0.4859171211719513], [0.5311474204063416, 0.8823214173316956]]]"
nb_s166775_mpnn_1_PDL1,"[[0.9296830296516418, 0.894033670425415]]","[[[0.9296830296516418, 0.7123684287071228], [0.7270066738128662, 0.894033670425415]]]","[[0.9310666918754578, 0.8841062188148499]]","[[[0.9310666918754578, 0.7186384201049805], [0.743392825126648, 0.8841062188148499]]]"
nb_s887286_mpnn_2_PDL1,"[[0.8555032014846802, 0.8834753632545471]]","[[[0.8555032014846802, 0.2291969358921051], [0.24177400767803192, 0.8834753632545471]]]","[[0.9257832765579224, 0.8848380446434021]]","[[[0.9257832765579224, 0.3995566964149475], [0.4325973391532898, 0.8848380446434021]]]"
nb_s829439_mpnn_1_PDL1,"[[0.8949101567268372, 0.8795123100280762]]","[[[0.8949101567268372, 0.2948697805404663], [0.2990930676460266, 0.8795123100280762]]]","[[0.9004756808280945, 0.9279423952102661]]","[[[0.9004756808280945, 0.7325666546821594], [0.7878901958465576, 0.9279423952102661]]]"
nb_s1683_mpnn_2_PDL1,"[[0.8559226989746094, 0.8855269551277161]]","[[[0.8559226989746094, 0.23881514370441437], [0.25591057538986206, 0.8855269551277161]]]","[[0.8977624773979187, 0.8883126378059387]]","[[[0.8977624773979187, 0.5097421407699585], [0.4927995204925537, 0.8883126378059387]]]"
nb_s771573_mpnn_5_PDL1,"[[0.9117698669433594, 0.891277015209198]]","[[[0.9117698669433594, 0.6108542680740356], [0.6353057622909546, 0.891277015209198]]]","[[0.9144492745399475, 0.8816313743591309]]","[[[0.9144492745399475, 0.5443748831748962], [0.5537457466125488, 0.8816313743591309]]]"
nb_s78562_mpnn_2_PDL1,"[[0.9239253997802734, 0.939353346824646]]","[[[0.9239253997802734, 0.858261227607727], [0.803354024887085, 0.939353346824646]]]","[[0.9096143245697021, 0.9258252382278442]]","[[[0.9096143245697021, 0.5840098857879639], [0.5801918506622314, 0.9258252382278442]]]"
nb_s885633_mpnn_2_PDL1,"[[0.9191716909408569, 0.8815929889678955]]","[[[0.9191716909408569, 0.5612307786941528], [0.553611159324646, 0.8815929889678955]]]","[[0.9308121800422668, 0.8751192092895508]]","[[[0.9308121800422668, 0.7778525352478027], [0.776664674282074, 0.8751192092895508]]]"
nb_s319551_mpnn_2_PDL1,"[[0.9092637300491333, 0.8907910585403442]]","[[[0.9092637300491333, 0.41314443945884705], [0.44950661063194275, 0.8907910585403442]]]","[[0.9108239412307739, 0.8870517015457153]]","[[[0.9108239412307739, 0.470248818397522], [0.48943406343460083, 0.8870517015457153]]]"
nb_s416874_mpnn_3_PDL1,"[[0.9029113054275513, 0.8874631524085999]]","[[[0.9029113054275513, 0.49516740441322327], [0.5265978574752808, 0.8874631524085999]]]","[[0.8979694247245789, 0.9187154769897461]]","[[[0.8979694247245789, 0.3799438178539276], [0.3867045044898987, 0.9187154769897461]]]"
nb_s286378_mpnn_1_PDL1,"[[0.9289945363998413, 0.9313141107559204]]","[[[0.9289945363998413, 0.7935829162597656], [0.7452419400215149, 0.9313141107559204]]]","[[0.9262357950210571, 0.8885918855667114]]","[[[0.9262357950210571, 0.6591285467147827], [0.6292297840118408, 0.8885918855667114]]]"
nb_s378562_mpnn_3_PDL1,"[[0.9083963632583618, 0.8852760195732117]]","[[[0.9083963632583618, 0.39867639541625977], [0.3964003026485443, 0.8852760195732117]]]","[[0.9123815298080444, 0.9238313436508179]]","[[[0.9123815298080444, 0.5876531600952148], [0.5985214114189148, 0.9238313436508179]]]"
nb_s878765_mpnn_2_PDL1,"[[0.9315860867500305, 0.9183812737464905]]","[[[0.9315860867500305, 0.6908259391784668], [0.7102108597755432, 0.9183812737464905]]]","[[0.9308240413665771, 0.9311041831970215]]","[[[0.9308240413665771, 0.7373812794685364], [0.7659231424331665, 0.9311041831970215]]]"
nb_s53820_mpnn_1_PDL1,"[[0.9087586402893066, 0.8821302652359009]]","[[[0.9087586402893066, 0.2851005792617798], [0.27283647656440735, 0.8821302652359009]]]","[[0.9102469682693481, 0.890652596950531]]","[[[0.9102469682693481, 0.4681185483932495], [0.48246994614601135, 0.890652596950531]]]"
nb_s166775_mpnn_5_PDL1,"[[0.934286892414093, 0.9301683306694031]]","[[[0.934286892414093, 0.8011831045150757], [0.7763689756393433, 0.9301683306694031]]]","[[0.9342637062072754, 0.9332244992256165]]","[[[0.9342637062072754, 0.8282616138458252], [0.8025941252708435, 0.9332244992256165]]]"
nb_s887286_mpnn_4_PDL1,"[[0.874535083770752, 0.8770369291305542]]","[[[0.874535083770752, 0.2672213017940521], [0.25908708572387695, 0.8770369291305542]]]","[[0.905570387840271, 0.927216649055481]]","[[[0.905570387840271, 0.6530755758285522], [0.7231017351150513, 0.927216649055481]]]"
nb_s829439_mpnn_5_PDL1,"[[0.9003115892410278, 0.8766437768936157]]","[[[0.9003115892410278, 0.34576117992401123], [0.35768014192581177, 0.8766437768936157]]]","[[0.9065174460411072, 0.8859668374061584]]","[[[0.9065174460411072, 0.5196557641029358], [0.5467003583908081, 0.8859668374061584]]]"
nb_s202316_mpnn_2_PDL1,"[[0.9298160076141357, 0.8929769396781921]]","[[[0.9298160076141357, 0.7159319519996643], [0.7217612266540527, 0.8929769396781921]]]","[[0.9274662733078003, 0.9309939742088318]]","[[[0.9274662733078003, 0.8051427006721497], [0.7900961637496948, 0.9309939742088318]]]"
nb_s850749_mpnn_1_PDL1,"[[0.9180286526679993, 0.8839179873466492]]","[[[0.9180286526679993, 0.4889700710773468], [0.49868717789649963, 0.8839179873466492]]]","[[0.9221611618995667, 0.9234729409217834]]","[[[0.9221611618995667, 0.6529037356376648], [0.632702112197876, 0.9234729409217834]]]"
nb_s494235_mpnn_5_PDL1,"[[0.9247958660125732, 0.9343528747558594]]","[[[0.9247958660125732, 0.8424423336982727], [0.794072687625885, 0.9343528747558594]]]","[[0.9130192399024963, 0.8707067966461182]]","[[[0.9130192399024963, 0.34994661808013916], [0.3049663305282593, 0.8707067966461182]]]"
nb_s731266_mpnn_5_PDL1,"[[0.9091227054595947, 0.8730913400650024]]","[[[0.9091227054595947, 0.44104310870170593], [0.44885748624801636, 0.8730913400650024]]]","[[0.9089444279670715, 0.9231696724891663]]","[[[0.9089444279670715, 0.5177867412567139], [0.5747247934341431, 0.9231696724891663]]]"
nb_s908222_mpnn_5_PDL1,"[[0.9309858083724976, 0.8893276453018188]]","[[[0.9309858083724976, 0.6845732927322388], [0.6894668936729431, 0.8893276453018188]]]","[[0.9337350726127625, 0.9332829117774963]]","[[[0.9337350726127625, 0.810757040977478], [0.7959592342376709, 0.9332829117774963]]]"
nb_s893078_mpnn_5_PDL1,"[[0.8626814484596252, 0.8835994601249695]]","[[[0.8626814484596252, 0.27440345287323], [0.2826986014842987, 0.8835994601249695]]]","[[0.8987489938735962, 0.9246180057525635]]","[[[0.8987489938735962, 0.7472600936889648], [0.7951377034187317, 0.9246180057525635]]]"
nb_s286378_mpnn_3_PDL1,"[[0.9324482679367065, 0.9334456324577332]]","[[[0.9324482679367065, 0.8039142489433289], [0.7723046541213989, 0.9334456324577332]]]","[[0.9063699245452881, 0.8535361886024475]]","[[[0.9063699245452881, 0.5621073842048645], [0.5614855289459229, 0.8535361886024475]]]"
nb_s817878_mpnn_1_PDL1,"[[0.9262518882751465, 0.9285718202590942]]","[[[0.9262518882751465, 0.7531722784042358], [0.7094934582710266, 0.9285718202590942]]]","[[0.9306478500366211, 0.881075918674469]]","[[[0.9306478500366211, 0.6014588475227356], [0.6251997351646423, 0.881075918674469]]]"
nb_s759449_mpnn_1_PDL1,"[[0.9216129183769226, 0.8885313868522644]]","[[[0.9216129183769226, 0.5286343097686768], [0.5510188341140747, 0.8885313868522644]]]","[[0.9286896586418152, 0.935914158821106]]","[[[0.9286896586418152, 0.8444792628288269], [0.8028976917266846, 0.935914158821106]]]"
nb_s53820_mpnn_2_PDL1,"[[0.9063246250152588, 0.882201611995697]]","[[[0.9063246250152588, 0.26299768686294556], [0.25342199206352234, 0.882201611995697]]]","[[0.9119410514831543, 0.9243382215499878]]","[[[0.9119410514831543, 0.6346102952957153], [0.6628875732421875, 0.9243382215499878]]]"
nb_s919455_mpnn_1_PDL1,"[[0.9181511402130127, 0.9232914447784424]]","[[[0.9181511402130127, 0.43260622024536133], [0.44120046496391296, 0.9232914447784424]]]","[[0.9231563210487366, 0.8715964555740356]]","[[[0.9231563210487366, 0.4939616024494171], [0.5238800048828125, 0.8715964555740356]]]"
nb_s926337_mpnn_1_PDL1,"[[0.9261921644210815, 0.8837917447090149]]","[[[0.9261921644210815, 0.302479088306427], [0.29632025957107544, 0.8837917447090149]]]","[[0.9263540506362915, 0.8866651654243469]]","[[[0.9263540506362915, 0.4110216796398163], [0.4257546663284302, 0.8866651654243469]]]"
nb_s299161_mpnn_2_PDL1,"[[0.930187463760376, 0.889136016368866]]","[[[0.930187463760376, 0.3156953454017639], [0.31981930136680603, 0.889136016368866]]]","[[0.9229704141616821, 0.873587429523468]]","[[[0.9229704141616821, 0.3615155816078186], [0.35832804441452026, 0.873587429523468]]]"
nb_s202316_mpnn_3_PDL1,"[[0.9312999248504639, 0.8924171328544617]]","[[[0.9312999248504639, 0.7196093201637268], [0.7313968539237976, 0.8924171328544617]]]","[[0.9327189922332764, 0.9265768527984619]]","[[[0.9327189922332764, 0.79313725233078], [0.7811933755874634, 0.9265768527984619]]]"
nb_s850749_mpnn_2_PDL1,"[[0.9228928685188293, 0.9309952855110168]]","[[[0.9228928685188293, 0.7602890133857727], [0.736858606338501, 0.9309952855110168]]]","[[0.9228118062019348, 0.925595223903656]]","[[[0.9228118062019348, 0.6786813139915466], [0.669491171836853, 0.925595223903656]]]"
nb_s272990_mpnn_1_PDL1,"[[0.9218214750289917, 0.8830047249794006]]","[[[0.9218214750289917, 0.2689010500907898], [0.281116247177124, 0.8830047249794006]]]","[[0.9126870036125183, 0.9252908229827881]]","[[[0.9126870036125183, 0.4866511821746826], [0.48851466178894043, 0.9252908229827881]]]"
nb_s731008_mpnn_1_PDL1,"[[0.9313918352127075, 0.8917324542999268]]","[[[0.9313918352127075, 0.7126848697662354], [0.7364516258239746, 0.8917324542999268]]]","[[0.9090760946273804, 0.89084792137146]]","[[[0.9090760946273804, 0.6336302757263184], [0.6674929857254028, 0.89084792137146]]]"
nb_s37712_mpnn_2_PDL1,"[[0.9158782958984375, 0.8801313042640686]]","[[[0.9158782958984375, 0.40487366914749146], [0.4141070246696472, 0.8801313042640686]]]","[[0.9114024043083191, 0.9223845601081848]]","[[[0.9114024043083191, 0.3936489522457123], [0.43267369270324707, 0.9223845601081848]]]"
nb_s171911_mpnn_1_PDL1,"[[0.9119271039962769, 0.9266563057899475]]","[[[0.9119271039962769, 0.6198567748069763], [0.6483860015869141, 0.9266563057899475]]]","[[0.9126945734024048, 0.9278823137283325]]","[[[0.9126945734024048, 0.649019181728363], [0.6791483163833618, 0.9278823137283325]]]"
nb_s7171_mpnn_2_PDL1,"[[0.9127748012542725, 0.883910059928894]]","[[[0.9127748012542725, 0.4789564311504364], [0.5154805779457092, 0.883910059928894]]]","[[0.9131343364715576, 0.8804007768630981]]","[[[0.9131343364715576, 0.30904045701026917], [0.33455681800842285, 0.8804007768630981]]]"
nb_s817878_mpnn_2_PDL1,"[[0.9286612868309021, 0.9267551302909851]]","[[[0.9286612868309021, 0.6300296783447266], [0.6389936804771423, 0.9267551302909851]]]","[[0.9283462762832642, 0.9274904131889343]]","[[[0.9283462762832642, 0.6619855165481567], [0.6430790424346924, 0.9274904131889343]]]"
nb_s389903_mpnn_5_PDL1,"[[0.9179321527481079, 0.8739113807678223]]","[[[0.9179321527481079, 0.2575336992740631], [0.26675575971603394, 0.8739113807678223]]]","[[0.926362931728363, 0.9266847968101501]]","[[[0.926362931728363, 0.7475575804710388], [0.7944895029067993, 0.9266847968101501]]]"
nb_s618542_mpnn_2_PDL1,"[[0.9064810276031494, 0.8794232606887817]]","[[[0.9064810276031494, 0.3813405930995941], [0.41431745886802673, 0.8794232606887817]]]","[[0.9230504631996155, 0.9265754222869873]]","[[[0.9230504631996155, 0.8078080415725708], [0.8190262913703918, 0.9265754222869873]]]"
nb_s919455_mpnn_4_PDL1,"[[0.909951388835907, 0.8807819485664368]]","[[[0.909951388835907, 0.3266657590866089], [0.3310545086860657, 0.8807819485664368]]]","[[0.9078476428985596, 0.876186728477478]]","[[[0.9078476428985596, 0.3715445101261139], [0.3787894546985626, 0.876186728477478]]]"
nb_s926337_mpnn_2_PDL1,"[[0.920881450176239, 0.8868697881698608]]","[[[0.920881450176239, 0.3836609423160553], [0.38408294320106506, 0.8868697881698608]]]","[[0.9219256639480591, 0.900489866733551]]","[[[0.9219256639480591, 0.39651933312416077], [0.3852974474430084, 0.900489866733551]]]"
nb_s38254_mpnn_5_PDL1,"[[0.9268172383308411, 0.8876395225524902]]","[[[0.9268172383308411, 0.6100612282752991], [0.6134841442108154, 0.8876395225524902]]]","[[0.9018480777740479, 0.8776276111602783]]","[[[0.9018480777740479, 0.5611831545829773], [0.594658613204956, 0.8776276111602783]]]"
nb_s462498_mpnn_2_PDL1,"[[0.9158298373222351, 0.930917501449585]]","[[[0.9158298373222351, 0.8090323805809021], [0.7597200870513916, 0.930917501449585]]]","[[0.8967191576957703, 0.8797643780708313]]","[[[0.8967191576957703, 0.2570575177669525], [0.2792634963989258, 0.8797643780708313]]]"
nb_s718865_mpnn_2_PDL1,"[[0.8968058228492737, 0.8756289482116699]]","[[[0.8968058228492737, 0.3917735517024994], [0.3955842852592468, 0.8756289482116699]]]","[[0.89388108253479, 0.8732646107673645]]","[[[0.89388108253479, 0.31218835711479187], [0.32628223299980164, 0.8732646107673645]]]"
nb_s834944_mpnn_1_PDL1,"[[0.9308181405067444, 0.9307693839073181]]","[[[0.9308181405067444, 0.7753862142562866], [0.7779941558837891, 0.9307693839073181]]]","[[0.9310994744300842, 0.9304627180099487]]","[[[0.9310994744300842, 0.7795816659927368], [0.7850706577301025, 0.9304627180099487]]]"
nb_s731008_mpnn_2_PDL1,"[[0.929395854473114, 0.896568775177002]]","[[[0.929395854473114, 0.7076321840286255], [0.7287769913673401, 0.896568775177002]]]","[[0.9291138648986816, 0.8931733965873718]]","[[[0.9291138648986816, 0.7238729000091553], [0.7378162145614624, 0.8931733965873718]]]"
nb_s37712_mpnn_5_PDL1,"[[0.9131321310997009, 0.8801605701446533]]","[[[0.9131321310997009, 0.38323622941970825], [0.39405471086502075, 0.8801605701446533]]]","[[0.911340057849884, 0.8841159343719482]]","[[[0.911340057849884, 0.438438355922699], [0.46401888132095337, 0.8841159343719482]]]"
nb_s826150_mpnn_1_PDL1,"[[0.9294506907463074, 0.890034556388855]]","[[[0.9294506907463074, 0.7834439277648926], [0.7376214265823364, 0.890034556388855]]]","[[0.9181227087974548, 0.9257016181945801]]","[[[0.9181227087974548, 0.5098648071289062], [0.5392696857452393, 0.9257016181945801]]]"
nb_s7171_mpnn_3_PDL1,"[[0.9201802611351013, 0.8838571906089783]]","[[[0.9201802611351013, 0.324186772108078], [0.3177293539047241, 0.8838571906089783]]]","[[0.9218787550926208, 0.8652773499488831]]","[[[0.9218787550926208, 0.259295254945755], [0.2965460419654846, 0.8652773499488831]]]"
nb_s302651_mpnn_3_PDL1,"[[0.8553853034973145, 0.8845749497413635]]","[[[0.8553853034973145, 0.35946425795555115], [0.38825172185897827, 0.8845749497413635]]]","[[0.9285215139389038, 0.9272789359092712]]","[[[0.9285215139389038, 0.7267537713050842], [0.7201046943664551, 0.9272789359092712]]]"
nb_s759449_mpnn_4_PDL1,"[[0.925598680973053, 0.8942979574203491]]","[[[0.925598680973053, 0.7435058355331421], [0.7390034198760986, 0.8942979574203491]]]","[[0.917485237121582, 0.8899096250534058]]","[[[0.917485237121582, 0.2888840436935425], [0.3013266623020172, 0.8899096250534058]]]"
nb_s618542_mpnn_3_PDL1,"[[0.9168308973312378, 0.8672511577606201]]","[[[0.9168308973312378, 0.2992613613605499], [0.3018747866153717, 0.8672511577606201]]]","[[0.9259753227233887, 0.9303012490272522]]","[[[0.9259753227233887, 0.8348433375358582], [0.8433706760406494, 0.9303012490272522]]]"
nb_s467069_mpnn_3_PDL1,"[[0.9208640456199646, 0.9302605986595154]]","[[[0.9208640456199646, 0.6834165453910828], [0.708088219165802, 0.9302605986595154]]]","[[0.922182023525238, 0.9324617385864258]]","[[[0.922182023525238, 0.7962148785591125], [0.7627860903739929, 0.9324617385864258]]]"
nb_s216967_mpnn_4_PDL1,"[[0.9165747761726379, 0.9338961243629456]]","[[[0.9165747761726379, 0.7836163640022278], [0.7474085688591003, 0.9338961243629456]]]","[[0.918865978717804, 0.9345272779464722]]","[[[0.918865978717804, 0.7829619646072388], [0.7483013868331909, 0.9345272779464722]]]"
nb_s467146_mpnn_5_PDL1,"[[0.862180233001709, 0.8741791248321533]]","[[[0.862180233001709, 0.16100625693798065], [0.1542247235774994, 0.8741791248321533]]]","[[0.8932608962059021, 0.8785229325294495]]","[[[0.8932608962059021, 0.36696121096611023], [0.38015395402908325, 0.8785229325294495]]]"
nb_s632243_mpnn_4_PDL1,"[[0.8581162691116333, 0.8821337223052979]]","[[[0.8581162691116333, 0.33375391364097595], [0.3519640564918518, 0.8821337223052979]]]","[[0.8621693253517151, 0.8882707357406616]]","[[[0.8621693253517151, 0.4510931670665741], [0.4769860804080963, 0.8882707357406616]]]"
nb_s834944_mpnn_4_PDL1,"[[0.9338910579681396, 0.9298122525215149]]","[[[0.9338910579681396, 0.7786314487457275], [0.7778011560440063, 0.9298122525215149]]]","[[0.9320563077926636, 0.9313005805015564]]","[[[0.9320563077926636, 0.7804373502731323], [0.7862675786018372, 0.9313005805015564]]]"
nb_s282075_mpnn_1_PDL1,"[[0.8966872692108154, 0.8853256106376648]]","[[[0.8966872692108154, 0.27070310711860657], [0.27698904275894165, 0.8853256106376648]]]","[[0.9067267775535583, 0.885299563407898]]","[[[0.9067267775535583, 0.4911278188228607], [0.49984779953956604, 0.885299563407898]]]"
nb_s916275_mpnn_1_PDL1,"[[0.9118868112564087, 0.8881304264068604]]","[[[0.9118868112564087, 0.7222523093223572], [0.7975999116897583, 0.8881304264068604]]]","[[0.9082680940628052, 0.8814222812652588]]","[[[0.9082680940628052, 0.6574385762214661], [0.7191668748855591, 0.8814222812652588]]]"
nb_s975197_mpnn_2_PDL1,"[[0.9257193803787231, 0.8899508714675903]]","[[[0.9257193803787231, 0.613598644733429], [0.6341343522071838, 0.8899508714675903]]]","[[0.9261916875839233, 0.9330374002456665]]","[[[0.9261916875839233, 0.7542924880981445], [0.7438333630561829, 0.9330374002456665]]]"
nb_s499859_mpnn_4_PDL1,"[[0.9222226738929749, 0.9313356876373291]]","[[[0.9222226738929749, 0.7509189248085022], [0.7519548535346985, 0.9313356876373291]]]","[[0.9216729998588562, 0.9313119053840637]]","[[[0.9216729998588562, 0.7559846639633179], [0.7538823485374451, 0.9313119053840637]]]"
nb_s854077_mpnn_1_PDL1,"[[0.9195391535758972, 0.8821143507957458]]","[[[0.9195391535758972, 0.3681458830833435], [0.3855113387107849, 0.8821143507957458]]]","[[0.9256225228309631, 0.9246969223022461]]","[[[0.9256225228309631, 0.5742299556732178], [0.5916486978530884, 0.9246969223022461]]]"
nb_s870186_mpnn_1_PDL1,"[[0.9119542837142944, 0.8911319971084595]]","[[[0.9119542837142944, 0.6950395703315735], [0.7462539672851562, 0.8911319971084595]]]","[[0.8972177505493164, 0.8876966238021851]]","[[[0.8972177505493164, 0.44287997484207153], [0.4772457480430603, 0.8876966238021851]]]"
nb_s622643_mpnn_2_PDL1,"[[0.897167444229126, 0.8906635046005249]]","[[[0.897167444229126, 0.4665199816226959], [0.5170400738716125, 0.8906635046005249]]]","[[0.9182326197624207, 0.8938049674034119]]","[[[0.9182326197624207, 0.5821099877357483], [0.6321868300437927, 0.8938049674034119]]]"
nb_s68363_mpnn_1_PDL1,"[[0.912839949131012, 0.8844500184059143]]","[[[0.912839949131012, 0.5542833805084229], [0.5414296388626099, 0.8844500184059143]]]","[[0.9270702004432678, 0.9242353439331055]]","[[[0.9270702004432678, 0.7510202527046204], [0.7518830299377441, 0.9242353439331055]]]"
nb_s251319_mpnn_2_PDL1,"[[0.8841075897216797, 0.8798509836196899]]","[[[0.8841075897216797, 0.17583739757537842], [0.1836225837469101, 0.8798509836196899]]]","[[0.8898868560791016, 0.883564829826355]]","[[[0.8898868560791016, 0.6867455244064331], [0.6983718872070312, 0.883564829826355]]]"
nb_s52054_mpnn_3_PDL1,"[[0.8949699401855469, 0.8804934024810791]]","[[[0.8949699401855469, 0.22401714324951172], [0.238741934299469, 0.8804934024810791]]]","[[0.8977082967758179, 0.8657240867614746]]","[[[0.8977082967758179, 0.3137091100215912], [0.30933573842048645, 0.8657240867614746]]]"
nb_s605394_mpnn_5_PDL1,"[[0.8785145282745361, 0.8798481822013855]]","[[[0.8785145282745361, 0.16556769609451294], [0.16974318027496338, 0.8798481822013855]]]","[[0.8760449290275574, 0.9227298498153687]]","[[[0.8760449290275574, 0.43294191360473633], [0.4499910771846771, 0.9227298498153687]]]"
nb_s282075_mpnn_3_PDL1,"[[0.8971505761146545, 0.8853917717933655]]","[[[0.8971505761146545, 0.389004647731781], [0.394163578748703, 0.8853917717933655]]]","[[0.8952471017837524, 0.9248138070106506]]","[[[0.8952471017837524, 0.47834712266921997], [0.5007922649383545, 0.9248138070106506]]]"
nb_s916275_mpnn_4_PDL1,"[[0.910075843334198, 0.8978176116943359]]","[[[0.910075843334198, 0.7293950915336609], [0.8082065582275391, 0.8978176116943359]]]","[[0.912032961845398, 0.8898980021476746]]","[[[0.912032961845398, 0.7171462774276733], [0.8054912686347961, 0.8898980021476746]]]"
nb_s362656_mpnn_2_PDL1,"[[0.9161536693572998, 0.9190322756767273]]","[[[0.9161536693572998, 0.263994425535202], [0.2947024405002594, 0.9190322756767273]]]","[[0.9228382706642151, 0.9179049134254456]]","[[[0.9228382706642151, 0.39502081274986267], [0.37357762455940247, 0.9179049134254456]]]"
nb_s206217_mpnn_2_PDL1,"[[0.92625492811203, 0.9351251125335693]]","[[[0.92625492811203, 0.821994423866272], [0.774485170841217, 0.9351251125335693]]]","[[0.9272911548614502, 0.9363803267478943]]","[[[0.9272911548614502, 0.8311059474945068], [0.7861510515213013, 0.9363803267478943]]]"
nb_s854077_mpnn_2_PDL1,"[[0.9357324838638306, 0.9324767589569092]]","[[[0.9357324838638306, 0.8149977326393127], [0.7963148951530457, 0.9324767589569092]]]","[[0.9339844584465027, 0.9324116706848145]]","[[[0.9339844584465027, 0.799013078212738], [0.7833364009857178, 0.9324116706848145]]]"
nb_s149825_mpnn_4_PDL1,"[[0.9001684188842773, 0.8758513331413269]]","[[[0.9001684188842773, 0.16730892658233643], [0.14057083427906036, 0.8758513331413269]]]","[[0.8948840498924255, 0.8757626414299011]]","[[[0.8948840498924255, 0.3257138431072235], [0.3487683832645416, 0.8757626414299011]]]"
nb_s465730_mpnn_3_PDL1,"[[0.9046449065208435, 0.8732706904411316]]","[[[0.9046449065208435, 0.30293938517570496], [0.3047860264778137, 0.8732706904411316]]]","[[0.9148145914077759, 0.9285387992858887]]","[[[0.9148145914077759, 0.7685654759407043], [0.7874114513397217, 0.9285387992858887]]]"
nb_s892360_mpnn_1_PDL1,"[[0.920536458492279, 0.9176642894744873]]","[[[0.920536458492279, 0.7294431924819946], [0.7154773473739624, 0.9176642894744873]]]","[[0.9122341275215149, 0.8898264169692993]]","[[[0.9122341275215149, 0.6694179773330688], [0.6810225248336792, 0.8898264169692993]]]"
nb_s68363_mpnn_3_PDL1,"[[0.9143791198730469, 0.8835707306861877]]","[[[0.9143791198730469, 0.5970922112464905], [0.5761721134185791, 0.8835707306861877]]]","[[0.9265333414077759, 0.9306299686431885]]","[[[0.9265333414077759, 0.7717172503471375], [0.785946786403656, 0.9306299686431885]]]"
nb_s214428_mpnn_1_PDL1,"[[0.8980843424797058, 0.8868852257728577]]","[[[0.8980843424797058, 0.5015433430671692], [0.5221263766288757, 0.8868852257728577]]]","[[0.9004349708557129, 0.8876003623008728]]","[[[0.9004349708557129, 0.5140400528907776], [0.548410177230835, 0.8876003623008728]]]"
nb_s255632_mpnn_3_PDL1,"[[0.9045678973197937, 0.8821234703063965]]","[[[0.9045678973197937, 0.3915875256061554], [0.4036821126937866, 0.8821234703063965]]]","[[0.9091472625732422, 0.878191351890564]]","[[[0.9091472625732422, 0.6678764224052429], [0.7390336394309998, 0.878191351890564]]]"
nb_s351880_mpnn_1_PDL1,"[[0.901617705821991, 0.8991362452507019]]","[[[0.901617705821991, 0.5374288558959961], [0.5521756410598755, 0.8991362452507019]]]","[[0.8941432237625122, 0.922588586807251]]","[[[0.8941432237625122, 0.3202109932899475], [0.34674006700515747, 0.922588586807251]]]"
nb_s481672_mpnn_2_PDL1,"[[0.9330185651779175, 0.9318066239356995]]","[[[0.9330185651779175, 0.8260944485664368], [0.8052632212638855, 0.9318066239356995]]]","[[0.9333348274230957, 0.9324085116386414]]","[[[0.9333348274230957, 0.8265511989593506], [0.8065898418426514, 0.9324085116386414]]]"
nb_s883690_mpnn_4_PDL1,"[[0.8474244475364685, 0.8857139945030212]]","[[[0.8474244475364685, 0.2839348316192627], [0.2796785831451416, 0.8857139945030212]]]","[[0.9036661386489868, 0.9306634664535522]]","[[[0.9036661386489868, 0.7890468239784241], [0.7277567982673645, 0.9306634664535522]]]"
nb_s895571_mpnn_3_PDL1,"[[0.9324511885643005, 0.9338474273681641]]","[[[0.9324511885643005, 0.8220011591911316], [0.7877374887466431, 0.9338474273681641]]]","[[0.9200344681739807, 0.880986750125885]]","[[[0.9200344681739807, 0.4185850918292999], [0.42595720291137695, 0.880986750125885]]]"
nb_s206217_mpnn_5_PDL1,"[[0.925432562828064, 0.934075117111206]]","[[[0.925432562828064, 0.8207902908325195], [0.7725999355316162, 0.934075117111206]]]","[[0.9253232479095459, 0.934104859828949]]","[[[0.9253232479095459, 0.8221927881240845], [0.7668794393539429, 0.934104859828949]]]"
nb_s72302_mpnn_3_IL3,"[[0.9378262162208557, 0.30265486240386963]]","[[[0.9378262162208557, 0.14869053661823273], [0.10424286872148514, 0.30265486240386963]]]","[[0.9380460977554321, 0.31647011637687683]]","[[[0.9380460977554321, 0.20451562106609344], [0.1856473833322525, 0.31647011637687683]]]"
nb_s652766_mpnn_5_IL3,"[[0.8988203406333923, 0.3090042471885681]]","[[[0.8988203406333923, 0.14804419875144958], [0.09850123524665833, 0.3090042471885681]]]","[[0.8898599743843079, 0.33368080854415894]]","[[[0.8898599743843079, 0.17979459464550018], [0.14915084838867188, 0.33368080854415894]]]"
nb_s133952_mpnn_4_IL3,"[[0.87705397605896, 0.3034306764602661]]","[[[0.87705397605896, 0.18501076102256775], [0.1698361337184906, 0.3034306764602661]]]","[[0.8825697898864746, 0.31437328457832336]]","[[[0.8825697898864746, 0.24208803474903107], [0.30074670910835266, 0.31437328457832336]]]"
nb_s233025_mpnn_1_IL3,"[[0.886894702911377, 0.30854690074920654]]","[[[0.886894702911377, 0.1839958131313324], [0.33789700269699097, 0.30854690074920654]]]","[[0.912986159324646, 0.4253407418727875]]","[[[0.912986159324646, 0.4155138432979584], [0.5450972318649292, 0.4253407418727875]]]"
nb_s233025_mpnn_2_IL3,"[[0.9051591157913208, 0.31924694776535034]]","[[[0.9051591157913208, 0.19609446823596954], [0.3965829014778137, 0.31924694776535034]]]","[[0.9023550152778625, 0.3126741647720337]]","[[[0.9023550152778625, 0.20410548150539398], [0.35754212737083435, 0.3126741647720337]]]"
nb_s666722_mpnn_1_IL3,"[[0.9305340647697449, 0.32415294647216797]]","[[[0.9305340647697449, 0.16710740327835083], [0.11736152321100235, 0.32415294647216797]]]","[[0.9304994344711304, 0.3200082778930664]]","[[[0.9304994344711304, 0.17257839441299438], [0.15820151567459106, 0.3200082778930664]]]"
nb_s666722_mpnn_2_IL3,"[[0.9262535572052002, 0.3108150064945221]]","[[[0.9262535572052002, 0.16214865446090698], [0.11755736172199249, 0.3108150064945221]]]","[[0.9298258423805237, 0.308846652507782]]","[[[0.9298258423805237, 0.19872638583183289], [0.28183117508888245, 0.308846652507782]]]"
nb_s645924_mpnn_3_IL3,"[[0.9267153143882751, 0.3247080445289612]]","[[[0.9267153143882751, 0.16489951312541962], [0.11499419808387756, 0.3247080445289612]]]","[[0.9278116822242737, 0.32752561569213867]]","[[[0.9278116822242737, 0.22134630382061005], [0.2855750322341919, 0.32752561569213867]]]"
nb_s609713_mpnn_4_IL3,"[[0.9314718842506409, 0.3203850984573364]]","[[[0.9314718842506409, 0.14916305243968964], [0.16382086277008057, 0.3203850984573364]]]","[[0.9296711683273315, 0.3583967685699463]]","[[[0.9296711683273315, 0.2901882529258728], [0.272247850894928, 0.3583967685699463]]]"
nb_s792926_mpnn_4_IL3,"[[0.9283533692359924, 0.29932138323783875]]","[[[0.9283533692359924, 0.1556330770254135], [0.11223816126585007, 0.29932138323783875]]]","[[0.928989589214325, 0.3258410692214966]]","[[[0.928989589214325, 0.2171863317489624], [0.22214409708976746, 0.3258410692214966]]]"
nb_s792926_mpnn_5_IL3,"[[0.9123268127441406, 0.3100912570953369]]","[[[0.9123268127441406, 0.15511466562747955], [0.095319002866745, 0.3100912570953369]]]","[[0.9232720136642456, 0.3527939021587372]]","[[[0.9232720136642456, 0.2567855715751648], [0.3306792676448822, 0.3527939021587372]]]"
nb_s807208_mpnn_5_IL3,"[[0.9054760336875916, 0.3069967031478882]]","[[[0.9054760336875916, 0.19867943227291107], [0.15514856576919556, 0.3069967031478882]]]","[[0.9127032160758972, 0.38367408514022827]]","[[[0.9127032160758972, 0.32148313522338867], [0.43164756894111633, 0.38367408514022827]]]"
nb_s358395_mpnn_2_IL3,"[[0.9102247357368469, 0.3101133406162262]]","[[[0.9102247357368469, 0.13879109919071198], [0.12798582017421722, 0.3101133406162262]]]","[[0.9065845608711243, 0.4492049515247345]]","[[[0.9065845608711243, 0.37998631596565247], [0.4447849690914154, 0.4492049515247345]]]"
nb_s556135_mpnn_1_IL3,"[[0.9114099144935608, 0.3088812232017517]]","[[[0.9114099144935608, 0.14161212742328644], [0.1397337019443512, 0.3088812232017517]]]","[[0.9284034371376038, 0.3647526204586029]]","[[[0.9284034371376038, 0.2715758681297302], [0.2731955349445343, 0.3647526204586029]]]"
nb_s556135_mpnn_2_IL3,"[[0.9052169322967529, 0.3086800277233124]]","[[[0.9052169322967529, 0.19824513792991638], [0.34380003809928894, 0.3086800277233124]]]","[[0.906980037689209, 0.3252770006656647]]","[[[0.906980037689209, 0.24924282729625702], [0.23495958745479584, 0.3252770006656647]]]"
nb_s358395_mpnn_3_IL3,"[[0.8865804672241211, 0.31336790323257446]]","[[[0.8865804672241211, 0.13981223106384277], [0.09303803741931915, 0.31336790323257446]]]","[[0.8983389735221863, 0.39037418365478516]]","[[[0.8983389735221863, 0.24108201265335083], [0.18952512741088867, 0.39037418365478516]]]"
nb_s604314_mpnn_3_IL3,"[[0.9148014187812805, 0.30650603771209717]]","[[[0.9148014187812805, 0.19109420478343964], [0.14595291018486023, 0.30650603771209717]]]","[[0.9200609922409058, 0.3398335576057434]]","[[[0.9200609922409058, 0.26612943410873413], [0.38616323471069336, 0.3398335576057434]]]"
nb_s877988_mpnn_3_IL3,"[[0.9160007238388062, 0.3045523762702942]]","[[[0.9160007238388062, 0.19558987021446228], [0.1462114155292511, 0.3045523762702942]]]","[[0.9133774638175964, 0.32701486349105835]]","[[[0.9133774638175964, 0.24647240340709686], [0.3464568853378296, 0.32701486349105835]]]"
nb_s283003_mpnn_2_IL3,"[[0.9124813079833984, 0.3049454391002655]]","[[[0.9124813079833984, 0.18479563295841217], [0.2447035312652588, 0.3049454391002655]]]","[[0.9144966006278992, 0.36532464623451233]]","[[[0.9144966006278992, 0.3063064217567444], [0.32972902059555054, 0.36532464623451233]]]"
nb_s283003_mpnn_3_IL3,"[[0.9116974472999573, 0.30021151900291443]]","[[[0.9116974472999573, 0.19132700562477112], [0.26791295409202576, 0.30021151900291443]]]","[[0.9083293676376343, 0.3266414999961853]]","[[[0.9083293676376343, 0.1694164127111435], [0.14400571584701538, 0.3266414999961853]]]"
nb_s807688_mpnn_3_IL3,"[[0.9254599809646606, 0.3135281205177307]]","[[[0.9254599809646606, 0.14925608038902283], [0.14012205600738525, 0.3135281205177307]]]","[[0.9302124381065369, 0.32417017221450806]]","[[[0.9302124381065369, 0.23609742522239685], [0.21338516473770142, 0.32417017221450806]]]"
nb_s81839_mpnn_1_IL3,"[[0.932991623878479, 0.30540135502815247]]","[[[0.932991623878479, 0.16908086836338043], [0.1271468698978424, 0.30540135502815247]]]","[[0.9262250661849976, 0.34552645683288574]]","[[[0.9262250661849976, 0.2893182635307312], [0.3355395197868347, 0.34552645683288574]]]"
nb_s81839_mpnn_3_IL3,"[[0.9333505630493164, 0.3384360373020172]]","[[[0.9333505630493164, 0.22589975595474243], [0.3639697730541229, 0.3384360373020172]]]","[[0.933357834815979, 0.4189523160457611]]","[[[0.933357834815979, 0.261619508266449], [0.24458244442939758, 0.4189523160457611]]]"
nb_s206830_mpnn_1_IL3,"[[0.8940142393112183, 0.32485535740852356]]","[[[0.8940142393112183, 0.17937491834163666], [0.2032047063112259, 0.32485535740852356]]]","[[0.9056287407875061, 0.4243307411670685]]","[[[0.9056287407875061, 0.34836140275001526], [0.5064935684204102, 0.4243307411670685]]]"
nb_s289628_mpnn_1_IL3,"[[0.8995067477226257, 0.3108181059360504]]","[[[0.8995067477226257, 0.13794544339179993], [0.10029491782188416, 0.3108181059360504]]]","[[0.9415783882141113, 0.35994306206703186]]","[[[0.9415783882141113, 0.3200511634349823], [0.2766040563583374, 0.35994306206703186]]]"
nb_s450006_mpnn_3_IL3,"[[0.9439668655395508, 0.34328973293304443]]","[[[0.9439668655395508, 0.30651208758354187], [0.6521064639091492, 0.34328973293304443]]]","[[0.9382505416870117, 0.3133952021598816]]","[[[0.9382505416870117, 0.23200462758541107], [0.5409131646156311, 0.3133952021598816]]]"
nb_s483532_mpnn_3_IL3,"[[0.9177330136299133, 0.3119477331638336]]","[[[0.9177330136299133, 0.18992561101913452], [0.19310089945793152, 0.3119477331638336]]]","[[0.8955833315849304, 0.37370485067367554]]","[[[0.8955833315849304, 0.336432546377182], [0.43472567200660706, 0.37370485067367554]]]"
nb_s754136_mpnn_1_IL3,"[[0.915913462638855, 0.30611225962638855]]","[[[0.915913462638855, 0.19662858545780182], [0.37314850091934204, 0.30611225962638855]]]","[[0.8876147270202637, 0.35547423362731934]]","[[[0.8876147270202637, 0.2808455228805542], [0.267188161611557, 0.35547423362731934]]]"
nb_s327251_mpnn_3_IL3,"[[0.9379221796989441, 0.31880393624305725]]","[[[0.9379221796989441, 0.1682867407798767], [0.17679551243782043, 0.31880393624305725]]]","[[0.9419461488723755, 0.3287261426448822]]","[[[0.9419461488723755, 0.29001230001449585], [0.3683510720729828, 0.3287261426448822]]]"
nb_s327251_mpnn_4_IL3,"[[0.9363895058631897, 0.3209771513938904]]","[[[0.9363895058631897, 0.15401719510555267], [0.1651977151632309, 0.3209771513938904]]]","[[0.9386395812034607, 0.3255322277545929]]","[[[0.9386395812034607, 0.23230062425136566], [0.2504429519176483, 0.3255322277545929]]]"
nb_s24110_mpnn_5_IL3,"[[0.8925902843475342, 0.3236672580242157]]","[[[0.8925902843475342, 0.1511264145374298], [0.10221223533153534, 0.3236672580242157]]]","[[0.8975470662117004, 0.318526953458786]]","[[[0.8975470662117004, 0.21037891507148743], [0.2146856188774109, 0.318526953458786]]]"
nb_s105046_mpnn_2_IL3,"[[0.9269569516181946, 0.3172776699066162]]","[[[0.9269569516181946, 0.16429194808006287], [0.19603586196899414, 0.3172776699066162]]]","[[0.9257946014404297, 0.36133983731269836]]","[[[0.9257946014404297, 0.2954653203487396], [0.28456711769104004, 0.36133983731269836]]]"
nb_s141576_mpnn_4_IL3,"[[0.9207597970962524, 0.318598210811615]]","[[[0.9207597970962524, 0.1252315789461136], [0.07552729547023773, 0.318598210811615]]]","[[0.8723065853118896, 0.36237967014312744]]","[[[0.8723065853118896, 0.2550244927406311], [0.3007242679595947, 0.36237967014312744]]]"
nb_s614599_mpnn_3_IL3,"[[0.9048585295677185, 0.30283820629119873]]","[[[0.9048585295677185, 0.14608657360076904], [0.09263119101524353, 0.30283820629119873]]]","[[0.9123450517654419, 0.39393144845962524]]","[[[0.9123450517654419, 0.31945180892944336], [0.37292739748954773, 0.39393144845962524]]]"
nb_s182729_mpnn_5_IL3,"[[0.9076899290084839, 0.30495065450668335]]","[[[0.9076899290084839, 0.18556593358516693], [0.19142256677150726, 0.30495065450668335]]]","[[0.9307519197463989, 0.36889803409576416]]","[[[0.9307519197463989, 0.3806361258029938], [0.6315258741378784, 0.36889803409576416]]]"
nb_s310510_mpnn_2_IL3,"[[0.9135240912437439, 0.3097091615200043]]","[[[0.9135240912437439, 0.14866343140602112], [0.09991000592708588, 0.3097091615200043]]]","[[0.9161140322685242, 0.315726637840271]]","[[[0.9161140322685242, 0.20911605656147003], [0.20076343417167664, 0.315726637840271]]]"
nb_s870461_mpnn_2_IL3,"[[0.9208643436431885, 0.3152395486831665]]","[[[0.9208643436431885, 0.16586294770240784], [0.11843451857566833, 0.3152395486831665]]]","[[0.9161133766174316, 0.33048948645591736]]","[[[0.9161133766174316, 0.2394624948501587], [0.2096860259771347, 0.33048948645591736]]]"
nb_s870461_mpnn_4_IL3,"[[0.8912906050682068, 0.31296706199645996]]","[[[0.8912906050682068, 0.16589686274528503], [0.1225915402173996, 0.31296706199645996]]]","[[0.9035822153091431, 0.50124192237854]]","[[[0.9035822153091431, 0.42644888162612915], [0.46400952339172363, 0.50124192237854]]]"
nb_s459933_mpnn_3_IL3,"[[0.9259481430053711, 0.3110294044017792]]","[[[0.9259481430053711, 0.18434421718120575], [0.2842717468738556, 0.3110294044017792]]]","[[0.9208347201347351, 0.36408451199531555]]","[[[0.9208347201347351, 0.21932342648506165], [0.18439415097236633, 0.36408451199531555]]]"
nb_s768471_mpnn_1_IL3,"[[0.9047911763191223, 0.31238996982574463]]","[[[0.9047911763191223, 0.1662461757659912], [0.12204445153474808, 0.31238996982574463]]]","[[0.9177975058555603, 0.3128410577774048]]","[[[0.9177975058555603, 0.2266402244567871], [0.1782774031162262, 0.3128410577774048]]]"
nb_s1156_mpnn_5_IL3,"[[0.9112544059753418, 0.3025514781475067]]","[[[0.9112544059753418, 0.15585842728614807], [0.13096895813941956, 0.3025514781475067]]]","[[0.9252890348434448, 0.32666653394699097]]","[[[0.9252890348434448, 0.21141350269317627], [0.18262308835983276, 0.32666653394699097]]]"
nb_s541171_mpnn_1_IL3,"[[0.8951804041862488, 0.29923921823501587]]","[[[0.8951804041862488, 0.16175062954425812], [0.1397169977426529, 0.29923921823501587]]]","[[0.9038171768188477, 0.3062840402126312]]","[[[0.9038171768188477, 0.22197766602039337], [0.21463404595851898, 0.3062840402126312]]]"
nb_s140867_mpnn_3_IL3,"[[0.8969659805297852, 0.3180726170539856]]","[[[0.8969659805297852, 0.17678990960121155], [0.3305988311767578, 0.3180726170539856]]]","[[0.8994718790054321, 0.31425267457962036]]","[[[0.8994718790054321, 0.24081003665924072], [0.19574376940727234, 0.31425267457962036]]]"
nb_s183327_mpnn_2_IL3,"[[0.9257590770721436, 0.3150365352630615]]","[[[0.9257590770721436, 0.14499083161354065], [0.18156076967716217, 0.3150365352630615]]]","[[0.926373302936554, 0.3197040855884552]]","[[[0.926373302936554, 0.20758569240570068], [0.28466057777404785, 0.3197040855884552]]]"
nb_s2898_mpnn_1_IL3,"[[0.901265025138855, 0.31788498163223267]]","[[[0.901265025138855, 0.16097554564476013], [0.10821995884180069, 0.31788498163223267]]]","[[0.8975844979286194, 0.31653714179992676]]","[[[0.8975844979286194, 0.1773361712694168], [0.15538249909877777, 0.31653714179992676]]]"
nb_s923023_mpnn_1_IL3,"[[0.9322948455810547, 0.31179845333099365]]","[[[0.9322948455810547, 0.17273341119289398], [0.12064609676599503, 0.31179845333099365]]]","[[0.9254831671714783, 0.3426577150821686]]","[[[0.9254831671714783, 0.2120838314294815], [0.1369544267654419, 0.3426577150821686]]]"
nb_s299548_mpnn_5_IL20,"[[0.9189976453781128, 0.9099707007408142]]","[[[0.9189976453781128, 0.7307623028755188], [0.7487884163856506, 0.9099707007408142]]]","[[0.9095485806465149, 0.8873692154884338]]","[[[0.9095485806465149, 0.3036508560180664], [0.26714569330215454, 0.8873692154884338]]]"
nb_s33838_mpnn_1_IL20,"[[0.926169753074646, 0.9032494425773621]]","[[[0.926169753074646, 0.6714687943458557], [0.6612789630889893, 0.9032494425773621]]]","[[0.918820321559906, 0.8901045918464661]]","[[[0.918820321559906, 0.38728421926498413], [0.32604649662971497, 0.8901045918464661]]]"
nb_s33838_mpnn_3_IL20,"[[0.9254116415977478, 0.8958558440208435]]","[[[0.9254116415977478, 0.30008813738822937], [0.2681044042110443, 0.8958558440208435]]]","[[0.9151225090026855, 0.8819133043289185]]","[[[0.9151225090026855, 0.33252522349357605], [0.2801886200904846, 0.8819133043289185]]]"
nb_s390940_mpnn_2_IL20,"[[0.8563446402549744, 0.8977494239807129]]","[[[0.8563446402549744, 0.23230211436748505], [0.1793476641178131, 0.8977494239807129]]]","[[0.8632501363754272, 0.8883818984031677]]","[[[0.8632501363754272, 0.2515427768230438], [0.20560696721076965, 0.8883818984031677]]]"
nb_s390940_mpnn_4_IL20,"[[0.8581657409667969, 0.8935913443565369]]","[[[0.8581657409667969, 0.2288895547389984], [0.18193937838077545, 0.8935913443565369]]]","[[0.8531495332717896, 0.8953556418418884]]","[[[0.8531495332717896, 0.22656400501728058], [0.20536445081233978, 0.8953556418418884]]]"
nb_s403539_mpnn_3_IL20,"[[0.8722302317619324, 0.8907914161682129]]","[[[0.8722302317619324, 0.5161380767822266], [0.45096296072006226, 0.8907914161682129]]]","[[0.8689974546432495, 0.8585976362228394]]","[[[0.8689974546432495, 0.30527645349502563], [0.2682492434978485, 0.8585976362228394]]]"
nb_s410453_mpnn_5_IL20,"[[0.9134790897369385, 0.9100771546363831]]","[[[0.9134790897369385, 0.791377067565918], [0.7620024681091309, 0.9100771546363831]]]","[[0.8806321620941162, 0.8748092651367188]]","[[[0.8806321620941162, 0.4670352339744568], [0.45264220237731934, 0.8748092651367188]]]"
nb_s410453_mpnn_2_IL20,"[[0.9232272505760193, 0.9050625562667847]]","[[[0.9232272505760193, 0.7826474905014038], [0.7595034241676331, 0.9050625562667847]]]","[[0.9026139378547668, 0.8968676924705505]]","[[[0.9026139378547668, 0.7284873127937317], [0.6791806221008301, 0.8968676924705505]]]"
nb_s473012_mpnn_5_IL20,"[[0.9302408695220947, 0.9156988859176636]]","[[[0.9302408695220947, 0.8261057734489441], [0.7837562561035156, 0.9156988859176636]]]","[[0.9268478751182556, 0.9001873731613159]]","[[[0.9268478751182556, 0.7250136137008667], [0.7003004550933838, 0.9001873731613159]]]"
nb_s530943_mpnn_3_IL20,"[[0.9220076203346252, 0.921592652797699]]","[[[0.9220076203346252, 0.7427138090133667], [0.7291510701179504, 0.921592652797699]]]","[[0.8987375497817993, 0.8964913487434387]]","[[[0.8987375497817993, 0.6043227910995483], [0.6415386199951172, 0.8964913487434387]]]"
nb_s563170_mpnn_3_IL20,"[[0.9006624221801758, 0.8902478814125061]]","[[[0.9006624221801758, 0.4302334189414978], [0.3971700370311737, 0.8902478814125061]]]","[[0.8927923440933228, 0.8758866786956787]]","[[[0.8927923440933228, 0.36759793758392334], [0.3152696490287781, 0.8758866786956787]]]"
nb_s771809_mpnn_3_IL20,"[[0.9254820346832275, 0.9069249629974365]]","[[[0.9254820346832275, 0.36327457427978516], [0.3472979664802551, 0.9069249629974365]]]","[[0.9253930449485779, 0.8972558379173279]]","[[[0.9253930449485779, 0.4249061942100525], [0.3955003023147583, 0.8972558379173279]]]"
nb_s785824_mpnn_3_IL20,"[[0.872059166431427, 0.886475145816803]]","[[[0.872059166431427, 0.24378517270088196], [0.2128644585609436, 0.886475145816803]]]","[[0.8773014545440674, 0.8919269442558289]]","[[[0.8773014545440674, 0.42484670877456665], [0.4024314284324646, 0.8919269442558289]]]"
nb_s785824_mpnn_2_IL20,"[[0.8754573464393616, 0.8869303464889526]]","[[[0.8754573464393616, 0.24374565482139587], [0.21993017196655273, 0.8869303464889526]]]","[[0.874955415725708, 0.8870334625244141]]","[[[0.874955415725708, 0.25152963399887085], [0.2093643695116043, 0.8870334625244141]]]"
nb_s103722_mpnn_4_IL20,"[[0.8735777139663696, 0.8897836804389954]]","[[[0.8735777139663696, 0.2801356613636017], [0.21890321373939514, 0.8897836804389954]]]","[[0.8587068915367126, 0.887911856174469]]","[[[0.8587068915367126, 0.29343220591545105], [0.21865767240524292, 0.887911856174469]]]"
nb_s148672_mpnn_1_IL20,"[[0.8870939016342163, 0.893119752407074]]","[[[0.8870939016342163, 0.5064263939857483], [0.48915165662765503, 0.893119752407074]]]","[[0.8827234506607056, 0.8934616446495056]]","[[[0.8827234506607056, 0.3893442749977112], [0.36440885066986084, 0.8934616446495056]]]"
nb_s169413_mpnn_5_IL20,"[[0.9065913558006287, 0.9163249135017395]]","[[[0.9065913558006287, 0.7216607332229614], [0.7427753806114197, 0.9163249135017395]]]","[[0.8668215274810791, 0.8982048630714417]]","[[[0.8668215274810791, 0.25459203124046326], [0.23974208533763885, 0.8982048630714417]]]"
nb_s80385_mpnn_2_IL20,"[[0.9116378426551819, 0.9158247709274292]]","[[[0.9116378426551819, 0.7496314644813538], [0.7680379748344421, 0.9158247709274292]]]","[[0.853579580783844, 0.8837547302246094]]","[[[0.853579580783844, 0.3262476325035095], [0.28801852464675903, 0.8837547302246094]]]"
nb_s837885_mpnn_1_IL20,"[[0.93625807762146, 0.9107331037521362]]","[[[0.93625807762146, 0.7483868598937988], [0.7418116331100464, 0.9107331037521362]]]","[[0.9348701238632202, 0.9119158387184143]]","[[[0.9348701238632202, 0.7481764554977417], [0.7517497539520264, 0.9119158387184143]]]"
nb_s874243_mpnn_2_IL20,"[[0.9313973784446716, 0.9128996729850769]]","[[[0.9313973784446716, 0.7627925276756287], [0.817314624786377, 0.9128996729850769]]]","[[0.9012649059295654, 0.8983733654022217]]","[[[0.9012649059295654, 0.32086238265037537], [0.3304234743118286, 0.8983733654022217]]]"
nb_s874243_mpnn_5_IL20,"[[0.9291567206382751, 0.9127455949783325]]","[[[0.9291567206382751, 0.7590402364730835], [0.8099113702774048, 0.9127455949783325]]]","[[0.9049217104911804, 0.841924786567688]]","[[[0.9049217104911804, 0.5885658860206604], [0.6472242474555969, 0.841924786567688]]]"
nb_s913468_mpnn_2_IL20,"[[0.9323552846908569, 0.9127722978591919]]","[[[0.9323552846908569, 0.7579236030578613], [0.7270992994308472, 0.9127722978591919]]]","[[0.9067907333374023, 0.8606300950050354]]","[[[0.9067907333374023, 0.2826504707336426], [0.2431308627128601, 0.8606300950050354]]]"
nb_s913468_mpnn_5_IL20,"[[0.9144068360328674, 0.903213620185852]]","[[[0.9144068360328674, 0.6421226263046265], [0.628386378288269, 0.903213620185852]]]","[[0.9037840366363525, 0.890058159828186]]","[[[0.9037840366363525, 0.29599887132644653], [0.2320299744606018, 0.890058159828186]]]"
nb_s921313_mpnn_2_IL20,"[[0.9035293459892273, 0.9121023416519165]]","[[[0.9035293459892273, 0.660569429397583], [0.7107309103012085, 0.9121023416519165]]]","[[0.8779105544090271, 0.8842687010765076]]","[[[0.8779105544090271, 0.2841956317424774], [0.2768637537956238, 0.8842687010765076]]]"
nb_s201653_mpnn_1_IL20,"[[0.9008649587631226, 0.9021403193473816]]","[[[0.9008649587631226, 0.3327351212501526], [0.2972746789455414, 0.9021403193473816]]]","[[0.9125317335128784, 0.889473021030426]]","[[[0.9125317335128784, 0.3867863714694977], [0.3286903202533722, 0.889473021030426]]]"
nb_s296830_mpnn_3_IL20,"[[0.9188747406005859, 0.9145373702049255]]","[[[0.9188747406005859, 0.7555849552154541], [0.7483240365982056, 0.9145373702049255]]]","[[0.9067869186401367, 0.8987430334091187]]","[[[0.9067869186401367, 0.31071600317955017], [0.2949652075767517, 0.8987430334091187]]]"
nb_s2975_mpnn_1_IL20,"[[0.9177905321121216, 0.9172475934028625]]","[[[0.9177905321121216, 0.7078653573989868], [0.7713106274604797, 0.9172475934028625]]]","[[0.8820207715034485, 0.8760161399841309]]","[[[0.8820207715034485, 0.25015896558761597], [0.22102414071559906, 0.8760161399841309]]]"
nb_s434952_mpnn_1_IL20,"[[0.9276279807090759, 0.9047858119010925]]","[[[0.9276279807090759, 0.6273061037063599], [0.6103307008743286, 0.9047858119010925]]]","[[0.909859299659729, 0.8747274875640869]]","[[[0.909859299659729, 0.4077720046043396], [0.34939420223236084, 0.8747274875640869]]]"
nb_s566504_mpnn_1_IL20,"[[0.9201197624206543, 0.9094972014427185]]","[[[0.9201197624206543, 0.6907634139060974], [0.6634539365768433, 0.9094972014427185]]]","[[0.9030000567436218, 0.5721108317375183]]","[[[0.9030000567436218, 0.3373107314109802], [0.34033140540122986, 0.5721108317375183]]]"
nb_s566504_mpnn_5_IL20,"[[0.9186872243881226, 0.9095838665962219]]","[[[0.9186872243881226, 0.6963940858840942], [0.6606482863426208, 0.9095838665962219]]]","[[0.9176282286643982, 0.9122815728187561]]","[[[0.9176282286643982, 0.6812357902526855], [0.6159497499465942, 0.9122815728187561]]]"
nb_s607831_mpnn_3_IL20,"[[0.8708493709564209, 0.8985686302185059]]","[[[0.8708493709564209, 0.17709572613239288], [0.13696326315402985, 0.8985686302185059]]]","[[0.922570526599884, 0.9004228711128235]]","[[[0.922570526599884, 0.5759302973747253], [0.5659283995628357, 0.9004228711128235]]]"
nb_s607831_mpnn_5_IL20,"[[0.8686810731887817, 0.8966843485832214]]","[[[0.8686810731887817, 0.2042723298072815], [0.16593390703201294, 0.8966843485832214]]]","[[0.8694713711738586, 0.8942388296127319]]","[[[0.8694713711738586, 0.37652891874313354], [0.37767815589904785, 0.8942388296127319]]]"
nb_s64546_mpnn_3_IL20,"[[0.9275739192962646, 0.9116410613059998]]","[[[0.9275739192962646, 0.754560112953186], [0.771133303642273, 0.9116410613059998]]]","[[0.9157039523124695, 0.8725332617759705]]","[[[0.9157039523124695, 0.336637020111084], [0.2714979350566864, 0.8725332617759705]]]"
nb_s64546_mpnn_1_IL20,"[[0.9276716113090515, 0.9101001620292664]]","[[[0.9276716113090515, 0.7575003504753113], [0.7795889377593994, 0.9101001620292664]]]","[[0.9167359471321106, 0.8969140648841858]]","[[[0.9167359471321106, 0.4659627676010132], [0.4389459788799286, 0.8969140648841858]]]"
nb_s648479_mpnn_1_IL20,"[[0.9024609923362732, 0.9068647027015686]]","[[[0.9024609923362732, 0.6265828609466553], [0.6102935075759888, 0.9068647027015686]]]","[[0.8851932883262634, 0.8766738772392273]]","[[[0.8851932883262634, 0.2923389971256256], [0.25904935598373413, 0.8766738772392273]]]"
nb_s689267_mpnn_1_IL20,"[[0.9275493025779724, 0.9242343306541443]]","[[[0.9275493025779724, 0.8108723163604736], [0.7771464586257935, 0.9242343306541443]]]","[[0.9113559722900391, 0.89007568359375]]","[[[0.9113559722900391, 0.28127017617225647], [0.2226274460554123, 0.89007568359375]]]"
nb_s689267_mpnn_2_IL20,"[[0.9295380115509033, 0.9254332780838013]]","[[[0.9295380115509033, 0.8096867203712463], [0.7802870273590088, 0.9254332780838013]]]","[[0.9277514219284058, 0.9267187118530273]]","[[[0.9277514219284058, 0.8160073757171631], [0.7803899049758911, 0.9267187118530273]]]"
nb_s713450_mpnn_2_IL20,"[[0.9204038977622986, 0.9216104745864868]]","[[[0.9204038977622986, 0.7872880697250366], [0.7961449027061462, 0.9216104745864868]]]","[[0.8832447528839111, 0.6699485182762146]]","[[[0.8832447528839111, 0.31880420446395874], [0.2876351475715637, 0.6699485182762146]]]"
nb_s717713_mpnn_4_IL20,"[[0.9224578142166138, 0.9212643504142761]]","[[[0.9224578142166138, 0.7596496343612671], [0.8280993700027466, 0.9212643504142761]]]","[[0.872429370880127, 0.870311975479126]]","[[[0.872429370880127, 0.30485397577285767], [0.2886410653591156, 0.870311975479126]]]"
nb_s717713_mpnn_2_IL20,"[[0.9254798293113708, 0.9217395186424255]]","[[[0.9254798293113708, 0.7854169011116028], [0.8388934135437012, 0.9217395186424255]]]","[[0.9039736986160278, 0.8042025566101074]]","[[[0.9039736986160278, 0.2737880051136017], [0.21692869067192078, 0.8042025566101074]]]"
nb_s752383_mpnn_5_IL20,"[[0.9225444793701172, 0.9161826968193054]]","[[[0.9225444793701172, 0.8140199184417725], [0.8062699437141418, 0.9161826968193054]]]","[[0.8996588587760925, 0.6386994123458862]]","[[[0.8996588587760925, 0.29842472076416016], [0.2651934325695038, 0.6386994123458862]]]"
nb_s752383_mpnn_3_IL20,"[[0.9307711720466614, 0.9149044156074524]]","[[[0.9307711720466614, 0.8189113140106201], [0.8164371848106384, 0.9149044156074524]]]","[[0.908500611782074, 0.6611611843109131]]","[[[0.908500611782074, 0.36853352189064026], [0.37306153774261475, 0.6611611843109131]]]"
nb_s713450_mpnn_1_IL20,"[[0.9032222628593445, 0.920865535736084]]","[[[0.9032222628593445, 0.7359820604324341], [0.7671495676040649, 0.920865535736084]]]","[[0.8891141414642334, 0.891840934753418]]","[[[0.8891141414642334, 0.350475937128067], [0.3195817470550537, 0.891840934753418]]]"
nb_s417721_mpnn_3_BHRF,"[[0.9240440130233765, 0.9361382722854614]]","[[[0.9240440130233765, 0.8541446924209595], [0.8330920338630676, 0.9361382722854614]]]","[[0.9250538349151611, 0.9364055395126343]]","[[[0.9250538349151611, 0.8552038669586182], [0.8373087644577026, 0.9364055395126343]]]"
nb_s795450_mpnn_4_BHRF,"[[0.8900174498558044, 0.9166088104248047]]","[[[0.8900174498558044, 0.4578523635864258], [0.43302980065345764, 0.9166088104248047]]]","[[0.9236509799957275, 0.9088115692138672]]","[[[0.9236509799957275, 0.6881296038627625], [0.7337636351585388, 0.9088115692138672]]]"
nb_s55152_mpnn_1_BHRF,"[[0.8893850445747375, 0.8888815641403198]]","[[[0.8893850445747375, 0.4971938729286194], [0.562510073184967, 0.8888815641403198]]]","[[0.8699175715446472, 0.8985192775726318]]","[[[0.8699175715446472, 0.585614800453186], [0.64326012134552, 0.8985192775726318]]]"
nb_s802159_mpnn_2_BHRF,"[[0.9222884774208069, 0.927998423576355]]","[[[0.9222884774208069, 0.8032509088516235], [0.7443603873252869, 0.927998423576355]]]","[[0.9239568710327148, 0.9319921731948853]]","[[[0.9239568710327148, 0.8206658363342285], [0.7558350563049316, 0.9319921731948853]]]"
nb_s506400_mpnn_4_BHRF,"[[0.8821675777435303, 0.9115511178970337]]","[[[0.8821675777435303, 0.32241323590278625], [0.27771323919296265, 0.9115511178970337]]]","[[0.8851889371871948, 0.9191941618919373]]","[[[0.8851889371871948, 0.378764271736145], [0.34431135654449463, 0.9191941618919373]]]"
nb_s949322_mpnn_4_BHRF,"[[0.8663344979286194, 0.9087797403335571]]","[[[0.8663344979286194, 0.255534827709198], [0.21901580691337585, 0.9087797403335571]]]","[[0.8703155517578125, 0.9116320013999939]]","[[[0.8703155517578125, 0.48192840814590454], [0.4980807900428772, 0.9116320013999939]]]"
nb_s453654_mpnn_2_BHRF,"[[0.92667555809021, 0.9376534819602966]]","[[[0.92667555809021, 0.8238356113433838], [0.775550127029419, 0.9376534819602966]]]","[[0.9233078956604004, 0.9401066303253174]]","[[[0.9233078956604004, 0.8390278816223145], [0.7934153079986572, 0.9401066303253174]]]"
nb_s175477_mpnn_2_BHRF,"[[0.8859784603118896, 0.9133636951446533]]","[[[0.8859784603118896, 0.32315972447395325], [0.30682265758514404, 0.9133636951446533]]]","[[0.8862434029579163, 0.9145901203155518]]","[[[0.8862434029579163, 0.4044955372810364], [0.39415210485458374, 0.9145901203155518]]]"
nb_s293208_mpnn_4_BHRF,"[[0.9025989770889282, 0.9078212380409241]]","[[[0.9025989770889282, 0.20985646545886993], [0.16013984382152557, 0.9078212380409241]]]","[[0.9096266031265259, 0.9178218841552734]]","[[[0.9096266031265259, 0.7367386817932129], [0.6679257154464722, 0.9178218841552734]]]"
nb_s949322_mpnn_2_BHRF,"[[0.8458000421524048, 0.9029377698898315]]","[[[0.8458000421524048, 0.23980817198753357], [0.18299487233161926, 0.9029377698898315]]]","[[0.8611276149749756, 0.9131630659103394]]","[[[0.8611276149749756, 0.4131283164024353], [0.41627663373947144, 0.9131630659103394]]]"
nb_s664067_mpnn_3_BHRF,"[[0.8880468606948853, 0.8967247009277344]]","[[[0.8880468606948853, 0.3012947738170624], [0.2615201771259308, 0.8967247009277344]]]","[[0.9126681089401245, 0.9239940643310547]]","[[[0.9126681089401245, 0.7397761940956116], [0.7721202969551086, 0.9239940643310547]]]"
nb_s830050_mpnn_4_BHRF,"[[0.9177271127700806, 0.9363890886306763]]","[[[0.9177271127700806, 0.8397052884101868], [0.7721601128578186, 0.9363890886306763]]]","[[0.917850136756897, 0.9369301199913025]]","[[[0.917850136756897, 0.8410019874572754], [0.7720801830291748, 0.9369301199913025]]]"
nb_s648756_mpnn_3_BHRF,"[[0.8984969854354858, 0.9108719229698181]]","[[[0.8984969854354858, 0.3110046088695526], [0.2734605669975281, 0.9108719229698181]]]","[[0.914251983165741, 0.9210930466651917]]","[[[0.914251983165741, 0.6787870526313782], [0.7147121429443359, 0.9210930466651917]]]"
nb_s596199_mpnn_2_BHRF,"[[0.8846518397331238, 0.9080959558486938]]","[[[0.8846518397331238, 0.4153805077075958], [0.372444748878479, 0.9080959558486938]]]","[[0.9293239116668701, 0.929409384727478]]","[[[0.9293239116668701, 0.841499924659729], [0.7770832180976868, 0.929409384727478]]]"
nb_s596199_mpnn_3_BHRF,"[[0.8857761025428772, 0.910551905632019]]","[[[0.8857761025428772, 0.5321979522705078], [0.49787306785583496, 0.910551905632019]]]","[[0.9290016889572144, 0.9328427910804749]]","[[[0.9290016889572144, 0.8436951041221619], [0.7817494869232178, 0.9328427910804749]]]"
nb_s648756_mpnn_1_BHRF,"[[0.8972947001457214, 0.902736246585846]]","[[[0.8972947001457214, 0.24419650435447693], [0.19518724083900452, 0.902736246585846]]]","[[0.9153183102607727, 0.922703206539154]]","[[[0.9153183102607727, 0.6749938726425171], [0.7079715728759766, 0.922703206539154]]]"
nb_s983700_mpnn_1_BHRF,"[[0.8850921392440796, 0.9291619658470154]]","[[[0.8850921392440796, 0.7398593425750732], [0.5843915343284607, 0.9291619658470154]]]","[[0.8912460207939148, 0.9345695972442627]]","[[[0.8912460207939148, 0.7942801713943481], [0.6524177193641663, 0.9345695972442627]]]"
nb_s175477_mpnn_4_BHRF,"[[0.8973594903945923, 0.9122209548950195]]","[[[0.8973594903945923, 0.33488336205482483], [0.30900025367736816, 0.9122209548950195]]]","[[0.9172419905662537, 0.925891101360321]]","[[[0.9172419905662537, 0.7914584875106812], [0.7085509896278381, 0.925891101360321]]]"
nb_s877334_mpnn_1_BHRF,"[[0.8943512439727783, 0.9099501967430115]]","[[[0.8943512439727783, 0.6039652228355408], [0.5586025714874268, 0.9099501967430115]]]","[[0.8950493335723877, 0.9147897362709045]]","[[[0.8950493335723877, 0.5432541966438293], [0.4813670814037323, 0.9147897362709045]]]"
nb_s109706_mpnn_2_BHRF,"[[0.9237253665924072, 0.9229375720024109]]","[[[0.9237253665924072, 0.8435201644897461], [0.7946337461471558, 0.9229375720024109]]]","[[0.9260150790214539, 0.9301165342330933]]","[[[0.9260150790214539, 0.8554625511169434], [0.8082846403121948, 0.9301165342330933]]]"
nb_s651199_mpnn_2_BHRF,"[[0.8741400837898254, 0.9120241403579712]]","[[[0.8741400837898254, 0.23143096268177032], [0.19834037125110626, 0.9120241403579712]]]","[[0.8901814222335815, 0.9119641184806824]]","[[[0.8901814222335815, 0.47719210386276245], [0.44897016882896423, 0.9119641184806824]]]"
nb_s558025_mpnn_1_BHRF,"[[0.87407386302948, 0.9095859527587891]]","[[[0.87407386302948, 0.27769964933395386], [0.23717395961284637, 0.9095859527587891]]]","[[0.9075036644935608, 0.9079126119613647]]","[[[0.9075036644935608, 0.5216003060340881], [0.5136798620223999, 0.9079126119613647]]]"
nb_s814263_mpnn_3_BHRF,"[[0.8921377658843994, 0.9011228084564209]]","[[[0.8921377658843994, 0.20231008529663086], [0.1504286825656891, 0.9011228084564209]]]","[[0.8852835893630981, 0.9167805910110474]]","[[[0.8852835893630981, 0.4952433109283447], [0.49982601404190063, 0.9167805910110474]]]"
nb_s983700_mpnn_2_BHRF,"[[0.8622421026229858, 0.9164124131202698]]","[[[0.8622421026229858, 0.35953474044799805], [0.3101096451282501, 0.9164124131202698]]]","[[0.8987595438957214, 0.9335900545120239]]","[[[0.8987595438957214, 0.7900954484939575], [0.6747539043426514, 0.9335900545120239]]]"
nb_s353537_mpnn_1_BHRF,"[[0.8842620849609375, 0.8986625075340271]]","[[[0.8842620849609375, 0.20088255405426025], [0.15792164206504822, 0.8986625075340271]]]","[[0.9176243543624878, 0.9169410467147827]]","[[[0.9176243543624878, 0.7271245718002319], [0.7958246469497681, 0.9169410467147827]]]"
nb_s849285_mpnn_4_BHRF,"[[0.9201146364212036, 0.9084042310714722]]","[[[0.9201146364212036, 0.3079723119735718], [0.273830771446228, 0.9084042310714722]]]","[[0.9224710464477539, 0.9168127179145813]]","[[[0.9224710464477539, 0.7099941968917847], [0.6626735329627991, 0.9168127179145813]]]"
nb_s807321_mpnn_2_BHRF,"[[0.8982944488525391, 0.9154905080795288]]","[[[0.8982944488525391, 0.6906397938728333], [0.6090078949928284, 0.9154905080795288]]]","[[0.8968563079833984, 0.9161868095397949]]","[[[0.8968563079833984, 0.7222611904144287], [0.6286478042602539, 0.9161868095397949]]]"
nb_s204617_mpnn_1_BHRF,"[[0.9170098900794983, 0.9296188950538635]]","[[[0.9170098900794983, 0.8237239718437195], [0.7926609516143799, 0.9296188950538635]]]","[[0.8968307971954346, 0.9152271747589111]]","[[[0.8968307971954346, 0.3509714603424072], [0.32223910093307495, 0.9152271747589111]]]"
nb_s877334_mpnn_2_BHRF,"[[0.9017165303230286, 0.9136346578598022]]","[[[0.9017165303230286, 0.6554276347160339], [0.6157795190811157, 0.9136346578598022]]]","[[0.9216036796569824, 0.9285251498222351]]","[[[0.9216036796569824, 0.802024245262146], [0.8116663694381714, 0.9285251498222351]]]"
nb_s373735_mpnn_2_BHRF,"[[0.9312687516212463, 0.9289246797561646]]","[[[0.9312687516212463, 0.7813900709152222], [0.7869592308998108, 0.9289246797561646]]]","[[0.9311522245407104, 0.9286586046218872]]","[[[0.9311522245407104, 0.7896007299423218], [0.8007733821868896, 0.9286586046218872]]]"
nb_s814263_mpnn_4_BHRF,"[[0.8830041885375977, 0.8996973037719727]]","[[[0.8830041885375977, 0.21021144092082977], [0.15658500790596008, 0.8996973037719727]]]","[[0.8993707299232483, 0.9212312698364258]]","[[[0.8993707299232483, 0.6631360650062561], [0.659386157989502, 0.9212312698364258]]]"
nb_s663598_mpnn_2_BHRF,"[[0.91977858543396, 0.9146677851676941]]","[[[0.91977858543396, 0.6568129062652588], [0.6271762847900391, 0.9146677851676941]]]","[[0.9369155168533325, 0.9312386512756348]]","[[[0.9369155168533325, 0.8765183687210083], [0.8037527799606323, 0.9312386512756348]]]"
nb_s327664_mpnn_4_BHRF,"[[0.9272409677505493, 0.9280273914337158]]","[[[0.9272409677505493, 0.776106059551239], [0.8390540480613708, 0.9280273914337158]]]","[[0.9195931553840637, 0.9353653788566589]]","[[[0.9195931553840637, 0.7917463779449463], [0.8256815075874329, 0.9353653788566589]]]"
nb_s453654_mpnn_1_BHRF,"[[0.8877521753311157, 0.9174791574478149]]","[[[0.8877521753311157, 0.251753568649292], [0.21772097051143646, 0.9174791574478149]]]","[[0.923668384552002, 0.9362990856170654]]","[[[0.923668384552002, 0.8084222078323364], [0.7763569951057434, 0.9362990856170654]]]"
nb_s39537_mpnn_2_BHRF,"[[0.9171784520149231, 0.9315637350082397]]","[[[0.9171784520149231, 0.7981196045875549], [0.7980958223342896, 0.9315637350082397]]]","[[0.9155762791633606, 0.9312960505485535]]","[[[0.9155762791633606, 0.7910293340682983], [0.7954673171043396, 0.9312960505485535]]]"
nb_s105306_mpnn_3_BHRF,"[[0.9163332581520081, 0.9181700944900513]]","[[[0.9163332581520081, 0.5410971641540527], [0.5517560243606567, 0.9181700944900513]]]","[[0.9205971956253052, 0.9215781092643738]]","[[[0.9205971956253052, 0.7132046222686768], [0.7397022247314453, 0.9215781092643738]]]"
nb_s80543_mpnn_1_BHRF,"[[0.9095703959465027, 0.919889509677887]]","[[[0.9095703959465027, 0.6313263773918152], [0.6189058423042297, 0.919889509677887]]]","[[0.906633734703064, 0.9310131072998047]]","[[[0.906633734703064, 0.7489383220672607], [0.6348239779472351, 0.9310131072998047]]]"
nb_s544951_mpnn_3_BHRF,"[[0.9011377096176147, 0.9148250222206116]]","[[[0.9011377096176147, 0.304982990026474], [0.2816387712955475, 0.9148250222206116]]]","[[0.8927879333496094, 0.9056228399276733]]","[[[0.8927879333496094, 0.43175607919692993], [0.3960627317428589, 0.9056228399276733]]]"
nb_s299383_mpnn_3_BHRF,"[[0.9310535192489624, 0.9045330882072449]]","[[[0.9310535192489624, 0.23928077518939972], [0.2002185881137848, 0.9045330882072449]]]","[[0.9316034317016602, 0.9064071178436279]]","[[[0.9316034317016602, 0.3999336063861847], [0.3742521405220032, 0.9064071178436279]]]"
nb_s105306_mpnn_2_BHRF,"[[0.9164183139801025, 0.9224730134010315]]","[[[0.9164183139801025, 0.5580517649650574], [0.562837541103363, 0.9224730134010315]]]","[[0.9157121777534485, 0.922823429107666]]","[[[0.9157121777534485, 0.5435625910758972], [0.5438271164894104, 0.922823429107666]]]"
nb_s938027_mpnn_3_BHRF,"[[0.8989253044128418, 0.9121743440628052]]","[[[0.8989253044128418, 0.29664894938468933], [0.24871845543384552, 0.9121743440628052]]]","[[0.9330863356590271, 0.9307538866996765]]","[[[0.9330863356590271, 0.8603094816207886], [0.8487105965614319, 0.9307538866996765]]]"
nb_s606821_mpnn_1_BHRF,"[[0.8629336953163147, 0.9087575674057007]]","[[[0.8629336953163147, 0.26196885108947754], [0.21089090406894684, 0.9087575674057007]]]","[[0.8702549934387207, 0.9052514433860779]]","[[[0.8702549934387207, 0.2732818126678467], [0.2490227371454239, 0.9052514433860779]]]"
nb_s664067_mpnn_1_BHRF,"[[0.8933002948760986, 0.8967384099960327]]","[[[0.8933002948760986, 0.27530384063720703], [0.23914146423339844, 0.8967384099960327]]]","[[0.9138373136520386, 0.9207237958908081]]","[[[0.9138373136520386, 0.7180402874946594], [0.7429171204566956, 0.9207237958908081]]]"
nb_s830050_mpnn_2_BHRF,"[[0.8798989653587341, 0.9329283237457275]]","[[[0.8798989653587341, 0.801811695098877], [0.6702476739883423, 0.9329283237457275]]]","[[0.9190018773078918, 0.9290062785148621]]","[[[0.9190018773078918, 0.8210337162017822], [0.7571632266044617, 0.9290062785148621]]]"
nb_s558025_mpnn_4_BHRF,"[[0.8735294342041016, 0.913923978805542]]","[[[0.8735294342041016, 0.296637624502182], [0.2518768906593323, 0.913923978805542]]]","[[0.9156053066253662, 0.9079100489616394]]","[[[0.9156053066253662, 0.6595650315284729], [0.6295007467269897, 0.9079100489616394]]]"
nb_s276607_mpnn_4_BHRF,"[[0.8701728582382202, 0.8964903354644775]]","[[[0.8701728582382202, 0.20286524295806885], [0.14454229176044464, 0.8964903354644775]]]","[[0.8499405384063721, 0.9095450043678284]]","[[[0.8499405384063721, 0.3446160852909088], [0.30622440576553345, 0.9095450043678284]]]"
nb_s442197_mpnn_3_BHRF,"[[0.9049472212791443, 0.9262560606002808]]","[[[0.9049472212791443, 0.6023128032684326], [0.5604628324508667, 0.9262560606002808]]]","[[0.8945279717445374, 0.9152706861495972]]","[[[0.8945279717445374, 0.6007755994796753], [0.6307311058044434, 0.9152706861495972]]]"
nb_s776407_mpnn_2_BHRF,"[[0.8941378593444824, 0.9123449325561523]]","[[[0.8941378593444824, 0.5752511620521545], [0.5371918082237244, 0.9123449325561523]]]","[[0.8812370896339417, 0.9112438559532166]]","[[[0.8812370896339417, 0.48802661895751953], [0.494672566652298, 0.9112438559532166]]]"
nb_s206651_mpnn_1_BHRF,"[[0.8688536882400513, 0.8998211026191711]]","[[[0.8688536882400513, 0.20724588632583618], [0.16710054874420166, 0.8998211026191711]]]","[[0.8739427328109741, 0.9089460968971252]]","[[[0.8739427328109741, 0.42051663994789124], [0.41754966974258423, 0.9089460968971252]]]"
nb_s972445_mpnn_2_BHRF,"[[0.9258394241333008, 0.9077953100204468]]","[[[0.9258394241333008, 0.7158982157707214], [0.6774197220802307, 0.9077953100204468]]]","[[0.9366505742073059, 0.9215488433837891]]","[[[0.9366505742073059, 0.8184788227081299], [0.8038128018379211, 0.9215488433837891]]]"
nb_s413501_mpnn_3_BHRF,"[[0.9223341941833496, 0.8981116414070129]]","[[[0.9223341941833496, 0.23374004662036896], [0.16053412854671478, 0.8981116414070129]]]","[[0.921504020690918, 0.8938863277435303]]","[[[0.921504020690918, 0.5926287174224854], [0.5853016972541809, 0.8938863277435303]]]"
nb_s80903_mpnn_4_BHRF,"[[0.9171203970909119, 0.9021751284599304]]","[[[0.9171203970909119, 0.31415098905563354], [0.2863703668117523, 0.9021751284599304]]]","[[0.9171374440193176, 0.900234043598175]]","[[[0.9171374440193176, 0.3712616562843323], [0.3278965950012207, 0.900234043598175]]]"
nb_s185784_mpnn_4_BHRF,"[[0.8916921019554138, 0.9076927304267883]]","[[[0.8916921019554138, 0.18151366710662842], [0.13439951837062836, 0.9076927304267883]]]","[[0.9068513512611389, 0.9088945388793945]]","[[[0.9068513512611389, 0.33662575483322144], [0.3173760175704956, 0.9088945388793945]]]"
nb_s465730_mpnn_4_BHRF,"[[0.8962427377700806, 0.9133507013320923]]","[[[0.8962427377700806, 0.3583240807056427], [0.3301006853580475, 0.9133507013320923]]]","[[0.8858383297920227, 0.895858108997345]]","[[[0.8858383297920227, 0.3937954902648926], [0.3595367968082428, 0.895858108997345]]]"
nb_s892360_mpnn_4_BHRF,"[[0.8885393142700195, 0.9051262140274048]]","[[[0.8885393142700195, 0.266188383102417], [0.21614599227905273, 0.9051262140274048]]]","[[0.8895823359489441, 0.8944544792175293]]","[[[0.8895823359489441, 0.3279493451118469], [0.2885114550590515, 0.8944544792175293]]]"
nb_s461534_mpnn_4_BHRF,"[[0.929587721824646, 0.9108000993728638]]","[[[0.929587721824646, 0.23255665600299835], [0.1935189664363861, 0.9108000993728638]]]","[[0.9235526919364929, 0.9162302017211914]]","[[[0.9235526919364929, 0.5089309215545654], [0.49424463510513306, 0.9162302017211914]]]"
nb_s1683_mpnn_1_IL3,"[[0.8533692955970764, 0.32832059264183044]]","[[[0.8533692955970764, 0.12281744927167892], [0.08783562481403351, 0.32832059264183044]]]","[[0.9055424332618713, 0.4286261200904846]]","[[[0.9055424332618713, 0.3717457354068756], [0.5346089005470276, 0.4286261200904846]]]"
nb_s859190_mpnn_1_IL20,"[[0.9161855578422546, 0.9000024199485779]]","[[[0.9161855578422546, 0.25832560658454895], [0.2644881308078766, 0.9000024199485779]]]","[[0.896797776222229, 0.8625456690788269]]","[[[0.896797776222229, 0.36520275473594666], [0.324171245098114, 0.8625456690788269]]]"
nb_s78562_mpnn_1_IL20,"[[0.8817458152770996, 0.8983810544013977]]","[[[0.8817458152770996, 0.24967406690120697], [0.21731221675872803, 0.8983810544013977]]]","[[0.8518233895301819, 0.8838381171226501]]","[[[0.8518233895301819, 0.297827810049057], [0.2270711362361908, 0.8838381171226501]]]"
nb_s351880_mpnn_3_IL20,"[[0.8870517611503601, 0.8990017175674438]]","[[[0.8870517611503601, 0.2309696525335312], [0.21054202318191528, 0.8990017175674438]]]","[[0.885811448097229, 0.8824781179428101]]","[[[0.885811448097229, 0.25304922461509705], [0.21599668264389038, 0.8824781179428101]]]"
nb_s481672_mpnn_4_IL3,"[[0.9272820353507996, 0.30741599202156067]]","[[[0.9272820353507996, 0.1474711298942566], [0.10576117038726807, 0.30741599202156067]]]","[[0.9252206683158875, 0.3701445162296295]]","[[[0.9252206683158875, 0.34364020824432373], [0.46296820044517517, 0.3701445162296295]]]"
nb_s191527_mpnn_5_IL3,"[[0.9139910936355591, 0.31336328387260437]]","[[[0.9139910936355591, 0.14007408916950226], [0.10535065829753876, 0.31336328387260437]]]","[[0.8852702379226685, 0.4044378995895386]]","[[[0.8852702379226685, 0.3085545003414154], [0.5324829816818237, 0.4044378995895386]]]"
nb_s491148_mpnn_3_IL20,"[[0.9115709066390991, 0.8983253836631775]]","[[[0.9115709066390991, 0.5309823155403137], [0.5548665523529053, 0.8983253836631775]]]","[[0.9179716110229492, 0.8808775544166565]]","[[[0.9179716110229492, 0.3450780510902405], [0.2984045743942261, 0.8808775544166565]]]"
nb_s745346_mpnn_4_BHRF,"[[0.8649740219116211, 0.9074398279190063]]","[[[0.8649740219116211, 0.18197138607501984], [0.1413329541683197, 0.9074398279190063]]]","[[0.8687891364097595, 0.9081578254699707]]","[[[0.8687891364097595, 0.3252745270729065], [0.3051426410675049, 0.9081578254699707]]]"
nb_s878765_mpnn_1_IL20,"[[0.9192165732383728, 0.896976113319397]]","[[[0.9192165732383728, 0.2349487990140915], [0.18450191617012024, 0.896976113319397]]]","[[0.9245784282684326, 0.9024138450622559]]","[[[0.9245784282684326, 0.6519057750701904], [0.6792662143707275, 0.9024138450622559]]]"
nb_s185784_mpnn_5_BHRF,"[[0.8874142169952393, 0.909538745880127]]","[[[0.8874142169952393, 0.19215700030326843], [0.1512531340122223, 0.909538745880127]]]","[[0.8906943202018738, 0.8946812748908997]]","[[[0.8906943202018738, 0.4023147225379944], [0.37002840638160706, 0.8946812748908997]]]"
nb_s166775_mpnn_1_BHRF,"[[0.8741860389709473, 0.9141115546226501]]","[[[0.8741860389709473, 0.34779176115989685], [0.3353147804737091, 0.9141115546226501]]]","[[0.8781763911247253, 0.9157170653343201]]","[[[0.8781763911247253, 0.3037596642971039], [0.30193471908569336, 0.9157170653343201]]]"
nb_s887286_mpnn_2_IL20,"[[0.8505618572235107, 0.8984779119491577]]","[[[0.8505618572235107, 0.22038395702838898], [0.20528258383274078, 0.8984779119491577]]]","[[0.8226106762886047, 0.8845893740653992]]","[[[0.8226106762886047, 0.33952388167381287], [0.31633445620536804, 0.8845893740653992]]]"
nb_s829439_mpnn_1_IL3,"[[0.8824799656867981, 0.3183003067970276]]","[[[0.8824799656867981, 0.13455672562122345], [0.11791745573282242, 0.3183003067970276]]]","[[0.9106308817863464, 0.5166021585464478]]","[[[0.9106308817863464, 0.4406343698501587], [0.7282400727272034, 0.5166021585464478]]]"
nb_s1683_mpnn_2_IL20,"[[0.8444764614105225, 0.8963204026222229]]","[[[0.8444764614105225, 0.16611064970493317], [0.13506712019443512, 0.8963204026222229]]]","[[0.8314532041549683, 0.8648417592048645]]","[[[0.8314532041549683, 0.27285289764404297], [0.22400224208831787, 0.8648417592048645]]]"
nb_s771573_mpnn_5_BHRF,"[[0.8950916528701782, 0.9125533699989319]]","[[[0.8950916528701782, 0.19838066399097443], [0.15346728265285492, 0.9125533699989319]]]","[[0.8993630409240723, 0.9132005572319031]]","[[[0.8993630409240723, 0.4476622939109802], [0.44928351044654846, 0.9132005572319031]]]"
nb_s78562_mpnn_2_IL20,"[[0.9036087393760681, 0.8970350623130798]]","[[[0.9036087393760681, 0.3445696234703064], [0.40925464034080505, 0.8970350623130798]]]","[[0.9082045555114746, 0.9040408134460449]]","[[[0.9082045555114746, 0.6317200064659119], [0.5730893015861511, 0.9040408134460449]]]"
nb_s885633_mpnn_2_IL3,"[[0.9203233122825623, 0.320901095867157]]","[[[0.9203233122825623, 0.15628990530967712], [0.1719352751970291, 0.320901095867157]]]","[[0.9189188480377197, 0.3660599887371063]]","[[[0.9189188480377197, 0.3233962059020996], [0.3681751489639282, 0.3660599887371063]]]"
nb_s319551_mpnn_2_BHRF,"[[0.901191771030426, 0.9093650579452515]]","[[[0.901191771030426, 0.16279661655426025], [0.11853420734405518, 0.9093650579452515]]]","[[0.9106888771057129, 0.9173795580863953]]","[[[0.9106888771057129, 0.49565550684928894], [0.4657418131828308, 0.9173795580863953]]]"
nb_s416874_mpnn_3_IL20,"[[0.8977196216583252, 0.8903167843818665]]","[[[0.8977196216583252, 0.21907681226730347], [0.20470821857452393, 0.8903167843818665]]]","[[0.890764594078064, 0.9026936292648315]]","[[[0.890764594078064, 0.40917664766311646], [0.3679371476173401, 0.9026936292648315]]]"
nb_s286378_mpnn_1_IL3,"[[0.9218178391456604, 0.31943070888519287]]","[[[0.9218178391456604, 0.22048601508140564], [0.3920428454875946, 0.31943070888519287]]]","[[0.9088341593742371, 0.3251522183418274]]","[[[0.9088341593742371, 0.25037622451782227], [0.36938440799713135, 0.3251522183418274]]]"
nb_s378562_mpnn_3_IL20,"[[0.9039926528930664, 0.8965121507644653]]","[[[0.9039926528930664, 0.30386579036712646], [0.2947818338871002, 0.8965121507644653]]]","[[0.8894137740135193, 0.876270592212677]]","[[[0.8894137740135193, 0.3052118718624115], [0.2452990859746933, 0.876270592212677]]]"
nb_s878765_mpnn_2_BHRF,"[[0.9175134301185608, 0.9053439497947693]]","[[[0.9175134301185608, 0.18883007764816284], [0.15056321024894714, 0.9053439497947693]]]","[[0.9128563404083252, 0.9078086614608765]]","[[[0.9128563404083252, 0.2595325708389282], [0.2145582139492035, 0.9078086614608765]]]"
nb_s53820_mpnn_1_IL3,"[[0.9037010669708252, 0.3406783938407898]]","[[[0.9037010669708252, 0.16480781137943268], [0.1422039419412613, 0.3406783938407898]]]","[[0.9010019302368164, 0.35724636912345886]]","[[[0.9010019302368164, 0.2401312291622162], [0.22623321413993835, 0.35724636912345886]]]"
nb_s166775_mpnn_5_IL20,"[[0.8920544385910034, 0.9047362804412842]]","[[[0.8920544385910034, 0.5860720872879028], [0.42044711112976074, 0.9047362804412842]]]","[[0.9097190499305725, 0.8973602652549744]]","[[[0.9097190499305725, 0.3449915647506714], [0.36311280727386475, 0.8973602652549744]]]"
nb_s887286_mpnn_4_BHRF,"[[0.8336322903633118, 0.910331666469574]]","[[[0.8336322903633118, 0.19853445887565613], [0.16943955421447754, 0.910331666469574]]]","[[0.8711869120597839, 0.9192642569541931]]","[[[0.8711869120597839, 0.4002661406993866], [0.3926558792591095, 0.9192642569541931]]]"
nb_s829439_mpnn_5_BHRF,"[[0.885124921798706, 0.9083220958709717]]","[[[0.885124921798706, 0.2081599235534668], [0.18363429605960846, 0.9083220958709717]]]","[[0.8968446254730225, 0.9077672362327576]]","[[[0.8968446254730225, 0.5007124543190002], [0.49504318833351135, 0.9077672362327576]]]"
nb_s202316_mpnn_2_IL3,"[[0.9028217792510986, 0.31827759742736816]]","[[[0.9028217792510986, 0.1330462396144867], [0.096474289894104, 0.31827759742736816]]]","[[0.9025218486785889, 0.32547321915626526]]","[[[0.9025218486785889, 0.19376209378242493], [0.2405368685722351, 0.32547321915626526]]]"
nb_s850749_mpnn_1_IL3,"[[0.8986693620681763, 0.31319668889045715]]","[[[0.8986693620681763, 0.13288067281246185], [0.09278658777475357, 0.31319668889045715]]]","[[0.9032126665115356, 0.3203171491622925]]","[[[0.9032126665115356, 0.2572053372859955], [0.35865265130996704, 0.3203171491622925]]]"
nb_s494235_mpnn_5_IL20,"[[0.9150165319442749, 0.8865132927894592]]","[[[0.9150165319442749, 0.2369367480278015], [0.20677605271339417, 0.8865132927894592]]]","[[0.915280818939209, 0.8876911997795105]]","[[[0.915280818939209, 0.3270261287689209], [0.2989945113658905, 0.8876911997795105]]]"
nb_s731266_mpnn_5_IL3,"[[0.9136825203895569, 0.4013324975967407]]","[[[0.9136825203895569, 0.33498844504356384], [0.6020922660827637, 0.4013324975967407]]]","[[0.9070911407470703, 0.3365107476711273]]","[[[0.9070911407470703, 0.20405662059783936], [0.39934155344963074, 0.3365107476711273]]]"
nb_s908222_mpnn_5_IL3,"[[0.9215000867843628, 0.3073309659957886]]","[[[0.9215000867843628, 0.16333672404289246], [0.16385769844055176, 0.3073309659957886]]]","[[0.9247440695762634, 0.35826560854911804]]","[[[0.9247440695762634, 0.2916700839996338], [0.3633047044277191, 0.35826560854911804]]]"
nb_s893078_mpnn_5_IL20,"[[0.8724806904792786, 0.8905398845672607]]","[[[0.8724806904792786, 0.21835151314735413], [0.19265106320381165, 0.8905398845672607]]]","[[0.8865438103675842, 0.8583366274833679]]","[[[0.8865438103675842, 0.4504624605178833], [0.4286288619041443, 0.8583366274833679]]]"
nb_s286378_mpnn_3_BHRF,"[[0.9095606803894043, 0.9147096276283264]]","[[[0.9095606803894043, 0.35491272807121277], [0.34055760502815247, 0.9147096276283264]]]","[[0.9169864654541016, 0.8902015686035156]]","[[[0.9169864654541016, 0.519145667552948], [0.4589518904685974, 0.8902015686035156]]]"
nb_s817878_mpnn_1_BHRF,"[[0.9078053832054138, 0.9057915210723877]]","[[[0.9078053832054138, 0.2793148458003998], [0.24168570339679718, 0.9057915210723877]]]","[[0.9089359045028687, 0.8986713290214539]]","[[[0.9089359045028687, 0.32747936248779297], [0.29435113072395325, 0.8986713290214539]]]"
nb_s759449_mpnn_1_IL3,"[[0.9215196967124939, 0.3936835527420044]]","[[[0.9215196967124939, 0.37238141894340515], [0.7006222009658813, 0.3936835527420044]]]","[[0.9233378171920776, 0.4228447675704956]]","[[[0.9233378171920776, 0.3723553419113159], [0.500197172164917, 0.4228447675704956]]]"
nb_s53820_mpnn_2_BHRF,"[[0.8903931379318237, 0.9018120765686035]]","[[[0.8903931379318237, 0.2465778887271881], [0.21503408253192902, 0.9018120765686035]]]","[[0.8881313800811768, 0.9084486961364746]]","[[[0.8881313800811768, 0.306505411863327], [0.2784438133239746, 0.9084486961364746]]]"
nb_s919455_mpnn_1_BHRF,"[[0.9129685163497925, 0.9114517569541931]]","[[[0.9129685163497925, 0.21500669419765472], [0.1639101356267929, 0.9114517569541931]]]","[[0.9162793159484863, 0.9155517816543579]]","[[[0.9162793159484863, 0.43578770756721497], [0.41219568252563477, 0.9155517816543579]]]"
nb_s926337_mpnn_1_IL3,"[[0.919482946395874, 0.2989159822463989]]","[[[0.919482946395874, 0.13973432779312134], [0.10832887142896652, 0.2989159822463989]]]","[[0.9245709776878357, 0.3742283284664154]]","[[[0.9245709776878357, 0.26121795177459717], [0.2579044699668884, 0.3742283284664154]]]"
nb_s299161_mpnn_2_BHRF,"[[0.9163625836372375, 0.905071496963501]]","[[[0.9163625836372375, 0.2596663534641266], [0.21383821964263916, 0.905071496963501]]]","[[0.9209064841270447, 0.9097588658332825]]","[[[0.9209064841270447, 0.33855879306793213], [0.2684684693813324, 0.9097588658332825]]]"
nb_s202316_mpnn_3_IL20,"[[0.903640866279602, 0.8955854177474976]]","[[[0.903640866279602, 0.17272107303142548], [0.12794266641139984, 0.8955854177474976]]]","[[0.9056362509727478, 0.8993360996246338]]","[[[0.9056362509727478, 0.33522164821624756], [0.3332592248916626, 0.8993360996246338]]]"
nb_s850749_mpnn_2_IL20,"[[0.91750168800354, 0.8981133103370667]]","[[[0.91750168800354, 0.3063468635082245], [0.3200134038925171, 0.8981133103370667]]]","[[0.917309582233429, 0.8921788334846497]]","[[[0.917309582233429, 0.26638174057006836], [0.2542610466480255, 0.8921788334846497]]]"
nb_s272990_mpnn_1_BHRF,"[[0.9156520962715149, 0.9144507646560669]]","[[[0.9156520962715149, 0.23539668321609497], [0.20008054375648499, 0.9144507646560669]]]","[[0.9017735719680786, 0.9107757210731506]]","[[[0.9017735719680786, 0.27225354313850403], [0.2712445855140686, 0.9107757210731506]]]"
nb_s731008_mpnn_1_IL20,"[[0.8972412347793579, 0.8996766209602356]]","[[[0.8972412347793579, 0.5145660638809204], [0.5100426077842712, 0.8996766209602356]]]","[[0.8770418167114258, 0.8897887468338013]]","[[[0.8770418167114258, 0.41935575008392334], [0.4248192310333252, 0.8897887468338013]]]"
nb_s37712_mpnn_2_BHRF,"[[0.9043391942977905, 0.9058788418769836]]","[[[0.9043391942977905, 0.5683088898658752], [0.5143426060676575, 0.9058788418769836]]]","[[0.914435863494873, 0.9008683562278748]]","[[[0.914435863494873, 0.6782441735267639], [0.7080656290054321, 0.9008683562278748]]]"
nb_s171911_mpnn_1_IL20,"[[0.9125576019287109, 0.8968087434768677]]","[[[0.9125576019287109, 0.245460644364357], [0.23537690937519073, 0.8968087434768677]]]","[[0.8627467155456543, 0.8467234969139099]]","[[[0.8627467155456543, 0.2586471438407898], [0.25517839193344116, 0.8467234969139099]]]"
nb_s7171_mpnn_2_BHRF,"[[0.8931834101676941, 0.8984923362731934]]","[[[0.8931834101676941, 0.22508731484413147], [0.18302445113658905, 0.8984923362731934]]]","[[0.8941187262535095, 0.891424834728241]]","[[[0.8941187262535095, 0.33289605379104614], [0.3051014244556427, 0.891424834728241]]]"
nb_s817878_mpnn_2_IL3,"[[0.9166056513786316, 0.3092881143093109]]","[[[0.9166056513786316, 0.17968693375587463], [0.15171325206756592, 0.3092881143093109]]]","[[0.9153071641921997, 0.30940163135528564]]","[[[0.9153071641921997, 0.26431727409362793], [0.26714539527893066, 0.30940163135528564]]]"
nb_s389903_mpnn_5_IL20,"[[0.9142508506774902, 0.8921082019805908]]","[[[0.9142508506774902, 0.2199217975139618], [0.2137545794248581, 0.8921082019805908]]]","[[0.8976010084152222, 0.8722720146179199]]","[[[0.8976010084152222, 0.36442363262176514], [0.33116137981414795, 0.8722720146179199]]]"
nb_s618542_mpnn_2_IL3,"[[0.9177770018577576, 0.29971742630004883]]","[[[0.9177770018577576, 0.22606095671653748], [0.27665650844573975, 0.29971742630004883]]]","[[0.9149504899978638, 0.31474006175994873]]","[[[0.9149504899978638, 0.21749745309352875], [0.17015893757343292, 0.31474006175994873]]]"
nb_s919455_mpnn_4_IL3,"[[0.9087084531784058, 0.3021840453147888]]","[[[0.9087084531784058, 0.12950576841831207], [0.09732326865196228, 0.3021840453147888]]]","[[0.9119935631752014, 0.3469412326812744]]","[[[0.9119935631752014, 0.24774593114852905], [0.2696613073348999, 0.3469412326812744]]]"
nb_s926337_mpnn_2_IL3,"[[0.926464319229126, 0.305062860250473]]","[[[0.926464319229126, 0.16065610945224762], [0.18247483670711517, 0.305062860250473]]]","[[0.9130281805992126, 0.35649722814559937]]","[[[0.9130281805992126, 0.27132758498191833], [0.2796744406223297, 0.35649722814559937]]]"
nb_s38254_mpnn_5_IL3,"[[0.9221425652503967, 0.3027656674385071]]","[[[0.9221425652503967, 0.19820280373096466], [0.3200300931930542, 0.3027656674385071]]]","[[0.8929632902145386, 0.37267306447029114]]","[[[0.8929632902145386, 0.3474949598312378], [0.6335170269012451, 0.37267306447029114]]]"
nb_s462498_mpnn_2_IL20,"[[0.9016977548599243, 0.896169126033783]]","[[[0.9016977548599243, 0.2521635591983795], [0.24325373768806458, 0.896169126033783]]]","[[0.8989466428756714, 0.8990927934646606]]","[[[0.8989466428756714, 0.3311903774738312], [0.30837482213974, 0.8990927934646606]]]"
nb_s718865_mpnn_2_BHRF,"[[0.8951619267463684, 0.9152463674545288]]","[[[0.8951619267463684, 0.36312127113342285], [0.36151161789894104, 0.9152463674545288]]]","[[0.8866021037101746, 0.9092185497283936]]","[[[0.8866021037101746, 0.3456255793571472], [0.31973981857299805, 0.9092185497283936]]]"
nb_s834944_mpnn_1_IL20,"[[0.9198756217956543, 0.8826023936271667]]","[[[0.9198756217956543, 0.21385198831558228], [0.185896098613739, 0.8826023936271667]]]","[[0.9088016152381897, 0.7135477066040039]]","[[[0.9088016152381897, 0.27537089586257935], [0.23698419332504272, 0.7135477066040039]]]"
nb_s731008_mpnn_2_IL3,"[[0.9195035696029663, 0.29680657386779785]]","[[[0.9195035696029663, 0.18180091679096222], [0.345689594745636, 0.29680657386779785]]]","[[0.9131088256835938, 0.3167615532875061]]","[[[0.9131088256835938, 0.20708243548870087], [0.2553507685661316, 0.3167615532875061]]]"
nb_s37712_mpnn_5_BHRF,"[[0.901604175567627, 0.904385507106781]]","[[[0.901604175567627, 0.5110968947410583], [0.467487633228302, 0.904385507106781]]]","[[0.9090766906738281, 0.9132107496261597]]","[[[0.9090766906738281, 0.6980841755867004], [0.6753541231155396, 0.9132107496261597]]]"
nb_s826150_mpnn_1_BHRF,"[[0.9154317378997803, 0.909096896648407]]","[[[0.9154317378997803, 0.1841503232717514], [0.13016219437122345, 0.909096896648407]]]","[[0.9175277948379517, 0.9092416167259216]]","[[[0.9175277948379517, 0.34264522790908813], [0.3123205304145813, 0.9092416167259216]]]"
nb_s7171_mpnn_3_IL3,"[[0.9196368455886841, 0.3014475405216217]]","[[[0.9196368455886841, 0.1508249193429947], [0.11182346194982529, 0.3014475405216217]]]","[[0.9211505651473999, 0.3306404650211334]]","[[[0.9211505651473999, 0.19047194719314575], [0.14228682219982147, 0.3306404650211334]]]"
nb_s302651_mpnn_3_BHRF,"[[0.9186951518058777, 0.9013087153434753]]","[[[0.9186951518058777, 0.2358117401599884], [0.18331032991409302, 0.9013087153434753]]]","[[0.9209600687026978, 0.918854832649231]]","[[[0.9209600687026978, 0.6265154480934143], [0.6402279734611511, 0.918854832649231]]]"
nb_s759449_mpnn_4_IL20,"[[0.9144450426101685, 0.8952740430831909]]","[[[0.9144450426101685, 0.21982555091381073], [0.21481189131736755, 0.8952740430831909]]]","[[0.9118306636810303, 0.9001660943031311]]","[[[0.9118306636810303, 0.36234796047210693], [0.33975425362586975, 0.9001660943031311]]]"
nb_s618542_mpnn_3_IL3,"[[0.9135969281196594, 0.29684239625930786]]","[[[0.9135969281196594, 0.19070248305797577], [0.25775232911109924, 0.29684239625930786]]]","[[0.9154070615768433, 0.3366941213607788]]","[[[0.9154070615768433, 0.28659042716026306], [0.2894243597984314, 0.3366941213607788]]]"
nb_s467069_mpnn_3_IL3,"[[0.9128774404525757, 0.3078371584415436]]","[[[0.9128774404525757, 0.14224742352962494], [0.1459430754184723, 0.3078371584415436]]]","[[0.9130479693412781, 0.32028356194496155]]","[[[0.9130479693412781, 0.2472781091928482], [0.2114807665348053, 0.32028356194496155]]]"
nb_s216967_mpnn_4_BHRF,"[[0.9003112316131592, 0.9040384292602539]]","[[[0.9003112316131592, 0.18859295547008514], [0.14150375127792358, 0.9040384292602539]]]","[[0.9004713296890259, 0.9001650214195251]]","[[[0.9004713296890259, 0.5326219797134399], [0.5520537495613098, 0.9001650214195251]]]"
nb_s467146_mpnn_5_BHRF,"[[0.8756818175315857, 0.9056629538536072]]","[[[0.8756818175315857, 0.1768803745508194], [0.13222287595272064, 0.9056629538536072]]]","[[0.9003415107727051, 0.9180148839950562]]","[[[0.9003415107727051, 0.5606352090835571], [0.5762816071510315, 0.9180148839950562]]]"
nb_s632243_mpnn_4_IL20,"[[0.8694226741790771, 0.890430212020874]]","[[[0.8694226741790771, 0.34233906865119934], [0.32137757539749146, 0.890430212020874]]]","[[0.8586106300354004, 0.9033980965614319]]","[[[0.8586106300354004, 0.3321225643157959], [0.3186427652835846, 0.9033980965614319]]]"
nb_s834944_mpnn_4_BHRF,"[[0.9198689460754395, 0.905125617980957]]","[[[0.9198689460754395, 0.3328305780887604], [0.2887418866157532, 0.905125617980957]]]","[[0.9200286269187927, 0.9034765362739563]]","[[[0.9200286269187927, 0.5396303534507751], [0.5080223083496094, 0.9034765362739563]]]"
nb_s282075_mpnn_1_IL20,"[[0.8992629647254944, 0.8969506621360779]]","[[[0.8992629647254944, 0.22167988121509552], [0.17317749559879303, 0.8969506621360779]]]","[[0.8771110773086548, 0.885764479637146]]","[[[0.8771110773086548, 0.29731249809265137], [0.26768672466278076, 0.885764479637146]]]"
nb_s916275_mpnn_1_BHRF,"[[0.887488842010498, 0.9031825065612793]]","[[[0.887488842010498, 0.36087900400161743], [0.3225015103816986, 0.9031825065612793]]]","[[0.887906014919281, 0.903792142868042]]","[[[0.887906014919281, 0.37826627492904663], [0.35631200671195984, 0.903792142868042]]]"
nb_s975197_mpnn_2_IL3,"[[0.896335244178772, 0.3141412138938904]]","[[[0.896335244178772, 0.238090381026268], [0.3716154098510742, 0.3141412138938904]]]","[[0.8898614048957825, 0.3271764814853668]]","[[[0.8898614048957825, 0.27342936396598816], [0.26063254475593567, 0.3271764814853668]]]"
nb_s499859_mpnn_4_IL3,"[[0.8951644897460938, 0.3022969961166382]]","[[[0.8951644897460938, 0.2114759236574173], [0.3824153244495392, 0.3022969961166382]]]","[[0.8911992907524109, 0.32717543840408325]]","[[[0.8911992907524109, 0.23143544793128967], [0.33131229877471924, 0.32717543840408325]]]"
nb_s854077_mpnn_1_IL3,"[[0.9221025705337524, 0.3060522675514221]]","[[[0.9221025705337524, 0.13478927314281464], [0.1430950164794922, 0.3060522675514221]]]","[[0.9240972995758057, 0.316316157579422]]","[[[0.9240972995758057, 0.19617393612861633], [0.20564015209674835, 0.316316157579422]]]"
nb_s870186_mpnn_1_IL20,"[[0.8783168792724609, 0.9015282988548279]]","[[[0.8783168792724609, 0.28717732429504395], [0.2454879730939865, 0.9015282988548279]]]","[[0.8808326721191406, 0.8623332977294922]]","[[[0.8808326721191406, 0.32085227966308594], [0.3094552755355835, 0.8623332977294922]]]"
nb_s622643_mpnn_2_IL3,"[[0.8858988285064697, 0.3173397183418274]]","[[[0.8858988285064697, 0.12410330772399902], [0.08420836180448532, 0.3173397183418274]]]","[[0.9245070815086365, 0.3281972408294678]]","[[[0.9245070815086365, 0.20184224843978882], [0.2224799245595932, 0.3281972408294678]]]"
nb_s467069_mpnn_5_IL3,"[[0.9222058057785034, 0.3101341724395752]]","[[[0.9222058057785034, 0.14644986391067505], [0.13184669613838196, 0.3101341724395752]]]","[[0.9217041730880737, 0.3167867958545685]]","[[[0.9217041730880737, 0.2456165850162506], [0.34596794843673706, 0.3167867958545685]]]"
nb_s68363_mpnn_1_BHRF,"[[0.907880425453186, 0.9081475138664246]]","[[[0.907880425453186, 0.23458127677440643], [0.16659146547317505, 0.9081475138664246]]]","[[0.9130890965461731, 0.9102303385734558]]","[[[0.9130890965461731, 0.33796536922454834], [0.31143030524253845, 0.9102303385734558]]]"
nb_s251319_mpnn_2_IL20,"[[0.882672131061554, 0.889552891254425]]","[[[0.882672131061554, 0.15030419826507568], [0.12455858290195465, 0.889552891254425]]]","[[0.8632710576057434, 0.6912581920623779]]","[[[0.8632710576057434, 0.27115726470947266], [0.22828765213489532, 0.6912581920623779]]]"
nb_s52054_mpnn_3_BHRF,"[[0.8856893181800842, 0.9147400259971619]]","[[[0.8856893181800842, 0.4712930917739868], [0.5135112404823303, 0.9147400259971619]]]","[[0.8792811632156372, 0.8880905508995056]]","[[[0.8792811632156372, 0.44389963150024414], [0.43681928515434265, 0.8880905508995056]]]"
nb_s605394_mpnn_5_IL20,"[[0.876049280166626, 0.8899450302124023]]","[[[0.876049280166626, 0.17033541202545166], [0.13703174889087677, 0.8899450302124023]]]","[[0.8792168498039246, 0.859794020652771]]","[[[0.8792168498039246, 0.26537373661994934], [0.2496325969696045, 0.859794020652771]]]"
nb_s282075_mpnn_3_IL20,"[[0.8977019190788269, 0.8974779844284058]]","[[[0.8977019190788269, 0.22306446731090546], [0.1842358410358429, 0.8974779844284058]]]","[[0.8724618554115295, 0.8807743787765503]]","[[[0.8724618554115295, 0.3162749409675598], [0.2931399345397949, 0.8807743787765503]]]"
nb_s916275_mpnn_4_BHRF,"[[0.8817291855812073, 0.9071786999702454]]","[[[0.8817291855812073, 0.3105958104133606], [0.27998489141464233, 0.9071786999702454]]]","[[0.8829168081283569, 0.8894416689872742]]","[[[0.8829168081283569, 0.33369308710098267], [0.31528401374816895, 0.8894416689872742]]]"
nb_s362656_mpnn_2_IL3,"[[0.9183013439178467, 0.3075898289680481]]","[[[0.9183013439178467, 0.1349693238735199], [0.10957182943820953, 0.3075898289680481]]]","[[0.919206976890564, 0.36698129773139954]]","[[[0.919206976890564, 0.33949971199035645], [0.36770254373550415, 0.36698129773139954]]]"
nb_s206217_mpnn_2_IL3,"[[0.918999433517456, 0.30788153409957886]]","[[[0.918999433517456, 0.14400725066661835], [0.12388600409030914, 0.30788153409957886]]]","[[0.9218726754188538, 0.3157723546028137]]","[[[0.9218726754188538, 0.23708200454711914], [0.44885018467903137, 0.3157723546028137]]]"
nb_s854077_mpnn_2_IL3,"[[0.9239638447761536, 0.31108972430229187]]","[[[0.9239638447761536, 0.13391414284706116], [0.13849607110023499, 0.31108972430229187]]]","[[0.9215571284294128, 0.3591696619987488]]","[[[0.9215571284294128, 0.2413463145494461], [0.19179461896419525, 0.3591696619987488]]]"
nb_s149825_mpnn_4_IL3,"[[0.8980194926261902, 0.30323314666748047]]","[[[0.8980194926261902, 0.1632077693939209], [0.13669823110103607, 0.30323314666748047]]]","[[0.9062701463699341, 0.33344924449920654]]","[[[0.9062701463699341, 0.2146366387605667], [0.28762274980545044, 0.33344924449920654]]]"
nb_s465730_mpnn_3_BHRF,"[[0.8878574967384338, 0.9066202044487]]","[[[0.8878574967384338, 0.2848372459411621], [0.24688291549682617, 0.9066202044487]]]","[[0.8955960273742676, 0.9081302881240845]]","[[[0.8955960273742676, 0.20541244745254517], [0.15681517124176025, 0.9081302881240845]]]"
nb_s892360_mpnn_1_IL3,"[[0.916169285774231, 0.30691903829574585]]","[[[0.916169285774231, 0.14384354650974274], [0.2912970185279846, 0.30691903829574585]]]","[[0.899133563041687, 0.32150864601135254]]","[[[0.899133563041687, 0.17759674787521362], [0.1515103131532669, 0.32150864601135254]]]"
nb_s68363_mpnn_3_BHRF,"[[0.908669114112854, 0.9089229106903076]]","[[[0.908669114112854, 0.23568204045295715], [0.17187291383743286, 0.9089229106903076]]]","[[0.9028459787368774, 0.8885392546653748]]","[[[0.9028459787368774, 0.30931782722473145], [0.30627867579460144, 0.8885392546653748]]]"
nb_s214428_mpnn_1_IL20,"[[0.876763641834259, 0.9002991318702698]]","[[[0.876763641834259, 0.21757613122463226], [0.18376785516738892, 0.9002991318702698]]]","[[0.8822166919708252, 0.8946493864059448]]","[[[0.8822166919708252, 0.36472147703170776], [0.3612785339355469, 0.8946493864059448]]]"
nb_s255632_mpnn_3_IL20,"[[0.8957800269126892, 0.9009079933166504]]","[[[0.8957800269126892, 0.5088906288146973], [0.42794862389564514, 0.9009079933166504]]]","[[0.8956106901168823, 0.8810787200927734]]","[[[0.8956106901168823, 0.2774713933467865], [0.260239839553833, 0.8810787200927734]]]"
nb_s351880_mpnn_1_BHRF,"[[0.8919870257377625, 0.9112770557403564]]","[[[0.8919870257377625, 0.2892929017543793], [0.27364403009414673, 0.9112770557403564]]]","[[0.8798891305923462, 0.9131598472595215]]","[[[0.8798891305923462, 0.31529727578163147], [0.31193307042121887, 0.9131598472595215]]]"
nb_s481672_mpnn_2_IL3,"[[0.9266560673713684, 0.30852627754211426]]","[[[0.9266560673713684, 0.14308393001556396], [0.10820312052965164, 0.30852627754211426]]]","[[0.927164614200592, 0.30269327759742737]]","[[[0.927164614200592, 0.2324320673942566], [0.26852500438690186, 0.30269327759742737]]]"
nb_s883690_mpnn_4_IL20,"[[0.8474993109703064, 0.8965689539909363]]","[[[0.8474993109703064, 0.2517651617527008], [0.21207764744758606, 0.8965689539909363]]]","[[0.8790551424026489, 0.8459552526473999]]","[[[0.8790551424026489, 0.2957305312156677], [0.28426069021224976, 0.8459552526473999]]]"
nb_s895571_mpnn_3_IL3,"[[0.9093118906021118, 0.31344467401504517]]","[[[0.9093118906021118, 0.13862289488315582], [0.13036440312862396, 0.31344467401504517]]]","[[0.9227930307388306, 0.49925845861434937]]","[[[0.9227930307388306, 0.45169734954833984], [0.6280091404914856, 0.49925845861434937]]]"
nb_s206217_mpnn_5_IL20,"[[0.9145457148551941, 0.8979718685150146]]","[[[0.9145457148551941, 0.26038286089897156], [0.2243914157152176, 0.8979718685150146]]]","[[0.9117593765258789, 0.8506922721862793]]","[[[0.9117593765258789, 0.32037052512168884], [0.3237645626068115, 0.8506922721862793]]]"
nb_s72302_mpnn_3_IL20,"[[0.933245062828064, 0.8961525559425354]]","[[[0.933245062828064, 0.22223974764347076], [0.21045224368572235, 0.8961525559425354]]]","[[0.9323873519897461, 0.8988282680511475]]","[[[0.9323873519897461, 0.4908868968486786], [0.4764223098754883, 0.8988282680511475]]]"
nb_s652766_mpnn_5_BHRF,"[[0.8897646069526672, 0.9089173078536987]]","[[[0.8897646069526672, 0.30843284726142883], [0.258788138628006, 0.9089173078536987]]]","[[0.8845171928405762, 0.918702244758606]]","[[[0.8845171928405762, 0.46813371777534485], [0.44331789016723633, 0.918702244758606]]]"
nb_s133952_mpnn_4_BHRF,"[[0.8788495063781738, 0.9124905467033386]]","[[[0.8788495063781738, 0.26373910903930664], [0.2190956473350525, 0.9124905467033386]]]","[[0.8997340202331543, 0.9159249067306519]]","[[[0.8997340202331543, 0.38392555713653564], [0.3817704916000366, 0.9159249067306519]]]"
nb_s233025_mpnn_1_BHRF,"[[0.8943967819213867, 0.9066675305366516]]","[[[0.8943967819213867, 0.22903738915920258], [0.18405187129974365, 0.9066675305366516]]]","[[0.8738195300102234, 0.8841803073883057]]","[[[0.8738195300102234, 0.4072706401348114], [0.3691192865371704, 0.8841803073883057]]]"
nb_s233025_mpnn_2_BHRF,"[[0.9145016074180603, 0.9118978977203369]]","[[[0.9145016074180603, 0.30100905895233154], [0.26920777559280396, 0.9118978977203369]]]","[[0.8863490223884583, 0.9171295166015625]]","[[[0.8863490223884583, 0.42131373286247253], [0.41448813676834106, 0.9171295166015625]]]"
nb_s666722_mpnn_1_BHRF,"[[0.9234157204627991, 0.9200664162635803]]","[[[0.9234157204627991, 0.5887104272842407], [0.597330629825592, 0.9200664162635803]]]","[[0.9212293028831482, 0.9126895666122437]]","[[[0.9212293028831482, 0.35662543773651123], [0.32963356375694275, 0.9126895666122437]]]"
nb_s666722_mpnn_2_IL20,"[[0.9213464260101318, 0.8884910345077515]]","[[[0.9213464260101318, 0.23408213257789612], [0.19342376291751862, 0.8884910345077515]]]","[[0.9205281734466553, 0.8903020620346069]]","[[[0.9205281734466553, 0.3032233715057373], [0.30568596720695496, 0.8903020620346069]]]"
nb_s645924_mpnn_3_BHRF,"[[0.9269050359725952, 0.9174658060073853]]","[[[0.9269050359725952, 0.5890739560127258], [0.5801381468772888, 0.9174658060073853]]]","[[0.9266232252120972, 0.9200248122215271]]","[[[0.9266232252120972, 0.6413021683692932], [0.6185387372970581, 0.9200248122215271]]]"
nb_s609713_mpnn_4_BHRF,"[[0.9263151288032532, 0.9032411575317383]]","[[[0.9263151288032532, 0.19439275562763214], [0.13708828389644623, 0.9032411575317383]]]","[[0.9231283664703369, 0.8932523727416992]]","[[[0.9231283664703369, 0.36503177881240845], [0.3257236182689667, 0.8932523727416992]]]"
nb_s792926_mpnn_4_BHRF,"[[0.8855748772621155, 0.9106225967407227]]","[[[0.8855748772621155, 0.24230074882507324], [0.2046339362859726, 0.9106225967407227]]]","[[0.8857873678207397, 0.904313862323761]]","[[[0.8857873678207397, 0.29759252071380615], [0.26341429352760315, 0.904313862323761]]]"
nb_s792926_mpnn_5_IL20,"[[0.907727837562561, 0.8871829509735107]]","[[[0.907727837562561, 0.30522680282592773], [0.31272733211517334, 0.8871829509735107]]]","[[0.8855195045471191, 0.8664417266845703]]","[[[0.8855195045471191, 0.30644193291664124], [0.2728782892227173, 0.8664417266845703]]]"
nb_s807208_mpnn_5_PDL1,"[[0.9005363583564758, 0.8723607063293457]]","[[[0.9005363583564758, 0.262764573097229], [0.2604053318500519, 0.8723607063293457]]]","[[0.9026788473129272, 0.8570306301116943]]","[[[0.9026788473129272, 0.4086952805519104], [0.4473867416381836, 0.8570306301116943]]]"
nb_s358395_mpnn_2_PDL1,"[[0.9060090184211731, 0.8843039274215698]]","[[[0.9060090184211731, 0.2598804235458374], [0.24634738266468048, 0.8843039274215698]]]","[[0.9025282263755798, 0.8814187049865723]]","[[[0.9025282263755798, 0.3977595865726471], [0.40973907709121704, 0.8814187049865723]]]"
nb_s556135_mpnn_1_IL20,"[[0.8950762748718262, 0.9021466970443726]]","[[[0.8950762748718262, 0.21088436245918274], [0.15974004566669464, 0.9021466970443726]]]","[[0.891257107257843, 0.8586559295654297]]","[[[0.891257107257843, 0.33225879073143005], [0.266710102558136, 0.8586559295654297]]]"
nb_s556135_mpnn_2_IL20,"[[0.8838401436805725, 0.893842339515686]]","[[[0.8838401436805725, 0.20035596191883087], [0.16412353515625, 0.893842339515686]]]","[[0.8918613195419312, 0.8411028981208801]]","[[[0.8918613195419312, 0.38804399967193604], [0.3490801751613617, 0.8411028981208801]]]"
nb_s358395_mpnn_3_PDL1,"[[0.9000193476676941, 0.8789631724357605]]","[[[0.9000193476676941, 0.21545617282390594], [0.1871049702167511, 0.8789631724357605]]]","[[0.9000207781791687, 0.881980299949646]]","[[[0.9000207781791687, 0.368173748254776], [0.36462247371673584, 0.881980299949646]]]"
nb_s604314_mpnn_3_BHRF,"[[0.9060673713684082, 0.8875997066497803]]","[[[0.9060673713684082, 0.2311917245388031], [0.1893397718667984, 0.8875997066497803]]]","[[0.9020085334777832, 0.9024872779846191]]","[[[0.9020085334777832, 0.32030588388442993], [0.28310444951057434, 0.9024872779846191]]]"
nb_s877988_mpnn_3_IL20,"[[0.906462550163269, 0.8909662961959839]]","[[[0.906462550163269, 0.196061372756958], [0.15036641061306, 0.8909662961959839]]]","[[0.9075758457183838, 0.8957079648971558]]","[[[0.9075758457183838, 0.24397273361682892], [0.21188560128211975, 0.8957079648971558]]]"
nb_s283003_mpnn_2_IL20,"[[0.8994404673576355, 0.8927097916603088]]","[[[0.8994404673576355, 0.18648383021354675], [0.13754118978977203, 0.8927097916603088]]]","[[0.8790081739425659, 0.8536159992218018]]","[[[0.8790081739425659, 0.3552735149860382], [0.35013508796691895, 0.8536159992218018]]]"
nb_s283003_mpnn_3_PDL1,"[[0.9133821725845337, 0.8829984664916992]]","[[[0.9133821725845337, 0.2608965337276459], [0.2280300259590149, 0.8829984664916992]]]","[[0.9173321723937988, 0.8867424130439758]]","[[[0.9173321723937988, 0.3667675852775574], [0.3411303162574768, 0.8867424130439758]]]"
nb_s807688_mpnn_3_IL20,"[[0.9232256412506104, 0.8915451169013977]]","[[[0.9232256412506104, 0.23525241017341614], [0.2161247879266739, 0.8915451169013977]]]","[[0.916406512260437, 0.881165623664856]]","[[[0.916406512260437, 0.34448403120040894], [0.2911642789840698, 0.881165623664856]]]"
nb_s81839_mpnn_1_BHRF,"[[0.9312925934791565, 0.8988433480262756]]","[[[0.9312925934791565, 0.28669989109039307], [0.2586599588394165, 0.8988433480262756]]]","[[0.930778443813324, 0.9134499430656433]]","[[[0.930778443813324, 0.5084474682807922], [0.4628736674785614, 0.9134499430656433]]]"
nb_s81839_mpnn_3_IL20,"[[0.9299207925796509, 0.8888375759124756]]","[[[0.9299207925796509, 0.2171945422887802], [0.16372288763523102, 0.8888375759124756]]]","[[0.8984809517860413, 0.890215277671814]]","[[[0.8984809517860413, 0.3827248811721802], [0.3463423252105713, 0.890215277671814]]]"
nb_s206830_mpnn_1_PDL1,"[[0.8867719173431396, 0.8811416029930115]]","[[[0.8867719173431396, 0.2531697750091553], [0.2577264904975891, 0.8811416029930115]]]","[[0.9276860356330872, 0.9284685850143433]]","[[[0.9276860356330872, 0.6341004371643066], [0.635897159576416, 0.9284685850143433]]]"
nb_s289628_mpnn_1_PDL1,"[[0.9069128036499023, 0.881165623664856]]","[[[0.9069128036499023, 0.26335039734840393], [0.24543841183185577, 0.881165623664856]]]","[[0.9108213782310486, 0.8775404095649719]]","[[[0.9108213782310486, 0.4318537414073944], [0.41107335686683655, 0.8775404095649719]]]"
nb_s450006_mpnn_3_IL20,"[[0.9246132373809814, 0.8847168684005737]]","[[[0.9246132373809814, 0.32187044620513916], [0.2949119210243225, 0.8847168684005737]]]","[[0.8943764567375183, 0.8786514401435852]]","[[[0.8943764567375183, 0.2668648064136505], [0.2450614869594574, 0.8786514401435852]]]"
nb_s483532_mpnn_3_BHRF,"[[0.9030324816703796, 0.9065077900886536]]","[[[0.9030324816703796, 0.19318687915802002], [0.14778456091880798, 0.9065077900886536]]]","[[0.880144476890564, 0.9023133516311646]]","[[[0.880144476890564, 0.3773028254508972], [0.3411201536655426, 0.9023133516311646]]]"
nb_s754136_mpnn_1_IL20,"[[0.9177654981613159, 0.89375239610672]]","[[[0.9177654981613159, 0.19144833087921143], [0.136997789144516, 0.89375239610672]]]","[[0.8751411437988281, 0.848368763923645]]","[[[0.8751411437988281, 0.27885857224464417], [0.2424725890159607, 0.848368763923645]]]"
nb_s327251_mpnn_3_PDL1,"[[0.9440889954566956, 0.8832200169563293]]","[[[0.9440889954566956, 0.3041464388370514], [0.2928885817527771, 0.8832200169563293]]]","[[0.9436497092247009, 0.8782756328582764]]","[[[0.9436497092247009, 0.3650698661804199], [0.35532039403915405, 0.8782756328582764]]]"
nb_s327251_mpnn_4_IL20,"[[0.9282293915748596, 0.9052861332893372]]","[[[0.9282293915748596, 0.7379503846168518], [0.7048869132995605, 0.9052861332893372]]]","[[0.9285115599632263, 0.884376049041748]]","[[[0.9285115599632263, 0.2955092787742615], [0.23668931424617767, 0.884376049041748]]]"
nb_s24110_mpnn_5_BHRF,"[[0.8851436376571655, 0.9157605171203613]]","[[[0.8851436376571655, 0.3664187788963318], [0.34656819701194763, 0.9157605171203613]]]","[[0.8976579308509827, 0.9190750122070312]]","[[[0.8976579308509827, 0.541994035243988], [0.5717633366584778, 0.9190750122070312]]]"
nb_s105046_mpnn_2_PDL1,"[[0.9250167012214661, 0.8798715472221375]]","[[[0.9250167012214661, 0.25189653038978577], [0.236153244972229, 0.8798715472221375]]]","[[0.9146186709403992, 0.8868438601493835]]","[[[0.9146186709403992, 0.42041125893592834], [0.42341524362564087, 0.8868438601493835]]]"
nb_s141576_mpnn_4_PDL1,"[[0.9225329160690308, 0.8840442895889282]]","[[[0.9225329160690308, 0.34674015641212463], [0.33077913522720337, 0.8840442895889282]]]","[[0.932966411113739, 0.8863349556922913]]","[[[0.932966411113739, 0.4413958787918091], [0.4280722737312317, 0.8863349556922913]]]"
nb_s614599_mpnn_3_IL20,"[[0.8922369480133057, 0.8958549499511719]]","[[[0.8922369480133057, 0.3017665147781372], [0.27046340703964233, 0.8958549499511719]]]","[[0.9008670449256897, 0.8965417146682739]]","[[[0.9008670449256897, 0.32469701766967773], [0.29414060711860657, 0.8965417146682739]]]"
nb_s182729_mpnn_5_PDL1,"[[0.9178774356842041, 0.8812375068664551]]","[[[0.9178774356842041, 0.2862810790538788], [0.27216050028800964, 0.8812375068664551]]]","[[0.9174694418907166, 0.8870203495025635]]","[[[0.9174694418907166, 0.40292230248451233], [0.4226161241531372, 0.8870203495025635]]]"
nb_s310510_mpnn_2_BHRF,"[[0.9054093360900879, 0.9096938371658325]]","[[[0.9054093360900879, 0.2883688807487488], [0.2587358057498932, 0.9096938371658325]]]","[[0.9151861667633057, 0.9153876900672913]]","[[[0.9151861667633057, 0.6323151588439941], [0.6722233295440674, 0.9153876900672913]]]"
nb_s870461_mpnn_2_PDL1,"[[0.9235196709632874, 0.8802239894866943]]","[[[0.9235196709632874, 0.2792551815509796], [0.2560930848121643, 0.8802239894866943]]]","[[0.9250565767288208, 0.8824187517166138]]","[[[0.9250565767288208, 0.35026490688323975], [0.33366233110427856, 0.8824187517166138]]]"
nb_s870461_mpnn_4_IL20,"[[0.8943691849708557, 0.8938325643539429]]","[[[0.8943691849708557, 0.25839513540267944], [0.212668314576149, 0.8938325643539429]]]","[[0.87799072265625, 0.8950178623199463]]","[[[0.87799072265625, 0.546647310256958], [0.5511722564697266, 0.8950178623199463]]]"
nb_s459933_mpnn_3_PDL1,"[[0.9264535307884216, 0.8804860711097717]]","[[[0.9264535307884216, 0.22802484035491943], [0.22808359563350677, 0.8804860711097717]]]","[[0.9276079535484314, 0.8827093243598938]]","[[[0.9276079535484314, 0.3637532591819763], [0.3643823564052582, 0.8827093243598938]]]"
nb_s768471_mpnn_1_BHRF,"[[0.8982471227645874, 0.9080114364624023]]","[[[0.8982471227645874, 0.30285388231277466], [0.25971347093582153, 0.9080114364624023]]]","[[0.8968396782875061, 0.8937530517578125]]","[[[0.8968396782875061, 0.2931784689426422], [0.23490028083324432, 0.8937530517578125]]]"
nb_s1156_mpnn_5_PDL1,"[[0.9153305292129517, 0.8904058337211609]]","[[[0.9153305292129517, 0.46892574429512024], [0.49931982159614563, 0.8904058337211609]]]","[[0.9222665429115295, 0.9258347749710083]]","[[[0.9222665429115295, 0.45861050486564636], [0.48624807596206665, 0.9258347749710083]]]"
nb_s541171_mpnn_1_PDL1,"[[0.9209213256835938, 0.8749040365219116]]","[[[0.9209213256835938, 0.18939033150672913], [0.17580673098564148, 0.8749040365219116]]]","[[0.8867659568786621, 0.8884553909301758]]","[[[0.8867659568786621, 0.38937345147132874], [0.3853130340576172, 0.8884553909301758]]]"
nb_s140867_mpnn_3_PDL1,"[[0.8887251019477844, 0.8836802840232849]]","[[[0.8887251019477844, 0.2914353013038635], [0.29097503423690796, 0.8836802840232849]]]","[[0.9084246158599854, 0.8863793611526489]]","[[[0.9084246158599854, 0.511301577091217], [0.5061299204826355, 0.8863793611526489]]]"
nb_s183327_mpnn_2_PDL1,"[[0.9292711615562439, 0.8817214369773865]]","[[[0.9292711615562439, 0.31691041588783264], [0.3080470860004425, 0.8817214369773865]]]","[[0.9294103384017944, 0.8844172358512878]]","[[[0.9294103384017944, 0.38298317790031433], [0.36598458886146545, 0.8844172358512878]]]"
nb_s2898_mpnn_1_IL20,"[[0.8927441835403442, 0.8875618577003479]]","[[[0.8927441835403442, 0.26454025506973267], [0.22673262655735016, 0.8875618577003479]]]","[[0.9013314247131348, 0.8894490599632263]]","[[[0.9013314247131348, 0.3609657883644104], [0.30475914478302, 0.8894490599632263]]]"
nb_s923023_mpnn_1_PDL1,"[[0.9330185651779175, 0.8786030411720276]]","[[[0.9330185651779175, 0.24573080241680145], [0.22211045026779175, 0.8786030411720276]]]","[[0.9333374500274658, 0.8870302438735962]]","[[[0.9333374500274658, 0.3607126474380493], [0.3549571633338928, 0.8870302438735962]]]"
nb_s299548_mpnn_5_PDL1,"[[0.9216934442520142, 0.8773463368415833]]","[[[0.9216934442520142, 0.19282473623752594], [0.16472752392292023, 0.8773463368415833]]]","[[0.9259772896766663, 0.8797323703765869]]","[[[0.9259772896766663, 0.5283856987953186], [0.5448359251022339, 0.8797323703765869]]]"
nb_s33838_mpnn_1_BHRF,"[[0.9145212769508362, 0.8988972902297974]]","[[[0.9145212769508362, 0.22224581241607666], [0.19206079840660095, 0.8988972902297974]]]","[[0.918455958366394, 0.9144561886787415]]","[[[0.918455958366394, 0.43012571334838867], [0.39446133375167847, 0.9144561886787415]]]"
nb_s33838_mpnn_3_BHRF,"[[0.9219543933868408, 0.9117918610572815]]","[[[0.9219543933868408, 0.2967583239078522], [0.2648933231830597, 0.9117918610572815]]]","[[0.8890894055366516, 0.9145990014076233]]","[[[0.8890894055366516, 0.4491859972476959], [0.4357282817363739, 0.9145990014076233]]]"
nb_s390940_mpnn_2_PDL1,"[[0.8551658987998962, 0.8777616620063782]]","[[[0.8551658987998962, 0.19018658995628357], [0.15192075073719025, 0.8777616620063782]]]","[[0.8615000247955322, 0.8573126792907715]]","[[[0.8615000247955322, 0.22835519909858704], [0.23465946316719055, 0.8573126792907715]]]"
nb_s390940_mpnn_4_PDL1,"[[0.8568333387374878, 0.877371609210968]]","[[[0.8568333387374878, 0.19386570155620575], [0.15997308492660522, 0.877371609210968]]]","[[0.8644354939460754, 0.8882511854171753]]","[[[0.8644354939460754, 0.38200312852859497], [0.38872823119163513, 0.8882511854171753]]]"
nb_s403539_mpnn_3_BHRF,"[[0.8747776746749878, 0.9106735587120056]]","[[[0.8747776746749878, 0.39956092834472656], [0.37457942962646484, 0.9106735587120056]]]","[[0.8900347948074341, 0.9043142795562744]]","[[[0.8900347948074341, 0.484110563993454], [0.4897010922431946, 0.9043142795562744]]]"
nb_s410453_mpnn_5_PDL1,"[[0.8900225162506104, 0.8723114132881165]]","[[[0.8900225162506104, 0.1986200362443924], [0.1573236733675003, 0.8723114132881165]]]","[[0.8857682943344116, 0.9199385643005371]]","[[[0.8857682943344116, 0.4612317681312561], [0.4957924485206604, 0.9199385643005371]]]"
nb_s410453_mpnn_2_PDL1,"[[0.8928380012512207, 0.8727468252182007]]","[[[0.8928380012512207, 0.19640317559242249], [0.1546129435300827, 0.8727468252182007]]]","[[0.9003751277923584, 0.8539321422576904]]","[[[0.9003751277923584, 0.3485182523727417], [0.34006044268608093, 0.8539321422576904]]]"
nb_s473012_mpnn_5_PDL1,"[[0.9351683259010315, 0.8757816553115845]]","[[[0.9351683259010315, 0.17819717526435852], [0.14690592885017395, 0.8757816553115845]]]","[[0.9255459308624268, 0.8759971857070923]]","[[[0.9255459308624268, 0.44750145077705383], [0.4480685889720917, 0.8759971857070923]]]"
nb_s530943_mpnn_3_BHRF,"[[0.8887408375740051, 0.9058637022972107]]","[[[0.8887408375740051, 0.22527308762073517], [0.19244036078453064, 0.9058637022972107]]]","[[0.9208150506019592, 0.911820113658905]]","[[[0.9208150506019592, 0.6906395554542542], [0.7088525295257568, 0.911820113658905]]]"
nb_s563170_mpnn_3_PDL1,"[[0.9229153394699097, 0.882253885269165]]","[[[0.9229153394699097, 0.2535721957683563], [0.22213977575302124, 0.882253885269165]]]","[[0.8869327902793884, 0.8816085457801819]]","[[[0.8869327902793884, 0.41974568367004395], [0.4400652050971985, 0.8816085457801819]]]"
nb_s771809_mpnn_3_PDL1,"[[0.9370317459106445, 0.8842809200286865]]","[[[0.9370317459106445, 0.17798081040382385], [0.18307964503765106, 0.8842809200286865]]]","[[0.9297420978546143, 0.8882244229316711]]","[[[0.9297420978546143, 0.3906347155570984], [0.3626677691936493, 0.8882244229316711]]]"
nb_s785824_mpnn_3_PDL1,"[[0.880375862121582, 0.876335859298706]]","[[[0.880375862121582, 0.17852972447872162], [0.13787320256233215, 0.876335859298706]]]","[[0.9071606397628784, 0.8851900696754456]]","[[[0.9071606397628784, 0.5351803302764893], [0.5733084082603455, 0.8851900696754456]]]"
nb_s785824_mpnn_2_BHRF,"[[0.8739387392997742, 0.9058183431625366]]","[[[0.8739387392997742, 0.18883851170539856], [0.13157398998737335, 0.9058183431625366]]]","[[0.8835837841033936, 0.9128548502922058]]","[[[0.8835837841033936, 0.4777873456478119], [0.44848325848579407, 0.9128548502922058]]]"
nb_s103722_mpnn_4_PDL1,"[[0.8541395664215088, 0.8866255283355713]]","[[[0.8541395664215088, 0.32841962575912476], [0.3113448917865753, 0.8866255283355713]]]","[[0.8595438003540039, 0.8906408548355103]]","[[[0.8595438003540039, 0.43527930974960327], [0.4242301285266876, 0.8906408548355103]]]"
nb_s148672_mpnn_1_BHRF,"[[0.8770952224731445, 0.9160919785499573]]","[[[0.8770952224731445, 0.3941081464290619], [0.3875734508037567, 0.9160919785499573]]]","[[0.8879285454750061, 0.926708459854126]]","[[[0.8879285454750061, 0.55723637342453], [0.6052281856536865, 0.926708459854126]]]"
nb_s169413_mpnn_5_IL3,"[[0.8792465925216675, 0.31901711225509644]]","[[[0.8792465925216675, 0.18035882711410522], [0.15414991974830627, 0.31901711225509644]]]","[[0.8803467154502869, 0.3185407519340515]]","[[[0.8803467154502869, 0.2681860625743866], [0.28506147861480713, 0.3185407519340515]]]"
nb_s80385_mpnn_2_PDL1,"[[0.8666792511940002, 0.8737021684646606]]","[[[0.8666792511940002, 0.2714551091194153], [0.24651196599006653, 0.8737021684646606]]]","[[0.8726030588150024, 0.8665340542793274]]","[[[0.8726030588150024, 0.3875606656074524], [0.405119925737381, 0.8665340542793274]]]"
nb_s837885_mpnn_1_BHRF,"[[0.9216437935829163, 0.9079442024230957]]","[[[0.9216437935829163, 0.27601051330566406], [0.2393648624420166, 0.9079442024230957]]]","[[0.901344895362854, 0.9087697267532349]]","[[[0.901344895362854, 0.5350329875946045], [0.5545741319656372, 0.9087697267532349]]]"
nb_s874243_mpnn_2_IL3,"[[0.9092526435852051, 0.30815839767456055]]","[[[0.9092526435852051, 0.19688111543655396], [0.3661459982395172, 0.30815839767456055]]]","[[0.9223120808601379, 0.338603675365448]]","[[[0.9223120808601379, 0.28842484951019287], [0.3485420048236847, 0.338603675365448]]]"
nb_s874243_mpnn_5_BHRF,"[[0.9014682173728943, 0.8976738452911377]]","[[[0.9014682173728943, 0.19040976464748383], [0.14189516007900238, 0.8976738452911377]]]","[[0.9006589651107788, 0.9051469564437866]]","[[[0.9006589651107788, 0.4240458011627197], [0.3935058116912842, 0.9051469564437866]]]"
nb_s913468_mpnn_2_BHRF,"[[0.9154026508331299, 0.9093108177185059]]","[[[0.9154026508331299, 0.23109261691570282], [0.17782911658287048, 0.9093108177185059]]]","[[0.9063287377357483, 0.9048691391944885]]","[[[0.9063287377357483, 0.40624451637268066], [0.37686002254486084, 0.9048691391944885]]]"
nb_s913468_mpnn_5_BHRF,"[[0.9014302492141724, 0.910304844379425]]","[[[0.9014302492141724, 0.2625757157802582], [0.2177780270576477, 0.910304844379425]]]","[[0.8956723213195801, 0.9154284596443176]]","[[[0.8956723213195801, 0.3603532314300537], [0.3375706970691681, 0.9154284596443176]]]"
nb_s921313_mpnn_2_PDL1,"[[0.8898431658744812, 0.8788595199584961]]","[[[0.8898431658744812, 0.151046022772789], [0.13201361894607544, 0.8788595199584961]]]","[[0.905130922794342, 0.8783754110336304]]","[[[0.905130922794342, 0.39103782176971436], [0.40458860993385315, 0.8783754110336304]]]"
nb_s201653_mpnn_1_BHRF,"[[0.9138327240943909, 0.9060790538787842]]","[[[0.9138327240943909, 0.2744137942790985], [0.2549241781234741, 0.9060790538787842]]]","[[0.891059398651123, 0.9147844314575195]]","[[[0.891059398651123, 0.4148334860801697], [0.4017814099788666, 0.9147844314575195]]]"
nb_s296830_mpnn_3_BHRF,"[[0.8830752968788147, 0.9068219661712646]]","[[[0.8830752968788147, 0.18888166546821594], [0.1337115615606308, 0.9068219661712646]]]","[[0.886430561542511, 0.9140370488166809]]","[[[0.886430561542511, 0.4550325870513916], [0.4433242678642273, 0.9140370488166809]]]"
nb_s2975_mpnn_1_PDL1,"[[0.890999436378479, 0.8682103157043457]]","[[[0.890999436378479, 0.14962439239025116], [0.12623107433319092, 0.8682103157043457]]]","[[0.897987425327301, 0.9211429357528687]]","[[[0.897987425327301, 0.45189982652664185], [0.4803212881088257, 0.9211429357528687]]]"
nb_s434952_mpnn_1_BHRF,"[[0.8662555813789368, 0.9125511050224304]]","[[[0.8662555813789368, 0.2619125247001648], [0.1967008113861084, 0.9125511050224304]]]","[[0.9106647968292236, 0.8849308490753174]]","[[[0.9106647968292236, 0.4093110263347626], [0.3591904938220978, 0.8849308490753174]]]"
nb_s566504_mpnn_1_BHRF,"[[0.9081736207008362, 0.9077101945877075]]","[[[0.9081736207008362, 0.4801703691482544], [0.40442997217178345, 0.9077101945877075]]]","[[0.9131377935409546, 0.9107585549354553]]","[[[0.9131377935409546, 0.6356106996536255], [0.628612220287323, 0.9107585549354553]]]"
nb_s566504_mpnn_5_PDL1,"[[0.9191077947616577, 0.8743299245834351]]","[[[0.9191077947616577, 0.2661131024360657], [0.265617698431015, 0.8743299245834351]]]","[[0.9238049983978271, 0.9221221208572388]]","[[[0.9238049983978271, 0.557906985282898], [0.5369457602500916, 0.9221221208572388]]]"
nb_s607831_mpnn_3_PDL1,"[[0.9036945104598999, 0.8822318911552429]]","[[[0.9036945104598999, 0.3201633095741272], [0.30447614192962646, 0.8822318911552429]]]","[[0.8859382271766663, 0.8826196193695068]]","[[[0.8859382271766663, 0.45008787512779236], [0.45539021492004395, 0.8826196193695068]]]"
nb_s607831_mpnn_5_PDL1,"[[0.8784809708595276, 0.8859650492668152]]","[[[0.8784809708595276, 0.32230275869369507], [0.3251345753669739, 0.8859650492668152]]]","[[0.8721086382865906, 0.875968337059021]]","[[[0.8721086382865906, 0.32814136147499084], [0.2977413535118103, 0.875968337059021]]]"
nb_s64546_mpnn_3_PDL1,"[[0.9277220368385315, 0.8775081634521484]]","[[[0.9277220368385315, 0.21846985816955566], [0.1983852982521057, 0.8775081634521484]]]","[[0.9267145991325378, 0.8816540241241455]]","[[[0.9267145991325378, 0.3339083194732666], [0.3244004547595978, 0.8816540241241455]]]"
nb_s64546_mpnn_1_IL3,"[[0.9268293976783752, 0.32198554277420044]]","[[[0.9268293976783752, 0.14859017729759216], [0.09713228791952133, 0.32198554277420044]]]","[[0.9246681928634644, 0.3140082061290741]]","[[[0.9246681928634644, 0.17881695926189423], [0.13447393476963043, 0.3140082061290741]]]"
nb_s648479_mpnn_1_BHRF,"[[0.8810104131698608, 0.9056196212768555]]","[[[0.8810104131698608, 0.18125881254673004], [0.13123950362205505, 0.9056196212768555]]]","[[0.891724705696106, 0.9197810888290405]]","[[[0.891724705696106, 0.47289979457855225], [0.42800676822662354, 0.9197810888290405]]]"
nb_s689267_mpnn_1_IL3,"[[0.92665696144104, 0.32710960507392883]]","[[[0.92665696144104, 0.1571502983570099], [0.21513116359710693, 0.32710960507392883]]]","[[0.9221262335777283, 0.3276813328266144]]","[[[0.9221262335777283, 0.26079511642456055], [0.20594896376132965, 0.3276813328266144]]]"
nb_s689267_mpnn_2_BHRF,"[[0.9186047315597534, 0.90703284740448]]","[[[0.9186047315597534, 0.37440866231918335], [0.3539641499519348, 0.90703284740448]]]","[[0.9161545634269714, 0.9092687368392944]]","[[[0.9161545634269714, 0.5428578853607178], [0.5490727424621582, 0.9092687368392944]]]"
nb_s713450_mpnn_2_IL3,"[[0.8879833817481995, 0.30600640177726746]]","[[[0.8879833817481995, 0.24566057324409485], [0.48942890763282776, 0.30600640177726746]]]","[[0.9328705072402954, 0.3466043770313263]]","[[[0.9328705072402954, 0.2986754775047302], [0.6435425877571106, 0.3466043770313263]]]"
nb_s717713_mpnn_4_IL3,"[[0.8919900059700012, 0.305711030960083]]","[[[0.8919900059700012, 0.14508523046970367], [0.09371732920408249, 0.305711030960083]]]","[[0.8994894027709961, 0.3859972655773163]]","[[[0.8994894027709961, 0.2631487250328064], [0.4234808087348938, 0.3859972655773163]]]"
nb_s717713_mpnn_2_BHRF,"[[0.8941509127616882, 0.9034110307693481]]","[[[0.8941509127616882, 0.25964879989624023], [0.24400867521762848, 0.9034110307693481]]]","[[0.90666663646698, 0.9081364274024963]]","[[[0.90666663646698, 0.4680700898170471], [0.44401150941848755, 0.9081364274024963]]]"
nb_s752383_mpnn_5_PDL1,"[[0.9031116962432861, 0.8776677846908569]]","[[[0.9031116962432861, 0.14268767833709717], [0.15776808559894562, 0.8776677846908569]]]","[[0.9100141525268555, 0.8803142309188843]]","[[[0.9100141525268555, 0.5466778874397278], [0.5309488773345947, 0.8803142309188843]]]"
nb_s752383_mpnn_3_IL3,"[[0.9211798906326294, 0.3115439713001251]]","[[[0.9211798906326294, 0.19894938170909882], [0.42461323738098145, 0.3115439713001251]]]","[[0.9278408885002136, 0.4311337172985077]]","[[[0.9278408885002136, 0.41439351439476013], [0.7242853045463562, 0.4311337172985077]]]"
nb_s713450_mpnn_1_PDL1,"[[0.8829525113105774, 0.8771287202835083]]","[[[0.8829525113105774, 0.1556864082813263], [0.1372542381286621, 0.8771287202835083]]]","[[0.9078790545463562, 0.8818314671516418]]","[[[0.9078790545463562, 0.5451152324676514], [0.6272836923599243, 0.8818314671516418]]]"
nb_s417721_mpnn_3_PDL1,"[[0.9044948816299438, 0.8872318267822266]]","[[[0.9044948816299438, 0.32567861676216125], [0.3261910378932953, 0.8872318267822266]]]","[[0.9026796221733093, 0.9240380525588989]]","[[[0.9026796221733093, 0.3781498670578003], [0.3894888162612915, 0.9240380525588989]]]"
nb_s795450_mpnn_4_PDL1,"[[0.9014870524406433, 0.8813017010688782]]","[[[0.9014870524406433, 0.30005335807800293], [0.29870402812957764, 0.8813017010688782]]]","[[0.9284727573394775, 0.9221885204315186]]","[[[0.9284727573394775, 0.4766526520252228], [0.4862588942050934, 0.9221885204315186]]]"
nb_s55152_mpnn_1_PDL1,"[[0.8266425728797913, 0.8823826313018799]]","[[[0.8266425728797913, 0.23550209403038025], [0.22674642503261566, 0.8823826313018799]]]","[[0.8671063780784607, 0.8855786323547363]]","[[[0.8671063780784607, 0.3790462017059326], [0.39809373021125793, 0.8855786323547363]]]"
nb_s802159_mpnn_2_PDL1,"[[0.925972044467926, 0.8919700980186462]]","[[[0.925972044467926, 0.6931632161140442], [0.6644908785820007, 0.8919700980186462]]]","[[0.9122778177261353, 0.8826005458831787]]","[[[0.9122778177261353, 0.3598986268043518], [0.36817264556884766, 0.8826005458831787]]]"
nb_s506400_mpnn_4_PDL1,"[[0.8949377536773682, 0.8815885186195374]]","[[[0.8949377536773682, 0.22393649816513062], [0.21317581832408905, 0.8815885186195374]]]","[[0.8919042944908142, 0.8806934952735901]]","[[[0.8919042944908142, 0.33281248807907104], [0.34734368324279785, 0.8806934952735901]]]"
nb_s949322_mpnn_4_IL3,"[[0.8550662994384766, 0.3096354901790619]]","[[[0.8550662994384766, 0.13021977245807648], [0.08817499876022339, 0.3096354901790619]]]","[[0.8519356846809387, 0.3502098619937897]]","[[[0.8519356846809387, 0.18149247765541077], [0.1274857074022293, 0.3502098619937897]]]"
nb_s453654_mpnn_2_IL20,"[[0.8958497643470764, 0.8878688812255859]]","[[[0.8958497643470764, 0.1737929880619049], [0.1222962960600853, 0.8878688812255859]]]","[[0.8879993557929993, 0.8708465695381165]]","[[[0.8879993557929993, 0.3042932152748108], [0.24667370319366455, 0.8708465695381165]]]"
nb_s175477_mpnn_2_IL20,"[[0.8827996253967285, 0.8973776698112488]]","[[[0.8827996253967285, 0.2923600375652313], [0.2668519914150238, 0.8973776698112488]]]","[[0.8781729340553284, 0.8722115159034729]]","[[[0.8781729340553284, 0.269641250371933], [0.21377716958522797, 0.8722115159034729]]]"
nb_s293208_mpnn_4_PDL1,"[[0.9127800464630127, 0.8850393295288086]]","[[[0.9127800464630127, 0.48478955030441284], [0.5056688189506531, 0.8850393295288086]]]","[[0.8850526213645935, 0.8787868618965149]]","[[[0.8850526213645935, 0.4756799340248108], [0.5629625916481018, 0.8787868618965149]]]"
nb_s949322_mpnn_2_IL3,"[[0.8589609861373901, 0.3194323182106018]]","[[[0.8589609861373901, 0.13542942702770233], [0.08473706245422363, 0.3194323182106018]]]","[[0.8759458065032959, 0.33826082944869995]]","[[[0.8759458065032959, 0.303952693939209], [0.34801459312438965, 0.33826082944869995]]]"
nb_s664067_mpnn_3_IL3,"[[0.8941321969032288, 0.3112298846244812]]","[[[0.8941321969032288, 0.1820405274629593], [0.11963105201721191, 0.3112298846244812]]]","[[0.9222757816314697, 0.618835985660553]]","[[[0.9222757816314697, 0.5675128698348999], [0.6566188335418701, 0.618835985660553]]]"
nb_s830050_mpnn_4_PDL1,"[[0.9203143119812012, 0.9235373139381409]]","[[[0.9203143119812012, 0.48738110065460205], [0.5175958871841431, 0.9235373139381409]]]","[[0.9131640791893005, 0.885397732257843]]","[[[0.9131640791893005, 0.728261411190033], [0.7244744896888733, 0.885397732257843]]]"
nb_s648756_mpnn_3_IL20,"[[0.9023152589797974, 0.8945649862289429]]","[[[0.9023152589797974, 0.2531059980392456], [0.20258817076683044, 0.8945649862289429]]]","[[0.9005883932113647, 0.8819549679756165]]","[[[0.9005883932113647, 0.41401633620262146], [0.383779376745224, 0.8819549679756165]]]"
nb_s596199_mpnn_2_PDL1,"[[0.9271686673164368, 0.876771867275238]]","[[[0.9271686673164368, 0.2001536786556244], [0.17559193074703217, 0.876771867275238]]]","[[0.9073376655578613, 0.8818002343177795]]","[[[0.9073376655578613, 0.38205966353416443], [0.3809099793434143, 0.8818002343177795]]]"
nb_s596199_mpnn_3_IL20,"[[0.8896135687828064, 0.8977805376052856]]","[[[0.8896135687828064, 0.24436026811599731], [0.19600439071655273, 0.8977805376052856]]]","[[0.888641893863678, 0.8710862994194031]]","[[[0.888641893863678, 0.30003821849823], [0.2436184138059616, 0.8710862994194031]]]"
nb_s648756_mpnn_1_IL20,"[[0.8991981148719788, 0.8925426602363586]]","[[[0.8991981148719788, 0.21330362558364868], [0.16091367602348328, 0.8925426602363586]]]","[[0.879124641418457, 0.8807029724121094]]","[[[0.879124641418457, 0.3115556836128235], [0.2579125761985779, 0.8807029724121094]]]"
nb_s983700_mpnn_1_PDL1,"[[0.872607946395874, 0.8783441781997681]]","[[[0.872607946395874, 0.23796550929546356], [0.22531858086585999, 0.8783441781997681]]]","[[0.8659977912902832, 0.8676385879516602]]","[[[0.8659977912902832, 0.2952191233634949], [0.28665176033973694, 0.8676385879516602]]]"
nb_s175477_mpnn_4_IL3,"[[0.9018414616584778, 0.313780814409256]]","[[[0.9018414616584778, 0.1548202782869339], [0.09714652597904205, 0.313780814409256]]]","[[0.9180217981338501, 0.3248445391654968]]","[[[0.9180217981338501, 0.25828564167022705], [0.3020387887954712, 0.3248445391654968]]]"
nb_s877334_mpnn_1_IL20,"[[0.8863030076026917, 0.8920926451683044]]","[[[0.8863030076026917, 0.2704426348209381], [0.2717423737049103, 0.8920926451683044]]]","[[0.87212073802948, 0.886790931224823]]","[[[0.87212073802948, 0.26212674379348755], [0.22045156359672546, 0.886790931224823]]]"
nb_s109706_mpnn_2_IL3,"[[0.9252957701683044, 0.3024163246154785]]","[[[0.9252957701683044, 0.18532639741897583], [0.1443311870098114, 0.3024163246154785]]]","[[0.929958701133728, 0.35486912727355957]]","[[[0.929958701133728, 0.23083028197288513], [0.22135722637176514, 0.35486912727355957]]]"
nb_s651199_mpnn_2_PDL1,"[[0.8847328424453735, 0.8769111037254333]]","[[[0.8847328424453735, 0.20986266434192657], [0.19766661524772644, 0.8769111037254333]]]","[[0.8877488374710083, 0.8863552808761597]]","[[[0.8877488374710083, 0.3425932228565216], [0.33621859550476074, 0.8863552808761597]]]"
nb_s558025_mpnn_1_IL20,"[[0.8776758909225464, 0.8974651098251343]]","[[[0.8776758909225464, 0.30082041025161743], [0.2769066393375397, 0.8974651098251343]]]","[[0.8713894486427307, 0.8947133421897888]]","[[[0.8713894486427307, 0.23449911177158356], [0.22779150307178497, 0.8947133421897888]]]"
nb_s814263_mpnn_3_PDL1,"[[0.8754222989082336, 0.8809908628463745]]","[[[0.8754222989082336, 0.24043381214141846], [0.22271955013275146, 0.8809908628463745]]]","[[0.909910261631012, 0.8829303979873657]]","[[[0.909910261631012, 0.41199201345443726], [0.44286414980888367, 0.8829303979873657]]]"
nb_s983700_mpnn_2_IL3,"[[0.864924967288971, 0.3165361285209656]]","[[[0.864924967288971, 0.1503497213125229], [0.11321919411420822, 0.3165361285209656]]]","[[0.8685654997825623, 0.302077054977417]]","[[[0.8685654997825623, 0.15636242926120758], [0.11429604887962341, 0.302077054977417]]]"
nb_s353537_mpnn_1_IL20,"[[0.8920755386352539, 0.8890992403030396]]","[[[0.8920755386352539, 0.15747776627540588], [0.12238699942827225, 0.8890992403030396]]]","[[0.8909605741500854, 0.8995304107666016]]","[[[0.8909605741500854, 0.31062838435173035], [0.27156394720077515, 0.8995304107666016]]]"
nb_s849285_mpnn_4_PDL1,"[[0.9264557361602783, 0.884110689163208]]","[[[0.9264557361602783, 0.39380478858947754], [0.40445417165756226, 0.884110689163208]]]","[[0.928979754447937, 0.9207842946052551]]","[[[0.928979754447937, 0.7055357098579407], [0.6836830377578735, 0.9207842946052551]]]"
nb_s807321_mpnn_2_IL3,"[[0.931031346321106, 0.3148813843727112]]","[[[0.931031346321106, 0.16138073801994324], [0.13378266990184784, 0.3148813843727112]]]","[[0.9314425587654114, 0.3593110740184784]]","[[[0.9314425587654114, 0.23178590834140778], [0.2217370867729187, 0.3593110740184784]]]"
nb_s204617_mpnn_1_IL20,"[[0.8846163749694824, 0.8859371542930603]]","[[[0.8846163749694824, 0.2017296552658081], [0.18275097012519836, 0.8859371542930603]]]","[[0.8962458968162537, 0.8942217826843262]]","[[[0.8962458968162537, 0.40813708305358887], [0.3863987326622009, 0.8942217826843262]]]"
nb_s877334_mpnn_2_IL20,"[[0.8936129808425903, 0.8955930471420288]]","[[[0.8936129808425903, 0.21909181773662567], [0.16678263247013092, 0.8955930471420288]]]","[[0.8657656908035278, 0.8457366824150085]]","[[[0.8657656908035278, 0.27999937534332275], [0.23565524816513062, 0.8457366824150085]]]"
nb_s373735_mpnn_2_PDL1,"[[0.9341803789138794, 0.8845449686050415]]","[[[0.9341803789138794, 0.595369279384613], [0.6030247211456299, 0.8845449686050415]]]","[[0.9366353154182434, 0.8897387385368347]]","[[[0.9366353154182434, 0.4459158480167389], [0.4397664964199066, 0.8897387385368347]]]"
nb_s814263_mpnn_4_PDL1,"[[0.8807451725006104, 0.8790178894996643]]","[[[0.8807451725006104, 0.24183061718940735], [0.22093115746974945, 0.8790178894996643]]]","[[0.8829195499420166, 0.8818988800048828]]","[[[0.8829195499420166, 0.487743079662323], [0.49568986892700195, 0.8818988800048828]]]"
nb_s663598_mpnn_2_IL3,"[[0.9434641599655151, 0.38908740878105164]]","[[[0.9434641599655151, 0.36698365211486816], [0.6419228911399841, 0.38908740878105164]]]","[[0.9420354962348938, 0.41971611976623535]]","[[[0.9420354962348938, 0.4171094298362732], [0.6337974071502686, 0.41971611976623535]]]"
nb_s327664_mpnn_4_IL3,"[[0.8841662406921387, 0.32536500692367554]]","[[[0.8841662406921387, 0.15024074912071228], [0.1286124438047409, 0.32536500692367554]]]","[[0.8879908323287964, 0.3109949231147766]]","[[[0.8879908323287964, 0.1756284236907959], [0.18646955490112305, 0.3109949231147766]]]"
nb_s453654_mpnn_1_IL3,"[[0.89301598072052, 0.30973324179649353]]","[[[0.89301598072052, 0.16177429258823395], [0.29192447662353516, 0.30973324179649353]]]","[[0.897498607635498, 0.37202420830726624]]","[[[0.897498607635498, 0.300693541765213], [0.3210236430168152, 0.37202420830726624]]]"
nb_s39537_mpnn_2_IL20,"[[0.8836113214492798, 0.8913131952285767]]","[[[0.8836113214492798, 0.174416184425354], [0.14720852673053741, 0.8913131952285767]]]","[[0.8732817769050598, 0.9043096899986267]]","[[[0.8732817769050598, 0.28588932752609253], [0.26986831426620483, 0.9043096899986267]]]"
nb_s105306_mpnn_3_PDL1,"[[0.9132986664772034, 0.8861261010169983]]","[[[0.9132986664772034, 0.26548245549201965], [0.2584349811077118, 0.8861261010169983]]]","[[0.9196392297744751, 0.8885297775268555]]","[[[0.9196392297744751, 0.4414447844028473], [0.46184903383255005, 0.8885297775268555]]]"
nb_s80543_mpnn_1_IL20,"[[0.8932135701179504, 0.902681291103363]]","[[[0.8932135701179504, 0.25624626874923706], [0.23234760761260986, 0.902681291103363]]]","[[0.8838487267494202, 0.8942214250564575]]","[[[0.8838487267494202, 0.3881615400314331], [0.3683784604072571, 0.8942214250564575]]]"
nb_s544951_mpnn_3_PDL1,"[[0.9319474697113037, 0.8842767477035522]]","[[[0.9319474697113037, 0.19661590456962585], [0.20623165369033813, 0.8842767477035522]]]","[[0.9263316988945007, 0.8929960131645203]]","[[[0.9263316988945007, 0.4681189954280853], [0.5766100287437439, 0.8929960131645203]]]"
nb_s299383_mpnn_3_IL3,"[[0.9297854900360107, 0.3138144910335541]]","[[[0.9297854900360107, 0.15978001058101654], [0.22717401385307312, 0.3138144910335541]]]","[[0.9230771064758301, 0.34743496775627136]]","[[[0.9230771064758301, 0.26793918013572693], [0.3493148386478424, 0.34743496775627136]]]"
nb_s105306_mpnn_2_IL3,"[[0.9087096452713013, 0.3165816068649292]]","[[[0.9087096452713013, 0.14947494864463806], [0.10222984850406647, 0.3165816068649292]]]","[[0.9023776650428772, 0.3244071900844574]]","[[[0.9023776650428772, 0.1762857437133789], [0.1352570503950119, 0.3244071900844574]]]"
nb_s938027_mpnn_3_IL3,"[[0.9192464351654053, 0.3208808898925781]]","[[[0.9192464351654053, 0.14352989196777344], [0.13056865334510803, 0.3208808898925781]]]","[[0.9222624897956848, 0.32074475288391113]]","[[[0.9222624897956848, 0.181837260723114], [0.18348060548305511, 0.32074475288391113]]]"
nb_s606821_mpnn_1_IL3,"[[0.892939031124115, 0.31450241804122925]]","[[[0.892939031124115, 0.20687755942344666], [0.24581624567508698, 0.31450241804122925]]]","[[0.8650301694869995, 0.347771555185318]]","[[[0.8650301694869995, 0.23697644472122192], [0.21295756101608276, 0.347771555185318]]]"
nb_s664067_mpnn_1_IL20,"[[0.8981952667236328, 0.8880448937416077]]","[[[0.8981952667236328, 0.3269115686416626], [0.3620971441268921, 0.8880448937416077]]]","[[0.884169340133667, 0.8750073909759521]]","[[[0.884169340133667, 0.3254678249359131], [0.29186031222343445, 0.8750073909759521]]]"
nb_s830050_mpnn_2_PDL1,"[[0.9279410243034363, 0.8734163045883179]]","[[[0.9279410243034363, 0.3623155355453491], [0.3852004408836365, 0.8734163045883179]]]","[[0.8834943771362305, 0.9017210602760315]]","[[[0.8834943771362305, 0.6948516964912415], [0.6889707446098328, 0.9017210602760315]]]"
nb_s558025_mpnn_4_PDL1,"[[0.8786278367042542, 0.8731329441070557]]","[[[0.8786278367042542, 0.227329820394516], [0.22736753523349762, 0.8731329441070557]]]","[[0.8944911956787109, 0.8806517720222473]]","[[[0.8944911956787109, 0.3639254570007324], [0.3578921854496002, 0.8806517720222473]]]"
nb_s276607_mpnn_4_IL20,"[[0.8600285053253174, 0.8946629762649536]]","[[[0.8600285053253174, 0.2821829915046692], [0.21131695806980133, 0.8946629762649536]]]","[[0.8919757008552551, 0.8950707316398621]]","[[[0.8919757008552551, 0.6546094417572021], [0.6089146733283997, 0.8950707316398621]]]"
nb_s442197_mpnn_3_PDL1,"[[0.8919302225112915, 0.8814478516578674]]","[[[0.8919302225112915, 0.2237304300069809], [0.219804048538208, 0.8814478516578674]]]","[[0.8939963579177856, 0.8827142715454102]]","[[[0.8939963579177856, 0.3714078962802887], [0.34571272134780884, 0.8827142715454102]]]"
nb_s776407_mpnn_2_IL3,"[[0.8776726126670837, 0.3146805167198181]]","[[[0.8776726126670837, 0.15940426290035248], [0.1426343321800232, 0.3146805167198181]]]","[[0.8920207023620605, 0.32630589604377747]]","[[[0.8920207023620605, 0.25755614042282104], [0.26369744539260864, 0.32630589604377747]]]"
nb_s206651_mpnn_1_IL3,"[[0.8686328530311584, 0.3101271986961365]]","[[[0.8686328530311584, 0.1639413833618164], [0.14412938058376312, 0.3101271986961365]]]","[[0.88742995262146, 0.3219488561153412]]","[[[0.88742995262146, 0.2582855820655823], [0.25260767340660095, 0.3219488561153412]]]"
nb_s972445_mpnn_2_IL20,"[[0.8948371410369873, 0.8983235955238342]]","[[[0.8948371410369873, 0.2229555994272232], [0.16775378584861755, 0.8983235955238342]]]","[[0.9061129093170166, 0.8636876344680786]]","[[[0.9061129093170166, 0.34597259759902954], [0.3535120189189911, 0.8636876344680786]]]"
