source,type,binder,KD[M],sample,af3_pae,af3_plddt,af3_interface_dG,af3_interface_dG_SASA_ratio,af3_ipae,af3_iplddt,af3_ipsae,af3_iptm,af3_ptm,af3_pyros_binder_score,cf_af3_rmsd,cf_pae,cf_plddt,cf_interface_dG,cf_interface_dG_SASA_ratio,cf_ipae,cf_iplddt,cf_ipsae,cf_iptm,cf_ptm,cf_pyros_binder_score,pred_ilddt,pred_lddt,esmfold_ipae,esmfold_iplddt,esmfold_plddt,esmfold_pae,esmfold_ptm,chai_unconstrained_score,chai_constrained_score,chai_unconstrained_aggregate_score,chai_unconstrained_ptm,chai_unconstrained_iptm,chai_unconstrained_interface_iptm,chai_constrained_aggregate_score,chai_constrained_ptm,chai_constrained_iptm,chai_constrained_interface_iptm,boltz_free_confidence_score,boltz_free_ptm,boltz_free_iptm,boltz_free_plddt,boltz_free_iplddt,boltz_free_pde,boltz_free_ipde,boltz_free_per_chain_pair_iptm,boltz_template_confidence_score,boltz_template_ptm,boltz_template_iptm,boltz_template_plddt,boltz_template_iplddt,boltz_template_pde,boltz_template_ipde,boltz_template_per_chain_pair_iptm,chai_unconstrained_per_chain_ptm,chai_constrained_per_chain_ptm,chai_unconstrained_per_chain_iptm,chai_constrained_per_chain_iptm
germinal,original,0,,nb_s413501_mpnn_3_PDL1,6.108293402777778,86.7426100795756,16.79,0.93,2.0442857142857136,89.46148135850673,0.71156,0.83,0.8300000000000001,-176.9,0.291,2.9999902777777776,97.36575,,,1.547027027027027,97.82999971177844,0.819919,0.9,0.92,,0.8794810295678495,0.896343583227206,20.483254432678223,52.33443832397461,67.4532,17.476421,0.4911524,0.5427700281143188,0.838013768196106,0.5427700281143188,0.78406822681427,0.4824454486370086,0.4434115290641784,0.838013768196106,0.918936550617218,0.817782998085022,0.806764543056488,0.7974948883056641,0.7683886885643005,0.5586404800415039,0.8572084903717041,0.7641374468803406,0.5240401029586792,3.2453291416168213,0.5253521800041199,0.8767535090446472,0.8038807511329651,0.6398919820785522,0.9359689354896544,0.9135861396789552,0.5582088828086853,3.6684162616729736,0.6294301152229309,0.9084249436855316,0.9354121088981628,0.46292848885059357,0.812273770570755
germinal,original,0,,nb_s80903_mpnn_4_PDL1,5.704869791666668,87.37770976253299,35.37,2.03,2.497435897435897,89.88496862136728,0.745044,0.85,0.845,-128.73,0.331,3.122999131944444,96.87149999999998,,,1.581315789473684,97.68971383231026,0.833566,0.91,0.92,,0.8558447492747376,0.8990459840639681,22.182080268859863,55.54191970825195,70.273674,17.06981,0.5016972,0.7337944507598877,0.7739152908325195,0.7337944507598877,0.8623294234275818,0.7016607522964478,0.6508838534355164,0.7739152908325195,0.8814326524734497,0.7470359802246094,0.6832306385040283,0.8606220483779907,0.8888007998466492,0.8332508206367493,0.8674648404121399,0.8457732796669006,0.3676881194114685,1.6541924476623535,0.8332508206367493,0.8898324370384216,0.8975009322166443,0.843225359916687,0.901484191417694,0.8617386221885681,0.4330910742282867,2.014986276626587,0.8249756693840027,0.9064170718193054,0.9269691407680511,0.6762723028659821,0.7151333093643188
germinal,original,0,,nb_s185784_mpnn_4_PDL1,5.882517361111113,87.46688291139242,68.68,4.47,3.2015625,86.86064255706776,0.580051,0.77,0.85,-142.59,0.299,3.5347928819444445,96.21358333333332,,,2.184428571428571,95.739333597819,0.742076,0.87,0.89,,0.8745244916162773,0.8939973238887279,,,65.1015,18.247974,0.4691951,0.7693133354187012,0.414021223783493,0.7693133354187012,0.887457549571991,0.7397772669792175,0.7188717126846313,0.414021223783493,0.7137852907180786,0.3390802145004272,0.3063301742076874,0.7936202883720398,0.9163837432861328,0.886231541633606,0.7704674601554871,0.6942442059516907,0.3573273718357086,1.021344780921936,0.8811563849449158,0.8305360674858093,0.8084397315979004,0.688910961151123,0.8659423589706421,0.8250910639762878,0.601708710193634,2.478055477142334,0.688910961151123,0.9289649724960327,0.8990147709846497,0.7293244898319244,0.3227051943540573
germinal,original,0,,nb_s465730_mpnn_4_PDL1,6.592749999999999,85.81586497890295,132.43,7.57,3.3769230769230765,84.49917453515754,0.471489,0.72,0.835,-88.42,0.241,3.656459375,95.26458333333332,,,1.744230769230769,96.16736843711452,0.780234,0.88,0.9,,0.9009797544223734,0.8868951356942372,24.71376609802246,56.76105499267578,66.44177,17.877188,0.4764871,0.7514473795890808,0.8003882169723511,0.7514473795890808,0.8641011118888855,0.7232839465141296,0.6785235404968262,0.8003882169723511,0.8938003182411194,0.7770351767539978,0.7335245609283447,0.7778325080871582,0.7964235544204712,0.6272408366203308,0.8154804110527039,0.7295905351638794,0.5853925943374634,3.385251522064209,0.6132099032402039,0.8951933979988098,0.894752562046051,0.8452149033546448,0.9076879620552064,0.8751635551452637,0.4194126725196838,1.4537827968597412,0.8349769115447998,0.8941845297813416,0.9118859469890594,0.7009037435054779,0.7552798688411713
germinal,original,0,,nb_s892360_mpnn_4_PDL1,6.833473958333333,86.16359685863873,81.72,4.71,3.0864864864864865,85.40985003654556,0.523317,0.77,0.835,-129.8,0.271,2.9973538194444447,97.39575,,,1.894878048780488,98.19342221711813,0.836973,0.91,0.93,,0.8439782458758438,0.9010339859004456,,,64.63012,18.040174,0.47359562,0.343287706375122,0.4688405990600586,0.343287706375122,0.675162672996521,0.2603189647197723,0.2603189647197723,0.4688405990600586,0.7554979920387268,0.3971762359142303,0.3899534344673157,0.8205562829971313,0.8799716830253601,0.7908138632774353,0.8279918432235718,0.7732617259025574,0.4438873529434204,2.6884214878082275,0.7571574449539185,0.9269216656684875,0.9307679533958436,0.9068722724914552,0.9319339990615844,0.9142258763313292,0.3678882122039795,1.266390681266785,0.8769775032997131,0.8905425071716309,0.9061298668384552,0.25726528465747833,0.393564835190773
germinal,original,0,,nb_s461534_mpnn_4_PDL1,6.936633680555556,86.81849973586898,104.51,5.66,2.797777777777778,79.6150065868301,0.264662,0.62,0.85,-30.02,0.21,3.3365956597222217,96.56616666666666,,,1.7179347826086957,95.99642835344586,0.725177,0.86,0.9,,0.8852477212300494,0.8878186094005586,19.5957899093628,57.481842041015625,67.385,17.51046,0.49207246,0.3490210771560669,0.7283058762550354,0.3490210771560669,0.6892126202583313,0.2639731764793396,0.2599627077579498,0.7283058762550354,0.877718985080719,0.6909525990486145,0.6850746273994446,0.8111362457275391,0.7680110335350037,0.5329872369766235,0.8806734681129456,0.8094122409820557,0.5667881369590759,5.481338977813721,0.5135975480079651,0.8865707516670227,0.8343895673751831,0.6954168081283569,0.9343591928482056,0.898320734500885,0.4812880456447601,3.628488302230835,0.6664652228355408,0.9068022966384888,0.9285847246646881,0.2619679421186447,0.6880136132240295
germinal,original,0,,nb_s1683_mpnn_1_PDL1,6.031536458333333,89.23186083289404,3.97,0.3,4.605555555555555,86.90724971118942,0.499017,0.77,0.855,-143.58,0.528,3.4663480902777777,96.95508333333332,,,2.632586206896552,96.72928564889092,0.773576,0.88,0.9,,0.7508420468367746,0.8716216679608473,,,66.44254,18.215023,0.4719996,0.328082799911499,0.6902338266372681,0.328082799911499,0.6467270255088806,0.2484217584133148,0.2361196875572204,0.6902338266372681,0.8297674059867859,0.655350387096405,0.655350387096405,0.7836619019508362,0.758253276348114,0.5460063815116882,0.8430757522583008,0.7579345703125,0.5581477284431458,4.1706647872924805,0.4981205463409424,0.882504403591156,0.8840331435203552,0.811863124370575,0.9001646637916565,0.8524516224861145,0.3437912166118622,1.2984977960586548,0.7613589763641357,0.8737606108188629,0.9015548229217529,0.24227072298526764,0.6197712123394012
germinal,original,0,,nb_s859190_mpnn_1_PDL1,5.271484375,88.87435586061244,70.11,4.8,4.001666666666666,84.87659694433097,0.621836,0.81,0.87,-97.38,0.306,3.908717881944444,95.19429166666666,,,2.5968,92.37222403067128,0.740968,0.87,0.87,,0.8639547585546516,0.8907517466210202,,,70.53334,16.73839,0.50842893,0.466397762298584,0.7282236218452454,0.466397762298584,0.7482762336730957,0.395928144454956,0.379382312297821,0.7282236218452454,0.870114266872406,0.6927509307861328,0.6829460263252258,0.844952404499054,0.8240939378738403,0.6616805195808411,0.8907703161239624,0.8191356658935547,0.5072962045669556,2.8466358184814453,0.6365143656730652,0.9097110629081726,0.9022517800331116,0.8257361650466919,0.9307047724723816,0.8858724236488342,0.3711836338043213,1.5759098529815674,0.8065757751464844,0.9006913304328918,0.9120522737503052,0.38765522837638855,0.6878484785556793
germinal,original,0,,nb_s78562_mpnn_1_PDL1,6.314338541666666,87.46878740157479,24.69,1.84,3.232,86.33922786690415,0.463203,0.77,0.855,-157.75,0.239,3.360204861111112,96.716375,,,1.8288333333333333,96.71103431438576,0.8075,0.9,0.91,,0.8051555590759986,0.8777382744499947,,,65.33091,18.285337,0.4629429,0.8655263185501099,0.5113016366958618,0.8655263185501099,0.9110147953033448,0.8541541695594788,0.8541541695594788,0.5113016366958618,0.7712033987045288,0.446326196193695,0.4309202134609222,0.8061086535453796,0.7594286203384399,0.5184218287467957,0.8780304193496704,0.8120158314704895,0.6210766434669495,4.76304817199707,0.4855005443096161,0.9293753504753112,0.9134186506271362,0.8585188984870911,0.9470894932746888,0.9379748702049256,0.3365607261657715,1.5746266841888428,0.8349514007568359,0.9315705001354218,0.8955762684345245,0.8294201791286469,0.43862320482730865
germinal,original,0,,nb_s351880_mpnn_3_PDL1,6.24974826388889,85.7992690677966,63.57,3.6,2.2802631578947365,84.77490429349791,0.525103,0.75,0.8300000000000001,-51.22,0.159,3.4864793402777776,95.643625,,,1.613611111111111,95.4969235933744,0.791994,0.87,0.91,,0.9069545672172314,0.8790144003738095,,,67.29179,17.554432,0.4859562,0.6028754711151123,0.5293072462081909,0.6028754711151123,0.8096752166748047,0.5511755347251892,0.5328680276870728,0.5293072462081909,0.7716292142868042,0.4687267541885376,0.4368813633918762,0.889229416847229,0.9198148846626282,0.8578921556472778,0.897063672542572,0.8681545257568359,0.3664737641811371,1.2358229160308838,0.854142427444458,0.8551115393638611,0.7812010049819946,0.5845938920974731,0.9227409362792968,0.9023428559303284,0.8298218250274658,5.420561790466309,0.5662938356399536,0.8969601392745972,0.8771627247333527,0.542021781206131,0.4528040587902069
germinal,original,0,,nb_s481672_mpnn_4_PDL1,6.119854166666666,87.7033778727953,13.82,0.93,3.465151515151516,87.93957176414476,0.519802,0.77,0.855,-152.23,0.226,2.9602039930555555,97.47895833333334,,,1.710909090909091,98.07322619038244,0.820511,0.91,0.93,,0.8346996608331986,0.9040784627061824,19.50666284561157,63.575469970703125,68.43214,17.37464,0.4892903,0.8409608006477356,0.8415063619613647,0.8409608006477356,0.9179156422615052,0.8217220306396484,0.8217220306396484,0.8415063619613647,0.917149305343628,0.8225956559181213,0.8225956559181213,0.8696884512901306,0.8559080362319946,0.7384267449378967,0.9025038480758668,0.8605784177780151,0.4438350200653076,2.410628318786621,0.72726970911026,0.9241524934768676,0.9167520403862,0.8898413777351379,0.9327302575111388,0.900772213935852,0.3660829067230224,0.977340817451477,0.8700768351554871,0.932830274105072,0.9322085976600647,0.8129791021347046,0.8137610256671906
germinal,original,0,,nb_s191527_mpnn_5_PDL1,6.361965277777777,88.18941860465117,-11.87,-0.89,2.4362068965517247,90.67523486851611,0.573285,0.78,0.85,-179.38,0.249,3.64506736111111,96.17533333333334,,,1.6225999999999998,97.27416706085204,0.78556,0.89,0.9,,0.8585138675461319,0.9098142371865396,20.69970226287841,57.91119003295898,67.23515,17.75718,0.48105994,0.5349987745285034,0.8209988474845886,0.5349987745285034,0.7760313749313354,0.4747406244277954,0.4517531096935272,0.8209988474845886,0.8999031186103821,0.8012727499008179,0.8012727499008179,0.801747739315033,0.8040804266929626,0.6228013634681702,0.8464843034744263,0.7737752795219421,0.4871443808078766,3.3146421909332275,0.5941134691238403,0.8812240958213806,0.8527934551239014,0.7586501240730286,0.9118674993515016,0.8811578750610352,0.397577702999115,1.745148539543152,0.725619375705719,0.8934609889984131,0.9284636974334717,0.4632468670606613,0.7930419147014618
germinal,original,0,,nb_s491148_mpnn_3_PDL1,6.045927083333334,87.32574761399789,24.66,1.7,2.9296875,86.21168932611121,0.572473,0.77,0.85,-169.9,0.226,3.230630208333334,96.97704166666666,,,1.717413793103448,97.51033248901368,0.786992,0.89,0.92,,0.8681734530253526,0.9287588291025284,,,67.548416,17.704884,0.48706657,0.8143098950386047,0.816697359085083,0.8143098950386047,0.9093565344810486,0.7905482649803162,0.7905482649803162,0.816697359085083,0.9107736349105836,0.7931783199310303,0.7931783199310303,0.874713122844696,0.92472106218338,0.8723056316375732,0.8753149509429932,0.815157949924469,0.3704168200492859,1.0552692413330078,0.850902795791626,0.9430438280105592,0.9443779587745668,0.9208959937095642,0.9485807418823242,0.9368557929992676,0.3304037153720855,0.6412439942359924,0.889339804649353,0.9267321825027466,0.9279695451259613,0.7773443162441254,0.7803701758384705
germinal,original,0,,nb_s745346_mpnn_4_PDL1,5.111147569444444,89.5431658031088,57.38,3.58,4.228787878787879,85.65841069529881,0.581513,0.79,0.865,-146.9,0.333,3.375964930555556,96.88358333333332,,,2.2615277777777774,96.73647039076862,0.745592,0.86,0.9,,0.7740076496830299,0.8904482425531962,22.55817031860352,50.65180969238281,65.28325,17.442448,0.48478812,0.7766503691673279,0.7875202894210815,0.7766503691673279,0.8795475363731384,0.7509260177612305,0.7509260177612305,0.7875202894210815,0.8876689672470093,0.7624830603599548,0.7595419883728027,0.8035709261894226,0.8354498147964478,0.7032065391540527,0.8286619782447815,0.7289071083068848,0.4382205009460449,2.51783299446106,0.6660302877426147,0.8994864821434021,0.897498369216919,0.8664750456809998,0.907739281654358,0.8545449376106262,0.3599103391170501,1.1225690841674805,0.8326660394668579,0.918275386095047,0.9210520684719086,0.7471622824668884,0.7610125243663788
germinal,original,0,,nb_s878765_mpnn_1_PDL1,6.439458333333334,88.11811310782241,18.49,1.3,3.024242424242424,87.9154926757325,0.521806,0.75,0.84,-145.44,0.34,3.225079687500001,96.99225,,,1.7925,97.69464274815152,0.7836,0.89,0.91,,0.7740601201374827,0.8831370252402146,19.79176616668701,57.74431610107422,70.07287,17.103193,0.50711256,0.7818890810012817,0.5423710942268372,0.7818890810012817,0.8884865641593933,0.755239725112915,0.7245259881019592,0.5423710942268372,0.7930805683135986,0.4796937108039856,0.4604211151599884,0.7489036917686462,0.671595573425293,0.3275079727172851,0.8542526364326477,0.7645629048347473,0.65220046043396,6.9779372215271,0.2893239557743072,0.8634636998176575,0.8961077928543091,0.8112543225288391,0.8765159845352173,0.7976577281951904,0.4111805260181427,1.542988657951355,0.7875324487686157,0.9306509792804718,0.8965661227703094,0.7398828566074371,0.470057412981987
germinal,original,0,,nb_s185784_mpnn_5_PDL1,5.797588541666666,88.30941393875395,29.2,1.84,4.227272727272728,86.22032769877102,0.546389,0.75,0.855,-129.16,0.282,3.554423611111111,95.93841666666668,,,2.21296875,96.2142848968506,0.765386,0.88,0.9,,0.8382114928200393,0.892678652255625,23.05019760131836,54.22165298461914,65.41947,18.218523,0.47025853,0.7684887647628784,0.5829073786735535,0.7684887647628784,0.8875351548194885,0.7387271523475647,0.7181345820426941,0.5829073786735535,0.7899471521377563,0.5311474204063416,0.4859171211719513,0.7930788993835449,0.7899115085601807,0.6287125945091248,0.8341704607009888,0.7483963370323181,0.5648967623710632,3.4900612831115723,0.6007835268974304,0.8378610610961914,0.809020459651947,0.6859921813011169,0.8758283257484436,0.8246731758117676,0.5624692440032959,3.224776268005371,0.6586554646492004,0.9277908504009247,0.8877867162227631,0.7284308671951294,0.5085322707891464
germinal,original,0,,nb_s166775_mpnn_1_PDL1,6.604602430555556,86.1439610731194,-2.65,-0.19,4.036363636363637,83.76703205571488,0.456332,0.74,0.84,-180.89,0.23,3.085202777777777,97.38533333333336,,,1.7289393939393938,97.70266596476236,0.792,0.89,0.91,,0.8470437039686641,0.8947704990960652,20.79500373204549,48.068756103515625,66.30456,16.812365,0.5021746,0.7557279467582703,0.7696317434310913,0.7557279467582703,0.8706129193305969,0.7270066738128662,0.7123684287071228,0.7696317434310913,0.8745871186256409,0.743392825126648,0.7186384201049805,0.9436172842979432,0.927068531513214,0.8885141611099243,0.9573929905891418,0.9532427191734314,0.3450160026550293,0.7857351303100586,0.8744253516197205,0.9505617022514344,0.9431205987930298,0.9308990240097046,0.9554774165153505,0.948201060295105,0.294694572687149,0.4470498561859131,0.9082384705543518,0.9118583500385284,0.9075864553451538,0.7196875512599945,0.7310156226158142
germinal,original,0,,nb_s887286_mpnn_2_PDL1,5.345296875000001,89.47941053729787,15.67,1.1,3.796551724137931,87.62115015435255,0.54619,0.76,0.87,-164.35,0.25,3.399189236111112,96.49929166666668,,,2.466071428571428,96.23607063293456,0.785155,0.89,0.91,,0.7774687676856392,0.8651632732091032,21.89939022064209,45.41705703735352,66.01232,16.977072,0.50476724,0.3210853338241577,0.4980624318122864,0.3210853338241577,0.6383306384086609,0.2417740076780319,0.2291969358921051,0.4980624318122864,0.7599226236343384,0.4325973391532898,0.3995566964149475,0.8067445755004883,0.8353642821311951,0.6769730448722839,0.8391874432563782,0.7595882415771484,0.4774854183197021,2.9793405532836914,0.6672378182411194,0.8166208267211914,0.7726499438285828,0.5830594301223755,0.8750112056732178,0.8132158517837524,0.6100023984909058,4.076329231262207,0.5726641416549683,0.8694892823696136,0.9053106606006622,0.2354854717850685,0.41607701778411865
germinal,original,0,,nb_s829439_mpnn_1_PDL1,5.648715277777778,87.47552270327348,27.73,1.39,2.3877551020408165,90.06964502826882,0.737521,0.85,0.85,-151.4,0.206,3.5070796875,95.79604166666668,,,1.819166666666667,96.18295409462668,0.80914,0.89,0.92,,0.8982036126566115,0.8853707634235088,,,67.563614,17.911703,0.47969586,0.3777773082256317,0.8099074363708496,0.3777773082256317,0.6925142407417297,0.2990930676460266,0.2948697805404663,0.8099074363708496,0.8979765772819519,0.7878901958465576,0.7325666546821594,0.8681250810623169,0.9129048585891724,0.8614672422409058,0.8697894811630249,0.81405109167099,0.3899877965450287,1.1490124464035034,0.8599892258644104,0.9078704118728638,0.9116264581680298,0.8641728758811951,0.9187947511672974,0.8875516653060913,0.4179162383079529,1.3249174356460571,0.8641728758811951,0.8872112333774567,0.9142090380191803,0.29698142409324646,0.7602284252643585
germinal,original,0,,nb_s1683_mpnn_2_PDL1,5.867805555555555,89.71893121693121,5.27,0.47,3.880952380952381,88.996404749062,0.53499,0.77,0.855,-161.7,0.637,3.4774342013888893,96.94225,,,2.0634,96.9320004272461,0.775895,0.88,0.9,,0.7537389531146199,0.8710367888829227,,,66.00648,18.213154,0.47096178,0.3340101242065429,0.5652254819869995,0.3340101242065429,0.6464082598686218,0.255910575389862,0.2388151437044143,0.5652254819869995,0.787158727645874,0.5097421407699585,0.5097421407699585,0.7667112350463867,0.7424017786979675,0.5351336598396301,0.8246056437492371,0.733791708946228,0.6498202085494995,4.028602600097656,0.4837062060832977,0.8695420622825623,0.8405080437660217,0.7831109762191772,0.8911497592926025,0.8346423506736755,0.453823447227478,2.88622522354126,0.6858139634132385,0.8707248270511627,0.8930375576019287,0.24736285954713821,0.5012708306312561
germinal,original,0,,nb_s771573_mpnn_5_PDL1,5.571182291666666,89.85054816391697,31.38,3.23,2.833333333333334,86.06080485783927,0.522919,0.73,0.865,-132.51,0.294,3.416204513888889,96.77829166666668,,,1.7945,96.93363709883256,0.730643,0.86,0.89,,0.8154600224401933,0.895785064149617,,,70.46195,17.043715,0.50386673,0.6747934818267822,0.6076152324676514,0.6747934818267822,0.8327441215515137,0.6353057622909546,0.6108542680740356,0.6076152324676514,0.8230932950973511,0.5537457466125488,0.5443748831748962,0.7715121507644653,0.729729175567627,0.4607254266738891,0.8492088317871094,0.8422787189483643,0.6400375962257385,6.302823543548584,0.3641242384910583,0.8180098533630371,0.7848408222198486,0.5897412896156311,0.875076949596405,0.8118817210197449,0.5637933611869812,5.293527126312256,0.5781009793281555,0.9015234410762787,0.8980403244495392,0.6230800151824951,0.5490603148937225
germinal,original,0,,nb_s78562_mpnn_2_PDL1,6.789447916666666,86.84638364779875,13.96,1.05,2.9604166666666667,87.02677446129208,0.474296,0.78,0.845,-157.81,0.237,3.2613034722222225,96.9995,,,1.7194827586206898,97.12249946594238,0.824749,0.91,0.91,,0.8115924146021166,0.8834829006584602,,,65.27296,18.50104,0.45566168,0.8687557578086853,0.6302728056907654,0.8687557578086853,0.9107339382171632,0.858261227607727,0.858261227607727,0.6302728056907654,0.8153245449066162,0.5840098857879639,0.5840098857879639,0.8258244395256042,0.7628657817840576,0.5425398349761963,0.8966456055641174,0.8414802551269531,0.5899501442909241,5.0598626136779785,0.4866206645965576,0.9002728462219238,0.8497801423072815,0.7276886701583862,0.9434189200401306,0.9208037853240968,0.4165026545524597,3.1414496898651123,0.7003777027130127,0.9316393733024597,0.9177197813987732,0.830807626247406,0.5821008682250977
germinal,original,0,,nb_s885633_mpnn_2_PDL1,6.417685763888889,88.19680021085927,46.51,3.43,3.4393939393939394,85.17976835100424,0.3827,0.71,0.855,-167.87,0.273,3.635750868055556,95.89716666666666,,,1.9942857142857144,95.49454567649148,0.755881,0.88,0.89,,0.9092675749620612,0.8952162044428531,,,67.63328,17.51569,0.48746526,0.6098057627677917,0.7992509603500366,0.6098057627677917,0.8041055798530579,0.5612307786941528,0.5612307786941528,0.7992509603500366,0.8848446011543274,0.7778525352478027,0.7778525352478027,0.8351864814758301,0.8220807909965515,0.682461678981781,0.8733676671981812,0.8098560571670532,0.4900789558887481,2.92931604385376,0.6509997248649597,0.9429702162742616,0.9202839732170104,0.9322717785835266,0.945644736289978,0.9373372197151184,0.3201242685317993,0.605617880821228,0.8680242896080017,0.9003823399543762,0.9029656946659088,0.5574209690093994,0.7772586047649384
germinal,original,0,,nb_s319551_mpnn_2_PDL1,7.423506944444444,85.53332278481012,-9.07,-0.71,2.836666666666666,84.6449144366647,0.357777,0.71,0.845,-179.19,0.346,3.720630208333333,95.705875,,,1.941451612903226,95.8693111025054,0.774787,0.89,0.89,,0.8264851658606107,0.8864354080363921,,,67.01847,16.972286,0.49744993,0.5122734308242798,0.5500199198722839,0.5122734308242798,0.7633406519889832,0.4495066106319427,0.413144439458847,0.5500199198722839,0.7923632264137268,0.4894340634346008,0.470248818397522,0.8117267489433289,0.7934255599975586,0.6092309951782227,0.8623507022857666,0.7876439094543457,0.5146499276161194,3.13250994682312,0.5811131000518799,0.8279805183410645,0.8531891107559204,0.7290529012680054,0.8527124524116516,0.7730632424354553,0.4541512131690979,2.598388910293579,0.7227067351341248,0.9000273942947388,0.8989378213882446,0.4313255250453949,0.4798414409160614
germinal,original,0,,nb_s416874_mpnn_3_PDL1,6.830868055555556,85.32782078472958,63.19,2.97,4.639361702127659,87.42900092631568,0.718032,0.83,0.81,-97.67,0.207,3.143672395833333,96.683875,,,2.206875,97.13333299424912,0.843201,0.9,0.93,,0.8474290380488614,0.901885800314558,20.72803497314453,55.6469955444336,67.12452,18.01176,0.47896212,0.5803050398826599,0.4572080969810486,0.5803050398826599,0.7951337695121765,0.5265978574752808,0.4951674044132232,0.4572080969810486,0.739222526550293,0.3867045044898987,0.3799438178539276,0.8761941194534302,0.8720265030860901,0.765621542930603,0.9038372039794922,0.8579168915748596,0.5000118613243103,2.718785762786865,0.7397903800010681,0.8297275900840759,0.7702478766441345,0.5669166445732117,0.8954302668571472,0.8384630084037781,0.6830434203147888,5.4013261795043945,0.533722996711731,0.8951872289180756,0.9083424508571625,0.510882630944252,0.38332416117191315
germinal,original,0,,nb_s286378_mpnn_1_PDL1,7.865871527777778,83.88926493918562,53.15,4.23,3.3220000000000005,83.44116007483919,0.404962,0.68,0.815,-137.76,0.243,3.2663381944444447,97.13208333333334,,,1.6657142857142857,97.5900007394644,0.807376,0.9,0.91,,0.925348596304094,0.9033872116454896,22.044633865356445,49.16648864746094,69.73283,17.039375,0.5005138,0.8155466318130493,0.6988361477851868,0.8155466318130493,0.9034014344215392,0.7935829162597656,0.7935829162597656,0.6988361477851868,0.8576664924621582,0.6591285467147827,0.6591285467147827,0.8726572394371033,0.835872232913971,0.7232003211975098,0.9100214838981628,0.8729461431503296,0.5132328271865845,3.0463738441467285,0.6677482724189758,0.926325798034668,0.9150303602218628,0.8692491054534912,0.9405949711799622,0.9217644929885864,0.3693321049213409,1.899957537651062,0.8183498978614807,0.9301543235778809,0.9074138402938843,0.7694124281406403,0.6441791653633118
germinal,original,0,,nb_s378562_mpnn_3_PDL1,11.574328125000005,82.10989963021659,323.56,23.31,7.854166666666667,67.99897733070738,0.031257,0.25,0.8200000000000001,-62.75,0.479,6.4897984375,90.18370833333334,,,3.761190476190476,79.97083346048991,0.270892,0.51,0.73,,0.1188339688106753,0.9004153110696255,,,67.495285,17.93878,0.4731384,0.4695068597793579,0.6455491185188293,0.4695068597793579,0.7528286576271057,0.3986763954162597,0.3986763954162597,0.6455491185188293,0.8336599469184875,0.5985214114189148,0.5876531600952148,0.8100711703300476,0.8125803470611572,0.6458833813667297,0.8511180877685547,0.7631675004959106,0.5013388991355896,2.741842269897461,0.609412431716919,0.9373124241828918,0.9304115772247314,0.8942268490791321,0.9480838179588318,0.9364384412765504,0.3136011362075805,0.5682306289672852,0.8789110779762268,0.8968361914157867,0.9181064367294312,0.39753834903240204,0.5930872857570648
germinal,original,0,,nb_s878765_mpnn_2_PDL1,6.721564236111112,87.15416578669482,1.57,0.12,3.0548387096774205,87.05642441486624,0.553262,0.75,0.835,-171.63,0.297,3.3624237847222225,96.69904166666667,,,1.8518333333333328,97.40428597586497,0.77053,0.88,0.91,,0.8006868409863473,0.8856932735259755,19.63259029388428,57.5712890625,69.70954,17.207565,0.50530636,0.742388129234314,0.7914338111877441,0.742388129234314,0.8710971474647522,0.7102108597755432,0.6908259391784668,0.7914338111877441,0.8934764266014099,0.7659231424331665,0.7373812794685364,0.8164401054382324,0.8678543567657471,0.7509729266166687,0.8328069448471069,0.746594250202179,0.4723757803440094,2.503816604614258,0.7390198707580566,0.9165765643119812,0.9052703976631165,0.8328080177307129,0.9375187158584596,0.9084848761558532,0.3767385184764862,1.1919286251068115,0.812351644039154,0.9249836802482605,0.9309641122817993,0.700518399477005,0.7516522109508514
germinal,original,0,,nb_s53820_mpnn_1_PDL1,5.257378472222221,88.97336334745762,47.35,3.04,3.852631578947368,85.6550107743479,0.584694,0.79,0.875,-159.83,0.554,3.663001041666667,95.12129166666666,,,2.945,93.37032170449534,0.729116,0.86,0.89,,0.8009432230330191,0.8988089433217877,,,66.60895,17.449133,0.48963588,0.3673271834850311,0.543689489364624,0.3673271834850311,0.6962335705757141,0.2851005792617798,0.2851005792617798,0.543689489364624,0.7885676622390747,0.4824699461460113,0.4681185483932495,0.8088817000389099,0.7887142300605774,0.5876752734184265,0.864183247089386,0.7732210755348206,0.5955988168716431,4.330863952636719,0.5642220973968506,0.8739021420478821,0.8803847432136536,0.7689523696899414,0.9001396298408508,0.8339337110519409,0.3890691697597503,1.8963837623596191,0.7574951648712158,0.8954444527626038,0.9004497826099396,0.27896852791309357,0.47529424726963043
germinal,original,0,,nb_s166775_mpnn_5_PDL1,7.66671875,82.945825446898,18.61,1.28,3.4203125,81.37743739456096,0.456035,0.73,0.825,-159.69,0.258,3.3990027777777776,96.55866666666668,,,2.076212121212121,95.78419297741306,0.782843,0.89,0.9,,0.8818882389647301,0.8597359662163465,19.488057772318523,52.75883102416992,66.841194,16.374897,0.51148546,0.8233035206794739,0.8469412326812744,0.8233035206794739,0.9117849469184875,0.8011831045150757,0.8011831045150757,0.8469412326812744,0.9216595888137816,0.8282616138458252,0.8282616138458252,0.9395673871040344,0.9333263039588928,0.9036921262741088,0.948536217212677,0.9396268725395204,0.3286223709583282,0.6884998083114624,0.8844622373580933,0.9521743059158324,0.9402957558631896,0.9349610209465028,0.9564775824546814,0.9506109356880188,0.3063904643058777,0.546663761138916,0.9007480144500732,0.932227611541748,0.9337441027164459,0.7887760400772095,0.8154278695583344
germinal,original,0,,nb_s887286_mpnn_4_PDL1,5.445586805555555,88.81365434669442,36.44,2.51,4.342424242424242,84.25634150766074,0.480441,0.73,0.865,-145.91,0.218,3.218195486111111,96.912,,,2.252794117647059,96.7258064516129,0.782962,0.88,0.91,,0.9281207594935408,0.9067766847728044,19.75716781616211,40.4379768371582,65.41027,16.778633,0.50472826,0.3479929864406585,0.7526428699493408,0.3479929864406585,0.6710796356201172,0.2672213017940521,0.2672213017940521,0.7526428699493408,0.8708074688911438,0.7231017351150513,0.6530755758285522,0.8430131077766418,0.906635582447052,0.8344753980636597,0.8451475501060486,0.7531696557998657,0.361624151468277,1.3156486749649048,0.8100938200950623,0.8831084370613098,0.8843525052070618,0.8013249039649963,0.9035542607307434,0.8493951559066772,0.3810818195343017,1.6781355142593384,0.7968289852142334,0.8757860064506531,0.916393518447876,0.26315419375896454,0.6880886554718018
germinal,original,0,,nb_s829439_mpnn_5_PDL1,5.825503472222223,86.81858575197889,31.78,1.49,3.522340425531916,84.89356499904147,0.641843,0.79,0.845,-173.79,0.332,3.533837152777778,95.51062500000002,,,2.0479000000000003,94.63957457846784,0.800787,0.88,0.91,,0.8092200512693466,0.882417875168524,,,68.76911,17.581245,0.48655087,0.4307531714439392,0.5994840860366821,0.4307531714439392,0.723045289516449,0.3576801419258117,0.3457611799240112,0.5994840860366821,0.810619056224823,0.5467003583908081,0.5196557641029358,0.857758641242981,0.8960328102111816,0.8210400938987732,0.8669382929801941,0.8009299635887146,0.4225494265556335,1.5133014917373655,0.8197295665740967,0.913829505443573,0.9077402353286744,0.854289710521698,0.9287144541740416,0.9103113412857056,0.3659975826740265,1.248796820640564,0.854289710521698,0.8884776830673218,0.8962421417236328,0.3517206609249115,0.533178061246872
germinal,original,0,,nb_s202316_mpnn_2_PDL1,8.365284722222222,83.67287612971823,27.26,1.97,3.220967741935484,80.95512444730561,0.292847,0.65,0.825,-155.16,0.31,3.2325355902777777,96.8455,,,1.7315714285714288,97.0967658547794,0.806183,0.9,0.92,,0.8632554004824389,0.8797436766140856,20.48749732971192,62.02743148803711,69.24708,17.50978,0.4909097,0.7534710168838501,0.825608491897583,0.7534710168838501,0.8803101778030396,0.7217612266540527,0.7159319519996643,0.825608491897583,0.9074715971946716,0.8051427006721497,0.8051427006721497,0.8147191405296326,0.836604654788971,0.7033070921897888,0.8425721526145935,0.7678374648094177,0.476108580827713,2.742363691329956,0.6741079688072205,0.8605350852012634,0.9034995436668396,0.8326905965805054,0.8674961924552917,0.8033531308174133,0.411550760269165,1.6402666568756104,0.8326905965805054,0.9113964736461639,0.929230123758316,0.7188465893268585,0.7976194322109222
germinal,original,0,,nb_s850749_mpnn_1_PDL1,6.417486111111112,87.97150843881856,26.19,1.88,2.8303571428571432,86.09342731481546,0.425686,0.73,0.86,-146.53,0.269,3.7329229166666655,96.10854166666668,,,1.954464285714285,96.30333285861543,0.717398,0.85,0.89,,0.8560275852840911,0.898601033781834,,,66.908966,17.641218,0.48796663,0.5570810437202454,0.6935480237007141,0.5570810437202454,0.7906564474105835,0.4986871778964996,0.4889700710773468,0.6935480237007141,0.8561251163482666,0.6529037356376648,0.6529037356376648,0.8546565175056458,0.8429566025733948,0.7469472885131836,0.8815838098526001,0.8116039633750916,0.4247111082077026,2.206820487976074,0.7094770073890686,0.8949670791625977,0.8953855633735657,0.8318238854408264,0.9107528328895568,0.8744514584541321,0.425598531961441,2.1690831184387207,0.7992544174194336,0.9009733200073242,0.922817051410675,0.4938286244869232,0.6428029239177704
germinal,original,0,,nb_s494235_mpnn_5_PDL1,6.343053819444444,87.78454593453009,26.46,1.92,3.2705882352941176,85.63977948700474,0.527946,0.8,0.85,-166.87,0.274,3.4941362847222224,96.19675,,,1.872205882352941,96.73142760140556,0.817105,0.91,0.91,,0.8154600224401933,0.8897545773459598,14.028581841786702,61.41770935058594,70.53954,13.888487,0.59830976,0.854728639125824,0.4178679585456848,0.854728639125824,0.9038738012313844,0.8424423336982727,0.8424423336982727,0.4178679585456848,0.6895532608032227,0.3499466180801391,0.3499466180801391,0.8513374328613281,0.8778491616249084,0.8096299171447754,0.8617643713951111,0.799575686454773,0.4203663766384125,1.7846760749816897,0.7578120827674866,0.863675594329834,0.8171924352645874,0.6590456962585449,0.9148330688476562,0.8840425610542297,0.5877763628959656,4.671566486358643,0.6293846368789673,0.9295743703842163,0.8918630182743073,0.8182575106620789,0.3274564743041992
germinal,original,0,,nb_s731266_mpnn_5_PDL1,6.398048611111112,85.6595585106383,109.88,5.39,3.725,85.11433037312672,0.585177,0.78,0.84,-93.44,0.245,3.639914930555556,95.44141666666664,,,2.4183720930232555,94.90675086975098,0.777354,0.87,0.9,,0.9355380751979184,0.8835456537755144,,,68.95714,17.605133,0.48036247,0.5113435387611389,0.6217178702354431,0.5113435387611389,0.7612877488136292,0.4488574862480163,0.4410431087017059,0.6217178702354431,0.8096902370452881,0.5747247934341431,0.5177867412567139,0.8495977520942688,0.9084614515304564,0.8484110832214355,0.8498943448066711,0.7921586036682129,0.3723402023315429,1.2332345247268677,0.8484110832214355,0.8676847815513611,0.8543642163276672,0.7395349740982056,0.899722158908844,0.8655838966369629,0.626966118812561,3.28031325340271,0.7395349740982056,0.8911070227622986,0.9160570502281189,0.44495029747486115,0.5462557673454285
germinal,original,0,,nb_s908222_mpnn_5_PDL1,6.505888888888889,88.27866807610994,1.91,0.15,2.710714285714286,86.71850983986081,0.47786,0.75,0.85,-173.15,0.409,3.1898119791666666,97.09016666666666,,,1.7036538461538462,97.36464391435896,0.793356,0.89,0.91,,0.7884029100920381,0.8917038850891758,22.13165807723999,53.611454010009766,67.77258,17.546722,0.49010918,0.7244576811790466,0.8314255475997925,0.7244576811790466,0.8644207715988159,0.6894668936729431,0.6845732927322388,0.8314255475997925,0.9140993356704712,0.810757040977478,0.810757040977478,0.8258191347122192,0.734809398651123,0.4858101904392242,0.9108213782310486,0.8635054230690002,0.6690112352371216,6.738704204559326,0.4272539615631103,0.9456602334976196,0.935282826423645,0.9053534269332886,0.9557369351387024,0.94607812166214,0.3007638156414032,0.707176685333252,0.8753378987312317,0.9101567268371582,0.9335089921951294,0.6870200932025909,0.8033581376075745
germinal,original,0,,nb_s893078_mpnn_5_PDL1,5.7197604166666665,88.33876647337902,19.38,1.11,2.352439024390244,89.72596131785184,0.65913,0.82,0.85,-98.34,0.181,3.186661805555556,96.649375,,,1.715365853658537,96.67794878054887,0.805638,0.89,0.91,,0.8403577938000568,0.8651632732091032,22.06390380859375,53.383209228515625,66.234924,17.916454,0.47721976,0.3590708374977112,0.8120648860931396,0.3590708374977112,0.6645598411560059,0.2826986014842987,0.27440345287323,0.8120648860931396,0.8797734379768372,0.7951377034187317,0.7472600936889648,0.7811042666435242,0.8107377886772156,0.6815502643585205,0.8059927821159363,0.7621304392814636,0.5683216452598572,4.293534755706787,0.6815502643585205,0.8850060701370239,0.8899592757225037,0.830045223236084,0.8987462520599365,0.8887067437171936,0.43863046169281,2.394343614578247,0.8201673030853271,0.8731404542922974,0.9116834998130798,0.27855102717876434,0.7711988985538483
germinal,original,0,,nb_s286378_mpnn_3_PDL1,7.471286458333332,85.70708994708995,-7.85,-0.61,3.753846153846154,84.1480141845815,0.390644,0.68,0.8300000000000001,-151.3,0.296,3.463730381944445,96.708375,,,1.8219230769230768,97.2050000704252,0.770154,0.88,0.91,,0.8995553368250016,0.898514279239055,,,68.764046,17.097942,0.49839944,0.8255829811096191,0.6047130227088928,0.8255829811096191,0.9122577905654908,0.8039142489433289,0.8039142489433289,0.6047130227088928,0.7751355171203613,0.5621073842048645,0.5621073842048645,0.849960446357727,0.8974545001983643,0.8711095452308655,0.8446731567382812,0.8263986706733704,0.4060879647731781,1.5322097539901731,0.8711095452308655,0.885840117931366,0.8304157853126526,0.7897320985794067,0.9098671674728394,0.902154266834259,0.5292196273803711,2.4504551887512207,0.7565116882324219,0.9329469501972198,0.8799530565738678,0.7881094515323639,0.5617964565753937
germinal,original,0,,nb_s817878_mpnn_1_PDL1,5.689916666666666,88.95286392405063,-1.62,-0.14,2.427272727272728,88.64241699282604,0.550212,0.79,0.86,-175.47,0.319,3.58466111111111,96.50645833333331,,,1.8369565217391304,96.19000152587893,0.741528,0.87,0.89,,0.7830363617506567,0.8766508662247728,22.519909858703613,53.42912292480469,66.306114,17.72034,0.48102233,0.7772910594940186,0.6702325344085693,0.7772910594940186,0.8737661838531494,0.7531722784042358,0.7531722784042358,0.6702325344085693,0.8503636717796326,0.6251997351646423,0.6014588475227356,0.7975192666053772,0.7754908800125122,0.6092774271965027,0.8445796966552734,0.7472918033599854,0.5689265727996826,3.5706965923309326,0.5282672047615051,0.8307585120201111,0.7975939512252808,0.6088497042655945,0.8862356543540955,0.8205236196517944,0.6753815412521362,5.012516498565674,0.5998244285583496,0.9274118542671204,0.905861884355545,0.7313328683376312,0.613329291343689
germinal,original,1,9e-07,nb_s759449_mpnn_1_PDL1,7.372541666666665,86.65051295610787,11.64,0.84,3.658064516129032,85.92786691948217,0.396436,0.74,0.85,-170.2,0.299,3.171080208333334,97.13966666666668,,,1.9461428571428567,97.63062500953674,0.833556,0.91,0.92,,0.853182086179626,0.8947359718670723,,,68.01829,17.16324,0.49641812,0.600441575050354,0.8590024709701538,0.600441575050354,0.798132598400116,0.5510188341140747,0.5286343097686768,0.8590024709701538,0.9170953631401062,0.8444792628288269,0.8444792628288269,0.8313464522361755,0.814835786819458,0.6993961930274963,0.864333987236023,0.7978544235229492,0.5174647569656372,3.0445656776428223,0.6461382508277893,0.9343385696411132,0.9257388710975648,0.9255168437957764,0.9365440607070924,0.9216192364692688,0.3413399159908294,0.8185986280441284,0.8672174215316772,0.9050721526145935,0.9323019087314606,0.5398265719413757,0.8236884772777557
germinal,original,0,,nb_s53820_mpnn_2_PDL1,5.33207638888889,88.86603493912123,27.93,1.85,3.538235294117648,86.76506215798557,0.56199,0.79,0.865,-173.7,0.346,3.132158506944444,97.14545833333334,,,1.8465714285714283,97.5328118801117,0.787872,0.89,0.91,,0.820965185418439,0.9154967562881948,,,66.86248,17.534668,0.48739552,0.3467860519886017,0.7000473737716675,0.3467860519886017,0.6819394826889038,0.2629976868629455,0.2629976868629455,0.7000473737716675,0.8486864566802979,0.6628875732421875,0.6346102952957153,0.8214730620384216,0.8272013068199158,0.6632786393165588,0.8610215783119202,0.771293580532074,0.4859656393527984,2.972232818603516,0.6377382278442383,0.8776513338088989,0.8685522079467773,0.755805492401123,0.9081127643585204,0.8444256782531738,0.4403936862945556,2.281532049179077,0.7376483678817749,0.8942631185054779,0.918139636516571,0.25820983946323395,0.6487489342689514
germinal,original,0,,nb_s919455_mpnn_1_PDL1,6.513374999999999,87.70692841880341,49.36,3.38,2.5742857142857143,86.45785948787758,0.620586,0.79,0.845,-153.35,0.366,3.2385831597222223,96.92683333333336,,,1.5665151515151514,97.42333221435548,0.789172,0.89,0.91,,0.8010011830182722,0.9088498994824566,,,68.496704,17.639242,0.48463964,0.507951557636261,0.5802602767944336,0.507951557636261,0.7749559283256531,0.4412004649639129,0.4326062202453613,0.5802602767944336,0.8057814836502075,0.5238800048828125,0.4939616024494171,0.8069170117378235,0.8025149703025818,0.6138308048248291,0.8551884889602661,0.7941329479217529,0.5332334637641907,3.759060859680176,0.6071913242340088,0.8711399435997009,0.8155507445335388,0.6680861711502075,0.9219033122062684,0.9110063314437866,0.5740119814872742,5.172084331512451,0.6639126539230347,0.9207212924957275,0.8973763883113861,0.43690334260463715,0.5089208036661148
germinal,original,0,,nb_s926337_mpnn_1_PDL1,10.929741319444446,84.16757029177718,116.99,11.12,5.244736842105263,71.58700643646377,0.029868,0.31,0.85,-8.31,0.202,7.667903125,91.91525,,,3.0044736842105264,85.60380953834171,0.156623,0.49,0.72,,0.2371514332366545,0.8951143879154031,,,67.15314,17.724316,0.4803159,0.383979320526123,0.4943926334381103,0.383979320526123,0.7099801898002625,0.302479088306427,0.302479088306427,0.4943926334381103,0.7689445614814758,0.4257546663284302,0.4110216796398163,0.8301652073860168,0.8355697393417358,0.7071542739868164,0.8609179258346558,0.7836182117462158,0.5105982422828674,2.325730085372925,0.6658228039741516,0.8581234216690063,0.8497565388679504,0.7113300561904907,0.8948217034339905,0.8491400480270386,0.6337543725967407,5.367012977600098,0.6740422248840332,0.9049919545650482,0.9065096080303192,0.2993996739387512,0.41838817298412323
germinal,original,0,,nb_s299161_mpnn_2_PDL1,5.116789930555555,89.55426532769556,1.19,0.08,3.4827586206896552,85.4275013452157,0.567576,0.78,0.865,-167.83,0.289,3.1987012152777776,97.11920833333332,,,1.6764285714285714,96.30749974931987,0.764423,0.88,0.91,,0.8465043891028166,0.8951733871941856,19.790902137756348,58.24974822998047,69.72472,17.055557,0.50505805,0.3999691605567932,0.4375869929790497,0.3999691605567932,0.7205685377120972,0.319819301366806,0.3156953454017639,0.4375869929790497,0.7418726086616516,0.3615155816078186,0.3615155816078186,0.8943688273429871,0.9123384952545166,0.8439526557922363,0.906972885131836,0.8521763682365417,0.3698723316192627,1.270668387413025,0.8131986856460571,0.8836644291877747,0.8899132609367371,0.8001306653022766,0.9045478701591492,0.8467472791671753,0.4349353313446045,2.1886723041534424,0.7857154607772827,0.909661740064621,0.8982789218425751,0.317757323384285,0.35992181301116943
germinal,original,0,,nb_s202316_mpnn_3_PDL1,8.257180555555555,83.61437001594896,71.42,5.02,3.3196969696969703,80.61489325907678,0.291323,0.65,0.8200000000000001,-100.73,0.265,3.2103300347222223,96.99174999999998,,,1.7645454545454546,97.33666668516216,0.822363,0.91,0.92,,0.9169100573516016,0.8908284599341307,20.55673694610596,62.11171722412109,69.189545,17.500809,0.49171948,0.7614635229110718,0.8158020377159119,0.7614635229110718,0.8817298412322998,0.7313968539237976,0.7196093201637268,0.8158020377159119,0.906461238861084,0.79313725233078,0.79313725233078,0.8133344650268555,0.8457373976707458,0.7253975868225098,0.8353186249732971,0.7537359595298767,0.4927363991737366,2.640455961227417,0.7004431486129761,0.9161112904548644,0.8774417042732239,0.8635755777359009,0.9292451739311218,0.9021399617195128,0.379550039768219,1.397235870361328,0.7858473658561707,0.9118585288524628,0.9296479225158691,0.7255030870437622,0.7871653139591217
germinal,original,0,,nb_s850749_mpnn_2_PDL1,7.089541666666668,87.31116033755272,10.31,0.74,2.706451612903225,85.9817016648046,0.373846,0.71,0.845,-153.83,0.249,3.479587326388889,96.51333333333334,,,1.769259259259259,96.83777703179254,0.752387,0.87,0.9,,0.8560275852840911,0.890550933853643,,,67.09729,17.577276,0.48962384,0.7860821485519409,0.7147441506385803,0.7860821485519409,0.8892543315887451,0.7602890133857727,0.7602890133857727,0.7147441506385803,0.8589953184127808,0.6786813139915466,0.6786813139915466,0.8269071578979492,0.8078662753105164,0.6646201014518738,0.8674789071083069,0.799665629863739,0.4871208071708679,3.107457160949707,0.6109705567359924,0.9012306332588196,0.8906618356704712,0.8329898118972778,0.9182908535003662,0.8855218291282654,0.4289167821407318,2.072253942489624,0.7924405336380005,0.9269440770149231,0.9242035150527954,0.7485738098621368,0.6740862429141998
germinal,original,0,,nb_s272990_mpnn_1_PDL1,9.413602430555557,85.11255069370331,94.64,7.12,3.038461538461539,72.70033545353661,0.098299,0.33,0.855,-102.35,0.316,5.938082986111112,91.01770833333332,,,2.2310000000000003,81.61875089009602,0.291515,0.56,0.77,,0.1947050001379021,0.8943714735723467,,,67.32222,17.64216,0.4818349,0.3621473014354706,0.5475283861160278,0.3621473014354706,0.6862714886665344,0.281116247177124,0.2689010500907898,0.5475283861160278,0.7835830450057983,0.4885146617889404,0.4866511821746826,0.757135808467865,0.7377278208732605,0.4993391335010528,0.8215849995613098,0.736535370349884,0.6776086688041687,5.837512969970703,0.4730008244514465,0.8445334434509277,0.8993436694145203,0.8332909941673279,0.8473441004753113,0.7976414561271667,0.4177937805652618,1.64984130859375,0.8020734786987305,0.9024131000041962,0.9189889132976532,0.2750086486339569,0.4875829219818115
germinal,original,0,,nb_s731008_mpnn_1_PDL1,6.08087326388889,87.66786090621707,-0.11,-0.01,3.536538461538462,83.04376805199942,0.57327,0.75,0.85,-162.95,0.31,3.714008506944445,96.14895833333334,,,2.4981034482758617,95.23142787388392,0.713555,0.86,0.89,,0.8091831243858522,0.8869604938865266,,,68.571556,17.661327,0.48315513,0.7656108140945435,0.7035422325134277,0.7656108140945435,0.8822474479675293,0.7364516258239746,0.7126848697662354,0.7035422325134277,0.8477392792701721,0.6674929857254028,0.6336302757263184,0.8621869087219238,0.8722333908081055,0.7975302338600159,0.878351092338562,0.842640221118927,0.4146683514118194,1.690200686454773,0.7631096839904785,0.9115921258926392,0.8868166208267212,0.8476323485374451,0.927582025527954,0.90656715631485,0.3456091284751892,1.135494589805603,0.7945675849914551,0.9115621447563171,0.8999620079994202,0.724568247795105,0.6505616307258606
germinal,original,0,,nb_s37712_mpnn_2_PDL1,9.990678819444444,81.38675420168067,57.17,2.45,5.506976744186046,70.0135879760737,0.1001,0.34,0.83,-116.86,0.3,4.059880034722222,94.135875,,,2.7551315789473687,90.42341464903296,0.672351,0.81,0.87,,0.2904126568753198,0.861220781021858,21.11183357238769,54.134727478027344,68.36968,17.40344,0.49233836,0.4829434752464294,0.4972102046012878,0.4829434752464294,0.7582892179489136,0.4141070246696472,0.4048736691474914,0.4972102046012878,0.7553562521934509,0.432673692703247,0.3936489522457123,0.7527328729629517,0.7000892758369446,0.4234524965286255,0.8350529074668884,0.7649826407432556,0.7551783919334412,6.609478950500488,0.3489479422569275,0.8997496962547302,0.888390064239502,0.8098793625831604,0.9222171902656556,0.8846731185913086,0.3842807114124298,1.7505801916122437,0.8079877495765686,0.898004800081253,0.916893482208252,0.40949034690856934,0.4131613224744797
germinal,original,0,,nb_s171911_mpnn_1_PDL1,7.318715277777778,85.25435190005204,14.28,0.94,5.569642857142855,79.50708851077553,0.350236,0.65,0.835,-168.43,0.219,3.5388315972222224,96.67529166666668,,,2.0348275862068963,95.92535727364675,0.721591,0.86,0.89,,0.3598340873541206,0.8600888526247493,21.446312189102173,49.80877304077149,66.08985,17.040806,0.49799785,0.6861449480056763,0.7137009501457214,0.6861449480056763,0.8371804356575012,0.6483860015869141,0.6198567748069763,0.7137009501457214,0.851911187171936,0.6791483163833618,0.649019181728363,0.8164427876472473,0.8339186906814575,0.6863071322441101,0.848976731300354,0.7661471962928772,0.4389761686325073,2.5375313758850098,0.6762868165969849,0.8479739427566528,0.8419767022132874,0.7255260348320007,0.878585934638977,0.8154362440109253,0.4563657343387604,2.3095695972442627,0.7070261836051941,0.9192917048931122,0.9202884435653687,0.6341213881969452,0.6640837490558624
germinal,original,0,,nb_s7171_mpnn_2_PDL1,5.519758680555555,89.71320695102686,0.73,0.05,2.451666666666666,91.78589313519008,0.670726,0.84,0.86,-151.99,0.307,3.2335515625,96.83058333333337,,,1.7598148148148145,97.74966481526693,0.800764,0.9,0.91,,0.876565330993234,0.9136577610370114,20.62079811096192,49.0564079284668,67.44652,17.54227,0.49447,0.5688539147377014,0.409830093383789,0.5688539147377014,0.7823470830917358,0.5154805779457092,0.4789564311504364,0.409830093383789,0.7109233140945435,0.3345568180084228,0.3090404570102691,0.8040863871574402,0.8449321389198303,0.699880838394165,0.8301377892494202,0.7778332829475403,0.4663692414760589,3.1621904373168945,0.6959035396575928,0.8268743753433228,0.7630650401115417,0.5707198977470398,0.8909129500389099,0.8610495924949646,0.6353795528411865,7.658350944519043,0.5707198977470398,0.8983424305915833,0.8967675566673279,0.4972185045480728,0.321798637509346
germinal,original,0,,nb_s817878_mpnn_2_PDL1,6.492677083333335,88.61460200316289,-8.45,-0.65,2.4035714285714285,89.30894092921743,0.525209,0.78,0.855,-179.41,0.216,3.422940451388888,96.85270833333334,,,1.8068181818181817,96.96612844159526,0.782277,0.89,0.9,,0.8332119039687242,0.9155134925701424,,,65.63245,17.809738,0.47723532,0.6814423203468323,0.700557291507721,0.6814423203468323,0.851236879825592,0.6389936804771423,0.6300296783447266,0.700557291507721,0.8548445105552673,0.6619855165481567,0.6619855165481567,0.8168205618858337,0.829118013381958,0.7142452001571655,0.8424643278121948,0.7538325786590576,0.490649551153183,2.4696390628814697,0.6554396748542786,0.8760187029838562,0.864777684211731,0.7775818109512329,0.9006279110908508,0.8595380187034607,0.4288432598114013,2.128472328186035,0.7490849494934082,0.9277082085609436,0.9279183447360992,0.6345116794109344,0.6525322794914246
germinal,original,0,,nb_s389903_mpnn_5_PDL1,5.263928819444445,88.3293585699264,45.81,2.04,3.3595744680851065,89.65058363214486,0.791587,0.87,0.855,-170.14,0.223,2.9114390625000004,97.139625,,,1.853367346938776,97.09958283106486,0.850012,0.91,0.93,,0.9095842103427584,0.9365339779192772,20.32133685217964,58.32367706298828,68.15422,16.602556,0.5192734,0.3489294350147247,0.8158553242683411,0.3489294350147247,0.6776241064071655,0.2667557597160339,0.2575336992740631,0.8158553242683411,0.9013185501098632,0.7944895029067993,0.7475575804710388,0.7830480933189392,0.737916886806488,0.519365668296814,0.8489686250686646,0.8162374496459961,0.6805129051208496,7.985564708709717,0.5094617009162903,0.902127742767334,0.9018564820289612,0.8520611524581909,0.9146443605422974,0.914098620414734,0.3921921551227569,1.93569564819336,0.8520611524581909,0.8959217667579651,0.9265238642692566,0.2621447294950485,0.7710235416889191
germinal,original,1,1.7e-07,nb_s618542_mpnn_2_PDL1,5.954980902777778,87.59079915878024,-10.63,-0.56,2.0948717948717945,88.2598922924321,0.724499,0.84,0.8300000000000001,-165.64,0.229,3.0325232638888893,97.00320833333332,,,1.4488157894736844,97.15384615384616,0.849395,0.92,0.93,,0.876565330993234,0.9187806302028176,23.14415597915649,50.75503540039063,68.68347,17.215069,0.4923011,0.479548692703247,0.837444543838501,0.479548692703247,0.7404736280441284,0.4143174588680267,0.3813405930995941,0.837444543838501,0.9111173748970032,0.8190262913703918,0.8078080415725708,0.834610641002655,0.8831101059913635,0.7957699298858643,0.8443208336830139,0.7663310766220093,0.4290578067302704,2.0546538829803467,0.7878690958023071,0.901885449886322,0.9103537201881408,0.8600600957870483,0.9123417139053344,0.8810510635375977,0.3829287588596344,1.1377904415130615,0.8565517067909241,0.8929521441459656,0.9248129427433014,0.3978290259838104,0.8134171664714813
germinal,original,0,,nb_s919455_mpnn_4_PDL1,6.463309027777778,87.9613881473572,33.97,2.43,2.6586206896551725,87.38000321990175,0.589323,0.79,0.845,-139.84,0.343,3.3354092013888894,96.83095833333331,,,1.669,97.38000007911964,0.785288,0.89,0.91,,0.794235282427985,0.9088498994824566,,,67.510994,17.71859,0.48123178,0.4083147644996643,0.4516247510910034,0.4083147644996643,0.7173556685447693,0.3310545086860657,0.3266657590866089,0.4516247510910034,0.7429659366607666,0.3787894546985626,0.3715445101261139,0.7981886267662048,0.832870364189148,0.6867785453796387,0.8260411620140076,0.7446934580802917,0.5022555589675903,2.411435604095459,0.6692491769790649,0.8723645210266113,0.8647290468215942,0.7524119019508362,0.9023526310920716,0.8744257688522339,0.5229772925376892,3.7290945053100586,0.7360928654670715,0.8953666687011719,0.8920171856880188,0.3288601338863373,0.37516698241233826
germinal,original,0,,nb_s926337_mpnn_2_PDL1,14.766758680555554,70.97302694136292,377.08,14.24,18.035454545454545,59.75116005964167,0.044576,0.36,0.74,155.51,0.854,8.676020833333334,85.55779166666667,,,11.432678571428571,77.9424444410536,0.254929,0.65,0.69,,0.1086808878666794,0.7905731194227376,21.60062789916992,62.81600189208984,68.43155,17.57074,0.4894477,0.457716166973114,0.4689734578132629,0.457716166973114,0.752249002456665,0.384082943201065,0.3836609423160553,0.4689734578132629,0.7587900161743164,0.3965193331241607,0.3965193331241607,0.8420165181159973,0.8759642839431763,0.7666608095169067,0.8608554005622864,0.7914792895317078,0.4143110811710357,1.5890175104141235,0.743337869644165,0.8079442977905273,0.7539705038070679,0.5335232019424438,0.8765495419502258,0.8273736238479614,0.760818362236023,6.500346660614014,0.5136284828186035,0.9038756191730499,0.911207765340805,0.3838719427585602,0.3909083902835846
germinal,original,0,,nb_s38254_mpnn_5_PDL1,5.755045138888889,88.45488935721812,52.87,4.1,2.7818181818181817,83.53517602251404,0.44211,0.74,0.87,-119.52,0.539,3.5225779513888886,96.16912499999998,,,1.7222,95.6523989868164,0.743963,0.87,0.9,,0.8343692225875423,0.9041295707639116,,,65.36817,18.082317,0.47178805,0.6580333709716797,0.6404162049293518,0.6580333709716797,0.8362300992012024,0.6134841442108154,0.6100612282752991,0.6404162049293518,0.8234463930130005,0.594658613204956,0.5611831545829773,0.8334625363349915,0.839224100112915,0.7779229879379272,0.8473473787307739,0.769955575466156,0.4487783312797546,2.2180192470550537,0.7386898994445801,0.782273530960083,0.7473066449165344,0.5543857216835022,0.8392454981803894,0.7465696930885315,0.6897687911987305,4.337520599365234,0.5543857216835022,0.9072283804416656,0.8897378444671631,0.6117726862430573,0.5779208838939667
germinal,original,0,,nb_s462498_mpnn_2_PDL1,5.683803819444445,87.25023995826814,-5.24,-0.35,4.51,81.89940035251493,0.571545,0.79,0.86,-182.73,0.634,4.172118229166666,93.27520833333334,,,2.9178378378378373,90.99697043678977,0.768754,0.88,0.89,,0.8026182824796286,0.8983115393002388,21.769539833068848,48.40778350830078,65.600815,17.988846,0.47210807,0.8254572153091431,0.3565821349620819,0.8254572153091431,0.8911566138267517,0.8090323805809021,0.8090323805809021,0.3565821349620819,0.665856659412384,0.2792634963989258,0.2570575177669525,0.780433177947998,0.7628179788589478,0.6157217025756836,0.8216110467910767,0.7554492354393005,0.6287269592285156,4.5614190101623535,0.5811211466789246,0.8447940945625305,0.8027406930923462,0.6671530604362488,0.8892043828964233,0.8476864099502563,0.5618104934692383,3.392639875411988,0.6671530604362488,0.92337366938591,0.8882417678833008,0.7843762338161469,0.26816050708293915
germinal,original,1,1.9e-07,nb_s718865_mpnn_2_PDL1,5.893743055555555,87.68271346254583,38.37,1.66,2.1421568627450984,89.52579246043888,0.724504,0.84,0.845,-146.37,0.239,3.1086892361111107,96.84483333333334,,,1.640686274509804,97.03886787846405,0.832924,0.91,0.92,,0.8684888688188708,0.914385249739676,,,69.80516,17.394703,0.4924937,0.4639996290206909,0.401524543762207,0.4639996290206909,0.7376608848571777,0.3955842852592468,0.3917735517024994,0.401524543762207,0.7024936676025391,0.3262822329998016,0.3121883571147918,0.8745668530464172,0.9268773794174194,0.8859381079673767,0.871724009513855,0.8211485743522644,0.3650678694248199,1.0262054204940796,0.8741954565048218,0.8416945338249207,0.8389845490455627,0.7015412449836731,0.8767328858375549,0.8239094614982605,0.67481929063797,3.917529582977295,0.6880080103874207,0.8862173855304718,0.8835728466510773,0.3936789184808731,0.31923529505729675
germinal,original,0,,nb_s834944_mpnn_1_PDL1,7.098585069444443,86.04413774973713,-4.72,-0.35,3.451851851851852,85.58559271543169,0.616186,0.79,0.8200000000000001,-177.66,0.271,3.0836104166666667,97.16045833333334,,,1.8660344827586208,97.66741869526524,0.801287,0.9,0.92,,0.8574965498517952,0.8995699026356891,,,68.76211,17.415659,0.49103558,0.8024551272392273,0.8087746500968933,0.8024551272392273,0.9002990126609802,0.7779941558837891,0.7753862142562866,0.8087746500968933,0.9035906195640564,0.7850706577301025,0.7795816659927368,0.8768979907035828,0.8643988966941833,0.7621490955352783,0.90558522939682,0.8581117391586304,0.4501420557498932,2.299955368041992,0.7268504500389099,0.9415050745010376,0.9357108473777772,0.9149638414382936,0.9481403231620787,0.927523672580719,0.3326342701911926,1.1590784788131714,0.8761342167854309,0.9307937622070312,0.9307810962200165,0.7766901850700378,0.7823261618614197
germinal,original,0,,nb_s731008_mpnn_2_PDL1,5.915543402777778,87.92844736842106,4.45,0.32,3.784615384615385,83.57778512763987,0.576357,0.75,0.85,-155.59,0.311,3.652850694444445,96.29408333333332,,,2.464107142857143,95.5744839372306,0.721291,0.86,0.89,,0.8091831243858522,0.882597620879474,21.39440631866455,62.20927429199219,67.85077,17.788292,0.48315048,0.7584890723228455,0.7665563225746155,0.7584890723228455,0.8773373961448669,0.7287769913673401,0.7076321840286255,0.7665563225746155,0.8815165758132935,0.7378162145614624,0.7238729000091553,0.8400667309761047,0.8097083568572998,0.6626100540161133,0.8844309449195862,0.8194657564163208,0.5754991769790649,3.322717905044556,0.6205471158027649,0.9100119471549988,0.892090916633606,0.8556281328201294,0.9236078858375548,0.896178662776947,0.3624602258205414,1.2799489498138428,0.817116379737854,0.912982314825058,0.9111436307430267,0.7182045876979828,0.7308445572853088
germinal,original,0,,nb_s37712_mpnn_5_PDL1,6.992892361111111,84.25925420168068,3.49,0.17,2.8329268292682923,84.18894425802469,0.688447,0.82,0.81,-169.08,0.213,2.9770310763888883,97.230125,,,1.734375,97.2680951073056,0.852297,0.91,0.93,,0.9611592039632884,0.9129249380929289,21.214061737060547,54.13019180297852,68.428955,17.42705,0.49195457,0.4647130966186523,0.5267794132232666,0.4647130966186523,0.7473466396331787,0.3940547108650207,0.3832362294197082,0.5267794132232666,0.77782142162323,0.4640188813209533,0.438438355922699,0.7624680399894714,0.7068042159080505,0.4383560717105865,0.8434959650039673,0.7701781392097473,0.7705769538879395,6.3781046867370605,0.3758166432380676,0.8983021974563599,0.889443576335907,0.8159081339836121,0.9189006686210632,0.8708937764167786,0.3649971187114715,1.4367356300354004,0.7977641820907593,0.8966463506221771,0.8977279961109161,0.3886454701423645,0.45122861862182617
germinal,original,0,,nb_s826150_mpnn_1_PDL1,6.237305555555555,88.31005313496281,16.0,1.28,2.816666666666668,87.82487467662595,0.538049,0.79,0.855,-161.79,0.21,3.3344942708333334,96.85504166666666,,,1.9646666666666663,97.4456657409668,0.83077,0.91,0.91,,0.9020498835742576,0.9263436043934672,20.88524627685547,50.503414154052734,68.36639,17.373734,0.4956522,0.8035067319869995,0.5932979583740234,0.8035067319869995,0.8837577104568481,0.7834439277648926,0.7834439277648926,0.5932979583740234,0.8094109296798706,0.5392696857452393,0.5098648071289062,0.8528398871421814,0.8370433449745178,0.734177827835083,0.8825053572654724,0.8091651797294617,0.4801924526691437,2.422405481338501,0.6631914973258972,0.8853389620780945,0.8587151765823364,0.7482351064682007,0.9196149706840516,0.8712242245674133,0.4171814918518066,2.911629199981689,0.7184316515922546,0.9097426235675812,0.9219121634960175,0.7605326771736145,0.5245672464370728
germinal,original,0,,nb_s7171_mpnn_3_PDL1,5.700569444444445,89.3015113217483,-0.66,-0.05,2.2948275862068965,91.39372308565024,0.664522,0.83,0.855,-164.85,0.281,3.1989376736111104,96.94441666666668,,,1.717142857142857,97.78199946085611,0.804871,0.9,0.92,,0.876565330993234,0.9183376763234756,19.8700532913208,51.87904357910156,66.71548,17.652416,0.49133196,0.4037079513072967,0.3740176558494568,0.4037079513072967,0.7217925786972046,0.324186772108078,0.324186772108078,0.3740176558494568,0.6839039921760559,0.2965460419654846,0.259295254945755,0.8034079670906067,0.8282802700996399,0.68171226978302,0.8338319063186646,0.8018088936805725,0.4948972761631012,3.551997661590576,0.68171226978302,0.8065335154533386,0.7655313611030579,0.5545361042022705,0.8695328831672668,0.8358895778656006,0.5849544405937195,8.285890579223633,0.5424414277076721,0.9020187258720398,0.893578052520752,0.32095806300640106,0.2779206484556198
germinal,original,0,,nb_s302651_mpnn_3_PDL1,7.698107638888889,85.41358280254777,23.92,2.03,4.287037037037037,83.81499177354361,0.437879,0.71,0.825,-143.17,0.283,3.730735590277778,95.44429166666669,,,2.601379310344828,94.31310430066338,0.78127,0.89,0.89,,0.8317635666251669,0.8778348562628143,24.358508110046387,34.93330383300781,64.67684,19.199915,0.44213885,0.4516046345233917,0.7587110996246338,0.4516046345233917,0.7050162553787231,0.3882517218589782,0.3594642579555511,0.7587110996246338,0.8865402936935425,0.7267537713050842,0.7267537713050842,0.8675069212913513,0.862826943397522,0.7890672087669373,0.8871167898178101,0.8343059420585632,0.4719010591506958,2.119446516036988,0.7255584001541138,0.91317480802536,0.8639641404151917,0.8119679689407349,0.9384765625,0.9076145887374878,0.3613689839839935,1.333885908126831,0.7502512335777283,0.869980126619339,0.9279002249240875,0.3738579899072647,0.7234292328357697
germinal,original,1,4.2e-07,nb_s759449_mpnn_4_PDL1,6.35153125,87.86151322751323,14.84,1.14,2.816,87.8879002698453,0.520529,0.78,0.86,-173.66,0.314,3.339711111111111,96.79758333333332,,,1.699814814814815,97.2470369692202,0.800085,0.9,0.91,,0.8547712476340354,0.909554192290061,24.66894245147705,49.21392822265625,68.01387,17.191381,0.49625212,0.7709918022155762,0.3801328837871551,0.7709918022155762,0.8809353113174438,0.7435058355331421,0.7435058355331421,0.3801328837871551,0.6953577399253845,0.3013266623020172,0.2888840436935425,0.8438539505004883,0.8373570442199707,0.7240996360778809,0.8737925291061401,0.7958776950836182,0.457390695810318,2.4685840606689453,0.6702996492385864,0.8675846457481384,0.8530290722846985,0.7503435015678406,0.8968948721885681,0.8440555930137634,0.4723356068134308,2.9962518215179443,0.7434560060501099,0.909948319196701,0.9036974310874939,0.7412546277046204,0.29510535299777985
germinal,original,1,2e-07,nb_s618542_mpnn_3_PDL1,5.816467013888888,88.27489216202,41.5,2.04,2.3346153846153843,88.93964871163664,0.745751,0.85,0.8400000000000001,-85.71,0.222,3.075864583333334,96.85750000000002,,,1.615,96.9816672915504,0.847558,0.92,0.93,,0.8982036126566115,0.9355821854640752,,,69.13268,17.444696,0.48603606,0.381693571805954,0.8592733144760132,0.381693571805954,0.7009687423706055,0.3018747866153717,0.2992613613605499,0.8592733144760132,0.9228838682174684,0.8433706760406494,0.8348433375358582,0.8233938217163086,0.8811841011047363,0.792499303817749,0.8311173915863037,0.727868378162384,0.4322171211242676,1.8589543104171755,0.7895747423171997,0.8816505670547485,0.9124134182929992,0.8806033730506897,0.881912350654602,0.815805196762085,0.3530371785163879,0.8434015512466431,0.8627869486808777,0.892041027545929,0.9281382858753204,0.3005680739879608,0.8391070067882538
germinal,original,0,,nb_s467069_mpnn_3_PDL1,7.502861111111111,86.04865404837014,49.08,3.47,3.029310344827586,83.58784688239588,0.374112,0.71,0.835,-131.95,0.23,3.778322743055556,95.737625,,,1.9430357142857144,95.84137936296136,0.756391,0.88,0.89,,0.8803963703178768,0.8823638822925323,22.320390701293945,54.58253479003906,68.84591,17.391161,0.49584132,0.7419177293777466,0.8165536522865295,0.7419177293777466,0.8772359490394592,0.708088219165802,0.6834165453910828,0.8165536522865295,0.8979088664054871,0.7962148785591125,0.7962148785591125,0.908202350139618,0.9226513504981996,0.9012933373451232,0.909929633140564,0.8843648433685303,0.3659413754940033,0.8743826150894165,0.8683129549026489,0.9024319648742676,0.9056982398033142,0.8787969350814819,0.9083406925201416,0.8673915863037109,0.3441922962665558,0.8422351479530334,0.8268918395042419,0.92556232213974,0.9273218810558319,0.6957523822784424,0.7795004844665527
germinal,original,0,,nb_s216967_mpnn_4_PDL1,6.800819444444444,88.55669856459332,35.5,2.99,2.473076923076923,90.21024880204602,0.597371,0.79,0.8400000000000001,-158.24,0.266,3.4507144097222224,96.54483333333334,,,1.7266666666666666,97.207857131958,0.796105,0.89,0.91,,0.8670197460330697,0.9135433074865384,,,67.15702,17.769766,0.48010734,0.8040460348129272,0.8037906289100647,0.8040460348129272,0.8857647776603699,0.7836163640022278,0.7836163640022278,0.8037906289100647,0.8871051073074341,0.7829619646072388,0.7829619646072388,0.7989658713340759,0.7514963746070862,0.5257081985473633,0.8672803044319153,0.7946150898933411,0.5640738606452942,4.509672164916992,0.4787137508392334,0.8993736505508423,0.8985838294029236,0.8125712871551514,0.921074151992798,0.8840141892433167,0.361824631690979,1.2578626871109009,0.7955754399299622,0.9252354502677917,0.9266966283321381,0.7655124664306641,0.7656316757202148
germinal,original,0,,nb_s467146_mpnn_5_PDL1,5.100791666666666,89.96170111287758,-12.51,-0.71,1.5214285714285716,91.97286468313656,0.777331,0.87,0.86,-186.06,0.211,2.9961534722222223,97.21575,,,1.2693589743589744,97.28846095158504,0.828214,0.91,0.92,,0.9042632728716704,0.9366041335319036,,,66.58923,18.086628,0.4764551,0.2485935539007187,0.4491693377494812,0.2485935539007187,0.5989426970481873,0.1610062569379806,0.1610062569379806,0.4491693377494812,0.7252309322357178,0.3801539540290832,0.3669612109661102,0.77410888671875,0.7675036787986755,0.5379801988601685,0.8331410884857178,0.7621996998786926,0.6699296236038208,5.916195392608643,0.5130118727684021,0.8259860873222351,0.8359041810035706,0.6992928981781006,0.8576593995094299,0.824166476726532,0.5713480114936829,4.164309501647949,0.6992928981781006,0.8681796789169312,0.8858919143676758,0.15761549025774002,0.37355758249759674
germinal,original,0,,nb_s632243_mpnn_4_PDL1,5.499465277777777,89.3470182012848,45.57,3.06,1.959259259259259,88.52743338814128,0.584618,0.79,0.865,-139.31,0.261,3.846074305555556,95.70745833333334,,,2.005,94.76555435745804,0.69488,0.84,0.88,,0.7642297041846202,0.8926257598046143,,,69.19838,17.207224,0.49552625,0.4195773899555206,0.5331971049308777,0.4195773899555206,0.6900307536125183,0.3519640564918518,0.3337539136409759,0.5331971049308777,0.7580410242080688,0.4769860804080963,0.4510931670665741,0.7849284410476685,0.7990929484367371,0.6116565465927124,0.8282464146614075,0.7648496031761169,0.5474840998649597,4.204423427581787,0.6116565465927124,0.8010461926460266,0.7811875343322754,0.5798947215080261,0.8563340902328491,0.7813642621040344,0.6347156763076782,5.573902606964111,0.5670950412750244,0.8701249957084656,0.8752200305461884,0.3428589850664139,0.4640396237373352
germinal,original,0,,nb_s834944_mpnn_4_PDL1,7.036307291666666,86.2659411146162,-2.31,-0.17,3.435714285714286,85.90774676568383,0.574261,0.77,0.8200000000000001,-182.81,0.234,3.114187326388889,97.12383333333334,,,1.8358333333333328,97.7956667582194,0.807793,0.9,0.92,,0.8187347395024804,0.908425262274267,,,68.656975,17.405998,0.49115628,0.8039424419403076,0.8097172975540161,0.8039424419403076,0.9051862359046936,0.7786314487457275,0.7786314487457275,0.8097172975540161,0.903516173362732,0.7862675786018372,0.7804373502731323,0.8813425302505493,0.8900771737098694,0.7979642152786255,0.9021870493888856,0.8455618619918823,0.4174657464027405,2.134565591812134,0.7841514348983765,0.9420792460441588,0.9375755786895752,0.9137848615646362,0.9491528868675232,0.925242006778717,0.3225879669189453,0.9717195630073548,0.8837277889251709,0.9318516552448273,0.93167844414711,0.7782163023948669,0.7833524644374847
germinal,original,0,,nb_s282075_mpnn_1_PDL1,6.138269097222223,88.1517002118644,15.59,1.24,2.0816666666666666,90.6191078977782,0.640316,0.84,0.855,-150.6,0.228,3.1680473958333333,97.18770833333332,,,1.513103448275862,98.0829611884223,0.840025,0.92,0.92,,0.8465972940930451,0.9101322559946906,,,66.033005,17.964348,0.4728114,0.3578952252864837,0.5579047203063965,0.3578952252864837,0.6815199255943298,0.2769890427589416,0.2707031071186065,0.5579047203063965,0.790132462978363,0.499847799539566,0.4911278188228607,0.8824539184570312,0.9055195450782776,0.8725502490997314,0.884929895401001,0.8345917463302612,0.3565159440040588,0.9124518632888794,0.8225449919700623,0.9173912405967712,0.9177942872047424,0.8827884793281555,0.9260419011116028,0.8896623253822327,0.3402619063854217,0.883648693561554,0.8500106930732727,0.8910064399242401,0.8960131704807281,0.2738460749387741,0.4954878091812134
germinal,original,0,,nb_s916275_mpnn_1_PDL1,5.111149305555554,89.0675613660619,7.36,0.43,2.62972972972973,90.14296305631696,0.733247,0.84,0.86,-172.06,0.31,3.370851215277778,96.29704166666669,,,1.6690540540540542,97.18605242277448,0.824607,0.9,0.92,,0.8643168325941997,0.9120973147762594,,,67.23703,17.928726,0.473036,0.8157842755317688,0.7459295392036438,0.8157842755317688,0.8885217308998108,0.7975999116897583,0.7222523093223572,0.7459295392036438,0.8529800176620483,0.7191668748855591,0.6574385762214661,0.8634340167045593,0.8888239860534668,0.8123722672462463,0.87619948387146,0.8203115463256836,0.4495134949684143,1.3338711261749268,0.8087751269340515,0.9050316214561462,0.8915713429450989,0.8658034801483154,0.9148385524749756,0.8820953965187073,0.3805901706218719,1.027388334274292,0.8259238004684448,0.9000086188316345,0.894845187664032,0.7599261105060577,0.6883027255535126
germinal,original,0,,nb_s975197_mpnn_2_PDL1,8.030758680555556,84.10213036565978,63.04,4.39,3.966071428571429,80.83348217968111,0.305648,0.66,0.825,-180.31,0.242,3.264926388888889,96.92225000000002,,,1.7630645161290326,97.3480000813802,0.793036,0.89,0.91,,0.8719606913010893,0.880437341821322,15.599205407229336,60.45833206176758,69.20741,14.793642,0.5539061,0.6770852208137512,0.7825642228126526,0.6770852208137512,0.8488887548446655,0.6341343522071838,0.613598644733429,0.7825642228126526,0.8956508636474609,0.7542924880981445,0.7542924880981445,0.7541863322257996,0.7569074630737305,0.5283387303352356,0.8106482028961182,0.7293229103088379,0.6223140954971313,5.559186458587647,0.4780994951725006,0.8436501622200012,0.8575167059898376,0.7569732666015625,0.8653193712234497,0.8226609230041504,0.4976745843887329,2.4173471927642822,0.7499986290931702,0.9078351259231567,0.9296145439147949,0.6238664984703064,0.7490629255771637
germinal,original,0,,nb_s499859_mpnn_4_PDL1,7.274621527777777,86.2148427672956,19.29,1.32,3.137096774193549,82.81651209877126,0.331714,0.69,0.85,-131.18,0.253,3.296495138888889,97.0105,,,1.8360714285714284,97.0137043705693,0.761221,0.88,0.91,,0.8501639892820044,0.8732410535354974,,,67.10348,17.389381,0.48768565,0.7786706686019897,0.7821627855300903,0.7786706686019897,0.8855338096618652,0.7519548535346985,0.7509189248085022,0.7821627855300903,0.8868750929832458,0.7559846639633179,0.7559846639633179,0.8234467506408691,0.7959004640579224,0.6806272268295288,0.8591516017913818,0.8117765188217163,0.4878190755844116,3.196030378341675,0.5869126319885254,0.9297653436660768,0.8964740037918091,0.8856784105300903,0.9407870173454284,0.9253753423690796,0.3523637056350708,1.042506217956543,0.8261133432388306,0.926779180765152,0.92649245262146,0.7514368891716003,0.7549335062503815
germinal,original,0,,nb_s854077_mpnn_1_PDL1,6.105237847222221,87.90173496540713,28.54,1.79,2.934375,86.0233680253857,0.506221,0.73,0.85,-157.42,0.258,3.1956432291666665,96.904125,,,1.77265625,97.22766621907552,0.782482,0.88,0.91,,0.8614295661207474,0.9154967562881948,,,67.347206,17.790075,0.486235,0.4569559693336487,0.6401084661483765,0.4569559693336487,0.7427345514297485,0.3855113387107849,0.3681458830833435,0.6401084661483765,0.8339475393295288,0.5916486978530884,0.5742299556732178,0.8436097502708435,0.7770307660102844,0.566567063331604,0.9128704071044922,0.8568597435951233,0.5510976314544678,4.610292434692383,0.5423756837844849,0.92233544588089,0.9026783108711244,0.8409606218338013,0.9426791071891784,0.9138784408569336,0.3703804612159729,1.1807780265808103,0.8205914497375488,0.9008267521858215,0.9251597225666046,0.3768286108970642,0.5829393267631531
germinal,original,0,,nb_s870186_mpnn_1_PDL1,6.274852430555555,87.20022304832713,22.17,1.07,2.941860465116279,87.71801731452457,0.685436,0.83,0.835,-142.72,0.282,3.212720659722222,96.92491666666666,,,1.9296739130434784,97.74975090026857,0.82863,0.9,0.92,,0.8187383044334494,0.8716412834149784,21.528346061706543,53.06665802001953,66.3156,17.81986,0.48137134,0.7710388898849487,0.5363965034484863,0.7710388898849487,0.8701785802841187,0.7462539672851562,0.6950395703315735,0.5363965034484863,0.7729993462562561,0.4772457480430603,0.4428799748420715,0.8804239630699158,0.9051144123077391,0.8389459252357483,0.8907933831214905,0.8413376212120056,0.3982696831226349,1.2995562553405762,0.8389459252357483,0.9031740427017212,0.9129823446273804,0.8678358793258667,0.91200852394104,0.870502233505249,0.3755784928798675,1.234161376953125,0.856515109539032,0.901543140411377,0.8924571871757507,0.7206467688083649,0.4600628614425659
germinal,original,0,,nb_s622643_mpnn_2_PDL1,6.542269097222222,86.59406067056945,-9.16,-0.83,2.4595238095238097,87.96553784865839,0.535252,0.78,0.845,-170.89,0.33,3.4110581597222223,96.57895833333332,,,1.6090909090909091,97.49666522798084,0.783966,0.89,0.91,,0.7770505606932355,0.884358053831313,,,67.53502,17.848118,0.48313874,0.5702720284461975,0.6727098226547241,0.5702720284461975,0.7831999063491821,0.5170400738716125,0.4665199816226959,0.6727098226547241,0.8348016738891602,0.6321868300437927,0.5821099877357483,0.8925882577896118,0.9123470187187196,0.8927913904190063,0.8925374150276184,0.8511760830879211,0.3239319324493408,0.766360878944397,0.8573212623596191,0.8704090118408203,0.8718156814575195,0.7941597104072571,0.8894713521003723,0.8166961669921875,0.3738069832324981,1.4120837450027466,0.7474775910377502,0.8939154744148254,0.9060187935829163,0.49178002774715424,0.6071484088897705
germinal,original,0,,nb_s68363_mpnn_1_PDL1,5.766977430555556,88.4950827549386,1.73,0.13,2.4962962962962965,87.48289248038509,0.513941,0.77,0.86,-154.87,0.236,3.3798960069444446,96.35041666666666,,,1.5085185185185186,96.92076991154596,0.799043,0.9,0.91,,0.8584272804129227,0.8999179349331383,20.88136005401612,55.28997802734375,66.56314,17.836222,0.47403777,0.6063879728317261,0.781274139881134,0.6063879728317261,0.814806342124939,0.5542833805084229,0.5542833805084229,0.781274139881134,0.8988386988639832,0.7518830299377441,0.7510202527046204,0.901936650276184,0.9280725717544556,0.8933093547821045,0.9040934443473816,0.8794742226600647,0.3440824151039123,0.9203841090202332,0.8499084115028381,0.909571647644043,0.9205892086029052,0.8931293487548828,0.9136821627616882,0.8868460059165955,0.3454272747039795,0.9364360570907592,0.8488059639930725,0.8986449837684631,0.9256527721881866,0.5478565096855164,0.7514516413211823
germinal,original,0,,nb_s251319_mpnn_2_PDL1,8.478987847222221,83.52286245353159,60.45,3.62,8.806944444444447,74.7160373633467,0.221247,0.6,0.825,-133.1,0.308,3.937741319444444,95.09270833333332,,,3.3031944444444443,92.8382355185116,0.6747,0.83,0.87,,0.3680775024244015,0.8665205085138301,20.78225517272949,46.40367889404297,65.32015,17.783518,0.4738394,0.2701236307621002,0.7304103970527649,0.2701236307621002,0.6161277294158936,0.1836225837469101,0.1758373975753784,0.7304103970527649,0.8585643768310547,0.6983718872070312,0.6867455244064331,0.8497470021247864,0.9131069779396056,0.8618412017822266,0.8467234373092651,0.7964300513267517,0.382103830575943,1.3447121381759644,0.8618412017822266,0.8533503413200378,0.8671901226043701,0.7819153666496277,0.8712091445922852,0.83721923828125,0.5531308054924011,3.273643970489502,0.7819153666496277,0.8819792866706848,0.8867258429527283,0.17972999066114426,0.6925587058067322
germinal,original,0,,nb_s52054_mpnn_3_PDL1,6.638774305555556,86.4113183949974,54.79,3.92,3.540740740740741,84.60114410539637,0.359202,0.7,0.845,-86.86,0.355,4.05229375,95.2345,,,2.456666666666666,94.8607142312186,0.700416,0.85,0.87,,0.802295094972332,0.8864833897058961,19.88887023925781,55.676517486572266,66.51599,17.739012,0.47381598,0.3222405910491943,0.3929615616798401,0.3222405910491943,0.6562352776527405,0.238741934299469,0.2240171432495117,0.3929615616798401,0.7099713683128357,0.3137091100215912,0.3137091100215912,0.7943595051765442,0.7646083235740662,0.6013016104698181,0.8426239490509033,0.7622761726379395,0.5517551898956299,4.161477565765381,0.5273638963699341,0.812060534954071,0.74102783203125,0.5374041795730591,0.8807246088981628,0.8209360837936401,0.6371532082557678,6.570263862609863,0.4941156506538391,0.887731671333313,0.8817161917686462,0.23137953877449036,0.3115224242210388
germinal,original,0,,nb_s605394_mpnn_5_PDL1,7.615053819444444,86.52846680716544,17.33,1.25,2.7384615384615385,85.74476348090187,0.303193,0.7,0.845,-149.67,0.289,3.4965092013888883,96.450875,,,1.9861538461538464,95.70785685947963,0.781629,0.89,0.9,,0.8517401545022039,0.8796782114655407,21.57786210378011,49.11572265625,65.690315,17.705935,0.48069456,0.2579959034919739,0.5111932754516602,0.2579959034919739,0.6110067963600159,0.1697431802749633,0.1655676960945129,0.5111932754516602,0.7560021281242371,0.4499910771846771,0.4329419136047363,0.7945644855499268,0.7881151437759399,0.5990954041481018,0.8434317708015442,0.7910264134407043,0.6076388359069824,4.540637493133545,0.5748705863952637,0.8614522218704224,0.8455510139465332,0.7173027396202087,0.8974895477294922,0.8470035791397095,0.5796298980712891,4.609525680541992,0.6958465576171875,0.8791813552379608,0.899387389421463,0.16765543818473816,0.4414664953947067
germinal,original,0,,nb_s282075_mpnn_3_PDL1,6.133397569444446,88.19492600422832,8.67,0.65,2.3870967741935485,88.35339786196904,0.556753,0.81,0.855,-163.74,0.21,3.1271621527777778,97.23670833333333,,,1.5551724137931031,97.84964288984028,0.83034,0.91,0.92,,0.8484530482711902,0.9077540223857352,,,66.803185,17.984278,0.47741306,0.4637441039085388,0.5566825270652771,0.4637441039085388,0.7420661449432373,0.394163578748703,0.389004647731781,0.5566825270652771,0.7802435755729675,0.5007922649383545,0.4783471226692199,0.8688444495201111,0.8992217183113098,0.8326356410980225,0.8778966069221497,0.8170098066329956,0.3677738904953003,1.0868366956710815,0.8127522468566895,0.9223329424858092,0.9061065912246704,0.8779275417327881,0.9334343075752258,0.9206313490867616,0.3571196496486664,0.9252296090126038,0.8194116353988647,0.89127117395401,0.9100304543972015,0.391584113240242,0.48956969380378723
germinal,original,0,,nb_s916275_mpnn_4_PDL1,5.577539930555555,88.69892971246007,16.43,0.92,2.697619047619048,89.67167721759395,0.718092,0.83,0.84,-93.63,0.223,3.1517286458333333,96.84129166666666,,,1.7683333333333329,97.28574905395509,0.829423,0.9,0.92,,0.9091957734055902,0.9281867309191328,21.877002716064453,61.459468841552734,67.01444,17.726845,0.47874138,0.8261741399765015,0.8231120109558105,0.8261741399765015,0.8980444669723511,0.8082065582275391,0.7293950915336609,0.8231120109558105,0.8935948610305786,0.8054912686347961,0.7171462774276733,0.848567008972168,0.8274298310279846,0.684912383556366,0.8894806504249573,0.8376875519752502,0.5669224262237549,2.773467540740967,0.6758331060409546,0.8975725173950195,0.8880472183227539,0.8273506760597229,0.91512793302536,0.8810709714889526,0.5112717151641846,1.7475554943084717,0.8273506760597229,0.903946727514267,0.9009654819965363,0.7688008248806,0.7613187730312347
germinal,original,0,,nb_s362656_mpnn_2_PDL1,5.138644097222222,89.45277279915656,-4.71,-0.25,2.3637500000000005,93.49469166348842,0.823097,0.89,0.855,-164.6,0.236,2.9544567708333336,97.1605,,,1.7297368421052632,97.57459465233056,0.852523,0.91,0.93,,0.8263843093422774,0.9013374413087112,,,66.79778,17.146347,0.49006182,0.3721522688865661,0.4672092199325561,0.3721522688865661,0.6819515228271484,0.2947024405002594,0.263994425535202,0.4672092199325561,0.7559628486633301,0.3950208127498626,0.3950208127498626,0.8022724390029907,0.6634390950202942,0.3764744997024536,0.908721923828125,0.8572626709938049,0.6468857526779175,6.502824306488037,0.291305810213089,0.8422766923904419,0.7359136939048767,0.5311598181724548,0.9200559258461,0.8823045492172241,0.611811637878418,6.2922444343566895,0.46596759557724,0.9175929725170135,0.9203715920448303,0.2793484330177307,0.38429921865463257
germinal,original,1,1e-06,nb_s206217_mpnn_2_PDL1,6.909809027777778,87.94894351464436,31.13,2.0,2.7767857142857144,85.82327262219069,0.357772,0.69,0.85,-152.51,0.264,3.2752055555555555,96.96454166666668,,,1.886379310344827,97.09906148910522,0.791843,0.89,0.92,,0.8208620032768497,0.9063869011808038,11.8868982058305,68.25888061523438,72.052635,13.024297,0.6072079,0.8406291007995605,0.8488590121269226,0.8406291007995605,0.9151676893234252,0.821994423866272,0.821994423866272,0.8488590121269226,0.9198712706565856,0.8311059474945068,0.8311059474945068,0.9078943133354188,0.899357795715332,0.8451284170150757,0.923585832118988,0.8941782116889954,0.3551864922046661,1.3703243732452393,0.810401976108551,0.9460698962211608,0.950163960456848,0.9428775906562804,0.9468679428100586,0.9278295636177064,0.2891543209552765,0.4948355257511139,0.9068731665611268,0.9306900203227997,0.9318357408046722,0.7982397973537445,0.808628499507904
germinal,original,0,,nb_s854077_mpnn_2_PDL1,6.152694444444444,87.8745986177565,61.74,3.93,2.915625,85.53585198327855,0.476586,0.72,0.85,-103.73,0.24,3.164710069444444,97.08445833333332,,,1.7503225806451612,97.2520680920831,0.776667,0.89,0.92,,0.8261773969802968,0.913074437792372,,,67.01592,17.671116,0.4928539,0.8361954689025879,0.8220419883728027,0.8361954689025879,0.9209861159324646,0.8149977326393127,0.8149977326393127,0.8220419883728027,0.9141577482223512,0.799013078212738,0.799013078212738,0.8303201794624329,0.7933593392372131,0.6009224057197571,0.8876696228981018,0.8217108845710754,0.5246532559394836,3.4656927585601807,0.5544759631156921,0.9535975456237792,0.963719129562378,0.9508371353149414,0.9542876482009888,0.938648521900177,0.2866142988204956,0.4342820346355438,0.92413067817688,0.9341046214103699,0.9331980645656586,0.8056563138961792,0.7911747395992279
germinal,original,0,,nb_s149825_mpnn_4_PDL1,6.230642361111111,85.9443268727082,25.93,1.52,1.8944444444444448,89.3605342323976,0.759611,0.85,0.84,-161.77,0.25,3.3539649305555552,96.301625,,,1.394268292682927,97.28972914412216,0.830413,0.91,0.92,,0.8774642276085449,0.8930107610540639,,,66.42576,17.998884,0.47329798,0.2581074237823486,0.4214756488800049,0.2581074237823486,0.6213012933731079,0.1673089265823364,0.1673089265823364,0.4214756488800049,0.7123047709465027,0.3487683832645416,0.3257138431072235,0.7718641757965088,0.778840184211731,0.5923733711242676,0.8167368769645691,0.7764272689819336,0.6239528656005859,4.499500274658203,0.5923733711242676,0.8918494582176208,0.9051397442817688,0.8507482409477234,0.9021247625350952,0.8758395314216614,0.4215539693832397,1.7327611446380615,0.8452744483947754,0.8880098760128021,0.8853233456611633,0.1539398804306984,0.33724111318588257
germinal,original,0,,nb_s465730_mpnn_3_PDL1,5.805098958333334,87.78880675818374,37.77,1.95,3.385869565217392,85.81476535650224,0.602941,0.8,0.85,-164.35,0.276,3.302278125,96.209,,,2.103125,95.1134080019864,0.82538,0.9,0.92,,0.8865944655988696,0.8959008758968502,24.92659282684326,56.88462066650391,67.87709,17.792706,0.48034412,0.3844794034957886,0.8097265958786011,0.3844794034957886,0.703252911567688,0.3047860264778137,0.3029393851757049,0.8097265958786011,0.8989869952201843,0.7874114513397217,0.7685654759407043,0.8045167326927185,0.8225210309028625,0.6644582152366638,0.8395313024520874,0.7702618837356567,0.5403936505317688,3.960796594619751,0.6400660872459412,0.9198654294013976,0.9241663813591005,0.8854435682296753,0.9284709095954896,0.9047998785972596,0.3638167679309845,0.9388404488563538,0.8854435682296753,0.8889577984809875,0.9216766953468323,0.30386270582675934,0.777988463640213
germinal,original,0,,nb_s892360_mpnn_1_PDL1,6.691873263888889,86.35006276150628,94.14,5.69,3.414285714285714,85.63790669631051,0.540789,0.78,0.8400000000000001,-149.86,0.363,3.185584027777778,96.919,,,2.030875,97.84736934461093,0.825919,0.91,0.92,,0.8337855275775461,0.9010339859004456,,,64.33594,18.135197,0.47216153,0.7598087787628174,0.716274619102478,0.7598087787628174,0.8812708854675293,0.7294431924819946,0.7294431924819946,0.716274619102478,0.8572828769683838,0.6810225248336792,0.6694179773330688,0.8716126680374146,0.8616325259208679,0.7517501711845398,0.9015783071517944,0.8504480719566345,0.420351892709732,2.2824153900146484,0.738826334476471,0.8641104102134705,0.8144646286964417,0.6633497476577759,0.9143005609512328,0.8643691539764404,0.5612085461616516,5.9840192794799805,0.6150245070457458,0.9191003739833832,0.9010302722454071,0.7224602699279785,0.675220251083374
germinal,original,0,,nb_s68363_mpnn_3_PDL1,5.658232638888889,88.51424,44.86,3.69,3.076,86.03302876968715,0.569311,0.79,0.865,-154.17,0.355,3.4221486111111115,96.33329166666664,,,1.6486538461538465,96.46777795862268,0.763729,0.88,0.91,,0.7955992021816158,0.892365922964437,21.05678081512451,54.83388519287109,66.66935,17.843344,0.47451586,0.6436424255371094,0.8098174333572388,0.6436424255371094,0.8298431634902954,0.5970922112464905,0.5970922112464905,0.8098174333572388,0.905299961566925,0.785946786403656,0.7717172503471375,0.8952174186706543,0.9026619791984558,0.8555105328559875,0.9051441550254822,0.8625580072402954,0.360399067401886,1.2686092853546145,0.7892006635665894,0.9188786745071412,0.9132981896400452,0.8642069101333618,0.932546615600586,0.9116430282592772,0.3434551954269409,1.1223814487457275,0.818822979927063,0.8989749252796173,0.9285816550254822,0.5866321623325348,0.7788320183753967
germinal,original,0,,nb_s214428_mpnn_1_PDL1,5.659520833333334,87.94183254344392,24.44,1.42,3.4333333333333327,84.95615584152264,0.512551,0.75,0.86,-167.78,0.205,3.051587326388889,97.26791666666668,,,1.694054054054054,97.22769165039062,0.793013,0.89,0.92,,0.94473133518759,0.9263436043934672,20.61824893951416,48.98473358154297,67.937164,17.640581,0.48220155,0.5767863988876343,0.5996018052101135,0.5767863988876343,0.7954264283180237,0.5221263766288757,0.5015433430671692,0.5996018052101135,0.804368257522583,0.548410177230835,0.5140400528907776,0.8938428163528442,0.9253059029579164,0.871705174446106,0.8993772268295288,0.8406535983085632,0.3759419023990631,1.1220704317092896,0.8636553287506104,0.8979082107543945,0.9116485714912416,0.8521257638931274,0.9093538522720336,0.831601083278656,0.4125032722949981,1.4927819967269895,0.8379753232002258,0.8924847841262817,0.8940176665782928,0.5118348598480225,0.5312251150608063
germinal,original,0,,nb_s255632_mpnn_3_PDL1,7.514493055555556,86.91094537815127,19.6,1.32,3.0500000000000003,85.77697722360512,0.324429,0.69,0.845,-149.28,0.202,3.094463715277778,97.30491666666668,,,1.9732857142857143,97.6926466997932,0.796019,0.89,0.91,,0.8460489834817803,0.8941427623693621,24.10321044921875,49.94361877441406,65.61006,17.214428,0.4919796,0.4720222949981689,0.7644909620285034,0.4720222949981689,0.745383083820343,0.4036821126937866,0.3915875256061554,0.7644909620285034,0.8663201332092285,0.7390336394309998,0.6678764224052429,0.831454873085022,0.9027205109596252,0.8425954580307007,0.8286697268486023,0.7532971501350403,0.3832921087741852,1.3239939212799072,0.8425954580307007,0.8892217874526978,0.8620625734329224,0.7778369784355164,0.9170679450035096,0.8879255652427673,0.5133217573165894,2.446913003921509,0.7778369784355164,0.8933456838130951,0.8936693072319031,0.397634819149971,0.7034550309181213
germinal,original,0,,nb_s351880_mpnn_1_PDL1,5.904395833333334,86.47628510863805,221.96,12.43,2.5346153846153845,85.01346461689661,0.563686,0.77,0.84,-135.16,0.257,3.332367361111111,96.39120833333332,,,1.5435135135135136,96.74400119781494,0.816158,0.89,0.92,,0.891771534340243,0.8835456537755144,,,67.54066,17.50528,0.48752022,0.6042258739471436,0.4184200167655945,0.6042258739471436,0.8124269247055054,0.5521756410598755,0.5374288558959961,0.4184200167655945,0.705139696598053,0.3467400670051574,0.3202109932899475,0.8358923196792603,0.8958034515380859,0.8154472708702087,0.8410035967826843,0.7581406235694885,0.3974897563457489,1.4074411392211914,0.8154472708702087,0.9164528846740724,0.893235981464386,0.8527277112007141,0.932384192943573,0.9158534407615662,0.4104743599891662,1.1402504444122314,0.8321461081504822,0.9003769755363464,0.9083659052848816,0.5448022484779358,0.3334755301475525
germinal,original,0,,nb_s481672_mpnn_2_PDL1,5.887269097222222,87.68620192307692,27.84,1.92,3.877586206896552,86.78555368104686,0.506433,0.77,0.855,-148.96,0.207,2.9009383680555554,97.55508333333334,,,1.733939393939394,97.94516114265689,0.829097,0.91,0.93,,0.8651707235635879,0.9377427369841468,19.57408142089844,57.70968627929688,69.20026,17.181093,0.49798363,0.8447605967521667,0.8451552391052246,0.8447605967521667,0.9194251894950868,0.8260944485664368,0.8260944485664368,0.8451552391052246,0.9195711612701416,0.8265511989593506,0.8265511989593506,0.853101909160614,0.825893223285675,0.6725921034812927,0.8982293605804443,0.8516061902046204,0.5024147033691406,3.0362682342529297,0.6725921034812927,0.9253326654434204,0.9039833545684814,0.8565456867218018,0.942529320716858,0.9156684279441832,0.385837197303772,1.3981881141662598,0.8431088328361511,0.9324125945568085,0.9328716695308685,0.8156788349151611,0.816570520401001
germinal,original,0,,nb_s883690_mpnn_4_PDL1,6.504095486111111,87.48121465968586,20.89,1.75,2.680645161290322,88.01596374592323,0.564204,0.79,0.845,-95.89,0.241,3.6150411458333336,96.23575,,,1.840833333333333,96.4935714176723,0.764418,0.88,0.89,,0.8613429789875382,0.8853314083370254,22.47436046600341,53.76054382324219,65.10594,18.004526,0.4743842,0.3610022068023681,0.806693971157074,0.3610022068023681,0.66927170753479,0.2839348316192627,0.2839348316192627,0.806693971157074,0.8772825598716736,0.7890468239784241,0.7890468239784241,0.7930704355239868,0.732578456401825,0.5859659910202026,0.8448465466499329,0.7612205147743225,0.6364920735359192,3.499781370162964,0.5088484287261963,0.8792436718940735,0.8355585336685181,0.7522992491722107,0.9109798073768616,0.881015956401825,0.4186060726642608,1.7225916385650637,0.7161873579025269,0.8665692210197449,0.9171648025512695,0.28180670738220215,0.7584018111228943
germinal,original,0,,nb_s895571_mpnn_3_PDL1,5.532776041666666,90.3276348104645,-1.04,-0.07,3.116129032258064,89.96229725426632,0.523661,0.78,0.87,-159.14,0.241,3.2183182291666665,97.16004166666669,,,2.135625,97.25172292775122,0.800929,0.9,0.91,,0.814489320879962,0.8946246182558842,21.1709566116333,58.05445861816406,67.63941,17.531425,0.48646164,0.839089035987854,0.4942294061183929,0.839089035987854,0.9074405431747437,0.8220011591911316,0.8220011591911316,0.4942294061183929,0.7673181295394897,0.4259572029113769,0.4185850918292999,0.8632225394248962,0.8090730905532837,0.6526047587394714,0.9158769249916076,0.8657235503196716,0.522102952003479,3.892001152038574,0.5981783270835876,0.8753294348716736,0.8056459426879883,0.6273778080940247,0.9373172521591188,0.9072238802909852,0.5740664601325989,5.678546905517578,0.5987863540649414,0.9331493079662323,0.9005106091499329,0.8048693239688873,0.42227114737033844
germinal,original,1,2.2e-06,nb_s206217_mpnn_5_PDL1,6.993815972222223,87.16707112970711,67.3,4.83,3.021428571428572,84.62783392160742,0.381048,0.69,0.845,-118.03,0.24,3.4247394097222226,96.57862500000002,,,2.1217241379310345,96.12181877367424,0.766464,0.88,0.91,,0.9162221081198516,0.8965027692639874,,,68.844086,17.36129,0.49169087,0.8395669460296631,0.8403986096382141,0.8395669460296631,0.9146735072135924,0.8207902908325195,0.8207902908325195,0.8403986096382141,0.9132218956947328,0.8221927881240845,0.8221927881240845,0.9043959975242616,0.8642206788063049,0.7916242480278015,0.9325889348983764,0.9059082865715028,0.41529181599617,2.118501901626587,0.7568110823631287,0.9415603876113892,0.931512713432312,0.908122718334198,0.9499197602272034,0.9325544834136964,0.306221455335617,0.6394864916801453,0.8706053495407104,0.929753839969635,0.9297140538692474,0.7966951131820679,0.7945361137390137
germinal,original,0,,nb_s72302_mpnn_3_IL3,4.276243200000001,91.60805201427844,29.92,2.07,3.575806451612904,90.10031468168908,0.780738,0.87,0.89,-108.22,0.209,3.29046688,96.80204,,,2.506111111111111,96.99814831769024,0.811047,0.89,0.92,,0.8873834547363868,0.9310173910439415,26.35888926188151,47.510738372802734,56.32547,20.827522,0.47990882,0.2379482388496399,0.2910188436508178,0.2379482388496399,0.5949790477752686,0.1486905366182327,0.1486905366182327,0.2910188436508178,0.6370317935943604,0.2045156210660934,0.2045156210660934,0.8731579184532166,0.8768908381462097,0.7743037939071655,0.8978714346885681,0.8636115789413452,0.3815324604511261,1.7543197870254517,0.7743037939071655,0.914383828639984,0.8701665997505188,0.7792651653289795,0.9481634497642516,0.9248740077018738,0.4291614890098572,2.2196707725524902,0.7777976989746094,0.6202405393123627,0.6272581070661545,0.12646670266985893,0.19508150219917297
germinal,original,0,,nb_s652766_mpnn_5_IL3,4.783540800000001,90.00810467479675,48.48,2.33,3.4762500000000003,88.7600256816367,0.702429,0.83,0.875,-99.14,0.192,3.26426368,96.80724,,,2.1487804878048777,97.15414558968892,0.787996,0.88,0.91,,0.8969980958866088,0.9310173910439415,23.580315589904785,43.89335250854492,54.476738,20.685883,0.4737721,0.2345213890075683,0.2640258073806762,0.2345213890075683,0.5804301500320435,0.1480441987514495,0.1480441987514495,0.2640258073806762,0.6009505987167358,0.1797945946455001,0.1797945946455001,0.8101574778556824,0.7666208744049072,0.5545428991317749,0.874061107635498,0.8039991855621338,0.5356231331825256,5.01890754699707,0.5229868292808533,0.9065693020820618,0.8862739205360413,0.8036386966705322,0.9323018789291382,0.887872040271759,0.4372478127479553,2.081490993499756,0.8036386966705322,0.6039122939109802,0.6117703914642334,0.12327271699905396,0.16447272151708603
germinal,original,0,,nb_s133952_mpnn_4_IL3,5.467408,87.9039948979592,119.48,4.71,3.775555555555557,81.52192125684667,0.677807,0.81,0.865,-16.81,0.23,4.09139216,93.564,,,2.4367307692307696,91.41816283245475,0.75445,0.86,0.89,,0.8995011145702021,0.906403434968482,26.541565895080566,36.085052490234375,50.86725,21.438536,0.45418602,0.2660895586013794,0.3667527437210083,0.2660895586013794,0.590404748916626,0.1850107610225677,0.1850107610225677,0.3667527437210083,0.6307768225669861,0.3007467091083526,0.242088034749031,0.8038747906684875,0.8265119194984436,0.7326593399047852,0.821678638458252,0.7386207580566406,0.549805223941803,2.859892129898072,0.7326593399047852,0.8324610590934753,0.7071028351783752,0.5063614249229431,0.9139860272407532,0.8807770013809204,0.8534161448478699,5.623813152313232,0.5063614249229431,0.590242326259613,0.598471537232399,0.17742344737052917,0.27141737192869186
germinal,original,0,,nb_s233025_mpnn_1_IL3,9.1943408,81.57279776989357,84.66,4.35,7.136363636363637,72.0977564526017,0.176556,0.51,0.825,-36.58,0.385,5.417338399999999,90.63412,,,4.663382352941177,83.63611189524333,0.532751,0.74,0.83,,0.1952964089579046,0.8608505112346524,,,50.66889,20.76579,0.4730978,0.3898240923881531,0.5849781036376953,0.3898240923881531,0.5975323915481567,0.3378970026969909,0.1839958131313324,0.5849781036376953,0.7445016503334045,0.5450972318649292,0.4155138432979584,0.809765636920929,0.8239710330963135,0.7135491967201233,0.8338196873664856,0.7337461113929749,0.681284487247467,3.214658498764038,0.7135491967201233,0.8329297304153442,0.8162220120429993,0.689654529094696,0.8687485456466675,0.7931365370750427,0.5582065582275391,3.45454216003418,0.689654529094696,0.5977208018302917,0.6691634505987167,0.2609464079141617,0.4803055375814438
germinal,original,1,2.5e-06,nb_s233025_mpnn_2_IL3,4.7405264,91.0714946619217,-6.46,-0.36,2.466666666666667,90.5927628673544,0.763689,0.86,0.875,-81.94,0.302,3.4908654400000003,96.08776,,,1.79125,96.81933263142903,0.816366,0.9,0.92,,0.8635563682849507,0.8982484061012275,25.33559862772624,48.84326553344727,51.1545,21.176422,0.46227607,0.4394747614860534,0.4092243611812591,0.4394747614860534,0.6110422611236572,0.3965829014778137,0.1960944682359695,0.4092243611812591,0.6159532070159912,0.3575421273708343,0.2041054815053939,0.8035064935684204,0.8017252683639526,0.6631043553352356,0.8386069536209106,0.7151161432266235,0.6149941682815552,3.34983777999878,0.6631043553352356,0.8473252654075623,0.8157820105552673,0.6770347356796265,0.8898978233337402,0.8172751665115356,0.6037629246711731,4.0233683586120605,0.6770347356796265,0.6122030317783356,0.6075145900249481,0.29633868485689163,0.28082380443811417
germinal,original,0,,nb_s666722_mpnn_1_IL3,5.154059199999999,89.55193961105424,44.47,3.04,3.594230769230769,90.59706323212856,0.624414,0.79,0.87,-84.23,0.188,3.4745632000000004,96.095,,,2.5593478260869573,96.86103268327383,0.784657,0.88,0.91,,0.8292909874685501,0.8908761474513452,24.48666699727376,50.42131042480469,50.85227,21.272894,0.455074,0.2540636658668518,0.2595525979995727,0.2540636658668518,0.6018886566162109,0.1671074032783508,0.1671074032783508,0.2595525979995727,0.6074494123458862,0.1725783944129943,0.1725783944129943,0.8052854537963867,0.8687582015991211,0.80055832862854,0.8064671754837036,0.7088181972503662,0.4144303202629089,1.9355480670928955,0.80055832862854,0.8023907542228699,0.713493824005127,0.4796836376190185,0.8830675482749939,0.8395735025405884,0.7974182963371277,6.919025897979736,0.4796836376190185,0.6273435056209564,0.6252538561820984,0.1422344632446766,0.16538995504379272
germinal,original,0,,nb_s666722_mpnn_2_IL3,10.3983456,81.2445156330087,203.06,9.81,6.94375,67.78719740268988,0.104352,0.39,0.8200000000000001,58.75,0.208,4.89262144,92.00224,,,2.81578125,86.30722332000732,0.519956,0.72,0.83,,0.1970473947476658,0.8549021351372443,24.90541219711304,52.63764572143555,51.0414,21.360748,0.4549019,0.2490938007831573,0.3502949774265289,0.2490938007831573,0.5968743562698364,0.1621486544609069,0.1621486544609069,0.3502949774265289,0.6241501569747925,0.2818311750888824,0.1987263858318328,0.7810012102127075,0.8368092775344849,0.7731302976608276,0.7829688787460327,0.6479406356811523,0.4980894029140472,2.243720293045044,0.7731302976608276,0.8200961351394653,0.8623868227005005,0.7956389784812927,0.8262103796005249,0.7209081649780273,0.4709120392799377,1.9749349355697632,0.7956389784812927,0.6185342818498611,0.6193362474441528,0.13985300809144974,0.24027878046035767
germinal,original,0,,nb_s645924_mpnn_3_IL3,5.188595199999999,89.96576824910669,59.07,3.21,3.594444444444445,86.37133994417778,0.611913,0.8,0.875,-49.52,0.265,3.7535968,95.45792000000002,,,2.70060606060606,95.40624952316284,0.756539,0.86,0.9,,0.7992292080796781,0.892365922964437,,,51.06343,21.404024,0.45473307,0.2533302903175354,0.3558859825134277,0.2533302903175354,0.6070534586906433,0.1648995131254196,0.1648995131254196,0.3558859825134277,0.6371296644210815,0.2855750322341919,0.22134630382061,0.8730955123901367,0.8611136674880981,0.787863552570343,0.8944034576416016,0.8455356359481812,0.4186859428882599,2.445118427276612,0.787863552570343,0.8279339075088501,0.6757879257202148,0.4000767767429352,0.9348981976509094,0.9032062292099,0.8510626554489136,9.574649810791016,0.4000767767429352,0.6257116794586182,0.6276686489582062,0.1399468556046486,0.25346066802740097
germinal,original,0,,nb_s609713_mpnn_4_IL3,4.8563904,89.9398426395939,80.23,3.92,2.8368421052631576,84.68324972549607,0.738809,0.85,0.875,-40.63,0.29,3.60821536,95.32944,,,2.1152702702702704,92.42405319213869,0.774451,0.87,0.9,,0.8687758061203517,0.892365922964437,25.68432712554932,45.61140823364258,55.322727,20.510427,0.4792202,0.2504429519176483,0.3693419396877289,0.2504429519176483,0.5969312191009521,0.1638208627700805,0.1491630524396896,0.3693419396877289,0.6859567165374756,0.2901882529258728,0.2901882529258728,0.8520536422729492,0.930435299873352,0.893194317817688,0.8417684435844421,0.7493824362754822,0.3262570202350616,0.8136393427848816,0.893194317817688,0.8021011352539062,0.726551353931427,0.4713753163814544,0.884782612323761,0.7961484789848328,0.7432336807250977,6.340484142303467,0.4545496702194214,0.6259284913539886,0.6440339684486389,0.1564919576048851,0.2812180519104004
germinal,original,0,,nb_s792926_mpnn_4_IL3,4.9838016,90.3652824427481,1.8,0.12,3.501923076923077,90.13278438952592,0.730585,0.84,0.87,-108.2,0.259,3.790580480000001,95.71407999999998,,,2.1257407407407407,96.23074058250144,0.766195,0.87,0.9,,0.8036798737274415,0.8982484061012275,26.36804993947347,60.73152160644531,53.451286,21.51384,0.46166688,0.2441131323575973,0.3059484362602234,0.2441131323575973,0.5980333089828491,0.1556330770254135,0.1556330770254135,0.3059484362602234,0.6411657333374023,0.2221440970897674,0.2171863317489624,0.819661557674408,0.8471751809120178,0.7492080926895142,0.8372748494148254,0.7199835181236267,0.487260490655899,2.7792444229125977,0.7492080926895142,0.8855718970298767,0.8517540693283081,0.759832501411438,0.9170067310333252,0.8561893105506897,0.5812082290649414,3.2599804401397705,0.759832501411438,0.6138373762369156,0.6274153292179108,0.1339356191456318,0.21966521441936493
germinal,original,0,,nb_s792926_mpnn_5_IL3,5.080648,90.29127551020407,19.05,1.31,3.860344827586207,89.19112697087029,0.704549,0.83,0.87,-75.69,0.235,3.71629232,95.85756,,,2.0821666666666667,96.21464211600168,0.770521,0.87,0.9,,0.850672776354819,0.8929975649234332,26.4036192893982,42.43978118896485,54.036255,21.251307,0.4643573,0.2415861338376999,0.3969317674636841,0.2415861338376999,0.5874719619750977,0.1551146656274795,0.1551146656274795,0.3969317674636841,0.661941647529602,0.3306792676448822,0.2567855715751648,0.7484950423240662,0.6632687449455261,0.3744358718395233,0.8420098423957825,0.7320712804794312,0.7420819997787476,6.085453510284424,0.3211838901042938,0.8639418482780457,0.7848897576332092,0.6132144331932068,0.9266237020492554,0.8842591047286987,0.706082284450531,5.382561683654785,0.6038759350776672,0.6112090349197388,0.6380329579114914,0.12521683424711227,0.2937324196100235
germinal,original,1,5.6e-07,nb_s807208_mpnn_5_IL3,13.5374208,75.8849035532995,469.98,28.8,12.216666666666669,58.359094964212375,0.006262,0.2,0.795,226.42,1.655,8.35696192,84.20388,,,7.561956521739131,67.8572006225586,0.181778,0.44,0.67,,0.0879698386578232,0.8204890542443826,24.1511652469635,35.890464782714844,54.62246,20.624315,0.4773096,0.2821147441864013,0.4840574860572815,0.2821147441864013,0.6158560514450073,0.198679432272911,0.198679432272911,0.4840574860572815,0.6936971545219421,0.4316475689411163,0.3214831352233886,0.8282011151313782,0.796680748462677,0.6285986304283142,0.8781017661094666,0.8093399405479431,0.5796777009963989,3.5919642448425293,0.6285986304283142,0.9225652813911438,0.893417477607727,0.8474248647689819,0.9413504004478456,0.9218652248382568,0.4380035400390625,1.5351773500442505,0.8474248647689819,0.6062363684177399,0.6481886506080627,0.17691399902105331,0.3765653520822525
germinal,original,0,,nb_s358395_mpnn_2_IL3,4.9331968,89.88855691056911,91.97,4.81,3.365853658536585,86.19370804832309,0.690221,0.81,0.87,-109.48,0.238,3.48138224,96.21263999999998,,,2.1434615384615383,95.46236861379523,0.78761,0.88,0.91,,0.8668497293645276,0.9016241253886522,25.515862464904785,54.03359603881836,53.77401,21.06026,0.46633857,0.2267937809228897,0.5003325343132019,0.2267937809228897,0.5788044929504395,0.1387910991907119,0.1387910991907119,0.5003325343132019,0.7225227355957031,0.4447849690914154,0.3799863159656524,0.8028742671012878,0.7590015530586243,0.5501239895820618,0.8660618662834167,0.786128044128418,0.5874079465866089,4.096911430358887,0.5333035588264465,0.8387739062309265,0.7699835896492004,0.5739386677742004,0.9049826860427856,0.8713893890380859,0.6373302340507507,5.336809158325195,0.5739386677742004,0.6101690381765366,0.6778947561979294,0.1333884596824646,0.41238564252853394
germinal,original,0,,nb_s556135_mpnn_1_IL3,4.983268799999999,89.69206405693949,32.31,1.69,3.4587500000000007,86.08182518987944,0.679875,0.81,0.875,-108.45,0.197,3.3257092800000003,96.5804,,,2.105,96.04789272107575,0.78351,0.88,0.91,,0.8915961150499525,0.8991611270869994,25.7128365834554,58.21684646606445,53.624714,21.067112,0.46726292,0.2295562177896499,0.3529755771160126,0.2295562177896499,0.5813325643539429,0.1416121274232864,0.1416121274232864,0.3529755771160126,0.6720957159996033,0.2731955349445343,0.2715758681297302,0.8422667384147644,0.8779777884483337,0.7971041798591614,0.8535573482513428,0.7636111378669739,0.3819636702537536,1.482382893562317,0.7888453006744385,0.812481701374054,0.8079463839530945,0.6746343970298767,0.8469434976577759,0.7424437403678894,0.5697053074836731,3.887103319168091,0.6746343970298767,0.6101455688476562,0.6465780287981033,0.14067291468381882,0.27238570153713226
germinal,original,0,,nb_s556135_mpnn_2_IL3,3.9074784,91.7626625704045,108.52,3.87,2.5962962962962965,88.80431230702861,0.777211,0.88,0.9,-38.18,0.197,2.96500912,97.1072,,,2.080272727272728,96.96962949964735,0.855799,0.92,0.93,,0.9051995472004386,0.9334803893455944,25.42786359786988,43.69611740112305,53.980595,20.950714,0.47266483,0.3984431624412536,0.3299119472503662,0.3984431624412536,0.6170156598091125,0.3438000380992889,0.1982451379299163,0.3299119472503662,0.6525883078575134,0.249242827296257,0.249242827296257,0.8111913800239563,0.7929900884628296,0.671907365322113,0.8460123538970947,0.7754892706871033,0.5468928813934326,3.3251216411590576,0.671907365322113,0.8656896948814392,0.7767390012741089,0.6098018884658813,0.9296616315841676,0.9003934860229492,0.6054048538208008,3.5993001461029053,0.6098018884658813,0.6069484800100327,0.6161285191774368,0.27102258801460266,0.24210120737552643
germinal,original,0,,nb_s358395_mpnn_3_IL3,5.436097599999999,88.06034989858013,10.92,0.53,4.351111111111111,82.9119059911259,0.67775,0.82,0.865,-85.99,0.375,3.42336208,95.70824,,,1.992209302325581,94.23410249367738,0.789486,0.88,0.91,,0.8134045065677988,0.898527079958862,24.24497304643904,62.45978164672852,52.9033,20.918818,0.46771637,0.2256576418876648,0.3219915628433227,0.2256576418876648,0.5690392255783081,0.1398122310638427,0.1398122310638427,0.3219915628433227,0.6456296443939209,0.2410820126533508,0.2410820126533508,0.9241275787353516,0.9620391130447388,0.948014497756958,0.91815584897995,0.8957117199897766,0.2962127029895782,0.5046185255050659,0.948014497756958,0.8267145156860352,0.7344315052032471,0.5108229517936707,0.9056873917579652,0.8452027440071106,0.7772107720375061,6.731490135192871,0.4961921572685241,0.5999741852283478,0.6443565785884857,0.11642513424158096,0.21530357003211975
germinal,original,0,,nb_s604314_mpnn_3_IL3,4.9190976,90.32375634517769,73.93,2.25,2.178688524590164,84.82559510544907,0.735913,0.85,0.88,-97.93,0.245,3.59443648,95.84204,,,1.869444444444444,93.86879296138368,0.800706,0.89,0.9,,0.8863018688070234,0.8991611270869994,26.260169744491577,55.62556457519531,51.852066,21.478735,0.46003145,0.2753020524978637,0.442297101020813,0.2753020524978637,0.6121333837509155,0.1910942047834396,0.1910942047834396,0.442297101020813,0.6668325066566467,0.3861632347106933,0.2661294341087341,0.8035393953323364,0.7968862056732178,0.7253395915031433,0.8230893611907959,0.7086745500564575,0.579872727394104,3.6121127605438232,0.7253395915031433,0.8249737024307251,0.771499752998352,0.5985622406005859,0.8815765976905823,0.8037872314453125,0.5745829939842224,3.593811750411988,0.5514957308769226,0.6106537282466888,0.6299472749233246,0.16852355748414993,0.32614633440971375
germinal,original,0,,nb_s877988_mpnn_3_IL3,4.827,91.19393908629442,43.37,1.98,2.7261904761904763,92.55832519308169,0.716263,0.83,0.875,-92.74,0.195,3.37474112,97.09132,,,2.1042499999999995,97.7872966044658,0.807705,0.9,0.91,,0.8652451305129132,0.9310038983263242,27.30119037628174,33.370628356933594,52.0728,21.464931,0.46148172,0.2798576354980469,0.4075369834899902,0.2798576354980469,0.6169286370277405,0.1955898702144622,0.1955898702144622,0.4075369834899902,0.651857316493988,0.3464568853378296,0.2464724034070968,0.7843077182769775,0.7412207722663879,0.568543016910553,0.8382489085197449,0.7553199529647827,0.7061111330986023,5.457920074462891,0.568543016910553,0.85374516248703,0.821794867515564,0.6764468550682068,0.8980697989463806,0.8436275720596313,0.6017051339149475,3.567219018936157,0.6653079390525818,0.6102765500545502,0.6201961636543274,0.1709006428718567,0.2964646443724632
germinal,original,0,,nb_s283003_mpnn_2_IL3,5.2218624,88.21549848942598,56.03,2.08,4.043965517241379,80.14407379355826,0.693315,0.82,0.875,-103.83,0.298,4.01428896,94.20064,,,2.4619672131147547,89.83792416554577,0.723651,0.85,0.88,,0.7938410540081764,0.8944490953647023,23.94536781311035,38.24528121948242,51.928806,20.99068,0.45811158,0.3175710439682007,0.4014837145805359,0.3175710439682007,0.6090410351753235,0.2447035312652588,0.1847956329584121,0.4014837145805359,0.6885024905204773,0.3297290205955505,0.3063064217567444,0.8376505970954895,0.8073045015335083,0.6656035780906677,0.8806623816490173,0.8171804547309875,0.5898644328117371,3.066415786743164,0.6300815939903259,0.915341854095459,0.911880373954773,0.867063581943512,0.9274113774299622,0.8949883580207825,0.3563334941864013,1.1681936979293823,0.8655538558959961,0.608713373541832,0.6399106234312057,0.21474958211183548,0.31801772117614746
germinal,original,0,,nb_s283003_mpnn_3_IL3,5.284619199999999,88.28486173956763,72.2,2.45,3.864754098360656,80.37852923786214,0.693857,0.82,0.87,-105.3,0.337,3.9525792,94.16164,,,2.6668939393939395,88.87827511491447,0.724171,0.85,0.87,,0.7277388272681651,0.9080879765018112,26.38200791676839,43.56478500366211,51.52177,21.336948,0.45454484,0.3369664549827575,0.2555843293666839,0.3369664549827575,0.6131805181503296,0.2679129540920257,0.1913270056247711,0.2555843293666839,0.6002559661865234,0.1694164127111435,0.1694164127111435,0.8453494906425476,0.8196276426315308,0.6893438696861267,0.8843508958816528,0.8284714818000793,0.5330917835235596,2.386931896209717,0.642817497253418,0.8899812698364258,0.8706250190734863,0.771935224533081,0.9194928407669068,0.8671308159828186,0.4212856590747833,1.821605205535889,0.7706153392791748,0.6059544831514359,0.6174854338169098,0.22961997985839844,0.15671106427907944
germinal,original,0,,nb_s807688_mpnn_3_IL3,9.0064464,82.47725089422585,114.79,5.77,6.513235294117647,70.56787490852537,0.165226,0.52,0.835,-11.5,0.239,4.03772832,93.76448,,,2.5520588235294115,90.6478381801296,0.722079,0.85,0.89,,0.3892068469215759,0.8588341049373331,27.062849521636963,33.06733703613281,53.87267,20.937828,0.46917033,0.237342968583107,0.3171139359474182,0.237342968583107,0.5896905064582825,0.1492560803890228,0.1492560803890228,0.3171139359474182,0.6411800384521484,0.2360974252223968,0.2360974252223968,0.8400107622146606,0.9220892786979676,0.8764647841453552,0.8308972120285034,0.7505483627319336,0.3653307259082794,1.24720561504364,0.8764647841453552,0.7785457372665405,0.7565244436264038,0.582371175289154,0.8275893330574036,0.7402454018592834,0.7961494326591492,6.726840496063232,0.582371175289154,0.6194940507411957,0.6271913051605225,0.14468906819820404,0.22474129498004913
germinal,original,0,,nb_s81839_mpnn_1_IL3,4.472660800000001,91.41320668693008,1.07,0.06,3.020731707317073,89.98380393927593,0.798436,0.88,0.885,-128.12,2.208,3.67148928,95.90208,,,2.206315789473684,97.00710517481754,0.824053,0.9,0.91,,0.8165119282851745,0.9120726424782006,25.25948969523112,45.97394180297852,53.992523,21.08116,0.45953938,0.2574369609355926,0.4049589037895202,0.2574369609355926,0.6108613014221191,0.1690808683633804,0.1690808683633804,0.4049589037895202,0.6826364398002625,0.3355395197868347,0.2893182635307312,0.8478046655654907,0.8592735528945923,0.7859358191490173,0.8632718324661255,0.7940294742584229,0.4114812910556793,1.775293469429016,0.7859358191490173,0.8274981379508972,0.778290331363678,0.6012169122695923,0.884068489074707,0.7905676960945129,0.5838983058929443,4.0940775871276855,0.6012169122695923,0.6191964894533157,0.6358757615089417,0.14811386913061142,0.31242889165878296
germinal,original,0,,nb_s81839_mpnn_3_IL3,4.3239712,91.25983274201722,2.46,0.13,2.855813953488372,88.7381987757669,0.805043,0.88,0.89,80.29,0.278,3.8184608,95.2016,,,2.0892045454545456,94.46609776194502,0.820491,0.9,0.91,,0.789160176460375,0.8289416157529244,,,52.75306,21.334799,0.45978412,0.4196336269378662,0.3432078659534454,0.4196336269378662,0.6422889828681946,0.3639697730541229,0.2258997559547424,0.3432078659534454,0.6695612072944641,0.261619508266449,0.261619508266449,0.8206343054771423,0.8051178455352783,0.6736771464347839,0.8573735356330872,0.7891007661819458,0.5076738595962524,2.9891648292541504,0.6736771464347839,0.8373703360557556,0.8067203760147095,0.6437123417854309,0.8857847452163696,0.7978426814079285,0.5763254165649414,3.7808916568756095,0.642064094543457,0.6358933001756668,0.6761550754308701,0.2949347645044327,0.2531009763479233
germinal,original,0,,nb_s206830_mpnn_1_IL3,5.2887328,89.32325319693095,6.54,0.35,4.041891891891892,87.29054733435228,0.701683,0.82,0.865,-53.24,0.161,3.585446880000001,95.87896,,,2.23969696969697,95.7741935483871,0.76586,0.87,0.9,,0.8959687279501305,0.8958909641732353,24.07949733734131,39.14889907836914,52.135674,21.046135,0.462619,0.2817193269729614,0.5462945699691772,0.2817193269729614,0.595777690410614,0.2032047063112259,0.1793749183416366,0.5462945699691772,0.7054986953735352,0.5064935684204102,0.3483614027500152,0.7768204212188721,0.8549091219902039,0.752494752407074,0.7829018235206604,0.7195920944213867,0.5620505809783936,2.308265447616577,0.7133963108062744,0.807211697101593,0.8017560839653015,0.6480464339256287,0.8470030426979065,0.8151835203170776,0.7856554985046387,3.643743991851807,0.6026861667633057,0.6094347983598709,0.6649797409772873,0.19128981232643127,0.4274274855852127
germinal,original,0,,nb_s289628_mpnn_1_IL3,4.3595568,91.44462981744422,54.86,2.35,3.1391304347826083,90.82638780408244,0.763275,0.86,0.88,-91.54,0.218,3.04703616,97.186,,,1.948522727272727,97.9547727758234,0.839154,0.91,0.93,,0.920487591415504,0.9402621007505396,23.439959716796874,54.25717926025391,54.143963,20.414295,0.4791685,0.2247054576873779,0.3974206745624542,0.2247054576873779,0.5717455148696899,0.1379454433917999,0.1379454433917999,0.3974206745624542,0.7068986892700195,0.3200511634349823,0.3200511634349823,0.8097019195556641,0.8236037492752075,0.6739290356636047,0.8436451554298401,0.7488391995429993,0.5775200724601746,3.3934459686279297,0.6652883887290955,0.8405918478965759,0.7693268656730652,0.5930113792419434,0.9024869203567504,0.8309833407402039,0.6481753587722778,4.515149593353272,0.5930113792419434,0.6051624268293381,0.6507607251405716,0.11912018060684204,0.29832760989665985
germinal,original,0,,nb_s450006_mpnn_3_IL3,5.934896,88.57303525804802,57.87,2.96,3.671590909090908,84.46373593923103,0.48484,0.75,0.86,-45.93,0.22,3.64878368,95.57748,,,2.229651162790698,95.70714242117744,0.801149,0.89,0.91,,0.946617665825727,0.9086943651840452,,,52.964985,21.017227,0.4667164,0.6599825620651245,0.5619043707847595,0.6599825620651245,0.6914869546890259,0.6521064639091492,0.3065120875835418,0.5619043707847595,0.645869255065918,0.5409131646156311,0.232004627585411,0.7997338771820068,0.8075445294380188,0.7199977040290833,0.8196679353713989,0.7294448614120483,0.7053589820861816,3.427222728729248,0.7199977040290833,0.8523846864700317,0.7942947149276733,0.6678716540336609,0.8985129594802856,0.8456233739852905,0.6748794913291931,4.410501003265381,0.6678716540336609,0.6436282992362976,0.6258228719234467,0.4793092757463455,0.3864588961005211
germinal,original,0,,nb_s483532_mpnn_3_IL3,4.213854400000001,91.02093237704918,101.55,4.4,1.9347457627118645,87.96117753603275,0.798038,0.89,0.89,-93.8,0.222,3.47132256,95.63684,,,1.549473684210526,94.4614274939712,0.82374,0.9,0.91,,0.8706049089293844,0.8937264289297614,,,52.61124,21.480953,0.46056515,0.2774094641208648,0.4868040382862091,0.2774094641208648,0.6146436929702759,0.1931008994579315,0.1899256110191345,0.4868040382862091,0.6951174139976501,0.434725672006607,0.336432546377182,0.8271576166152954,0.8527240753173828,0.7966530323028564,0.834783673286438,0.7561289668083191,0.493354856967926,2.439034938812256,0.7966530323028564,0.8345985412597656,0.7008666396141052,0.5247495174407959,0.9120608568191528,0.8767895698547363,0.939480483531952,6.902069091796875,0.5247495174407959,0.6148403733968735,0.634644091129303,0.19151325523853302,0.38557910919189453
germinal,original,0,,nb_s754136_mpnn_1_IL3,4.973200000000001,89.46743304699342,36.95,1.98,3.1761904761904765,90.742774575533,0.705641,0.84,0.87,-85.26,0.225,3.00994864,97.14616,,,1.7743023255813954,98.049165725708,0.834735,0.91,0.93,,0.9091957734055902,0.9338541798047404,25.803263664245605,57.599586486816406,52.641605,21.229795,0.46553865,0.4223538935184479,0.3576436638832092,0.4223538935184479,0.619175374507904,0.373148500919342,0.1966285854578018,0.3576436638832092,0.6648362278938293,0.2808455228805542,0.2808455228805542,0.821439266204834,0.9220962524414062,0.8705225586891174,0.8091683983802795,0.7357566356658936,0.3809613287448883,1.1064047813415527,0.8705225586891174,0.8643144965171814,0.83403080701828,0.7939932346343994,0.8818948268890381,0.8188999891281128,0.534062922000885,2.761667490005493,0.7939932346343994,0.6110128611326218,0.6215444803237915,0.28488854318857193,0.2740168422460556
germinal,original,0,,nb_s327251_mpnn_3_IL3,4.898704000000001,91.00678184631252,22.31,1.15,2.4604166666666667,90.28720800450805,0.669476,0.83,0.875,-78.06,0.169,3.09700544,96.95144,,,1.5779347826086956,97.7076926598182,0.846925,0.91,0.93,,0.9091957734055902,0.9327515253392664,,,54.13484,21.225805,0.473644,0.2624730765819549,0.4310284256935119,0.2624730765819549,0.6051833033561707,0.1767955124378204,0.1682867407798767,0.4310284256935119,0.6817377805709839,0.3683510720729828,0.2900123000144958,0.8624812364578247,0.9003188610076904,0.8357447385787964,0.869165301322937,0.822465717792511,0.3786697387695312,1.343514084815979,0.8209770917892456,0.8803435564041138,0.8083143830299377,0.6695235371589661,0.9330485463142396,0.9078670740127563,0.6597111821174622,5.555177688598633,0.6454627513885498,0.6283630579710007,0.6353361457586288,0.17254112660884857,0.3291816860437393
germinal,original,0,,nb_s327251_mpnn_4_IL3,5.1878688,89.9598255515649,45.82,2.42,2.712222222222222,87.27618593066885,0.622781,0.8,0.875,-77.07,0.209,3.2064783999999995,96.73192,,,1.6517045454545454,97.17810862773172,0.834361,0.91,0.93,,0.8756253033682522,0.9355821854640752,,,54.47045,21.163786,0.4740862,0.2514382898807525,0.3298393487930298,0.2514382898807525,0.5964006185531616,0.1651977151632309,0.1540171951055526,0.3298393487930298,0.6474249958992004,0.2504429519176483,0.2323006242513656,0.8362104296684265,0.9363968968391418,0.9113972187042236,0.8174138069152832,0.7208794355392456,0.3455882370471954,0.9936680793762208,0.9113972187042236,0.792537271976471,0.7704460024833679,0.5778986811637878,0.8461968898773193,0.7592337131500244,0.8359882831573486,5.781287670135498,0.5752174258232117,0.62868332862854,0.6320859044790268,0.15960745513439178,0.241371788084507
germinal,original,0,,nb_s24110_mpnn_5_IL3,4.786577599999999,90.7063969465649,7.77,0.51,3.248387096774194,92.98024636997926,0.774035,0.87,0.875,-91.54,0.182,3.567368,96.41112,,,2.057758620689655,97.34703742133246,0.805702,0.89,0.9,,0.9132760093748018,0.9345987937306433,25.789457321166992,54.4858512878418,53.27495,21.091988,0.46413416,0.2372801005840301,0.2967558205127716,0.2372801005840301,0.5818948149681091,0.1511264145374298,0.1511264145374298,0.2967558205127716,0.6250365972518921,0.2146856188774109,0.2103789150714874,0.732120931148529,0.6072654128074646,0.2529453933238983,0.8519148230552673,0.7623280882835388,0.7264573574066162,7.070897102355957,0.205372005701065,0.827953040599823,0.7392898201942444,0.5504473447799683,0.8973295092582703,0.8253931999206543,0.7090349793434143,5.839526176452637,0.5504473447799683,0.6081287711858749,0.6080370098352432,0.12666932493448257,0.21253226697444916
germinal,original,0,,nb_s105046_mpnn_2_IL3,4.861342400000001,89.48341849770055,63.02,2.94,3.526136363636364,85.49228867133625,0.753162,0.86,0.875,-114.18,0.209,3.45388848,95.67488,,,2.118617021276596,93.6879075516102,0.819877,0.89,0.91,,0.8767419057982313,0.9016241253886522,23.579185705918533,61.13422393798828,54.562874,20.712872,0.47751755,0.2767341136932373,0.3736042976379394,0.2767341136932373,0.5995271801948547,0.1960358619689941,0.1642919480800628,0.3736042976379394,0.6861602663993835,0.2954653203487396,0.2954653203487396,0.8104551434516907,0.8207306861877441,0.6709399223327637,0.8453338742256165,0.7681325078010559,0.4636891782283783,2.723781108856201,0.669617235660553,0.8608627319335938,0.8645299077033997,0.7526528835296631,0.8879151344299316,0.846255898475647,0.4569821655750274,2.438072681427002,0.7526528835296631,0.6221173107624054,0.643567219376564,0.1801639050245285,0.29001621901988983
germinal,original,0,,nb_s141576_mpnn_4_IL3,5.1887152,89.42714285714285,20.83,1.05,3.347674418604651,89.84006743048622,0.737484,0.85,0.865,-48.68,0.275,3.98705648,94.2822,,,2.363636363636364,94.72868487709448,0.749806,0.86,0.89,,0.8611169679758561,0.8948406914490987,23.92645100184849,47.50920486450195,52.396076,21.064877,0.4631234,0.2153815031051635,0.3682607114315033,0.2153815031051635,0.5759811997413635,0.1252315789461136,0.1252315789461136,0.3682607114315033,0.6384064555168152,0.3007242679595947,0.2550244927406311,0.8108987212181091,0.8892713189125061,0.8440250158309937,0.802617073059082,0.700066864490509,0.4118165075778961,2.0431244373321533,0.8440250158309937,0.7908573746681213,0.7028781175613403,0.5565837025642395,0.8494257926940918,0.7770017385482788,0.8994539380073547,7.336777687072754,0.5565837025642395,0.6196790039539337,0.6173431277275085,0.10037943720817566,0.2778743803501129
germinal,original,0,,nb_s614599_mpnn_3_IL3,5.0633312,89.93816347124117,32.9,2.16,3.3218750000000004,89.81488199784025,0.654079,0.8,0.875,-83.08,0.195,3.4391224000000005,96.45648,,,1.8095,96.75571523393904,0.780654,0.88,0.91,,0.8404995823259429,0.8884131491496924,25.734334309895832,58.56812286376953,53.675514,21.000423,0.4661693,0.2330670803785324,0.43706876039505,0.2330670803785324,0.5809890627861023,0.146086573600769,0.146086573600769,0.43706876039505,0.6936340928077698,0.3729273974895477,0.3194518089294433,0.8803085684776306,0.8664131164550781,0.7491077184677124,0.9131087064743042,0.8865390419960022,0.3934117257595062,2.187436103820801,0.7491077184677124,0.8782974481582642,0.7921748161315918,0.6277881264686584,0.9409247636795044,0.9334295392036438,0.6227800846099854,5.903418064117432,0.6111136078834534,0.6038483679294586,0.6531382501125336,0.11935888230800629,0.34618960320949554
germinal,original,0,,nb_s182729_mpnn_5_IL3,5.079713600000001,89.94887480993411,66.76,4.06,4.064102564102564,92.19335235182686,0.690426,0.83,0.87,-85.54,0.175,3.5422448,96.49896,,,2.3346153846153848,97.89129072620022,0.805195,0.89,0.91,,0.8953581135521465,0.9349636764217476,25.168540000915527,54.68272018432617,53.04105,21.25849,0.46444976,0.2744919955730438,0.6512075066566467,0.2744919955730438,0.6067696809768677,0.1914225667715072,0.1855659335851669,0.6512075066566467,0.7299339175224304,0.6315258741378784,0.3806361258029938,0.8810701370239258,0.8964569568634033,0.8299837112426758,0.8938418030738831,0.8515629768371582,0.3789412975311279,1.1087934970855713,0.8084669709205627,0.9197009205818176,0.8913989663124084,0.8253283500671387,0.9432940483093262,0.916955590248108,0.3867866098880768,1.177690505981445,0.8115801811218262,0.6063202917575836,0.6498249769210815,0.1884942501783371,0.5060809999704361
germinal,original,0,,nb_s310510_mpnn_2_IL3,4.4005552,90.72117946110828,-6.07,-0.23,3.1450819672131147,88.89787835899634,0.813682,0.89,0.89,-98.33,0.553,4.20604608,93.54404,,,2.524107142857143,90.63719970703124,0.80741,0.89,0.9,,0.7902343968579022,0.8966136930949344,,,53.9163,20.922516,0.4713898,0.2358094304800033,0.2919251322746277,0.2358094304800033,0.5843933820724487,0.1486634314060211,0.1486634314060211,0.2919251322746277,0.6231614947319031,0.20911605656147,0.20911605656147,0.7632181644439697,0.7442794442176819,0.5094799399375916,0.8266527056694031,0.7669008374214172,0.6038792133331299,5.108148574829102,0.5053334832191467,0.8455316424369812,0.8119069337844849,0.6690055727958679,0.8896631598472595,0.8553398847579956,0.6460199356079102,5.507511615753174,0.6690055727958679,0.6116166263818741,0.6159203350543976,0.1242867186665535,0.20493974536657333
germinal,original,0,,nb_s870461_mpnn_2_IL3,5.2393664,88.58266055045871,30.07,1.58,4.117647058823529,88.4095149978621,0.75336,0.85,0.87,-124.75,0.31,4.2755481600000005,93.98951999999998,,,2.53921052631579,94.7373534931856,0.808022,0.89,0.9,,0.8446558092632561,0.8899099289434629,29.144991397857662,40.5305061340332,54.202553,21.270817,0.46449503,0.2538634538650512,0.3219096064567566,0.2538634538650512,0.605865478515625,0.1658629477024078,0.1658629477024078,0.3219096064567566,0.651698112487793,0.2394624948501587,0.2394624948501587,0.8332499861717224,0.9192648530006408,0.8792384266853333,0.8217527866363525,0.7404218316078186,0.3671747744083404,1.3347079753875732,0.8792384266853333,0.8931275606155396,0.9086967706680298,0.8711169362068176,0.8986301422119141,0.8285714387893677,0.3862768411636352,1.2298632860183716,0.8570175170898438,0.6180519461631775,0.6233014315366745,0.14214873313903809,0.2245742604136467
germinal,original,0,,nb_s870461_mpnn_4_IL3,4.98276,89.8131753312946,15.82,0.85,4.525609756097561,89.48472551496877,0.767105,0.86,0.875,-120.08,0.373,4.12720336,94.716,,,3.024,94.649166531033,0.801368,0.89,0.9,,0.8256868287922006,0.8914056428800636,26.9726469039917,41.94577407836914,52.332928,21.420416,0.4546208,0.2508921027183532,0.5198135375976562,0.2508921027183532,0.590873122215271,0.165896862745285,0.165896862745285,0.5198135375976562,0.7430295348167419,0.4640095233917236,0.4264488816261291,0.8130952715873718,0.8504471182823181,0.7310728430747986,0.8336009383201599,0.7395830154418945,0.4429348707199096,2.1409356594085693,0.7310728430747986,0.9352229237556458,0.9115697145462036,0.8670766949653625,0.9522594213485718,0.936655044555664,0.3941363990306854,1.6395232677459717,0.8670766949653625,0.6021288335323334,0.7024120688438416,0.14424420148134232,0.4452292025089264
germinal,original,0,,nb_s459933_mpnn_3_IL3,5.718830399999998,88.83138174483106,53.75,3.06,3.613513513513514,87.20028935188856,0.638486,0.82,0.86,-65.39,0.245,3.46133856,95.9982,,,1.8195945945945944,96.22485678536552,0.795595,0.89,0.91,,0.8067221334621419,0.8908761474513452,,,56.503933,20.55941,0.47978893,0.3508021235466003,0.3026387095451355,0.3508021235466003,0.6169235706329346,0.2842717468738556,0.1843442171812057,0.3026387095451355,0.6358997225761414,0.2193234264850616,0.2193234264850616,0.8340587615966797,0.8644673824310303,0.7734412550926208,0.8492131233215332,0.7918267846107483,0.3892903923988342,2.065276622772217,0.7734412550926208,0.8460916876792908,0.8290742635726929,0.7189972996711731,0.877865195274353,0.8066059350967407,0.517295777797699,3.707958459854126,0.7189972996711731,0.6184887737035751,0.6424596160650253,0.23430798202753067,0.201858788728714
germinal,original,0,,nb_s768471_mpnn_1_IL3,6.033571199999999,87.48091231626964,-0.89,-0.04,3.595,79.5199816486494,0.402402,0.72,0.865,-113.48,0.183,3.400392,96.00284,,,1.8825454545454547,94.06529430314606,0.760512,0.87,0.9,,0.4038030713767191,0.8762795368033488,24.77395929609026,41.8588752746582,52.1238,20.74863,0.4727108,0.2518259882926941,0.3099896311759949,0.2518259882926941,0.5941452383995056,0.1662461757659912,0.1662461757659912,0.3099896311759949,0.6433872580528259,0.2266402244567871,0.2266402244567871,0.7945101261138916,0.8204820156097412,0.6792542934417725,0.8233240842819214,0.7617636322975159,0.5304499864578247,3.4291296005249023,0.6792542934417725,0.81764155626297,0.7903506755828857,0.6385132670402527,0.8624235987663269,0.8064915537834167,0.7026817798614502,5.544287204742432,0.6385132670402527,0.6085905730724335,0.6153192818164825,0.14414531365036964,0.20245881378650665
germinal,original,0,,nb_s1156_mpnn_5_IL3,4.971168,90.23812018489984,53.68,2.54,2.8510416666666667,86.95016617633908,0.629722,0.8,0.88,-94.59,0.199,3.3712704,96.47372,,,2.011413043478261,96.28102366129558,0.801206,0.89,0.91,,0.8471070799326019,0.892365922964437,26.84882640838623,40.40438079833984,52.417015,21.314518,0.45600504,0.2424516379833221,0.2964325547218323,0.2424516379833221,0.5888245105743408,0.155858427286148,0.155858427286148,0.2964325547218323,0.6365087628364563,0.2114135026931762,0.2114135026931762,0.8310055732727051,0.8488947153091431,0.7427411675453186,0.8530716896057129,0.7576473951339722,0.4811059832572937,2.5572195053100586,0.7427411675453186,0.8438709378242493,0.7565070986747742,0.5688526034355164,0.9126255512237548,0.854408323764801,0.7329145073890686,5.578000545501709,0.5688526034355164,0.6069029420614243,0.6259777843952179,0.1434136927127838,0.19701829552650452
germinal,original,0,,nb_s541171_mpnn_1_IL3,6.4045984,86.1712323943662,111.86,6.07,5.02875,87.92976507372977,0.735163,0.82,0.835,-39.84,0.314,4.57369584,92.83068,,,3.0752631578947365,93.84914202008927,0.696667,0.83,0.87,,0.7939875780998971,0.8814366183245059,26.288795948028564,61.21986770629883,52.466793,21.140947,0.46636665,0.2462932169437408,0.3036286234855652,0.2462932169437408,0.5844635963439941,0.1617506295442581,0.1617506295442581,0.3036286234855652,0.6302325129508972,0.2219776660203933,0.2219776660203933,0.7586031556129456,0.6379197835922241,0.3848796486854553,0.8520340323448181,0.7952675819396973,0.9703254103660583,7.512222766876221,0.3349465429782867,0.8287593722343445,0.7822360992431641,0.6272285580635071,0.8791421055793762,0.8255749344825745,0.7462249398231506,5.328758716583252,0.6272285580635071,0.5972098112106323,0.6050506085157394,0.1507338136434555,0.21830585598945618
germinal,original,0,,nb_s140867_mpnn_3_IL3,5.8627296,86.64930808080808,215.43,6.97,4.105555555555555,78.35235917694179,0.760981,0.86,0.855,56.11,0.228,4.25585536,92.95768,,,2.8562280701754386,88.36075505670512,0.774542,0.87,0.9,,0.459390538375352,0.842995049272713,26.291073036193847,44.84308242797852,53.804398,20.899115,0.46846282,0.3836097717285156,0.3209889829158783,0.3836097717285156,0.5956534147262573,0.3305988311767578,0.1767899096012115,0.3209889829158783,0.6417047381401062,0.2408100366592407,0.2408100366592407,0.8412335515022278,0.8776980638504028,0.7936853170394897,0.8531205654144287,0.7785626649856567,0.4395011961460113,1.6743812561035156,0.7936853170394897,0.764386773109436,0.7186984419822693,0.4884162247180938,0.8333793878555298,0.7600066661834717,0.7572625279426575,6.113053798675537,0.4474668800830841,0.6075192987918854,0.6068622767925262,0.2536943703889847,0.21827690303325653
germinal,original,0,,nb_s183327_mpnn_2_IL3,5.868752,85.98095454545455,254.43,10.45,3.3981481481481475,74.17374457640022,0.651349,0.82,0.855,152.01,1.569,4.85752624,92.55584,,,1.7123000000000002,86.46408166690749,0.820829,0.9,0.88,,0.4783558405084514,0.8430696031582882,26.211520036061604,64.80281829833984,55.47145,21.054745,0.47266304,0.263425201177597,0.3548458814620971,0.263425201177597,0.5908828377723694,0.1815607696771621,0.1449908316135406,0.3548458814620971,0.6355870366096497,0.2846605777740478,0.2075856924057006,0.8899936676025391,0.935944676399231,0.8985556364059448,0.8878531455993652,0.8395746946334839,0.3505212962627411,0.8633211255073547,0.8985556364059448,0.888769805431366,0.8913099765777588,0.8099766373634338,0.9084680676460266,0.8518553972244263,0.4461861848831177,2.1871936321258545,0.8070909976959229,0.6203978061676025,0.6230386942625046,0.1632758006453514,0.24612313508987427
germinal,original,0,,nb_s2898_mpnn_1_IL3,5.297408,89.83495135688685,45.01,3.02,4.15,89.14620694409348,0.628928,0.8,0.87,-73.77,0.191,3.5581846400000003,95.9794,,,2.4057142857142857,96.22851816813152,0.770204,0.87,0.91,,0.8292909874685501,0.887679519241034,26.35266094207764,50.43543243408203,53.63421,21.269,0.46565747,0.2471383959054947,0.2624083757400512,0.2471383959054947,0.5917897820472717,0.1609755456447601,0.1609755456447601,0.2624083757400512,0.6026972532272339,0.1773361712694168,0.1773361712694168,0.7756685018539429,0.7437355518341064,0.5402187705039978,0.8345308899879456,0.7087720036506653,0.6001811623573303,3.801793575286865,0.5402187705039978,0.8553633689880371,0.8113317489624023,0.662432074546814,0.9035961627960204,0.8325901031494141,0.6672802567481995,4.646371841430664,0.6491041779518127,0.6095750033855438,0.6070608198642731,0.1345977522432804,0.1663593351840973
germinal,original,0,,nb_s923023_mpnn_1_IL3,4.808792,90.54802852776362,27.86,1.52,3.814772727272727,93.43319302340484,0.744955,0.85,0.875,-99.04,0.191,3.3306196800000007,96.3946,,,2.5359756097560973,97.5796868801117,0.807334,0.89,0.92,,0.8953581135521465,0.9354338381472508,25.762815475463867,51.74319839477539,54.854816,21.117,0.4703552,0.2607406079769134,0.2970792651176452,0.2607406079769134,0.612769365310669,0.1727334111928939,0.1727334111928939,0.2970792651176452,0.6370609402656555,0.2120838314294815,0.2120838314294815,0.804931104183197,0.8595227599143982,0.7466424107551575,0.8195032477378845,0.7142376899719238,0.4956152439117431,2.0719645023345947,0.7306627631187439,0.8983742594718933,0.8654232621192932,0.7776883840560913,0.9285457730293274,0.8988534808158875,0.4750404357910156,2.718858480453491,0.7776883840560913,0.6220466494560242,0.6340704411268234,0.1466897539794445,0.1745191290974617
germinal,original,0,,nb_s299548_mpnn_5_IL20,3.964670918367347,90.8183416177135,55.5,2.3,3.403191489361702,90.73208262114336,0.792779,0.89,0.905,-72.89,0.197,2.9722151785714286,96.91892857142857,,,1.9011320754716976,98.05673897784688,0.846055,0.92,0.93,,0.9095842103427584,0.9402621007505396,18.439170519510903,42.22985076904297,72.7152,15.169783,0.5413989,0.7780715227127075,0.3744422793388366,0.7780715227127075,0.8952039480209351,0.7487884163856506,0.7307623028755188,0.3744422793388366,0.6576080322265625,0.3036508560180664,0.3036508560180664,0.6212763786315918,0.7310914993286133,0.5815264582633972,0.6312138438224792,0.5646815896034241,1.1175992488861084,4.281285762786865,0.5815264582633972,0.8342694640159607,0.8173527717590332,0.7114023566246033,0.8649862408638,0.8059285283088684,0.6106831431388855,2.5101852416992188,0.7114023566246033,0.9144841730594635,0.8984588980674744,0.7397753596305847,0.2853982746601105
germinal,original,0,,nb_s33838_mpnn_1_IL20,4.66611862244898,90.40634457611668,66.21,3.37,2.665,90.41518210653491,0.610818,0.83,0.905,-6.51,0.23,3.279444132653061,96.46282142857144,,,1.841860465116279,97.45789558009098,0.805126,0.89,0.92,,0.8355303866751724,0.9204931194227308,5.872740796634129,72.69992065429688,76.35606,10.536531,0.70720875,0.7090378999710083,0.4494271874427795,0.7090378999710083,0.8593140244483948,0.6714687943458557,0.6714687943458557,0.4494271874427795,0.6979990601539612,0.3872842192649841,0.3872842192649841,0.6576381325721741,0.7277745008468628,0.621202290058136,0.6667470932006836,0.6348388195037842,1.0530153512954712,3.5492658615112305,0.621202290058136,0.8264064788818359,0.8268634080886841,0.7296488881111145,0.8505958914756775,0.8164451718330383,0.5639086961746216,1.976336479187012,0.7296488881111145,0.914709597826004,0.904462456703186,0.6663738787174225,0.35666535794734955
germinal,original,0,,nb_s33838_mpnn_3_IL20,4.263540816326531,90.47636570907432,52.31,2.66,2.5615384615384613,90.2421979770038,0.71334,0.86,0.9,2.48,0.228,3.188273214285714,96.56589285714286,,,1.7874358974358973,97.98914315359931,0.826587,0.9,0.93,,0.8604924700569228,0.9316083581101818,14.508049964904783,68.4442138671875,73.181984,15.215308,0.5380131,0.3752725720405578,0.4016291499137878,0.3752725720405578,0.676010251045227,0.3000881373882293,0.3000881373882293,0.4016291499137878,0.6780449151992798,0.332525223493576,0.332525223493576,0.6319254636764526,0.6822248101234436,0.4566726088523865,0.6757386326789856,0.6202604174613953,1.030651569366455,4.785411834716797,0.4566726088523865,0.8560258746147156,0.8451096415519714,0.7870658040046692,0.8732659220695496,0.8611799478530884,0.5986081957817078,2.016811847686768,0.7870658040046692,0.9106337428092957,0.898517906665802,0.28409627079963684,0.30635692179203033
germinal,original,0,,nb_s390940_mpnn_2_IL20,4.4770905612244905,89.1393501805054,152.72,7.78,3.132558139534884,86.5796544324612,0.764089,0.87,0.895,-14.76,0.232,3.35140599489796,95.877,,,1.9720454545454549,96.38487204527245,0.821483,0.89,0.92,,0.8668499472718785,0.8970593309685186,16.227842330932617,57.7924919128418,71.369736,15.017866,0.54869497,0.309635728597641,0.3268797397613525,0.309635728597641,0.6189701557159424,0.232302114367485,0.232302114367485,0.3268797397613525,0.6282275915145874,0.2515427768230438,0.2515427768230438,0.6009460687637329,0.7254711389541626,0.5501359701156616,0.613648533821106,0.5505169630050659,1.032533884048462,4.951395034790039,0.5328698754310608,0.842448890209198,0.7895746231079102,0.6802133321762085,0.883007824420929,0.8601588010787964,0.6924654245376587,3.520862340927124,0.6802133321762085,0.8770470321178436,0.8758160173892975,0.20582488924264908,0.22857487201690674
germinal,original,0,,nb_s390940_mpnn_4_IL20,4.375843112244898,89.88964382326421,35.12,1.66,2.937755102040816,88.24484466325434,0.756209,0.87,0.895,-120.81,0.248,3.225641709183673,96.15889285714285,,,1.7535294117647058,97.2869039263044,0.84546,0.91,0.93,,0.8864769641116765,0.9127404503994732,9.504931594644274,65.5159683227539,73.92475,11.758421,0.67241716,0.3066374063491821,0.3076507449150085,0.3066374063491821,0.617628812789917,0.2288895547389984,0.2288895547389984,0.3076507449150085,0.6319976449012756,0.2265640050172805,0.2265640050172805,0.5886535048484802,0.7074349522590637,0.5246878266334534,0.6046448945999146,0.5571790337562561,0.9934190511703492,5.916974067687988,0.5246878266334534,0.8020915389060974,0.7385615706443787,0.570676863193512,0.8599451184272766,0.8290267586708069,0.7403919696807861,7.586825370788574,0.570676863193512,0.8758785426616669,0.874252587556839,0.20541446655988693,0.21596422791481018
germinal,original,0,,nb_s403539_mpnn_3_IL20,5.386036989795917,87.4715929602888,59.34,3.16,3.48625,85.18127789014636,0.665851,0.81,0.88,-1.81,0.269,3.813297704081633,94.98328571428571,,,2.1723809523809523,95.43324871063233,0.805423,0.88,0.91,,0.877778215604164,0.8815760397167329,19.243003421359592,51.86589050292969,71.14591,15.066997,0.5545002,0.5633218288421631,0.3738681077957153,0.5633218288421631,0.7520569562911987,0.5161380767822266,0.5161380767822266,0.3738681077957153,0.6482346057891846,0.3052764534950256,0.3052764534950256,0.5963274836540222,0.6063761115074158,0.3560894429683685,0.6563870310783386,0.58010333776474,1.3943506479263306,6.181681156158447,0.3560894429683685,0.8231231570243835,0.8790246248245239,0.858136773109436,0.8143697381019592,0.7959047555923462,0.5669812560081482,1.4661988019943235,0.858136773109436,0.8815108239650726,0.8637975454330444,0.4835505187511444,0.2867628484964371
germinal,original,0,,nb_s410453_mpnn_5_IL20,5.16240306122449,88.17189562890276,45.23,2.31,3.3780487804878057,87.07955427402565,0.679994,0.82,0.885,-88.82,0.241,3.5823021683673466,95.70085714285712,,,1.8719230769230768,97.23083347744412,0.806391,0.88,0.91,,0.8289228890685134,0.9093826570032894,9.434979470570882,65.59342193603516,72.07011,12.971521,0.6144736,0.8134729862213135,0.5231125950813293,0.8134729862213135,0.9018566608428956,0.791377067565918,0.791377067565918,0.5231125950813293,0.7474218606948853,0.4670352339744568,0.4670352339744568,0.6634374856948853,0.7589486837387085,0.6562257409095764,0.6652404069900513,0.6130555868148804,1.0005781650543213,2.95389461517334,0.6562257409095764,0.8524099588394165,0.8572458624839783,0.8054202795028687,0.8641573190689087,0.8437128663063049,0.5813663005828857,1.6088857650756836,0.8054202795028687,0.9117781221866608,0.8777207136154175,0.7766897678375244,0.45983871817588806
germinal,original,0,,nb_s410453_mpnn_2_IL20,12.27226275510204,80.70480837789661,589.93,29.3,7.470588235294118,64.26232848416588,0.013684,0.21,0.845,98.17,1.251,4.209762882653061,94.15314285714284,,,3.512631578947369,90.06242486202356,0.704925,0.83,0.88,,0.0126999142748969,0.8502317204072698,6.273423072269985,70.1156997680664,73.93879,10.763481,0.72455454,0.8058633804321289,0.7553979158401489,0.8058633804321289,0.8987268209457397,0.7826474905014038,0.7826474905014038,0.7553979158401489,0.8630402684211731,0.7284873127937317,0.7284873127937317,0.6737626791000366,0.8113920092582703,0.695214569568634,0.6683996915817261,0.5850166082382202,0.5523878335952759,2.2839221954345703,0.695214569568634,0.8067359328269958,0.7231712341308594,0.5692279934883118,0.8661128282546997,0.7993441820144653,0.8807504773139954,4.710691928863525,0.5692279934883118,0.914144903421402,0.8997408151626587,0.7710754573345184,0.7038339674472809
germinal,original,0,,nb_s473012_mpnn_5_IL20,4.383894132653061,90.4267159498208,78.48,4.05,2.16,90.7965854732574,0.766233,0.85,0.9,-42.53,0.393,3.716462882653061,95.47996428571427,,,1.894305555555556,96.26848417339905,0.785235,0.87,0.9,,0.7664642474639816,0.8908761474513452,10.660546686914232,61.685184478759766,73.455864,12.773562,0.6061846,0.8430382013320923,0.7516753077507019,0.8430382013320923,0.9107679128646852,0.8261057734489441,0.8261057734489441,0.7516753077507019,0.858322024345398,0.7250136137008667,0.7250136137008667,0.6700541973114014,0.7926074266433716,0.649974524974823,0.6750741004943848,0.61118084192276,0.7468137741088867,3.501835823059082,0.6477448344230652,0.9041088223457336,0.8896079659461975,0.8404331207275391,0.920027792453766,0.9023460745811462,0.5442063212394714,1.7466694116592407,0.8404331207275391,0.9229698777198792,0.9135176241397858,0.8049310147762299,0.7126570343971252
germinal,original,1,0.000151,nb_s530943_mpnn_3_IL20,9.88001913265306,83.10048328816622,73.84,3.58,5.438095238095238,71.94943377345234,0.085176,0.4,0.86,-3.41,0.243,3.996546811224489,95.19796428571428,,,2.62125,94.1,0.703197,0.85,0.88,,0.3636447748828088,0.8646619699960348,10.73258285937102,67.33334350585938,75.09541,12.193224,0.647622,0.7720704078674316,0.6790599822998047,0.7720704078674316,0.8894966244697571,0.7427138090133667,0.7427138090133667,0.6790599822998047,0.8291454315185547,0.6415386199951172,0.6043227910995483,0.684503436088562,0.7502315640449524,0.7127923369407654,0.6774311661720276,0.6988425850868225,0.9657156467437744,4.9495134353637695,0.7127923369407654,0.8748397827148438,0.8238768577575684,0.8589538335800171,0.8788112998008728,0.8966573476791382,0.7308805584907532,2.4383342266082764,0.8589538335800171,0.9218001365661621,0.897614449262619,0.7359324395656586,0.6229307055473328
germinal,original,0,,nb_s563170_mpnn_3_IL20,4.530017857142857,89.18361531611754,15.85,0.67,5.232222222222221,85.29111925992883,0.66895,0.83,0.895,-101.63,0.212,3.412133545918368,96.19367857142858,,,2.159090909090909,97.22809510003952,0.796553,0.89,0.91,,0.8310807396138365,0.9038387394960148,14.91020563670567,68.14481353759766,74.59404,14.156928,0.56282675,0.4923768043518066,0.4306853413581848,0.4923768043518066,0.7409502267837524,0.4302334189414978,0.4302334189414978,0.4306853413581848,0.6830348372459412,0.3675979375839233,0.3675979375839233,0.6260572671890259,0.7507123947143555,0.5682281851768494,0.6405144929885864,0.5505158305168152,0.975894033908844,4.604661464691162,0.5682281851768494,0.8191356658935547,0.7980241179466248,0.6564642786979675,0.8598035573959351,0.7951112389564514,0.6985305547714233,3.02168869972229,0.6486688852310181,0.8954551517963409,0.8843395113945007,0.41370172798633575,0.3414337933063507
germinal,original,0,,nb_s771809_mpnn_3_IL20,6.147276785714285,88.35302947845804,84.78,6.21,3.486,81.63540595023892,0.339801,0.66,0.885,-53.7,0.22,3.898564923469388,95.838,,,2.052083333333333,95.2137508392334,0.673704,0.83,0.88,,0.8921182026805259,0.9082826191957042,6.74686761200428,73.23948669433594,77.8614,10.454379,0.7237211,0.4344621896743774,0.4884715676307678,0.4344621896743774,0.719212532043457,0.3632745742797851,0.3632745742797851,0.4884715676307678,0.7427331209182739,0.4249061942100525,0.4249061942100525,0.6054406762123108,0.6924066543579102,0.4542879462242126,0.6432288289070129,0.5802323818206787,1.0061283111572266,5.640147686004639,0.4174879789352417,0.8381938934326172,0.7746254801750183,0.6152172684669495,0.8939380049705505,0.8409655094146729,0.6630473136901855,3.508989095687866,0.6039063334465027,0.916203498840332,0.9113244414329529,0.35528627038002014,0.4102032482624054
germinal,original,0,,nb_s785824_mpnn_3_IL20,4.179590561224489,90.95691783931004,65.76,3.14,3.998780487804878,90.83666197799008,0.745787,0.87,0.905,87.62,0.224,3.4060357142857143,96.28960714285716,,,2.805568181818181,97.00840880654074,0.832947,0.9,0.92,,0.8364368772998827,0.8803854371486105,11.00686855316162,64.84719848632812,74.32328,13.974672,0.5674721,0.3230908513069153,0.4891834855079651,0.3230908513069153,0.6403135061264038,0.2437851727008819,0.2437851727008819,0.4891834855079651,0.7465305924415588,0.4248467087745666,0.4248467087745666,0.6161638498306274,0.8119998574256897,0.7117273807525635,0.592272937297821,0.5442513823509216,0.71478670835495,3.2677810192108154,0.7117273807525635,0.8567668199539185,0.7914482951164246,0.7416543364524841,0.8855449557304382,0.881278932094574,0.8232640027999878,3.986255407333374,0.7416543364524841,0.879267156124115,0.8846141993999481,0.22832481563091278,0.4136390686035156
germinal,original,0,,nb_s785824_mpnn_2_IL20,4.147829081632653,90.8365355042967,47.59,2.37,3.05,90.73012184673486,0.771182,0.87,0.905,-88.02,0.246,3.0579998724489794,97.16703571428572,,,1.9580232558139528,97.53549938201904,0.850278,0.91,0.93,,0.8497220355820425,0.9173052448196068,12.259562969207764,67.01388549804688,73.85738,15.02813,0.5460024,0.3234094977378845,0.3283897340297699,0.3234094977378845,0.6420649290084839,0.2437456548213958,0.2437456548213958,0.3283897340297699,0.6358301043510437,0.2515296339988708,0.2515296339988708,0.6453080773353577,0.7073968648910522,0.6185223460197449,0.6520044803619385,0.6188287734985352,0.9847619533538818,5.702970027923584,0.6185223460197449,0.8406463861465454,0.7896490097045898,0.69356769323349,0.8774160146713257,0.863423228263855,0.8067766427993774,4.570533752441406,0.69356769323349,0.8811938464641571,0.880994439125061,0.2318379133939743,0.23044700175523758
germinal,original,0,,nb_s103722_mpnn_4_IL20,5.28378443877551,87.85783857729139,116.37,5.25,3.6809523809523816,84.37375291050598,0.60125,0.8,0.88,-76.7,0.435,4.08424387755102,93.8092857142857,,,2.731428571428572,92.72871799958058,0.766234,0.87,0.91,,0.7543470000120757,0.89943616275983,5.129773139953613,72.29878997802734,74.254105,11.477262,0.6907454,0.3526959717273712,0.3631925582885742,0.3526959717273712,0.642937183380127,0.2801356613636017,0.2801356613636017,0.3631925582885742,0.6422340273857117,0.293432205915451,0.293432205915451,0.5626803636550903,0.5317741632461548,0.2100360691547393,0.6508414149284363,0.5699573755264282,1.6077977418899536,8.534201622009277,0.1796582788228988,0.8117772340774536,0.7422994375228882,0.5873356461524963,0.867887556552887,0.8140745759010315,0.8450353145599365,4.404399394989014,0.5873356461524963,0.8816806972026825,0.8733093738555908,0.2495194375514984,0.256044939160347
germinal,original,0,,nb_s148672_mpnn_1_IL20,4.138216836734693,90.17520486267448,12.82,0.67,2.4114285714285715,90.43044556049388,0.790309,0.88,0.905,-62.4,0.24,3.5035262755102035,95.60960714285716,,,2.0168421052631587,96.01459523793814,0.804587,0.88,0.91,,0.8086262480030115,0.8651632732091032,11.533500134944916,64.54051208496094,71.526276,14.463866,0.56554824,0.5608612298965454,0.456438660621643,0.5608612298965454,0.7786005139350891,0.5064263939857483,0.5064263939857483,0.456438660621643,0.724816083908081,0.3893442749977112,0.3893442749977112,0.5968852043151855,0.6543679237365723,0.4005180597305298,0.6459770202636719,0.5818436145782471,1.0053738355636597,6.843672752380371,0.4005180597305298,0.8641201853752136,0.8653326034545898,0.814184308052063,0.8766041994094849,0.8654149770736694,0.5980553030967712,2.766496419906616,0.814184308052063,0.8901068270206451,0.8880925476551056,0.49778902530670166,0.376876562833786
germinal,original,0,,nb_s169413_mpnn_5_IL20,4.9058494897959175,88.34273387829246,32.36,1.42,2.832222222222222,89.04493738814503,0.725072,0.85,0.88,-94.65,0.236,3.7927116071428566,94.67035714285714,,,2.164081632653061,96.14468010435714,0.77428,0.88,0.91,,0.8245382259261937,0.8653116205259276,10.07461038827896,63.96470642089844,74.250465,12.493364,0.6412679,0.7732025384902954,0.3336860537528991,0.7732025384902954,0.894910991191864,0.7427753806114197,0.7216607332229614,0.3336860537528991,0.6500620245933533,0.2545920312404632,0.2545920312404632,0.6116031408309937,0.682133138179779,0.4605753421783447,0.6493600606918335,0.6298803687095642,0.9250277876853944,6.229357719421387,0.4605753421783447,0.7744888663291931,0.7017419934272766,0.5418967604637146,0.8326368927955627,0.8157417178153992,0.983116865158081,8.007627487182617,0.5418967604637146,0.9114581346511841,0.8825131952762604,0.7322180569171906,0.24716705828905106
germinal,original,0,,nb_s80385_mpnn_2_IL20,4.87204974489796,89.23779630464173,29.06,1.36,4.308695652173913,88.72443663280175,0.760578,0.87,0.88,-81.41,0.268,3.5333283163265308,95.98021428571428,,,2.408645833333333,96.785682331432,0.839354,0.92,0.92,,0.857668710898646,0.8944747233635965,14.927146536963326,60.5571174621582,73.8811,14.34823,0.5573759,0.7934411764144897,0.3962888121604919,0.7934411764144897,0.8950539827346802,0.7680379748344421,0.7496314644813538,0.3962888121604919,0.6764535307884216,0.3262476325035095,0.3262476325035095,0.5975909233093262,0.6062236428260803,0.3299290537834167,0.6645063757896423,0.6046041250228882,1.117539644241333,8.1570463180542,0.3020975589752197,0.796224057674408,0.7280141115188599,0.5657835602760315,0.8538342118263245,0.8130055069923401,0.9742411375045776,6.343601226806641,0.5657835602760315,0.9137313067913055,0.8686671555042267,0.758834719657898,0.3071330785751343
germinal,original,0,,nb_s837885_mpnn_1_IL20,12.919823979591836,80.60497747747748,188.37,9.45,6.493243243243243,66.10874351463717,0.005653,0.21,0.86,92.05,0.223,4.181935841836735,94.14275,,,2.5684722222222223,92.15235250136432,0.688035,0.83,0.88,,0.0288344357942135,0.849660179044473,6.968886613845825,70.35142517089844,76.68562,11.22938,0.66019046,0.7775744199752808,0.7809247374534607,0.7775744199752808,0.8943244218826294,0.7483868598937988,0.7483868598937988,0.7809247374534607,0.8976245522499084,0.7517497539520264,0.7481764554977417,0.6462510824203491,0.7948459982872009,0.7131183743476868,0.6295342445373535,0.5529052019119263,0.7891719341278076,3.729950666427612,0.7131183743476868,0.8711920976638794,0.8508594036102295,0.8091527819633484,0.8867018818855286,0.869169294834137,0.7866725921630859,2.8517653942108154,0.8091527819633484,0.9234955906867981,0.9233929812908173,0.7450992465019226,0.749963104724884
germinal,original,1,3.55e-07,nb_s874243_mpnn_2_IL20,4.174823979591837,91.25897263346792,63.37,2.84,3.468478260869565,91.75580525011812,0.809641,0.9,0.905,-87.18,0.245,3.352624107142857,96.45521428571428,,,2.118039215686274,97.68022762645374,0.855494,0.92,0.92,,0.8798694665050175,0.917925116595594,11.762784214019776,68.23303985595703,76.16902,12.294629,0.6297065,0.8361831903457642,0.4028087258338928,0.8361831903457642,0.9116575717926024,0.817314624786377,0.7627925276756287,0.4028087258338928,0.6923495531082153,0.3304234743118286,0.3208623826503753,0.665693461894989,0.8594996333122253,0.817324697971344,0.6277856826782227,0.5679806470870972,0.4567545354366302,2.335532665252685,0.817324697971344,0.824730396270752,0.7965494394302368,0.7152937650680542,0.8520895838737488,0.8263633847236633,0.7774755954742432,3.5497992038726807,0.7152937650680542,0.9221485257148743,0.8998191356658936,0.7900535762310028,0.325642928481102
germinal,original,0,,nb_s874243_mpnn_5_IL20,4.401619897959184,90.6496198568873,20.92,0.96,3.471739130434783,91.48925392849152,0.811025,0.9,0.895,-41.09,0.469,3.731093112244898,95.49542857142858,,,2.1247916666666664,97.50931895862928,0.841414,0.92,0.92,,0.8238122900021096,0.906481545190188,11.295381585756935,66.95915222167969,75.14695,12.355869,0.62019956,0.8297429084777832,0.6768614053726196,0.8297429084777832,0.909068763256073,0.8099113702774048,0.7590402364730835,0.6768614053726196,0.7954098582267761,0.6472242474555969,0.5885658860206604,0.6278807520866394,0.6458633542060852,0.6173328161239624,0.6305177807807922,0.6182342171669006,1.5615204572677612,8.392818450927734,0.6173328161239624,0.8639346957206726,0.8354698419570923,0.9018211364746094,0.8544630408287048,0.8602503538131714,0.6142612099647522,1.6358014345169067,0.9018211364746094,0.9209511578083038,0.8734232485294342,0.7844758033752441,0.6178950667381287
germinal,original,0,,nb_s913468_mpnn_2_IL20,4.226520408163266,90.64169321802456,38.77,2.23,3.3237499999999995,88.74932971058135,0.688705,0.83,0.905,-101.35,0.435,3.735607653061225,95.8779642857143,,,2.36030303030303,95.2032351774328,0.723619,0.85,0.9,,0.7990479297380646,0.8887166532175164,16.36651849746704,63.43038177490234,73.32764,15.574809,0.53711444,0.7843130826950073,0.3554165661334991,0.7843130826950073,0.8898706436157227,0.7579236030578613,0.7579236030578613,0.3554165661334991,0.646480917930603,0.2826504707336426,0.2826504707336426,0.6497961282730103,0.7254874110221863,0.576755702495575,0.6680561900138855,0.6121982932090759,0.9801537990570068,4.536798477172852,0.576755702495575,0.8863236308097839,0.8512222170829773,0.7864909768104553,0.9112818241119384,0.8820931911468506,0.5853143334388733,2.2001070976257324,0.7864909768104553,0.9225637912750244,0.8837104141712189,0.7425114512443542,0.26289066672325134
germinal,original,0,,nb_s913468_mpnn_5_IL20,5.290625,87.5927024567789,106.46,5.93,4.072093023255814,83.42576757050577,0.607212,0.78,0.88,-27.98,0.36,3.924269515306122,95.29685714285716,,,2.605444444444444,93.65024361959318,0.676234,0.83,0.89,,0.7084718430140834,0.8919506619717306,15.787947273254394,62.11932373046875,73.62469,15.334535,0.5421985,0.6837131977081299,0.3668189346790313,0.6837131977081299,0.8500754237174988,0.6421226263046265,0.6421226263046265,0.3668189346790313,0.6500991582870483,0.2959988713264465,0.2959988713264465,0.6175682544708252,0.6556240916252136,0.483794242143631,0.6510117650032043,0.5940483808517456,1.2013037204742432,5.817389965057373,0.483794242143631,0.8581830859184265,0.8247454762458801,0.7502123117446899,0.8851757645606995,0.8705605268478394,0.6464681625366211,2.521081924438477,0.7502123117446899,0.9088102281093597,0.8969210982322693,0.6352545022964478,0.26401442289352417
germinal,original,0,,nb_s921313_mpnn_2_IL20,6.330804846938776,86.14852003642987,173.32,9.33,5.636842105263158,81.22483825374724,0.405545,0.72,0.87,15.15,0.298,3.981399362244897,94.70192857142858,,,3.3167567567567566,94.00000020619986,0.726179,0.86,0.9,,0.8236833450985247,0.8784448444850743,7.1088521083196,66.71821594238281,73.763626,12.077184,0.65596807,0.7411102652549744,0.3612579703330993,0.7411102652549744,0.8626276254653931,0.7107309103012085,0.660569429397583,0.3612579703330993,0.6695073843002319,0.2841956317424774,0.2841956317424774,0.581527054309845,0.5651366710662842,0.2086083590984344,0.6747567057609558,0.6183095574378967,0.8887715339660645,8.15221881866455,0.1931829452514648,0.7339994311332703,0.5808008313179016,0.3367627263069153,0.8333086371421814,0.7710167765617371,1.1439740657806396,11.093180656433104,0.3367627263069153,0.9078158438205719,0.8810896277427673,0.6856501698493958,0.2805296927690506
germinal,original,0,,nb_s201653_mpnn_1_IL20,7.871502551020408,84.54535698248766,332.72,17.74,6.279999999999999,72.37561068281097,0.181241,0.51,0.865,98.85,0.351,3.7700107142857138,95.68867857142858,,,2.5611538461538466,95.01277838812932,0.751308,0.85,0.9,,0.3180083929233311,0.8352412858987004,11.32197348276774,67.75119018554688,74.646935,14.079008,0.5647893,0.4036576747894287,0.4499505162239074,0.4036576747894287,0.6873478889465332,0.3327351212501526,0.3327351212501526,0.4499505162239074,0.7026069760322571,0.3867863714694977,0.3867863714694977,0.6764597296714783,0.807415246963501,0.6862689852714539,0.6740074157714844,0.6223084330558777,0.6570478677749634,2.79611873626709,0.6862689852714539,0.8838445544242859,0.8461361527442932,0.7599199414253235,0.914825677871704,0.8868362903594971,0.522774875164032,1.8838802576065063,0.7599199414253235,0.9015026390552521,0.9010023772716522,0.315004900097847,0.35773834586143494
germinal,original,0,,nb_s296830_mpnn_3_IL20,4.652479591836736,89.85504068716094,8.58,0.44,3.0195121951219512,90.7838213036503,0.774782,0.88,0.89,-118.38,0.252,3.317191836734694,96.68092857142857,,,1.9738750000000005,97.9000015258789,0.868371,0.93,0.93,,0.8286311452551218,0.8894770817412666,12.785930305719376,61.484031677246094,73.66842,13.412936,0.5963905,0.7824127078056335,0.3856788575649261,0.7824127078056335,0.8897235989570618,0.7555849552154541,0.7555849552154541,0.3856788575649261,0.6855301856994629,0.3107160031795501,0.3107160031795501,0.7293679118156433,0.837269127368927,0.7759050130844116,0.71773362159729,0.6978064179420471,0.5537412166595459,2.9841036796569824,0.7759050130844116,0.8962999582290649,0.8301077485084534,0.7958920001983643,0.9214019775390624,0.9152976870536804,0.6210826635360718,3.4943501949310303,0.7958920001983643,0.9167060554027557,0.9027649760246277,0.7519544959068298,0.30284060537815094
germinal,original,0,,nb_s2975_mpnn_1_IL20,5.194613520408163,88.16446243814664,54.74,3.35,3.857352941176471,87.86047511511035,0.661392,0.82,0.885,-125.24,0.315,4.132486989795918,94.82607142857144,,,2.695294117647059,95.44852806540096,0.756948,0.87,0.9,,0.7908170816458051,0.8908761474513452,6.673171255323622,67.87512969970703,76.00294,11.373659,0.6748471,0.7957573533058167,0.3278663456439972,0.7957573533058167,0.8935443162918091,0.7713106274604797,0.7078653573989868,0.3278663456439972,0.6386958360671997,0.2501589655876159,0.2501589655876159,0.6480787992477417,0.6859366297721863,0.5066365599632263,0.683439314365387,0.6367717385292053,1.1237385272979736,6.771071434020996,0.5066365599632263,0.825430691242218,0.7744364738464355,0.6710787415504456,0.8640186786651611,0.8285413980484009,0.8575253486633301,6.06348991394043,0.6710787415504456,0.9175190627574921,0.8790184557437897,0.7395879924297333,0.2355915531516075
germinal,original,0,,nb_s434952_mpnn_1_IL20,5.19375,88.41187192118228,67.03,3.56,3.396969696969697,85.36320443442963,0.544314,0.76,0.89,-37.79,0.183,3.7080507653061217,95.75117857142858,,,2.03609375,95.81838644704511,0.717109,0.84,0.89,,0.8565266960305788,0.9033737377419212,13.310964425404867,64.39604949951172,71.53125,14.83613,0.5505137,0.6700246930122375,0.4670177400112152,0.6700246930122375,0.8408990502357483,0.6273061037063599,0.6273061037063599,0.4670177400112152,0.7040005922317505,0.4077720046043396,0.4077720046043396,0.6036974787712097,0.6747211813926697,0.4335258305072784,0.6462403535842896,0.5707513093948364,1.0517911911010742,5.6210103034973145,0.4068843126296997,0.8198814392089844,0.8022426962852478,0.6618052124977112,0.8594005107879639,0.8237360119819641,0.6726848483085632,3.1715798377990723,0.6609291434288025,0.9162068963050842,0.892293393611908,0.6188184022903442,0.3785831034183502
germinal,original,0,,nb_s566504_mpnn_1_IL20,4.4918864795918365,89.76834837545127,47.38,2.36,3.246511627906977,88.56894075398222,0.686259,0.83,0.895,-57.65,0.202,3.276042346938775,96.70457142857144,,,2.1925000000000003,96.8387487411499,0.823296,0.89,0.92,,0.8610188703542216,0.8884131491496924,5.47941192984581,71.53836059570312,74.06306,11.667224,0.67060035,0.7260140180587769,0.4053963422775268,0.7260140180587769,0.8670161962509155,0.6907634139060974,0.6907634139060974,0.4053963422775268,0.6656559705734253,0.3403314054012298,0.3373107314109802,0.6641597747802734,0.6843746304512024,0.4703195989131927,0.7126198410987854,0.6734612584114075,0.8133634328842163,5.968898296356201,0.4291648268699646,0.8363656997680664,0.7858125567436218,0.6957592368125916,0.8715173602104187,0.8604182600975037,0.7714110016822815,3.2266316413879395,0.6957592368125916,0.9148084819316864,0.7375554442405701,0.6771086752414703,0.33882106840610504
germinal,original,0,,nb_s566504_mpnn_5_IL20,4.615875000000001,89.46712545126354,26.64,1.3,3.380952380952381,88.19155126316544,0.676974,0.82,0.89,-53.05,0.185,3.3770385204081634,96.3116785714286,,,2.25625,96.86372073861055,0.831505,0.9,0.92,,0.880770412041374,0.8948406914490987,12.95845564928922,67.25083923339844,75.78652,13.867007,0.56152683,0.7302667498588562,0.713375449180603,0.7302667498588562,0.8657574653625488,0.6963940858840942,0.6963940858840942,0.713375449180603,0.8419339656829834,0.6812357902526855,0.6812357902526855,0.5864436030387878,0.5978715419769287,0.3050596714019775,0.6567895412445068,0.6013058423995972,1.3243564367294312,7.728490352630615,0.3050596714019775,0.7626308798789978,0.7471699118614197,0.5636991858482361,0.8123637437820435,0.761403501033783,0.6708035469055176,4.2137227058410645,0.553811252117157,0.9141355454921722,0.9149549007415771,0.6785211861133575,0.6485927700996399
germinal,original,0,,nb_s607831_mpnn_3_IL20,4.639426020408164,89.54556696428571,58.5,3.35,3.498611111111112,88.81788077970057,0.763276,0.87,0.895,-20.07,0.216,3.746914668367346,95.76542857142856,,,2.2225714285714284,97.14437341690063,0.824506,0.91,0.91,,0.8544249725926885,0.9282640574316154,14.545796235402426,59.30903244018555,71.7697,15.1188965,0.5483836,0.2618362307548523,0.6204914450645447,0.2618362307548523,0.6007981896400452,0.1770957261323928,0.1770957261323928,0.6204914450645447,0.7987361550331116,0.5759302973747253,0.5759302973747253,0.5616155862808228,0.5412043929100037,0.219661995768547,0.6471039652824402,0.550207257270813,1.2276769876480105,8.08537769317627,0.156253233551979,0.8090683221817017,0.7737128138542175,0.6268349289894104,0.8546266555786133,0.7856436371803284,0.7127333879470825,3.5976006984710693,0.5964836478233337,0.8847090005874634,0.9114966988563538,0.15702949464321136,0.5709293484687805
germinal,original,0,,nb_s607831_mpnn_5_IL20,4.661112244897959,89.74604744852283,44.01,2.48,3.983823529411764,87.57520018002133,0.737357,0.86,0.895,-63.05,0.312,3.660448596938776,96.11460714285714,,,2.375945945945946,96.42545619155422,0.814611,0.9,0.91,,0.826416286337387,0.8969377216652493,22.78816843032837,51.23088455200195,71.72536,15.626429,0.53073233,0.2862619459629059,0.4488067626953125,0.2862619459629059,0.614220380783081,0.2042723298072815,0.2042723298072815,0.4488067626953125,0.7333211898803711,0.3776781558990478,0.3765289187431335,0.5735989809036255,0.5558959245681763,0.2450656145811081,0.655732274055481,0.5580884218215942,0.8780232071876526,7.5227861404418945,0.180961012840271,0.7680524587631226,0.7522848844528198,0.5965881943702698,0.8109185099601746,0.7189432382583618,0.8024432063102722,4.299540519714356,0.5965881943702698,0.8826827108860016,0.8818551003932953,0.18510311841964722,0.3771035373210907
germinal,original,0,,nb_s64546_mpnn_3_IL20,4.677088010204082,89.41838478747204,98.46,5.72,2.844444444444445,86.31694387342668,0.677775,0.84,0.9,-38.41,0.293,3.564732780612245,95.9644642857143,,,1.7536486486486489,96.52666681463069,0.767188,0.87,0.91,,0.8576631658102922,0.9016241253886522,9.648226247114296,69.73828125,75.927536,12.405138,0.61305976,0.7969523072242737,0.4024809598922729,0.7969523072242737,0.9002283811569214,0.771133303642273,0.754560112953186,0.4024809598922729,0.6658567190170288,0.336637020111084,0.336637020111084,0.6632716059684753,0.713074266910553,0.5566039085388184,0.689938485622406,0.6438876986503601,0.5687968730926514,3.0148491859436035,0.5174432992935181,0.769806444644928,0.6977701187133789,0.5027350783348083,0.8365742564201355,0.8027136325836182,0.7804068326950073,4.516896724700928,0.4952020347118377,0.9196074903011322,0.89411860704422,0.7628467082977295,0.3040674775838852
germinal,original,0,,nb_s64546_mpnn_1_IL20,4.661945153061224,89.56803491495076,58.57,3.59,2.978571428571429,85.81853295984877,0.667941,0.84,0.9,-85.32,0.266,3.308130739795918,96.865,,,1.8656578947368423,96.310999806722,0.768456,0.87,0.91,,0.8245382259261937,0.892365922964437,9.68467617034912,68.99322509765625,75.49916,12.511263,0.60453206,0.8040221929550171,0.5268207788467407,0.8040221929550171,0.901755154132843,0.7795889377593994,0.7575003504753113,0.5268207788467407,0.7702527642250061,0.4659627676010132,0.4659627676010132,0.666099488735199,0.7815274000167847,0.6202723383903503,0.6775562763214111,0.617906391620636,0.7234387993812561,3.430288791656494,0.612313449382782,0.8894882202148438,0.8764244318008423,0.8162353038787842,0.907801389694214,0.8851710557937622,0.4742025732994079,1.7444623708724976,0.8162353038787842,0.9188858866691589,0.9068250060081482,0.7685446441173553,0.4524543732404709
germinal,original,0,,nb_s648479_mpnn_1_IL20,4.805161989795918,89.55499999999999,66.16,3.13,3.9319148936170207,89.03809814888054,0.677763,0.84,0.885,51.74,0.29,3.431744260204081,95.7735357142857,,,2.3957954545454547,96.78658555193644,0.838357,0.92,0.92,,0.850672776354819,0.8567879724107647,15.662392735481262,66.76696014404297,75.20127,15.190823,0.54195434,0.6684520244598389,0.3654391169548034,0.6684520244598389,0.8359285593032837,0.6265828609466553,0.6265828609466553,0.3654391169548034,0.6578394770622253,0.2923389971256256,0.2923389971256256,0.5889109969139099,0.6256318688392639,0.415183424949646,0.6323428153991699,0.5524919033050537,0.850252091884613,7.074767589569092,0.3387719094753265,0.750987708568573,0.7086642384529114,0.5359625220298767,0.8047439455986023,0.7354524731636047,1.205380082130432,7.454507827758789,0.5359625220298767,0.9046628475189209,0.8809335827827454,0.618438184261322,0.27569417655467987
germinal,original,0,,nb_s689267_mpnn_1_IL20,4.313265306122449,90.57129981884056,58.46,3.66,3.510294117647059,88.89824115264642,0.722271,0.85,0.905,17.67,0.339,3.6244751275510207,95.7955,,,3.150645161290323,94.93103500892376,0.793774,0.87,0.91,,0.8069285537691311,0.8892865360434691,14.625726795196533,54.68546676635742,73.06729,13.867373,0.56884754,0.8300384879112244,0.354506254196167,0.8300384879112244,0.9067031741142272,0.8108723163604736,0.8108723163604736,0.354506254196167,0.6474504470825195,0.2812701761722564,0.2812701761722564,0.6649551391601562,0.6850359439849854,0.5746434330940247,0.6875330805778503,0.6496197581291199,1.2712832689285278,4.920393943786621,0.5746434330940247,0.8325766921043396,0.8139829635620117,0.7166683077812195,0.8615537881851196,0.8257963061332703,0.6538641452789307,3.0159523487091064,0.7166683077812195,0.9258918166160583,0.9007158279418945,0.7940093874931335,0.2519488111138344
germinal,original,0,,nb_s689267_mpnn_2_IL20,4.65258418367347,89.82651761517616,56.2,3.35,4.355714285714285,87.24366980022502,0.694148,0.83,0.895,-83.3,0.319,3.5415159438775508,96.24353571428573,,,3.185735294117647,95.27187514305116,0.799159,0.88,0.91,,0.7874340015970258,0.887679519241034,16.162312984466553,67.28108215332031,74.94446,15.106653,0.5359156,0.8293771147727966,0.8346844911575317,0.8293771147727966,0.9081388115882874,0.8096867203712463,0.8096867203712463,0.8346844911575317,0.9093928933143616,0.8160073757171631,0.8160073757171631,0.6489169597625732,0.678234875202179,0.4398859441280365,0.7011747360229492,0.6474040150642395,1.040372371673584,5.686578750610352,0.4034160673618316,0.8883687853813171,0.8558148741722107,0.7793779373168945,0.915616512298584,0.9001560807228088,0.5564146041870117,1.859114408493042,0.7793779373168945,0.9274856448173523,0.9272350668907166,0.7949868738651276,0.7981986403465271
germinal,original,0,,nb_s713450_mpnn_2_IL20,4.632809948979593,89.93338175215615,-0.74,-0.04,3.656944444444445,90.3305926514065,0.745721,0.87,0.885,-100.79,0.227,3.341234693877551,96.30342857142855,,,1.8314102564102563,97.82189240326753,0.853039,0.92,0.92,,0.8483652109247692,0.9408391552778592,4.551848048513586,76.94542694091797,78.17914,9.567422,0.751005,0.8195767402648926,0.3836383819580078,0.8195767402648926,0.9133041501045228,0.7961449027061462,0.7872880697250366,0.3836383819580078,0.6429752111434937,0.3188042044639587,0.3188042044639587,0.630612313747406,0.6691496968269348,0.485630452632904,0.6668577194213867,0.6224842071533203,1.0397366285324097,6.760549068450928,0.485630452632904,0.7972418665885925,0.7873247861862183,0.7014251351356506,0.8211960792541504,0.776109516620636,0.7642378807067871,5.460757255554199,0.7014251351356506,0.9210071861743927,0.7765966355800629,0.7917164862155914,0.30321967601776123
germinal,original,1,4.8e-07,nb_s717713_mpnn_4_IL20,4.57577806122449,89.65712415349887,32.62,1.46,3.3579545454545454,87.68460046276137,0.708474,0.84,0.89,-89.78,0.238,3.333518877551021,96.68064285714286,,,2.2239285714285715,97.68088853624133,0.828161,0.91,0.92,,0.8356887896588003,0.8876278265796113,21.7245991230011,49.61805725097656,72.52624,15.982534,0.5243235,0.8453502058982849,0.3775514662265777,0.8453502058982849,0.9143534898757936,0.8280993700027466,0.7596496343612671,0.3775514662265777,0.6683414578437805,0.3048539757728576,0.3048539757728576,0.5641283392906189,0.5753927230834961,0.2560051679611206,0.6411590576171875,0.5975782871246338,0.9941564798355104,8.888344764709473,0.2016368806362152,0.8083028793334961,0.6709273457527161,0.4535852968692779,0.8969822525978088,0.8803143501281738,0.9699277877807616,8.544340133666992,0.4535852968692779,0.921861082315445,0.8713706731796265,0.7938745021820068,0.29674752056598663
germinal,original,1,3e-07,nb_s717713_mpnn_2_IL20,4.509641581632653,89.78694532309083,10.55,0.48,3.1846938775510205,88.72436427980772,0.712575,0.85,0.895,38.15,0.164,3.424640178571429,96.39642857142856,,,2.217888888888889,97.61717373391856,0.81966,0.9,0.92,,0.8484530482711902,0.90334303420919,20.404864072799683,49.197357177734375,72.66083,16.46673,0.51299244,0.8546971082687378,0.3443743586540222,0.8546971082687378,0.9179116487503052,0.8388934135437012,0.7854169011116028,0.3443743586540222,0.6267198324203491,0.2737880051136017,0.2737880051136017,0.6132418513298035,0.6149957776069641,0.3965225219726562,0.6674216389656067,0.6489342451095581,1.4268646240234375,7.454980373382568,0.3965225219726562,0.8787514567375183,0.8283761143684387,0.8040446639060974,0.8974281549453735,0.9013949632644652,0.6117926836013794,2.9240264892578125,0.8040446639060974,0.9236096739768982,0.8540881276130676,0.812155157327652,0.24535834789276123
germinal,original,0,,nb_s752383_mpnn_5_IL20,4.649730867346938,89.70704984283789,70.84,3.62,3.105813953488372,89.54582825098001,0.751534,0.85,0.89,-60.26,0.211,3.8321156887755103,95.13978571428572,,,2.481923076923077,95.8422498703003,0.791994,0.88,0.9,,0.8680148048980487,0.8908761474513452,18.585601806640625,56.16036224365234,72.686935,15.393266,0.5280192,0.8341071605682373,0.3654481470584869,0.8341071605682373,0.9144558906555176,0.8140199184417725,0.8140199184417725,0.3654481470584869,0.6335418820381165,0.2984247207641601,0.2984247207641601,0.6374889612197876,0.7875173091888428,0.6768946647644043,0.627637505531311,0.567211925983429,0.9459197521209716,4.800505638122559,0.6768946647644043,0.8917644619941711,0.9191480278968812,0.888539731502533,0.8925706148147583,0.8651595711708069,0.588624894618988,1.904529929161072,0.888539731502533,0.9193635880947113,0.7691791355609894,0.8101449310779572,0.28180907666683197
germinal,original,0,,nb_s752383_mpnn_3_IL20,4.5550956632653055,90.10938537460746,31.3,1.61,2.9670454545454548,90.34837716054436,0.746491,0.85,0.89,-100.8,0.236,3.537759311224489,96.05989285714284,,,2.263589743589744,96.70800037384032,0.809299,0.89,0.91,,0.8245382259261937,0.8884131491496924,19.04063320159912,57.053810119628906,73.31237,15.578702,0.52613354,0.8382384181022644,0.4347799718379974,0.8382384181022644,0.915546715259552,0.8189113140106201,0.8189113140106201,0.4347799718379974,0.681653618812561,0.3730615377426147,0.3685335218906402,0.6393062472343445,0.7581914663314819,0.596034824848175,0.6501241326332092,0.5927015542984009,0.7946138381958008,4.898848056793213,0.5887846350669861,0.8017919659614563,0.7114165425300598,0.5251412391662598,0.8709546327590942,0.8377769589424133,0.9327602386474608,6.5981292724609375,0.5020989775657654,0.9228377938270569,0.7848308980464935,0.8176742494106293,0.3707975298166275
germinal,original,0,,nb_s713450_mpnn_1_IL20,4.3633354591836735,90.03013193812556,51.98,2.45,4.033673469387756,88.03201868347907,0.74666,0.87,0.895,-23.04,0.266,3.436377295918368,96.06339285714286,,,2.321739130434782,96.80232629110648,0.835598,0.91,0.92,,0.8067221334621419,0.8858209807232388,5.758828681448232,73.88689422607422,76.76381,10.38435,0.72623616,0.7931931614875793,0.4202501177787781,0.7931931614875793,0.8973674774169922,0.7671495676040649,0.7359820604324341,0.4202501177787781,0.6993467807769775,0.350475937128067,0.350475937128067,0.5402972102165222,0.6019178628921509,0.3033088743686676,0.5995442867279053,0.5371848940849304,1.193020939826965,8.00870132446289,0.2681428492069244,0.8187468647956848,0.7949435710906982,0.6537510752677917,0.8599957823753357,0.8170800805091858,0.9316575527191162,4.792314529418945,0.6537510752677917,0.9120438992977142,0.8904775381088257,0.7515658140182495,0.33502884209156036
germinal,original,0,,nb_s417721_mpnn_3_BHRF,5.8631727430555545,87.85870175438598,72.19,3.85,3.3,87.57072867008208,0.676557,0.82,0.87,-120.64,0.23,3.853733241705248,94.7435763888889,,,1.9506097560975613,96.1515373816857,0.826035,0.9,0.92,,0.8618813712122118,0.8968740986854115,17.1005950655256,47.61067962646485,73.82754,15.982,0.52114904,0.8701220154762268,0.871213436126709,0.8701220154762268,0.9340313673019408,0.8541446924209595,0.8541446924209595,0.871213436126709,0.935251533985138,0.8552038669586182,0.8552038669586182,0.9171016812324524,0.9284104108810424,0.8810708522796631,0.9261094331741332,0.8853021264076233,0.3836258947849273,1.0549482107162476,0.8810708522796631,0.9299729466438292,0.9297097325325012,0.8894635438919067,0.9401002526283264,0.9144501686096193,0.4122250974178314,1.1999469995498655,0.883820116519928,0.930091142654419,0.9307296872138977,0.8436183631420135,0.8462563157081604
germinal,original,0,,nb_s795450_mpnn_4_BHRF,5.682433931327161,88.0135843240863,108.7,4.95,3.322619047619048,85.1050792172051,0.658875,0.82,0.875,-93.67,0.201,3.460551094714506,95.68270833333332,,,2.0298809523809527,95.81499953497024,0.840755,0.9,0.93,,0.946475244182266,0.8952162044428531,15.681841055552164,49.45336151123047,74.211945,15.20403,0.54216385,0.5206495523452759,0.7653548121452332,0.5206495523452759,0.7718383073806763,0.4578523635864258,0.4578523635864258,0.7653548121452332,0.891719400882721,0.7337636351585388,0.6881296038627625,0.8701508641242981,0.8966233730316162,0.8173729181289673,0.883345365524292,0.7797099351882935,0.4096987247467041,1.897823691368103,0.8173729181289673,0.8327887654304504,0.7787134647369385,0.5918520092964172,0.8930229544639587,0.8209917545318604,0.7181873321533203,5.661296367645264,0.5918520092964172,0.9033131301403046,0.9162312746047974,0.4454410821199417,0.7109466195106506
germinal,original,0,,nb_s55152_mpnn_1_BHRF,12.770623553240744,80.83337048595631,212.64,13.51,6.777027027027028,68.89284973765373,0.014634,0.31,0.845,-10.25,0.326,4.087643831983025,95.01430555555557,,,2.605294117647059,93.54312491416933,0.705574,0.83,0.88,,0.1457889659377433,0.8493912519345539,20.503453636169432,39.51435470581055,71.36754,16.608711,0.5258365,0.6044607162475586,0.681145429611206,0.6044607162475586,0.7722634077072144,0.562510073184967,0.4971938729286194,0.681145429611206,0.8326868414878845,0.64326012134552,0.585614800453186,0.8670721054077148,0.8970463275909424,0.8210514187812805,0.8785772323608398,0.8183826208114624,0.402048110961914,1.3422539234161377,0.8210514187812805,0.8053434491157532,0.7513389587402344,0.5474660992622375,0.8698127269744873,0.8018804788589478,0.7968535423278809,6.662932395935059,0.5474660992622375,0.8891333043575287,0.8842184245586395,0.5298519730567932,0.614437460899353
germinal,original,0,,nb_s802159_mpnn_2_BHRF,5.720634403935186,88.89159471365637,31.39,2.03,3.293548387096774,90.02144535046764,0.70239,0.84,0.87,-102.69,0.26,3.661665099344136,95.84229166666668,,,2.10765625,96.949063539505,0.827428,0.9,0.92,,0.8684888688188708,0.8993408804058186,12.82038892507553,55.62153625488281,74.1896,13.677632,0.5806528,0.8231053948402405,0.838263213634491,0.8231053948402405,0.902523398399353,0.8032509088516235,0.8032509088516235,0.838263213634491,0.9086524248123168,0.8206658363342285,0.8206658363342285,0.9224416017532348,0.8775569200515747,0.9036442637443542,0.9271408915519714,0.9078565239906312,0.3888752460479736,0.9469916224479676,0.7703332304954529,0.9436208009719848,0.912034034729004,0.9345356822013856,0.945892095565796,0.9369947910308838,0.3551807105541229,0.79526686668396,0.841182291507721,0.9251434504985809,0.9279745221138,0.7738056480884552,0.7882504463195801
germinal,original,0,,nb_s506400_mpnn_4_BHRF,5.682197627314815,88.89054776511831,124.86,5.62,4.23804347826087,84.77542197385611,0.566129,0.79,0.88,-67.26,0.257,3.392228129822531,96.21076388888888,,,2.0644444444444447,96.23954512856224,0.822229,0.91,0.93,,0.8930906219523527,0.8951416505572779,17.117429574330647,52.12652206420898,78.36691,14.441422,0.5847658,0.3950449228286743,0.4499806761741638,0.3950449228286743,0.685571551322937,0.3224132359027862,0.3224132359027862,0.4499806761741638,0.734846293926239,0.378764271736145,0.378764271736145,0.8254085779190063,0.7957773208618164,0.6291391253471375,0.87447589635849,0.7662616968154907,0.5438143014907837,4.112649440765381,0.6291391253471375,0.8987046480178833,0.9118640422821044,0.8483158349990845,0.911301851272583,0.8687717914581299,0.4438060224056244,1.881744146347046,0.8483158349990845,0.896859347820282,0.902191549539566,0.30006323754787445,0.3615378141403198
germinal,original,0,,nb_s949322_mpnn_4_BHRF,5.784341242283951,88.23660147761844,185.07,8.82,3.86,86.35922993653861,0.628557,0.79,0.87,31.16,0.204,3.499146170910494,96.30239583333336,,,2.377173913043478,96.9431818181818,0.854755,0.91,0.93,,0.807510227264122,0.8924458403884717,15.01235055923462,51.88315582275391,73.46897,15.423514,0.5322323,0.3354203701019287,0.5587672591209412,0.3354203701019287,0.6549624800682068,0.255534827709198,0.255534827709198,0.5587672591209412,0.8015129566192627,0.4980807900428772,0.4819284081459045,0.821607768535614,0.7490491271018982,0.5478938817977905,0.8900362849235535,0.8076701164245605,0.6093266606330872,4.570391178131104,0.5153876543045044,0.8989118933677673,0.8785554766654968,0.7962164282798767,0.92458575963974,0.8851937055587769,0.4149864315986633,1.8621792793273928,0.7662932872772217,0.8875571191310883,0.8909737765789032,0.23727531731128693,0.49000459909439087
germinal,original,0,,nb_s453654_mpnn_2_BHRF,5.344417920524692,90.41253607345868,44.02,2.6,2.851612903225807,91.0094378036166,0.75493,0.85,0.885,13.22,0.223,3.63320240162037,96.24006944444444,,,2.0662962962962963,97.5233337967484,0.834098,0.9,0.91,,0.8722410650567403,0.9271973699336368,18.75437577565511,51.2159538269043,73.09117,16.094635,0.5378864,0.842104434967041,0.8556226491928101,0.842104434967041,0.9151796102523804,0.8238356113433838,0.8238356113433838,0.8556226491928101,0.9220014214515686,0.8390278816223145,0.8390278816223145,0.8501117825508118,0.8434638977050781,0.7395792603492737,0.8777449131011963,0.8077467679977417,0.428661048412323,2.2608673572540283,0.7395792603492737,0.8454994559288025,0.7759010791778564,0.6151626110076904,0.9030836820602416,0.8418285250663757,0.6502267718315125,5.125813484191895,0.6151626110076904,0.9321645200252533,0.9317072629928589,0.7996928691864014,0.8162215948104858
germinal,original,0,,nb_s175477_mpnn_2_BHRF,5.82240909529321,87.49988996478874,92.79,4.81,3.8,85.13180545429395,0.682044,0.81,0.865,-102.24,0.221,3.522014130015432,95.85979166666668,,,2.083157894736841,96.17000064849852,0.825226,0.9,0.93,,0.8946990864809758,0.8834345782345282,19.44531307220459,66.07162475585938,73.7876,16.373463,0.53598577,0.398485004901886,0.4751930832862854,0.398485004901886,0.6997861862182617,0.3231597244739532,0.3231597244739532,0.4751930832862854,0.7579832673072815,0.4044955372810364,0.4044955372810364,0.9105752110481262,0.9016211032867432,0.835087239742279,0.9294471740722656,0.8985374569892883,0.3969327211380005,1.1843641996383667,0.8251534104347229,0.9127195477485656,0.8831347823143005,0.7850038409233093,0.944648504257202,0.9232629537582396,0.49061319231987,2.41331148147583,0.7850038409233093,0.8996710777282715,0.900416761636734,0.31499119102954865,0.39932382106781006
germinal,original,0,,nb_s293208_mpnn_4_BHRF,5.791395399305556,88.05673559172901,99.5,5.24,2.9102941176470587,86.20789889718202,0.666105,0.82,0.88,-124.13,0.193,3.66068962191358,95.6221527777778,,,1.8509090909090908,97.12176558550668,0.836128,0.9,0.92,,0.9091957734055902,0.9348160039534924,20.044464111328125,36.52702331542969,72.71089,16.490067,0.52762103,0.2915010154247284,0.7641869783401489,0.2915010154247284,0.6180791854858398,0.2098564654588699,0.2098564654588699,0.7641869783401489,0.8739803433418274,0.7367386817932129,0.7367386817932129,0.9429116249084472,0.9294109344482422,0.8980883955955505,0.954117476940155,0.9445319771766664,0.3400347232818603,0.6938650012016296,0.877159595489502,0.9425038695335388,0.9377572536468506,0.908135712146759,0.9510958194732666,0.9449967741966248,0.3474076688289642,0.7538001537322998,0.8971874117851257,0.9052101075649261,0.9137242436408997,0.18499815464019775,0.7023321986198425
germinal,original,0,,nb_s949322_mpnn_2_BHRF,4.845103925540124,91.1847473867596,51.91,2.4,3.032222222222223,91.932676453243,0.746662,0.85,0.89,15.67,0.22,3.3020586178626545,96.77725694444445,,,2.2441304347826088,97.56095232282368,0.855881,0.91,0.93,,0.9091957734055902,0.9358511125739944,17.05201428277152,48.0931510925293,73.15457,15.3651,0.537949,0.31817427277565,0.4872264862060547,0.31817427277565,0.6316387057304382,0.2398081719875335,0.2398081719875335,0.4872264862060547,0.7710258960723877,0.4162766337394714,0.4131283164024353,0.8706725239753723,0.883503258228302,0.7788572907447815,0.89362633228302,0.8238586783409119,0.4142026603221893,2.0867366790771484,0.7788572907447815,0.9070040583610536,0.8950932621955872,0.8302931189537048,0.9261817932128906,0.8853686451911926,0.3820622265338897,1.5022573471069336,0.7962855100631714,0.8743689060211182,0.8871453404426575,0.21140152215957642,0.41470247507095337
germinal,original,0,,nb_s664067_mpnn_3_BHRF,6.32693504050926,86.40786849073257,72.45,3.3,4.0280000000000005,84.28032651311334,0.66114,0.8,0.85,-119.09,0.263,3.790707224151235,94.62635416666669,,,2.0632291666666664,95.45488384158112,0.845525,0.9,0.93,,0.9026497381258938,0.8849774552829964,20.92326780954997,61.90716171264648,74.37554,16.229185,0.5422838,0.3744193017482757,0.7999866008758545,0.3744193017482757,0.6669173836708069,0.3012947738170624,0.3012947738170624,0.7999866008758545,0.9114517569541932,0.7721202969551086,0.7397761940956116,0.9351763129234314,0.934848129749298,0.8938243389129639,0.9455142617225648,0.9278499484062196,0.3672966659069061,0.9353420734405518,0.8938243389129639,0.9377633929252625,0.9398179650306702,0.8947333097457886,0.9485208988189696,0.937094509601593,0.3813764154911041,0.9592559337615968,0.8947333097457886,0.8923857808113098,0.9183310866355896,0.2814074754714966,0.7559482455253601
germinal,original,0,,nb_s830050_mpnn_4_BHRF,5.738032889660494,88.35104074402126,181.98,8.34,4.017777777777777,86.658954415485,0.741333,0.84,0.87,-99.18,0.204,3.98034324363426,94.91572916666668,,,2.688695652173913,95.11382991709608,0.79836,0.88,0.9,,0.8984267180378358,0.8997064449774115,13.13262770392678,58.35710906982422,75.04353,13.724379,0.58495104,0.8548634052276611,0.8559387922286987,0.8548634052276611,0.9154956340789796,0.8397052884101868,0.8397052884101868,0.8559387922286987,0.915686011314392,0.8410019874572754,0.8410019874572754,0.9457151293754578,0.9347975254058838,0.9348277449607848,0.948436975479126,0.9384132027626038,0.3225646913051605,0.5920889377593994,0.8842595815658569,0.942640781402588,0.9229251146316528,0.9288628697395324,0.9460852146148682,0.9371768832206726,0.3823702037334442,1.0180776119232178,0.8640024065971375,0.9270581007003784,0.9273901283740997,0.8059327006340027,0.8065410852432251
germinal,original,0,,nb_s648756_mpnn_3_BHRF,11.44138213734568,79.16056307289394,374.59,17.79,8.20125,60.5834849530584,0.049417,0.3,0.835,209.28,0.394,4.986874156057099,91.42375,,,4.218611111111112,82.05783699654243,0.542712,0.76,0.85,,0.1606839209468695,0.8373538277844589,19.973370143345424,41.55775833129883,73.3273,16.167145,0.52387017,0.3864051699638366,0.749760091304779,0.3864051699638366,0.6880072951316833,0.3110046088695526,0.3110046088695526,0.749760091304779,0.889951765537262,0.7147121429443359,0.6787870526313782,0.8277155160903931,0.8205512762069702,0.6577910780906677,0.8701965808868408,0.7841521501541138,0.535419225692749,3.752259969711304,0.6577910780906677,0.864493191242218,0.8427591919898987,0.704592227935791,0.9044684171676636,0.8434742093086243,0.5536213517189026,3.760963916778565,0.704592227935791,0.904684454202652,0.9176725149154663,0.29223258793354034,0.6967495977878571
germinal,original,0,,nb_s596199_mpnn_2_BHRF,5.661106288580248,89.06731441048036,69.24,4.19,2.9140625,88.87932771187324,0.690183,0.82,0.875,16.57,0.204,3.800820071373456,95.55916666666668,,,2.06,95.8849993387858,0.815792,0.89,0.91,,0.8542529697639345,0.8892865360434691,19.541858832041424,51.42702102661133,73.27489,16.063526,0.53033096,0.4790570139884949,0.8559402227401733,0.4790570139884949,0.7337629199028015,0.4153805077075958,0.4153805077075958,0.8559402227401733,0.9137014746665956,0.841499924659729,0.841499924659729,0.8733139038085938,0.8868046998977661,0.8373913764953613,0.8822945356369019,0.782132625579834,0.3848593235015869,1.4245647192001345,0.789781928062439,0.9370934367179872,0.9009588956832886,0.8703399896621704,0.95378178358078,0.9424933791160583,0.3649840652942657,1.1712067127227783,0.8178189396858215,0.8963738977909088,0.9293666481971741,0.3939126282930374,0.8092915713787079
germinal,original,0,,nb_s596199_mpnn_3_BHRF,5.404118441358025,89.56925796595374,312.19,19.31,2.8765625,91.07961600292182,0.723528,0.83,0.885,116.8,0.218,3.540013985339506,96.34982638888889,,,2.123387096774193,97.06233393351236,0.829466,0.89,0.92,,0.8324722095595066,0.8835820653589217,19.77527546882629,50.26113510131836,73.479836,16.264652,0.52704465,0.5828920602798462,0.8582953214645386,0.5828920602798462,0.7856683731079102,0.5321979522705078,0.5321979522705078,0.8582953214645386,0.916696071624756,0.8436951041221619,0.8436951041221619,0.8826045989990234,0.8705095052719116,0.8184511065483093,0.8986429572105408,0.8108178377151489,0.3931483924388885,1.716240167617798,0.7519901990890503,0.93951815366745,0.9019920825958252,0.8880796432495117,0.9523777365684508,0.9429988861083984,0.360502153635025,0.9952486753463744,0.8207025527954102,0.8981640040874481,0.9309222400188446,0.5150355100631714,0.8127222955226898
germinal,original,0,,nb_s648756_mpnn_1_BHRF,5.89118320794753,87.39924487123527,157.42,7.11,2.574418604651163,86.94330788594476,0.736621,0.84,0.87,-62.59,0.184,3.4862059944058648,95.7311111111111,,,1.8097727272727275,95.9838107881092,0.835511,0.91,0.93,,0.8895687565657922,0.8875894029429289,18.7610143661499,45.52468490600586,73.25514,16.111824,0.5261204,0.3240699172019958,0.7440364360809326,0.3240699172019958,0.6435635089874268,0.2441965043544769,0.2441965043544769,0.7440364360809326,0.8882957100868225,0.7079715728759766,0.6749938726425171,0.7978888154029846,0.7414810657501221,0.4898816645145416,0.8748905658721924,0.7690645456314087,0.6279638409614563,5.285175323486328,0.4898816645145416,0.8787872195243835,0.8558031320571899,0.7251570820808411,0.9171947836875916,0.8644908666610718,0.5117287039756775,3.3636233806610107,0.7251570820808411,0.9000154733657837,0.9190107583999634,0.21969187259674072,0.6914827227592468
germinal,original,1,1.9e-07,nb_s983700_mpnn_1_BHRF,7.021542245370371,86.84844766930519,35.15,1.95,5.519444444444445,81.30813804448024,0.430267,0.69,0.855,-130.89,0.224,3.775038580246915,95.90739583333334,,,2.458382352941176,96.09694417317708,0.796993,0.88,0.91,,0.928079273818122,0.8820065501503405,18.54030561447144,44.94440460205078,72.06651,16.344053,0.5314323,0.7596439123153687,0.810227632522583,0.7596439123153687,0.838782012462616,0.7398593425750732,0.7398593425750732,0.810227632522583,0.874017596244812,0.7942801713943481,0.7942801713943481,0.9149081110954284,0.8654066920280457,0.8446366190910339,0.932476043701172,0.897262454032898,0.4153517484664917,1.519885778427124,0.7401176691055298,0.9098647236824036,0.8852875232696533,0.814781129360199,0.9336355924606324,0.8991622924804688,0.4199769198894501,1.4527034759521484,0.787254273891449,0.9071270525455475,0.9129078090190887,0.662125438451767,0.7233489453792572
germinal,original,0,,nb_s175477_mpnn_4_BHRF,6.377658420138889,86.48387494495817,230.32,11.2,4.418292682926829,82.05811526718969,0.646916,0.79,0.86,-1.59,0.216,3.8166958429783935,94.97840277777776,,,2.3216666666666668,94.38521758369778,0.804832,0.88,0.92,,0.8570341951388548,0.8785876633634963,20.36935539245605,59.23645782470703,74.23194,16.511862,0.53206444,0.4106337428092956,0.8109738826751709,0.4106337428092956,0.713635265827179,0.3348833620548248,0.3348833620548248,0.8109738826751709,0.8890355229377747,0.7914584875106812,0.7914584875106812,0.874392032623291,0.8900741934776306,0.8329656720161438,0.884748637676239,0.7887786626815796,0.387940913438797,1.2200380563735962,0.794253945350647,0.8794846534729004,0.8546554446220398,0.7577769160270691,0.909911572933197,0.8527673482894897,0.4857505559921264,2.433223247528076,0.7234054207801819,0.9047902226448059,0.9215665459632874,0.3219418078660965,0.7500047385692596
germinal,original,0,,nb_s877334_mpnn_1_BHRF,6.15010368441358,87.14647188049209,69.73,3.45,3.262765957446809,86.77722128649697,0.595701,0.8,0.865,-79.73,0.188,3.475328414351852,95.83076388888888,,,2.0017,96.4986365925182,0.823908,0.91,0.93,,0.891057722825279,0.8875894029429289,18.200547981262208,67.23802947998047,79.42323,15.401545,0.5643909,0.6481583118438721,0.5930373668670654,0.6481583118438721,0.824930727481842,0.6039652228355408,0.6039652228355408,0.5930373668670654,0.7921701669692993,0.5432541966438293,0.5432541966438293,0.8327097296714783,0.8124758005142212,0.6635630130767822,0.8749963045120239,0.8486335873603821,0.512151837348938,3.870295763015747,0.6432231068611145,0.8994151949882507,0.8935248255729675,0.8119230270385742,0.921288251876831,0.8650230169296265,0.4488511681556701,2.2987990379333496,0.8119230270385742,0.9021507203578949,0.9049195349216461,0.5812838971614838,0.5123106390237808
germinal,original,1,2.8e-07,nb_s109706_mpnn_2_BHRF,5.557437548225309,89.23491695804195,31.0,1.86,3.0484848484848484,90.78848469837224,0.738247,0.85,0.875,-117.22,0.199,3.552490716628087,96.08545138888888,,,2.0701612903225803,96.7987506389618,0.843107,0.9,0.92,,0.8982036126566115,0.8931065571537741,18.792877197265625,50.303340911865234,74.19128,16.11614,0.52143943,0.8583856821060181,0.8694061040878296,0.8583856821060181,0.9178475737571716,0.8435201644897461,0.8435201644897461,0.8694061040878296,0.9251802563667296,0.8554625511169434,0.8554625511169434,0.9318389296531676,0.9263442158699036,0.8725225329399109,0.9466679692268372,0.917271614074707,0.3467628955841064,0.9702193140983582,0.8725225329399109,0.9281063079833984,0.911762535572052,0.857545793056488,0.9457464218139648,0.9239668846130372,0.4020073115825653,1.3269771337509155,0.8423826694488525,0.9233314692974091,0.9280658066272736,0.8190769553184509,0.8318735957145691
germinal,original,0,,nb_s651199_mpnn_2_BHRF,5.227219569830246,88.77410651408452,97.68,4.24,3.4000000000000004,86.41390373618123,0.746969,0.85,0.88,-57.0,0.237,3.482652753665123,95.7953125,,,2.162875,96.00142923990886,0.849402,0.91,0.92,,0.8618813712122118,0.8952162044428531,19.94360523223877,47.76744842529297,73.1225,15.084593,0.5390974,0.3151651620864868,0.5386098027229309,0.3151651620864868,0.650101900100708,0.2314309626817703,0.2314309626817703,0.5386098027229309,0.7842805981636047,0.4771921038627624,0.4771921038627624,0.8254950642585754,0.8358653783798218,0.6981102824211121,0.8573412895202637,0.7791290283203125,0.4801786541938782,2.346121072769165,0.6981102824211121,0.8128135800361633,0.7840111255645752,0.6028888821601868,0.8652946949005127,0.8007434010505676,0.6908270120620728,4.31634521484375,0.6028888821601868,0.8930821120738983,0.901072770357132,0.2148856669664383,0.46308113634586334
germinal,original,0,,nb_s558025_mpnn_1_BHRF,5.015456211419753,90.17688077430708,56.24,2.83,2.8987804878048777,91.26816631294432,0.788288,0.87,0.89,-76.97,0.193,3.241393952546297,96.72295138888887,,,2.026951219512195,97.78128227820764,0.868044,0.92,0.93,,0.9161917079494172,0.9363171781063933,17.72348165512085,38.11397171020508,73.83349,15.532116,0.5313207,0.3569063246250152,0.5792083144187927,0.3569063246250152,0.6737329363822937,0.2776996493339538,0.2776996493339538,0.5792083144187927,0.8096402287483215,0.5216003060340881,0.5216003060340881,0.8112691044807434,0.7976289391517639,0.6038723587989807,0.8631182909011841,0.7649608254432678,0.5514327883720398,4.244576454162598,0.6038723587989807,0.8650900721549988,0.819152295589447,0.6666915416717529,0.9146897196769714,0.8601915240287781,0.5414268970489502,3.527183055877685,0.6666915416717529,0.8918299078941345,0.9077081382274628,0.2574368044734001,0.517640084028244
germinal,original,0,,nb_s814263_mpnn_3_BHRF,12.197548948688272,80.46795963141729,335.34,16.48,9.670588235294115,62.940907163085534,0.025652,0.25,0.84,55.92,0.558,5.241056857638887,91.2171875,,,5.58274193548387,81.56470624138328,0.457644,0.68,0.83,,0.0804485671540478,0.8568393154670116,17.809889793395996,49.669193267822266,73.24478,15.807227,0.5408189,0.2838844060897827,0.5607263445854187,0.2838844060897827,0.6101817488670349,0.2023100852966308,0.2023100852966308,0.5607263445854187,0.8043276071548462,0.4998260140419006,0.4952433109283447,0.8344560861587524,0.8184557557106018,0.6530287861824036,0.8798128962516785,0.7728151679039001,0.5390640497207642,3.4864490032196045,0.6530287861824036,0.8561908602714539,0.8139399886131287,0.6537767648696899,0.9067944288253784,0.8159307837486267,0.6240324974060059,4.392226696014404,0.6537767648696899,0.8966302871704102,0.9010320901870728,0.17636938393115997,0.4975346624851227
germinal,original,1,1.5e-07,nb_s983700_mpnn_2_BHRF,7.550544945987655,86.16637923449186,94.56,4.76,5.897142857142857,79.51880319744353,0.343451,0.64,0.855,-151.13,0.247,4.245029899691359,94.9920486111111,,,3.018611111111112,94.25837769379488,0.72367,0.83,0.89,,0.3488715995467213,0.8827225827689898,18.715883255004883,42.5150032043457,72.00409,16.395233,0.5307915,0.430632472038269,0.8081491589546204,0.430632472038269,0.7150235176086426,0.359534740447998,0.359534740447998,0.8081491589546204,0.880363941192627,0.7900954484939575,0.7900954484939575,0.9030563235282898,0.8613777756690979,0.8106568455696106,0.9261561632156372,0.8803979158401489,0.4358646869659424,1.6838139295578003,0.7325906753540039,0.9304038882255554,0.8860472440719604,0.9000478982925415,0.9379929304122924,0.9048550724983216,0.390051782131195,1.053149938583374,0.7749425768852234,0.8893272578716278,0.9161747992038727,0.3348221927881241,0.7324246764183044
germinal,original,0,,nb_s353537_mpnn_1_BHRF,15.860902536651237,72.39885888501742,647.01,27.28,14.13939393939394,52.024720098269874,0.005617,0.13,0.785,315.02,1.209,7.088926986882717,85.89888888888889,,,4.572,72.84409080852161,0.311864,0.55,0.74,,0.0884528010097383,0.806694605748188,17.260415077209473,38.85065078735352,73.05678,14.950322,0.54028857,0.283838152885437,0.8186857104301453,0.283838152885437,0.6156606078147888,0.2008825540542602,0.2008825540542602,0.8186857104301453,0.9101297855377196,0.7958246469497681,0.7271245718002319,0.8351907134056091,0.7407498955726624,0.5155256986618042,0.9151068925857544,0.8793696761131287,0.6380239725112915,4.806699752807617,0.5146820545196533,0.8513059616088867,0.7961808443069458,0.6177840232849121,0.9096863865852356,0.8628029227256775,0.647518515586853,4.521921157836914,0.6177840232849121,0.8914622962474823,0.9172827005386353,0.17940209805965424,0.761474609375
germinal,original,0,,nb_s849285_mpnn_4_BHRF,5.506310281635803,88.22878295254833,31.63,1.53,2.146153846153846,86.81175770062613,0.744239,0.84,0.88,-86.76,0.238,3.479717881944444,95.99548611111112,,,1.7498684210526316,96.27174949645996,0.820772,0.9,0.92,,0.8684888688188708,0.8945963326668658,16.040216514042445,52.66626739501953,80.93879,13.928093,0.5746653,0.3855311870574951,0.7418799996376038,0.3855311870574951,0.6957667469978333,0.3079723119735718,0.3079723119735718,0.7418799996376038,0.8694231510162354,0.7099941968917847,0.7099941968917847,0.852677047252655,0.8984790444374084,0.8198127746582031,0.8608931303024292,0.764774739742279,0.4020309448242187,1.417048454284668,0.8198127746582031,0.8560959100723267,0.8277735710144043,0.6940402984619141,0.8966098427772522,0.8336273431777954,0.5574476718902588,3.330475330352783,0.6940402984619141,0.9142594337463379,0.9196418821811676,0.2909015417098999,0.6863338649272919
germinal,original,1,1.4e-07,nb_s807321_mpnn_2_BHRF,5.64034408757716,88.51479356801391,138.07,6.27,3.153571428571429,86.46371631628357,0.726438,0.85,0.875,2.4,0.227,3.950560619212963,94.7329861111111,,,2.349204545454546,94.14499907060105,0.796344,0.88,0.91,,0.8789272076276367,0.8970593309685186,17.378960609436035,61.42396926879883,75.510445,15.463274,0.5390614,0.7222983837127686,0.7492449283599854,0.7222983837127686,0.8489325642585754,0.6906397938728333,0.6906397938728333,0.7492449283599854,0.8571798801422119,0.7222611904144287,0.7222611904144287,0.9033352136611938,0.8864377737045288,0.8017768263816833,0.9287248253822328,0.8772714138031006,0.3731754422187805,1.2842997312545776,0.7910659909248352,0.8898515701293945,0.8315465450286865,0.7610063552856445,0.922062873840332,0.8753820657730103,0.4956108927726745,2.6292171478271484,0.6959956288337708,0.9068924784660339,0.9065215587615967,0.6498238444328308,0.6754544973373413
germinal,original,0,,nb_s204617_mpnn_1_BHRF,5.674672067901235,88.49716043956043,117.86,6.56,2.7285714285714286,89.41682367139256,0.725338,0.84,0.875,59.16,0.289,3.9449238040123458,94.86652777777778,,,2.08234375,95.5900006013758,0.793788,0.87,0.91,,0.8182261478594238,0.8456712314687541,15.90423583984375,55.47465896606445,73.5499,15.445238,0.53423995,0.8429875373840332,0.4261022806167602,0.8429875373840332,0.9200417399406432,0.8237239718437195,0.8237239718437195,0.4261022806167602,0.7266255617141724,0.3509714603424072,0.3509714603424072,0.7796754837036133,0.7650402784347534,0.5454950332641602,0.8382205963134766,0.7434093356132507,0.5517680644989014,5.318530082702637,0.5351553559303284,0.8575462698936462,0.8035916090011597,0.6720444560050964,0.9039216637611388,0.8602707386016846,0.6470778584480286,5.6438398361206055,0.6166403889656067,0.9233143925666809,0.9060289859771729,0.8081924617290497,0.3366052806377411
germinal,original,1,1.5e-07,nb_s877334_mpnn_2_BHRF,6.364741271219137,87.21460017574692,63.4,3.05,4.362745098039215,84.54008317592042,0.584078,0.79,0.865,-119.86,0.19,3.517899184992284,95.73347222222222,,,2.1088043478260867,96.76511702426644,0.826845,0.91,0.93,,0.9281207594935408,0.892741962327081,18.38257869084676,71.51445007324219,78.98421,15.435621,0.56235164,0.6941050887107849,0.8343686461448669,0.6941050887107849,0.8488147258758545,0.6554276347160339,0.6554276347160339,0.8343686461448669,0.9251776933670044,0.8116663694381714,0.802024245262146,0.9221616983413696,0.9214125871658324,0.8641002178192139,0.936677098274231,0.9043832421302797,0.3697796761989593,0.9457405805587769,0.8641002178192139,0.9176018834114076,0.9168167114257812,0.8517351150512695,0.9340685606002808,0.892041802406311,0.4112656712532043,1.5009475946426392,0.8517351150512695,0.9076755940914154,0.9250644147396088,0.6356035768985748,0.8068453073501587
germinal,original,0,,nb_s373735_mpnn_2_BHRF,5.893912760416667,87.92226264418811,55.02,3.03,2.7419354838709684,87.10797154896329,0.608423,0.81,0.875,-99.66,0.199,3.3876889226466047,96.07628472222224,,,1.7134375,97.2435282538919,0.828793,0.91,0.93,,0.8724408448759564,0.939380798373626,15.824843645095823,47.600704193115234,76.13951,14.616602,0.536458,0.8129497766494751,0.824844479560852,0.8129497766494751,0.916912078857422,0.7869592308998108,0.7813900709152222,0.824844479560852,0.9211286306381226,0.8007733821868896,0.7896007299423218,0.878624439239502,0.929889678955078,0.8869224786758423,0.8765499591827393,0.8071640133857727,0.3583812713623047,1.1335127353668213,0.8869224786758423,0.9405341148376464,0.9517796635627748,0.9228039383888244,0.9449666142463684,0.931556761264801,0.3474392294883728,0.9611589908599854,0.9228039383888244,0.9300967156887054,0.9299054145812988,0.7841746509075165,0.7951870560646057
germinal,original,0,,nb_s814263_mpnn_4_BHRF,12.081725019290124,79.80992105263158,549.25,29.84,11.75357142857143,59.10684371614743,0.016056,0.26,0.835,45.34,0.289,4.888461009837964,91.78697916666668,,,5.482432432432432,81.6864878680255,0.552663,0.75,0.86,,0.0970965067405789,0.8481838297577928,17.65553879737854,49.93874740600586,72.61689,15.854462,0.5405846,0.2910407483577728,0.7044844031333923,0.2910407483577728,0.6143579483032227,0.2102114409208297,0.2102114409208297,0.7044844031333923,0.8698776960372925,0.6631360650062561,0.6631360650062561,0.8091012239456177,0.7976842522621155,0.6200652122497559,0.8563601970672607,0.7403185367584229,0.589290201663971,3.797649383544922,0.6200652122497559,0.8505553603172302,0.8390312194824219,0.7065206170082092,0.8865639567375183,0.7931485176086426,0.5974704027175903,3.2723071575164795,0.7065206170082092,0.8913507461547852,0.910300999879837,0.18339822441339493,0.661261111497879
germinal,original,1,2.8e-07,nb_s663598_mpnn_2_BHRF,5.082333863811729,90.02232568402471,15.57,0.98,2.2607142857142857,92.20656286083135,0.809447,0.88,0.885,-122.22,0.229,3.493515022183642,96.05576388888888,,,1.8364814814814816,97.32107244219098,0.864429,0.92,0.93,,0.8774642276085449,0.9186794985050508,21.32333767414093,51.412376403808594,78.97765,16.424046,0.5381416,0.6940671801567078,0.8858538269996643,0.6940671801567078,0.8430842161178589,0.6568129062652588,0.6568129062652588,0.8858538269996643,0.9231955409049988,0.8765183687210083,0.8765183687210083,0.9355289340019226,0.9389421939849854,0.938531219959259,0.934778332710266,0.9249817728996276,0.3394620418548584,0.667903482913971,0.8987824320793152,0.9445180892944336,0.9460561275482178,0.9429782032966614,0.9449030756950378,0.93901127576828,0.3496970236301422,0.76042640209198,0.9114909172058104,0.917223185300827,0.9340770840644836,0.6419945955276489,0.8401355743408203
germinal,original,1,3.8e-07,nb_s327664_mpnn_4_BHRF,7.478450520833334,83.66911971830986,167.46,7.81,8.079268292682928,71.06854540901496,0.417206,0.7,0.845,42.5,0.344,3.769191984953704,95.24288194444443,,,3.263780487804878,93.29268348507765,0.779904,0.88,0.9,,0.2938244224233991,0.8730287254147137,19.89199093409947,43.40056228637695,73.27519,14.980039,0.55597496,0.8557754158973694,0.8450627326965332,0.8557754158973694,0.9226608872413636,0.8390540480613708,0.776106059551239,0.8450627326965332,0.9225875735282898,0.8256815075874329,0.7917463779449463,0.9244275093078612,0.9335821866989136,0.9102377891540528,0.9279749393463136,0.8999320268630981,0.3627394437789917,0.7891236543655396,0.9102377891540528,0.9169340133666992,0.9298417568206788,0.9067858457565308,0.9194710850715636,0.8777538537979126,0.4139195680618286,1.5767267942428589,0.9067858457565308,0.9276341795921326,0.9274792671203613,0.8075800538063049,0.8087139427661896
germinal,original,0,,nb_s453654_mpnn_1_BHRF,6.031221064814815,88.45988661142609,33.43,1.82,3.3448717948717945,86.0378175791246,0.671069,0.81,0.87,-132.26,0.266,3.955477430555556,95.4025,,,2.1811111111111106,95.25714263916016,0.800726,0.88,0.9,,0.8330480671109171,0.8899029246627841,17.996169646581013,52.4137077331543,73.07017,15.897238,0.538978,0.334468275308609,0.8292037844657898,0.334468275308609,0.6653270721435547,0.251753568649292,0.251753568649292,0.8292037844657898,0.9123302102088928,0.8084222078323364,0.8084222078323364,0.8059101104736328,0.7600843906402588,0.5269460082054138,0.8756511211395264,0.7881962656974792,0.5240991711616516,3.893755197525024,0.5269460082054138,0.8747420310974121,0.8302342891693115,0.6669476628303528,0.926690638065338,0.8782452344894409,0.4462357759475708,2.840670824050904,0.6669476628303528,0.9026156663894653,0.9299837350845337,0.23473726958036423,0.7923896014690399
germinal,original,1,2.8e-07,nb_s39537_mpnn_2_BHRF,6.16307388117284,86.87267256637169,72.39,3.68,3.5900000000000007,84.34030121235583,0.704408,0.82,0.86,59.3,0.264,4.27122745466821,93.81625,,,2.442209302325581,93.66575050354004,0.773636,0.87,0.91,,0.8995011145702021,0.8448839779241037,13.802682399749756,54.56782150268555,73.765144,14.901047,0.5540823,0.8226415514945984,0.8205583691596985,0.8226415514945984,0.920729398727417,0.7981196045875549,0.7981196045875549,0.8205583691596985,0.9209223985671996,0.7954673171043396,0.7910293340682983,0.9286059737205504,0.921631395816803,0.8664422035217285,0.9441468715667723,0.9222424030303956,0.3748185634613037,0.9921136498451232,0.8664422035217285,0.948481261730194,0.944735825061798,0.9131640195846558,0.9573105573654176,0.9493221640586852,0.3625212013721466,0.9982152581214904,0.9131640195846558,0.9243710935115814,0.923436164855957,0.7981077134609222,0.793248325586319
germinal,original,0,,nb_s105306_mpnn_3_BHRF,12.129656153549384,78.9955658709107,204.71,9.87,6.875641025641025,61.21101323547473,0.036913,0.27,0.84,300.79,0.296,4.897338083526234,91.31190972222224,,,2.9169047619047617,86.4702380952381,0.65133,0.82,0.88,,0.0580002489166878,0.8189578637920686,18.99184465408325,64.572998046875,72.555336,16.334036,0.5363006,0.6033939719200134,0.7717583179473877,0.6033939719200134,0.809945821762085,0.5517560243606567,0.5410971641540527,0.7717583179473877,0.8999828100204468,0.7397022247314453,0.7132046222686768,0.9082583785057068,0.9154059290885924,0.8521953821182251,0.9222740530967712,0.8829078078269958,0.3841698169708252,1.3557685613632202,0.8521953821182251,0.8882012367248535,0.8736655712127686,0.7658895254135132,0.9187791347503662,0.8637111186981201,0.539794385433197,2.527146339416504,0.7658895254135132,0.9172516763210297,0.9210876524448395,0.5464265942573547,0.726453423500061
germinal,original,0,,nb_s80543_mpnn_1_BHRF,7.427090567129629,87.04483757682178,101.32,6.2,5.7196428571428575,86.27142017803297,0.524281,0.74,0.86,-16.7,0.358,5.028604480131173,93.2911111111111,,,3.676666666666667,93.61666615804036,0.720553,0.83,0.86,,0.7347970168021573,0.878323013492705,20.219716919793026,53.21708297729492,73.37137,16.59069,0.52413553,0.6747919321060181,0.7724368572235107,0.6747919321060181,0.8486540913581848,0.6313263773918152,0.6313263773918152,0.7724368572235107,0.8664308190345764,0.7489383220672607,0.7489383220672607,0.8776167035102844,0.8170140981674194,0.7675991058349609,0.905121088027954,0.8445541262626648,0.3835845589637756,1.3962708711624146,0.645605206489563,0.9122716188430786,0.8648108839988708,0.8265430331230164,0.9337037205696106,0.9145956039428712,0.3798940479755401,1.8685550689697263,0.7310181260108948,0.9147299528121948,0.9188234210014343,0.6251161098480225,0.6918811500072479
germinal,original,0,,nb_s544951_mpnn_3_BHRF,14.245187114197533,78.0077409372237,153.52,11.45,14.445000000000002,56.4720266693395,0.005555,0.14,0.825,-47.42,0.334,6.3030086564429,89.79659722222222,,,6.525499999999999,75.7504357047703,0.294165,0.58,0.78,,0.1143469030146236,0.8346384983916857,16.182055234909058,51.94305419921875,74.94499,14.937214,0.542259,0.3819902539253235,0.4974372386932373,0.3819902539253235,0.6900193691253662,0.304982990026474,0.304982990026474,0.4974372386932373,0.7601619362831116,0.4317560791969299,0.4317560791969299,0.7698962092399597,0.6747475862503052,0.4129234254360199,0.8591394424438477,0.7830678820610046,0.6540039777755737,6.23565149307251,0.3657188415527344,0.8029484748840332,0.668773889541626,0.3678432106971741,0.9117247462272644,0.8747109174728394,0.7679449319839478,7.94179630279541,0.3490482568740845,0.9079813659191132,0.8992053866386414,0.29331088066101074,0.4139094054698944
germinal,original,0,,nb_s299383_mpnn_3_BHRF,5.983534673996913,88.42555896536608,30.54,1.76,6.2435897435897445,83.51329693493267,0.520343,0.76,0.875,-71.74,0.28,3.8083124758873454,96.17996527777778,,,3.5172972972972976,95.57999958711513,0.724377,0.86,0.9,,0.8505736884080817,0.8968050964002054,15.9490873336792,56.18453979492188,75.2872,15.3623905,0.5401925,0.3190435171127319,0.4652765989303589,0.3190435171127319,0.6380945444107056,0.2392807751893997,0.2392807751893997,0.4652765989303589,0.7266486287117004,0.3999336063861847,0.3999336063861847,0.8269092440605164,0.7664703726768494,0.5789908766746521,0.8888888955116272,0.824314296245575,0.4947004914283752,4.152130126953125,0.5789908766746521,0.7929262518882751,0.6639427542686462,0.3872955441474914,0.8943339586257935,0.8276903629302979,0.7092578411102295,8.232870101928711,0.3872955441474914,0.9177933037281036,0.919005274772644,0.21974968165159225,0.38709287345409393
germinal,original,1,2e-07,nb_s105306_mpnn_2_BHRF,5.242582947530865,89.76932390631904,57.36,2.65,3.632222222222222,88.80167469232357,0.700666,0.85,0.885,35.8,0.195,3.3386898389274697,96.36815972222222,,,2.2003125000000003,96.61568277532405,0.823688,0.9,0.93,,0.8695618171839812,0.9004032769854796,15.904438877105711,47.45720672607422,73.758766,14.549353,0.5553838,0.6147971749305725,0.599897027015686,0.6147971749305725,0.8226357102394104,0.562837541103363,0.5580517649650574,0.599897027015686,0.8241766691207886,0.5438271164894104,0.5435625910758972,0.8218110203742981,0.7867968678474426,0.5826066732406616,0.8816120624542236,0.782664954662323,0.5438988208770752,3.876042366027832,0.5770953893661499,0.8350966572761536,0.789743185043335,0.5776684880256653,0.8994536995887756,0.8270899057388306,0.5948349237442017,4.5638861656188965,0.5776684880256653,0.919445663690567,0.9192678034305573,0.5604446530342102,0.5436948537826538
germinal,original,0,,nb_s938027_mpnn_3_BHRF,5.10462962962963,90.51913793103448,32.06,1.75,2.24875,91.55624313865432,0.773201,0.86,0.885,-116.38,0.249,3.376909722222222,96.34194444444444,,,1.86945945945946,97.2570279095624,0.863891,0.91,0.93,,0.8368966647646474,0.9080470423953916,20.99337863922119,36.34603118896485,74.61249,16.65338,0.51975447,0.3725385367870331,0.8756707906723022,0.3725385367870331,0.6760969161987305,0.2966489493846893,0.2966489493846893,0.8756707906723022,0.9371158480644226,0.8603094816207886,0.8603094816207886,0.9264436960220336,0.9298676252365112,0.9170403480529784,0.92879456281662,0.9065404534339904,0.3256149590015411,0.6314931511878967,0.8729922771453857,0.9309396147727966,0.916096568107605,0.9063218235969543,0.93709397315979,0.9199967980384828,0.3559831976890564,0.7938627600669861,0.8478583097457886,0.9055498242378235,0.9319201111793518,0.2726837024092674,0.8545100390911102
germinal,original,0,,nb_s606821_mpnn_1_BHRF,5.550636574074074,89.02551632833186,47.81,2.72,2.877272727272727,87.54188671149905,0.710435,0.82,0.875,-63.0,0.202,3.741170789930554,95.44274305555555,,,2.101612903225806,96.82896502264614,0.828201,0.89,0.92,,0.8542529697639345,0.8908761474513452,16.238407707214357,62.84246063232422,80.4268,14.539237,0.5762894,0.3403340578079223,0.3546096682548523,0.3403340578079223,0.6537949442863464,0.2619688510894775,0.2619688510894775,0.3546096682548523,0.6799210906028748,0.2732818126678467,0.2732818126678467,0.7961626052856445,0.788274884223938,0.6015918850898743,0.8448053002357483,0.7310509085655212,0.5492266416549683,4.269755363464356,0.6015918850898743,0.8427692651748657,0.8327646255493164,0.6706930994987488,0.8857882618904114,0.8169822096824646,0.5035011172294617,2.738678455352783,0.6706930994987488,0.8858456313610077,0.8877532184123993,0.2364298775792122,0.2611522749066353
germinal,original,0,,nb_s664067_mpnn_1_BHRF,6.518092930169752,85.61361147902869,87.0,3.98,4.523,82.47734378620507,0.663108,0.8,0.845,-102.43,0.274,4.013583863811729,93.93625,,,2.4147916666666664,93.71767478765445,0.844158,0.9,0.93,,0.8870398310354224,0.8849774552829964,16.297046343485516,52.66475677490234,73.93849,15.370468,0.547405,0.350909411907196,0.7743902802467346,0.350909411907196,0.6533316969871521,0.275303840637207,0.275303840637207,0.7743902802467346,0.9002827405929565,0.7429171204566956,0.7180402874946594,0.9242679476737976,0.9234375357627868,0.8699121475219727,0.937856912612915,0.9154606461524964,0.3856398463249206,1.0531549453735352,0.8699121475219727,0.9435216188430786,0.9509735107421876,0.9218554496765136,0.9489381313323976,0.9419304132461548,0.3837620913982391,0.867865800857544,0.9218554496765136,0.8950193524360657,0.9172805547714233,0.25722265243530273,0.7304787039756775
germinal,original,0,,nb_s830050_mpnn_2_BHRF,5.732992139274691,88.41397169394072,47.04,2.4,3.5924242424242423,88.56491239175956,0.741096,0.84,0.865,-61.3,0.241,3.739390432098765,95.50805555555556,,,2.427777777777778,95.7085359154678,0.812397,0.89,0.91,,0.8319849403846151,0.8884131491496924,16.146836704678005,65.73178100585938,75.221825,14.931992,0.5507206,0.8172693848609924,0.8383866548538208,0.8172693848609924,0.8791000247001648,0.801811695098877,0.801811695098877,0.8383866548538208,0.9077984094619752,0.8210337162017822,0.8210337162017822,0.9323463439941406,0.9224764704704284,0.921297252178192,0.9351086020469666,0.919200599193573,0.3359950482845306,0.7424735426902771,0.8587870001792908,0.9426583647727966,0.9290451407432556,0.9251967668533324,0.9470236897468568,0.9348158836364746,0.3754986524581909,1.084675908088684,0.882070004940033,0.9064136445522308,0.924004077911377,0.7360296845436096,0.789098471403122
germinal,original,0,,nb_s558025_mpnn_4_BHRF,5.275018084490741,89.67817218543047,88.73,4.41,3.25,89.89308784480063,0.773031,0.86,0.88,-69.68,0.182,3.369307966820987,96.40628472222222,,,2.140833333333334,97.46077004457132,0.866145,0.92,0.93,,0.9161917079494172,0.931637262819929,17.712383270263672,40.86552810668945,73.072426,15.663968,0.53458965,0.3738116323947906,0.6965917944908142,0.3738116323947906,0.6825076341629028,0.296637624502182,0.296637624502182,0.6965917944908142,0.8446987867355347,0.6595650315284729,0.6595650315284729,0.805448055267334,0.7715745568275452,0.5661225914955139,0.8652794361114502,0.75974440574646,0.5952378511428833,4.511794090270996,0.5559336543083191,0.8987879157066345,0.8859793543815613,0.7915563583374023,0.9255957007408142,0.8748391270637512,0.4888927340507507,2.431025743484497,0.7915563583374023,0.8937267065048218,0.9117576777935028,0.27425725758075714,0.6445328891277313
germinal,original,1,1.5e-07,nb_s276607_mpnn_4_BHRF,4.723011911651234,90.50132833186233,74.36,3.48,2.129268292682927,91.927213769316,0.819395,0.89,0.89,-135.29,0.218,3.171737798996913,96.48086805555556,,,1.6326250000000002,97.73150005340575,0.883182,0.93,0.94,,0.907178971446286,0.9334803893455944,16.983495553334553,45.75480651855469,72.79781,15.086803,0.5448151,0.2841933071613312,0.4179592430591583,0.2841933071613312,0.6095055341720581,0.2028652429580688,0.2028652429580688,0.4179592430591583,0.7113317847251892,0.3446160852909088,0.3446160852909088,0.800449788570404,0.8541802167892456,0.7563480138778687,0.8114752173423767,0.7094610929489136,0.4849466681480407,2.620897054672241,0.7563480138778687,0.7492055892944336,0.6999647617340088,0.4347845315933227,0.8278108239173889,0.7358996272087097,0.8721171021461487,8.198111534118652,0.4347845315933227,0.8833315968513489,0.8797427713871002,0.17370376735925674,0.32542024552822113
germinal,original,0,,nb_s442197_mpnn_3_BHRF,10.25606312692901,82.90242197802198,586.89,29.06,8.336585365853658,69.28194854992292,0.098225,0.4,0.85,176.52,0.256,4.714806737075617,93.03385416666669,,,3.488139534883721,88.86550045013428,0.565274,0.77,0.86,,0.485071129690848,0.8581931392971942,19.480579018592834,61.1383056640625,79.11185,15.589252,0.5549004,0.6478084325790405,0.6759423017501831,0.6478084325790405,0.8297909498214722,0.6023128032684326,0.6023128032684326,0.6759423017501831,0.8567867875099182,0.6307311058044434,0.6007755994796753,0.8539873361587524,0.8371970653533936,0.6923142075538635,0.8944056034088135,0.8210235238075256,0.4673368632793426,2.9133553504943848,0.6923142075538635,0.8917117118835449,0.8618646860122681,0.7555660009384155,0.9257481098175048,0.8828108310699463,0.500850260257721,2.9272379875183105,0.7555660009384155,0.9156016409397125,0.9048993289470673,0.5813878178596497,0.6157533526420593
germinal,original,0,,nb_s776407_mpnn_2_BHRF,11.289191502700618,80.288671875,416.45,21.55,7.9270270270270276,66.55114919398254,0.080934,0.34,0.8300000000000001,162.98,0.581,6.117982494212963,91.42520833333332,,,3.775270270270272,82.73249901665582,0.340355,0.58,0.78,,0.1039616079818269,0.8974256339974377,17.300137656075613,48.15280151367188,72.13222,15.817087,0.54408354,0.624161958694458,0.5565956830978394,0.624161958694458,0.8198051452636719,0.5752511620521545,0.5752511620521545,0.5565956830978394,0.8042879700660706,0.494672566652298,0.4880266189575195,0.8911592364311218,0.9049316048622132,0.8410603404045105,0.9036839604377748,0.8674757480621338,0.3667393326759338,1.0067684650421145,0.8290174007415771,0.8841291666030884,0.8342368602752686,0.6813100576400757,0.9348339438438416,0.8998326063156128,0.4797899723052978,2.692315101623535,0.6813100576400757,0.9032413959503174,0.8962404727935791,0.5562214851379395,0.49134959280490875
germinal,original,0,,nb_s206651_mpnn_1_BHRF,5.009758391203704,89.91932360742706,29.36,1.67,2.033333333333333,92.78471288716295,0.810633,0.89,0.89,-130.05,0.28,3.5826976032021607,95.72631944444444,,,1.7833870967741934,96.30697007612748,0.855394,0.91,0.92,,0.8664720668595662,0.8931065571537741,18.729568779468536,49.391109466552734,74.07098,15.975864,0.53522384,0.2913950085639953,0.4900025129318237,0.2913950085639953,0.6279914379119873,0.2072458863258361,0.2072458863258361,0.4900025129318237,0.7679458856582642,0.4205166399478912,0.4205166399478912,0.8717174530029297,0.9332243800163268,0.8913030624389648,0.8668211102485657,0.7787051796913147,0.3441982567310333,1.006664514541626,0.8822757005691528,0.9206716418266296,0.8491674661636353,0.8500764966011047,0.9383203983306884,0.9134290218353271,0.4799217283725738,2.475374698638916,0.7051843404769897,0.8843373954296112,0.8914444148540497,0.18717321753501892,0.41903315484523773
germinal,original,1,1.8e-07,nb_s972445_mpnn_2_BHRF,5.676188753858026,87.87388621444202,86.9,4.21,3.53953488372093,87.19062404055894,0.715671,0.84,0.87,5.55,0.258,3.364369574652778,96.2267013888889,,,2.055609756097561,96.47658464385242,0.850817,0.91,0.93,,0.850672776354819,0.8939953560396805,16.59114980697632,62.142356872558594,74.36462,14.827649,0.56291765,0.746021568775177,0.8383055329322815,0.746021568775177,0.8665149807929993,0.7158982157707214,0.7158982157707214,0.8383055329322815,0.9176123142242432,0.8184788227081299,0.8184788227081299,0.9205013513565063,0.9444694519042968,0.9136690497398376,0.9222094416618348,0.8870259523391724,0.3556819260120392,0.8286086320877075,0.9112243056297302,0.9313923716545104,0.9356642961502076,0.9112073183059692,0.9364386796951294,0.9201751351356506,0.4295524656772613,1.504255294799805,0.8980909585952759,0.9168173670768738,0.9290997087955475,0.6966589689254761,0.8111458122730255
germinal,target_shuffle,0,,nb_s413501_mpnn_3_BHRF,13.240558094495814,78.46942794759825,617.1,27.8,11.710714285714284,59.399396866768605,0.017112,0.21,0.8300000000000001,223.53,0.857,5.557823124431691,91.88817869415809,,,4.108636363636364,81.66648555446315,0.386843,0.63,0.8,,0.0825275043494554,0.8242133290028166,14.157440450456408,45.52365112304688,73.78525,14.390609,0.5539575,0.3092796802520752,0.6359551548957825,0.3092796802520752,0.6114381551742554,0.2337400466203689,0.2337400466203689,0.6359551548957825,0.809260904788971,0.5926287174224854,0.5926287174224854,0.8382862210273743,0.8313843011856079,0.6853734850883484,0.8765144348144531,0.799227237701416,0.4296666979789734,2.2079052925109863,0.6853733658790588,0.8014706969261169,0.7249495387077332,0.5038701891899109,0.8758708238601685,0.812956690788269,0.7271500825881958,6.386476516723633,0.5038701891899109,0.9102229177951813,0.9076951742172241,0.19713708758354187,0.5889652073383331
germinal,target_shuffle,0,,nb_s80903_mpnn_4_BHRF,14.402870773845372,78.8383652173913,312.74,14.57,7.075,67.39078986676397,0.00541,0.15,0.845,32.61,1.017,6.383025235885264,89.31281786941581,,,3.818000000000001,78.63344810748923,0.29664,0.54,0.76,,0.086697735182317,0.8522921507935205,15.57843976020813,54.82764053344727,75.54647,14.726948,0.5464431,0.385286808013916,0.4400652050971985,0.385286808013916,0.6698300838470459,0.3141509890556335,0.3141509890556335,0.4400652050971985,0.7152793407440186,0.3712616562843323,0.3712616562843323,0.8657771348953247,0.9132153391838074,0.8730180263519287,0.8639668822288513,0.8081433773040771,0.3566917181015014,1.1078170537948608,0.8730180263519287,0.8799760937690735,0.8646788597106934,0.759467363357544,0.91010320186615,0.8766429424285889,0.4801623821258545,2.92038631439209,0.759467363357544,0.9096477627754211,0.9086857438087463,0.30026067793369293,0.3495791256427765
germinal,target_shuffle,0,,nb_s185784_mpnn_4_BHRF,13.764128907310967,77.25476314645807,852.32,37.99,11.728125,57.805942012489616,0.006128,0.19,0.8049999999999999,302.33,0.439,5.935090634262704,88.88285223367699,,,6.954615384615384,78.34419287404707,0.440537,0.68,0.82,,0.0579304614206764,0.7976827782506232,14.309152603149414,49.47212600708008,72.37839,15.427967,0.54669845,0.2657113373279571,0.4110189080238342,0.2657113373279571,0.6025019884109497,0.1815136671066284,0.1815136671066284,0.4110189080238342,0.7085915803909302,0.3366257548332214,0.3366257548332214,0.8215212821960449,0.9127761721611024,0.8481976985931396,0.8148521780967712,0.7348020076751709,0.3816071450710296,1.6072890758514404,0.8481976985931396,0.838752269744873,0.7826170325279236,0.6069813370704651,0.8966949582099915,0.8493521213531494,0.7776275873184204,6.877243995666504,0.6041688919067383,0.8996924161911011,0.9078729450702667,0.1579565927386284,0.3270008862018585
germinal,target_shuffle,0,,nb_s465730_mpnn_4_BHRF,13.638058124018372,78.85421121251629,386.91,21.21,5.75,63.236811833077184,0.007136,0.22,0.835,70.93,0.341,5.684125246513386,89.97635738831615,,,2.698548387096774,84.1658821105957,0.490881,0.7,0.83,,0.0588010677479176,0.8208749012646621,17.590673836794767,50.66681671142578,72.86482,15.757904,0.5236143,0.4304172992706299,0.4601486921310425,0.4304172992706299,0.7187901735305786,0.3583240807056427,0.3583240807056427,0.4601486921310425,0.7255614995956421,0.3937954902648926,0.3937954902648926,0.8499059677124023,0.8947306871414185,0.8361757397651672,0.8533384799957275,0.7619563341140747,0.4111514985561371,1.4534574747085571,0.8361757397651672,0.7568714022636414,0.708366870880127,0.4765365421772003,0.8269551396369934,0.7111772298812866,0.8193141222000122,6.853239059448242,0.4765365421772003,0.9047967195510864,0.8908482193946838,0.3442123830318451,0.3766661435365677
germinal,target_shuffle,0,,nb_s892360_mpnn_4_BHRF,12.111157166306493,82.52053995680345,123.46,7.55,10.21,68.5978490346759,0.030123,0.29,0.855,-28.82,0.403,5.564367685785478,92.51398625429552,,,4.689285714285714,86.04607009887695,0.438493,0.64,0.8,,0.1125144506369927,0.8512973273902642,16.50038120481703,48.57040023803711,73.05053,15.448712,0.5396911,0.3422669768333435,0.4002777338027954,0.3422669768333435,0.6465813517570496,0.266188383102417,0.266188383102417,0.4002777338027954,0.6895912289619446,0.3279493451118469,0.3279493451118469,0.834044873714447,0.818132221698761,0.6650363206863403,0.8762969970703125,0.8203187584877014,0.4565356969833374,3.352682590484619,0.6650363206863403,0.8544467091560364,0.7744808793067932,0.6065167784690857,0.9164291620254515,0.8829560875892639,0.6123358011245728,6.6372971534729,0.5822020769119263,0.8968327641487122,0.8920184075832367,0.24116718769073486,0.3082304000854492
germinal,target_shuffle,0,,nb_s461534_mpnn_4_BHRF,9.178909082320711,84.93993037423847,169.52,9.3,6.604054054054054,73.87510637125757,0.161733,0.47,0.87,-36.95,0.232,4.172593025590156,94.70395189003436,,,2.82640625,93.52031350135805,0.680945,0.82,0.88,,0.2959531134082369,0.8665205085138301,17.840562915802003,65.89110565185547,74.46781,15.622893,0.54581416,0.3116238713264465,0.5667253732681274,0.3116238713264465,0.6278927326202393,0.2325566560029983,0.2325566560029983,0.5667253732681274,0.7979029417037964,0.5089309215545654,0.5089309215545654,0.8439178466796875,0.8537479043006897,0.7277344465255737,0.8729637265205383,0.79022216796875,0.4885838031768799,3.711765766143799,0.7277344465255737,0.9154924750328064,0.9165007472038268,0.8547215461730957,0.9306851625442504,0.895480215549469,0.3903292715549469,1.5133084058761597,0.8547215461730957,0.9201939105987549,0.9198914468288422,0.21303781121969223,0.5015877783298492
germinal,target_shuffle,0,,nb_s1683_mpnn_1_IL3,14.433173459982187,79.94281062124247,174.49,13.33,5.865217391304348,63.48661731129959,0.00565,0.16,0.815,70.21,0.455,7.072651814588572,91.82521739130436,,,2.168611111111111,81.67549991607666,0.21414,0.51,0.73,,0.0916906706605252,0.8840583252496033,25.87424921989441,54.26426696777344,53.444157,21.497467,0.4579128,0.2078326344490051,0.5718835592269897,0.2078326344490051,0.5478933453559875,0.1228174492716789,0.1228174492716789,0.5718835592269897,0.7209819555282593,0.5346089005470276,0.3717457354068756,0.8472220301628113,0.8217555284500122,0.7906565070152283,0.8613634705543518,0.7884926199913025,0.5297420024871826,2.176370620727539,0.7906565070152283,0.8342995643615723,0.7376999258995056,0.6144301295280457,0.8892669081687927,0.8386167883872986,0.7839900851249695,5.224770545959473,0.6144301295280457,0.5908449441194534,0.667084276676178,0.10532653704285622,0.4531773179769516
germinal,target_shuffle,0,,nb_s859190_mpnn_1_IL20,13.736857745757844,82.29955803571428,221.54,13.29,6.974074074074075,69.69253143209171,0.005827,0.19,0.86,38.98,0.237,4.80154977587434,94.04855123674912,,,3.3684615384615384,90.05034426985115,0.514802,0.73,0.84,,0.0736137976809758,0.8530494678110515,9.284770131111143,72.909912109375,77.52234,12.164296,0.6444689,0.3381022810935974,0.4274612069129944,0.3381022810935974,0.6325588822364807,0.2644881308078766,0.2583256065845489,0.4274612069129944,0.6764950156211853,0.3652027547359466,0.3652027547359466,0.6382541060447693,0.7172008156776428,0.5073930025100708,0.6709693670272827,0.5894442200660706,0.8505254983901978,5.756896495819092,0.4989479482173919,0.7467116713523865,0.7213929295539856,0.5328736901283264,0.8001711964607239,0.7249592542648315,0.9259551763534546,6.722048759460449,0.5328736901283264,0.9080939888954163,0.879671722650528,0.26140686869621277,0.34468699991703033
germinal,target_shuffle,0,,nb_s78562_mpnn_1_IL20,13.22376730886888,80.94660595290982,292.26,23.09,7.75,68.46889886062698,0.005565,0.2,0.8400000000000001,125.67,0.295,5.974165116308107,92.38925795053004,,,2.7808333333333333,85.30791759490967,0.323188,0.59,0.77,,0.0641229159882046,0.8769926191711583,11.253756791353226,63.42062377929688,73.3128,13.084118,0.60123146,0.3237361311912536,0.3647092580795288,0.3237361311912536,0.6199843883514404,0.2496740669012069,0.2496740669012069,0.3647092580795288,0.632235050201416,0.297827810049057,0.297827810049057,0.6657817959785461,0.7188828587532043,0.5270692110061646,0.700459897518158,0.6527187824249268,0.9131436944007874,5.982218265533447,0.5270692110061646,0.879213273525238,0.8606662154197693,0.7940096259117126,0.9005141854286194,0.8839157819747925,0.5873093008995056,2.8130433559417725,0.7940096259117126,0.8900634348392487,0.867830753326416,0.2334931418299675,0.2624494731426239
germinal,target_shuffle,0,,nb_s351880_mpnn_3_IL20,13.004597385408736,81.29412712623098,317.31,24.34,7.3675,68.14873600199338,0.007279,0.22,0.84,184.05,0.875,6.916743747580816,89.98427561837455,,,5.10975,82.22681739113547,0.250543,0.51,0.73,,0.0918678211769408,0.8936820281756066,12.02674420674642,66.42842102050781,74.668304,14.744953,0.5492645,0.3110682964324951,0.3267675042152405,0.3110682964324951,0.6314629316329956,0.2309696525335312,0.2309696525335312,0.3267675042152405,0.621640682220459,0.253049224615097,0.253049224615097,0.676907479763031,0.8225236535072327,0.7105274200439453,0.6685024499893188,0.6291463375091553,0.7113041281700134,3.656635046005249,0.7105274200439453,0.812578022480011,0.7730942368507385,0.6414855718612671,0.8553511500358582,0.8253735303878784,0.7995525598526001,4.224062442779541,0.6414855718612671,0.893026739358902,0.8841447830200195,0.22075583785772324,0.2345229536294937
germinal,target_shuffle,0,,nb_s481672_mpnn_4_IL3,11.067178053086284,79.97099492385786,577.76,25.69,11.158333333333331,63.524886135354464,0.08571,0.33,0.81,113.15,0.422,4.838840319330094,90.81600790513832,,,4.415568181818181,84.56255810759788,0.601215,0.77,0.85,,0.1959491133272653,0.8419019455789614,28.027294158935547,30.211688995361328,53.112766,21.155514,0.46677077,0.2362521886825561,0.5126549005508423,0.2362521886825561,0.5913764238357544,0.1474711298942566,0.1474711298942566,0.5126549005508423,0.711401641368866,0.4629682004451751,0.3436402082443237,0.7868805527687073,0.7653589248657227,0.5667964816093445,0.8419015407562256,0.7693849802017212,0.570848286151886,4.579184532165527,0.5667964816093445,0.8263714909553528,0.7399595379829407,0.5356388688087463,0.8990545868873596,0.8667235374450684,0.8445253372192383,7.9478759765625,0.5356388688087463,0.6173490136861801,0.6476825922727585,0.12661615014076233,0.40330420434474945
germinal,target_shuffle,0,,nb_s191527_mpnn_5_IL3,14.66104610289178,78.01721245605223,171.53,7.56,10.601219512195122,60.84443136898299,0.005954,0.17,0.815,33.57,0.555,5.88476354887594,89.23181818181818,,,6.696875,81.60743586222331,0.491727,0.71,0.8,,0.1100798732955502,0.8320440585200124,26.78178419385637,62.473758697509766,55.83847,21.393532,0.46612048,0.2292141616344452,0.5608106255531311,0.2292141616344452,0.5857744812965393,0.1400740891695022,0.1400740891695022,0.5608106255531311,0.6741212606430054,0.5324829816818237,0.3085545003414154,0.8351083993911743,0.8701261878013611,0.8090323209762573,0.8416274189949036,0.7549384236335754,0.4556921124458313,2.1715316772460938,0.8090323209762573,0.8953220248222351,0.836051344871521,0.7651703357696533,0.9278600215911864,0.9093910455703736,0.5656532049179077,2.6892619132995605,0.7651703357696533,0.6136771887540817,0.6448540687561035,0.12271237373352051,0.42051874101161957
germinal,target_shuffle,0,,nb_s491148_mpnn_3_IL20,10.446772965076352,83.41748655913977,138.93,13.46,6.446428571428571,73.94235735748066,0.088467,0.45,0.855,7.76,0.261,4.51838392288579,94.76798586572438,,,2.7325,93.04999923706056,0.662919,0.82,0.87,,0.314309550151269,0.8649308971059539,11.85030460357666,63.88519287109375,74.54108,13.715107,0.58069646,0.5985785722732544,0.4116772413253784,0.5985785722732544,0.7734267115592957,0.5548665523529053,0.5309823155403137,0.4116772413253784,0.6780739426612854,0.3450780510902405,0.3450780510902405,0.5949703454971313,0.6077990531921387,0.3133582770824432,0.6653733253479004,0.6035929918289185,1.2321960926055908,7.257925510406494,0.2648665606975555,0.830622136592865,0.811341404914856,0.7148334383964539,0.8595693111419678,0.8369277715682983,0.7392387390136719,3.679279804229736,0.7148334383964539,0.9049481451511383,0.8994245827198029,0.5429244339466095,0.3217413127422333
germinal,target_shuffle,0,,nb_s745346_mpnn_4_BHRF,11.799440252240762,78.03894218415417,656.11,26.77,8.251315789473685,61.96074301481066,0.05638,0.33,0.815,147.54,0.361,6.338836102549569,88.88367697594502,,,4.392424242424243,80.35525016784668,0.367984,0.64,0.8,,0.1061545540246841,0.8434575206181464,15.94351589679718,45.27008819580078,71.93243,15.611794,0.5391923,0.2669074237346649,0.4006469845771789,0.2669074237346649,0.6066514849662781,0.1819713860750198,0.1819713860750198,0.4006469845771789,0.7021368145942688,0.3252745270729065,0.3252745270729065,0.7418888211250305,0.670818030834198,0.3910372257232666,0.8296017050743103,0.7609968781471252,0.6168718934059143,6.508415699005127,0.3732428252696991,0.7269136309623718,0.6581440567970276,0.3605921268463135,0.8184940218925476,0.7179277539253235,0.7813273072242737,7.341482639312744,0.3505590558052063,0.8862069249153137,0.8884734809398651,0.16165217012166977,0.3152085840702057
germinal,target_shuffle,0,,nb_s878765_mpnn_1_IL20,14.645174743098302,81.28449508489723,338.75,22.83,7.021153846153847,70.65894222904784,0.005738,0.17,0.85,-13.6,0.401,6.116084481014871,93.43466431095406,,,3.552272727272727,85.31260847008747,0.294457,0.56,0.76,,0.0896743749185387,0.8866584762900399,14.054764906565348,63.73222732543945,74.07318,14.249324,0.556021,0.3092571794986725,0.7147418856620789,0.3092571794986725,0.6064906120300293,0.2349487990140915,0.2349487990140915,0.7147418856620789,0.8566445112228394,0.6792662143707275,0.6519057750701904,0.5855667591094971,0.6141104698181152,0.3110157549381256,0.6542044878005981,0.6046685576438904,1.2072190046310425,7.126462936401367,0.2658900618553161,0.8388147354125977,0.7724025845527649,0.6755068302154541,0.8796417713165283,0.8505043983459473,0.7514680027961731,4.167917728424072,0.6755068302154541,0.9080963432788849,0.9134961366653442,0.20972535759210587,0.665585994720459
germinal,target_shuffle,0,,nb_s185784_mpnn_5_BHRF,6.68990092228481,86.93395389299695,145.37,8.41,7.271875,82.99195972308195,0.489602,0.76,0.865,-86.08,0.28,4.004252902067759,94.67646048109964,,,3.55296875,94.4516126571163,0.768704,0.88,0.91,,0.8289697327790994,0.881781421575954,15.133330583572388,50.87765121459961,72.38668,15.705707,0.5441842,0.2761258780956268,0.4660686254501343,0.2761258780956268,0.6120012998580933,0.1921570003032684,0.1921570003032684,0.4660686254501343,0.7210840582847595,0.4023147225379944,0.4023147225379944,0.8006696105003357,0.8120235800743103,0.6648878455162048,0.8346150517463684,0.7761980891227722,0.5422750115394592,4.092620372772217,0.6648878455162048,0.8688148856163025,0.8054402470588684,0.6975787281990051,0.9116238355636596,0.886366069316864,0.6087530255317688,5.691028118133545,0.6975787281990051,0.8984764814376831,0.8926877975463867,0.17170506715774536,0.3861715644598007
germinal,target_shuffle,0,,nb_s166775_mpnn_1_BHRF,14.21538597796436,78.95304856895055,351.96,17.97,10.93611111111111,65.53498830748798,0.006047,0.18,0.835,3.34,1.135,6.243689729691431,89.41756013745704,,,4.778269230769231,76.50485044537169,0.335117,0.57,0.77,,0.1275898512276136,0.8591384751932747,15.57649540901184,48.32194900512695,72.903824,15.632311,0.53081095,0.4228273034095764,0.3835732936859131,0.4228273034095764,0.7229695320129395,0.3477917611598968,0.3477917611598968,0.3835732936859131,0.7028278708457947,0.3037596642971039,0.3037596642971039,0.7951161861419678,0.7457268238067627,0.5152183175086975,0.8650906682014465,0.7894085645675659,0.5587378740310669,4.822067737579346,0.5003383159637451,0.7690296769142151,0.6610244512557983,0.4014604687690735,0.8609219789505005,0.7853310108184814,0.8499104976654053,8.565537452697754,0.3997982740402221,0.8941487967967987,0.8969467282295227,0.341553270816803,0.3028471916913986
germinal,target_shuffle,0,,nb_s887286_mpnn_2_IL20,11.631953202062707,83.32718073353954,219.87,15.78,8.239285714285716,71.25996634887397,0.042895,0.33,0.86,64.12,1.12,5.694665434703891,92.76561837455831,,,4.968793103448276,84.30107116699219,0.386661,0.66,0.8,,0.115008180267694,0.8630607112518124,7.618373934427897,66.37013244628906,73.11871,11.664831,0.6747534,0.2985575795173645,0.4054864048957824,0.2985575795173645,0.6112520694732666,0.2203839570283889,0.2203839570283889,0.4054864048957824,0.6693364381790161,0.3395238816738128,0.3395238816738128,0.5546866059303284,0.5825567245483398,0.2688837647438049,0.6261373162269592,0.6117578744888306,1.4558353424072266,7.160696029663086,0.2645262777805328,0.773125171661377,0.6894707083702087,0.5243902206420898,0.8353089094161987,0.8145817518234253,1.114360213279724,6.333212375640869,0.5243902206420898,0.8745198845863342,0.853600025177002,0.21283327043056488,0.32792916893959045
germinal,target_shuffle,0,,nb_s829439_mpnn_1_IL3,12.28800949866425,79.59601605619667,382.3,17.08,6.84375,61.47825950086034,0.032107,0.31,0.8200000000000001,139.67,0.229,5.485689981096408,89.80185770750988,,,3.59159574468085,81.42520848910014,0.479943,0.7,0.81,,0.1663126604997795,0.844122248181528,26.6780014038086,58.90473937988281,53.8373,21.342552,0.46006393,0.2213742434978485,0.7334399223327637,0.2213742434978485,0.5686442852020264,0.1345567256212234,0.1345567256212234,0.7334399223327637,0.7542392015457153,0.7282400727272034,0.4406343698501587,0.7856245040893555,0.8736196756362915,0.7881630659103394,0.7849898934364319,0.6832592487335205,0.4362167418003082,1.7510180473327637,0.7804018259048462,0.7816768288612366,0.7169115543365479,0.52891606092453,0.8448669910430908,0.7516270875930786,0.7191336154937744,4.961619377136231,0.52891606092453,0.6003901362419128,0.7136165201663971,0.12623709067702293,0.584437221288681
germinal,target_shuffle,0,,nb_s1683_mpnn_2_IL20,15.051713718488184,77.70780411449016,252.0,12.23,11.930555555555555,65.16274919379696,0.0,0.14,0.825,89.23,0.538,8.159523530072793,86.41137809187279,,,8.811666666666666,74.89580609721523,0.172419,0.46,0.71,,0.0963542236025133,0.846041185315865,14.884786128997805,61.07749557495117,71.87727,15.220741,0.5427538,0.249881625175476,0.3424622118473053,0.249881625175476,0.5849654674530029,0.1661106497049331,0.1661106497049331,0.3424622118473053,0.6208993792533875,0.2728528976440429,0.2728528976440429,0.5539023280143738,0.5630536079406738,0.2479015439748764,0.6304025650024414,0.5615987181663513,1.266692876815796,8.146283149719238,0.2371144145727157,0.7150890827178955,0.6844263076782227,0.4790098071098327,0.77410888671875,0.7066285014152527,1.0347923040390017,6.321354389190674,0.4790098071098327,0.8703984320163727,0.8481474816799164,0.15058888494968414,0.24842756986618042
germinal,target_shuffle,0,,nb_s771573_mpnn_5_BHRF,7.719566372621956,86.59360770577935,23.2,1.57,5.105172413793103,83.70779453958586,0.315076,0.65,0.87,-123.88,0.211,4.119184468771035,94.73512027491408,,,2.6041071428571425,93.12571552821568,0.719798,0.83,0.88,,0.8095464323089082,0.8774231102744733,19.59274101257324,52.394004821777344,74.47321,16.663198,0.5141605,0.2819733619689941,0.5148882865905762,0.2819733619689941,0.616344153881073,0.1983806639909744,0.1983806639909744,0.5148882865905762,0.7773072123527527,0.4492835104465484,0.4476622939109802,0.7893779277801514,0.6722001433372498,0.3672780394554138,0.8949028849601746,0.8182389140129089,0.6279999017715454,7.454079627990723,0.3336664736270904,0.8084127306938171,0.7006389498710632,0.447659969329834,0.8986008763313293,0.8338345885276794,0.817726731300354,8.886248588562012,0.447659969329834,0.903822511434555,0.9062817990779877,0.17592397332191467,0.44847290217876434
germinal,target_shuffle,0,,nb_s78562_mpnn_2_IL20,12.9790845184732,83.1051286601597,103.21,8.52,5.368,71.82752740570781,0.005849,0.23,0.855,57.79,0.534,5.9127323352770045,93.2160777385159,,,2.309230769230769,88.77760040283204,0.38645,0.66,0.79,,0.0879231607580521,0.8544746551292426,12.31982736154036,56.93817138671875,72.89249,13.368489,0.59267783,0.4648275971412658,0.6681692004203796,0.4648275971412658,0.6871194243431091,0.409254640340805,0.3445696234703064,0.6681692004203796,0.8139657974243164,0.6317200064659119,0.6317200064659119,0.681134819984436,0.7186787128448486,0.5443463325500488,0.7153319120407104,0.6897011995315552,0.9242037534713744,6.088886737823486,0.5443463325500488,0.8284288644790649,0.768951952457428,0.6509109735488892,0.8728082776069641,0.8713296055793762,0.9083277583122252,4.67548418045044,0.6509109735488892,0.900321900844574,0.9061226844787598,0.3769121319055557,0.6024046540260315
germinal,target_shuffle,0,,nb_s885633_mpnn_2_IL3,13.687887640800511,78.84021543086172,203.53,15.09,5.85625,63.76108101394786,0.00589,0.2,0.81,43.89,0.286,6.096265212704463,91.28782608695651,,,1.9377083333333327,82.54840118408202,0.309382,0.57,0.76,,0.0711113203444818,0.840010563396286,24.62665843963623,46.50924301147461,54.242565,21.400146,0.46056998,0.2567322850227356,0.4357404708862304,0.2567322850227356,0.5959203243255615,0.1719352751970291,0.1562899053096771,0.4357404708862304,0.7060016393661499,0.3681751489639282,0.3233962059020996,0.7537232041358948,0.6489706039428711,0.3491296172142029,0.8548715710639954,0.7829150557518005,0.7068544626235962,7.622462749481201,0.2804434299468994,0.895382821559906,0.8506592512130737,0.7289374470710754,0.9369940757751464,0.9143994450569152,0.4734770953655243,2.9339778423309326,0.7289374470710754,0.6206122040748596,0.642489418387413,0.16411259025335312,0.3457856774330139
germinal,target_shuffle,0,,nb_s319551_mpnn_2_BHRF,14.287823714882911,79.09355497609735,399.39,27.58,15.236,59.60124987980472,0.005636,0.18,0.8300000000000001,120.74,1.131,7.379633329790626,89.25398625429554,,,8.62952380952381,72.69913068025008,0.237348,0.51,0.75,,0.0725784272324643,0.8328717218544804,15.885492188589913,51.338809967041016,72.38907,15.213276,0.5455345,0.249320238828659,0.5534321665763855,0.249320238828659,0.5954146981239319,0.1627966165542602,0.1627966165542602,0.5534321665763855,0.7845388054847717,0.4956555068492889,0.4956555068492889,0.8680762648582458,0.8649339079856873,0.7602835297584534,0.8950243592262268,0.8312073349952698,0.4362528622150421,2.2387008666992188,0.7602835297584534,0.8555264472961426,0.7472231388092041,0.5342916250228882,0.9358351826667786,0.9040358662605286,0.7131398320198059,5.731019496917725,0.5303587317466736,0.9052784144878387,0.9140342175960541,0.14066541194915771,0.4806986600160599
germinal,target_shuffle,0,,nb_s416874_mpnn_3_IL20,12.705321579742536,80.88686379928315,123.71,7.64,10.273214285714284,71.80263408547061,0.01728,0.24,0.835,62.34,0.609,6.037120578356578,90.54462897526504,,,5.349318181818182,82.62041632334392,0.371898,0.63,0.8,,0.076952222881282,0.8664897813108549,13.093811443873816,65.22034454345703,72.908844,14.625715,0.54803944,0.3002864122390747,0.4722252190113067,0.3002864122390747,0.6251248121261597,0.2190768122673034,0.2190768122673034,0.4722252190113067,0.7244194746017456,0.4091766476631164,0.4091766476631164,0.6234047412872314,0.6521663665771484,0.4115379750728607,0.6763714551925659,0.6518771052360535,1.187794804573059,7.561530590057373,0.4115379750728607,0.90238755941391,0.8291628956794739,0.7752359509468079,0.934175431728363,0.9323843121528624,0.7031213641166687,2.9178626537323,0.7752359509468079,0.8940182030200958,0.8967291116714478,0.2118925154209137,0.38855689764022827
germinal,target_shuffle,0,,nb_s286378_mpnn_1_IL3,12.550010154821978,81.01683417085427,461.23,19.0,3.992105263157895,70.96257132425968,0.149494,0.51,0.8200000000000001,173.51,0.5,6.101040166226624,89.98035573122529,,,2.466666666666667,84.60249909487638,0.602022,0.79,0.78,,0.4668892042802192,0.881614985759785,25.37160015106201,39.185848236083984,51.70743,21.548979,0.4552312,0.4415033459663391,0.4266331195831299,0.4415033459663391,0.6393452882766724,0.3920428454875946,0.2204860150814056,0.4266331195831299,0.6556279063224792,0.3693844079971313,0.2503762245178222,0.7629575133323669,0.6454446911811829,0.4338749349117279,0.8452281355857849,0.7408290505409241,0.9357274174690248,7.280139923095703,0.4338749349117279,0.8499761819839478,0.7509200572967529,0.6882786750793457,0.8904005289077759,0.8354073762893677,0.6307297348976135,3.6820805072784415,0.6882786750793457,0.6206242740154266,0.6169931888580322,0.3062644302845001,0.3098803162574768
germinal,target_shuffle,0,,nb_s378562_mpnn_3_IL20,14.617745258400031,81.32265297007594,429.41,31.83,10.506000000000002,65.64116828013864,0.005715,0.15,0.85,48.43,0.579,7.768365193721984,90.06367491166078,,,7.442708333333333,77.00000031789143,0.194382,0.51,0.74,,0.0986035137352732,0.9001620101151155,9.958858052889504,61.343994140625,72.81204,13.299105,0.60263145,0.3741241097450256,0.3710222244262695,0.3741241097450256,0.6551573872566223,0.3038657903671264,0.3038657903671264,0.3710222244262695,0.6342636346817017,0.3052118718624115,0.3052118718624115,0.646108090877533,0.7197696566581726,0.5274103879928589,0.6757824420928955,0.6072331666946411,0.8422052264213562,5.212432861328125,0.4851230680942535,0.7946454882621765,0.750148355960846,0.5991324782371521,0.8435237407684326,0.7845127582550049,0.7968955636024475,4.1479010581970215,0.5991324782371521,0.9002524018287659,0.8828421831130981,0.29932381212711334,0.2752554789185524
germinal,target_shuffle,0,,nb_s878765_mpnn_2_BHRF,13.557121432198487,79.80121357111788,238.84,12.59,7.760256410256411,65.73970366006307,0.006434,0.19,0.84,45.95,1.142,7.120951216919972,89.82405498281788,,,3.878833333333333,78.67161338560042,0.238128,0.49,0.73,,0.0805313556097863,0.8753748113180947,18.261433919270832,49.07394027709961,74.95061,16.20906,0.52525073,0.2731946408748626,0.3379337787628174,0.2731946408748626,0.6106528043746948,0.1888300776481628,0.1888300776481628,0.3379337787628174,0.6515385508537292,0.2595325708389282,0.2595325708389282,0.8512396812438965,0.8441986441612244,0.7222594618797302,0.8834847211837769,0.8055452704429626,0.4356527030467987,2.5927138328552246,0.7222594618797302,0.8102836012840271,0.7769493460655212,0.5658013224601746,0.8714041709899902,0.7814037799835205,0.5696043372154236,5.621544361114502,0.5658013224601746,0.911428689956665,0.9103325009346008,0.169696643948555,0.23704539239406586
germinal,target_shuffle,0,,nb_s53820_mpnn_1_IL3,10.53834460778953,81.32952692501259,124.67,6.11,7.436666666666667,68.6975742299374,0.108216,0.43,0.825,-35.15,0.298,4.50567623302973,92.91956521739132,,,3.928170731707317,89.35894775390625,0.656051,0.8,0.87,,0.3834785514666783,0.8626898813910278,27.063494205474854,41.72232055664063,54.12011,21.430529,0.46331358,0.2513068914413452,0.3212648928165436,0.2513068914413452,0.5973032712936401,0.1648078113794326,0.1648078113794326,0.3212648928165436,0.6457995772361755,0.2401312291622162,0.2401312291622162,0.7789174318313599,0.7404487729072571,0.505588173866272,0.8472496867179871,0.7641399502754211,0.5755216479301453,4.511026382446289,0.4786369502544403,0.8015567660331726,0.7466155290603638,0.535209059715271,0.8681436777114868,0.7970401048660278,0.7749937772750854,6.775782108306885,0.5285446047782898,0.6221897304058075,0.6291241496801376,0.15350587666034698,0.23318222165107727
germinal,target_shuffle,0,,nb_s166775_mpnn_5_IL20,14.875342431544906,80.11540035587188,384.07,22.58,6.846296296296296,67.53286900063901,0.0054,0.14,0.85,264.76,0.598,6.006752987301627,91.59763250883393,,,3.5665,81.0200001852853,0.310269,0.57,0.77,,0.0781878889849411,0.8784691012866384,13.081266749988902,66.19332885742188,73.0252,14.687769,0.5466184,0.6151343584060669,0.4332402348518371,0.6151343584060669,0.7313832640647888,0.5860720872879028,0.5860720872879028,0.4332402348518371,0.7137499451637268,0.3631128072738647,0.3449915647506714,0.5816174745559692,0.6338820457458496,0.3466169238090515,0.6403675675392151,0.5978301167488098,1.0783368349075315,7.395366191864014,0.2915253043174743,0.7337727546691895,0.6709458827972412,0.418487936258316,0.812593936920166,0.7691033482551575,0.9571980834007264,7.441657066345215,0.3886110782623291,0.8983953595161438,0.9035396575927734,0.5032595992088318,0.35405218601226807
germinal,target_shuffle,0,,nb_s887286_mpnn_4_BHRF,10.626778143857535,81.25899398108339,235.04,15.37,8.433823529411764,73.31038316689933,0.176465,0.49,0.825,40.35,1.213,4.981290372102359,93.2819587628866,,,4.140892857142857,89.9561302431168,0.605947,0.76,0.84,,0.2931350629651259,0.8640210043558959,16.13714635372162,47.60882568359375,71.99066,15.826306,0.53462666,0.2821834981441498,0.4706980884075165,0.2821834981441498,0.616779625415802,0.1985344588756561,0.1985344588756561,0.4706980884075165,0.7524257898330688,0.4002661406993866,0.4002661406993866,0.8681970834732056,0.9061535000801086,0.8357079029083252,0.876319408416748,0.7873277068138123,0.3873637020587921,1.5509487390518188,0.8357079029083252,0.8538458943367004,0.8308451771736145,0.6959009766578674,0.8933321237564087,0.8231722712516785,0.5684154033660889,3.349673271179199,0.6959009766578674,0.8719819784164429,0.8952255845069885,0.18398700654506683,0.39646100997924805
germinal,target_shuffle,0,,nb_s829439_mpnn_5_BHRF,13.655633495116968,78.4867695652174,196.99,9.5,12.123529411764707,64.44166317233449,0.006005,0.19,0.8300000000000001,-45.35,0.239,5.129922178528831,91.68666666666668,,,4.4143103448275856,84.29999983938117,0.466944,0.69,0.83,,0.0628595041360896,0.8282414864686715,16.569693565368652,64.18742370605469,73.37386,16.510405,0.5262321,0.2922298908233642,0.5577716827392578,0.2922298908233642,0.6285096406936646,0.2081599235534668,0.2081599235534668,0.5577716827392578,0.7860085964202881,0.5007124543190002,0.5007124543190002,0.8393399119377136,0.8860688805580139,0.8086228966712952,0.8470191359519958,0.763438880443573,0.4196636974811554,1.8755871057510376,0.8086228966712952,0.8153116106987,0.7617736458778381,0.5530990958213806,0.8808647990226746,0.8066778779029846,0.7144939303398132,5.541943550109863,0.5530990958213806,0.8967235088348389,0.90230593085289,0.19589710980653763,0.4978778213262558
germinal,target_shuffle,0,,nb_s202316_mpnn_2_IL3,13.353259697854988,79.60012121212121,485.35,30.24,6.665217391304348,61.85964258971285,0.006,0.19,0.815,204.25,1.032,6.928219312909122,88.37687747035572,,,4.2976,76.84448255341628,0.264645,0.51,0.72,,0.0985939053798899,0.8774722612118274,24.619637489318848,66.44385528564453,55.3546,20.896372,0.47910544,0.2217795699834823,0.316104918718338,0.2217795699834823,0.5767129063606262,0.1330462396144867,0.1330462396144867,0.316104918718338,0.618377149105072,0.2405368685722351,0.1937620937824249,0.8108693957328796,0.8537955284118652,0.7586271166801453,0.823930025100708,0.7483355402946472,0.4760442674160003,2.692283868789673,0.7586271166801453,0.8019399642944336,0.7450939416885376,0.5336210131645203,0.8690197467803955,0.7947596907615662,0.7739582657814026,7.145650386810303,0.5336210131645203,0.6105496883392334,0.6139975339174271,0.11476026475429535,0.21714948117733002
germinal,target_shuffle,0,,nb_s850749_mpnn_1_IL3,12.934445156149916,80.72196491228071,319.25,20.59,5.588461538461539,64.57414417757674,0.019613,0.22,0.825,114.25,0.882,6.861823962255308,88.90276679841898,,,3.0905555555555555,80.20958391825359,0.302161,0.62,0.77,,0.0942921637194599,0.8663532819406943,28.2702054977417,40.28899383544922,52.961525,21.18274,0.4672737,0.2211436331272125,0.4182652533054352,0.2211436331272125,0.5741954445838928,0.1328806728124618,0.1328806728124618,0.4182652533054352,0.6567156314849854,0.358652651309967,0.2572053372859955,0.7752706408500671,0.7355148196220398,0.5087792277336121,0.8418934941291809,0.7580534815788269,0.7071499824523926,5.983678340911865,0.5087792277336121,0.8957002758979797,0.8538674116134644,0.7512149810791016,0.931821584701538,0.8980679512023926,0.4786750972270965,2.7349002361297607,0.7281333804130554,0.6059330254793167,0.6117649078369141,0.11283363029360771,0.30792899429798126
germinal,target_shuffle,0,,nb_s494235_mpnn_5_IL20,12.304402602105158,81.80575446428571,510.13,32.17,3.848148148148149,72.56960984599932,0.012392,0.26,0.845,236.07,2.912,6.755834883691893,91.02229681978798,,,1.9434482758620693,84.32482831231479,0.249485,0.54,0.74,,0.0954024699808508,0.8977174589160591,13.63593833586749,59.90055465698242,72.86866,13.614395,0.57122445,0.3135475516319275,0.3980934619903564,0.3135475516319275,0.6199907064437866,0.2369367480278015,0.2369367480278015,0.3980934619903564,0.6823626756668091,0.3270261287689209,0.3270261287689209,0.5834242701530457,0.6537535786628723,0.4340963661670685,0.620756208896637,0.5505255460739136,1.1216925382614136,7.43024206161499,0.4340963661670685,0.8005272746086121,0.7682005167007446,0.6118755340576172,0.847690224647522,0.7973150014877319,0.8563576936721802,4.18329668045044,0.6118755340576172,0.9007649123668671,0.9014860093593597,0.22185640037059784,0.3130103200674057
germinal,target_shuffle,0,,nb_s731266_mpnn_5_IL3,13.988845318627066,79.8132693279434,209.08,14.58,4.419565217391304,65.19396053051787,0.013802,0.28,0.815,23.68,0.347,6.55650939711603,90.70245059288538,,,2.734047619047619,85.54043545930281,0.407926,0.66,0.75,,0.090501230903821,0.8462712772709993,28.374077796936035,42.84141540527344,53.16914,21.295877,0.4631471,0.619463324546814,0.444469004869461,0.619463324546814,0.6889476180076599,0.6020922660827637,0.3349884450435638,0.444469004869461,0.6249788403511047,0.3993415534496307,0.2040566205978393,0.8259954452514648,0.8633740544319153,0.8009386658668518,0.8322595953941345,0.7642411589622498,0.4630473554134369,2.3754079341888428,0.8009386658668518,0.8860875368118286,0.8426397442817688,0.7504352331161499,0.9200005531311036,0.8953616619110107,0.5548917055130005,3.019509077072144,0.7504352331161499,0.6575075089931488,0.6218009442090988,0.46854035556316376,0.30169908702373505
germinal,target_shuffle,0,,nb_s908222_mpnn_5_IL3,13.546634067084316,79.43087393269714,188.07,10.3,6.181666666666668,63.43448042290054,0.011344,0.21,0.8200000000000001,65.43,0.653,5.412202346545016,90.41577075098814,,,2.602222222222222,83.62714320591517,0.519684,0.73,0.83,,0.0626300343201165,0.8463203379710735,28.61120986938477,40.704715728759766,53.675396,21.080688,0.46897003,0.2508936524391174,0.4278194308280945,0.2508936524391174,0.5990375280380249,0.1638576984405517,0.1633367240428924,0.4278194308280945,0.6858782172203064,0.3633047044277191,0.2916700839996338,0.7570714950561523,0.6241356730461121,0.2732334733009338,0.8780310153961182,0.8123963475227356,0.851248025894165,8.77742862701416,0.2221264690160751,0.9190756678581238,0.8663960695266724,0.7614079713821411,0.9584925770759584,0.945191502571106,0.5127454996109009,3.7384419441223145,0.7614079713821411,0.6144155263900757,0.6415048390626907,0.1635972112417221,0.32748739421367645
germinal,target_shuffle,0,,nb_s893078_mpnn_5_IL20,14.617649115359162,75.56304057066428,749.82,25.6,11.874999999999998,56.83804632932375,0.005755,0.17,0.795,502.92,0.854,6.691985291363359,87.47575971731449,,,4.398679245283018,76.2099991551152,0.33411,0.57,0.73,,0.0977574446415363,0.8270729655867055,12.796125173568726,64.90869903564453,73.22438,14.534185,0.54980767,0.2956404685974121,0.5080713033676147,0.2956404685974121,0.6047961711883545,0.2183515131473541,0.2183515131473541,0.5080713033676147,0.738506555557251,0.4504624605178833,0.4504624605178833,0.5565637946128845,0.6113150715827942,0.3674893379211426,0.6038323640823364,0.5495096445083618,1.5110222101211548,7.326014995574951,0.3674893379211426,0.8334331512451172,0.838552713394165,0.7350232601165771,0.8580355644226074,0.8279373645782471,0.7825126051902771,3.120745182037353,0.7105101943016052,0.8815102875232697,0.8724402189254761,0.20550128817558289,0.4395456612110138
germinal,target_shuffle,0,,nb_s286378_mpnn_3_BHRF,13.562456749447923,81.27501525054467,215.11,11.47,10.5140625,64.46894898523453,0.006434,0.22,0.85,-32.58,0.571,6.164714753014254,90.40807560137458,,,5.208928571428572,78.25866737365723,0.368337,0.58,0.77,,0.1451609074999225,0.9013670358021167,16.835428873697918,49.25807571411133,74.86933,15.160358,0.520538,0.4285658597946167,0.5696234703063965,0.4285658597946167,0.7231783270835876,0.3549127280712127,0.3549127280712127,0.5696234703063965,0.7715345025062561,0.519145667552948,0.519145667552948,0.848479688167572,0.8336737751960754,0.7417240738868713,0.8751685619354248,0.8113501071929932,0.4559777379035949,2.469951868057251,0.7256959080696106,0.843873918056488,0.7726060748100281,0.6294451951980591,0.8974810838699341,0.8421472311019897,0.6340537071228027,6.046396255493164,0.5874899625778198,0.9121351540088654,0.9035940170288086,0.3477351665496826,0.4890487790107727
germinal,target_shuffle,0,,nb_s817878_mpnn_1_BHRF,14.198431761552175,77.4274098218166,499.62,29.99,9.17741935483871,59.30304671831576,0.007533,0.19,0.815,148.35,1.68,9.587678936243078,86.7624054982818,,,5.75142857142857,72.59666633605957,0.099997,0.37,0.68,,0.1104374877413055,0.8328717218544804,18.11222062792097,61.507808685302734,79.5744,15.16504,0.5712224,0.3540142178535461,0.4002149105072021,0.3540142178535461,0.6528117060661316,0.2793148458003998,0.2793148458003998,0.4002149105072021,0.6911571025848389,0.3274793624877929,0.3274793624877929,0.7800431847572327,0.7441651821136475,0.5332078337669373,0.8417519927024841,0.7428845763206482,0.5663930773735046,4.887265682220459,0.5156245827674866,0.7561352252960205,0.7133650779724121,0.4685965180397033,0.828019917011261,0.7284148931503296,0.7656079530715942,8.192216873168945,0.4510550498962402,0.9067984521389008,0.9038036167621613,0.2605002745985985,0.3109152466058731
germinal,target_shuffle,0,,nb_s759449_mpnn_1_IL3,10.451406833414053,82.5892663316583,329.35,19.21,3.785294117647058,66.78883870159973,0.117708,0.43,0.835,28.19,0.32,5.6909339311659295,90.18256916996047,,,2.593965517241379,81.42645214449975,0.465585,0.72,0.81,,0.0939606444621989,0.8598826291309166,26.039758682250977,59.813087463378906,53.50685,21.183899,0.46563524,0.704297661781311,0.544566810131073,0.704297661781311,0.7189993858337402,0.7006222009658813,0.3723814189434051,0.544566810131073,0.7220451831817627,0.500197172164917,0.3723553419113159,0.8517397046089172,0.9024668335914612,0.8765286803245544,0.8455424308776855,0.7863030433654785,0.385786235332489,1.1906418800354004,0.8564996123313904,0.807797908782959,0.718905508518219,0.5161868929862976,0.8807006478309631,0.821862518787384,0.8136556148529053,6.290735244750977,0.5064597725868225,0.6576016247272491,0.6730912923812866,0.5365018099546432,0.43627625703811646
germinal,target_shuffle,0,,nb_s53820_mpnn_2_BHRF,10.606021421570365,82.29686573670445,373.11,16.22,7.002222222222223,69.95003400938393,0.116424,0.42,0.845,37.94,0.21,4.680591868305759,92.43659793814436,,,4.183829787234043,87.15673516721142,0.642804,0.82,0.89,,0.3126042874545853,0.8581931392971942,20.432504812876385,45.18191146850586,72.873825,16.300556,0.5148053,0.3245552182197571,0.3823427855968475,0.3245552182197571,0.6364645957946777,0.2465778887271881,0.2465778887271881,0.3823427855968475,0.6856922507286072,0.306505411863327,0.306505411863327,0.8460065126419067,0.8646240234375,0.7599053382873535,0.8675317764282227,0.7995050549507141,0.4757356643676758,2.723205804824829,0.7599053382873535,0.8931774497032166,0.8846393823623657,0.8238606452941895,0.910506546497345,0.8819151520729065,0.5638372302055359,3.01716947555542,0.8238606452941895,0.8961026072502136,0.8982900381088257,0.23080598562955856,0.2924746125936508
germinal,target_shuffle,0,,nb_s919455_mpnn_1_BHRF,14.596170333368756,80.05665788317962,310.39,19.15,10.9,63.94433328908801,0.0,0.16,0.845,90.44,0.828,6.676978070641583,90.47096219931272,,,5.963863636363636,78.74964196341378,0.276732,0.54,0.76,,0.0845840385883367,0.8785498558145212,16.455710411071777,54.0710334777832,73.572296,14.952634,0.5458004,0.2957348227500915,0.4991668462753296,0.2957348227500915,0.6186473965644836,0.2150066941976547,0.2150066941976547,0.4991668462753296,0.7526835203170776,0.4357877075672149,0.4357877075672149,0.8409892320632935,0.8595873713493347,0.7760286331176758,0.8572293519973755,0.7833753824234009,0.4155048131942749,2.250717163085937,0.7760286331176758,0.8323785066604614,0.7572197318077087,0.5592219829559326,0.9006676077842712,0.8566046357154846,0.7387222647666931,6.329082489013672,0.5592219829559326,0.9122101366519928,0.9159155488014221,0.18945841491222382,0.42399169504642487
germinal,target_shuffle,0,,nb_s926337_mpnn_1_IL3,13.44652783202362,80.08146169354839,542.01,38.51,8.336538461538462,61.02484597971716,0.00625,0.19,0.83,123.08,0.403,7.8157399740661475,89.17395256916997,,,4.52304347826087,74.87190537225632,0.17189,0.44,0.69,,0.0785480506797267,0.8774722612118274,25.998740832010903,58.97478485107422,55.97608,21.375547,0.46291962,0.2290685176849365,0.3429380059242248,0.2290685176849365,0.5864052772521973,0.1397343277931213,0.1397343277931213,0.3429380059242248,0.6698181629180908,0.2612179517745971,0.2612179517745971,0.7562296390533447,0.618229866027832,0.2530035972595215,0.8820361495018005,0.8281970620155334,0.8495923280715942,7.798346996307373,0.1835240721702575,0.8337158560752869,0.733363687992096,0.5209763050079346,0.911900758743286,0.8905613422393799,0.7106685638427734,6.222811698913574,0.4792913496494293,0.6091994643211365,0.6493996530771255,0.12403159961104393,0.2595612108707428
germinal,target_shuffle,0,,nb_s299161_mpnn_2_BHRF,11.291937979003556,80.46801480191554,120.06,11.05,9.802083333333334,72.75065484327797,0.099148,0.38,0.825,-26.08,0.197,5.53639305157001,93.68453608247422,,,4.236428571428571,90.8576191493443,0.440395,0.73,0.84,,0.2026961779988198,0.8587807144707308,20.571910858154297,65.06770324707031,73.78247,16.836304,0.52019763,0.3355745673179626,0.4071701467037201,0.3355745673179626,0.6392073631286621,0.2596663534641266,0.2596663534641266,0.4071701467037201,0.6816154718399048,0.3385587930679321,0.3385587930679321,0.8869457244873047,0.9072402715682985,0.8455865383148193,0.8972854614257812,0.8326512575149536,0.3636992573738098,1.40538489818573,0.8455865383148193,0.8971660733222961,0.8465406894683838,0.7137249112129211,0.9430263042449952,0.9088309407234192,0.5587279796600342,4.651228427886963,0.7137249112129211,0.9107170403003693,0.9153326749801636,0.23675228655338287,0.30351363122463226
germinal,target_shuffle,0,,nb_s202316_mpnn_3_IL20,14.141053078450224,81.46076784912438,400.11,27.72,4.864583333333333,65.49752541104161,0.0,0.16,0.85,143.95,0.417,5.640519047559589,93.27402826855123,,,2.5290740740740745,86.11107090541294,0.355995,0.61,0.78,,0.103589054904269,0.8595496363625348,12.134788314501444,71.07434844970703,75.2097,13.535516,0.59536153,0.2547188401222229,0.4069985151290893,0.2547188401222229,0.5827099084854126,0.1727210730314254,0.1727210730314254,0.4069985151290893,0.6941059827804565,0.3352216482162475,0.3352216482162475,0.6078058481216431,0.6900883913040161,0.4677709937095642,0.6428145170211792,0.5745609998703003,1.1412049531936646,5.818939685821533,0.4677681624889374,0.8636857271194458,0.8172995448112488,0.7397485971450806,0.8946699500083923,0.8713059425354004,0.7408713102340698,3.416640520095825,0.7397485971450806,0.8996131420135498,0.9024861752986908,0.15033186972141266,0.3342404365539551
germinal,target_shuffle,0,,nb_s850749_mpnn_2_IL20,10.967315111937967,84.42461195361284,106.82,8.01,5.262499999999999,74.62797987970532,0.057842,0.37,0.86,0.99,0.426,5.427752250621183,93.420777385159,,,2.628,87.95239959716797,0.411252,0.67,0.81,,0.0937494546761829,0.8630289234078665,15.543982072310014,61.2493896484375,73.62414,14.855467,0.550102,0.3870122134685516,0.3434112071990967,0.3870122134685516,0.6550073623657227,0.3200134038925171,0.3063468635082245,0.3434112071990967,0.6515290141105652,0.2663817405700683,0.2663817405700683,0.5765206217765808,0.6039338111877441,0.3189122378826141,0.6409227252006531,0.577942967414856,1.085900902748108,7.223094463348389,0.276041567325592,0.8270316123962402,0.7431737780570984,0.6075631976127625,0.8818987011909485,0.8643099665641785,0.7446393966674805,4.863336086273193,0.6075631976127625,0.9078074991703033,0.9047442078590393,0.3131801337003708,0.26032139360904694
germinal,target_shuffle,0,,nb_s272990_mpnn_1_BHRF,13.68954428974622,80.83412461605967,303.45,21.42,14.774074074074075,66.18811635450777,0.005932,0.18,0.85,-18.81,0.716,8.333902055951157,89.20646048109967,,,5.97391304347826,76.05319915771484,0.169268,0.43,0.71,,0.0961629840822754,0.8880150890764746,16.13268722806658,50.99808120727539,72.6501,15.254474,0.55487406,0.3168297410011291,0.3550271987915039,0.3168297410011291,0.6425619125366211,0.2353966832160949,0.2353966832160949,0.3550271987915039,0.6861217021942139,0.272253543138504,0.272253543138504,0.7264973521232605,0.63880455493927,0.2778140306472778,0.8386682271957397,0.7801504135131836,0.792071521282196,8.274950981140137,0.2683733105659485,0.7867845296859741,0.6734297275543213,0.3941112458705902,0.8849528431892395,0.850386381149292,0.908600687980652,9.747882843017578,0.3941112458705902,0.9150514304637909,0.9062746465206146,0.21773861348628998,0.2717490643262863
germinal,target_shuffle,0,,nb_s731008_mpnn_1_IL20,13.277041791007504,83.16033422459893,124.48,9.45,6.647916666666667,67.95508249420331,0.00588,0.22,0.865,20.7,0.338,4.848038931688496,94.48300353356892,,,5.7735714285714295,89.2717401255732,0.586789,0.78,0.85,,0.0591277481682848,0.8530494678110515,20.46934986114502,44.26534271240234,72.54251,15.508063,0.53404415,0.5626331567764282,0.4813972115516662,0.5626331567764282,0.7549012899398804,0.5145660638809204,0.5145660638809204,0.4813972115516662,0.707709014415741,0.4248192310333252,0.4193557500839233,0.6616540551185608,0.7660890221595764,0.6040427088737488,0.6760568618774414,0.5857884883880615,0.6881203055381775,4.162023067474365,0.5861199498176575,0.8145944476127625,0.8402884602546692,0.7695209980010986,0.8258628249168396,0.7900388836860657,0.5701556205749512,2.889439821243286,0.7695209980010986,0.8984589278697968,0.8834152817726135,0.5123043358325958,0.42208749055862427
germinal,target_shuffle,0,,nb_s37712_mpnn_2_BHRF,9.950678428455024,80.28289302728454,304.11,10.84,6.716346153846152,71.73242209537409,0.163186,0.45,0.83,54.14,0.525,5.003649579008277,90.67810996563574,,,3.177142857142858,87.02312469482422,0.586064,0.77,0.85,,0.2947234091734469,0.85568487214825,14.3926123380661,66.44055938720703,74.5366,15.004133,0.54820246,0.6123310327529907,0.7394068241119385,0.6123310327529907,0.7884196639060974,0.5683088898658752,0.5683088898658752,0.7394068241119385,0.8647716641426086,0.7080656290054321,0.6782441735267639,0.8183159232139587,0.7733741998672485,0.6056101322174072,0.8714922666549683,0.8259149193763733,0.7211060523986816,6.517693519592285,0.5981377959251404,0.901006042957306,0.8981152176856995,0.8509145379066467,0.9135289192199708,0.889516294002533,0.4900093674659729,2.00954818725586,0.8509145379066467,0.9051090180873871,0.9076521098613739,0.5413257479667664,0.693154901266098
germinal,target_shuffle,0,,nb_s171911_mpnn_1_IL20,14.834261883654436,79.659285399206,384.99,29.12,4.9825,67.61262125710904,0.005477,0.13,0.85,143.03,0.806,6.580466855623119,91.18936395759718,,,2.853947368421053,81.80759796142578,0.276579,0.52,0.74,,0.0690765630802076,0.8628229170850061,16.16259412765503,62.98684310913086,72.01025,15.511389,0.5330851,0.3232775926589966,0.3318716585636139,0.3232775926589966,0.6345453262329102,0.245460644364357,0.245460644364357,0.3318716585636139,0.6247696876525879,0.2586471438407898,0.2586471438407898,0.642586350440979,0.7108228206634521,0.5272631645202637,0.6714171171188354,0.6184795498847961,0.945283591747284,5.043467998504639,0.4927332103252411,0.7782776951789856,0.7327459454536438,0.5687665343284607,0.8306554555892944,0.7569331526756287,0.817898690700531,3.906646490097046,0.5687665343284607,0.9046831727027893,0.8547351062297821,0.24041877686977386,0.2569127678871155
germinal,target_shuffle,0,,nb_s7171_mpnn_2_BHRF,12.229230878237148,79.0153515625,287.72,14.91,7.648529411764706,62.4221376552516,0.030419,0.24,0.835,69.84,0.767,6.411620670516408,89.64580756013746,,,3.96,78.48899892171224,0.309094,0.57,0.77,,0.1181709944841089,0.8704760067039148,15.59563570022583,56.57253646850586,75.03622,14.339805,0.55253136,0.303313136100769,0.4049041271209717,0.303313136100769,0.6162164211273193,0.2250873148441314,0.2250873148441314,0.4049041271209717,0.6929364204406738,0.3328960537910461,0.3328960537910461,0.8443765640258789,0.9066632986068726,0.8463104367256165,0.8438930511474609,0.7692290544509888,0.3731088638305664,1.364205241203308,0.8463104367256165,0.7746054530143738,0.6743061542510986,0.405816912651062,0.8668026328086853,0.7828441262245178,0.886286735534668,8.905012130737305,0.402432382106781,0.8958378732204437,0.8927717804908752,0.20405588299036026,0.3189987391233444
germinal,target_shuffle,0,,nb_s817878_mpnn_2_IL3,12.197000421815684,81.47255511022043,202.2,15.78,6.404545454545454,73.56959023768972,0.050401,0.36,0.83,-2.3,0.473,6.269935009139339,91.95,,,3.4078846153846154,87.64043459684953,0.335914,0.64,0.77,,0.1562761591942912,0.8684225858238395,27.808216094970703,51.21308517456055,52.646317,21.655968,0.45474356,0.2669720649719238,0.347391664981842,0.2669720649719238,0.6161125302314758,0.1796869337558746,0.1796869337558746,0.347391664981842,0.6683766841888428,0.2671453952789306,0.2643172740936279,0.8032481074333191,0.7268199324607849,0.549194872379303,0.8667613863945007,0.8139054179191589,0.5484110116958618,4.837119102478027,0.463919848203659,0.8211098909378052,0.7160102128982544,0.5188902616500854,0.8966647982597351,0.8445987105369568,0.6455535888671875,5.936013221740723,0.4808353781700134,0.6129468828439713,0.6123543977737427,0.16570009291172028,0.2657313346862793
germinal,target_shuffle,0,,nb_s389903_mpnn_5_IL20,6.413628588195632,86.35779804270463,42.49,3.16,6.108928571428572,82.33680025368497,0.590222,0.77,0.855,-16.53,0.257,4.449240095393875,94.50427561837456,,,3.5770370370370377,92.12576998197116,0.704955,0.83,0.87,,0.8074450610626502,0.8803372757167653,10.54334274927775,65.44204711914062,74.01679,14.30169,0.5571736,0.2992468476295471,0.4280925989151001,0.2992468476295471,0.6165469884872437,0.2199217975139618,0.2199217975139618,0.4280925989151001,0.6827683448791504,0.3644236326217651,0.3644236326217651,0.5699674487113953,0.5759009122848511,0.2679624259471893,0.6454686522483826,0.5847322344779968,1.1343297958374023,8.480448722839355,0.2526630461215973,0.8029781579971313,0.732384443283081,0.5887026786804199,0.856546938419342,0.7996293902397156,0.8420165181159973,5.441280841827393,0.5887026786804199,0.9031795263290405,0.884936511516571,0.21683818846940994,0.34779250621795654
germinal,target_shuffle,0,,nb_s618542_mpnn_2_IL3,11.354903216735147,81.08475262368815,78.55,4.85,4.322857142857143,74.79956672765019,0.075867,0.37,0.825,-4.35,0.769,5.336176787639237,91.86442687747036,,,2.8540740740740738,91.14999973072725,0.642435,0.82,0.85,,0.2090336500376775,0.8606250193050254,,,53.542652,21.132915,0.46697333,0.3492724001407623,0.3001611232757568,0.3492724001407623,0.6397359371185303,0.2766565084457397,0.2260609567165374,0.3001611232757568,0.6308157444000244,0.2174974530935287,0.2174974530935287,0.7999100089073181,0.8020763397216797,0.6628649234771729,0.8341712951660156,0.7521709203720093,0.5920805931091309,3.8096325397491455,0.6628649234771729,0.8487443923950195,0.839905321598053,0.7373147010803223,0.8766018748283386,0.812403678894043,0.6155779957771301,4.094905376434326,0.7373147010803223,0.6087472140789032,0.6148452758789062,0.2513587325811386,0.19382819533348083
germinal,target_shuffle,0,,nb_s919455_mpnn_4_IL3,12.76448624412192,80.56000507099391,163.47,10.3,5.989655172413793,63.88051141816046,0.006028,0.23,0.83,23.44,0.336,5.673412957552844,90.83660079051384,,,2.934565217391304,82.64769157996544,0.383758,0.65,0.8,,0.0752125857531336,0.8510623416708786,26.313750743865967,69.4852066040039,57.456795,21.353113,0.4682775,0.2189596593379974,0.3471589088439941,0.2189596593379974,0.5767751932144165,0.129505768418312,0.129505768418312,0.3471589088439941,0.6571492552757263,0.2696613073348999,0.247745931148529,0.8320962190628052,0.8423521518707275,0.7191166281700134,0.8603410720825195,0.8066651225090027,0.4748259782791137,2.302316904067993,0.7191166281700134,0.8387584090232849,0.7419800758361816,0.5598503947257996,0.9084853529930116,0.8959230780601501,0.7835124731063843,6.242111206054688,0.5598503947257996,0.6054462492465973,0.6294673979282379,0.11341451853513718,0.2587036192417145
germinal,target_shuffle,0,,nb_s926337_mpnn_2_IL3,13.541003608867502,79.42715863453815,200.94,13.19,7.455172413793104,64.10909478426554,0.005935,0.21,0.83,44.38,0.362,6.199338061835055,89.36632411067194,,,3.4709615384615384,81.64862047392747,0.307387,0.57,0.75,,0.1465442757113347,0.8896643224317388,25.81679455439249,64.8436279296875,55.58234,21.137327,0.47031376,0.266366958618164,0.3578688502311706,0.266366958618164,0.6019354462623596,0.1824748367071151,0.1606561094522476,0.3578688502311706,0.6706464886665344,0.2796744406223297,0.2713275849819183,0.7925278544425964,0.7954112887382507,0.6094063520431519,0.8383082151412964,0.7902843952178955,0.5243058204650879,3.439652919769287,0.6094063520431519,0.7695635557174683,0.731235146522522,0.5035416483879089,0.8360689878463745,0.8091385960578918,0.8255223631858826,7.877518653869629,0.5035416483879089,0.6157635897397995,0.634762704372406,0.1715654730796814,0.275501012802124
germinal,target_shuffle,0,,nb_s38254_mpnn_5_IL3,14.636910434470153,78.88599899849774,249.4,16.56,4.394230769230769,64.66073100878664,0.005493,0.17,0.8200000000000001,198.59,0.445,7.105852458248058,89.77106719367589,,,1.892272727272728,79.7582603122877,0.212979,0.51,0.72,,0.0786534384922883,0.8482134499407364,26.715102513631184,46.824493408203125,51.287518,21.443523,0.4579795,0.379721462726593,0.6451915502548218,0.379721462726593,0.618486762046814,0.3200300931930542,0.1982028037309646,0.6451915502548218,0.6918896436691284,0.6335170269012451,0.3474949598312378,0.833345353603363,0.8321595191955566,0.699278712272644,0.8668619394302368,0.8017016053199768,0.539298951625824,3.244825839996338,0.6730324029922485,0.9024683237075806,0.8557954430580139,0.7549412250518799,0.9393500089645386,0.920175313949585,0.570816159248352,4.080386638641357,0.7549412250518799,0.6124541163444519,0.6328181773424149,0.25911644846200943,0.49050599336624146
germinal,target_shuffle,0,,nb_s462498_mpnn_2_IL20,10.7222589868771,83.40122845779938,125.77,7.7,7.8,71.66235788812311,0.063185,0.39,0.845,-52.29,0.422,4.116347563335789,95.12409893992933,,,2.515735294117647,93.73656344413756,0.719441,0.84,0.89,,0.1902399997216267,0.8707694079054829,15.12598518371582,55.76820373535156,70.98267,13.417599,0.6068711,0.3270575106143951,0.4029080271720886,0.3270575106143951,0.6266332864761353,0.2521635591983795,0.2521635591983795,0.4029080271720886,0.6897786855697632,0.3311903774738312,0.3311903774738312,0.5719818472862244,0.5351842045783997,0.1925113946199417,0.6668494939804077,0.6178494095802307,1.0816961526870728,8.79922103881836,0.151822954416275,0.7871686816215515,0.6539450287818909,0.468599796295166,0.8668108582496643,0.8175197839736938,1.1304012537002563,8.316240310668945,0.468599796295166,0.8989334404468536,0.899019718170166,0.24770864844322205,0.3197825998067856
germinal,target_shuffle,0,,nb_s718865_mpnn_2_BHRF,13.435240490783055,78.57958513396716,402.45,15.32,9.052222222222222,67.66979110140221,0.006076,0.22,0.835,99.73,0.634,5.95931472231079,89.27391752577319,,,4.447941176470588,80.37975044250489,0.346654,0.6,0.79,,0.0853039620992756,0.8262301700131119,16.675233602523804,60.43215560913086,74.17294,15.378328,0.5344352,0.4339240789413452,0.4158623516559601,0.4339240789413452,0.7171351313591003,0.3631212711334228,0.3631212711334228,0.4158623516559601,0.6968094110488892,0.3456255793571472,0.3456255793571472,0.8227271437644958,0.8401924967765808,0.7019104957580566,0.8529312610626221,0.801615834236145,0.4851867258548736,3.507901668548584,0.7019104957580566,0.7471975088119507,0.6506783366203308,0.3349425792694092,0.8502612113952637,0.800317645072937,0.8950393199920654,9.633195877075195,0.3349425792694092,0.9052041471004486,0.8979103267192841,0.36231644451618195,0.33268269896507263
germinal,target_shuffle,0,,nb_s834944_mpnn_1_IL20,15.273410830451123,78.05052491103204,153.92,8.68,8.674193548387098,69.92525756340437,0.005399,0.14,0.835,109.5,0.354,6.406473048733285,91.2933922261484,,,5.112105263157895,83.99679962158203,0.289989,0.54,0.74,,0.1250509125909854,0.8632307224667362,13.764141368865968,65.9318618774414,74.17776,14.606395,0.54158735,0.2910146713256836,0.3452067971229553,0.2910146713256836,0.5996654629707336,0.2138519883155822,0.2138519883155822,0.3452067971229553,0.6245503425598145,0.2753708958625793,0.2753708958625793,0.6142428517341614,0.7490569949150085,0.5611128211021423,0.6275253295898438,0.5682323575019836,1.0291310548782349,5.794530868530273,0.5570639371871948,0.8935980200767517,0.8925291299819946,0.8321740031242371,0.9089539647102356,0.8902540802955627,0.6799970269203186,2.657267570495605,0.8203585147857666,0.9012390077114105,0.8111746609210968,0.19987404346466064,0.25617754459381104
germinal,target_shuffle,0,,nb_s731008_mpnn_2_IL3,13.843517317877174,80.4591395697849,1379.33,88.39,5.721621621621622,60.727654058126056,0.005747,0.17,0.8300000000000001,599.27,2.109,7.44501913793373,87.34268774703557,,,3.78475,72.062083085378,0.22641,0.5,0.72,,0.1075017125290839,0.8770787610345058,25.720417976379395,56.860965728759766,51.753826,21.428856,0.464181,0.3984595835208893,0.329384446144104,0.3984595835208893,0.6095393896102905,0.345689594745636,0.1818009167909622,0.329384446144104,0.6255192160606384,0.2553507685661316,0.2070824354887008,0.7997127771377563,0.8145011067390442,0.664142906665802,0.8336052298545837,0.7699658870697021,0.5951372981071472,3.256852626800537,0.664142906665802,0.832103431224823,0.7719661593437195,0.6024712920188904,0.8895115256309509,0.8490264415740967,0.7529030442237854,5.88234281539917,0.6024712920188904,0.6081550717353821,0.6149351894855499,0.2637452557682991,0.23121660202741623
germinal,target_shuffle,0,,nb_s37712_mpnn_5_BHRF,11.59108654834024,79.03611953226505,380.18,12.98,6.473469387755103,68.31007983925228,0.08775,0.36,0.835,62.95,0.315,4.077652247847806,93.69573883161512,,,3.227019230769232,91.26185169926396,0.693082,0.83,0.89,,0.2755231981375494,0.8388835360717783,14.364017645517984,61.81101989746094,74.52434,15.187725,0.54325616,0.5604814291000366,0.7308238744735718,0.5604814291000366,0.7580194473266602,0.5110968947410583,0.5110968947410583,0.7308238744735718,0.8617825508117676,0.6980841755867004,0.6980841755867004,0.8091147541999817,0.7627532482147217,0.5806079506874084,0.866241455078125,0.8141394853591919,0.7088557481765747,6.381453990936279,0.5717262625694275,0.8873862624168396,0.866857647895813,0.7965136170387268,0.9101043343544006,0.8858901262283325,0.5644449591636658,2.7475359439849854,0.7965136170387268,0.902994841337204,0.9111437201499939,0.4892922639846802,0.68671914935112
germinal,target_shuffle,0,,nb_s826150_mpnn_1_BHRF,12.792236747322304,80.05783121993879,474.66,27.4,5.851612903225805,63.46746342749014,0.025681,0.26,0.84,223.19,0.301,4.971353550383203,91.69659793814432,,,3.834827586206896,84.0235293893253,0.633132,0.78,0.86,,0.063960245088198,0.8586941365653559,15.228743825639995,64.25518035888672,74.802444,14.910932,0.55296457,0.267381340265274,0.414519727230072,0.267381340265274,0.6003053784370422,0.1841503232717514,0.1841503232717514,0.414519727230072,0.7020177841186523,0.3426452279090881,0.3426452279090881,0.8434085845947266,0.867769718170166,0.7588480710983276,0.8645487427711487,0.75925213098526,0.42780801653862,2.306990623474121,0.7588480710983276,0.8068163990974426,0.7505297064781189,0.5178733468055725,0.8790521025657654,0.7880390286445618,0.782968282699585,8.452669143676758,0.5178733468055725,0.9122643172740936,0.9133847057819366,0.15715625882148743,0.3274828791618347
germinal,target_shuffle,0,,nb_s7171_mpnn_3_IL3,12.916352387945446,79.88794294294294,193.8,12.07,6.387931034482761,63.88667869666168,0.015096,0.24,0.83,21.59,0.541,6.852584480307456,89.46909090909091,,,3.219342105263158,79.64181795987216,0.255752,0.53,0.74,,0.0907990005909688,0.8794535121708787,25.75940877741033,67.664794921875,57.020008,21.059692,0.47862425,0.2401463985443115,0.2775510251522064,0.2401463985443115,0.5974323153495789,0.1508249193429947,0.1508249193429947,0.2775510251522064,0.6258673071861267,0.1904719471931457,0.1904719471931457,0.8834328055381775,0.9076409935951232,0.8527917265892029,0.8910930752754211,0.877433180809021,0.3416936099529266,1.0852757692337036,0.8527917265892029,0.8404227495193481,0.7763442993164062,0.6002897024154663,0.9004559516906738,0.8831261396408081,0.5909271240234375,5.745692253112793,0.580804169178009,0.6105421930551529,0.6258955150842667,0.13132419064641,0.1663793846964836
germinal,target_shuffle,0,,nb_s302651_mpnn_3_BHRF,13.879001192711472,77.88723896898209,506.26,30.97,11.346000000000002,59.88665372010291,0.010388,0.2,0.83,233.15,0.77,5.96144554268372,89.96147766323024,,,5.2683333333333335,80.8575869593127,0.465173,0.68,0.8,,0.0561391219104509,0.8118965847910974,17.526005744934082,44.766845703125,72.073265,15.78608,0.5310911,0.3140521645545959,0.6818220615386963,0.3140521645545959,0.6270138621330261,0.2358117401599884,0.2358117401599884,0.6818220615386963,0.8481980562210083,0.6402279734611511,0.6265154480934143,0.8430364727973938,0.8756542205810547,0.8004636168479919,0.8536796569824219,0.7938067317008972,0.4070346653461456,1.7216796875,0.8004636168479919,0.8725923895835876,0.8164544701576233,0.7076946496963501,0.9138168096542358,0.8838872313499451,0.5999416708946228,4.821510314941406,0.6654811501502991,0.9100019335746765,0.9199074506759644,0.2095610350370407,0.6333717107772827
germinal,target_shuffle,0,,nb_s759449_mpnn_4_IL20,13.812492352258117,81.74700357781754,124.29,8.95,7.157500000000001,68.49401403945635,0.005691,0.17,0.855,50.12,0.304,5.14580092147486,93.87929328621908,,,2.51025,91.28649864196775,0.481841,0.7,0.81,,0.0736137976809758,0.8517042008420787,14.465588760375976,63.16134262084961,72.7857,15.182162,0.5435732,0.2972916960716247,0.431755006313324,0.2972916960716247,0.6071562767028809,0.2198255509138107,0.2198255509138107,0.431755006313324,0.7093830704689026,0.3623479604721069,0.3623479604721069,0.7338628768920898,0.8665786385536194,0.817159116268158,0.7130388021469116,0.7009332180023193,0.5454137325286865,1.8039919137954712,0.817159116268158,0.901385486125946,0.8602185845375061,0.8649876713752747,0.9104849100112916,0.9179502129554749,0.6286855936050415,1.3628880977630615,0.8649876713752747,0.9048595428466797,0.9059983789920807,0.21731872111558914,0.35105110704898834
germinal,target_shuffle,0,,nb_s618542_mpnn_3_IL3,9.25903701042041,82.91672499999999,227.54,14.17,3.954838709677419,78.98611597168092,0.166531,0.54,0.8300000000000001,7.33,0.363,4.555637957162275,93.37652173913044,,,2.374666666666666,94.22605965354226,0.759045,0.86,0.88,,0.2354839819231551,0.8672603235055357,27.62139654159546,40.10107421875,53.791546,21.175184,0.46724886,0.3288711309432983,0.3675866723060608,0.3288711309432983,0.6133463382720947,0.2577523291110992,0.1907024830579757,0.3675866723060608,0.6802358627319336,0.2894243597984314,0.286590427160263,0.7844161987304688,0.7824463844299316,0.6173147559165955,0.8261915445327759,0.7393070459365845,0.5875495076179504,4.061156272888184,0.6173147559165955,0.797852635383606,0.70904541015625,0.4746608138084411,0.8786505460739136,0.8097003698348999,0.9159722328186036,8.465836524963379,0.4746608138084411,0.6052196621894836,0.626050591468811,0.2242274060845375,0.28800739347934723
germinal,target_shuffle,0,,nb_s467069_mpnn_3_IL3,12.627599243856332,80.28090954522737,498.27,33.86,8.355,66.20819150187064,0.009208,0.23,0.82,223.12,0.746,8.641854270493212,87.53901185770751,,,4.723148148148148,75.38833300272624,0.135586,0.38,0.66,,0.1201574324017851,0.8897654502992486,26.03407108783722,60.95920944213867,58.634518,20.703945,0.48717865,0.2344870567321777,0.3296727538108825,0.2344870567321777,0.5886629819869995,0.1459430754184723,0.1422474235296249,0.3296727538108825,0.6592512726783752,0.2472781091928482,0.2472781091928482,0.7869009971618652,0.7623808979988098,0.5593169927597046,0.8437970280647278,0.7465103268623352,0.5406318306922913,4.151990413665772,0.5380347371101379,0.8643515706062317,0.8916326761245728,0.8070536255836487,0.8786760568618774,0.8053427934646606,0.416737824678421,2.375236988067627,0.8070536255836487,0.6103572994470596,0.6166657656431198,0.14409524947404861,0.22937943786382675
germinal,target_shuffle,0,,nb_s216967_mpnn_4_BHRF,13.578068279779409,80.03931758530184,114.31,9.45,12.70909090909091,64.93049493723619,0.005883,0.2,0.84,33.01,0.471,7.723860842455805,89.82986254295533,,,7.010681818181819,78.50320098876954,0.199101,0.49,0.73,,0.0747964326046237,0.8774722612118274,14.583200005924,52.47262954711914,73.47257,14.013948,0.5720997,0.271510899066925,0.6011918187141418,0.271510899066925,0.6031826734542847,0.1885929554700851,0.1885929554700851,0.6011918187141418,0.7977441549301147,0.5520537495613098,0.5326219797134399,0.7475937008857727,0.6623527407646179,0.3984593152999878,0.8348772525787354,0.7607372999191284,0.7834274172782898,9.603859901428224,0.3764840960502624,0.8824209570884705,0.8273434638977051,0.7430465817451477,0.917264461517334,0.8852666020393372,0.6068335771560669,4.263085842132568,0.7430465817451477,0.9021748304367065,0.9003181755542755,0.16504835337400436,0.5423378646373749
germinal,target_shuffle,0,,nb_s467146_mpnn_5_BHRF,7.06953744051204,85.08480802792322,110.47,4.99,3.0957142857142856,79.7560890041931,0.551733,0.75,0.86,-75.41,0.251,4.067267037470034,94.28268041237114,,,2.5333783783783788,92.5597505569458,0.779379,0.87,0.9,,0.795812782888669,0.8823638822925323,18.187007999420167,43.051883697509766,72.04218,16.58602,0.52825826,0.2614859044551849,0.6262093782424927,0.2614859044551849,0.5999079942703247,0.1768803745508194,0.1768803745508194,0.6262093782424927,0.8259202241897583,0.5762816071510315,0.5606352090835571,0.8097016215324402,0.8538522720336914,0.7889110445976257,0.8148993253707886,0.708599865436554,0.4989290237426758,2.235616683959961,0.7889110445976257,0.7873151302337646,0.6829286813735962,0.4287745058536529,0.8769502639770508,0.8127976059913635,0.978794515132904,8.359694480895996,0.4280121028423309,0.8906723856925964,0.9091781973838806,0.15455162525177002,0.5684584081172943
germinal,target_shuffle,0,,nb_s632243_mpnn_4_IL20,12.487517636629253,84.02892050587172,246.12,20.15,3.781818181818181,71.62467477022312,0.006494,0.24,0.87,64.8,0.658,7.639549875763214,91.62060070671376,,,3.0472222222222225,83.99750010172527,0.170515,0.51,0.73,,0.0887901470580906,0.8936387580632751,15.279600143432615,58.70888519287109,71.677864,15.392079,0.54516155,0.4132866263389587,0.4047918319702148,0.4132866263389587,0.6970768570899963,0.3423390686511993,0.3423390686511993,0.4047918319702148,0.6954689621925354,0.3321225643157959,0.3321225643157959,0.6528724431991577,0.7196453809738159,0.5586563944816589,0.6764264106750488,0.5843056440353394,0.7768781781196594,4.4431633949279785,0.5586563944816589,0.8382146954536438,0.7694020867347717,0.639028012752533,0.8880113959312439,0.8412203788757324,0.7103762626647949,3.629789113998413,0.639028012752533,0.8799264430999756,0.8810043632984161,0.3318583220243454,0.32538266479969025
germinal,target_shuffle,0,,nb_s834944_mpnn_4_BHRF,9.412543545777684,81.63433463372344,150.65,7.83,5.322580645161291,71.92735732811201,0.222821,0.54,0.84,51.78,0.394,4.7949725440181385,91.52687285223368,,,2.668214285714286,87.760882433723,0.650769,0.8,0.86,,0.3401005188756013,0.8599840536648865,17.332585430145265,48.17146301269531,73.629486,15.693812,0.527831,0.4030183553695678,0.5893365144729614,0.4030183553695678,0.6837694644927979,0.3328305780887604,0.3328305780887604,0.5893365144729614,0.7881609797477722,0.5396303534507751,0.5396303534507751,0.8658909201622009,0.8476893901824951,0.7279596328735352,0.900373637676239,0.84196937084198,0.4774689972400665,2.9084529876708984,0.7221195101737976,0.8766801953315735,0.8395996689796448,0.7372013926506042,0.9115498661994934,0.8630363941192627,0.5926576852798462,3.90468430519104,0.7372013926506042,0.9124972820281982,0.9117525815963745,0.3107862323522568,0.5238263309001923
germinal,target_shuffle,0,,nb_s282075_mpnn_1_IL20,14.752816241930852,81.61415846016116,296.71,26.99,4.778947368421053,66.83742423079448,0.0,0.14,0.85,124.1,1.096,9.194792043851216,91.27989399293286,,,2.0804761904761904,79.80954569036311,0.089421,0.34,0.66,,0.1015463558147828,0.8906809219255162,16.532256444295246,61.94321823120117,73.057686,15.617719,0.5452131,0.2998912632465362,0.3683611154556274,0.2998912632465362,0.6127367615699768,0.2216798812150955,0.2216798812150955,0.3683611154556274,0.6525555849075317,0.2973124980926513,0.2973124980926513,0.5857757925987244,0.6333626508712769,0.3612580299377441,0.6419052481651306,0.5776246786117554,1.248404622077942,7.1577677726745605,0.3006854653358459,0.7718048095703125,0.7138906121253967,0.5624788999557495,0.8241362571716309,0.7827838659286499,1.1492226123809814,7.005216598510742,0.5624788999557495,0.8981068134307861,0.8814377784729004,0.19742868840694427,0.28249961137771606
germinal,target_shuffle,0,,nb_s916275_mpnn_1_BHRF,13.927125329176556,77.43389644580957,358.28,16.08,5.3112903225806445,63.98762078199103,0.006491,0.2,0.8200000000000001,18.48,0.518,5.293914573517081,90.80079037800688,,,2.810483870967742,81.73542742047991,0.42806,0.67,0.82,,0.0644478724460439,0.8245544251670625,16.12991007891568,52.029335021972656,72.562675,14.76542,0.5447744,0.4285482168197632,0.4484845101833343,0.4285482168197632,0.6992250084877014,0.3608790040016174,0.3608790040016174,0.4484845101833343,0.7293574213981628,0.3782662749290466,0.3782662749290466,0.844546914100647,0.8700929284095764,0.773661732673645,0.8622681498527527,0.7900359630584717,0.4801194667816162,2.355131387710572,0.773661732673645,0.8454494476318359,0.7562338709831238,0.5474606156349182,0.9199466109275818,0.8876716494560242,0.813848614692688,6.432510852813721,0.5474606156349182,0.8953356742858887,0.8958490788936615,0.341690257191658,0.36728914082050323
germinal,target_shuffle,0,,nb_s975197_mpnn_2_IL3,12.79135590307613,78.58477844914403,283.47,10.24,5.0285714285714285,59.95183755029647,0.026477,0.24,0.815,102.9,1.129,5.557347404271274,89.36537549407116,,,2.6103260869565217,82.57844509548612,0.568204,0.76,0.83,,0.0626334862389754,0.8079373034550816,25.11757755279541,41.74498748779297,53.91813,20.323738,0.48771822,0.4244570136070251,0.3492023944854736,0.4244570136070251,0.6358235478401184,0.3716154098510742,0.238090381026268,0.3492023944854736,0.6522944569587708,0.2734293639659881,0.2734293639659881,0.807623565196991,0.819680392742157,0.7109964489936829,0.8317803740501404,0.7550131678581238,0.6093060970306396,3.073361873626709,0.7109964489936829,0.7686667442321777,0.6972014307975769,0.4415856599807739,0.8504369854927063,0.7845984697341919,0.9215027093887328,6.235312461853027,0.4274291396141052,0.6052382290363312,0.6085189431905746,0.3048528954386711,0.2670309543609619
germinal,target_shuffle,0,,nb_s499859_mpnn_4_IL3,15.333310940648971,77.59153961136022,114.13,6.12,5.28625,62.00186417584468,0.005476,0.22,0.815,116.55,0.526,7.182560264962739,88.38177865612647,,,2.714,79.38057087489537,0.290806,0.61,0.74,,0.1740034251740296,0.8430658920204592,21.607616697038925,47.69197082519531,52.597664,19.890951,0.48942715,0.4306569099426269,0.3915403485298157,0.4306569099426269,0.6236233115196228,0.3824153244495392,0.2114759236574173,0.3915403485298157,0.6324524283409119,0.3313122987747192,0.2314354479312896,0.869513988494873,0.9161016345024108,0.8839318156242371,0.8659095168113708,0.7970219254493713,0.3891182243824005,1.1045736074447632,0.867751955986023,0.8518385887145996,0.8347282409667969,0.7084749937057495,0.8876795172691345,0.836877167224884,0.6200422644615173,3.73897933959961,0.7025080323219299,0.598730742931366,0.6091873645782471,0.29694562405347824,0.28137387335300446
germinal,target_shuffle,0,,nb_s854077_mpnn_1_IL3,12.128411629614584,80.22537917087968,272.05,14.43,4.537878787878788,67.89347086478804,0.028951,0.26,0.83,-1.09,1.153,5.588605039916262,89.5704743083004,,,2.45046875,81.72125005722046,0.394731,0.62,0.77,,0.1189563304037681,0.8507934145609595,25.367246627807617,56.96910858154297,53.833984,21.409975,0.45917052,0.2310900688171386,0.2902641296386719,0.2310900688171386,0.5830702185630798,0.1430950164794922,0.1347892731428146,0.2902641296386719,0.628760039806366,0.2056401520967483,0.1961739361286163,0.7991941571235657,0.7423986792564392,0.5047243237495422,0.8728116154670715,0.8035788536071777,0.609516978263855,4.876004219055176,0.4903438687324524,0.8431059718132019,0.7414603233337402,0.5365526676177979,0.919744312763214,0.9006076455116272,0.704818844795227,6.976588726043701,0.5365526676177979,0.6140774190425873,0.6202067285776138,0.1389421448111534,0.20090704411268234
germinal,target_shuffle,0,,nb_s870186_mpnn_1_IL20,13.771893768182895,80.90583221175416,149.77,9.15,7.554347826086956,69.46094355190004,0.005514,0.2,0.845,49.02,0.525,6.757303000412041,91.65056537102474,,,4.688599999999999,82.32892813001361,0.270368,0.57,0.76,,0.0805313556097863,0.8894626910019507,13.572731018066406,65.25714111328125,72.851395,15.47532,0.537938,0.3546797037124634,0.3912372589111328,0.3546797037124634,0.6246892809867859,0.2871773242950439,0.2871773242950439,0.3912372589111328,0.6727771759033203,0.3208522796630859,0.3208522796630859,0.6437525749206543,0.6437286138534546,0.6195923686027527,0.6497926115989685,0.6415706276893616,1.484912991523743,5.924639225006104,0.6195923686027527,0.8843263983726501,0.8467403054237366,0.846075713634491,0.8938890099525452,0.8853439092636108,0.6155894994735718,1.8244584798812864,0.846075713634491,0.8899225890636444,0.8715829849243164,0.26633264869451523,0.3151537775993347
germinal,target_shuffle,0,,nb_s622643_mpnn_2_IL3,12.82049086847162,80.97313953488371,182.21,15.44,5.9275,67.95362994378733,0.006844,0.25,0.835,-0.42,0.613,4.93535502819916,92.65897233201582,,,2.5880952380952382,87.77439880371094,0.525257,0.74,0.84,,0.0537222271709226,0.8527805407011324,24.958208401997883,58.2033805847168,53.04513,21.046516,0.46781865,0.2116991579532623,0.3036263585090637,0.2116991579532623,0.5620825290679932,0.124103307723999,0.124103307723999,0.3036263585090637,0.6282120943069458,0.2224799245595932,0.2018422484397888,0.8178285956382751,0.7601190805435181,0.5487675666809082,0.8850938677787781,0.8098364472389221,0.5488289594650269,3.875526189804077,0.5440028309822083,0.8947182893753052,0.8469040989875793,0.7419735789299011,0.9329044818878174,0.9021030068397522,0.4339438378810882,2.065995216369629,0.7419735789299011,0.6016192734241486,0.6263521611690521,0.10415583476424217,0.212161086499691
germinal,target_shuffle,0,,nb_s467069_mpnn_5_IL3,12.375345654517334,80.40814092953524,143.53,10.74,8.480434782608693,65.81071825288936,0.021957,0.28,0.825,-2.99,0.653,6.444676217406927,90.58229249011858,,,3.619166666666666,80.74592547946506,0.290389,0.56,0.75,,0.0792200550970302,0.8914777741483807,26.120105028152462,60.57040786743164,57.931084,20.820833,0.48441675,0.2358570694923401,0.4081270694732666,0.2358570694923401,0.5934858322143555,0.146449863910675,0.146449863910675,0.4081270694732666,0.6567635536193848,0.345967948436737,0.2456165850162506,0.837622344493866,0.8971993923187256,0.8405784368515015,0.8368833661079407,0.7559021711349487,0.4169034361839294,1.6400554180145264,0.8405784368515015,0.8365911841392517,0.8485495448112488,0.7395443916320801,0.8608527779579163,0.7982761859893799,0.5250375866889954,3.591755151748657,0.7395443916320801,0.6161699891090393,0.6192454844713211,0.1391482800245285,0.29579226672649384
germinal,target_shuffle,0,,nb_s68363_mpnn_1_BHRF,14.2092145817834,77.90662862159789,382.64,19.02,8.911538461538461,59.84285891247632,0.006239,0.18,0.825,212.91,0.459,5.699414390477203,89.83151202749141,,,3.9699999999999993,80.55264686135685,0.44685,0.65,0.81,,0.0639639870050816,0.8079373034550816,15.65243771496941,63.54326248168945,73.40368,15.220411,0.56256765,0.3103448748588562,0.4111611545085907,0.3103448748588562,0.6133992671966553,0.2345812767744064,0.2345812767744064,0.4111611545085907,0.7039442658424377,0.3379653692245483,0.3379653692245483,0.8273443579673767,0.8639918565750122,0.7497899532318115,0.8467329740524292,0.7711259126663208,0.4219699501991272,1.9863327741622925,0.7420329451560974,0.7683033347129822,0.6843919157981873,0.4062426686286926,0.8588184714317322,0.7855087518692017,0.7606310844421387,7.779735088348389,0.4062426686286926,0.9080139696598053,0.9116597175598145,0.20058637112379074,0.3246978372335434
germinal,target_shuffle,0,,nb_s251319_mpnn_2_IL20,12.456945398244452,79.21234185733513,217.57,13.27,10.02,63.55575977045843,0.021221,0.24,0.8300000000000001,133.92,0.42,6.362263232154228,89.41335689045937,,,6.437954545454544,78.60615436847394,0.334806,0.61,0.78,,0.1047321543879468,0.8331290169150716,12.88473635561326,62.27278900146485,72.09809,14.177997,0.5806821,0.2365815639495849,0.3388246297836303,0.2365815639495849,0.5816909670829773,0.1503041982650756,0.1503041982650756,0.3388246297836303,0.609494149684906,0.2711572647094726,0.2711572647094726,0.6289255023002625,0.7671234011650085,0.7233098745346069,0.6053294539451599,0.5528565049171448,1.1226422786712646,5.194547176361084,0.7233098745346069,0.7743078470230103,0.7576432228088379,0.6153842210769653,0.8140386939048767,0.7490759491920471,0.8560009598731995,4.538393020629883,0.6153842210769653,0.8861125111579895,0.7772646248340607,0.13743139058351517,0.249722458422184
germinal,target_shuffle,0,,nb_s52054_mpnn_3_BHRF,9.309618450419812,81.54503012048194,232.53,10.27,8.232051282051284,70.04305629999229,0.183,0.5,0.8300000000000001,-14.28,0.255,5.425176249690013,90.87872852233676,,,4.1225609756097565,86.55568192221902,0.527156,0.75,0.85,,0.3361690505886253,0.8655497204527373,15.789779901504517,57.81575393676758,79.80093,14.410664,0.57436305,0.5646636486053467,0.5068016052246094,0.5646636486053467,0.7692732214927673,0.5135112404823303,0.4712930917739868,0.5068016052246094,0.7584094405174255,0.4438996315002441,0.4438996315002441,0.8352571725845337,0.8585508465766907,0.7633941173553467,0.8532228469848633,0.7688705921173096,0.4702524840831756,2.2595975399017334,0.7633941173553467,0.8355409502983093,0.8288455605506897,0.6820824146270752,0.8739055395126343,0.7984757423400879,0.6237326264381409,4.023080348968506,0.6820824146270752,0.900214672088623,0.8836858570575714,0.49240216612815857,0.4403594583272934
germinal,target_shuffle,0,,nb_s605394_mpnn_5_IL20,14.456067624767446,80.7861229946524,110.69,9.24,6.194444444444445,69.6322006076237,0.0,0.15,0.85,29.95,0.351,6.280470851178064,91.94501766784452,,,2.608636363636364,85.4204548922452,0.347048,0.6,0.76,,0.1085930394661635,0.8555510263646449,10.941226232619512,63.22785568237305,73.59547,13.049898,0.60563016,0.2540643513202667,0.3411487340927124,0.2540643513202667,0.5889800786972046,0.1703354120254516,0.1703354120254516,0.3411487340927124,0.6442487835884094,0.2653737366199493,0.2653737366199493,0.6404022574424744,0.6262549757957458,0.513662576675415,0.6720871925354004,0.5862054824829102,1.1371222734451294,6.924139022827148,0.513662576675415,0.8407174944877625,0.7336171269416809,0.6247069835662842,0.894720196723938,0.8687239289283752,0.950636863708496,4.351102352142334,0.6247069835662842,0.8829971551895142,0.8695054352283478,0.15368358045816422,0.2575031667947769
germinal,target_shuffle,0,,nb_s282075_mpnn_3_IL20,14.400305909675485,81.42606344950849,155.44,14.5,5.284375,64.00176805299273,0.00497,0.15,0.855,13.04,2.752,8.876814543820002,91.560777385159,,,1.8807894736842108,79.82249895731609,0.104353,0.35,0.66,,0.1065159992680806,0.8906809219255162,10.12091623544693,64.14080047607422,74.26009,13.093212,0.61647666,0.3015724122524261,0.3874803185462951,0.3015724122524261,0.6156041622161865,0.2230644673109054,0.2230644673109054,0.3874803185462951,0.6723017692565918,0.3162749409675598,0.3162749409675598,0.614628791809082,0.7070584297180176,0.4896599054336548,0.6458709836006165,0.5791789293289185,0.9709305763244628,5.429208755493164,0.4653577804565429,0.7980225086212158,0.7326382994651794,0.5620853900909424,0.8570067882537842,0.8261297345161438,0.9623342752456664,6.7703704833984375,0.5620853900909424,0.8975899517536163,0.8766181170940399,0.20365015417337418,0.30470743775367737
germinal,target_shuffle,0,,nb_s916275_mpnn_4_BHRF,13.81021008254508,78.15957074025404,186.43,9.8,6.800000000000001,64.038641335704,0.005884,0.22,0.825,24.91,0.414,5.221430072861681,91.54137457044672,,,3.354833333333333,83.13722292582194,0.461178,0.69,0.83,,0.066031471795253,0.8245544251670625,14.603587297292856,54.72908020019531,72.69306,14.500542,0.54721093,0.3831570744514465,0.4070770442485809,0.3831570744514465,0.6734021902084351,0.3105958104133606,0.3105958104133606,0.4070770442485809,0.7006127834320068,0.3336930871009826,0.3336930871009826,0.8405470252037048,0.8393906950950623,0.7214004993438721,0.8703336119651794,0.7993126511573792,0.5319974422454834,3.0145821571350098,0.7214004993438721,0.8274098634719849,0.7133869528770447,0.4692405164241791,0.9169521331787108,0.8837916254997253,0.8745982646942139,7.447226524353027,0.4633977711200714,0.8944539427757263,0.8861792385578156,0.29529035091400146,0.3244885504245758
germinal,target_shuffle,0,,nb_s362656_mpnn_2_IL3,12.950867846709055,83.536623246493,189.24,8.96,2.621739130434783,78.94642841386958,0.417559,0.73,0.8300000000000001,199.08,0.711,6.611299192301083,90.71707509881422,,,2.203977272727273,88.3984615619366,0.653474,0.82,0.75,,0.4096121578457251,0.8767657208960783,25.99712610244751,54.90853500366211,54.21589,21.318373,0.45830217,0.2245771288871765,0.4364992082118988,0.2245771288871765,0.5830082893371582,0.1349693238735199,0.1349693238735199,0.4364992082118988,0.711685836315155,0.3677025437355041,0.3394997119903564,0.803257167339325,0.7743248343467712,0.6069301962852478,0.852338969707489,0.7787012457847595,0.5746133923530579,3.6289007663726807,0.5737008452415466,0.8098317980766296,0.7420288324356079,0.5356054902076721,0.8783883452415466,0.8392401337623596,0.687250018119812,6.083206653594971,0.520290732383728,0.6129455864429474,0.6430941373109818,0.12227057665586472,0.3536011278629303
germinal,target_shuffle,0,,nb_s206217_mpnn_2_IL3,9.490527894514834,84.29556439582298,70.45,3.75,3.637878787878788,74.14929531691621,0.144975,0.47,0.85,-40.58,0.281,4.58611617116343,92.85889328063244,,,2.465,88.77916664547391,0.690449,0.83,0.87,,0.3358905357645517,0.8675282961750128,26.648627440134685,40.73458099365234,53.44594,21.07988,0.47074065,0.2326346635818481,0.4893842935562134,0.2326346635818481,0.5871443152427673,0.1440072506666183,0.1440072506666183,0.4893842935562134,0.6515207290649414,0.4488501846790313,0.2370820045471191,0.8616847395896912,0.8754794001579285,0.8032797574996948,0.8762859106063843,0.8304502964019775,0.4051188826560974,2.20201063156128,0.8032797574996948,0.9041573405265808,0.8413312435150146,0.7477090954780579,0.943269431591034,0.9223618507385254,0.5418691039085388,3.5843539237976074,0.7477090954780579,0.6134404838085175,0.6188225150108337,0.13394662737846375,0.34296609461307526
germinal,target_shuffle,0,,nb_s854077_mpnn_2_IL3,13.387857957474733,81.30688383838384,315.46,17.6,3.43,65.53067786959942,0.005664,0.18,0.8400000000000001,86.49,0.682,5.3551413082535255,90.84565217391304,,,2.184565217391304,82.9744452017325,0.39717,0.64,0.79,,0.0899502926905756,0.8584184815471743,25.84937429428101,59.229888916015625,52.656376,21.642963,0.453625,0.2274942249059677,0.3229521512985229,0.2274942249059677,0.583486795425415,0.1384960711002349,0.1339141428470611,0.3229521512985229,0.6493754982948303,0.2413463145494461,0.2413463145494461,0.8412491679191589,0.8564860224723816,0.7356324195861816,0.8676533699035645,0.7962142825126648,0.4841616153717041,2.7425854206085205,0.7356324195861816,0.880040168762207,0.827999472618103,0.6760377883911133,0.9310407042503356,0.8920581340789795,0.6400609016418457,5.90962028503418,0.6529516577720642,0.6175267845392227,0.6403633952140808,0.13620510697364807,0.21657046675682068
germinal,target_shuffle,0,,nb_s149825_mpnn_4_IL3,14.284913059101063,76.51911354581674,415.06,14.73,5.226,63.31007672920429,0.005939,0.17,0.8049999999999999,226.73,0.585,6.535105063350466,86.55229249011859,,,3.279555555555556,76.988846045274,0.359845,0.62,0.78,,0.1020891466076759,0.8189986042287624,16.178440868854523,47.925140380859375,53.141518,20.581648,0.48333675,0.2485538721084594,0.3565853238105774,0.2485538721084594,0.589938223361969,0.1632077693939209,0.1632077693939209,0.3565853238105774,0.6324356198310852,0.2876227498054504,0.2146366387605667,0.7831802368164062,0.8165459036827087,0.6935073137283325,0.8055984377861023,0.7194669246673584,0.6584156155586243,3.3020055294036865,0.689998209476471,0.8694807291030884,0.8483958840370178,0.7430956363677979,0.9010769128799438,0.8667007684707642,0.5603746771812439,2.447664976119995,0.7430956363677979,0.6006263196468353,0.6198596954345703,0.14995300024747849,0.2511296942830086
germinal,target_shuffle,0,,nb_s465730_mpnn_3_BHRF,13.627548092252098,79.34785993910397,398.13,21.45,5.319696969696969,63.56167313587365,0.007819,0.21,0.84,12.18,0.335,5.3880976842503046,90.98079037800689,,,2.58234375,83.81750064425998,0.467489,0.7,0.83,,0.0681964356484005,0.8463203379710735,17.376742521921795,52.02412414550781,74.06787,15.446889,0.5233303,0.3616410791873932,0.2879396080970764,0.3616410791873932,0.6688563823699951,0.2848372459411621,0.2848372459411621,0.2879396080970764,0.6180481910705566,0.2054124474525451,0.2054124474525451,0.8330497741699219,0.8674617409706116,0.7875781059265137,0.8444176316261292,0.7668055295944214,0.4568889737129211,2.288624763488769,0.7875781059265137,0.7463504076004028,0.6669710874557495,0.3735252618789673,0.8395566344261169,0.7428344488143921,0.8898797035217285,8.197442054748535,0.3708359003067016,0.8972388505935669,0.901863157749176,0.26586008071899414,0.1811138093471527
germinal,target_shuffle,0,,nb_s892360_mpnn_1_IL3,12.527058694871034,81.53686723023372,146.34,9.47,5.765,71.88573137824676,0.021175,0.31,0.835,-52.35,0.218,4.8673249074348925,93.54098814229248,,,3.1563333333333343,92.94413809940733,0.57735,0.79,0.86,,0.4024172558513656,0.8693810347367654,26.02553987503052,43.435665130615234,51.434677,21.537409,0.45998514,0.3503888249397278,0.2633397579193115,0.3503888249397278,0.5867559313774109,0.2912970185279846,0.1438435465097427,0.2633397579193115,0.6063117980957031,0.1775967478752136,0.1775967478752136,0.8802081942558289,0.8742741942405701,0.7886772155761719,0.9030908942222596,0.8873165249824524,0.4638606309890747,2.1835012435913086,0.7798557281494141,0.887943685054779,0.8447861075401306,0.7265638113021851,0.9282886385917664,0.9196579456329346,0.6068434119224548,5.771128177642822,0.7220160365104675,0.6115441620349884,0.6103211045265198,0.21757028251886368,0.16455353051424026
germinal,target_shuffle,0,,nb_s68363_mpnn_3_BHRF,14.098520329235605,78.3671096491228,612.24,31.93,8.441176470588234,59.14145876219271,0.006386,0.18,0.8300000000000001,209.83,0.842,5.860710785182037,90.07158075601374,,,4.224827586206897,77.97250069512262,0.37171,0.61,0.79,,0.0604138895493897,0.8086387659363804,15.976637045542398,67.79228973388672,79.60868,14.342915,0.5855111,0.3116964101791382,0.3855969607830047,0.3116964101791382,0.6157538294792175,0.2356820404529571,0.2356820404529571,0.3855969607830047,0.6907134652137756,0.3093178272247314,0.3093178272247314,0.8422097563743591,0.8643587231636047,0.7946203947067261,0.8541070222854614,0.7606158256530762,0.4756695926189422,2.4852633476257324,0.7946203947067261,0.8122225999832153,0.6976962089538574,0.4414481818675995,0.9049162268638612,0.8532245755195618,0.8382064700126648,6.724739074707031,0.4243505001068115,0.9087960124015808,0.8956926167011261,0.203777477145195,0.30779825150966644
germinal,target_shuffle,0,,nb_s214428_mpnn_1_IL20,15.442618836544344,80.54449443207128,187.82,11.52,5.84375,77.01051337903388,0.0,0.15,0.85,-12.35,0.351,4.068302014009414,95.00406360424029,,,2.936333333333334,93.64133326212566,0.679007,0.83,0.88,,0.0163833031250637,0.8522180107431652,16.800263583660126,56.95009231567383,73.86763,14.676197,0.5606358,0.2965636253356933,0.4342729151248932,0.2965636253356933,0.6125134825706482,0.2175761312246322,0.2175761312246322,0.4342729151248932,0.7124785780906677,0.3647214770317077,0.3647214770317077,0.6319515109062195,0.7160667181015015,0.5507356524467468,0.6522554159164429,0.5985647439956665,1.147059202194214,5.220581531524658,0.5507356524467468,0.8234448432922363,0.7826114296913147,0.7013713717460632,0.8539631962776184,0.8310810923576355,0.8542672991752625,3.358109951019287,0.7013713717460632,0.8885313868522644,0.888433039188385,0.2006719931960106,0.3630000054836273
germinal,target_shuffle,0,,nb_s255632_mpnn_3_IL20,14.673676784577156,79.41546222222222,416.6,21.89,9.317241379310344,64.61256246739805,0.0,0.15,0.84,201.88,0.263,4.983065090087277,92.12724381625442,,,3.54375,86.33571325029645,0.526137,0.72,0.82,,0.0603358887939915,0.8380859327168637,12.569182300567627,63.29014587402344,72.654305,15.13817,0.5455798,0.5529130101203918,0.3524911403656006,0.5529130101203918,0.7290024161338806,0.5088906288146973,0.5088906288146973,0.3524911403656006,0.6525700092315674,0.2774713933467865,0.2774713933467865,0.5876155495643616,0.6154824495315552,0.3256604373455047,0.653104305267334,0.6014358997344971,1.1338649988174438,7.43731164932251,0.2592032849788666,0.8367495536804199,0.7515062093734741,0.6244174838066101,0.889832615852356,0.8596273064613342,0.808881938457489,4.284861087799072,0.6244174838066101,0.8983440101146698,0.8883447051048279,0.4684196263551712,0.26885561645030975
germinal,target_shuffle,0,,nb_s351880_mpnn_1_BHRF,14.095696791488054,78.47041448516579,922.77,43.56,15.504166666666666,64.37100628555365,0.006589,0.18,0.84,355.47,0.678,6.033386001582409,89.99261168384879,,,6.702173913043477,77.9968964149212,0.334395,0.55,0.76,,0.0644665725279401,0.8533380600899675,16.6036864194003,51.29092788696289,73.439095,15.320657,0.54208493,0.3689244985580444,0.3945397138595581,0.3689244985580444,0.6874507665634155,0.2892929017543793,0.2892929017543793,0.3945397138595581,0.7115093469619751,0.3152972757816314,0.3152972757816314,0.8778602480888367,0.9057334065437316,0.8487688899040222,0.8851330876350403,0.8219144344329834,0.3978036046028137,1.6658397912979126,0.8487688899040222,0.877483069896698,0.8389609456062317,0.7218366265296936,0.9163947105407716,0.8903656601905823,0.5710203051567078,3.881744146347046,0.7218366265296936,0.9016320407390594,0.8965244889259338,0.281468465924263,0.31361517310142517
germinal,target_shuffle,0,,nb_s481672_mpnn_2_IL3,11.37184302207502,82.09042617960425,253.59,12.12,6.15,68.19613622162765,0.044632,0.32,0.825,86.59,0.618,5.033769313690263,91.37343873517788,,,2.49125,83.48515204227331,0.44143,0.67,0.8,,0.1170932595026999,0.8627032844632033,,,53.30282,21.047415,0.47174338,0.2327317297458648,0.3446924090385437,0.2327317297458648,0.5913228988647461,0.1430839300155639,0.1430839300155639,0.3446924090385437,0.6493619084358215,0.2685250043869018,0.2324320673942566,0.8060248494148254,0.7508552670478821,0.555596113204956,0.8686320185661316,0.8022469282150269,0.6076349020004272,4.102931499481201,0.555596113204956,0.8683850169181824,0.7767997980117798,0.6140846610069275,0.931960105895996,0.9196118712425232,0.7227932810783386,5.331399440765381,0.6140846610069275,0.6175911724567413,0.6149289458990097,0.1256435252726078,0.2504785358905792
germinal,target_shuffle,0,,nb_s883690_mpnn_4_IL20,13.662386844635344,82.13589539007091,164.14,12.06,10.066071428571428,69.71552266813116,0.005573,0.24,0.855,34.62,0.97,4.762760179300529,94.50130742049473,,,3.2205172413793104,90.93586231100149,0.549982,0.75,0.84,,0.0787709635285183,0.8539593605611095,18.426225503285725,47.00691986083984,70.25098,15.715792,0.5305349,0.3275147676467895,0.3669888377189636,0.3275147676467895,0.6305132508277893,0.2517651617527008,0.2517651617527008,0.3669888377189636,0.6520219445228577,0.2957305312156677,0.2957305312156677,0.5912805199623108,0.6156305074691772,0.3476932942867279,0.6521773338317871,0.5832711458206177,0.7972404956817627,6.158907890319824,0.3309057056903839,0.7520479559898376,0.7151796817779541,0.5361892580986023,0.8060125708580017,0.7456207275390625,0.9204185009002686,5.3042402267456055,0.5361892580986023,0.8720341324806213,0.8625051975250244,0.23192140460014343,0.28999561071395874
germinal,target_shuffle,0,,nb_s895571_mpnn_3_IL3,12.817271008764394,80.47664807302232,687.96,30.34,5.691489361702127,69.68026513054137,0.181824,0.53,0.815,207.05,1.344,6.707004015060381,86.99312252964428,,,3.6103658536585375,78.04275026321412,0.567748,0.76,0.76,,0.5063337118601295,0.8758343701302936,26.55045890808105,58.020469665527344,54.481926,21.353682,0.46479535,0.227291002869606,0.6533756256103516,0.227291002869606,0.5819634199142456,0.1386228948831558,0.1386228948831558,0.6533756256103516,0.7548414468765259,0.6280091404914856,0.4516973495483398,0.8847419619560242,0.8307931423187256,0.7284107804298401,0.9238247275352478,0.9216577410697936,0.4779090285301208,2.6471469402313232,0.689271867275238,0.909174621105194,0.8367629647254944,0.7289391756057739,0.954233467578888,0.9600330591201782,0.5443480610847473,4.872315883636475,0.6923786997795105,0.6113782823085785,0.71102574467659,0.1344936490058899,0.5398532450199127
germinal,target_shuffle,0,,nb_s206217_mpnn_5_IL20,13.910372210915355,81.74053144375553,498.76,34.13,5.707407407407408,69.1581840865761,0.005107,0.18,0.855,188.46,1.243,5.212320793117657,93.20219081272086,,,2.9063636363636363,86.83615288367638,0.436259,0.65,0.8,,0.0783848985117978,0.8523263139729412,6.409979479653495,60.00336456298828,75.196655,10.905936,0.693992,0.3336247205734253,0.391365110874176,0.3336247205734253,0.6265921592712402,0.2603828608989715,0.2603828608989715,0.391365110874176,0.661767303943634,0.3237645626068115,0.3203705251216888,0.6751618385314941,0.7509745955467224,0.607178807258606,0.6921575665473938,0.6377732157707214,0.8057360649108887,5.225276947021484,0.5897671580314636,0.8456236124038696,0.8031451106071472,0.7323484420776367,0.8739423155784607,0.8472934365272522,0.6996989250183105,2.994283437728882,0.7323484420776367,0.9062587916851044,0.8812258243560791,0.24238713830709457,0.3220675438642502
germinal,target_shuffle,0,,nb_s72302_mpnn_3_IL20,11.307548469387756,83.68639039855071,61.86,5.41,4.090000000000001,74.45331102728328,0.035251,0.37,0.87,-56.98,0.554,4.878976403061224,94.48496428571428,,,2.1588095238095244,90.98590885509144,0.473711,0.73,0.83,,0.1019385467548971,0.8700977471399579,11.220730781555176,68.51775360107422,75.93855,13.421311,0.5679471,0.3008544147014618,0.5482105016708374,0.3008544147014618,0.6153130531311035,0.2222397476434707,0.2222397476434707,0.5482105016708374,0.7775049209594727,0.4908868968486786,0.4908868968486786,0.5809940695762634,0.5893931984901428,0.2818353772163391,0.6557837724685669,0.599873423576355,1.153728485107422,7.9386162757873535,0.2325796037912368,0.8797953724861145,0.8131335973739624,0.7019925713539124,0.9242460131645204,0.9013951420783995,0.5330814123153687,2.351180076599121,0.7019925713539124,0.9146988093852997,0.9156078100204468,0.21634599566459656,0.48365460336208344
germinal,target_shuffle,0,,nb_s652766_mpnn_5_BHRF,7.294938753858025,85.02156112576957,67.55,4.24,5.636666666666666,80.4101646729448,0.55403,0.76,0.85,-91.97,0.49,4.85420826099537,92.8645138888889,,,3.64774193548387,87.51757627544981,0.520349,0.75,0.85,,0.3925189587582868,0.8812859214845026,14.99090388615926,59.32598876953125,74.54038,14.178704,0.5758176,0.3811394870281219,0.5318459868431091,0.3811394870281219,0.6719659566879272,0.3084328472614288,0.3084328472614288,0.5318459868431091,0.7866950035095215,0.4681337177753448,0.4681337177753448,0.8005083203315735,0.7484400272369385,0.5095070004463196,0.8732585906982422,0.7904778122901917,0.612649142742157,5.334218502044678,0.5095070004463196,0.8286423087120056,0.7309232950210571,0.4932750463485718,0.912484049797058,0.8467438817024231,0.8057317733764648,8.385826110839844,0.4932750463485718,0.899340957403183,0.9016097187995911,0.2836104929447174,0.4557258039712906
germinal,target_shuffle,0,,nb_s133952_mpnn_4_BHRF,11.10899040316358,81.5453442188879,235.93,13.8,8.327142857142857,68.4291409280023,0.063257,0.41,0.8300000000000001,-21.43,0.217,4.245837553047839,93.97434027777778,,,2.8868965517241376,92.1273333231608,0.710258,0.85,0.9,,0.5392554650682821,0.8682226996892343,16.872756958007812,44.41182327270508,72.56761,15.73392,0.53855455,0.3427755236625671,0.4577323794364929,0.3427755236625671,0.6589211821556091,0.2637391090393066,0.2637391090393066,0.4577323794364929,0.7529597878456116,0.3839255571365356,0.3839255571365356,0.8145157098770142,0.7173275351524353,0.437006801366806,0.9088929295539856,0.8326583504676819,0.6435099840164185,5.612096309661865,0.4297923147678375,0.8396880030632019,0.7313982248306274,0.4843757152557373,0.9285160899162292,0.8805449604988098,0.7876136302947998,6.8572096824646,0.4843757152557373,0.8956700265407562,0.9078294634819031,0.24141737818717957,0.38284802436828613
germinal,target_shuffle,0,,nb_s233025_mpnn_1_BHRF,13.548503809799378,79.45672663448882,767.43,49.63,5.734375,63.57347344815889,0.008781,0.21,0.835,271.85,1.331,7.925236786265431,88.83763888888888,,,3.0043478260869563,77.64407334504304,0.202885,0.47,0.71,,0.1031999708686539,0.8753748113180947,14.656108125050862,64.65978240966797,74.22794,14.193049,0.57695293,0.3109968304634094,0.4725725352764129,0.3109968304634094,0.6388345956802368,0.2290373891592025,0.2290373891592025,0.4725725352764129,0.7337800860404968,0.4072706401348114,0.4072706401348114,0.8360065817832947,0.8097712993621826,0.6924925446510315,0.8718850612640381,0.804643988609314,0.5511189699172974,4.113083839416504,0.6924925446510315,0.8122966885566711,0.7764764428138733,0.577998697757721,0.8708711266517639,0.7980146408081055,0.7021768093109131,5.350365161895752,0.577998697757721,0.9005321562290192,0.8789999186992645,0.20654463022947311,0.3881949633359909
germinal,target_shuffle,0,,nb_s233025_mpnn_2_BHRF,13.105299961419751,79.8265552133744,271.62,15.24,8.05625,64.01081949572628,0.007462,0.2,0.835,47.66,1.151,6.840387852044753,88.83722222222224,,,7.268333333333333,71.714137636382,0.244462,0.5,0.74,,0.0699217248423267,0.8713655622037627,13.297362089157104,50.7031364440918,74.03687,14.15781,0.55786365,0.3767619132995605,0.4904176592826843,0.3767619132995605,0.6797733306884766,0.3010090589523315,0.3010090589523315,0.4904176592826843,0.7668331861495972,0.4213137328624725,0.4213137328624725,0.8288196921348572,0.7811546325683594,0.5808113217353821,0.8908217549324036,0.7907761335372925,0.5259164571762085,4.680899143218994,0.5635104775428772,0.8649870157241821,0.8269819021224976,0.6758683323860168,0.9122666120529176,0.8417916893959045,0.5449113249778748,3.6683945655822754,0.6758683323860168,0.9131997525691986,0.9017392694950104,0.28510841727256775,0.4179009348154068
germinal,target_shuffle,0,,nb_s666722_mpnn_1_BHRF,10.178724199459875,82.12019911504424,288.8,14.85,8.726470588235294,66.6790412136575,0.119748,0.42,0.835,62.48,1.074,5.345215808256174,91.1915625,,,3.2423076923076914,81.8362949512623,0.431629,0.68,0.81,,0.1549999983773401,0.8627032844632033,15.947413762410482,66.5046615600586,73.215904,15.487758,0.5515941,0.6452264785766602,0.4306861758232116,0.6452264785766602,0.8368099331855774,0.597330629825592,0.5887104272842407,0.4306861758232116,0.7269290685653687,0.3566254377365112,0.3566254377365112,0.8206247687339783,0.8130441308021545,0.6400429606437683,0.865770161151886,0.7674064040184021,0.513921320438385,3.147055387496948,0.6400429606437683,0.8230041861534119,0.7769031524658203,0.5724754929542542,0.8856363296508789,0.7848421335220337,0.6081914305686951,4.7779541015625,0.5724754929542542,0.9217410683631897,0.9169594347476959,0.5930205285549164,0.343129500746727
germinal,target_shuffle,0,,nb_s666722_mpnn_2_IL20,12.444536989795916,81.19061874431301,88.29,5.55,5.605,64.50484672700024,0.00608,0.21,0.85,-95.5,0.273,4.890504336734693,94.0705714285714,,,2.4571875,89.02200012207031,0.47419,0.74,0.81,,0.0812756600366141,0.8583044901796296,14.713512420654297,56.22043228149414,72.062416,14.711609,0.552218,0.3120050430297851,0.3817408084869385,0.3120050430297851,0.6236966848373413,0.2340821325778961,0.2340821325778961,0.3817408084869385,0.6859601140022278,0.3056859672069549,0.3032233715057373,0.6190293431282043,0.7678053975105286,0.6118593215942383,0.6208218336105347,0.5379505753517151,0.7849335074424744,4.049159049987793,0.6118593215942383,0.7623816132545471,0.7145770192146301,0.5231884121894836,0.822179913520813,0.7358725666999817,0.9195111393928528,6.235840320587158,0.5231884121894836,0.9049187302589417,0.9054151177406311,0.21375294774770737,0.30445466935634613
germinal,target_shuffle,0,,nb_s645924_mpnn_3_BHRF,10.663715277777778,83.09277262693156,81.09,5.96,5.522916666666667,72.82458093802249,0.114604,0.42,0.85,10.73,0.519,5.46305362654321,91.68239583333332,,,2.6,87.04960052490235,0.522307,0.74,0.84,,0.0832584005359614,0.8599840536648865,20.31301212310791,42.781524658203125,72.70731,16.511757,0.5279359,0.6389933228492737,0.6841193437576294,0.6389933228492737,0.8386706113815308,0.5890739560127258,0.5890739560127258,0.6841193437576294,0.8553881049156189,0.6413021683692932,0.6413021683692932,0.881368100643158,0.8701009154319763,0.7576417922973633,0.9122996926307678,0.8401501178741455,0.4046219885349273,1.9615464210510247,0.7576417922973633,0.8597219586372375,0.7918316125869751,0.6065077781677246,0.9230255484580994,0.8615154027938843,0.5554618835449219,4.417953014373779,0.6065077781677246,0.9221854209899902,0.9233240187168121,0.5846060514450073,0.6299204528331757
germinal,target_shuffle,0,,nb_s609713_mpnn_4_BHRF,12.62684944058642,83.68917398945518,238.8,15.58,5.320689655172414,71.41193330740917,0.023218,0.32,0.87,77.4,0.41,4.68211082175926,94.48086805555556,,,2.87,89.17482889109644,0.52925,0.73,0.85,,0.1121423642184839,0.860358766982608,17.86694633960724,63.58346176147461,75.557945,14.814846,0.55822337,0.2776153683662414,0.4349608421325683,0.2776153683662414,0.6105058193206787,0.1943927556276321,0.1943927556276321,0.4349608421325683,0.714677095413208,0.3650317788124084,0.3650317788124084,0.8348720669746399,0.8158915638923645,0.6433752775192261,0.8827462196350098,0.8373836278915405,0.4563148915767669,4.025406837463379,0.6433752775192261,0.8131193518638611,0.741828203201294,0.51548171043396,0.8875287771224976,0.8315930962562561,0.6535432934761047,7.848969459533691,0.51548171043396,0.9147781431674957,0.9081903696060181,0.16574051976203918,0.34537769854068756
germinal,target_shuffle,0,,nb_s792926_mpnn_4_BHRF,12.494127363040125,79.91826948480846,471.12,27.96,8.783333333333333,63.13081591392215,0.022821,0.24,0.8300000000000001,285.55,1.174,5.753457995756173,90.97138888888888,,,5.307142857142857,80.48961624732384,0.394064,0.63,0.8,,0.0728995399027316,0.8462196980752609,17.6609970501491,47.93398284912109,73.41653,15.647565,0.52056694,0.325109452009201,0.3753076791763305,0.325109452009201,0.6563442349433899,0.2423007488250732,0.2423007488250732,0.3753076791763305,0.6861683130264282,0.2975925207138061,0.2975925207138061,0.8032771944999695,0.748337984085083,0.5167340040206909,0.8749129772186279,0.8140631914138794,0.5315589308738708,5.247109413146973,0.5167340040206909,0.7831246852874756,0.6439095735549927,0.3036697804927826,0.9029884338378906,0.8552142977714539,0.7738919258117676,9.522102355957031,0.3032101988792419,0.8980987370014191,0.8950506150722504,0.22346734255552292,0.28050340712070465
germinal,target_shuffle,0,,nb_s792926_mpnn_5_IL20,14.789002551020408,79.45753964657906,164.56,12.26,10.820000000000002,65.46406426106638,0.005371,0.16,0.8400000000000001,59.84,0.736,5.750366326530614,92.63942857142858,,,5.2938,85.25519958496093,0.363387,0.63,0.8,,0.0782635233940381,0.8379729590773659,11.175680024283272,65.09272003173828,73.882835,14.060622,0.562508,0.3839908242225647,0.374959647655487,0.3839908242225647,0.6690446138381958,0.3127273321151733,0.3052268028259277,0.374959647655487,0.6490305066108704,0.3064419329166412,0.3064419329166412,0.587060809135437,0.6259737610816956,0.3489904105663299,0.6465783715248108,0.5820143818855286,1.100236892700195,7.191595077514648,0.3046134412288666,0.8280728459358215,0.8062747120857239,0.6777024865150452,0.8656654357910156,0.8336447477340698,0.7505106329917908,3.0454366207122803,0.6777024865150452,0.8974553942680359,0.8759806156158447,0.30897706747055054,0.28966011106967926
germinal,target_shuffle,0,,nb_s807208_mpnn_5_PDL1,9.69380975271057,82.92277926242652,111.75,6.84,4.906451612903226,67.35750596955626,0.071215,0.34,0.85,-117.88,0.359,4.3043545372002345,93.43101265822786,,,2.982580645161291,86.6842850276402,0.508898,0.71,0.82,,0.0905800593511504,0.8604976271837477,22.111133575439453,52.66981506347656,68.14853,17.327288,0.49291885,0.3463124632835388,0.5099813938140869,0.3463124632835388,0.6805039048194885,0.262764573097229,0.262764573097229,0.5099813938140869,0.7603598833084106,0.4473867416381836,0.4086952805519104,0.8236746788024902,0.8162428140640259,0.682172954082489,0.8590500950813293,0.7723819613456726,0.4926643669605255,2.9421608448028564,0.6374258399009705,0.8268213272094727,0.7932313680648804,0.6272650361061096,0.8767104148864746,0.792439877986908,0.5106462836265564,4.141583442687988,0.58793705701828,0.8864485323429108,0.8798547387123108,0.26158495247364044,0.428041011095047
germinal,target_shuffle,0,,nb_s358395_mpnn_2_PDL1,11.949954601292529,80.61934724451578,169.25,11.61,9.053846153846154,62.30753444885266,0.01316,0.2,0.83,-69.49,0.453,5.5530630774982646,91.77493670886076,,,4.008181818181818,79.59919982910156,0.302684,0.56,0.76,,0.1384200549521399,0.8922715896810823,,,67.770256,17.220255,0.49242994,0.3437806367874145,0.4786982536315918,0.3437806367874145,0.6793814301490784,0.2598804235458374,0.2598804235458374,0.4786982536315918,0.7545348405838013,0.409739077091217,0.3977595865726471,0.8296071887016296,0.8728740215301514,0.7508438229560852,0.8492980599403381,0.7387731671333313,0.3927757143974304,1.8025946617126465,0.7440017461776733,0.8483763933181763,0.8216613531112671,0.6532322764396667,0.8971623778343201,0.8176709413528442,0.4964251816272735,3.074170112609864,0.6331108212471008,0.8951564729213715,0.891973465681076,0.25311390310525894,0.40374933183193207
germinal,target_shuffle,0,,nb_s556135_mpnn_1_IL20,9.460483418367348,84.57661246612466,121.89,10.9,6.094444444444445,75.69107655374339,0.235425,0.58,0.86,-52.19,0.225,4.86200025510204,94.74210714285717,,,2.9752777777777784,90.41380964006696,0.448175,0.72,0.83,,0.1753491469354156,0.8648874619256618,15.582212448120115,57.88922119140625,72.90238,15.152065,0.5397191,0.2908920645713806,0.3968427181243896,0.2908920645713806,0.6109228134155273,0.2108843624591827,0.2108843624591827,0.3968427181243896,0.6551784873008728,0.33225879073143,0.33225879073143,0.6195046305656433,0.6539856791496277,0.3963103890419006,0.6753031611442566,0.6160807609558105,0.7373405694961548,6.639663696289063,0.3581284880638122,0.7609546780586243,0.6786370277404785,0.4894265830516815,0.8288366794586182,0.7848548889160156,0.8697224259376526,6.526560306549072,0.4894265830516815,0.8986114859580994,0.8749565184116364,0.1853122040629387,0.299484446644783
germinal,target_shuffle,0,,nb_s556135_mpnn_2_IL20,11.137119897959186,83.46348636363636,163.9,15.01,6.050000000000001,70.26033884305475,0.066389,0.38,0.86,-2.84,0.496,5.20358443877551,93.63264285714286,,,3.5264705882352945,87.48428417387463,0.439123,0.71,0.82,,0.0984038979509872,0.8586701587183346,11.59202003479004,69.38668823242188,77.1967,13.636516,0.5672309,0.2809860706329345,0.4491007328033447,0.2809860706329345,0.6035065054893494,0.2003559619188308,0.2003559619188308,0.4491007328033447,0.6933276653289795,0.388043999671936,0.388043999671936,0.5472880601882935,0.5445182919502258,0.2321004122495651,0.6260849237442017,0.5882723927497864,1.3212823867797852,8.548809051513672,0.2284829914569854,0.864035427570343,0.8448541760444641,0.8048166036605835,0.8788400888442993,0.8557484745979309,0.7223563194274902,3.0050740242004395,0.8048166036605835,0.8888412415981293,0.8664821088314056,0.18223974853754044,0.36856208741664886
germinal,target_shuffle,0,,nb_s358395_mpnn_3_PDL1,11.901317452687428,81.06924719701016,166.42,10.31,8.114583333333334,62.28379277781252,0.00757,0.21,0.84,-116.87,0.511,6.096278730260463,91.92059071729958,,,4.780263157894737,82.86090954867277,0.270039,0.52,0.74,,0.1270558487158951,0.9080378607414296,,,67.75393,17.2777,0.49243298,0.3024004101753235,0.4420783519744873,0.3024004101753235,0.6501773595809937,0.2154561728239059,0.2154561728239059,0.4420783519744873,0.737696647644043,0.368173748254776,0.368173748254776,0.8024398684501648,0.78941410779953,0.5883554816246033,0.8559610247612,0.7663117051124573,0.5635130405426025,3.901034355163574,0.5599403977394104,0.899528980255127,0.8737943172454834,0.7602779269218445,0.9343417286872864,0.9011021256446838,0.4674651026725769,3.251065731048584,0.7185350060462952,0.8894912600517273,0.8910005390644073,0.20128057152032852,0.3663981109857559
germinal,target_shuffle,0,,nb_s604314_mpnn_3_BHRF,12.860850694444446,81.30162126537785,405.83,19.99,13.294736842105262,65.70546521724495,0.030277,0.31,0.835,77.39,0.958,6.009064067322531,91.34524305555556,,,5.611666666666667,81.15448405824858,0.382677,0.62,0.78,,0.0902027462780624,0.8706524634573308,17.626640379428864,50.19451522827149,73.31482,15.440496,0.54354864,0.311363935470581,0.3959379196166992,0.311363935470581,0.6320527791976929,0.2311917245388031,0.2311917245388031,0.3959379196166992,0.6984659433364868,0.3203058838844299,0.3203058838844299,0.758259117603302,0.6094835996627808,0.2635218501091003,0.88194340467453,0.8113563060760498,0.6883795261383057,9.117347717285156,0.1872491091489792,0.7721468210220337,0.6562904715538025,0.3797398805618286,0.8702484965324402,0.8068084120750427,0.7937861084938049,9.12925148010254,0.3477846086025238,0.8968335390090942,0.9022479057312012,0.21026574820280075,0.30170516669750214
germinal,target_shuffle,0,,nb_s877988_mpnn_3_IL20,13.99034693877551,77.96607577807848,375.18,20.22,9.28026315789474,59.42988259955837,0.005555,0.21,0.8200000000000001,164.76,0.692,7.14400676020408,89.80257142857143,,,5.252205882352941,77.73416699303522,0.257225,0.53,0.75,,0.0897016225817985,0.8423556592340304,10.00855360031128,65.95735168457031,73.2076,13.430684,0.58922493,0.2763963341712951,0.3232976794242859,0.2763963341712951,0.5977362394332886,0.196061372756958,0.196061372756958,0.3232976794242859,0.640597403049469,0.2439727336168289,0.2439727336168289,0.6025099158287048,0.600041389465332,0.3572087585926056,0.6638352274894714,0.5924868583679199,0.9944227933883668,8.328390121459961,0.3572087585926056,0.7811688184738159,0.697402834892273,0.571479856967926,0.8335910439491272,0.7803440690040588,0.8811908960342407,4.960489273071289,0.571479856967926,0.8987144231796265,0.9016419053077698,0.173213891685009,0.22792916744947433
germinal,target_shuffle,0,,nb_s283003_mpnn_2_IL20,6.460656887755103,86.92683385579937,81.0,4.7,5.554166666666666,79.45085079336235,0.368215,0.68,0.885,-35.89,0.55,3.7606776785714287,96.08985714285714,,,2.805806451612903,94.65500044822691,0.688187,0.82,0.87,,0.1653781608299855,0.8813696755876129,14.720268181392123,57.6512565612793,72.12861,14.323533,0.556433,0.2687051594257355,0.4237012863159179,0.2687051594257355,0.5975903868675232,0.1864838302135467,0.1864838302135467,0.4237012863159179,0.6974122524261475,0.3552735149860382,0.3552735149860382,0.6489980816841125,0.752677857875824,0.592415988445282,0.6631435751914978,0.587075412273407,0.6159232258796692,3.815827608108521,0.5663987994194031,0.8263956904411316,0.7986301183700562,0.6956551671028137,0.8590807914733887,0.8310009241104126,0.7576004862785339,2.8955910205841064,0.6956551671028137,0.8960751295089722,0.8663120865821838,0.1620125100016594,0.3527043014764786
germinal,target_shuffle,0,,nb_s283003_mpnn_3_PDL1,6.326973953604301,86.005582010582,77.75,5.29,4.196666666666667,79.18417765660719,0.348627,0.67,0.85,-150.09,0.4,4.170738485641546,94.73447257383968,,,2.260178571428572,90.5811109189634,0.533008,0.76,0.84,,0.0650225089572879,0.8791245631428924,22.529186248779297,47.84307861328125,65.9854,17.567356,0.47390872,0.3452256023883819,0.4422972798347473,0.3452256023883819,0.6825418472290039,0.2608965337276459,0.2608965337276459,0.4422972798347473,0.7444159984588623,0.3667675852775574,0.3667675852775574,0.8795814514160156,0.8774291276931763,0.8209351301193237,0.894243061542511,0.8542600274085999,0.3694895207881927,1.344959020614624,0.7724310159683228,0.8883699774742126,0.8482329249382019,0.7474206686019897,0.9236072301864624,0.9079408049583436,0.4161901772022247,2.8962621688842773,0.6983796954154968,0.8981903195381165,0.9020372927188873,0.24446327984333038,0.3539489507675171
germinal,target_shuffle,0,,nb_s807688_mpnn_3_IL20,8.145461734693878,83.87575317604356,89.49,5.68,6.621875,76.07870056286289,0.25227,0.65,0.86,41.65,0.278,4.379839158163265,93.75592857142856,,,3.8638571428571433,91.46375179290771,0.688344,0.84,0.88,,0.328857259009476,0.8649308971059539,12.037306785583496,68.1067123413086,74.1805,14.172372,0.56333524,0.3106444776058197,0.4090313911437988,0.3106444776058197,0.6122126579284668,0.2352524101734161,0.2352524101734161,0.4090313911437988,0.6672208905220032,0.3444840312004089,0.3444840312004089,0.631016194820404,0.6813130378723145,0.449246197938919,0.6764586567878723,0.5795530676841736,0.9328198432922364,5.854108810424805,0.4148762822151184,0.8457449078559875,0.8441911339759827,0.7742590308189392,0.8636163473129272,0.8081175088882446,0.5476034879684448,2.3636269569396973,0.7742590308189392,0.907385379076004,0.8987860679626465,0.225688599050045,0.3178241550922394
germinal,target_shuffle,0,,nb_s81839_mpnn_1_BHRF,12.517749324845678,83.13740350877192,276.21,18.93,10.314285714285711,70.09644135824385,0.019894,0.25,0.865,-33.19,0.466,5.7003657889660495,92.43572916666666,,,5.285740740740741,84.03769038273738,0.359722,0.59,0.78,,0.0879987951671491,0.8860760955323012,16.03262300491333,47.462345123291016,74.00629,15.172737,0.53991926,0.3595020771026611,0.5645352602005005,0.3595020771026611,0.6507108211517334,0.286699891090393,0.286699891090393,0.5645352602005005,0.7888864874839783,0.5084474682807922,0.5084474682807922,0.8541454672813416,0.8305938243865967,0.6990652680397034,0.8929154276847839,0.8173381090164185,0.4885112345218658,3.1401870250701904,0.6990652680397034,0.8604493141174316,0.7913084030151367,0.610723078250885,0.9228808879852296,0.8708531856536865,0.6137478947639465,5.839566707611084,0.610723078250885,0.9150679707527161,0.9221141934394836,0.2726799249649048,0.4856605678796768
germinal,target_shuffle,0,,nb_s81839_mpnn_3_IL20,13.527184948979592,83.01491891891892,193.99,13.22,4.513461538461538,67.77963485713697,0.006207,0.2,0.875,95.4,0.523,6.414386096938776,92.19667857142856,,,2.9589130434782605,79.35039962768555,0.269191,0.51,0.73,,0.0951125766995633,0.8936820281756066,15.506067037582396,58.20829391479492,73.32215,14.569136,0.5577811,0.2952757477760315,0.4491417407989502,0.2952757477760315,0.6076005697250366,0.2171945422887802,0.2171945422887802,0.4491417407989502,0.7148091793060303,0.3827248811721802,0.3827248811721802,0.7071756720542908,0.8528132438659668,0.7589008808135986,0.6942443251609802,0.6225990056991577,0.57120281457901,2.051596164703369,0.7589008808135986,0.8441565632820129,0.8365902900695801,0.7587448358535767,0.8655095100402832,0.8274516463279724,0.601058304309845,2.164270162582397,0.7587448358535767,0.9093791842460632,0.8943481147289276,0.19045871496200562,0.36453360319137573
germinal,target_shuffle,0,,nb_s206830_mpnn_1_PDL1,8.631262796204313,85.2742780172414,10.64,0.92,3.756818181818181,76.29882486724922,0.131566,0.47,0.85,-164.41,0.4,3.4139952642916915,96.65135021097048,,,1.6228846153846157,95.01666683620876,0.682697,0.84,0.89,,0.265049688241615,0.8428895396821766,22.9969539642334,39.662235260009766,67.48249,17.202482,0.49045104,0.338866114616394,0.6780077219009399,0.338866114616394,0.6634244918823242,0.2577264904975891,0.2531697750091553,0.6780077219009399,0.8464499115943909,0.635897159576416,0.6341004371643066,0.8167160153388977,0.767533540725708,0.5604283809661865,0.8807879686355591,0.8193574547767639,0.5142194032669067,3.734299898147583,0.5266934633255005,0.8941810727119446,0.8637077808380127,0.7797189354896545,0.9227966070175172,0.8921819925308228,0.4004461467266083,1.7526402473449707,0.7321112155914307,0.8839567601680756,0.9280773103237152,0.2554481327533722,0.6349987983703613
germinal,target_shuffle,0,,nb_s289628_mpnn_1_PDL1,10.194048318467482,82.65091297383876,160.92,11.91,6.553703703703703,68.31319786153507,0.049587,0.29,0.84,-132.82,0.54,5.806906122594313,91.05308016877636,,,4.285499999999999,81.14045472578569,0.305822,0.54,0.74,,0.119992454110517,0.887721637539739,,,68.44123,16.875162,0.50000715,0.3455161452293396,0.5003677606582642,0.3455161452293396,0.6741790771484375,0.2633503973484039,0.2633503973484039,0.5003677606582642,0.7744236588478088,0.4318537414073944,0.4318537414073944,0.8657868504524231,0.8873050808906555,0.7842004895210266,0.8861834406852722,0.7963775396347046,0.3675060272216797,1.522653341293335,0.7731633186340332,0.8745852708816528,0.8325614333152771,0.6849384307861328,0.9219969511032104,0.8554943203926086,0.534047544002533,4.260547161102295,0.6700779795646667,0.8940392136573792,0.8941808938980103,0.25439440459012985,0.4214635491371155
germinal,target_shuffle,0,,nb_s450006_mpnn_3_IL20,9.377125,83.16039927404718,202.15,11.19,6.4390625,68.86227042597179,0.131817,0.42,0.86,124.2,0.528,5.767004719387755,91.11146428571428,,,3.19967741935484,82.09636387680516,0.336624,0.6,0.77,,0.1850528817058156,0.859023760560803,10.425288779394966,59.771278381347656,73.791695,11.98222,0.6328643,0.3913846015930176,0.3439247608184814,0.3913846015930176,0.6694411039352417,0.3218704462051391,0.3218704462051391,0.3439247608184814,0.6521645784378052,0.2668648064136505,0.2668648064136505,0.5545163154602051,0.5784829258918762,0.2547085583209991,0.6294682621955872,0.5692236423492432,0.8387625813484192,7.817806243896484,0.2127462476491928,0.7702616453170776,0.7099844813346863,0.522256076335907,0.8322629928588867,0.7684915065765381,0.7980661392211914,6.651886940002441,0.522256076335907,0.9046650528907776,0.8865139484405518,0.30839118361473083,0.25596314668655396
germinal,target_shuffle,0,,nb_s483532_mpnn_3_BHRF,13.861604214891978,78.1525597874225,736.87,46.53,10.04423076923077,55.827256026578965,0.006884,0.18,0.815,184.08,0.707,6.614560546875001,87.98920138888889,,,6.133333333333333,72.30517288734173,0.310814,0.58,0.78,,0.0937047616629859,0.8419822316159089,17.414691274816338,61.53963088989258,73.96094,15.426173,0.5531091,0.2778124809265136,0.4477255344390869,0.2778124809265136,0.6163148880004883,0.19318687915802,0.19318687915802,0.4477255344390869,0.7294161915779114,0.3773028254508972,0.3773028254508972,0.8246310353279114,0.8306882977485657,0.7021979689598083,0.8552393317222595,0.7712962031364441,0.498363584280014,2.678421974182129,0.7021979689598083,0.792890191078186,0.7306251525878906,0.5132968425750732,0.8627884984016418,0.7652465105056763,0.8049550652503967,7.202411651611328,0.5132968425750732,0.9047701358795166,0.8912289142608643,0.170485720038414,0.3592114895582199
germinal,target_shuffle,0,,nb_s754136_mpnn_1_IL20,14.123091836734696,79.34377807726864,357.61,21.02,11.9734375,64.5021418066646,0.00519,0.19,0.845,190.96,1.072,4.478256887755102,93.49017857142856,,,3.4790625000000004,89.72307792076698,0.60903,0.79,0.87,,0.0440168411456734,0.8432792931742342,13.158760945002236,66.52268981933594,73.079216,14.72095,0.5650062,0.2724245190620422,0.3497993946075439,0.2724245190620422,0.5963293313980103,0.1914483308792114,0.1914483308792114,0.3497993946075439,0.6335627436637878,0.2788585722446441,0.2788585722446441,0.6051260828971863,0.5764104723930359,0.260906845331192,0.6911808252334595,0.6360788941383362,1.1860514879226685,7.436867713928223,0.2091731429100036,0.8126521110534668,0.7742735743522644,0.6329478621482849,0.8575781583786011,0.8315531611442566,0.7317109704017639,5.036325454711914,0.6329478621482849,0.9057589471340179,0.8617549538612366,0.1642230600118637,0.26066558063030243
germinal,target_shuffle,0,,nb_s327251_mpnn_3_PDL1,6.248485819580194,88.38354347826089,98.36,7.72,3.0152173913043483,81.85212808783253,0.331025,0.67,0.86,-118.91,0.324,3.3291721412166857,96.64299578059072,,,1.7683333333333335,95.39291795094807,0.705113,0.85,0.89,,0.7861737070395637,0.8990244167714889,,,69.47792,17.105448,0.49637145,0.3863975405693054,0.4421241879463196,0.3863975405693054,0.715401828289032,0.3041464388370514,0.3041464388370514,0.4421241879463196,0.7503414154052734,0.3650698661804199,0.3650698661804199,0.8967637419700623,0.8855972290039062,0.8087698221206665,0.91876220703125,0.8769067525863647,0.4249870479106903,1.8093159198760984,0.7779285907745361,0.9018661379814148,0.8538416624069214,0.7191738486289978,0.9475392699241638,0.913597047328949,0.419522076845169,2.965521812438965,0.7020882964134216,0.9136545062065125,0.9109626710414886,0.29851751029491425,0.360195130109787
germinal,target_shuffle,0,,nb_s327251_mpnn_4_IL20,5.949483418367346,86.46773224043716,57.15,3.13,5.02051282051282,78.84418985382105,0.472658,0.75,0.875,-42.0,0.296,3.482596428571429,95.962,,,2.092714285714285,95.3645468047171,0.771677,0.86,0.9,,0.4366455414324914,0.8849774552829964,15.808240294456482,62.82996368408203,73.92873,15.1445675,0.54197556,0.7660150527954102,0.3665302991867065,0.7660150527954102,0.8782735466957092,0.7379503846168518,0.7379503846168518,0.3665302991867065,0.6506142616271973,0.2955092787742615,0.2955092787742615,0.6555723547935486,0.7670817375183105,0.5980824828147888,0.6699447631835938,0.6103276014328003,0.7284175157546997,4.539931297302246,0.5914161801338196,0.7925922274589539,0.7708461284637451,0.6237068772315979,0.8348135948181152,0.7769283056259155,0.8024021983146667,5.492373943328857,0.6237068772315979,0.9167577624320984,0.9064438045024872,0.7214186489582062,0.2660992965102196
germinal,target_shuffle,0,,nb_s24110_mpnn_5_BHRF,12.029322193287038,79.79017613386173,597.94,34.35,9.78,61.55962380692242,0.04065,0.27,0.835,185.54,0.345,6.03234893422068,90.93861111111111,,,5.4596,76.3764529074392,0.351458,0.61,0.79,,0.0952112442616618,0.8591204109727156,16.99708843231201,44.24889755249024,73.364944,16.120419,0.5310247,0.4388142228126526,0.6254787445068359,0.4388142228126526,0.7283959984779358,0.3664187788963318,0.3664187788963318,0.6254787445068359,0.8403403162956238,0.5717633366584778,0.541994035243988,0.8175312876701355,0.7521858215332031,0.5050541162490845,0.8956506252288818,0.7879432439804077,0.572072446346283,4.738682270050049,0.5021591782569885,0.8618258833885193,0.8222187757492065,0.6567475199699402,0.913095474243164,0.8351109027862549,0.5716140270233154,4.805310726165772,0.6567475199699402,0.9004520773887634,0.908366471529007,0.3564934879541397,0.5568786859512329
germinal,target_shuffle,0,,nb_s105046_mpnn_2_PDL1,13.654754401894284,78.67639935414424,58.34,4.22,9.636363636363637,66.2238456773833,0.005835,0.24,0.815,-101.4,0.34,3.579956559668145,96.23919831223628,,,3.44547619047619,94.87428610665458,0.730766,0.84,0.88,,0.0979036153993229,0.8254509148449449,20.7873649597168,56.06072616577149,66.126884,17.893887,0.47601032,0.338008165359497,0.4925465583801269,0.338008165359497,0.6824547052383423,0.2518965303897857,0.2518965303897857,0.4925465583801269,0.7690718173980713,0.4234152436256408,0.4204112589359283,0.8682993054389954,0.8852604031562805,0.801649272441864,0.8849617838859558,0.800618052482605,0.3801614344120025,1.3146525621414185,0.7859366536140442,0.8776385188102722,0.8514358401298523,0.7274312376976013,0.91519033908844,0.8466020822525024,0.4547526240348816,3.088763952255249,0.7225772738456726,0.9024441242218018,0.9007312655448914,0.24402488768100739,0.4219132512807846
germinal,target_shuffle,0,,nb_s141576_mpnn_4_PDL1,9.322532001637915,84.83043733333334,77.27,6.63,3.4875000000000003,74.06619220102856,0.102809,0.41,0.87,-136.08,0.282,4.383828446296,94.1753164556962,,,2.3420454545454543,92.14913011633833,0.550359,0.77,0.84,,0.2261057590153253,0.8684381889250709,20.155234336853027,43.46638107299805,65.91777,17.109287,0.4929032,0.4242236018180847,0.5105231404304504,0.4242236018180847,0.734157383441925,0.3467401564121246,0.3467401564121246,0.5105231404304504,0.7870321273803711,0.4413958787918091,0.4413958787918091,0.8010105490684509,0.7311528921127319,0.5998507142066956,0.8513004183769226,0.7494065761566162,0.593273401260376,4.00552225112915,0.4725742936134338,0.8323176503181458,0.7444140911102295,0.5400139093399048,0.9053936004638672,0.8409059643745422,0.5911350250244141,5.670670986175537,0.5185997486114502,0.9032886028289795,0.9096506834030151,0.338759645819664,0.4347340762615204
germinal,target_shuffle,0,,nb_s614599_mpnn_3_IL20,10.395107142857142,84.57231045311799,48.82,4.4,5.280952380952381,76.79375324762572,0.130214,0.51,0.86,64.3,0.481,4.466424744897959,94.88139285714286,,,3.146590909090909,92.06900024414062,0.623822,0.8,0.86,,0.2208577038665764,0.8649308971059539,11.45586773482236,70.26776123046875,73.63579,13.419603,0.5966834,0.3692177236080169,0.3975867033004761,0.3692177236080169,0.6390225291252136,0.3017665147781372,0.3017665147781372,0.3975867033004761,0.689145565032959,0.3246970176696777,0.3246970176696777,0.5944716334342957,0.6309989094734192,0.3451180458068847,0.6568100452423096,0.6122920513153076,0.8857739567756653,6.8217058181762695,0.3122172653675079,0.8517158627510071,0.8255440592765808,0.7215502858161926,0.8842571973800659,0.8548904657363892,0.6109058260917664,3.431979417800904,0.7215502858161926,0.8940459489822388,0.8987043797969818,0.28611496090888977,0.30941881239414215
germinal,target_shuffle,0,,nb_s182729_mpnn_5_PDL1,11.79142231479998,83.2748665955176,71.94,6.27,4.855263157894737,75.2139337333785,0.01062,0.33,0.85,-154.6,0.452,5.086764229379194,95.54194092827002,,,2.55452380952381,92.56849937438965,0.375815,0.7,0.81,,0.1224097945613457,0.8657973546757198,,,69.28561,17.306572,0.4958885,0.3691684007644653,0.490740418434143,0.3691684007644653,0.7007176280021667,0.2862810790538788,0.2862810790538788,0.490740418434143,0.7632375359535217,0.4226161241531372,0.4029223024845123,0.795228123664856,0.771003246307373,0.6076386570930481,0.8421254754066467,0.743624746799469,0.4986974000930786,3.795266151428223,0.5232905745506287,0.8730823397636414,0.8449727892875671,0.736038863658905,0.9073432087898254,0.8479508757591248,0.3847500681877136,2.6291983127593994,0.6917995810508728,0.8995574712753296,0.90224489569664,0.2792207896709442,0.41276921331882477
germinal,target_shuffle,0,,nb_s310510_mpnn_2_BHRF,11.631868489583333,82.31922569291686,247.13,14.88,5.435416666666666,72.5085900355555,0.04696,0.3,0.85,70.62,1.111,6.635716989776234,90.3265625,,,4.405681818181819,77.2633337797942,0.251592,0.51,0.75,,0.119436726127545,0.8953833150253222,14.025735139846802,58.238529205322266,74.59913,14.58539,0.5566032,0.3644153773784637,0.7111167907714844,0.3644153773784637,0.6686013340950012,0.2883688807487488,0.2883688807487488,0.7111167907714844,0.8666906356811523,0.6722233295440674,0.6323151588439941,0.8285292983055115,0.844351053237915,0.7088116407394409,0.8584586381912231,0.7744796872138977,0.5097460150718689,3.0921146869659424,0.7088116407394409,0.833300769329071,0.8014891743659973,0.6361204981803894,0.8825958371162415,0.8175336122512817,0.6706100702285767,5.250258922576904,0.6361204981803894,0.9075515866279602,0.9152869284152985,0.273552343249321,0.6522692441940308
germinal,target_shuffle,0,,nb_s870461_mpnn_2_PDL1,10.54720041303922,83.13391304347824,62.76,3.74,7.134722222222223,71.04838434509729,0.062295,0.39,0.84,-74.7,0.641,5.010361053250014,93.26362869198312,,,4.8234615384615385,89.70088285558364,0.548803,0.81,0.83,,0.1283115579531732,0.8604976271837477,21.36692714691162,61.27722930908203,67.3157,17.720894,0.48139733,0.3628526926040649,0.4279490113258362,0.3628526926040649,0.6972427368164062,0.2792551815509796,0.2792551815509796,0.4279490113258362,0.7386854887008667,0.3502649068832397,0.3502649068832397,0.8737654089927673,0.8840571045875549,0.78102707862854,0.8969498872756958,0.8443790078163147,0.4083468019962311,1.5808759927749634,0.78102707862854,0.9067717790603638,0.9148096442222596,0.8416770100593567,0.9230453968048096,0.8983646631240845,0.354332685470581,1.192077875137329,0.8373733162879944,0.9018718302249908,0.9037376642227173,0.26767413318157196,0.34196361899375916
germinal,target_shuffle,0,,nb_s870461_mpnn_4_IL20,10.767061224489796,81.92930285196923,50.99,2.9,8.060714285714285,71.33622678295391,0.086338,0.37,0.845,-117.99,0.556,4.124438392857143,95.04996428571428,,,3.154375,93.39911741368913,0.697205,0.83,0.88,,0.1610938677962343,0.8665205085138301,8.274225966135662,69.54432678222656,74.065,13.144998,0.602363,0.3334756791591644,0.6014223694801331,0.3334756791591644,0.633797824382782,0.2583951354026794,0.2583951354026794,0.6014223694801331,0.8024226427078247,0.5511722564697266,0.546647310256958,0.6037928462028503,0.6684213280677795,0.4142432510852813,0.6511802077293396,0.5939452648162842,1.014275074005127,6.0452799797058105,0.4015172123908996,0.7902207970619202,0.7740333676338196,0.6201646327972412,0.8327348232269287,0.7747530341148376,0.7998408079147339,4.9954376220703125,0.6201646327972412,0.8941008746623993,0.8865042924880981,0.23553172498941422,0.5489097833633423
germinal,target_shuffle,0,,nb_s459933_mpnn_3_PDL1,11.675796257722231,82.50045647558386,141.47,10.79,3.9479166666666665,66.59560639168448,0.006599,0.21,0.85,-74.88,0.336,5.367199522868486,93.74945147679324,,,2.181458333333333,85.7772006225586,0.275147,0.55,0.76,,0.1183611482706888,0.8858969110030815,,,69.479515,16.92156,0.5040849,0.3156165182590484,0.440565288066864,0.3156165182590484,0.6657481789588928,0.2280835956335067,0.2280248403549194,0.440565288066864,0.7452968955039978,0.3643823564052582,0.3637532591819763,0.8794521689414978,0.9200775027275084,0.8592371940612793,0.8845058679580688,0.8177685737609863,0.3186750710010528,0.8530886173248291,0.847772479057312,0.8677530288696289,0.8382109999656677,0.7127976417541504,0.9064919352531432,0.8492168188095093,0.4402869343757629,3.35442852973938,0.7104249596595764,0.9034698009490967,0.9051586389541626,0.2280542179942131,0.36406780779361725
germinal,target_shuffle,0,,nb_s768471_mpnn_1_BHRF,8.778492717978393,82.89746818780168,335.1,15.95,6.467105263157894,71.5068950602093,0.190942,0.54,0.855,-0.77,0.353,5.043762297453704,90.94329861111112,,,4.099375,85.59404772803897,0.622976,0.8,0.87,,0.3173932904914655,0.8699395551946514,19.69459215799968,45.75117111206055,73.80011,16.04129,0.53605497,0.3763322830200195,0.367563784122467,0.3763322830200195,0.6702459454536438,0.3028538823127746,0.3028538823127746,0.367563784122467,0.6651050448417664,0.2931784689426422,0.2931784689426422,0.8471233248710632,0.8781823515892029,0.8244146108627319,0.8528004884719849,0.7999546527862549,0.4201976060867309,1.9710125923156736,0.8244146108627319,0.8400500416755676,0.8501309156417847,0.7212146520614624,0.8697589039802551,0.8067963123321533,0.4893577098846435,3.298367977142334,0.7212146520614624,0.9031292796134949,0.8952963650226593,0.2812836766242981,0.26403937488794327
germinal,target_shuffle,0,,nb_s1156_mpnn_5_PDL1,7.201467001370862,86.77044913419913,85.21,6.62,5.085714285714286,76.96966925889268,0.215026,0.51,0.855,-110.69,0.351,4.505515675906639,94.39392405063292,,,3.235208333333333,90.47000061035156,0.48767,0.68,0.81,,0.0465534508894746,0.8797366289994446,,,67.30782,17.784245,0.4768908,0.5576169490814209,0.5471417903900146,0.5576169490814209,0.7908052206039429,0.4993198215961456,0.4689257442951202,0.5471417903900146,0.7907167077064514,0.4862480759620666,0.4586105048656463,0.8865494728088379,0.8771374821662903,0.8013516068458557,0.9078488945961,0.8588873744010925,0.3925704956054687,1.468638896942139,0.7724156379699707,0.9186879992485046,0.8964167833328247,0.8102131485939026,0.9458066821098328,0.9290515780448914,0.3523734211921692,1.268754959106445,0.8008126616477966,0.9028681814670563,0.9240506589412689,0.48412278294563293,0.4724292904138565
germinal,target_shuffle,0,,nb_s541171_mpnn_1_PDL1,13.193751001442076,79.10160402329277,86.83,6.38,9.775,62.22329027749483,0.006193,0.2,0.825,-118.09,0.582,5.838241734764727,92.71316455696204,,,3.678333333333333,85.77384713979868,0.287663,0.6,0.78,,0.1163149048306608,0.8336099744951534,,,68.84331,17.470547,0.48701173,0.2800730466842651,0.4602158665657043,0.2800730466842651,0.6428037881851196,0.1893903315067291,0.1893903315067291,0.4602158665657043,0.7435855269432068,0.3893734514713287,0.3893734514713287,0.8174102902412415,0.8097622394561768,0.6418749094009399,0.861294150352478,0.7972299456596375,0.5867840051651001,3.5243120193481445,0.624488115310669,0.8210757374763489,0.7506939768791199,0.5352288484573364,0.8925374150276184,0.8617479801177979,0.7971382141113281,7.271082401275635,0.5089035630226135,0.8979126811027527,0.887610673904419,0.1825985312461853,0.38734324276447296
germinal,target_shuffle,0,,nb_s140867_mpnn_3_PDL1,11.469472484822589,80.59929292929293,163.59,10.75,7.082758620689655,61.91685505978473,0.01572,0.25,0.825,-112.09,0.441,5.298723317132227,93.66957805907174,,,2.7392307692307694,85.04793075035359,0.329633,0.55,0.75,,0.107225816154699,0.8760734801808524,,,67.336586,17.824928,0.48026878,0.37079718708992,0.5707361102104187,0.37079718708992,0.6882447004318237,0.2914353013038635,0.2914353013038635,0.5707361102104187,0.8084743022918701,0.511301577091217,0.511301577091217,0.8373144268989563,0.8882685303688049,0.8012409210205078,0.8463327288627625,0.7509423494338989,0.3872918486595154,1.3880454301834106,0.7878419160842896,0.8428718447685242,0.8528668284416199,0.745554506778717,0.8672011494636536,0.7768032550811768,0.4594593942165375,2.6012752056121826,0.7289988398551941,0.8862026929855347,0.8974019885063171,0.29120516777038574,0.5087157487869263
germinal,target_shuffle,0,,nb_s183327_mpnn_2_PDL1,10.782833947551138,83.61584795321639,179.51,16.41,6.126086956521738,67.67707873990076,0.034341,0.28,0.86,-91.63,0.64,6.959165019850807,92.27206751054852,,,3.238636363636364,80.1131820678711,0.171786,0.4,0.68,,0.1207259381451229,0.9004153110696255,,,70.03313,17.31925,0.491407,0.3975009620189667,0.4578315615653991,0.3975009620189667,0.7198631763458252,0.3169104158878326,0.3169104158878326,0.4578315615653991,0.7572250962257385,0.3829831779003143,0.3829831779003143,0.8053706288337708,0.7820378541946411,0.5730465054512024,0.8634516596794128,0.7777038812637329,0.5029897093772888,3.618333101272583,0.5392976999282837,0.8647307753562927,0.8215277194976807,0.6496903300285339,0.9184908866882324,0.8648558855056763,0.4863710105419159,4.266458511352539,0.6382010579109192,0.9054962992668152,0.9069137871265411,0.3124787509441376,0.3744838833808899
germinal,target_shuffle,0,,nb_s2898_mpnn_1_IL20,9.682968112244897,84.48951363636364,51.3,4.59,4.5,75.76658118264918,0.138446,0.45,0.865,-99.99,0.383,4.595226275510204,94.45775,,,2.167857142857143,93.15523819696335,0.576826,0.77,0.86,,0.2311582532607733,0.8665205085138301,11.716114521026611,70.02517700195312,76.21929,14.069535,0.5669791,0.3399141430854797,0.4273801743984222,0.3399141430854797,0.6414097547531128,0.2645402550697326,0.2645402550697326,0.4273801743984222,0.6930376291275024,0.3609657883644104,0.3609657883644104,0.6253880262374878,0.7219551801681519,0.5136305689811707,0.6533273458480835,0.5864943265914917,1.0073233842849731,5.500335216522217,0.5097351670265198,0.7604897022247314,0.8074589371681213,0.6766363978385925,0.781453013420105,0.7383483052253723,0.7592386603355408,3.718393087387085,0.6620662808418274,0.8901530206203461,0.8953902423381805,0.2456364408135414,0.3328624665737152
germinal,target_shuffle,0,,nb_s923023_mpnn_1_PDL1,11.227600633801565,83.16199034334764,123.04,11.13,3.999999999999999,71.17643796343953,0.032261,0.24,0.845,-135.38,0.433,4.664104755292065,94.77101265822786,,,1.776333333333333,91.424705954159,0.389968,0.64,0.81,,0.0991411610914825,0.8614075199338057,21.764473915100098,52.56398391723633,66.95702,17.552366,0.48648703,0.3326665759086609,0.4376537799835205,0.3326665759086609,0.6804096102714539,0.2457308024168014,0.2457308024168014,0.4376537799835205,0.7454183101654053,0.3607126474380493,0.3607126474380493,0.8562410473823547,0.8478066325187683,0.734955906867981,0.8865622878074646,0.8370853662490845,0.4169136881828308,2.160158634185791,0.70319002866745,0.8730525970458984,0.8492997288703918,0.710679829120636,0.9136458039283752,0.8775482773780823,0.4375690221786499,2.8124918937683105,0.7051879167556763,0.9058108031749725,0.910183846950531,0.2339206263422966,0.35783490538597107
germinal,target_shuffle,0,,nb_s299548_mpnn_5_PDL1,11.248008688066372,83.03747723620783,86.3,6.85,7.60925925925926,67.77867784986364,0.030156,0.27,0.835,-123.74,0.661,4.325521016931048,95.2494936708861,,,3.005,90.04346025907077,0.502426,0.71,0.83,,0.07245215098631,0.8604976271837477,,,67.79865,16.867094,0.49846497,0.2831130921840668,0.6006597280502319,0.2831130921840668,0.6442665457725525,0.1928247362375259,0.1928247362375259,0.6006597280502319,0.8239550590515137,0.5448359251022339,0.5283856987953186,0.7785295844078064,0.8315909504890442,0.665294349193573,0.8068383932113647,0.6823972463607788,0.4839994013309479,3.099581003189087,0.6521949172019958,0.8452877402305603,0.8406804203987122,0.7034540772438049,0.880746066570282,0.7813962697982788,0.5479221940040588,3.973682165145874,0.6834622025489807,0.8995198905467987,0.9028548300266266,0.17877613008022308,0.5366108119487762
germinal,target_shuffle,0,,nb_s33838_mpnn_1_BHRF,14.059407552083334,79.32261429205502,241.54,13.89,16.931818181818183,65.62803408948584,0.005635,0.19,0.835,9.38,14.664,6.023528043016975,90.96791666666668,,,5.049714285714286,82.87666621352687,0.332734,0.65,0.81,,0.0817566865225293,0.8334787217325931,16.37039049466451,48.12823486328125,74.47359,14.883837,0.54651517,0.3020320534706116,0.4957433640956878,0.3020320534706116,0.6211770176887512,0.2222458124160766,0.2222458124160766,0.4957433640956878,0.758213996887207,0.4301257133483886,0.4301257133483886,0.7861802577972412,0.6948878765106201,0.4306960701942444,0.8750513195991516,0.8001449108123779,0.6576106548309326,5.712749481201172,0.4192860126495361,0.7519022226333618,0.593418300151825,0.2310108393430709,0.8821250200271606,0.8247367143630981,0.9953488111495972,10.462472915649414,0.2284065037965774,0.9067092835903168,0.9164560735225677,0.2071533054113388,0.41229352355003357
germinal,target_shuffle,0,,nb_s33838_mpnn_3_BHRF,6.750610050154321,86.21409857904084,75.69,4.5,5.70735294117647,80.59584400998737,0.412078,0.71,0.86,35.73,0.332,4.254789014274691,93.87020833333334,,,3.008833333333333,91.92142868041992,0.657457,0.82,0.88,,0.7309752023783092,0.8848346364045745,17.017840794154576,48.597442626953125,74.27307,14.974747,0.54398465,0.3743139207363128,0.5153870582580566,0.3743139207363128,0.684536337852478,0.2967583239078522,0.2967583239078522,0.5153870582580566,0.7801912426948547,0.4491859972476959,0.4491859972476959,0.8390440940856934,0.8648387789726257,0.7571269869804382,0.859523355960846,0.7399347424507141,0.4505949318408966,2.184159994125366,0.7571269869804382,0.8438741564750671,0.8041752576828003,0.6232480406761169,0.8990306854248047,0.8220961093902588,0.6041720509529114,4.034269332885742,0.6232480406761169,0.9168731272220612,0.9018442034721375,0.28082582354545593,0.4424571394920349
germinal,target_shuffle,0,,nb_s390940_mpnn_2_PDL1,13.323384785201805,78.66606951871658,112.77,7.7,8.225999999999999,63.50008931766399,0.008421,0.2,0.815,-109.2,0.469,4.936939949082235,93.11886075949366,,,3.454423076923077,86.45466690063476,0.365091,0.61,0.79,,0.1202919534001142,0.8307146580094955,,,65.16451,17.842402,0.47330445,0.2726297080516815,0.3151061534881592,0.2726297080516815,0.6024021506309509,0.1901865899562835,0.1901865899562835,0.3151061534881592,0.6368929743766785,0.2346594631671905,0.228355199098587,0.7400941252708435,0.7096019983291626,0.4627147316932678,0.809438943862915,0.7707270979881287,0.6949114799499512,5.8356523513793945,0.4627147316932678,0.8117847442626953,0.7420889735221863,0.5699098706245422,0.87225341796875,0.8340493440628052,0.6771141290664673,6.93117094039917,0.5224105715751648,0.8664637804031372,0.8594063520431519,0.1710536703467369,0.2315073311328888
germinal,target_shuffle,0,,nb_s390940_mpnn_4_PDL1,14.583035126137194,76.25873397435898,210.17,17.72,12.288095238095242,60.10690417364524,0.005324,0.14,0.8049999999999999,3.27,0.283,8.395795723619791,86.8283122362869,,,8.965,71.71652304607889,0.150625,0.42,0.67,,0.0946902208834619,0.8330747934631669,23.855806986490887,44.66913604736328,64.42243,18.039448,0.4676063,0.276479572057724,0.4559003710746765,0.276479572057724,0.6069350242614746,0.1938657015562057,0.1938657015562057,0.4559003710746765,0.7245888710021973,0.3887282311916351,0.3820031285285949,0.7889606356620789,0.8242349624633789,0.6928614974021912,0.812985360622406,0.8012762069702148,0.6007300615310669,3.9958791732788086,0.6195749044418335,0.7962217926979065,0.7427060008049011,0.5176940560340881,0.8658537268638611,0.8368077874183655,0.6916344165802002,7.618342876434326,0.5176940560340881,0.8671024739742279,0.8763433396816254,0.1769193932414055,0.38536567986011505
germinal,target_shuffle,0,,nb_s403539_mpnn_3_BHRF,13.629323398919754,80.12935824175824,269.5,14.39,9.758333333333333,63.618928614172646,0.005662,0.17,0.835,-29.07,0.247,5.195378206983025,92.06809027777778,,,3.414666666666667,82.93222183651395,0.448424,0.65,0.81,,0.0681964356484005,0.8470872553020734,21.002052307128903,57.43134689331055,73.276344,16.987032,0.51176256,0.4668811857700348,0.5513638257980347,0.4668811857700348,0.7361621856689453,0.3995609283447265,0.3995609283447265,0.5513638257980347,0.7980145215988159,0.4897010922431946,0.484110563993454,0.8103033304214478,0.790008008480072,0.5887851119041443,0.8656828999519348,0.7456755042076111,0.5579826831817627,4.336397647857666,0.5887851119041443,0.8266057968139648,0.7521280646324158,0.5484992265701294,0.8961324691772461,0.8150800466537476,0.7613884210586548,6.620117664337158,0.5129225850105286,0.8927256166934967,0.8971745371818542,0.3870701789855957,0.4869058281183243
germinal,target_shuffle,0,,nb_s410453_mpnn_5_PDL1,12.679259021880396,80.83481012658228,159.48,14.82,7.06,62.21226107535031,0.013614,0.21,0.835,-29.08,0.707,6.116443055778097,92.00624472573838,,,3.444473684210526,81.41142817905971,0.25954,0.5,0.73,,0.076876588472185,0.8873990732955966,23.11036205291748,41.78194808959961,65.47802,17.591856,0.4836685,0.2859316766262054,0.5517698526382446,0.2859316766262054,0.6351782083511353,0.1986200362443924,0.1986200362443924,0.5517698526382446,0.7756794691085815,0.4957924485206604,0.4612317681312561,0.7398226857185364,0.6353472471237183,0.2600668370723724,0.859761655330658,0.7708499431610107,0.6623662710189819,7.687975406646728,0.2117269337177276,0.8242479562759399,0.7231962084770203,0.4897052645683288,0.907883644104004,0.8580924272537231,0.6452779769897461,6.598814487457275,0.4431371092796325,0.8811669647693634,0.9028534293174744,0.17797185480594635,0.47851210832595825
germinal,target_shuffle,0,,nb_s410453_mpnn_2_PDL1,13.146908437038222,79.70798208640674,198.82,12.94,8.05,64.67411473557226,0.006645,0.2,0.825,-89.95,0.335,6.021907813918709,91.44510548523206,,,3.7308,81.5538456256573,0.240717,0.53,0.74,,0.0713051824694901,0.8908692052425586,22.99567604064941,41.32798385620117,65.02432,17.575087,0.48398268,0.2841274440288543,0.4245368838310241,0.2841274440288543,0.6350245475769043,0.1964031755924224,0.1964031755924224,0.4245368838310241,0.7286112308502197,0.3485182523727417,0.3485182523727417,0.8032755851745605,0.8291434645652771,0.6925511956214905,0.8309566974639893,0.7539924383163452,0.4274703562259674,2.2428741455078125,0.6569233536720276,0.8228497505187988,0.8098631501197815,0.6679220199584961,0.8615816831588745,0.7984646558761597,0.51988285779953,3.894844055175781,0.6550388932228088,0.8827924132347107,0.8771536350250244,0.1755080595612526,0.3442893475294113
germinal,target_shuffle,0,,nb_s473012_mpnn_5_PDL1,13.612996492727303,81.12062566277837,161.21,11.22,5.319565217391306,66.17248308896262,0.005671,0.15,0.845,-66.46,0.292,3.74897114066478,96.51607594936708,,,2.2065217391304346,92.55730731670673,0.50744,0.73,0.85,,0.0556023648027865,0.8539858960356829,24.83589172363281,55.8604850769043,66.877335,17.483124,0.49094003,0.27081298828125,0.5161674618721008,0.27081298828125,0.6412761211395264,0.1781971752643585,0.1781971752643585,0.5161674618721008,0.7885628938674927,0.4480685889720917,0.4475014507770538,0.8835161328315735,0.9064030051231384,0.8460476398468018,0.89288330078125,0.8394979238510132,0.3295393884181976,1.065348982810974,0.8214157223701477,0.8046979904174805,0.756401538848877,0.5051485896110535,0.8795853853225708,0.8167833089828491,0.4676983654499054,5.240796089172363,0.4825095534324646,0.905474990606308,0.9007715582847595,0.16255155205726624,0.44778501987457275
germinal,target_shuffle,0,,nb_s530943_mpnn_3_BHRF,14.648947482638889,78.68234491860979,592.5,34.58,7.066666666666666,64.16474043489964,0.0,0.14,0.835,190.09,0.348,5.686770109953704,90.7953125,,,3.4207142857142854,82.15290315689579,0.403657,0.64,0.8,,0.0556131889084741,0.8136040804959674,19.72231674194336,56.78810501098633,73.88899,16.683292,0.5241202,0.3097476363182068,0.7427912950515747,0.3097476363182068,0.647645890712738,0.2252730876207351,0.2252730876207351,0.7427912950515747,0.8785462975502014,0.7088525295257568,0.6906395554542542,0.7890953421592712,0.7379763126373291,0.5227760672569275,0.8556751012802124,0.8092207908630371,0.6163582801818848,5.88572883605957,0.5227760672569275,0.7791181802749634,0.6461668014526367,0.3634458184242248,0.8830362558364868,0.8323373794555664,0.9114314913749696,8.185430526733398,0.3634458184242248,0.8973022699356079,0.9163175821304321,0.2088567242026329,0.6997460424900055
germinal,target_shuffle,0,,nb_s563170_mpnn_3_PDL1,8.792976552902847,85.50276842105264,43.14,3.25,4.721739130434782,74.87532227226907,0.125935,0.45,0.855,-135.56,0.333,3.6806083426801255,96.57092827004222,,,1.7950000000000004,94.74279998779296,0.617206,0.8,0.87,,0.2469103588809874,0.8665205085138301,,,69.80385,17.039757,0.5030521,0.3394002020359039,0.5034279227256775,0.3394002020359039,0.682712197303772,0.2535721957683563,0.2535721957683563,0.5034279227256775,0.7568786144256592,0.4400652050971985,0.4197456836700439,0.8211016058921814,0.856505274772644,0.7466756105422974,0.8397080302238464,0.7432441711425781,0.3963217735290527,1.8212085962295528,0.7309533953666687,0.8246726393699646,0.8339008688926697,0.683675229549408,0.8599219918251038,0.7850562930107117,0.4402386844158172,3.0590267181396484,0.683675229549408,0.9025846123695374,0.8842706680297852,0.23785598576068878,0.4299054443836212
germinal,target_shuffle,0,,nb_s771809_mpnn_3_PDL1,15.173615339422104,80.86775685852609,60.12,5.72,3.51,71.0570836146531,0.0,0.09,0.84,-112.64,11.056,4.376732005198597,93.90696202531646,,,3.155,94.12464278084892,0.644371,0.83,0.88,,-0.0081058603856665,0.8515266933481515,,,69.56107,16.903929,0.4987706,0.2736477255821228,0.4649967849254608,0.2736477255821228,0.635919988155365,0.183079645037651,0.1779808104038238,0.4649967849254608,0.7624450325965881,0.3906347155570984,0.3906347155570984,0.7899154424667358,0.679986834526062,0.3538169860839844,0.8989400267601013,0.8352060914039612,0.6108791828155518,7.053834438323975,0.2940660417079925,0.8166703581809998,0.7723966240882874,0.5418475270271301,0.8853759765625,0.8397595882415771,0.5773921608924866,6.578866958618164,0.4955244064331054,0.9106563329696655,0.9089832603931427,0.18053022772073746,0.37665124237537384
germinal,target_shuffle,0,,nb_s785824_mpnn_3_PDL1,12.689850273282415,82.96523963381799,116.23,13.32,4.544117647058823,72.40195180783195,0.006306,0.27,0.85,-37.96,13.087,8.756527265929604,88.46675105485234,,,7.296666666666665,77.05789345189145,0.106842,0.36,0.65,,0.121541112173176,0.8933106890599105,,,68.10413,17.538158,0.48454297,0.264109343290329,0.621350884437561,0.264109343290329,0.606427788734436,0.1785297244787216,0.1785297244787216,0.621350884437561,0.813520610332489,0.5733084082603455,0.5351803302764893,0.8683663606643677,0.9445078372955322,0.9250087141990662,0.8542057871818542,0.7975735068321228,0.3440997004508972,0.7043878436088562,0.9250087141990662,0.8059736490249634,0.794218122959137,0.6177337169647217,0.8530336022377014,0.7616263031959534,0.6378320455551147,4.815589904785156,0.6048253774642944,0.878355860710144,0.896175354719162,0.15820146352052689,0.5542443692684174
germinal,target_shuffle,0,,nb_s785824_mpnn_2_BHRF,14.477762104552466,78.57585462555066,227.95,12.4,10.821428571428571,63.4473278965738,0.005555,0.15,0.825,-9.92,0.356,6.031455198688271,89.298125,,,6.275535714285714,78.78437566757202,0.427024,0.65,0.81,,0.0714480090742753,0.8283775494422071,17.022565762201946,59.334571838378906,74.49231,15.345187,0.54790866,0.2725979685783386,0.5376191735267639,0.2725979685783386,0.6076356768608093,0.1888385117053985,0.1888385117053985,0.5376191735267639,0.7769464254379272,0.4777873456478119,0.4777873456478119,0.8097441792488098,0.8124054670333862,0.6389073729515076,0.852453351020813,0.780357837677002,0.475580632686615,3.572404384613037,0.6389073729515076,0.8179890513420105,0.756225049495697,0.5661083459854126,0.8809592723846436,0.852550208568573,0.7233490347862244,6.649013996124268,0.5661083459854126,0.8898785412311554,0.8982193171977997,0.16020625084638596,0.463135302066803
germinal,target_shuffle,0,,nb_s103722_mpnn_4_PDL1,14.360643771475369,77.28103410936654,65.46,4.31,8.481944444444444,67.10296330306704,0.00585,0.23,0.79,-117.81,0.325,4.01895654186473,94.6340928270042,,,2.662878787878788,91.53294148164638,0.589771,0.76,0.86,,0.0533018987310183,0.8159428264997776,,,68.45575,17.042429,0.50035286,0.4018315076828003,0.4982427954673767,0.4018315076828003,0.6954790353775024,0.3284196257591247,0.3284196257591247,0.4982427954673767,0.7500966787338257,0.4352793097496032,0.4352793097496032,0.7651827335357666,0.6743696928024292,0.4114458560943603,0.8536169528961182,0.7699162364006042,0.920997142791748,6.795753479003906,0.3713922798633575,0.8813150525093079,0.8544521927833557,0.7395796775817871,0.9167489409446716,0.8807588219642639,0.5599000453948975,3.937703847885132,0.7155353426933289,0.87038254737854,0.8750923275947571,0.31988225877285004,0.42975471913814545
germinal,target_shuffle,0,,nb_s148672_mpnn_1_BHRF,13.072523630401234,79.76265789473683,285.82,15.38,13.473333333333333,61.36054443047822,0.010064,0.23,0.835,20.01,0.309,5.952718098958333,90.99868055555557,,,4.661499999999999,82.40428728376116,0.33229,0.62,0.8,,0.0752882201622307,0.847996082817123,20.30146672990587,44.49344253540039,72.00146,16.622803,0.5260928,0.4659959077835083,0.6541659235954285,0.4659959077835083,0.7535468935966492,0.3941081464290619,0.3941081464290619,0.6541659235954285,0.8499166965484619,0.6052281856536865,0.55723637342453,0.8917312622070312,0.9177780151367188,0.8555307388305664,0.9007813930511476,0.8554023504257202,0.3774132430553436,1.1271971464157104,0.8555307388305664,0.8857168555259705,0.8597995638847351,0.7488380074501038,0.91993647813797,0.8852448463439941,0.5440995693206787,3.1863107681274414,0.7488380074501038,0.8965936005115509,0.907318502664566,0.3908407986164093,0.5812322795391083
germinal,target_shuffle,0,,nb_s169413_mpnn_5_IL3,13.7876816,76.7980716112532,156.66,7.86,7.6684210526315795,61.660329484037845,0.005856,0.2,0.8,-18.73,0.407,6.58688224,87.23912,,,4.4793055555555545,78.8948726164989,0.32011,0.58,0.75,,0.0974347033328717,0.8461827658142,26.49215507507324,38.41029739379883,53.373768,21.346088,0.4570132,0.2628816366195678,0.3583980798721313,0.2628816366195678,0.5929729342460632,0.1803588271141052,0.1803588271141052,0.3583980798721313,0.6517443656921387,0.2850614786148071,0.2681860625743866,0.7800766825675964,0.8216160535812378,0.7022772431373596,0.799526572227478,0.733135461807251,0.6308087706565857,3.42580795288086,0.7022772431373596,0.769014298915863,0.6856517791748047,0.4646191000938415,0.8451130390167236,0.7924239039421082,1.097414493560791,9.267724990844728,0.4646191000938415,0.599131852388382,0.5994437336921692,0.16725437343120575,0.27662377059459686
germinal,target_shuffle,0,,nb_s80385_mpnn_2_PDL1,10.329918638394844,80.0406780565937,88.0,4.44,8.175675675675675,64.0598492678901,0.082386,0.3,0.8300000000000001,-108.95,0.238,3.765970909220388,94.50367088607597,,,3.3142682926829266,91.290975989365,0.630973,0.79,0.87,,0.2880239545141874,0.8508913987659289,,,68.00096,17.749008,0.4855569,0.347866952419281,0.4694489240646362,0.347866952419281,0.6535142660140991,0.2714551091194153,0.2714551091194153,0.4694489240646362,0.7267648577690125,0.405119925737381,0.3875606656074524,0.8241444826126099,0.8359890580177307,0.7111087441444397,0.8524034023284912,0.7995992302894592,0.5525286793708801,3.200977563858032,0.7036754488945007,0.7994157075881958,0.7624045014381409,0.5545371174812317,0.8606353402137756,0.8134692311286926,0.8107144236564636,7.056139945983887,0.5236336588859558,0.8701907098293304,0.8695685565471649,0.2589835375547409,0.3963402956724167
germinal,target_shuffle,0,,nb_s837885_mpnn_1_BHRF,10.83273654513889,82.75109258446686,359.41,16.51,9.575,67.39508468818889,0.060573,0.37,0.855,11.95,0.255,4.161344280478394,93.73288194444444,,,4.06093023255814,88.15450038909913,0.664323,0.83,0.89,,0.3013722813990091,0.8661437037323078,17.236359323774064,51.99923706054688,75.56506,15.031635,0.53445065,0.3522496819496155,0.6085505485534668,0.3522496819496155,0.6572063565254211,0.276010513305664,0.276010513305664,0.6085505485534668,0.8244560956954956,0.5545741319656372,0.5350329875946045,0.8828116655349731,0.8703052401542664,0.7599176168441772,0.9135351181030272,0.8580463528633118,0.470681756734848,3.370059013366699,0.7599176168441772,0.8736292123794556,0.8672634363174438,0.7702223062515259,0.899480938911438,0.8576704859733582,0.5521855354309082,3.586826801300049,0.7702223062515259,0.914793998003006,0.9050573110580444,0.25768768787384033,0.5448035597801208
germinal,target_shuffle,0,,nb_s874243_mpnn_2_IL3,12.965744,80.24282542885973,180.38,10.96,6.489473684210526,61.15591132487742,0.015241,0.22,0.83,7.15,0.395,7.77115072,88.44720000000001,,,5.760555555555555,73.00399826049805,0.182202,0.45,0.69,,0.1015359687415235,0.882177317178329,,,53.897472,20.692427,0.47439402,0.4143418073654175,0.4146396815776825,0.4143418073654175,0.6071249842643738,0.3661459982395172,0.1968811154365539,0.4146396815776825,0.6790304183959961,0.3485420048236847,0.2884248495101928,0.7932825088500977,0.7866508364677429,0.6653199195861816,0.8252731561660767,0.722865104675293,0.5899944305419922,3.9098169803619385,0.6653199195861816,0.837636411190033,0.8360218405723572,0.7393127083778381,0.8622173070907593,0.7870377898216248,0.5116533637046814,2.6757731437683105,0.7393127083778381,0.6087055206298828,0.630457878112793,0.2815135568380356,0.3184834271669388
germinal,target_shuffle,0,,nb_s874243_mpnn_5_BHRF,13.13612919560185,79.20834422657951,441.55,17.79,12.378947368421056,65.13011018811726,0.006505,0.23,0.84,90.07,0.485,6.805408468364197,87.47298611111111,,,6.096756756756757,75.4221958067359,0.321837,0.57,0.76,,0.1288306920666605,0.8544906809001167,20.47305631637573,35.21018981933594,74.59569,15.657996,0.52737176,0.2717665731906891,0.4898155927658081,0.2717665731906891,0.5971937775611877,0.1904097646474838,0.1904097646474838,0.4898155927658081,0.7528946399688721,0.4240458011627197,0.4240458011627197,0.8272389769554138,0.8549624681472778,0.7465254664421082,0.8474172949790955,0.7842178344726562,0.4381167888641357,2.815702199935913,0.7465254664421082,0.8045355081558228,0.7917516231536865,0.6460575461387634,0.8441550135612488,0.7853003740310669,0.6977776288986206,6.534160137176514,0.6460575461387634,0.899571031332016,0.9029029607772827,0.1661524623632431,0.40877580642700195
germinal,target_shuffle,0,,nb_s913468_mpnn_2_BHRF,13.993852478780866,79.13340868794326,308.31,21.34,12.539999999999996,65.29564642718934,0.005696,0.23,0.825,84.97,0.356,5.985948471257716,89.15815972222222,,,6.150172413793104,80.14481495044849,0.491051,0.7,0.82,,0.0704556476509533,0.8334787217325931,17.41062207655473,66.51017761230469,74.38642,15.425759,0.54918164,0.3123163878917694,0.4744977355003357,0.3123163878917694,0.6372114419937134,0.2310926169157028,0.2310926169157028,0.4744977355003357,0.7475106120109558,0.4062445163726806,0.4062445163726806,0.800561249256134,0.6992465853691101,0.4432863295078277,0.8898799419403076,0.7857065796852112,0.692965030670166,6.5056681632995605,0.4006633460521698,0.8395097851753235,0.7601841688156128,0.5606836676597595,0.9092163443565368,0.8315593004226685,0.7663087844848633,6.282737255096436,0.5606836676597595,0.9123567342758179,0.9055989384651184,0.20446086674928665,0.39155226945877075
germinal,target_shuffle,0,,nb_s913468_mpnn_5_BHRF,12.786939380787036,81.61274700930439,370.16,20.52,9.44090909090909,68.68747792365394,0.005327,0.28,0.845,78.62,0.282,4.629095052083334,92.67645833333331,,,3.6697297297297298,85.97942810058593,0.591686,0.78,0.87,,0.0479334686060713,0.8530494678110515,17.10071849822998,65.91281127929688,74.36027,15.442535,0.5463067,0.3422420620918274,0.4335638880729675,0.3422420620918274,0.6609073281288147,0.2625757157802582,0.2625757157802582,0.4335638880729675,0.7264065146446228,0.3603532314300537,0.3603532314300537,0.8279544711112976,0.7293696999549866,0.4904819428920746,0.9123225808143616,0.8498794436454773,0.6990840435028076,5.845788955688477,0.4825755953788757,0.9006695747375488,0.8295615315437317,0.6880226731300354,0.9538312554359436,0.939626932144165,0.6461542248725891,4.828804016113281,0.6880226731300354,0.9058675467967987,0.9055503904819489,0.24017687141895294,0.3489619642496109
germinal,target_shuffle,0,,nb_s921313_mpnn_2_PDL1,12.64333173102601,80.8981945945946,60.18,4.73,6.459615384615384,70.1394965079942,0.005576,0.24,0.83,-62.11,0.293,4.213383360928626,94.391223628692,,,3.2411111111111115,90.79370343243636,0.548898,0.73,0.84,,0.0331992085734572,0.8541692548819916,,,67.0597,17.845556,0.47596943,0.2422430217266082,0.4743198752403259,0.2422430217266082,0.607030987739563,0.151046022772789,0.151046022772789,0.4743198752403259,0.7532448768615723,0.4045886099338531,0.3910378217697143,0.7545596957206726,0.6684891581535339,0.3579561114311218,0.8537105917930603,0.7844392657279968,0.6924739480018616,6.575190544128418,0.3439531624317169,0.7926457524299622,0.642352819442749,0.3235189318656921,0.9099274277687072,0.8764905333518982,0.8857435584068298,8.595192909240723,0.3205885887145996,0.8843513429164886,0.8917531669139862,0.14152982085943222,0.39781321585178375
germinal,target_shuffle,0,,nb_s201653_mpnn_1_BHRF,14.6490234375,78.61548118985127,241.26,12.28,11.306896551724137,59.96619502635832,0.005822,0.15,0.84,44.76,0.644,5.687396556712963,91.64090277777775,,,4.6371153846153845,79.4372408636685,0.361073,0.6,0.78,,0.0728509574726302,0.8066068077293431,18.41356074810028,64.99669647216797,74.37128,15.603464,0.54257506,0.3482377529144287,0.4851537048816681,0.3482377529144287,0.6435335874557495,0.2744137942790985,0.2744137942790985,0.4851537048816681,0.7664344906806946,0.4148334860801697,0.4148334860801697,0.818480908870697,0.7657265067100525,0.5625930428504944,0.8824528455734253,0.7857592701911926,0.5889366865158081,6.006205558776856,0.5303731560707092,0.8307598233222961,0.7814992070198059,0.6118323802947998,0.885491669178009,0.7882625460624695,0.7164398431777954,6.240917205810547,0.6118323802947998,0.9099558889865875,0.9029219150543213,0.2646689862012863,0.4083074480295181
germinal,target_shuffle,0,,nb_s296830_mpnn_3_BHRF,14.560892891589504,78.19578159401145,612.25,24.89,5.944999999999999,64.42057221027369,0.005038,0.14,0.835,138.62,0.499,5.274198857060185,91.01881944444445,,,3.752166666666666,81.61421022917095,0.418396,0.63,0.8,,0.0479631329963357,0.8172836043983678,18.05090198516846,41.42448043823242,72.609985,15.092557,0.5399369,0.2721160352230072,0.5193994641304016,0.2721160352230072,0.6050535440444946,0.1888816654682159,0.1888816654682159,0.5193994641304016,0.7768669128417969,0.4550325870513916,0.4550325870513916,0.7968263030052185,0.7238649725914001,0.4791363477706909,0.8762487173080444,0.7930261492729187,0.6652998328208923,6.4093217849731445,0.4791363477706909,0.7957262992858887,0.678900957107544,0.4021875262260437,0.8941109776496887,0.8292961716651917,0.8956024646759033,8.56999397277832,0.4021875262260437,0.8949486315250397,0.900233805179596,0.16129661351442337,0.44917842745780945
germinal,target_shuffle,0,,nb_s2975_mpnn_1_PDL1,14.17664904128612,76.16201385189132,458.37,27.82,6.705555555555556,67.30155982280613,0.005573,0.16,0.8049999999999999,149.72,1.402,9.809557941213123,84.53540084388186,,,4.632777777777778,71.75151501279889,0.073538,0.29,0.62,,0.1104374877413055,0.8348226394663971,22.82276725769043,44.561622619628906,68.2172,17.653894,0.4871735,0.2396939992904663,0.5392193794250488,0.2396939992904663,0.5999723672866821,0.1496243923902511,0.1496243923902511,0.5392193794250488,0.7748117446899414,0.4803212881088257,0.4518998265266418,0.7724807262420654,0.7094571590423584,0.4459127485752105,0.8541226983070374,0.8003314137458801,0.7206248044967651,6.55094051361084,0.4342581927776336,0.8451887369155884,0.8027388453483582,0.6281157732009888,0.8994569182395935,0.8656783699989319,0.5772973299026489,4.836978435516357,0.6177291870117188,0.8796048760414124,0.9095651805400848,0.13792773336172104,0.46611055731773376
germinal,target_shuffle,0,,nb_s434952_mpnn_1_BHRF,6.300509982638888,86.70982547993019,127.58,6.54,4.81842105263158,80.50763118445195,0.610623,0.79,0.865,-94.61,0.21,3.789526668595679,95.12253472222224,,,3.055428571428572,93.3374282836914,0.829402,0.89,0.92,,0.908844354464566,0.8844695484519933,21.96202754974365,33.20280075073242,71.96834,15.992056,0.53000414,0.3396379947662353,0.4735406041145324,0.3396379947662353,0.6505399346351624,0.2619125247001648,0.2619125247001648,0.4735406041145324,0.7304588556289673,0.4093110263347626,0.4093110263347626,0.8794178366661072,0.9032838344573976,0.839146614074707,0.8894855976104736,0.8518340587615967,0.3766038715839386,1.5069363117218018,0.839146614074707,0.8929473757743835,0.8518578410148621,0.7283631563186646,0.9340934753417968,0.913485825061798,0.4963920414447784,3.382988452911377,0.7283631563186646,0.8894033432006836,0.8977978229522705,0.2293066680431366,0.3842507600784302
germinal,target_shuffle,0,,nb_s566504_mpnn_1_BHRF,13.423210841049384,81.39675604395605,280.75,16.42,7.717307692307693,64.53353964639547,0.00618,0.18,0.855,25.85,0.378,5.511808690200617,90.9095138888889,,,3.871,79.478517320421,0.406856,0.62,0.79,,0.069803192942909,0.8538800890746603,16.632020115852356,57.95285034179688,75.40599,15.049196,0.5462791,0.534866213798523,0.6776357889175415,0.534866213798523,0.7536497712135315,0.4801703691482544,0.4801703691482544,0.6776357889175415,0.8457359075546265,0.6356106996536255,0.6356106996536255,0.9152805209159852,0.935600519180298,0.8900631666183472,0.9215848445892334,0.8719637393951416,0.3398374915122986,1.025936722755432,0.8900631666183472,0.883165180683136,0.8286238312721252,0.6907392144203186,0.9312716722488404,0.8907157778739929,0.6318363547325134,4.337282180786133,0.6907392144203186,0.9079419076442719,0.911948174238205,0.4423001706600189,0.6321114599704742
germinal,target_shuffle,0,,nb_s566504_mpnn_5_PDL1,9.697852908187787,84.83826737967914,36.7,2.63,6.137037037037037,71.0111423963171,0.103023,0.36,0.855,-126.37,0.294,5.050928804144635,93.76303797468351,,,3.381166666666667,84.10645208051127,0.351655,0.64,0.79,,0.2047520160577743,0.8683298465620889,20.88154586156209,53.61485290527344,69.55465,16.835789,0.50680536,0.3489376902580261,0.6072574853897095,0.3489376902580261,0.6802359819412231,0.2661131024360657,0.2661131024360657,0.6072574853897095,0.804659366607666,0.557906985282898,0.557906985282898,0.798089861869812,0.7624427080154419,0.5322971343994141,0.8645380139350891,0.7764977216720581,0.6082401871681213,5.114663600921631,0.5122466683387756,0.8792908787727356,0.8501318097114563,0.725050151348114,0.9178510308265686,0.8684356212615967,0.3900969624519348,2.592501640319824,0.6857622861862183,0.8967188596725464,0.922963559627533,0.26586540043354034,0.5474263727664948
germinal,target_shuffle,0,,nb_s607831_mpnn_3_PDL1,12.03794797842226,81.50098204857446,170.17,10.83,7.051851851851852,65.9425033149771,0.026231,0.22,0.85,-82.15,3.018,8.54561252648258,89.83569620253165,,,3.4553571428571423,73.4956657409668,0.094826,0.32,0.65,,0.1328009891961326,0.8967530736963376,,,65.92579,17.805695,0.47516632,0.3988564014434814,0.5181789994239807,0.3988564014434814,0.7136285901069641,0.3201633095741272,0.3201633095741272,0.5181789994239807,0.7693340182304382,0.4553902149200439,0.4500878751277923,0.8060159683227539,0.8511600494384766,0.7194382548332214,0.8276604413986206,0.7439940571784973,0.4780034124851227,2.812162637710572,0.7046714425086975,0.7956864237785339,0.7244157195091248,0.4882452487945556,0.8725467324256897,0.8014870882034302,0.9480292797088624,8.490248680114746,0.4882452487945556,0.8929632008075714,0.8842789232730865,0.31231972575187683,0.45273904502391815
germinal,target_shuffle,0,,nb_s607831_mpnn_5_PDL1,13.666013281347364,79.61209745762712,253.57,26.93,5.961111111111111,66.60342973584929,0.005496,0.19,0.825,-94.04,1.786,5.269493848920222,92.33316455696202,,,4.4503125,84.60158056961863,0.384721,0.65,0.79,,0.0957005037898551,0.8638364562020687,22.14031219482422,51.39410400390625,65.638145,17.67808,0.47677433,0.4009898900985718,0.4033843874931335,0.4009898900985718,0.7044111490249634,0.3251345753669739,0.322302758693695,0.4033843874931335,0.7043563723564148,0.3281413614749908,0.3281413614749908,0.8068140149116516,0.7666066288948059,0.5582535862922668,0.868954062461853,0.7938123941421509,0.5519738793373108,3.704058885574341,0.5229344964027405,0.8773272633552551,0.8103981614112854,0.645130455493927,0.9353764057159424,0.9013957381248474,0.6572314500808716,4.104969501495361,0.627255380153656,0.8822230100631714,0.8740384876728058,0.3237186670303345,0.3129413574934006
germinal,target_shuffle,0,,nb_s64546_mpnn_3_PDL1,13.210867204329787,82.47358390682899,34.42,4.14,4.502941176470588,68.03926581505876,0.00497,0.21,0.855,-139.73,0.529,4.912245900763766,96.0815611814346,,,2.3379411764705886,93.04444376627605,0.429374,0.72,0.82,,0.0755472372150685,0.856263848447663,18.42332649230957,60.656341552734375,69.42059,16.848421,0.50811166,0.3073018789291382,0.4126944243907928,0.3073018789291382,0.6626299619674683,0.2184698581695556,0.2184698581695556,0.4126944243907928,0.7278388738632202,0.3339083194732666,0.3339083194732666,0.8592263460159302,0.9359694123268129,0.9006726145744324,0.848864734172821,0.8084352016448975,0.3624405264854431,1.2577131986618042,0.8808404207229614,0.7661808729171753,0.7022963166236877,0.4268036484718323,0.8510251641273499,0.81765216588974,0.6983027458190918,9.56923484802246,0.4268036484718323,0.90261510014534,0.9041843116283417,0.2084275782108307,0.3291543871164322
germinal,target_shuffle,0,,nb_s64546_mpnn_1_IL3,10.371598399999998,83.77653246099648,241.0,17.11,5.957142857142857,68.61983258934076,0.072668,0.34,0.84,32.43,0.362,5.042414080000001,93.58728,,,2.4321739130434783,87.9747998046875,0.389973,0.64,0.8,,0.110837622433852,0.8574699854590839,26.662606239318848,42.02643585205078,55.55118,20.832502,0.47713548,0.2383215576410293,0.2649034261703491,0.2383215576410293,0.5972470641136169,0.1485901772975921,0.1485901772975921,0.2649034261703491,0.6092492341995239,0.1788169592618942,0.1788169592618942,0.8121513724327087,0.7596279382705688,0.5447695851325989,0.8789967894554138,0.7940415143966675,0.5835782289505005,4.999543190002441,0.5447695851325989,0.8757417798042297,0.8052597045898438,0.635122537612915,0.9358965158462524,0.900863528251648,0.6803606152534485,5.890515804290772,0.6337082982063293,0.6244074702262878,0.6193381994962692,0.12286123260855675,0.15664544701576233
germinal,target_shuffle,0,,nb_s648479_mpnn_1_BHRF,14.518036265432098,79.1615187637969,532.34,21.48,10.052040816326532,67.46712151827201,0.005448,0.18,0.83,54.93,0.656,5.067398124035494,90.69677083333332,,,4.286046511627907,83.67545474659313,0.525692,0.74,0.84,,0.0772405828224453,0.8273750288989056,16.082765022913616,57.85924530029297,75.13253,15.217099,0.5483775,0.265640914440155,0.5340036153793335,0.265640914440155,0.603169322013855,0.18125881254673,0.18125881254673,0.5340036153793335,0.7784188389778137,0.4728997945785522,0.4728997945785522,0.7725135684013367,0.6533911228179932,0.3648896217346191,0.8744195103645325,0.7938047647476196,0.752949595451355,8.644253730773926,0.3648896217346191,0.7849618196487427,0.6743581891059875,0.3798339366912842,0.8862437605857849,0.8092914819717407,0.8875745534896851,9.00572395324707,0.3798339366912842,0.8933150172233582,0.9057528972625732,0.15624915808439255,0.4504532814025879
germinal,target_shuffle,0,,nb_s689267_mpnn_1_IL3,12.0188704,80.25983681795002,313.57,10.81,5.493220338983051,64.98071858513407,0.040532,0.31,0.825,29.4,0.49,4.916542399999999,91.76636,,,3.446509433962264,85.39129553900824,0.530319,0.74,0.84,,0.1618871307700838,0.8564191983559444,,,54.768265,20.94875,0.47529238,0.2912430763244629,0.3415930867195129,0.2912430763244629,0.5956907272338867,0.2151311635971069,0.1571502983570099,0.3415930867195129,0.6647850275039673,0.2607951164245605,0.2607951164245605,0.8207547068595886,0.677652895450592,0.408722847700119,0.9237626791000366,0.9113183617591858,0.5769380331039429,5.698849201202393,0.346101850271225,0.7783628702163696,0.6214825510978699,0.2813728749752044,0.9026103615760804,0.8802671432495117,0.9804897308349608,11.35297679901123,0.2457550168037414,0.6268832832574844,0.6249037832021713,0.1861407309770584,0.2333720400929451
germinal,target_shuffle,0,,nb_s689267_mpnn_2_BHRF,12.16007065007716,82.91706555213374,92.15,6.5,5.230434782608696,73.1529866239668,0.032864,0.29,0.855,-87.36,1.381,4.783091362847222,92.85944444444446,,,2.1613157894736843,86.32679931640625,0.525788,0.71,0.83,,0.1745348968499944,0.8710173307907507,12.233350118001304,67.27522277832031,76.05149,13.2540455,0.5818461,0.4425750374794006,0.6018441915512085,0.4425750374794006,0.7152405977249146,0.3744086623191833,0.3744086623191833,0.6018441915512085,0.8129301071166992,0.5490727424621582,0.5428578853607178,0.8925883173942566,0.8829094767570496,0.7961281538009644,0.9167033433914183,0.8734941482543945,0.4183818995952606,2.736268758773804,0.7961281538009644,0.9242302775382996,0.8969146013259888,0.8214902281761169,0.94991534948349,0.9365602731704712,0.4458443820476532,2.918429613113404,0.8214902281761169,0.9128187894821167,0.9127116501331329,0.3641864061355591,0.545965313911438
germinal,target_shuffle,0,,nb_s713450_mpnn_2_IL3,13.803548800000002,79.61248466257669,272.9,17.61,5.927777777777778,64.79466424282838,0.005718,0.18,0.8200000000000001,47.17,1.278,9.55346448,87.41839999999999,,,2.5616000000000003,72.91035720280239,0.078783,0.3,0.62,,0.1277276017358947,0.86926811231003,25.068864504496258,48.13859558105469,55.876972,20.98325,0.47775397,0.5167301297187805,0.6507762670516968,0.5167301297187805,0.6259350776672363,0.4894289076328277,0.2456605732440948,0.6507762670516968,0.679710865020752,0.6435425877571106,0.2986754775047302,0.8103165030479431,0.8114579916000366,0.6905966997146606,0.8402464389801025,0.756104052066803,0.5957932472229004,3.5838332176208496,0.6905966997146606,0.8458023071289062,0.7936593890190125,0.6369635462760925,0.8980119824409485,0.834351658821106,0.7576147317886353,5.623936176300049,0.6369635462760925,0.5969948917627335,0.6397374421358109,0.3675447404384613,0.4711090326309204
germinal,target_shuffle,0,,nb_s717713_mpnn_4_IL3,12.6960448,79.98607215447154,473.41,25.25,6.109722222222223,65.00030253329147,0.013086,0.22,0.8200000000000001,184.59,0.473,6.342641759999999,90.30968,,,2.8,80.93416733211942,0.27299,0.55,0.75,,0.0827132182255213,0.8809349462837336,26.413588523864743,44.85009765625,53.678226,21.20633,0.46356118,0.2306714951992035,0.4699800014495849,0.2306714951992035,0.5730165243148804,0.1450852304697036,0.1450852304697036,0.4699800014495849,0.6559767723083496,0.4234808087348938,0.2631487250328064,0.7309443354606628,0.6293049454689026,0.3344098031520843,0.8300780057907104,0.7134746313095093,0.819808304309845,7.718606948852539,0.3344098031520843,0.7617931365966797,0.655912458896637,0.4137616455554962,0.8488010168075562,0.7523473501205444,0.853347659111023,7.641821384429932,0.4137616455554962,0.5988505184650421,0.6427433341741562,0.11940127983689308,0.3433147668838501
germinal,target_shuffle,0,,nb_s717713_mpnn_2_BHRF,6.531610484182099,87.12842429577465,45.51,2.85,4.030645161290322,84.92267364709379,0.537813,0.76,0.86,-87.4,0.284,4.245579065393518,94.08569444444444,,,3.05890625,91.95468831062315,0.690746,0.84,0.9,,0.7926232731235279,0.8801815520105003,18.81255504063197,65.87089538574219,74.50914,16.090302,0.5338821,0.3383688628673553,0.5295073986053467,0.3383688628673553,0.6532490849494934,0.2596487998962402,0.2596487998962402,0.5295073986053467,0.7752565145492554,0.4680700898170471,0.4680700898170471,0.8028661608695984,0.7296686172485352,0.4961874485015869,0.8795359134674072,0.7937211394309998,0.6596741080284119,6.378600120544434,0.4820069074630737,0.8736069798469543,0.8256561756134033,0.6929811835289001,0.9187634587287904,0.8787429928779602,0.6035924553871155,4.4729180335998535,0.6929811835289001,0.8987809717655182,0.9074015319347382,0.25182873755693436,0.45604079961776733
germinal,target_shuffle,0,,nb_s752383_mpnn_5_PDL1,14.443338852391888,81.02385964912281,14.51,1.54,5.4300000000000015,68.29432778600096,0.0,0.16,0.84,-135.79,0.519,7.999525004895939,91.5040506329114,,,2.845333333333333,82.88666585286458,0.135087,0.43,0.69,,0.0807657651943547,0.8867384545482067,20.220752716064453,51.99320983886719,67.26646,17.382675,0.4881355,0.2469953000545501,0.5998703837394714,0.2469953000545501,0.603904128074646,0.1577680855989456,0.1426876783370971,0.5998703837394714,0.8126403093338013,0.5466778874397278,0.5466778874397278,0.806230366230011,0.8113538026809692,0.6354261040687561,0.8489313721656799,0.7903245687484741,0.5231996774673462,4.2643890380859375,0.6295470595359802,0.848903477191925,0.8014541268348694,0.6233993172645569,0.9052795171737672,0.8588716983795166,0.6669826507568359,6.90281867980957,0.592914342880249,0.8903897404670715,0.8951641917228699,0.1502278819680214,0.5388133823871613
germinal,target_shuffle,0,,nb_s752383_mpnn_3_IL3,14.843438399999998,80.9248385469223,14.41,1.28,3.7625,69.61262533171477,0.0,0.15,0.8300000000000001,-38.16,0.711,5.419976159999999,94.52508,,,2.026578947368421,92.82823540182676,0.500728,0.73,0.8,,0.0466701732506383,0.8327243747019464,,,54.984123,20.72394,0.47670636,0.4642257690429687,0.7291682958602905,0.4642257690429687,0.6226758360862732,0.4246132373809814,0.1989493817090988,0.7291682958602905,0.7487000226974487,0.7242853045463562,0.4143935143947601,0.822655200958252,0.7368800044059753,0.534205973148346,0.8947674632072449,0.8453510999679565,0.6916393637657166,5.02047872543335,0.534205973148346,0.9387292861938475,0.904031217098236,0.8580160140991211,0.9589075446128844,0.9506705403327942,0.3896049559116363,1.3518444299697876,0.8580021858215332,0.6163619309663773,0.6794873028993607,0.31178130954504013,0.5693394094705582
germinal,target_shuffle,0,,nb_s713450_mpnn_1_PDL1,8.224501059303174,85.59762419006479,68.21,4.9,4.693333333333334,78.13123348194989,0.184468,0.54,0.845,-116.92,0.438,3.8210359807010974,96.25194092827005,,,2.5353703703703703,93.60333220163982,0.635606,0.79,0.85,,0.2315279081273586,0.8665205085138301,20.81331825256348,55.95669555664063,67.341156,17.890413,0.48051292,0.2441466450691223,0.6656330823898315,0.2441466450691223,0.5979875326156616,0.1556864082813263,0.1556864082813263,0.6656330823898315,0.8190305233001709,0.6272836923599243,0.5451152324676514,0.7708123326301575,0.7536649107933044,0.5656958818435669,0.8220914602279663,0.7654346823692322,0.5878878235816956,5.09683084487915,0.5656958818435669,0.8275730013847351,0.8686051368713379,0.7929367423057556,0.83623206615448,0.7850005030632019,0.4723619520664215,2.913779735565185,0.7929367423057556,0.8800406157970428,0.894855260848999,0.1464703232049942,0.5861994624137878
germinal,target_shuffle,0,,nb_s417721_mpnn_3_PDL1,8.935790204561235,83.56542933333333,91.33,8.78,7.640000000000001,73.94957191982691,0.153199,0.46,0.835,-119.13,0.889,5.069157186348342,91.95253164556964,,,3.75225,85.63304337211277,0.407744,0.62,0.78,,0.1113844994369901,0.8692164013565411,,,67.9608,17.398893,0.4941981,0.4040397405624389,0.4602754116058349,0.4040397405624389,0.7154345512390137,0.3261910378932953,0.3256786167621612,0.4602754116058349,0.743421733379364,0.3894888162612915,0.3781498670578003,0.8166632056236267,0.7665192484855652,0.5981149673461914,0.8713002800941467,0.8009297847747803,0.5695198774337769,3.3538248538970947,0.52430260181427,0.8738228678703308,0.8101181387901306,0.6409414410591125,0.9320432543754578,0.9032751321792604,0.4727010130882263,3.024264335632324,0.6279107332229614,0.8958633542060852,0.9133588373661041,0.32593482732772827,0.3838193416595459
germinal,target_shuffle,0,,nb_s795450_mpnn_4_PDL1,10.00826790578433,83.08421757770633,95.1,7.62,4.717391304347827,68.01735497773296,0.064074,0.34,0.845,-131.71,0.344,4.078828001210633,94.49881856540084,,,2.220740740740741,90.78703590675636,0.549676,0.77,0.84,,0.18879403470824,0.8682226996892343,,,68.82551,17.62597,0.48079944,0.3801831007003784,0.5490970611572266,0.3801831007003784,0.7007019519805908,0.3000533580780029,0.3000533580780029,0.5490970611572266,0.8004498481750488,0.4862588942050934,0.4766526520252228,0.783362090587616,0.7303776741027832,0.4497517049312591,0.8667647242546082,0.7692970633506775,0.5445094704627991,4.89417839050293,0.4303950369358063,0.846430778503418,0.7861641049385071,0.5868297815322876,0.911331057548523,0.8551216125488281,0.5391309261322021,4.871353626251221,0.5868297815322876,0.8913943767547607,0.925330638885498,0.2993786931037903,0.4814557731151581
germinal,target_shuffle,0,,nb_s55152_mpnn_1_PDL1,9.484608947996229,81.56664309031555,181.35,12.56,6.642592592592593,69.49668851498352,0.135024,0.43,0.8200000000000001,-148.49,0.421,5.09503765422208,92.00523206751052,,,3.35921875,84.58999904509514,0.396466,0.65,0.78,,0.1537286351513154,0.8642928958710795,,,64.7003,18.175354,0.45434695,0.3140389919281006,0.463828444480896,0.3140389919281006,0.6281865239143372,0.2355020940303802,0.2355020940303802,0.463828444480896,0.7267674207687378,0.3980937302112579,0.3790462017059326,0.8125743865966797,0.8470892906188965,0.706972062587738,0.8389749526977539,0.7443650960922241,0.4629627764225006,2.232750177383423,0.6988223791122437,0.8842472434043884,0.8552595973014832,0.7288697361946106,0.9230915307998656,0.8732385635375977,0.4655361473560333,2.810054540634156,0.7288697361946106,0.8545126020908356,0.8763425052165985,0.23112425953149796,0.3885699659585953
germinal,target_shuffle,0,,nb_s802159_mpnn_2_PDL1,5.823942032081753,87.33395174262735,99.85,7.66,5.053448275862071,82.19910788568508,0.520334,0.77,0.855,-89.75,3.565,5.851852445299008,90.68481012658228,,,5.1885,84.59428446633476,0.461977,0.74,0.75,,0.5142083746329325,0.8910954416057429,19.11903738975525,50.058250427246094,67.309006,16.035158,0.52221537,0.7227157354354858,0.4424233436584472,0.7227157354354858,0.8409256935119629,0.6931632161140442,0.6931632161140442,0.4424233436584472,0.7394261360168457,0.3681726455688476,0.3598986268043518,0.797256588935852,0.7744656205177307,0.563508927822113,0.8556934595108032,0.7722703218460083,0.5615230202674866,3.4695489406585693,0.5420843362808228,0.8056061863899231,0.7365504503250122,0.537879467010498,0.8725378513336182,0.7904373407363892,0.6065688133239746,4.52763032913208,0.537879467010498,0.9089710712432861,0.897439181804657,0.6788270473480225,0.36403563618659973
germinal,target_shuffle,0,,nb_s506400_mpnn_4_PDL1,12.176588509676156,81.22960042621204,164.37,14.05,10.056,62.2902925430247,0.007659,0.2,0.835,-30.12,0.309,3.863408285709199,96.11075949367088,,,2.616346153846154,94.46499933515275,0.572836,0.78,0.85,,0.0701675421588359,0.8566098978808329,19.21017265319824,56.74626159667969,67.96657,17.415844,0.4744113,0.3100643754005432,0.4212486147880554,0.3100643754005432,0.6545758247375488,0.2239364981651306,0.2239364981651306,0.4212486147880554,0.7168683409690857,0.3473436832427978,0.332812488079071,0.8172454833984375,0.8234831094741821,0.6523755192756653,0.858462929725647,0.7667041420936584,0.4443180561065674,3.0028328895568848,0.6523755192756653,0.8086361289024353,0.7683985233306885,0.5654177069664001,0.8694406747817993,0.778149425983429,0.5879501700401306,5.084982395172119,0.5654177069664001,0.8882631361484528,0.8862988948822021,0.21855615824460983,0.34007808566093445
germinal,target_shuffle,0,,nb_s949322_mpnn_4_IL3,14.53056,73.86471679197994,517.86,28.88,9.1625,57.52752393677967,0.005801,0.15,0.7749999999999999,131.27,0.643,7.1260912,86.63516,,,5.945185185185187,75.53241335112473,0.27579,0.55,0.73,,0.0937047616629859,0.8306744541052313,28.733783721923828,48.838897705078125,52.83295,21.34122,0.4583866,0.2139043807983398,0.2638261020183563,0.2139043807983398,0.5486428141593933,0.1302197724580764,0.1302197724580764,0.2638261020183563,0.5931606292724609,0.1814924776554107,0.1814924776554107,0.839134693145752,0.8505994081497192,0.8167747259140015,0.844724714756012,0.7614645957946777,0.4510160982608795,1.8296579122543333,0.7574419975280762,0.8088507056236267,0.7831250429153442,0.6327586770057678,0.852873682975769,0.7940543293952942,0.6549188494682312,4.190095901489258,0.6130877137184143,0.5823508948087692,0.6010727733373642,0.10919738560914993,0.15448909252882004
germinal,target_shuffle,0,,nb_s453654_mpnn_2_IL20,15.024367346938778,79.7725314183124,147.64,10.42,6.389583333333333,69.18477288993176,0.0,0.13,0.855,15.45,0.298,6.627695663265306,92.10578571428572,,,4.712000000000001,82.8807688492995,0.241885,0.54,0.76,,0.0602988138698386,0.8689990678315229,20.01702356338501,49.89483642578125,72.60591,14.973986,0.5507387,0.2563298940658569,0.3751521110534668,0.2563298940658569,0.5864774584770203,0.1737929880619049,0.1737929880619049,0.3751521110534668,0.6585875749588013,0.3042932152748108,0.3042932152748108,0.6088045835494995,0.6409580707550049,0.5745372176170349,0.6173713803291321,0.5641481280326843,1.38938307762146,6.619196891784668,0.5745372176170349,0.8557180762290955,0.8597882986068726,0.7979581356048584,0.8701579570770264,0.8380375504493713,0.6483192443847656,2.395982027053833,0.7979581356048584,0.8918593227863312,0.8794229626655579,0.1480446420609951,0.27548345923423767
germinal,target_shuffle,0,,nb_s175477_mpnn_2_IL20,12.422619897959182,79.66788974243109,107.06,5.93,11.1,60.369069955043,0.008128,0.23,0.8400000000000001,3.03,0.497,5.090005484693877,92.76042857142856,,,5.498382352941175,84.81548247798797,0.445597,0.68,0.82,,0.0575351024988638,0.8443969958636227,11.303443431854248,64.85499572753906,74.32546,12.276857,0.64363396,0.3668074011802673,0.3437365293502807,0.3668074011802673,0.6645968556404114,0.2923600375652313,0.2923600375652313,0.3437365293502807,0.6401175856590271,0.269641250371933,0.269641250371933,0.6415140628814697,0.710779070854187,0.5964774489402771,0.6527732014656067,0.567305326461792,1.1398109197616575,4.168334007263184,0.5964774489402771,0.8453702330589294,0.8218644261360168,0.7369045615196228,0.8724865913391113,0.8282073736190796,0.646916925907135,2.3920180797576904,0.7369045615196228,0.8900886476039886,0.8751922249794006,0.27960601449012756,0.24170920997858047
germinal,target_shuffle,0,,nb_s293208_mpnn_4_PDL1,7.18610265448913,85.38286937901499,111.35,8.62,4.7796875,76.47132940820993,0.238265,0.58,0.855,-152.49,0.674,4.103450301767878,95.52746835443035,,,2.32859375,92.84448321112272,0.539773,0.76,0.83,,0.1051784607699658,0.8793113020548402,20.414915084838867,57.90939712524414,67.17475,17.744518,0.47799817,0.5619221925735474,0.6061795949935913,0.5619221925735474,0.7869355082511902,0.5056688189506531,0.4847895503044128,0.6061795949935913,0.779047429561615,0.5629625916481018,0.4756799340248108,0.8528094291687012,0.8159504532814026,0.7245073318481445,0.8848849534988403,0.8509478569030762,0.5124969482421875,2.780668258666992,0.7129940390586853,0.883796215057373,0.8332127332687378,0.7469052672386169,0.9180189967155457,0.9115595817565918,0.4685202538967132,2.971841335296631,0.7469052672386169,0.8989096879959106,0.8819197416305542,0.49522918462753296,0.5193212628364563
germinal,target_shuffle,0,,nb_s949322_mpnn_2_IL3,14.2230496,75.34313567839196,553.55,30.66,10.408620689655171,53.88027384649906,0.006156,0.16,0.79,129.4,2.435,7.196948639999999,85.97844,,,6.766166666666666,72.00666656494141,0.32405,0.59,0.75,,0.1114865390332557,0.824682842602734,25.70264911651612,42.93206024169922,52.54792,21.229244,0.4547202,0.218985378742218,0.4126179218292236,0.218985378742218,0.553209125995636,0.1354294270277023,0.1354294270277023,0.4126179218292236,0.6710312366485596,0.3480145931243896,0.303952693939209,0.8380002975463867,0.919590950012207,0.8821899890899658,0.8269529342651367,0.7112460136413574,0.3453448116779327,0.760444164276123,0.8606166839599609,0.7900771498680115,0.7495551705360413,0.5592618584632874,0.8477810025215149,0.7581642866134644,0.8516449928283691,5.976986885070801,0.5411741137504578,0.589196652173996,0.6071033179759979,0.11008324474096298,0.3259836435317993
germinal,target_shuffle,0,,nb_s664067_mpnn_3_IL3,10.251528,80.8072193877551,341.08,19.54,6.758064516129032,67.41175461995051,0.125633,0.4,0.815,92.39,0.294,5.09347008,90.95844,,,3.9609677419354834,83.32551811481345,0.466517,0.68,0.8,,0.218113310771557,0.8584041029465668,26.812029361724854,44.6463623046875,53.990948,21.36593,0.45732033,0.265697717666626,0.6888120174407959,0.265697717666626,0.6003263592720032,0.1820405274629593,0.1820405274629593,0.6888120174407959,0.8175848126411438,0.6566188335418701,0.5675128698348999,0.8819405436515808,0.8972066640853882,0.8213483691215515,0.8970885872840881,0.8634286522865295,0.4293754994869232,1.3536455631256104,0.8213483691215515,0.8903549313545227,0.8434376120567322,0.7737967371940613,0.9194944500923156,0.9013507962226868,0.7344887852668762,3.2617387771606445,0.7737967371940613,0.602681040763855,0.7705558836460114,0.1508357897400856,0.612065851688385
germinal,target_shuffle,0,,nb_s830050_mpnn_4_PDL1,7.81143335291709,85.84774959525095,43.15,3.78,6.2318181818181815,76.31310187245906,0.19997,0.57,0.845,-133.12,0.271,4.645155690861508,93.21362869198312,,,5.123409090909092,84.90956513778023,0.508122,0.72,0.83,,0.1478013856359908,0.8784014093047822,20.56377379099528,50.5864143371582,67.3073,16.86473,0.5001568,0.572044849395752,0.7516629695892334,0.572044849395752,0.7898407578468323,0.5175958871841431,0.487381100654602,0.7516629695892334,0.8452692627906799,0.728261411190033,0.728261411190033,0.766360878944397,0.7160645127296448,0.5606644153594971,0.8177849650382996,0.7467201352119446,0.7624928951263428,5.775152206420898,0.5210548043251038,0.9067836999893188,0.8689741492271423,0.8466984033584595,0.9218049645423888,0.890923023223877,0.4325975775718689,1.7324672937393188,0.8129404783248901,0.921925812959671,0.8992809057235718,0.5024884939193726,0.7263679504394531
germinal,target_shuffle,0,,nb_s648756_mpnn_3_IL20,12.61980612244898,80.38183243727599,110.89,8.43,6.576470588235295,67.30427020937101,0.032851,0.33,0.85,-10.65,0.97,6.101078954081633,91.84092857142856,,,4.499473684210526,80.19857006981259,0.298602,0.59,0.78,,0.0735022972196013,0.8955919194079636,13.444598078727722,68.3670654296875,73.5014,14.382227,0.56197035,0.3268996179103851,0.4725550413131714,0.3268996179103851,0.6220741271972656,0.2531059980392456,0.2531059980392456,0.4725550413131714,0.7067097425460815,0.4140163362026214,0.4140163362026214,0.5718938112258911,0.5851602554321289,0.26613450050354,0.6483336091041565,0.5616642236709595,1.319541335105896,7.018981456756592,0.2218754589557647,0.8371046185493469,0.8488973379135132,0.742379367351532,0.860785961151123,0.8198642730712891,0.5432116985321045,2.277685165405273,0.7367605566978455,0.8984401226043701,0.8912716805934906,0.22784708440303802,0.39889785647392273
germinal,target_shuffle,0,,nb_s596199_mpnn_2_PDL1,11.236082180562232,83.8639575596817,102.38,10.32,5.992105263157894,68.36900484717098,0.040679,0.28,0.85,-133.16,0.412,5.930748633587922,94.04789029535864,,,2.2926470588235297,85.04399909973145,0.236522,0.54,0.75,,0.1171111082942529,0.8831472370161148,21.63790225982666,44.12872314453125,67.18381,17.255941,0.48423707,0.2907114028930664,0.4552177190780639,0.2907114028930664,0.6529421806335449,0.2001536786556244,0.2001536786556244,0.4552177190780639,0.7478498816490173,0.3820596635341644,0.3820596635341644,0.8079044222831726,0.7369024753570557,0.5733487606048584,0.8665432929992676,0.7669433355331421,0.5176414847373962,3.418062210083008,0.4831728935241699,0.8754288554191589,0.8244900107383728,0.6751943230628967,0.9254875183105468,0.8661934733390808,0.4401744902133941,2.4748520851135254,0.6751943230628967,0.9019702672958374,0.8945689499378204,0.18787280470132828,0.38148482143878937
germinal,target_shuffle,0,,nb_s596199_mpnn_3_IL20,14.295076530612246,80.68837813620073,371.78,18.14,11.96931818181818,66.01934623870383,0.005484,0.17,0.855,114.94,0.551,7.197394642857143,91.7284642857143,,,5.633714285714286,82.39363606770833,0.194297,0.45,0.71,,0.0845840385883367,0.8852829099363032,11.235061585903168,63.296531677246094,73.95965,12.797865,0.6062994,0.319056361913681,0.3703052401542663,0.319056361913681,0.6178407073020935,0.2443602681159973,0.2443602681159973,0.3703052401542663,0.6513732671737671,0.30003821849823,0.30003821849823,0.5731827616691589,0.5952276587486267,0.2997973561286926,0.6415290832519531,0.5788009762763977,1.2675797939300537,7.25507926940918,0.2851418852806091,0.8222567439079285,0.7935313582420349,0.6551598906517029,0.8640310168266296,0.7996996641159058,0.6902555823326111,3.716122627258301,0.6551598906517029,0.893697053194046,0.8798640966415405,0.22018232941627502,0.2718283161520958
germinal,target_shuffle,0,,nb_s648756_mpnn_1_IL20,11.699645408163263,82.74873655913979,76.2,5.47,4.8625,72.7881899096112,0.038234,0.35,0.865,-37.9,0.371,4.240125382653061,95.57278571428571,,,2.603125,93.56499998910088,0.600567,0.79,0.86,,0.2008103615140866,0.8665205085138301,17.21569077173869,65.73827362060547,72.70407,15.258453,0.5449809,0.2927864789962768,0.3819379806518554,0.2927864789962768,0.6107178926467896,0.2133036255836486,0.2133036255836486,0.3819379806518554,0.6634670495986938,0.3115556836128235,0.3115556836128235,0.5734480023384094,0.6575270891189575,0.410809576511383,0.614107608795166,0.5336319208145142,1.2335126399993896,6.077090263366699,0.410809576511383,0.8569669723510742,0.8712032437324524,0.8081784844398499,0.8691641092300415,0.842150866985321,0.4929095506668091,2.2668843269348145,0.8081784844398499,0.8958703875541687,0.8799138069152832,0.18710865080356598,0.2847341299057007
germinal,target_shuffle,0,,nb_s983700_mpnn_1_PDL1,9.409485659349462,83.0743392188336,136.57,10.94,7.185714285714286,66.79106708607918,0.100205,0.34,0.835,-102.52,0.646,6.511565632288272,90.01025316455696,,,4.548181818181819,80.88869575832202,0.272694,0.53,0.71,,0.1212186123822809,0.9044940119224096,,,65.590294,17.91002,0.4711731,0.3202997148036957,0.3730209171772003,0.3202997148036957,0.6496365070343018,0.2379655092954635,0.2379655092954635,0.3730209171772003,0.6842280626296997,0.2952191233634949,0.2952191233634949,0.8123946189880371,0.83149254322052,0.7027571797370911,0.83980393409729,0.7366116642951965,0.4340645968914032,2.178816318511963,0.6731249094009399,0.8172585368156433,0.7632859349250793,0.5794628262519836,0.8767074346542358,0.7984786033630371,0.5319187641143799,3.064626693725586,0.551352322101593,0.875476062297821,0.8668181896209717,0.23164204508066177,0.2909354418516159
germinal,target_shuffle,0,,nb_s175477_mpnn_4_IL3,10.918008,80.77598982188296,491.32,24.0,6.918055555555556,64.01448789007034,0.063601,0.35,0.825,206.21,0.334,5.4333432,90.1806,,,4.727285714285714,81.22837829589844,0.506492,0.73,0.82,,0.0915740380869491,0.8605015528402996,27.813054084777832,34.71608352661133,53.34602,21.371653,0.45928758,0.2405481487512588,0.3734774589538574,0.2405481487512588,0.5834596157073975,0.1548202782869339,0.1548202782869339,0.3734774589538574,0.6592321991920471,0.3020387887954712,0.258285641670227,0.863735020160675,0.883843719959259,0.7961274981498718,0.8806369304656982,0.8173502087593079,0.4659766554832458,1.6830631494522097,0.7961274981498718,0.8536586165428162,0.7897540926933289,0.6285664439201355,0.9099316596984864,0.8445698022842407,0.7115883827209473,5.009203910827637,0.6285664439201355,0.6078111380338669,0.6214331686496735,0.12598340213298798,0.2801622152328491
germinal,target_shuffle,0,,nb_s877334_mpnn_1_IL20,13.154367346938775,79.69657645466847,184.01,15.16,10.55,62.58890146089397,0.006458,0.2,0.835,102.68,0.395,6.209260841836734,92.40425,,,4.446363636363636,82.77333354949951,0.272629,0.54,0.76,,0.1642856587168597,0.8932355822462105,7.339418252309163,69.72085571289062,74.25901,12.376509,0.6227207,0.3460975885391235,0.3385919332504272,0.3460975885391235,0.643518328666687,0.2717423737049103,0.2704426348209381,0.3385919332504272,0.6444526314735413,0.2621267437934875,0.2621267437934875,0.6388866305351257,0.7302422523498535,0.6019318103790283,0.6481253504753113,0.5687845945358276,1.067574977874756,4.762876033782959,0.6019318103790283,0.8576557040214539,0.8489918112754822,0.7961472272872925,0.873032808303833,0.8151108622550964,0.5492841601371765,1.787014365196228,0.7961472272872925,0.889197826385498,0.8794558346271515,0.2710925042629242,0.2412891536951065
germinal,target_shuffle,0,,nb_s109706_mpnn_2_IL3,12.345372800000002,79.73953077699294,484.41,34.65,6.272916666666667,61.56325681093738,0.024974,0.22,0.825,199.87,1.066,7.4945032,89.13220000000001,,,2.692391304347826,77.56500005722046,0.180109,0.44,0.7,,0.0907990005909688,0.8768562454309495,27.57645893096924,54.25749206542969,53.46277,21.537626,0.46407914,0.2722845077514648,0.3147734999656677,0.2722845077514648,0.6201168894767761,0.1853263974189758,0.1853263974189758,0.3147734999656677,0.6505463719367981,0.2308302819728851,0.2308302819728851,0.8904532790184021,0.8701342344284058,0.7820310592651367,0.9175587892532348,0.8952875733375549,0.3728264272212982,1.4512146711349487,0.7790588140487671,0.8789498209953308,0.7700080275535583,0.6240519285202026,0.9426743388175964,0.9315184950828552,0.5675212144851685,4.745002269744873,0.5844489932060242,0.6138560473918915,0.6424139142036438,0.16482879221439362,0.22609375417232513
germinal,target_shuffle,0,,nb_s651199_mpnn_2_PDL1,10.787215367907564,81.70530798071773,119.97,8.3,5.042307692307692,67.34084976069879,0.052051,0.28,0.84,-53.22,0.463,5.256419199202406,91.78763713080168,,,2.9830000000000005,84.3819225017841,0.35601,0.59,0.76,,0.1164905021858302,0.8885011354049123,19.60149955749512,55.610626220703125,68.11004,17.473392,0.47816476,0.2953237891197204,0.4174116253852844,0.2953237891197204,0.6371682286262512,0.2098626643419265,0.2098626643419265,0.4174116253852844,0.7166852355003357,0.3425932228565216,0.3425932228565216,0.7864661812782288,0.7097740769386292,0.4479630887508392,0.8710919618606567,0.7740938663482666,0.6983584761619568,4.90108060836792,0.4190259575843811,0.8304325342178345,0.7912910580635071,0.596408486366272,0.8889384865760803,0.7871119379997253,0.5400476455688477,4.26903247833252,0.5746487975120544,0.8808219730854034,0.887052059173584,0.2037646397948265,0.3394059091806412
germinal,target_shuffle,0,,nb_s558025_mpnn_1_IL20,12.672801020408164,80.05846431797652,51.9,3.79,9.348,66.36011126574144,0.013756,0.3,0.8300000000000001,15.39,0.285,5.6672714285714285,92.58978571428572,,,4.330961538461539,87.3448161372432,0.398944,0.68,0.8,,0.1687184329774367,0.8409863990711415,14.99740433692932,64.59793853759766,73.66654,14.64915,0.5526463,0.3750455379486084,0.3161596357822418,0.3750455379486084,0.6719460487365723,0.3008204102516174,0.3008204102516174,0.3161596357822418,0.6428017616271973,0.2344991117715835,0.2344991117715835,0.5560569167137146,0.5333558917045593,0.1894607543945312,0.6477059721946716,0.5543137788772583,1.1141258478164673,8.068086624145508,0.129434660077095,0.7519347667694092,0.6763532161712646,0.463285744190216,0.8240970373153687,0.7650406956672668,0.9162387251853944,6.16016149520874,0.463285744190216,0.8875705003738403,0.8830513954162598,0.28886352479457855,0.23114530742168427
germinal,target_shuffle,0,,nb_s814263_mpnn_3_PDL1,8.338170521105948,84.94978121664889,46.71,4.13,5.004761904761905,72.22307915921208,0.141756,0.48,0.85,-87.16,0.806,4.456578717798075,93.67232067510548,,,3.6768,89.45000060399373,0.5876,0.77,0.84,,0.227738753222517,0.8656106157637721,,,66.682846,17.716393,0.47916555,0.3235867321491241,0.5072380304336548,0.3235867321491241,0.6561983823776245,0.2404338121414184,0.2404338121414184,0.5072380304336548,0.764733612537384,0.4428641498088836,0.4119920134544372,0.7986608743667603,0.7554271817207336,0.5351660251617432,0.8645345568656921,0.7738721966743469,0.5656558871269226,3.773226499557495,0.5237745046615601,0.8187133073806763,0.7676926851272583,0.5719572901725769,0.8804022669792175,0.8142148852348328,0.6295347809791565,5.06019926071167,0.5719572901725769,0.8782065808773041,0.8964203298091888,0.23157668113708496,0.42742808163166046
germinal,target_shuffle,0,,nb_s983700_mpnn_2_IL3,13.493486400000002,77.8641789527199,253.89,17.81,7.486363636363637,60.481630948236216,0.006794,0.19,0.81,66.9,1.229,7.76099936,87.72796,,,4.060652173913043,71.97833331425984,0.208489,0.45,0.68,,0.1020891466076759,0.8327251895726643,24.859928766886394,50.06636428833008,50.79673,21.369036,0.45471197,0.2339985370635986,0.240204781293869,0.2339985370635986,0.5685937404632568,0.1503497213125229,0.1503497213125229,0.240204781293869,0.5755741596221924,0.1563624292612075,0.1563624292612075,0.8246874809265137,0.7197692394256592,0.5920946598052979,0.8828356862068176,0.8063275218009949,0.6543138027191162,3.935011863708496,0.4952095746994018,0.8170071840286255,0.692107617855072,0.4389751553535461,0.911515176296234,0.8540082573890686,0.7505767345428467,5.578176975250244,0.4389751553535461,0.5907305479049683,0.5853212773799896,0.13178445771336555,0.1353292390704155
germinal,target_shuffle,0,,nb_s353537_mpnn_1_IL20,15.257179846938778,76.86234689316049,217.26,11.48,13.483823529411763,62.67370239856047,0.0,0.14,0.8300000000000001,29.39,0.406,5.071894642857143,92.30942857142855,,,4.776206896551725,85.8084839329575,0.446008,0.7,0.82,,0.0598690635803367,0.8141477552879812,10.85558557510376,64.70265197753906,72.67741,14.189282,0.5730826,0.2430267333984375,0.3846484422683716,0.2430267333984375,0.5852226614952087,0.1574777662754058,0.1574777662754058,0.3846484422683716,0.6807286739349365,0.3106283843517303,0.3106283843517303,0.6591124534606934,0.7279360890388489,0.5371209979057312,0.6896103024482727,0.6369727253913879,0.7875682711601257,5.212550163269043,0.5371209979057312,0.8374053239822388,0.8480545878410339,0.7430471181869507,0.860994815826416,0.8314115405082703,0.5500141978263855,2.4121103286743164,0.735958993434906,0.8905873894691467,0.8952454924583435,0.13993238285183907,0.29109616577625275
germinal,target_shuffle,0,,nb_s849285_mpnn_4_PDL1,7.457499688440244,87.51940138963121,26.92,2.37,2.977777777777778,78.95901152527432,0.225664,0.57,0.86,-134.91,0.48,3.8490973668749664,96.13962025316457,,,1.9577083333333327,94.14960021972657,0.586798,0.79,0.86,,0.220288530302246,0.8880334437739708,19.89707088470459,55.98818206787109,66.57682,17.550417,0.4794979,0.474978506565094,0.7388215661048889,0.474978506565094,0.7570757865905762,0.4044541716575622,0.3938047885894775,0.7388215661048889,0.8719649314880371,0.7055357098579407,0.7055357098579407,0.8558833003044128,0.8401756286621094,0.6981476545333862,0.8953172564506531,0.8419656157493591,0.4546142220497131,2.495203018188477,0.6817304491996765,0.8630478978157043,0.7823506593704224,0.5803655982017517,0.9337185025215148,0.8977020382881165,0.5270751118659973,5.006052017211914,0.5803655982017517,0.9052832126617432,0.9248820245265961,0.3991294801235199,0.6946093738079071
germinal,target_shuffle,0,,nb_s807321_mpnn_2_IL3,11.3240912,82.11171929824562,267.26,11.33,4.455319148936171,64.21928081855026,0.067364,0.35,0.845,35.49,0.54,5.015507680000001,91.94484,,,2.278125,83.68414595068955,0.55479,0.76,0.84,,0.1669102306031655,0.8634264383013136,25.999217987060547,55.42420196533203,55.568165,20.91851,0.46978503,0.249546393752098,0.3156052231788635,0.249546393752098,0.6022089719772339,0.1613807380199432,0.1613807380199432,0.3156052231788635,0.6508824229240417,0.2317859083414077,0.2317859083414077,0.8474613428115845,0.890678346157074,0.8250818252563477,0.8530561327934265,0.760080099105835,0.3726454377174377,1.680485486984253,0.8250818252563477,0.8520973324775696,0.7965942025184631,0.6322157382965088,0.9070677161216736,0.8504553437232971,0.6036617755889893,4.720426559448242,0.6029039025306702,0.6229563653469086,0.6453768163919449,0.14758170396089554,0.22676149755716324
germinal,target_shuffle,0,,nb_s204617_mpnn_1_IL20,15.06043112244898,79.40144404332129,194.15,10.35,9.701666666666666,69.66566221068302,0.0,0.14,0.85,24.71,1.229,5.691525382653062,90.29132142857142,,,5.290441176470587,79.98906219005585,0.400851,0.63,0.79,,0.070087534479923,0.8417371577123155,15.60411732537406,56.98667907714844,72.6623,14.89553,0.5512585,0.2818071842193603,0.4736490845680237,0.2818071842193603,0.6021173000335693,0.2017296552658081,0.2017296552658081,0.4736490845680237,0.7356969118118286,0.4081370830535888,0.4081370830535888,0.664604127407074,0.804358720779419,0.6673404574394226,0.6639200448989868,0.6005457043647766,0.647554874420166,3.379197120666504,0.6673404574394226,0.8079447150230408,0.7286652326583862,0.5942899584770203,0.8613583445549011,0.8263592720031738,0.897513747215271,4.992600917816162,0.5942899584770203,0.8852767646312714,0.8952338397502899,0.19224031269550323,0.3972679078578949
germinal,target_shuffle,0,,nb_s877334_mpnn_2_IL20,13.100465561224487,79.63015787099684,257.98,17.2,8.816071428571428,63.48313105172179,0.009278,0.19,0.8300000000000001,55.37,1.106,6.07578443877551,90.97010714285712,,,4.1075,83.54333368937175,0.321131,0.61,0.77,,0.0618098701378026,0.8555415269661281,8.386060623022226,69.21784973144531,74.13956,12.813294,0.6121813,0.2983939349651336,0.350011944770813,0.2983939349651336,0.6156023740768433,0.2190918177366256,0.2190918177366256,0.350011944770813,0.6300621628761292,0.2799993753433227,0.2799993753433227,0.635947048664093,0.713701069355011,0.5186819434165955,0.665263295173645,0.593028724193573,0.9152119755744934,4.490768909454346,0.5186819434165955,0.8836343884468079,0.8211448192596436,0.7489694952964783,0.9173006415367126,0.8887385725975037,0.6354327201843262,2.810642004013061,0.7489694952964783,0.8946030139923096,0.8557511866092682,0.1929372251033783,0.2578273117542267
germinal,target_shuffle,0,,nb_s373735_mpnn_2_PDL1,9.532067510548522,84.49097349918875,96.32,6.45,5.418181818181819,70.6725672053256,0.073227,0.33,0.865,-97.25,0.3,4.723296836333208,93.12046413502108,,,2.6631250000000004,84.17193529682774,0.407988,0.64,0.8,,0.1772187598740479,0.872630239026327,,,70.91269,16.647408,0.51118267,0.652207612991333,0.5147808194160461,0.652207612991333,0.848939061164856,0.6030247211456299,0.595369279384613,0.5147808194160461,0.7902407050132751,0.4459158480167389,0.4459158480167389,0.8904511332511902,0.8942058086395264,0.7932173013687134,0.9147595763206482,0.8652846813201904,0.3776509165763855,1.5783259868621826,0.7842724919319153,0.8555827140808105,0.8169755935668945,0.6672849059104919,0.902657151222229,0.832268476486206,0.4650740027427673,3.5931556224823,0.6672849059104919,0.9093626737594604,0.9131870269775391,0.5991970002651215,0.44284117221832275
germinal,target_shuffle,0,,nb_s814263_mpnn_4_PDL1,6.728024355071304,86.487648,64.91,6.01,4.61578947368421,78.28643797711474,0.288761,0.61,0.86,-95.21,0.711,4.323723584183447,94.92232067510548,,,2.583478260869565,91.55909104780716,0.532794,0.75,0.84,,0.0616394289085084,0.8800344558929505,20.487881660461422,55.723289489746094,67.06028,17.748644,0.47636473,0.3250367343425751,0.5501484870910645,0.3250367343425751,0.6578611731529236,0.2418306171894073,0.2418306171894073,0.5501484870910645,0.7679827809333801,0.4956898689270019,0.487743079662323,0.8404616713523865,0.8315029144287109,0.6999536752700806,0.875588595867157,0.7941957116127014,0.4643580913543701,2.168339490890503,0.6999536752700806,0.8830471038818359,0.8758718967437744,0.7866477370262146,0.90714693069458,0.869550883769989,0.443409651517868,2.3675286769866943,0.7866477370262146,0.8798815310001373,0.8824092149734497,0.2313808873295784,0.4917164742946625
germinal,target_shuffle,0,,nb_s663598_mpnn_2_IL3,6.2321056,87.94265816326529,116.17,7.15,2.9578125,81.87655608398657,0.516963,0.77,0.865,-1.82,0.22,3.86616048,95.22332,,,2.047241379310345,92.76999994913736,0.74969,0.87,0.89,,0.8800642239076742,0.8975776242420347,,,53.25072,21.51226,0.457165,0.6579996347427368,0.6570340991020203,0.6579996347427368,0.7223067879676819,0.6419228911399841,0.3669836521148681,0.6570340991020203,0.7499808669090271,0.6337974071502686,0.4171094298362732,0.8222238421440125,0.872351348400116,0.7753468751907349,0.8339430689811707,0.7327679991722107,0.4546303749084472,1.651669144630432,0.7658860683441162,0.8781260848045349,0.8651918172836304,0.781889796257019,0.902185082435608,0.8704670667648315,0.5352205634117126,2.508349657058716,0.781889796257019,0.6662757843732834,0.6808758080005646,0.5044532716274261,0.5254534184932709
germinal,target_shuffle,0,,nb_s327664_mpnn_4_IL3,13.6016192,79.91025432349949,265.84,14.61,6.936666666666667,65.31152189123108,0.033326,0.37,0.825,32.09,0.24,5.672626559999999,91.53464,,,4.1386666666666665,86.08766657511393,0.439438,0.69,0.78,,0.2031397929606095,0.8493719668093616,,,53.66851,21.226505,0.46588874,0.2351167947053909,0.2680495679378509,0.2351167947053909,0.5746209621429443,0.1502407491207122,0.1502407491207122,0.2680495679378509,0.594369649887085,0.186469554901123,0.1756284236907959,0.8781260848045349,0.9381170272827148,0.9007675647735596,0.8724656701087952,0.8321705460548401,0.3769957423210144,1.0518286228179932,0.9007675647735596,0.7660830616950989,0.6955950260162354,0.4835011959075928,0.8367285132408142,0.7583742141723633,0.913486897945404,8.170425415039062,0.4835011959075928,0.6047656238079071,0.5994928777217865,0.1394265964627266,0.18104898929595947
germinal,target_shuffle,0,,nb_s453654_mpnn_1_IL3,8.387024000000002,81.90458480120785,506.33,27.36,7.546428571428571,73.5751057343376,0.385277,0.65,0.83,95.56,0.7,5.34774288,90.53528,,,4.829393939393938,85.45000076293945,0.619598,0.79,0.82,,0.4311458734259601,0.8592608998267762,23.88304546901158,45.81891250610352,51.778084,20.819632,0.46916816,0.3503787517547607,0.3911982774734497,0.3503787517547607,0.5841958522796631,0.2919244766235351,0.1617742925882339,0.3911982774734497,0.671896755695343,0.3210236430168152,0.300693541765213,0.7809996008872986,0.8092343211174011,0.6548160314559937,0.8125454783439636,0.7092381119728088,0.6012127995491028,3.844477415084839,0.6427095532417297,0.8193928599357605,0.8381553292274475,0.7194693684577942,0.8443737030029297,0.7333276271820068,0.5876708626747131,3.338935613632202,0.7188721299171448,0.6013746112585068,0.6347614079713821,0.22684938460588455,0.3108585923910141
germinal,target_shuffle,0,,nb_s39537_mpnn_2_IL20,13.146808673469389,83.06230349840982,149.25,10.27,3.298,68.18579739321942,0.005733,0.18,0.875,51.2,0.594,7.694958673469387,91.06507142857144,,,2.32275,80.61043415898862,0.169365,0.43,0.7,,0.0756334898168213,0.8945408967457202,15.702647924423218,62.68675994873047,73.154854,14.985649,0.54189956,0.2589629590511322,0.3648692667484283,0.2589629590511322,0.5971499681472778,0.174416184425354,0.174416184425354,0.3648692667484283,0.6807889938354492,0.2858893275260925,0.2858893275260925,0.5684460997581482,0.6236140727996826,0.3542380332946777,0.621998131275177,0.532227098941803,1.1863062381744385,6.868555545806885,0.3405333459377289,0.8669789433479309,0.7888739705085754,0.6798383593559265,0.9137640595436096,0.9018391370773317,0.7008476257324219,3.321805953979492,0.6798383593559265,0.8874622583389282,0.8887957334518433,0.1608123555779457,0.2778788208961487
germinal,target_shuffle,0,,nb_s105306_mpnn_3_PDL1,9.567973437305277,83.65898222940226,239.59,17.41,5.192592592592592,71.02192095731097,0.089064,0.38,0.84,-40.12,0.467,4.215154266588332,93.80417721518988,,,2.1755172413793105,89.97275832603718,0.573415,0.75,0.85,,0.1718204505681769,0.861220781021858,,,67.03617,17.79755,0.47742492,0.3496692180633545,0.5251763463020325,0.3496692180633545,0.6864162087440491,0.2654824554920196,0.2654824554920196,0.5251763463020325,0.7784855961799622,0.46184903383255,0.4414447844028473,0.7623161673545837,0.6298894286155701,0.2802544236183166,0.8828315734863281,0.7955343127250671,0.7083712816238403,5.720093727111816,0.2802544236183166,0.8485680818557739,0.8106402158737183,0.6413001418113708,0.9003850817680359,0.8240447640419006,0.4568498730659485,2.7501044273376465,0.6398456692695618,0.8997123837471008,0.9040845036506653,0.2619587182998657,0.45164690911769867
germinal,target_shuffle,0,,nb_s80543_mpnn_1_IL20,12.382540816326529,80.93398828301038,546.19,47.6,7.53888888888889,69.29494028574395,0.006252,0.23,0.845,220.61,1.416,9.044682015306122,89.37042857142858,,,4.837894736842106,79.68349952697754,0.113922,0.38,0.68,,0.1047660209764261,0.8951634622884614,,,71.425385,16.613792,0.5155609,0.3353083431720733,0.4504096508026123,0.3353083431720733,0.6515566110610962,0.256246268749237,0.256246268749237,0.4504096508026123,0.6994019746780396,0.3881615400314331,0.3881615400314331,0.6165422201156616,0.7614548802375793,0.6376249194145203,0.6112715005874634,0.56634122133255,0.8565930724143982,4.561437129974365,0.6376249194145203,0.7385360598564148,0.6849273443222046,0.4634472131729126,0.8073083162307739,0.7529769539833069,1.072044849395752,7.898364067077637,0.4603655338287353,0.8979474306106567,0.8890350759029388,0.24429693818092346,0.3782700002193451
germinal,target_shuffle,0,,nb_s544951_mpnn_3_PDL1,10.93365735548078,81.97114701130857,79.65,5.34,7.837499999999999,65.557560716042,0.027315,0.26,0.845,-120.8,1.021,5.498415496092152,91.10818565400844,,,3.3759615384615387,81.91551734661233,0.306522,0.55,0.74,,0.1198735822346096,0.887721637539739,21.946602821350098,53.14918518066406,68.623405,17.337412,0.49396646,0.2953174114227295,0.6185253262519836,0.2953174114227295,0.6516604423522949,0.2062316536903381,0.1966159045696258,0.6185253262519836,0.7861863374710083,0.5766100287437439,0.4681189954280853,0.834391713142395,0.8667008280754089,0.8050998449325562,0.84171462059021,0.7792682647705078,0.4622596800327301,1.821216583251953,0.7773479223251343,0.8647587895393372,0.8332355618476868,0.7269780039787292,0.8992039561271667,0.853145182132721,0.5652022957801819,3.193690776824951,0.7269780039787292,0.908112108707428,0.9096638560295105,0.201423779129982,0.5223645120859146
germinal,target_shuffle,0,,nb_s299383_mpnn_3_IL3,13.396632,78.63200506329113,1078.23,40.06,6.597272727272727,59.41848591282727,0.00591,0.21,0.825,401.74,0.518,5.443652480000001,91.73344,,,4.355,82.96697678676871,0.370005,0.64,0.79,,0.0591025890366336,0.8139889003631327,25.337908267974854,47.880645751953125,55.716454,20.575224,0.47960597,0.3022112250328064,0.4127097725868225,0.3022112250328064,0.6023600697517395,0.2271740138530731,0.1597800105810165,0.4127097725868225,0.6662895083427429,0.3493148386478424,0.2679391801357269,0.8303055763244629,0.7669080495834351,0.6545013785362244,0.8742566108703613,0.8127722144126892,0.6142086386680603,4.628579616546631,0.6545013785362244,0.8225541114807129,0.7648512721061707,0.5755940675735474,0.8842940926551819,0.8074989914894104,0.73275226354599,5.398710250854492,0.5755940675735474,0.6217999905347824,0.6352560371160507,0.19347701221704483,0.30862700939178467
germinal,target_shuffle,0,,nb_s105306_mpnn_2_IL3,12.409868799999998,78.65352580480328,686.66,38.95,8.1328125,62.69414740625787,0.030568,0.25,0.815,244.5,1.125,5.700932159999999,88.8702,,,4.094,77.34419287404707,0.39087,0.62,0.78,,0.0769195771545855,0.822356335377517,23.94950485229492,62.67280578613281,51.911808,20.850912,0.47214606,0.2368415296077728,0.2599771320819855,0.2368415296077728,0.5863078236579895,0.149474948644638,0.149474948644638,0.2599771320819855,0.5947426557540894,0.1762857437133789,0.1762857437133789,0.8080310821533203,0.8637994527816772,0.7951513528823853,0.8112509846687317,0.7342568039894104,0.4280272126197815,1.6743528842926023,0.7951513528823853,0.7954921126365662,0.7612746953964233,0.5948249697685242,0.8456588387489319,0.8013231754302979,0.8190791606903076,7.217611312866211,0.5948249697685242,0.6126456260681152,0.6133924275636673,0.12585239857435226,0.1557713970541954
germinal,target_shuffle,0,,nb_s938027_mpnn_3_IL3,15.6720144,79.39757668711655,317.85,24.39,9.36875,68.6010172917081,0.0,0.13,0.835,85.94,0.414,8.62115552,88.97744,,,6.739310344827586,76.49333459359629,0.142192,0.43,0.67,,0.0602988138698386,0.8649203669787389,25.306952794392902,47.51519393920898,54.170677,20.95688,0.4684161,0.2319248467683792,0.2692006230354309,0.2319248467683792,0.5855046510696411,0.1435298919677734,0.1435298919677734,0.2692006230354309,0.6120806932449341,0.1834806054830551,0.181837260723114,0.8557084202766418,0.9016153812408448,0.8414653539657593,0.8592691421508789,0.8036566376686096,0.3907411694526672,1.2256063222885132,0.8414653539657593,0.8596715331077576,0.8294248580932617,0.6969882845878601,0.9003422856330872,0.8458557724952698,0.5893934369087219,4.534072399139404,0.6969882845878601,0.6200636625289917,0.621503621339798,0.13704927265644073,0.18265893310308456
germinal,target_shuffle,0,,nb_s606821_mpnn_1_IL3,10.845264,77.88004081632651,343.5,12.59,8.036290322580644,62.17447129456937,0.089664,0.33,0.8,34.54,0.369,4.70112176,91.5886,,,3.7294897959183673,86.60191588706158,0.516798,0.72,0.83,,0.1102159755276367,0.8231047353870732,,,51.629356,20.846231,0.47286505,0.320792555809021,0.3152423501014709,0.320792555809021,0.6206978559494019,0.2458162456750869,0.2068775594234466,0.3152423501014709,0.628305971622467,0.2369764447212219,0.2369764447212219,0.7786772847175598,0.7263029217720032,0.5140758156776428,0.8448276519775391,0.7982375025749207,0.703301727771759,5.371572971343994,0.5140758156776428,0.8021308779716492,0.7410085797309875,0.5288113951683044,0.8704608082771301,0.8178061842918396,0.7473179697990417,6.258835315704346,0.5288113951683044,0.6037207245826721,0.6064008623361588,0.22634690254926682,0.22496700286865234
germinal,target_shuffle,0,,nb_s664067_mpnn_1_IL20,13.832843112244896,79.0627878513146,177.49,11.16,7.604347826086954,67.7365002710926,0.00582,0.2,0.8300000000000001,121.5,0.579,5.919821173469387,90.01732142857142,,,4.731896551724137,81.56833267211914,0.387234,0.65,0.79,,0.0687982744940798,0.822972351158395,12.028275857369104,69.70137786865234,74.418434,13.474882,0.5991297,0.4248610138893127,0.3951494693756103,0.4248610138893127,0.6759166121482849,0.3620971441268921,0.3269115686416626,0.3951494693756103,0.6738758683204651,0.3254678249359131,0.3254678249359131,0.6048533916473389,0.6902257800102234,0.4653226435184479,0.6397360563278198,0.5800703167915344,1.0193604230880735,5.692102432250977,0.4473004341125488,0.8359780311584473,0.8418776392936707,0.7375654578208923,0.8605812191963196,0.8374216556549072,0.5387374758720398,2.136451005935669,0.7375654578208923,0.8931200802326202,0.8795883655548096,0.34450435638427734,0.30866406857967377
germinal,target_shuffle,0,,nb_s830050_mpnn_2_PDL1,9.312113443358436,85.10623383620688,120.71,9.93,5.131578947368422,73.9604691826201,0.090911,0.41,0.845,-105.39,0.336,3.8134221723726607,96.11704641350212,,,2.246,93.08772693980823,0.526819,0.73,0.85,,0.1204787713313912,0.8665205085138301,20.376391172409058,51.4456672668457,68.26742,16.85951,0.50284755,0.4562243819236755,0.7225269675254822,0.4562243819236755,0.7403199672698975,0.3852004408836365,0.3623155355453491,0.7225269675254822,0.833227813243866,0.6948516964912415,0.6948516964912415,0.7996217608451843,0.7283939123153687,0.5205495953559875,0.8693897724151611,0.8238652348518372,0.6040226221084595,6.254188060760498,0.5205495953559875,0.8258758783340454,0.7369367480278015,0.5758116841316223,0.88839191198349,0.8355080485343933,0.7009150981903076,6.8287787437438965,0.5758116841316223,0.9006786644458771,0.892607718706131,0.3737579882144928,0.6919112205505371
germinal,target_shuffle,0,,nb_s558025_mpnn_4_PDL1,9.448916662215812,82.65431720430108,25.09,1.79,5.7578125,70.21855541010525,0.111057,0.42,0.825,-155.09,0.804,4.103283661806334,94.5575105485232,,,3.305,91.68888982137044,0.638048,0.83,0.87,,0.2210802185671516,0.8565985949867303,,,67.19273,17.686697,0.48283798,0.3106482625007629,0.4377931356430053,0.3106482625007629,0.6437710523605347,0.2273675352334976,0.227329820394516,0.4377931356430053,0.7332637310028076,0.3639254570007324,0.3639254570007324,0.8397957682609558,0.7373127341270447,0.5417693853378296,0.9143023490905762,0.8700332045555115,0.6062151789665222,3.992762327194214,0.4514650702476501,0.8780598044395447,0.8192541003227234,0.6560766696929932,0.933555543422699,0.8888225555419922,0.4572786092758178,2.9175832271575928,0.648959755897522,0.8758803904056549,0.8875714838504791,0.2273486778140068,0.3609088212251663
germinal,target_shuffle,0,,nb_s276607_mpnn_4_IL20,14.182061224489797,78.72508835523334,599.03,39.14,8.226086956521739,65.23534549548111,0.005648,0.17,0.84,246.2,0.285,4.658890688775511,94.10935714285716,,,3.25425,90.47909233786844,0.489531,0.71,0.84,,0.0291576478567779,0.8185122741201327,16.806654044560023,56.02553176879883,72.186905,15.697713,0.54516,0.3529365658760071,0.6894139051437378,0.3529365658760071,0.6359508037567139,0.2821829915046692,0.2821829915046692,0.6894139051437378,0.8286319375038147,0.6546094417572021,0.6546094417572021,0.6204647421836853,0.745114266872406,0.6146787405014038,0.6219112277030945,0.5695292949676514,0.949880599975586,4.884823799133301,0.6146787405014038,0.817448616027832,0.7613665461540222,0.6898496150970459,0.8493483662605286,0.8161091804504395,0.9009570479393004,5.467373847961426,0.6898496150970459,0.8773457407951355,0.8935232162475586,0.24674997478723526,0.6317620575428009
germinal,target_shuffle,0,,nb_s442197_mpnn_3_PDL1,11.100913315173852,82.43838502673796,106.2,8.99,6.793749999999999,64.6158019963797,0.033409,0.28,0.84,-118.82,0.681,5.754693158147733,91.8520253164557,,,5.244705882352941,80.3495002746582,0.338573,0.58,0.76,,0.1158965336651562,0.8848216115025119,24.12971305847168,54.76378631591797,66.90304,17.440815,0.4803659,0.3091370463371277,0.4436476230621338,0.3091370463371277,0.6507635712623596,0.2237304300069809,0.2237304300069809,0.4436476230621338,0.7326064109802246,0.3714078962802887,0.3714078962802887,0.7876809239387512,0.7695305347442627,0.5687455534934998,0.8424147367477417,0.7533484697341919,0.4840447008609772,4.1090850830078125,0.4994523227214813,0.7846086621284485,0.7041655778884888,0.4404760599136352,0.870641827583313,0.7863556146621704,0.648838460445404,6.928097724914551,0.4106232523918152,0.8866890370845795,0.8883553147315979,0.22176723927259445,0.35856030881404877
germinal,target_shuffle,0,,nb_s776407_mpnn_2_IL3,13.370335999999998,75.78755255255255,345.49,15.79,7.779166666666667,56.00328775004391,0.006365,0.2,0.795,61.53,0.498,6.726334400000001,86.8424,,,6.398000000000001,72.81642804827008,0.3205,0.57,0.73,,0.0896881763299908,0.8239813801214352,24.407247734069824,45.74985122680664,50.98983,21.293587,0.45769793,0.242773175239563,0.3409092426300049,0.242773175239563,0.576248824596405,0.1594042629003524,0.1594042629003524,0.3409092426300049,0.6497564315795898,0.2636974453926086,0.257556140422821,0.8064932823181152,0.782979428768158,0.6093114018440247,0.8557887077331543,0.7728259563446045,0.5351649522781372,3.558126449584961,0.6093114018440247,0.7895253896713257,0.7460517883300781,0.5328938961029053,0.8536832332611084,0.7804170250892639,0.7421914339065552,5.688096523284912,0.5058250427246094,0.5961765646934509,0.609163299202919,0.15101929754018784,0.26062679290771484
germinal,target_shuffle,0,,nb_s206651_mpnn_1_IL3,9.4326304,83.50267382413087,209.78,13.48,3.856896551724138,77.50329811007867,0.140744,0.49,0.835,69.85,0.671,5.44619888,91.8052,,,2.7241176470588235,86.8715790196469,0.390233,0.66,0.79,,0.0908315073840604,0.872829224994189,25.0150883992513,35.83528518676758,52.9848,21.139061,0.4633091,0.2465979158878326,0.3362898230552673,0.2465979158878326,0.5772240161895752,0.1639413833618164,0.1639413833618164,0.3362898230552673,0.6483067274093628,0.2582855820655823,0.2582855820655823,0.7748903632164001,0.7788712978363037,0.6168501973152161,0.8144003748893738,0.7253949046134949,0.7225317358970642,3.9912269115448,0.6168501973152161,0.8379823565483093,0.809028685092926,0.6944981813430786,0.8738534450531006,0.8099247217178345,0.7396830320358276,4.881056785583496,0.6944981813430786,0.5893800258636475,0.6046894043684006,0.15403538197278976,0.2554466277360916
germinal,target_shuffle,0,,nb_s972445_mpnn_2_IL20,14.39895663265306,80.11098382749326,145.44,8.39,8.1421875,67.65146953692856,0.00578,0.16,0.85,-55.19,0.921,5.555212627551021,92.9955,,,3.6325,87.17206810260642,0.370227,0.64,0.79,,0.128797406592899,0.8494794645634162,9.583429553292014,70.77230834960938,74.115555,13.579822,0.57222366,0.3015888333320617,0.4159468412399292,0.3015888333320617,0.616121768951416,0.2229555994272232,0.2229555994272232,0.4159468412399292,0.6656861305236816,0.3535120189189911,0.3459725975990295,0.575447142124176,0.5943078398704529,0.2919726371765136,0.6463157534599304,0.5560204982757568,1.279681921005249,7.134413242340088,0.256486713886261,0.8528699278831482,0.8340328931808472,0.7279189825057983,0.8841075897216797,0.8475050926208496,0.6423547267913818,2.8757078647613525,0.7278236746788025,0.8965803682804108,0.8849002718925476,0.19535469263792038,0.3497423082590103
