sample,binding,interface,af3_pae,af3_plddt,af3_interface_dG,af3_interface_dG_SASA_ratio,af3_ipae,af3_iplddt,af3_ipsae,af3_pdockq,af3_pdockq2,af3_lis,af3_iptm,af3_ptm,af3_pyros_binder_score,af3_rank,af3_ranking_score,af3_rank0_masif,cf_af3_rmsd,cf_pae,cf_plddt,cf_interface_dG,cf_interface_dG_SASA_ratio,cf_ipae,cf_iplddt,cf_ipsae,cf_pdockq,cf_pdockq2,cf_lis,cf_iptm,cf_ptm,cf_pyros_binder_score,cf_rank,cf_rank0_masif,pred_ilddt,pred_lddt,esmfold_ipae,esmfold_iplddt,esmfold_plddt,esmfold_pae,esmfold_ptm,chai_unconstrained_score,chai_unconstrained_model_path,chai_constrained_score,chai_constrained_model_path,chai_unconstrained_aggregate_score,chai_unconstrained_ptm,chai_unconstrained_iptm,chai_unconstrained_per_chain_ptm,chai_unconstrained_per_chain_pair_iptm,chai_unconstrained_interface_iptm,chai_unconstrained_ipsae,chai_unconstrained_pdockq,chai_unconstrained_pdockq2,chai_unconstrained_lis,chai_constrained_aggregate_score,chai_constrained_ptm,chai_constrained_iptm,chai_constrained_per_chain_ptm,chai_constrained_per_chain_pair_iptm,chai_constrained_interface_iptm,chai_constrained_ipsae,chai_constrained_pdockq,chai_constrained_pdockq2,chai_constrained_lis,boltz_free_confidence_score,boltz_free_ptm,boltz_free_iptm,boltz_free_plddt,boltz_free_iplddt,boltz_free_pde,boltz_free_ipde,boltz_free_per_chain_pair_iptm,boltz_free_model_path,boltz_free_ipsae,boltz_free_pdockq,boltz_free_pdockq2,boltz_free_lis,boltz_template_confidence_score,boltz_template_ptm,boltz_template_iptm,boltz_template_plddt,boltz_template_iplddt,boltz_template_pde,boltz_template_ipde,boltz_template_per_chain_pair_iptm,boltz_template_model_path,boltz_template_ipsae,boltz_template_pdockq,boltz_template_pdockq2,boltz_template_lis
AT204_AGTR1,False,"A,B",16.662872425053507,71.69217585301836,456.19,24.69,14.596774193548388,63.24579308315644,0.0,0.0919,0.0115,0.0,0.25,0.77,586.53,0.0,0.38,0.273,4.889,8.993447121026332,89.31631027253668,3531.29,120.87,7.408666666666668,84.96333323584662,0.441408,0.2685,0.3844,0.3448,0.77,0.82,2475.82,1.0,0.9881,0.10062287602490924,0.8253126616454033,18.94411571820577,50.8724479675293,73.89839,15.549907,0.65213466,0.31781983375549316,/scicore/home/schwede/barta0000/harvey_ds/originals/AT204_AGTR1/chai_no_constraints/seed_1222/pred.model_idx_4.cif,0.6532382369041443,/scicore/home/schwede/barta0000/harvey_ds/originals/AT204_AGTR1/chai_with_constraints/seed_3287/pred.model_idx_4.cif,0.31781983375549316,0.6905426979064941,0.2246391326189041,"[[0.9009032845497131, 0.7990964651107788]]","[[[0.9009032845497131, 0.2246391326189041], [0.1427314579486847, 0.7990964651107788]]]",0.2246391326189041,0.013599,0.0674,0.011,0.0,0.6532382369041443,0.8223735094070435,0.6109544038772583,"[[0.9041344523429871, 0.8222752809524536]]","[[[0.9041344523429871, 0.6109544038772583], [0.5569648146629333, 0.8222752809524536]]]",0.6109544038772583,0.588728,0.26,0.2055,0.4368,0.8438124060630798,0.9122901558876038,0.9356167316436768,0.820861279964447,0.7331223487854004,0.46371161937713623,1.2880146503448486,0.9356167316436768,/scicore/home/schwede/barta0000/harvey_ds/originals/AT204_AGTR1/boltz_free/output/boltz_results_AT204_AGTR1/predictions/AT204_AGTR1/AT204_AGTR1_model_0.cif,0.804464,0.2923,0.2612,0.6458,0.8778379559516907,0.8733079433441162,0.8153290152549744,0.8934652209281921,0.8363211750984192,0.6708811521530151,3.520961284637451,0.8153290152549744,/scicore/home/schwede/barta0000/harvey_ds/originals/AT204_AGTR1/boltz_with_template/output/boltz_results_AT204_AGTR1/predictions/AT204_AGTR1/AT204_AGTR1_model_0.cif,0.557721,0.5336,0.2333,0.412
Sim4784_W103G_MRGPCRX2,False,"A,B",10.669275151466834,78.38329052511415,162.53,6.06,9.354444444444443,77.44211814877067,0.536485,0.3224,0.2147,0.3996,0.77,0.8049999999999999,474.53,0.0,0.81,0.9642,4.064,7.1342916932397955,89.74537946428573,679.59,23.07,5.033658536585365,91.43183657587791,0.765487,0.5287,0.6193,0.5657,0.9,0.88,701.42,1.0,0.9917,0.5281314984888817,0.8350678529410731,14.576343774795532,54.42446517944336,71.9797,14.300415,0.67667556,0.5810257792472839,/scicore/home/schwede/barta0000/harvey_ds/originals/Sim4784_W103G_MRGPCRX2/chai_no_constraints/seed_3760/pred.model_idx_0.cif,0.6001758575439453,/scicore/home/schwede/barta0000/harvey_ds/originals/Sim4784_W103G_MRGPCRX2/chai_with_constraints/seed_10/pred.model_idx_1.cif,0.5810257792472839,0.8160208463668823,0.5222769975662231,"[[0.9017744064331055, 0.8496731519699097]]","[[[0.9017744064331055, 0.5222769975662231], [0.4614935517311096, 0.8496731519699097]]]",0.5222769975662231,0.439871,0.2353,0.0468,0.3533,0.6001758575439453,0.8242326378822327,0.5441616773605347,"[[0.90174800157547, 0.850956916809082]]","[[[0.90174800157547, 0.5441616773605347], [0.48105594515800476, 0.850956916809082]]]",0.5441616773605347,0.466804,0.321,0.0582,0.3739,0.8483986258506775,0.922165036201477,0.9500382542610168,0.8229886889457703,0.7449122071266174,0.4277426302433014,0.7332563996315002,0.9500382542610168,/scicore/home/schwede/barta0000/harvey_ds/originals/Sim4784_W103G_MRGPCRX2/boltz_free/output/boltz_results_Sim4784_W103G_MRGPCRX2/predictions/Sim4784_W103G_MRGPCRX2/Sim4784_W103G_MRGPCRX2_model_0.cif,0.864943,0.2745,0.2955,0.7059,0.8887004852294922,0.9016388654708862,0.900280237197876,0.8858055472373962,0.8713268637657166,0.6058627963066101,1.8744875192642212,0.900280237197876,/scicore/home/schwede/barta0000/harvey_ds/originals/Sim4784_W103G_MRGPCRX2/boltz_with_template/output/boltz_results_Sim4784_W103G_MRGPCRX2/predictions/Sim4784_W103G_MRGPCRX2/Sim4784_W103G_MRGPCRX2_model_0.cif,0.740609,0.522,0.5221,0.5967
Sim9877_MRGPCRX2,False,"A,B",11.463827327806122,76.59719053051911,623.54,19.76,9.520588235294117,70.81533422482563,0.440808,0.3323,0.0997,0.3359,0.72,0.795,672.74,0.0,0.78,0.9843,0.837,7.515530980947066,90.65799107142857,1104.36,32.83,5.215000000000001,87.7906554175205,0.648448,0.581,0.4976,0.4933,0.86,0.87,1487.24,1.0,0.9038,0.5886659001409364,0.815379930435563,15.235697678157262,47.771568298339844,68.47927,15.374736,0.65224034,0.504020631313324,/scicore/home/schwede/barta0000/harvey_ds/originals/Sim9877_MRGPCRX2/chai_no_constraints/seed_2297/pred.model_idx_2.cif,0.6856259703636169,/scicore/home/schwede/barta0000/harvey_ds/originals/Sim9877_MRGPCRX2/chai_with_constraints/seed_1988/pred.model_idx_4.cif,0.504020631313324,0.785922646522522,0.4335451126098633,"[[0.9002116322517395, 0.8383499383926392]]","[[[0.9002116322517395, 0.4335451126098633], [0.3939850926399231, 0.8383499383926392]]]",0.4335451126098633,0.323461,0.19,0.0293,0.2483,0.6856259703636169,0.8371877074241638,0.6477355360984802,"[[0.9006841778755188, 0.8448808193206787]]","[[[0.9006841778755188, 0.6477355360984802], [0.5810193419456482, 0.8448808193206787]]]",0.6477355360984802,0.614965,0.3831,0.1713,0.448,0.8515941500663757,0.9076228737831116,0.919134259223938,0.8347091674804688,0.7400509715080261,0.48957014083862305,1.3249430656433105,0.919134259223938,/scicore/home/schwede/barta0000/harvey_ds/originals/Sim9877_MRGPCRX2/boltz_free/output/boltz_results_Sim9877_MRGPCRX2/predictions/Sim9877_MRGPCRX2/Sim9877_MRGPCRX2_model_0.cif,0.787814,0.3174,0.214,0.6293,0.9185148477554321,0.893004834651947,0.9134368300437927,0.9197843670845032,0.8941947221755981,0.5395525097846985,1.9742555618286133,0.9134368300437927,/scicore/home/schwede/barta0000/harvey_ds/originals/Sim9877_MRGPCRX2/boltz_with_template/output/boltz_results_Sim9877_MRGPCRX2/predictions/Sim9877_MRGPCRX2/Sim9877_MRGPCRX2_model_0.cif,0.795302,0.6323,0.5088,0.6261
Sim4784_W103D_MRGPCRX2,False,"A,B",12.08042988679847,75.42562713797035,414.83,15.0,12.098936170212768,69.36354852225838,0.326343,0.2244,0.0665,0.2265,0.6,0.7949999999999999,536.81,0.0,0.67,0.6441,0.69,7.804816346460458,89.11375,1962.56,66.37,7.222613636363638,85.1974460520643,0.557885,0.4776,0.3812,0.4246,0.8,0.85,1953.55,1.0,0.5899,0.38413836662047507,0.8050514267324882,15.286371548970541,53.709991455078125,72.48981,14.513816,0.6714549,0.5240175724029541,/scicore/home/schwede/barta0000/harvey_ds/originals/Sim4784_W103D_MRGPCRX2/chai_no_constraints/seed_1281/pred.model_idx_2.cif,0.6789015531539917,/scicore/home/schwede/barta0000/harvey_ds/originals/Sim4784_W103D_MRGPCRX2/chai_with_constraints/seed_4990/pred.model_idx_2.cif,0.5240175724029541,0.7950887680053711,0.45624974370002747,"[[0.9011346101760864, 0.8442370891571045]]","[[[0.9011346101760864, 0.45624974370002747], [0.37873828411102295, 0.8442370891571045]]]",0.45624974370002747,0.356328,0.2625,0.0386,0.2763,0.6789015531539917,0.832832932472229,0.6404186487197876,"[[0.9080188274383545, 0.8518809676170349]]","[[[0.9080188274383545, 0.6404186487197876], [0.6150097846984863, 0.8518809676170349]]]",0.6404186487197876,0.599592,0.386,0.3466,0.4224,0.8109869360923767,0.8847734332084656,0.8617713451385498,0.7982907891273499,0.6958040595054626,0.6264289021492004,1.9139134883880615,0.8617713451385498,/scicore/home/schwede/barta0000/harvey_ds/originals/Sim4784_W103D_MRGPCRX2/boltz_free/output/boltz_results_Sim4784_W103D_MRGPCRX2/predictions/Sim4784_W103D_MRGPCRX2/Sim4784_W103D_MRGPCRX2_model_0.cif,0.704123,0.198,0.1157,0.5607,0.8939622044563293,0.9010581970214844,0.8523598313331604,0.9043627977371216,0.874740719795227,0.6354986429214478,2.4421122074127197,0.8523598313331604,/scicore/home/schwede/barta0000/harvey_ds/originals/Sim4784_W103D_MRGPCRX2/boltz_with_template/output/boltz_results_Sim4784_W103D_MRGPCRX2/predictions/Sim4784_W103D_MRGPCRX2/Sim4784_W103D_MRGPCRX2_model_0.cif,0.668994,0.5658,0.4081,0.5381
Nb60_MRGPCRX2,False,"A,B",13.892685552155001,72.39586423274386,681.66,19.47,11.333018867924526,59.89519640302402,0.181534,0.156,0.0218,0.1128,0.4,0.79,807.3,0.0,0.5,0.8534,0.678,8.000886156318668,87.92320712694877,372.42,11.23,5.414186046511627,78.55823509365905,0.546955,0.4358,0.2619,0.4038,0.73,0.83,2230.77,1.0,0.7277,0.3959380786024454,0.8036333758926163,15.021794176101684,52.04481506347656,69.42687,15.60178,0.64460397,0.43129849433898926,/scicore/home/schwede/barta0000/harvey_ds/originals/Nb60_MRGPCRX2/chai_no_constraints/seed_2436/pred.model_idx_4.cif,0.5632760524749756,/scicore/home/schwede/barta0000/harvey_ds/originals/Nb60_MRGPCRX2/chai_with_constraints/seed_1209/pred.model_idx_3.cif,0.43129849433898926,0.7502425909042358,0.3515624403953552,"[[0.8976781964302063, 0.8289141058921814]]","[[[0.8976781964302063, 0.3515624403953552], [0.29278114438056946, 0.8289141058921814]]]",0.3515624403953552,0.198345,0.3983,0.0143,0.1185,0.5632760524749756,0.8001639246940613,0.504054069519043,"[[0.904166579246521, 0.8356736898422241]]","[[[0.904166579246521, 0.504054069519043], [0.4291453957557678, 0.8356736898422241]]]",0.504054069519043,0.419132,0.3033,0.1264,0.3294,0.7935118675231934,0.8684739470481873,0.7513107061386108,0.8040621280670166,0.6988422870635986,0.6642487049102783,3.4302978515625,0.7513107061386108,/scicore/home/schwede/barta0000/harvey_ds/originals/Nb60_MRGPCRX2/boltz_free/output/boltz_results_Nb60_MRGPCRX2/predictions/Nb60_MRGPCRX2/Nb60_MRGPCRX2_model_0.cif,0.529017,0.2188,0.0727,0.3817,0.873566746711731,0.8984857797622681,0.8421418070793152,0.8814229369163513,0.8198757171630859,0.6160354018211365,2.726841926574707,0.8421418070793152,/scicore/home/schwede/barta0000/harvey_ds/originals/Nb60_MRGPCRX2/boltz_with_template/output/boltz_results_Nb60_MRGPCRX2/predictions/Nb60_MRGPCRX2/Nb60_MRGPCRX2_model_0.cif,0.673291,0.4649,0.2602,0.5186
Sim8619_MRGPCRX2,False,"A,B",12.956107565196959,75.15362433117433,309.52,9.99,10.096226415094337,64.87995604060896,0.167816,0.162,0.0371,0.1691,0.47,0.79,477.9,0.0,0.56,0.1805,0.628,6.717564071188035,90.51442477876107,453.32,11.78,4.650925925925926,85.60982166017804,0.623094,0.4718,0.4247,0.4471,0.77,0.86,1496.5,1.0,0.5584,0.3831737423416137,0.8110295705727663,13.581549384377219,56.353126525878906,78.20551,13.187176,0.70800614,0.6174961924552917,/scicore/home/schwede/barta0000/harvey_ds/originals/Sim8619_MRGPCRX2/chai_no_constraints/seed_1393/pred.model_idx_4.cif,0.5869545936584473,/scicore/home/schwede/barta0000/harvey_ds/originals/Sim8619_MRGPCRX2/chai_with_constraints/seed_2683/pred.model_idx_2.cif,0.6174961924552917,0.8256209492683411,0.565464973449707,"[[0.8901891708374023, 0.8522862792015076]]","[[[0.8901891708374023, 0.565464973449707], [0.5019832253456116, 0.8522862792015076]]]",0.565464973449707,0.495173,0.4089,0.066,0.3753,0.5869545936584473,0.8141326904296875,0.5301600694656372,"[[0.8819963932037354, 0.8422757983207703]]","[[[0.8819963932037354, 0.5301600694656372], [0.47939521074295044, 0.8422757983207703]]]",0.5301600694656372,0.455347,0.2267,0.0856,0.3413,0.8363310694694519,0.9446334838867188,0.9106371998786926,0.8177545070648193,0.7312486171722412,0.406465083360672,1.0487850904464722,0.9106371998786926,/scicore/home/schwede/barta0000/harvey_ds/originals/Sim8619_MRGPCRX2/boltz_free/output/boltz_results_Sim8619_MRGPCRX2/predictions/Sim8619_MRGPCRX2/Sim8619_MRGPCRX2_model_0.cif,0.857035,0.3364,0.2485,0.6254,0.8807337880134583,0.8938292860984802,0.845652163028717,0.8895041942596436,0.8293663859367371,0.6818209886550903,2.146568775177002,0.845652163028717,/scicore/home/schwede/barta0000/harvey_ds/originals/Sim8619_MRGPCRX2/boltz_with_template/output/boltz_results_Sim8619_MRGPCRX2/predictions/Sim8619_MRGPCRX2/Sim8619_MRGPCRX2_model_0.cif,0.677488,0.5188,0.3163,0.5056
Sim4177_MRGPCRX2,False,"A,B",11.898364756058672,74.84749576510445,606.8,17.79,11.098305084745762,64.19809669906978,0.341283,0.1753,0.0464,0.2626,0.6,0.8,948.71,0.0,0.67,0.6272,0.565,6.871138741629463,89.8069642857143,954.83,26.13,5.508090909090909,83.37762729192184,0.643107,0.4476,0.3897,0.4905,0.81,0.86,3849.45,1.0,0.506,0.5282655338577142,0.8246501801306918,14.019809352027046,50.54265594482422,67.502975,15.025477,0.6634658,0.5941101908683777,/scicore/home/schwede/barta0000/harvey_ds/originals/Sim4177_MRGPCRX2/chai_no_constraints/seed_2332/pred.model_idx_4.cif,0.695035457611084,/scicore/home/schwede/barta0000/harvey_ds/originals/Sim4177_MRGPCRX2/chai_with_constraints/seed_3041/pred.model_idx_2.cif,0.5941101908683777,0.8174297213554382,0.5382803082466125,"[[0.884341299533844, 0.8413388133049011]]","[[[0.884341299533844, 0.5382803082466125], [0.47967079281806946, 0.8413388133049011]]]",0.5382803082466125,0.456411,0.3399,0.0637,0.3699,0.695035457611084,0.8452193140983582,0.657489538192749,"[[0.8929964303970337, 0.845774233341217]]","[[[0.8929964303970337, 0.657489538192749], [0.5966976284980774, 0.845774233341217]]]",0.657489538192749,0.628905,0.4018,0.1562,0.4608,0.8477351069450378,0.9248770475387573,0.9296945333480835,0.82724529504776,0.7770352363586426,0.49444106221199036,1.0133752822875977,0.9296945333480835,/scicore/home/schwede/barta0000/harvey_ds/originals/Sim4177_MRGPCRX2/boltz_free/output/boltz_results_Sim4177_MRGPCRX2/predictions/Sim4177_MRGPCRX2/Sim4177_MRGPCRX2_model_0.cif,0.809474,0.4154,0.3529,0.6625,0.9002853631973267,0.8930935263633728,0.8765121102333069,0.9062286019325256,0.8643117547035217,0.7199956774711609,2.8764126300811768,0.8765121102333069,/scicore/home/schwede/barta0000/harvey_ds/originals/Sim4177_MRGPCRX2/boltz_with_template/output/boltz_results_Sim4177_MRGPCRX2/predictions/Sim4177_MRGPCRX2/Sim4177_MRGPCRX2_model_0.cif,0.676726,0.591,0.3115,0.5467
AT203_AGTR1,False,"A,B",11.60330155716414,78.05349435547387,77.77,2.87,8.088181818181818,80.32983945960778,0.647259,0.4361,0.3651,0.4352,0.82,0.775,236.2,0.0,0.88,0.9855,6.556,8.08641294076799,89.75220125786164,689.59,18.02,3.6740999999999997,95.39775459133848,0.853706,0.6121,0.8257,0.6116,0.92,0.87,2922.13,1.0,0.9733,0.7343197743804083,0.8388070150926972,13.691281384891933,59.07929229736328,71.200485,14.805013,0.67686653,0.45011037588119507,/scicore/home/schwede/barta0000/harvey_ds/originals/AT203_AGTR1/chai_no_constraints/seed_3564/pred.model_idx_0.cif,0.6719751358032227,/scicore/home/schwede/barta0000/harvey_ds/originals/AT203_AGTR1/chai_with_constraints/seed_1641/pred.model_idx_4.cif,0.45011037588119507,0.7462069988250732,0.37608620524406433,"[[0.862318754196167, 0.8046218156814575]]","[[[0.862318754196167, 0.37608620524406433], [0.33747369050979614, 0.8046218156814575]]]",0.37608620524406433,0.21334,0.2312,0.0176,0.1147,0.6719751358032227,0.8141995668411255,0.6364189386367798,"[[0.8754035830497742, 0.8123531937599182]]","[[[0.8754035830497742, 0.6163707971572876], [0.6364189386367798, 0.8123531937599182]]]",0.6163707971572876,0.606544,0.4193,0.0752,0.4553,0.8585222363471985,0.9065464735031128,0.9272274374961853,0.8413459658622742,0.7922215461730957,0.526323139667511,1.2202993631362915,0.9272274374961853,/scicore/home/schwede/barta0000/harvey_ds/originals/AT203_AGTR1/boltz_free/output/boltz_results_AT203_AGTR1/predictions/AT203_AGTR1/AT203_AGTR1_model_0.cif,0.831818,0.4687,0.3737,0.6271,0.9119099974632263,0.8992229104042053,0.9104282259941101,0.9122804403305054,0.9133167862892151,0.6024659872055054,1.4979745149612427,0.9104282259941101,/scicore/home/schwede/barta0000/harvey_ds/originals/AT203_AGTR1/boltz_with_template/output/boltz_results_AT203_AGTR1/predictions/AT203_AGTR1/AT203_AGTR1_model_0.cif,0.795326,0.6598,0.6871,0.595
Sim1846_MRGPCRX2,False,"A,B",11.022852060746173,77.18273115220485,180.2,5.9,8.736792452830189,72.62030709849886,0.479485,0.3095,0.1417,0.3439,0.7,0.7949999999999999,444.38,0.0,0.76,0.5305,1.533,7.209641212930485,89.52774553571429,1847.12,58.49,4.1316037735849065,88.1062720347259,0.751536,0.5612,0.5455,0.5638,0.88,0.88,1597.98,1.0,0.4581,0.427830622475831,0.8216195414826057,12.360510773128933,63.90082550048828,79.77958,12.239615,0.7336185,0.5797775983810425,/scicore/home/schwede/barta0000/harvey_ds/originals/Sim1846_MRGPCRX2/chai_no_constraints/seed_2450/pred.model_idx_4.cif,0.6523374915122986,/scicore/home/schwede/barta0000/harvey_ds/originals/Sim1846_MRGPCRX2/chai_with_constraints/seed_4391/pred.model_idx_0.cif,0.5797775983810425,0.8116068840026855,0.5218203067779541,"[[0.8832592964172363, 0.8406199216842651]]","[[[0.8832592964172363, 0.5218203067779541], [0.47009000182151794, 0.8406199216842651]]]",0.5218203067779541,0.440461,0.3238,0.0603,0.3449,0.6523374915122986,0.8282237648963928,0.6083658933639526,"[[0.8832491636276245, 0.8292175531387329]]","[[[0.8832491636276245, 0.6083658933639526], [0.601580023765564, 0.8292175531387329]]]",0.6083658933639526,0.572827,0.3376,0.1676,0.4278,0.857555091381073,0.91496741771698,0.9444733262062073,0.8358255624771118,0.7973548173904419,0.5192148685455322,0.9579638242721558,0.9444733262062073,/scicore/home/schwede/barta0000/harvey_ds/originals/Sim1846_MRGPCRX2/boltz_free/output/boltz_results_Sim1846_MRGPCRX2/predictions/Sim1846_MRGPCRX2/Sim1846_MRGPCRX2_model_0.cif,0.847027,0.4933,0.4424,0.672,0.9066622853279114,0.886417031288147,0.8524251580238342,0.9202215075492859,0.8930613994598389,0.6460062861442566,2.590167284011841,0.8524251580238342,/scicore/home/schwede/barta0000/harvey_ds/originals/Sim1846_MRGPCRX2/boltz_with_template/output/boltz_results_Sim1846_MRGPCRX2/predictions/Sim1846_MRGPCRX2/Sim1846_MRGPCRX2_model_0.cif,0.650256,0.6271,0.463,0.5145
Sim7492_MRGPCRX2,False,"A,B",12.194363791213096,74.52008136924803,492.95,12.38,11.263513513513512,65.32338946274643,0.287933,0.2722,0.0437,0.1976,0.56,0.79,639.8,0.0,0.64,0.8421,2.889,7.414610825045032,89.14743362831858,980.66,23.92,4.5606081081081085,86.31083403693304,0.736776,0.5888,0.4444,0.5228,0.85,0.86,3174.15,1.0,0.0512,0.5371926338563886,0.8068825656628645,13.553214716911317,60.06494903564453,76.20329,13.063417,0.7121321,0.7249205708503723,/scicore/home/schwede/barta0000/harvey_ds/originals/Sim7492_MRGPCRX2/chai_no_constraints/seed_4813/pred.model_idx_0.cif,0.6731023192405701,/scicore/home/schwede/barta0000/harvey_ds/originals/Sim7492_MRGPCRX2/chai_with_constraints/seed_1372/pred.model_idx_2.cif,0.7249205708503723,0.8461260199546814,0.6946191787719727,"[[0.8956150412559509, 0.8551205992698669]]","[[[0.8956150412559509, 0.6946191787719727], [0.5997104644775391, 0.8551205992698669]]]",0.6946191787719727,0.631413,0.5339,0.1311,0.4489,0.6731023192405701,0.8221017122268677,0.6358524560928345,"[[0.8840287327766418, 0.8257433176040649]]","[[[0.8840287327766418, 0.6358524560928345], [0.5765360593795776, 0.8257433176040649]]]",0.6358524560928345,0.609233,0.4754,0.0824,0.4387,0.8336078524589539,0.8843984603881836,0.8826854825019836,0.8213384747505188,0.7588919997215271,0.6501529812812805,1.9253402948379517,0.8826854825019836,/scicore/home/schwede/barta0000/harvey_ds/originals/Sim7492_MRGPCRX2/boltz_free/output/boltz_results_Sim7492_MRGPCRX2/predictions/Sim7492_MRGPCRX2/Sim7492_MRGPCRX2_model_0.cif,0.709085,0.414,0.1846,0.5683,0.9076501131057739,0.9017897248268127,0.9073654413223267,0.9077212810516357,0.8816705346107483,0.6292757987976074,1.8891464471817017,0.9073654413223267,/scicore/home/schwede/barta0000/harvey_ds/originals/Sim7492_MRGPCRX2/boltz_with_template/output/boltz_results_Sim7492_MRGPCRX2/predictions/Sim7492_MRGPCRX2/Sim7492_MRGPCRX2_model_0.cif,0.75739,0.6171,0.5155,0.6052
AT210_AGTR1,False,"A,B",12.691292978037966,76.18023665527215,151.4,5.05,9.570338983050846,70.92993489902601,0.29908,0.2898,0.0656,0.2159,0.69,0.785,151.64,0.0,0.76,0.9899,0.583,6.74180377006887,91.76723270440252,1679.29,44.85,3.378867924528301,95.03543853759766,0.809378,0.6402,0.8057,0.6147,0.92,0.89,995.57,1.0,0.9903,0.5264074153647883,0.8231013720094363,14.37223185192455,56.380584716796875,72.84295,14.712682,0.67358017,0.5280612707138062,/scicore/home/schwede/barta0000/harvey_ds/originals/AT210_AGTR1/chai_no_constraints/seed_4901/pred.model_idx_0.cif,0.7656240463256836,/scicore/home/schwede/barta0000/harvey_ds/originals/AT210_AGTR1/chai_with_constraints/seed_1433/pred.model_idx_1.cif,0.5280612707138062,0.77537602186203,0.4662325382232666,"[[0.8891463875770569, 0.8051168918609619]]","[[[0.8891463875770569, 0.4662325382232666], [0.41412073373794556, 0.8051168918609619]]]",0.4662325382232666,0.374125,0.159,0.038,0.2617,0.7656240463256836,0.8380724191665649,0.7475119233131409,"[[0.902821958065033, 0.8189939260482788]]","[[[0.902821958065033, 0.6878317594528198], [0.7475119233131409, 0.8189939260482788]]]",0.6878317594528198,0.728134,0.5597,0.1596,0.5091,0.8614583015441895,0.9239695072174072,0.9524198174476624,0.8387178778648376,0.800322949886322,0.44348400831222534,0.8860316276550293,0.9524198174476624,/scicore/home/schwede/barta0000/harvey_ds/originals/AT210_AGTR1/boltz_free/output/boltz_results_AT210_AGTR1/predictions/AT210_AGTR1/AT210_AGTR1_model_0.cif,0.861561,0.5578,0.42,0.6682,0.9053397178649902,0.9056566953659058,0.9273805022239685,0.8998295068740845,0.8779297471046448,0.6150365471839905,2.306303024291992,0.9273805022239685,/scicore/home/schwede/barta0000/harvey_ds/originals/AT210_AGTR1/boltz_with_template/output/boltz_results_AT210_AGTR1/predictions/AT210_AGTR1/AT210_AGTR1_model_0.cif,0.790658,0.6486,0.4406,0.5812
Sim7252_MRGPCRX2,False,"A,B",11.907649075255101,76.71778157969776,239.5,7.26,8.263235294117647,74.3101649700702,0.488423,0.4425,0.165,0.3835,0.74,0.7849999999999999,1089.78,0.0,0.78,0.7987,0.676,8.010476672114159,87.53754464285714,632.25,21.33,4.325208333333333,91.97865637024837,0.76766,0.6572,0.6881,0.5882,0.89,0.87,3103.34,1.0,0.6122,0.4991635674083224,0.8225294342326638,13.486642048909115,53.57672119140625,69.5838,14.830414,0.6654819,0.6544660925865173,/scicore/home/schwede/barta0000/harvey_ds/originals/Sim7252_MRGPCRX2/chai_no_constraints/seed_1121/pred.model_idx_2.cif,0.7372006177902222,/scicore/home/schwede/barta0000/harvey_ds/originals/Sim7252_MRGPCRX2/chai_with_constraints/seed_3374/pred.model_idx_0.cif,0.6544660925865173,0.8362922072410583,0.6090095639228821,"[[0.895521879196167, 0.8443046808242798]]","[[[0.895521879196167, 0.6090095639228821], [0.5818222761154175, 0.8443046808242798]]]",0.6090095639228821,0.545631,0.4255,0.0863,0.423,0.7372006177902222,0.866618275642395,0.704846203327179,"[[0.8990142345428467, 0.8605393171310425]]","[[[0.8990142345428467, 0.704846203327179], [0.6609209775924683, 0.8605393171310425]]]",0.704846203327179,0.660427,0.5168,0.2547,0.4867,0.8169533610343933,0.9552745819091797,0.9282211065292358,0.7891364693641663,0.6830450296401978,0.36599239706993103,0.9660808444023132,0.9282211065292358,/scicore/home/schwede/barta0000/harvey_ds/originals/Sim7252_MRGPCRX2/boltz_free/output/boltz_results_Sim7252_MRGPCRX2/predictions/Sim7252_MRGPCRX2/Sim7252_MRGPCRX2_model_0.cif,0.842132,0.158,0.1754,0.6524,0.868482232093811,0.9140194654464722,0.870844841003418,0.8678916096687317,0.7919778823852539,0.5997085571289062,2.0870203971862793,0.870844841003418,/scicore/home/schwede/barta0000/harvey_ds/originals/Sim7252_MRGPCRX2/boltz_with_template/output/boltz_results_Sim7252_MRGPCRX2/predictions/Sim7252_MRGPCRX2/Sim7252_MRGPCRX2_model_0.cif,0.717581,0.3279,0.2536,0.5538
Sim4784_MRGPCRX2,False,"A,B",11.134043666294641,76.73765224815025,236.61,8.04,9.514583333333333,73.50550719200645,0.456124,0.2702,0.1284,0.3348,0.7,0.7949999999999999,530.45,0.0,0.75,0.9193,0.599,6.961414620535717,89.95100446428572,2375.15,84.37,5.166276595744681,88.53137251910042,0.694898,0.5173,0.5572,0.5069,0.84,0.86,2648.54,1.0,0.9543,0.43015070688397505,0.8422551184124744,13.882929384708405,52.57414245605469,72.8721,13.813563,0.69370043,0.5976192355155945,/scicore/home/schwede/barta0000/harvey_ds/originals/Sim4784_MRGPCRX2/chai_no_constraints/seed_2917/pred.model_idx_2.cif,0.5875510573387146,/scicore/home/schwede/barta0000/harvey_ds/originals/Sim4784_MRGPCRX2/chai_with_constraints/seed_2385/pred.model_idx_1.cif,0.5976192355155945,0.8109089136123657,0.5442968010902405,"[[0.9030437469482422, 0.8411462306976318]]","[[[0.9030437469482422, 0.5442968010902405], [0.4786211848258972, 0.8411462306976318]]]",0.5442968010902405,0.467542,0.4071,0.0485,0.351,0.5875510573387146,0.8103184700012207,0.5318591594696045,"[[0.9032381176948547, 0.845802903175354]]","[[[0.9032381176948547, 0.5318591594696045], [0.4410388469696045, 0.845802903175354]]]",0.5318591594696045,0.452397,0.244,0.1077,0.3553,0.8165780305862427,0.9102666974067688,0.9380986094474792,0.78619784116745,0.713588297367096,0.5521405339241028,0.9116924405097961,0.9380986094474792,/scicore/home/schwede/barta0000/harvey_ds/originals/Sim4784_MRGPCRX2/boltz_free/output/boltz_results_Sim4784_MRGPCRX2/predictions/Sim4784_MRGPCRX2/Sim4784_MRGPCRX2_model_0.cif,0.840464,0.2223,0.25,0.6736,0.8642541766166687,0.8746464848518372,0.8027164936065674,0.8796385526657104,0.8325242400169373,0.7331666350364685,2.467637300491333,0.8027164936065674,/scicore/home/schwede/barta0000/harvey_ds/originals/Sim4784_MRGPCRX2/boltz_with_template/output/boltz_results_Sim4784_MRGPCRX2/predictions/Sim4784_MRGPCRX2/Sim4784_MRGPCRX2_model_0.cif,0.59693,0.5002,0.295,0.4767
Sim8619_Y100G_MRGPCRX2,False,"A,B",12.361697764116222,75.5553993790573,360.84,10.87,10.239,66.45098173475427,0.264075,0.2081,0.0427,0.1922,0.52,0.7949999999999999,717.16,0.0,0.61,0.1564,0.412,6.909748267287964,90.03033185840708,471.32,14.73,4.811836734693878,84.30500069979963,0.63826,0.4965,0.4083,0.4595,0.78,0.86,752.23,1.0,0.7262,0.41629478655638147,0.8185707771577375,15.238760141225962,53.53852844238281,77.49709,13.626071,0.698435,0.6515501141548157,/scicore/home/schwede/barta0000/harvey_ds/originals/Sim8619_Y100G_MRGPCRX2/chai_no_constraints/seed_3162/pred.model_idx_1.cif,0.6649554967880249,/scicore/home/schwede/barta0000/harvey_ds/originals/Sim8619_Y100G_MRGPCRX2/chai_with_constraints/seed_2027/pred.model_idx_4.cif,0.6515501141548157,0.8336014747619629,0.6060372591018677,"[[0.8939181566238403, 0.8487788438796997]]","[[[0.8939181566238403, 0.6060372591018677], [0.5371729731559753, 0.8487788438796997]]]",0.6060372591018677,0.55148,0.2872,0.0743,0.401,0.6649554967880249,0.8294658064842224,0.6238278746604919,"[[0.8935202360153198, 0.8357490301132202]]","[[[0.8935202360153198, 0.6238278746604919], [0.55628901720047, 0.8357490301132202]]]",0.6238278746604919,0.598586,0.3282,0.0814,0.4214,0.8238427042961121,0.9043307900428772,0.8868072628974915,0.8081015348434448,0.7267358899116516,0.5397924780845642,1.4875909090042114,0.8868072628974915,/scicore/home/schwede/barta0000/harvey_ds/originals/Sim8619_Y100G_MRGPCRX2/boltz_free/output/boltz_results_Sim8619_Y100G_MRGPCRX2/predictions/Sim8619_Y100G_MRGPCRX2/Sim8619_Y100G_MRGPCRX2_model_0.cif,0.749473,0.2536,0.2162,0.5763,0.9166836142539978,0.9150996804237366,0.8791477680206299,0.9260675311088562,0.9131358861923218,0.5458755493164062,2.3126840591430664,0.8791477680206299,/scicore/home/schwede/barta0000/harvey_ds/originals/Sim8619_Y100G_MRGPCRX2/boltz_with_template/output/boltz_results_Sim8619_Y100G_MRGPCRX2/predictions/Sim8619_Y100G_MRGPCRX2/Sim8619_Y100G_MRGPCRX2_model_0.cif,0.716443,0.6158,0.5341,0.5432
CH2_ACM3,False,"A,B",12.654051739679105,78.28831947162428,206.49,7.86,16.546153846153842,84.51684818895347,0.686851,0.5057,0.5657,0.4652,0.87,0.78,411.01,0.0,0.93,0.934,3.331,10.136517374256355,87.96073643410854,1465.39,50.97,11.119512195121953,96.06260847008747,0.820682,0.605,0.8604,0.5913,0.93,0.83,3895.7,1.0,0.9721,0.7843176972484817,0.8298995179927595,18.84792995452881,48.50965881347656,72.43821,17.334719,0.6170704,0.6790468692779541,/scicore/home/schwede/barta0000/harvey_ds/originals/CH2_ACM3/chai_no_constraints/seed_222/pred.model_idx_4.cif,0.6615267992019653,/scicore/home/schwede/barta0000/harvey_ds/originals/CH2_ACM3/chai_with_constraints/seed_1098/pred.model_idx_0.cif,0.6790468692779541,0.7828995585441589,0.6530836820602417,"[[0.9011032581329346, 0.7747976183891296]]","[[[0.9011032581329346, 0.560588538646698], [0.6530836820602417, 0.7747976183891296]]]",0.560588538646698,0.561092,0.2605,0.1982,0.3737,0.6615267992019653,0.78602534532547,0.630402147769928,"[[0.9000518918037415, 0.7761390209197998]]","[[[0.9000518918037415, 0.5686442255973816], [0.630402147769928, 0.7761390209197998]]]",0.5686442255973816,0.554559,0.2624,0.3285,0.3804,0.8398923873901367,0.9139942526817322,0.9278830289840698,0.8178947567939758,0.8022704720497131,0.41167527437210083,1.2309750318527222,0.9278830289840698,/scicore/home/schwede/barta0000/harvey_ds/originals/CH2_ACM3/boltz_free/output/boltz_results_CH2_ACM3/predictions/CH2_ACM3/CH2_ACM3_model_0.cif,0.795542,0.3896,0.4401,0.5869,0.9139726758003235,0.9200193881988525,0.935846745967865,0.9085041284561157,0.8795595169067383,0.4429693818092346,1.0011200904846191,0.935846745967865,/scicore/home/schwede/barta0000/harvey_ds/originals/CH2_ACM3/boltz_with_template/output/boltz_results_CH2_ACM3/predictions/CH2_ACM3/CH2_ACM3_model_0.cif,0.822143,0.4864,0.6087,0.5995
AT209_AGTR1,False,"A,B",14.76058128853904,72.51010484927917,671.46,20.51,14.528947368421052,62.970590780774714,0.121292,0.2023,0.0264,0.1071,0.44,0.7749999999999999,581.82,0.0,0.55,0.9429,4.912,8.687587736068808,88.90381551362682,1160.65,37.55,6.53607843137255,84.55113076264004,0.556323,0.4935,0.3683,0.4211,0.77,0.83,2328.12,1.0,0.6229,0.3994344254030917,0.8112088456427967,13.865838863231518,58.591732025146484,75.69186,13.527714,0.70620334,0.5020104050636292,/scicore/home/schwede/barta0000/harvey_ds/originals/AT209_AGTR1/chai_no_constraints/seed_1293/pred.model_idx_2.cif,0.7821657061576843,/scicore/home/schwede/barta0000/harvey_ds/originals/AT209_AGTR1/chai_with_constraints/seed_3520/pred.model_idx_1.cif,0.5020104050636292,0.7656348347663879,0.43610429763793945,"[[0.8895854353904724, 0.8035908341407776]]","[[[0.8895854353904724, 0.43610429763793945], [0.37670618295669556, 0.8035908341407776]]]",0.43610429763793945,0.334757,0.1805,0.0245,0.2331,0.7821657061576843,0.8375146389007568,0.7683284282684326,"[[0.9006621241569519, 0.8193023204803467]]","[[[0.9006621241569519, 0.7213302850723267], [0.7683284282684326, 0.8193023204803467]]]",0.7213302850723267,0.747823,0.4704,0.3286,0.5158,0.8450495004653931,0.8825833797454834,0.9215513467788696,0.8259239792823792,0.7783446311950684,0.6152461171150208,1.8735644817352295,0.9215513467788696,/scicore/home/schwede/barta0000/harvey_ds/originals/AT209_AGTR1/boltz_free/output/boltz_results_AT209_AGTR1/predictions/AT209_AGTR1/AT209_AGTR1_model_0.cif,0.777525,0.38,0.2927,0.581,0.8929765820503235,0.8975536227226257,0.9017249941825867,0.8907894492149353,0.8729981780052185,0.6023114919662476,1.6186165809631348,0.9017249941825867,/scicore/home/schwede/barta0000/harvey_ds/originals/AT209_AGTR1/boltz_with_template/output/boltz_results_AT209_AGTR1/predictions/AT209_AGTR1/AT209_AGTR1_model_0.cif,0.766039,0.5527,0.5443,0.5774
AT202_AGTR1,False,"A,B",13.119914975023915,76.45814747736092,299.89,11.87,17.03,68.66211656947375,0.219051,0.1821,0.0583,0.1361,0.55,0.785,449.57,0.0,0.63,0.9707,6.975,7.760245467105963,90.20331958762885,2317.03,61.78,7.6974358974358985,92.5961364399303,0.695299,0.4999,0.7691,0.5324,0.88,0.87,1713.28,1.0,0.8577,0.42864577598002607,0.8044798853696914,22.216918468475342,44.514915466308594,72.89564,17.164854,0.6204012,0.31625476479530334,/scicore/home/schwede/barta0000/harvey_ds/originals/AT202_AGTR1/chai_no_constraints/seed_1970/pred.model_idx_0.cif,0.6144381165504456,/scicore/home/schwede/barta0000/harvey_ds/originals/AT202_AGTR1/chai_with_constraints/seed_2837/pred.model_idx_2.cif,0.31625476479530334,0.6686647534370422,0.22815226018428802,"[[0.8855280876159668, 0.7832863926887512]]","[[[0.8855280876159668, 0.22815226018428802], [0.17900784313678741, 0.7832863926887512]]]",0.22815226018428802,0.004899,0.2039,0.0111,0.0,0.6144381165504456,0.8339031338691711,0.5595718622207642,"[[0.8752248883247375, 0.8392460346221924]]","[[[0.8752248883247375, 0.5595718622207642], [0.542770504951477, 0.8392460346221924]]]",0.5595718622207642,0.488191,0.3875,0.1076,0.3394,0.8265008926391602,0.8744258880615234,0.7756249308586121,0.8392199277877808,0.7195738554000854,0.6436260938644409,4.759151458740234,0.7756249308586121,/scicore/home/schwede/barta0000/harvey_ds/originals/AT202_AGTR1/boltz_free/output/boltz_results_AT202_AGTR1/predictions/AT202_AGTR1/AT202_AGTR1_model_0.cif,0.490845,0.3217,0.0348,0.311,0.8991403579711914,0.9042673110961914,0.8229870796203613,0.9181786179542542,0.8740646839141846,0.6612236499786377,4.00292444229126,0.8229870796203613,/scicore/home/schwede/barta0000/harvey_ds/originals/AT202_AGTR1/boltz_with_template/output/boltz_results_AT202_AGTR1/predictions/AT202_AGTR1/AT202_AGTR1_model_0.cif,0.587241,0.6138,0.2044,0.4111
Sim3014_MRGPCRX2,False,"A,B",12.174620173858564,75.17324248384377,438.13,13.28,12.125,65.82917478231917,0.248762,0.1979,0.038,0.1914,0.57,0.79,804.56,0.0,0.65,0.9911,0.684,7.927812279739997,87.26606194690265,600.88,23.17,5.907596153846155,83.12150976792822,0.591337,0.4601,0.3203,0.4618,0.81,0.86,1207.2,1.0,0.9925,0.5403922325606637,0.8340012313867092,16.97459946738349,47.60613250732422,68.302,15.855925,0.64214593,0.7390690445899963,/scicore/home/schwede/barta0000/harvey_ds/originals/Sim3014_MRGPCRX2/chai_no_constraints/seed_3161/pred.model_idx_3.cif,0.5387705564498901,/scicore/home/schwede/barta0000/harvey_ds/originals/Sim3014_MRGPCRX2/chai_with_constraints/seed_1409/pred.model_idx_2.cif,0.7390690445899963,0.8681210875511169,0.7068060040473938,"[[0.9033904671669006, 0.8667539358139038]]","[[[0.9033904671669006, 0.7068060040473938], [0.6984655261039734, 0.8667539358139038]]]",0.7068060040473938,0.672423,0.4997,0.2661,0.5005,0.5387705564498901,0.8003005981445312,0.47338804602622986,"[[0.8744826912879944, 0.8399971723556519]]","[[[0.8744826912879944, 0.47338804602622986], [0.4148537516593933, 0.8399971723556519]]]",0.47338804602622986,0.384898,0.1509,0.0631,0.3013,0.8246030211448669,0.9418942332267761,0.9160280227661133,0.8017467260360718,0.6723472476005554,0.41882988810539246,1.1679564714431763,0.9160280227661133,/scicore/home/schwede/barta0000/harvey_ds/originals/Sim3014_MRGPCRX2/boltz_free/output/boltz_results_Sim3014_MRGPCRX2/predictions/Sim3014_MRGPCRX2/Sim3014_MRGPCRX2_model_0.cif,0.782927,0.0976,0.1223,0.6176,0.9169161915779114,0.9344664812088013,0.893691897392273,0.9227222204208374,0.88547283411026,0.45378535985946655,1.8053920269012451,0.893691897392273,/scicore/home/schwede/barta0000/harvey_ds/originals/Sim3014_MRGPCRX2/boltz_with_template/output/boltz_results_Sim3014_MRGPCRX2/predictions/Sim3014_MRGPCRX2/Sim3014_MRGPCRX2_model_0.cif,0.749998,0.516,0.482,0.5889
Sim8619_R102A_MRGPCRX2,False,"A,B",14.413382508418826,72.52153173483781,534.99,16.33,13.687962962962963,59.30946188827728,0.080359,0.1348,0.0186,0.1074,0.37,0.79,819.2,0.0,0.47,0.1796,0.494,7.568523279035161,89.05053097345132,1071.82,30.16,6.798444444444445,79.64058790019914,0.522452,0.3767,0.268,0.3993,0.74,0.84,1929.63,1.0,0.964,0.15925980572851975,0.8181173753045364,14.17825722694397,58.2866325378418,78.26612,13.255294,0.7079688,0.5303436517715454,/scicore/home/schwede/barta0000/harvey_ds/originals/Sim8619_R102A_MRGPCRX2/chai_no_constraints/seed_2323/pred.model_idx_2.cif,0.5755272507667542,/scicore/home/schwede/barta0000/harvey_ds/originals/Sim8619_R102A_MRGPCRX2/chai_with_constraints/seed_3647/pred.model_idx_3.cif,0.5303436517715454,0.7938951253890991,0.4644557237625122,"[[0.8842890858650208, 0.8388382196426392]]","[[[0.8842890858650208, 0.4644557237625122], [0.4130428433418274, 0.8388382196426392]]]",0.4644557237625122,0.367022,0.3471,0.0313,0.2952,0.5755272507667542,0.8015108108520508,0.5190313458442688,"[[0.8864544630050659, 0.8358476161956787]]","[[[0.8864544630050659, 0.5190313458442688], [0.44016510248184204, 0.8358476161956787]]]",0.5190313458442688,0.43787,0.2908,0.0688,0.3384,0.8193632364273071,0.9532220959663391,0.9406923055648804,0.789030909538269,0.7128055095672607,0.3856171667575836,0.7605605125427246,0.9406923055648804,/scicore/home/schwede/barta0000/harvey_ds/originals/Sim8619_R102A_MRGPCRX2/boltz_free/output/boltz_results_Sim8619_R102A_MRGPCRX2/predictions/Sim8619_R102A_MRGPCRX2/Sim8619_R102A_MRGPCRX2_model_0.cif,0.886693,0.2789,0.256,0.6763,0.8838254809379578,0.920188307762146,0.8825595378875732,0.8841420412063599,0.8563004732131958,0.5701567530632019,1.5067992210388184,0.8825595378875732,/scicore/home/schwede/barta0000/harvey_ds/originals/Sim8619_R102A_MRGPCRX2/boltz_with_template/output/boltz_results_Sim8619_R102A_MRGPCRX2/predictions/Sim8619_R102A_MRGPCRX2/Sim8619_R102A_MRGPCRX2_model_0.cif,0.710524,0.5836,0.4783,0.5713
Sim4717_MRGPCRX2,False,"A,B",10.490082409917092,78.89698489598176,175.1,5.88,5.74765625,79.26447888066745,0.57237,0.4017,0.2418,0.4045,0.78,0.81,321.5,0.0,0.82,0.9909,0.505,6.095451909279337,92.48377232142856,2218.92,99.87,2.935230769230769,93.91271119198557,0.824053,0.6183,0.7331,0.6084,0.91,0.9,2597.79,1.0,0.9873,0.4584915968053621,0.841463552531846,14.696407900916206,51.70164108276367,70.41089,14.820767,0.66682434,0.40786850452423096,/scicore/home/schwede/barta0000/harvey_ds/originals/Sim4717_MRGPCRX2/chai_no_constraints/seed_3621/pred.model_idx_4.cif,0.530272901058197,/scicore/home/schwede/barta0000/harvey_ds/originals/Sim4717_MRGPCRX2/chai_with_constraints/seed_1990/pred.model_idx_3.cif,0.40786850452423096,0.743541419506073,0.32395026087760925,"[[0.8946914672851562, 0.8297553062438965]]","[[[0.8946914672851562, 0.32395026087760925], [0.255990594625473, 0.8297553062438965]]]",0.32395026087760925,0.17417,0.3429,0.0138,0.0832,0.530272901058197,0.7932977080345154,0.46451666951179504,"[[0.9045283794403076, 0.8445646166801453]]","[[[0.9045283794403076, 0.46451666951179504], [0.38761427998542786, 0.8445646166801453]]]",0.46451666951179504,0.368219,0.1959,0.0353,0.257,0.7664344310760498,0.8822441101074219,0.7105591297149658,0.7804032564163208,0.6560236811637878,0.5647525191307068,3.5062711238861084,0.7105591297149658,/scicore/home/schwede/barta0000/harvey_ds/originals/Sim4717_MRGPCRX2/boltz_free/output/boltz_results_Sim4717_MRGPCRX2/predictions/Sim4717_MRGPCRX2/Sim4717_MRGPCRX2_model_0.cif,0.431549,0.078,0.0471,0.2927,0.9044979214668274,0.9051218032836914,0.8187336921691895,0.9259389042854309,0.9045193791389465,0.6095390915870667,2.8300232887268066,0.8187336921691895,/scicore/home/schwede/barta0000/harvey_ds/originals/Sim4717_MRGPCRX2/boltz_with_template/output/boltz_results_Sim4717_MRGPCRX2/predictions/Sim4717_MRGPCRX2/Sim4717_MRGPCRX2_model_0.cif,0.588997,0.5425,0.4046,0.4527
Sim0563_MRGPCRX2,False,"A,B",10.399938217474489,79.17439954467842,299.8,8.25,7.166233766233765,81.89149830948251,0.684314,0.538,0.3212,0.4985,0.84,0.81,743.5,0.0,0.88,0.9434,0.519,7.281493193957268,89.59426339285713,915.22,26.13,3.6032394366197185,93.06257160731724,0.832918,0.6515,0.7455,0.6009,0.91,0.88,1398.82,1.0,0.965,0.7902909816743419,0.8393179489155306,15.261793110105726,50.28007125854492,68.468414,15.261547,0.65456504,0.5349844694137573,/scicore/home/schwede/barta0000/harvey_ds/originals/Sim0563_MRGPCRX2/chai_no_constraints/seed_2352/pred.model_idx_1.cif,0.6514195203781128,/scicore/home/schwede/barta0000/harvey_ds/originals/Sim0563_MRGPCRX2/chai_with_constraints/seed_1873/pred.model_idx_3.cif,0.5349844694137573,0.7941916584968567,0.4701826274394989,"[[0.8970041275024414, 0.8363422155380249]]","[[[0.8970041275024414, 0.4701826274394989], [0.40763407945632935, 0.8363422155380249]]]",0.4701826274394989,0.363615,0.3172,0.0376,0.2902,0.6514195203781128,0.8306931853294373,0.6066011190414429,"[[0.8978443145751953, 0.836206316947937]]","[[[0.8978443145751953, 0.6066011190414429], [0.5712112784385681, 0.836206316947937]]]",0.6066011190414429,0.56117,0.3519,0.1607,0.4205,0.7975291609764099,0.8989397883415222,0.857745885848999,0.782474935054779,0.6707832217216492,0.5756004452705383,1.864652156829834,0.857745885848999,/scicore/home/schwede/barta0000/harvey_ds/originals/Sim0563_MRGPCRX2/boltz_free/output/boltz_results_Sim0563_MRGPCRX2/predictions/Sim0563_MRGPCRX2/Sim0563_MRGPCRX2_model_0.cif,0.669927,0.1547,0.1144,0.5273,0.8806244134902954,0.8877655267715454,0.8165793418884277,0.8966356515884399,0.8422971367835999,0.6721558570861816,2.836210250854492,0.8165793418884277,/scicore/home/schwede/barta0000/harvey_ds/originals/Sim0563_MRGPCRX2/boltz_with_template/output/boltz_results_Sim0563_MRGPCRX2/predictions/Sim0563_MRGPCRX2/Sim0563_MRGPCRX2_model_0.cif,0.604948,0.4424,0.2478,0.4631
AT207_AGTR1,False,"A,B",14.515562411824426,72.98442868400315,575.85,17.79,13.04396551724138,64.42395140387525,0.127196,0.2251,0.0204,0.0456,0.48,0.7749999999999999,508.86,0.0,0.57,0.7525,0.375,6.605580343604551,92.1324528301887,1279.62,74.03,4.93433962264151,85.48101716122385,0.615334,0.5471,0.4845,0.4696,0.82,0.87,2256.92,1.0,0.9242,0.483111935346789,0.8094380822410191,14.398177190260453,58.72565460205078,74.95651,14.043897,0.6893997,0.5910987854003906,/scicore/home/schwede/barta0000/harvey_ds/originals/AT207_AGTR1/chai_no_constraints/seed_3559/pred.model_idx_2.cif,0.7002081871032715,/scicore/home/schwede/barta0000/harvey_ds/originals/AT207_AGTR1/chai_with_constraints/seed_2318/pred.model_idx_2.cif,0.5910987854003906,0.7650514245033264,0.5476105809211731,"[[0.9021723866462708, 0.7938095927238464]]","[[[0.9021723866462708, 0.48009294271469116], [0.5476105809211731, 0.7938095927238464]]]",0.48009294271469116,0.361326,0.1102,0.0391,0.2429,0.7002081871032715,0.8027671575546265,0.6745684146881104,"[[0.9140447974205017, 0.8120380640029907]]","[[[0.9140447974205017, 0.5632482767105103], [0.6745684146881104, 0.8120380640029907]]]",0.5632482767105103,0.5894,0.198,0.0664,0.3855,0.8446888327598572,0.9279484748840332,0.9673057198524475,0.8140345215797424,0.764647364616394,0.4461088180541992,0.6506895422935486,0.9673057198524475,/scicore/home/schwede/barta0000/harvey_ds/originals/AT207_AGTR1/boltz_free/output/boltz_results_AT207_AGTR1/predictions/AT207_AGTR1/AT207_AGTR1_model_0.cif,0.908803,0.3751,0.3808,0.7206,0.9046996235847473,0.9114737510681152,0.9021467566490173,0.9053378701210022,0.8931445479393005,0.5878514051437378,1.8974899053573608,0.9021467566490173,/scicore/home/schwede/barta0000/harvey_ds/originals/AT207_AGTR1/boltz_with_template/output/boltz_results_AT207_AGTR1/predictions/AT207_AGTR1/AT207_AGTR1_model_0.cif,0.745535,0.6241,0.5803,0.5907
Nb29_AA2AR,False,"A,B",14.911246471377666,79.13733753531841,105.35,3.9,11.309821428571428,82.22388144837272,0.612985,0.4272,0.3025,0.451,0.87,0.735,185.46,0.0,0.88,0.9557,0.51,7.569738129945855,91.89261904761905,275.05,12.73,5.909298245614035,91.4662222120497,0.736428,0.5596,0.5996,0.5167,0.92,0.87,3800.01,1.0,0.9189,0.7845735778899244,0.8234074221749524,15.78946680492825,55.16136932373047,77.05365,16.308924,0.66684717,0.5587303638458252,/scicore/home/schwede/barta0000/harvey_ds/originals/Nb29_AA2AR/chai_no_constraints/seed_2255/pred.model_idx_2.cif,0.44732236862182617,/scicore/home/schwede/barta0000/harvey_ds/originals/Nb29_AA2AR/chai_with_constraints/seed_2148/pred.model_idx_2.cif,0.5587303638458252,0.6813367605209351,0.5280787348747253,"[[0.9014462232589722, 0.7441108226776123]]","[[[0.9014462232589722, 0.391018271446228], [0.5280787348747253, 0.7441108226776123]]]",0.391018271446228,0.266327,0.2041,0.1114,0.2358,0.44732236862182617,0.788848876953125,0.3619407117366791,"[[0.9044357538223267, 0.8893864154815674]]","[[[0.9044357538223267, 0.3619407117366791], [0.32022324204444885, 0.8893864154815674]]]",0.3619407117366791,0.226714,0.1452,0.0562,0.1805,0.8073906302452087,0.8488166332244873,0.8910235166549683,0.7864823341369629,0.7254257798194885,0.5393819808959961,2.4818122386932373,0.8910235166549683,/scicore/home/schwede/barta0000/harvey_ds/originals/Nb29_AA2AR/boltz_free/output/boltz_results_Nb29_AA2AR/predictions/Nb29_AA2AR/Nb29_AA2AR_model_0.cif,0.628234,0.1598,0.1499,0.4885,0.8108130693435669,0.8253106474876404,0.8753836750984192,0.7946703433990479,0.7262587547302246,0.5825857520103455,3.0648934841156006,0.8753836750984192,/scicore/home/schwede/barta0000/harvey_ds/originals/Nb29_AA2AR/boltz_with_template/output/boltz_results_Nb29_AA2AR/predictions/Nb29_AA2AR/Nb29_AA2AR_model_0.cif,0.602017,0.1788,0.1304,0.4676
Sim9877_I102D_MRGPCRX2,False,"A,B",10.812023178411993,77.64984597832287,309.06,9.75,7.893846153846154,72.55635185266789,0.527363,0.3559,0.1618,0.4044,0.8,0.8049999999999999,782.12,0.0,0.84,0.9866,0.595,6.8106172273596925,90.28678571428573,508.75,15.65,4.708333333333332,86.77142848665753,0.746103,0.5648,0.5209,0.5395,0.89,0.88,1968.15,1.0,0.9702,0.49597905017964955,0.8418859193110658,14.921028564716208,49.59059524536133,67.93871,15.5575485,0.649428,0.5904874205589294,/scicore/home/schwede/barta0000/harvey_ds/originals/Sim9877_I102D_MRGPCRX2/chai_no_constraints/seed_2126/pred.model_idx_1.cif,0.656512975692749,/scicore/home/schwede/barta0000/harvey_ds/originals/Sim9877_I102D_MRGPCRX2/chai_with_constraints/seed_1086/pred.model_idx_3.cif,0.5904874205589294,0.8094625473022461,0.5357435941696167,"[[0.8827186822891235, 0.8424497842788696]]","[[[0.8827186822891235, 0.5357435941696167], [0.47991785407066345, 0.8424497842788696]]]",0.5357435941696167,0.457063,0.3284,0.0332,0.3433,0.656512975692749,0.8279101848602295,0.6136636734008789,"[[0.9010488986968994, 0.8487441539764404]]","[[[0.9010488986968994, 0.5972872972488403], [0.6136636734008789, 0.8487441539764404]]]",0.5972872972488403,0.539477,0.3391,0.058,0.4085,0.8444892168045044,0.8916752934455872,0.8774863481521606,0.8362399339675903,0.776501476764679,0.6263014674186707,2.271857500076294,0.8774863481521606,/scicore/home/schwede/barta0000/harvey_ds/originals/Sim9877_I102D_MRGPCRX2/boltz_free/output/boltz_results_Sim9877_I102D_MRGPCRX2/predictions/Sim9877_I102D_MRGPCRX2/Sim9877_I102D_MRGPCRX2_model_0.cif,0.696055,0.3954,0.2304,0.5605,0.9314488768577576,0.8957452774047852,0.9062924385070801,0.9377379417419434,0.9269710183143616,0.6496598720550537,1.852491855621338,0.9062924385070801,/scicore/home/schwede/barta0000/harvey_ds/originals/Sim9877_I102D_MRGPCRX2/boltz_with_template/output/boltz_results_Sim9877_I102D_MRGPCRX2/predictions/Sim9877_I102D_MRGPCRX2/Sim9877_I102D_MRGPCRX2_model_0.cif,0.76475,0.6342,0.6545,0.6089
AT205_AGTR1,False,"A,B",12.078680997229919,77.94575829383886,333.55,11.66,16.094736842105263,72.12783763516542,0.305816,0.2805,0.1133,0.2472,0.66,0.795,368.62,0.0,0.74,0.9736,3.182,7.503627346260388,90.2450947368421,5110.17,256.38,7.023529411764707,92.31363497647372,0.720875,0.5691,0.707,0.5478,0.9,0.88,4021.5,1.0,0.9051,0.43368102231058,0.8117891845412479,16.394699478149413,53.07637405395508,74.671234,14.30611,0.68444306,0.3918701410293579,/scicore/home/schwede/barta0000/harvey_ds/originals/AT205_AGTR1/chai_no_constraints/seed_2377/pred.model_idx_1.cif,0.6565360426902771,/scicore/home/schwede/barta0000/harvey_ds/originals/AT205_AGTR1/chai_with_constraints/seed_1554/pred.model_idx_3.cif,0.3918701410293579,0.7160766124725342,0.31081849336624146,"[[0.8954852819442749, 0.7971125841140747]]","[[[0.8954852819442749, 0.31081849336624146], [0.2712647318840027, 0.7971125841140747]]]",0.31081849336624146,0.12894,0.1212,0.0124,0.0392,0.6565360426902771,0.8119617104530334,0.6176795959472656,"[[0.9003657102584839, 0.8154690265655518]]","[[[0.9003657102584839, 0.6001021265983582], [0.6176795959472656, 0.8154690265655518]]]",0.6001021265983582,0.571978,0.2177,0.1107,0.4203,0.8345583081245422,0.8980842232704163,0.9071938991546631,0.8163994550704956,0.7748750448226929,0.5572295784950256,2.2405922412872314,0.9071938991546631,/scicore/home/schwede/barta0000/harvey_ds/originals/AT205_AGTR1/boltz_free/output/boltz_results_AT205_AGTR1/predictions/AT205_AGTR1/AT205_AGTR1_model_0.cif,0.776385,0.3071,0.3371,0.5792,0.8953855633735657,0.8975487351417542,0.821988046169281,0.9137349724769592,0.9007710218429565,0.6004526615142822,3.37949538230896,0.821988046169281,/scicore/home/schwede/barta0000/harvey_ds/originals/AT205_AGTR1/boltz_with_template/output/boltz_results_AT205_AGTR1/predictions/AT205_AGTR1/AT205_AGTR1_model_0.cif,0.592587,0.5518,0.4039,0.4504
AT213_AGTR1,False,"A,B",14.138736001313964,75.13987516254875,311.9,10.44,10.997222222222222,66.11249933007812,0.120168,0.1948,0.0367,0.1428,0.46,0.78,186.16,0.0,0.56,0.8882,0.239,6.818614416431464,91.39819126819127,1533.52,49.67,3.5228431372549016,91.03826882289006,0.77061,0.5506,0.7388,0.5429,0.88,0.88,2178.23,1.0,0.5355,0.48009294646915907,0.8073403098169379,16.193735534494575,54.670166015625,74.4951,14.768048,0.6748675,0.4225703477859497,/scicore/home/schwede/barta0000/harvey_ds/originals/AT213_AGTR1/chai_no_constraints/seed_2387/pred.model_idx_0.cif,0.5752343535423279,/scicore/home/schwede/barta0000/harvey_ds/originals/AT213_AGTR1/chai_with_constraints/seed_3029/pred.model_idx_0.cif,0.4225703477859497,0.7289744019508362,0.3459692895412445,"[[0.8747590780258179, 0.7917165756225586]]","[[[0.8747590780258179, 0.3459692895412445], [0.2763305604457855, 0.7917165756225586]]]",0.3459692895412445,0.222763,0.1537,0.021,0.1331,0.5752343535423279,0.7993787527084351,0.5191982388496399,"[[0.8837392926216125, 0.8193203806877136]]","[[[0.8837392926216125, 0.5191982388496399], [0.4916969835758209, 0.8193203806877136]]]",0.5191982388496399,0.457143,0.2201,0.102,0.3588,0.8393062949180603,0.9305625557899475,0.9381186962127686,0.8146032094955444,0.7419098019599915,0.40715232491493225,0.9306309223175049,0.9381186962127686,/scicore/home/schwede/barta0000/harvey_ds/originals/AT213_AGTR1/boltz_free/output/boltz_results_AT213_AGTR1/predictions/AT213_AGTR1/AT213_AGTR1_model_0.cif,0.823249,0.2338,0.2735,0.6148,0.8654772043228149,0.8760753870010376,0.7825395464897156,0.886211633682251,0.8552384376525879,0.6693189144134521,2.6413023471832275,0.7825395464897156,/scicore/home/schwede/barta0000/harvey_ds/originals/AT213_AGTR1/boltz_with_template/output/boltz_results_AT213_AGTR1/predictions/AT213_AGTR1/AT213_AGTR1_model_0.cif,0.580509,0.5421,0.3179,0.4137
Sim8619_Y105D_MRGPCRX2,False,"A,B",13.973778780640613,73.19914293769382,384.66,13.19,11.178431372549023,60.09894151163537,0.091898,0.1225,0.0214,0.1328,0.41,0.7849999999999999,687.74,0.0,0.51,0.0465,0.571,7.729724185527449,88.69559734513274,1080.55,32.41,5.831744186046511,79.47340433648291,0.494371,0.3636,0.2119,0.3698,0.71,0.84,1792.34,1.0,0.654,0.32874656642031386,0.8146713812451385,15.040074218403209,54.816951751708984,77.254074,13.632019,0.6984843,0.44032901525497437,/scicore/home/schwede/barta0000/harvey_ds/originals/Sim8619_Y105D_MRGPCRX2/chai_no_constraints/seed_1848/pred.model_idx_1.cif,0.6043179035186768,/scicore/home/schwede/barta0000/harvey_ds/originals/Sim8619_Y105D_MRGPCRX2/chai_with_constraints/seed_4225/pred.model_idx_4.cif,0.44032901525497437,0.7603334188461304,0.36032792925834656,"[[0.8862564563751221, 0.8401035070419312]]","[[[0.8862564563751221, 0.36032792925834656], [0.3045518398284912, 0.8401035070419312]]]",0.36032792925834656,0.228953,0.255,0.0181,0.1532,0.6043179035186768,0.8103210926055908,0.5528170466423035,"[[0.8921672701835632, 0.8375456929206848]]","[[[0.8921672701835632, 0.5528170466423035], [0.5105884671211243, 0.8375456929206848]]]",0.5528170466423035,0.487624,0.2837,0.1182,0.3643,0.830548107624054,0.903693675994873,0.8357212543487549,0.8292548060417175,0.7364962100982666,0.5392389893531799,2.3030574321746826,0.8357212543487549,/scicore/home/schwede/barta0000/harvey_ds/originals/Sim8619_Y105D_MRGPCRX2/boltz_free/output/boltz_results_Sim8619_Y105D_MRGPCRX2/predictions/Sim8619_Y105D_MRGPCRX2/Sim8619_Y105D_MRGPCRX2_model_0.cif,0.64747,0.2422,0.1493,0.5028,0.9173418879508972,0.9180878400802612,0.8805342316627502,0.9265437722206116,0.8891693949699402,0.5513425469398499,1.8851571083068848,0.8805342316627502,/scicore/home/schwede/barta0000/harvey_ds/originals/Sim8619_Y105D_MRGPCRX2/boltz_with_template/output/boltz_results_Sim8619_Y105D_MRGPCRX2/predictions/Sim8619_Y105D_MRGPCRX2/Sim8619_Y105D_MRGPCRX2_model_0.cif,0.715264,0.5755,0.5038,0.5715
CH1_ACM3,False,"A,B",12.700778949582359,78.0714093137255,186.24,7.19,15.699999999999998,84.41462680519986,0.671542,0.48,0.5431,0.4567,0.86,0.77,452.11,0.0,0.92,0.9566,3.643,10.1756572997416,87.94048449612403,1485.72,49.8,11.356538461538463,95.75272698835893,0.816103,0.5897,0.8368,0.5812,0.92,0.82,2805.77,1.0,0.8856,0.7819501371051107,0.8140754384208078,19.775701363881428,54.91151428222656,74.289665,16.78757,0.6328246,0.3069521486759186,/scicore/home/schwede/barta0000/harvey_ds/originals/CH1_ACM3/chai_no_constraints/seed_3248/pred.model_idx_4.cif,0.7098547220230103,/scicore/home/schwede/barta0000/harvey_ds/originals/CH1_ACM3/chai_with_constraints/seed_4068/pred.model_idx_3.cif,0.3069521486759186,0.6576193571090698,0.21928533911705017,"[[0.8825398683547974, 0.7628398537635803]]","[[[0.8825398683547974, 0.21928533911705017], [0.14304450154304504, 0.7628398537635803]]]",0.21928533911705017,0.004882,0.1909,0.0104,0.0,0.7098547220230103,0.8030868768692017,0.6865466833114624,"[[0.9041115045547485, 0.7831470966339111]]","[[[0.9041115045547485, 0.6075537800788879], [0.6865466833114624, 0.7831470966339111]]]",0.6075537800788879,0.64627,0.354,0.4334,0.4397,0.8433684706687927,0.9335517883300781,0.9288045763969421,0.8220094442367554,0.8096275329589844,0.34344619512557983,1.1114459037780762,0.9288045763969421,/scicore/home/schwede/barta0000/harvey_ds/originals/CH1_ACM3/boltz_free/output/boltz_results_CH1_ACM3/predictions/CH1_ACM3/CH1_ACM3_model_0.cif,0.819661,0.4552,0.4797,0.5821,0.9147586822509766,0.9124199151992798,0.9089170694351196,0.9162190556526184,0.8783677816390991,0.48120346665382385,1.4822897911071777,0.9089170694351196,/scicore/home/schwede/barta0000/harvey_ds/originals/CH1_ACM3/boltz_with_template/output/boltz_results_CH1_ACM3/predictions/CH1_ACM3/CH1_ACM3_model_0.cif,0.731504,0.5222,0.5383,0.5389
AT206_AGTR1,False,"A,B",12.139999565972223,77.1041328125,565.08,17.43,7.664615384615385,73.02658846759496,0.429742,0.3425,0.1524,0.3091,0.75,0.79,382.59,0.0,0.81,0.5997,4.559,8.198032074652778,89.41404166666666,1016.53,35.67,3.6714166666666666,88.7807009512918,0.726751,0.555,0.6459,0.5526,0.9,0.86,2817.08,1.0,0.8651,0.5878108781451112,0.8106129808278334,14.527181885459207,55.6677131652832,74.69359,14.148533,0.6890404,0.6898977160453796,/scicore/home/schwede/barta0000/harvey_ds/originals/AT206_AGTR1/chai_no_constraints/seed_2282/pred.model_idx_4.cif,0.7359983921051025,/scicore/home/schwede/barta0000/harvey_ds/originals/AT206_AGTR1/chai_with_constraints/seed_2056/pred.model_idx_1.cif,0.6898977160453796,0.8218995332717896,0.656897246837616,"[[0.8934987187385559, 0.8168030977249146]]","[[[0.8934987187385559, 0.6189501285552979], [0.656897246837616, 0.8168030977249146]]]",0.6189501285552979,0.596548,0.3275,0.1542,0.4343,0.7359983921051025,0.84029221534729,0.7099249362945557,"[[0.9000794887542725, 0.8263767957687378]]","[[[0.9000794887542725, 0.6687699556350708], [0.7099249362945557, 0.8263767957687378]]]",0.6687699556350708,0.678681,0.3718,0.3028,0.478,0.8790322542190552,0.9031235575675964,0.9592597484588623,0.858975350856781,0.8435405492782593,0.5545670986175537,0.5957825779914856,0.9592597484588623,/scicore/home/schwede/barta0000/harvey_ds/originals/AT206_AGTR1/boltz_free/output/boltz_results_AT206_AGTR1/predictions/AT206_AGTR1/AT206_AGTR1_model_0.cif,0.887002,0.4937,0.5985,0.6707,0.9379963874816895,0.9196518063545227,0.9358071088790894,0.9385436773300171,0.9433284997940063,0.5096738338470459,1.1583809852600098,0.9358071088790894,/scicore/home/schwede/barta0000/harvey_ds/originals/AT206_AGTR1/boltz_with_template/output/boltz_results_AT206_AGTR1/predictions/AT206_AGTR1/AT206_AGTR1_model_0.cif,0.82064,0.6315,0.7949,0.618
AT201_AGTR1,False,"A,B",12.212699919570692,76.02140863612428,108.25,7.19,18.501785714285713,78.5940620819265,0.426,0.1468,0.1714,0.273,0.77,0.765,328.41,0.0,0.83,0.9886,0.515,7.228578203218052,90.29658280922432,566.16,21.31,8.03484375,89.89264634076287,0.762775,0.3366,0.5624,0.5101,0.92,0.87,1416.72,1.0,0.9734,0.4922091074415525,0.8381048692408017,20.437079906463623,44.408843994140625,73.31507,16.88126,0.62988764,0.28966957330703735,/scicore/home/schwede/barta0000/harvey_ds/originals/AT201_AGTR1/chai_no_constraints/seed_1683/pred.model_idx_1.cif,0.6996967792510986,/scicore/home/schwede/barta0000/harvey_ds/originals/AT201_AGTR1/chai_with_constraints/seed_314/pred.model_idx_1.cif,0.28966957330703735,0.6646517515182495,0.19592402875423431,"[[0.885317325592041, 0.7817205786705017]]","[[[0.885317325592041, 0.19592402875423431], [0.11882498860359192, 0.7817205786705017]]]",0.19592402875423431,0.0,0.1643,0.01,0.0,0.6996967792510986,0.8281495571136475,0.6675835251808167,"[[0.8954206705093384, 0.82906174659729]]","[[[0.8954206705093384, 0.5672476887702942], [0.6675835251808167, 0.82906174659729]]]",0.5672476887702942,0.445934,0.2937,0.0657,0.307,0.8566184043884277,0.9130846858024597,0.8967083096504211,0.8465959429740906,0.7710920572280884,0.5447226166725159,3.638894557952881,0.8967083096504211,/scicore/home/schwede/barta0000/harvey_ds/originals/AT201_AGTR1/boltz_free/output/boltz_results_AT201_AGTR1/predictions/AT201_AGTR1/AT201_AGTR1_model_0.cif,0.678225,0.2251,0.0718,0.4802,0.8984270095825195,0.9290237426757812,0.9103652834892273,0.8954424262046814,0.8512921333312988,0.5293894410133362,2.1730973720550537,0.9103652834892273,/scicore/home/schwede/barta0000/harvey_ds/originals/AT201_AGTR1/boltz_with_template/output/boltz_results_AT201_AGTR1/predictions/AT201_AGTR1/AT201_AGTR1_model_0.cif,0.755096,0.4618,0.3734,0.5413
Sim4784_R101E_MRGPCRX2,False,"A,B",12.57020188934949,74.05231776765376,717.08,21.91,10.443749999999998,64.59196033086184,0.32479,0.1809,0.0494,0.216,0.55,0.7849999999999999,1006.16,0.0,0.62,0.869,0.489,7.171255580357144,89.918125,461.23,14.34,5.0123148148148156,83.97894728811164,0.661154,0.4722,0.4454,0.4762,0.8,0.85,1405.39,1.0,0.8542,0.5389536892824554,0.8185707771577375,13.809400025536032,58.21910858154297,73.12559,14.078694,0.68635046,0.5245904326438904,/scicore/home/schwede/barta0000/harvey_ds/originals/Sim4784_R101E_MRGPCRX2/chai_no_constraints/seed_3536/pred.model_idx_4.cif,0.6631335616111755,/scicore/home/schwede/barta0000/harvey_ds/originals/Sim4784_R101E_MRGPCRX2/chai_with_constraints/seed_2155/pred.model_idx_4.cif,0.5245904326438904,0.7851447463035583,0.459451824426651,"[[0.9000670909881592, 0.835800051689148]]","[[[0.9000670909881592, 0.459451824426651], [0.4013298749923706, 0.835800051689148]]]",0.459451824426651,0.346077,0.353,0.0243,0.2494,0.6631335616111755,0.8471911549568176,0.6171191334724426,"[[0.9055023193359375, 0.8622872233390808]]","[[[0.9055023193359375, 0.6171191334724426], [0.5465646386146545, 0.8622872233390808]]]",0.6171191334724426,0.555588,0.3488,0.1456,0.4217,0.8091819882392883,0.9356705546379089,0.9058080911636353,0.7850254774093628,0.7087217569351196,0.43456149101257324,1.2670661211013794,0.9058080911636353,/scicore/home/schwede/barta0000/harvey_ds/originals/Sim4784_R101E_MRGPCRX2/boltz_free/output/boltz_results_Sim4784_R101E_MRGPCRX2/predictions/Sim4784_R101E_MRGPCRX2/Sim4784_R101E_MRGPCRX2_model_0.cif,0.766025,0.2128,0.2145,0.5978,0.8870598673820496,0.914388120174408,0.8811966776847839,0.888525664806366,0.8538583517074585,0.5913466215133667,2.000758409500122,0.8811966776847839,/scicore/home/schwede/barta0000/harvey_ds/originals/Sim4784_R101E_MRGPCRX2/boltz_with_template/output/boltz_results_Sim4784_R101E_MRGPCRX2/predictions/Sim4784_R101E_MRGPCRX2/Sim4784_R101E_MRGPCRX2_model_0.cif,0.710744,0.499,0.4307,0.5627
Sim8619_Y105G_MRGPCRX2,False,"A,B",11.22953882449683,79.72949195596951,173.79,5.25,5.886805555555556,78.70079515415868,0.571629,0.4939,0.2399,0.4086,0.8,0.79,291.76,0.0,0.84,0.993,0.47,6.209866473490486,93.58141592920354,882.43,25.77,2.9354109589041095,95.07742436726888,0.821405,0.6733,0.8119,0.6021,0.92,0.89,867.84,1.0,0.9899,0.6056803991615151,0.8554786829393966,14.519397304171608,52.42519760131836,74.71966,14.087117,0.68487227,0.5525876879692078,/scicore/home/schwede/barta0000/harvey_ds/originals/Sim8619_Y105G_MRGPCRX2/chai_no_constraints/seed_1719/pred.model_idx_4.cif,0.5939507484436035,/scicore/home/schwede/barta0000/harvey_ds/originals/Sim8619_Y105G_MRGPCRX2/chai_with_constraints/seed_2481/pred.model_idx_0.cif,0.5525876879692078,0.8005592823028564,0.4905948042869568,"[[0.8857040405273438, 0.8421773314476013]]","[[[0.8857040405273438, 0.4905948042869568], [0.4391782283782959, 0.8421773314476013]]]",0.4905948042869568,0.405467,0.2318,0.0431,0.3229,0.5939507484436035,0.8155733942985535,0.5385450720787048,"[[0.8881192207336426, 0.8450706601142883]]","[[[0.8881192207336426, 0.5385450720787048], [0.477617472410202, 0.8450706601142883]]]",0.5385450720787048,0.466644,0.279,0.061,0.366,0.8381938934326172,0.8909325003623962,0.8593553304672241,0.8329035639762878,0.7579550743103027,0.5811057686805725,1.7040748596191406,0.8593553304672241,/scicore/home/schwede/barta0000/harvey_ds/originals/Sim8619_Y105G_MRGPCRX2/boltz_free/output/boltz_results_Sim8619_Y105G_MRGPCRX2/predictions/Sim8619_Y105G_MRGPCRX2/Sim8619_Y105G_MRGPCRX2_model_0.cif,0.686578,0.3201,0.2288,0.5384,0.9072785377502441,0.8953510522842407,0.8388131260871887,0.9243948459625244,0.9000569581985474,0.5654283165931702,2.4585795402526855,0.8388131260871887,/scicore/home/schwede/barta0000/harvey_ds/originals/Sim8619_Y105G_MRGPCRX2/boltz_with_template/output/boltz_results_Sim8619_Y105G_MRGPCRX2/predictions/Sim8619_Y105G_MRGPCRX2/Sim8619_Y105G_MRGPCRX2_model_0.cif,0.650788,0.613,0.4259,0.5098
AT118i4h32_AGTR1,False,"A,B",11.528239916669962,78.04986081932773,241.77,7.91,7.356923076923077,76.92290897742781,0.640211,0.4392,0.2198,0.4281,0.82,0.79,347.19,0.0,0.87,0.9895,2.464,7.38358763058775,91.15811320754716,341.14,11.35,3.61031746031746,93.78149973551432,0.834026,0.6394,0.7885,0.6247,0.93,0.88,723.92,1.0,0.9889,0.5239048898993227,0.836707494995403,14.035692342122395,58.8934326171875,73.09332,14.57144,0.6799522,0.5188630819320679,/scicore/home/schwede/barta0000/harvey_ds/originals/AT118i4h32_AGTR1/chai_no_constraints/seed_1310/pred.model_idx_0.cif,0.810712456703186,/scicore/home/schwede/barta0000/harvey_ds/originals/AT118i4h32_AGTR1/chai_with_constraints/seed_2265/pred.model_idx_2.cif,0.5188630819320679,0.7646884322166443,0.45740675926208496,"[[0.8844592571258545, 0.7967235445976257]]","[[[0.8844592571258545, 0.45740675926208496], [0.41904503107070923, 0.7967235445976257]]]",0.45740675926208496,0.320103,0.2945,0.0285,0.2402,0.810712456703186,0.8944846391677856,0.7897694110870361,"[[0.899858832359314, 0.9029654264450073]]","[[[0.899858832359314, 0.7897694110870361], [0.759818971157074, 0.9029654264450073]]]",0.7897694110870361,0.776753,0.4143,0.5746,0.5363,0.8706681132316589,0.8820474743843079,0.9456659555435181,0.851918637752533,0.8251227140426636,0.6272572875022888,0.9335294365882874,0.9456659555435181,/scicore/home/schwede/barta0000/harvey_ds/originals/AT118i4h32_AGTR1/boltz_free/output/boltz_results_AT118i4h32_AGTR1/predictions/AT118i4h32_AGTR1/AT118i4h32_AGTR1_model_0.cif,0.868348,0.5393,0.4296,0.6388,0.8784918189048767,0.9235249161720276,0.9530187845230103,0.8598600625991821,0.8351733088493347,0.4556993246078491,0.6493163704872131,0.9530187845230103,/scicore/home/schwede/barta0000/harvey_ds/originals/AT118i4h32_AGTR1/boltz_with_template/output/boltz_results_AT118i4h32_AGTR1/predictions/AT118i4h32_AGTR1/AT118i4h32_AGTR1_model_0.cif,0.871298,0.5023,0.5615,0.6842
AT211_AGTR1,False,"A,B",15.568281282016253,72.81903746097815,384.24,11.52,17.458333333333332,59.72186993183017,0.116996,0.1752,0.0259,0.177,0.33,0.76,379.78,0.0,0.45,0.9844,1.331,8.116744715183387,89.07330578512396,1928.68,62.65,7.454444444444444,81.87015480628381,0.677325,0.5085,0.3265,0.3891,0.76,0.84,2662.26,1.0,0.9856,0.2358338256283383,0.8208983466443937,14.660170257091522,51.809242248535156,70.7395,15.81556,0.64988434,0.7351363301277161,/scicore/home/schwede/barta0000/harvey_ds/originals/AT211_AGTR1/chai_no_constraints/seed_1535/pred.model_idx_4.cif,0.7347167134284973,/scicore/home/schwede/barta0000/harvey_ds/originals/AT211_AGTR1/chai_with_constraints/seed_115/pred.model_idx_3.cif,0.7351363301277161,0.8281978368759155,0.7118709087371826,"[[0.9039730429649353, 0.8173962831497192]]","[[[0.9039730429649353, 0.6717489957809448], [0.7118709087371826, 0.8173962831497192]]]",0.6717489957809448,0.677263,0.4391,0.1713,0.4759,0.7347167134284973,0.8385886549949646,0.7087486982345581,"[[0.9134073257446289, 0.8357183337211609]]","[[[0.9134073257446289, 0.7075044512748718], [0.7087486982345581, 0.8357183337211609]]]",0.7075044512748718,0.720606,0.5705,0.636,0.4885,0.8612403869628906,0.9006569981575012,0.9479855298995972,0.8395540714263916,0.7618595361709595,0.5212170481681824,0.7632842063903809,0.9479855298995972,/scicore/home/schwede/barta0000/harvey_ds/originals/AT211_AGTR1/boltz_free/output/boltz_results_AT211_AGTR1/predictions/AT211_AGTR1/AT211_AGTR1_model_0.cif,0.858398,0.2554,0.3,0.6176,0.8887506723403931,0.9012039303779602,0.9026874303817749,0.8852664828300476,0.8751899600028992,0.6516561508178711,2.062854051589966,0.9026874303817749,/scicore/home/schwede/barta0000/harvey_ds/originals/AT211_AGTR1/boltz_with_template/output/boltz_results_AT211_AGTR1/predictions/AT211_AGTR1/AT211_AGTR1_model_0.cif,0.725552,0.5613,0.4851,0.5271
AT208_AGTR1,False,"A,B",13.40051002545805,74.51540582726327,489.56,14.97,12.274657534246575,68.71725278837125,0.228331,0.2595,0.061,0.1653,0.5,0.78,724.84,0.0,0.6,,0.483,7.061774845371518,90.71594594594593,1970.6,51.03,5.760564516129031,88.80610204147081,0.664991,0.5903,0.5747,0.4858,0.82,0.86,3567.63,1.0,0.1544,0.447931211986243,0.8068702319191795,13.72317797137845,58.129276275634766,74.687775,14.11628,0.6905456,0.6946152448654175,/scicore/home/schwede/barta0000/harvey_ds/originals/AT208_AGTR1/chai_no_constraints/seed_2250/pred.model_idx_4.cif,0.7084956765174866,/scicore/home/schwede/barta0000/harvey_ds/originals/AT208_AGTR1/chai_with_constraints/seed_1793/pred.model_idx_4.cif,0.6946152448654175,0.8277077674865723,0.6613420248031616,"[[0.895566463470459, 0.8259811401367188]]","[[[0.895566463470459, 0.6455579996109009], [0.6613420248031616, 0.8259811401367188]]]",0.6455579996109009,0.628173,0.3629,0.3079,0.4492,0.7084956765174866,0.8279746174812317,0.6786258816719055,"[[0.8955528140068054, 0.8270229697227478]]","[[[0.8955528140068054, 0.6786258816719055], [0.6108941435813904, 0.8270229697227478]]]",0.6786258816719055,0.683564,0.4731,0.3179,0.4705,0.864440381526947,0.8710891604423523,0.9231609106063843,0.8497602343559265,0.8249573111534119,0.6433232426643372,1.1167616844177246,0.9231609106063843,/scicore/home/schwede/barta0000/harvey_ds/originals/AT208_AGTR1/boltz_free/output/boltz_results_AT208_AGTR1/predictions/AT208_AGTR1/AT208_AGTR1_model_0.cif,0.846602,0.5579,0.4904,0.5895,0.894001305103302,0.8800908923149109,0.8356572985649109,0.9085872769355774,0.8967867493629456,0.677006185054779,2.0795812606811523,0.8356572985649109,/scicore/home/schwede/barta0000/harvey_ds/originals/AT208_AGTR1/boltz_with_template/output/boltz_results_AT208_AGTR1/predictions/AT208_AGTR1/AT208_AGTR1_model_0.cif,0.688378,0.649,0.4953,0.4684
Sim9877_Y106A_MRGPCRX2,False,"A,B",12.674237683354592,74.63399828522435,465.38,15.4,12.475862068965519,61.89790845042777,0.236706,0.2187,0.0346,0.1754,0.55,0.785,625.13,0.0,0.63,0.9605,0.598,7.239712910554847,90.04169642857143,838.04,24.52,5.694196428571429,85.3743635004217,0.685065,0.571,0.465,0.5241,0.86,0.87,1366.63,1.0,0.5039,0.5041226285916189,0.8068825656628645,15.590284168720245,44.76435852050781,68.7702,15.3972645,0.65312797,0.5162934064865112,/scicore/home/schwede/barta0000/harvey_ds/originals/Sim9877_Y106A_MRGPCRX2/chai_no_constraints/seed_2249/pred.model_idx_3.cif,0.7064610123634338,/scicore/home/schwede/barta0000/harvey_ds/originals/Sim9877_Y106A_MRGPCRX2/chai_with_constraints/seed_2556/pred.model_idx_0.cif,0.5162934064865112,0.7907047271728516,0.44769060611724854,"[[0.8842341303825378, 0.8396154046058655]]","[[[0.8842341303825378, 0.44769060611724854], [0.4010576605796814, 0.8396154046058655]]]",0.44769060611724854,0.344208,0.1279,0.0235,0.2704,0.7064610123634338,0.8470132350921631,0.6713229417800903,"[[0.8988289833068848, 0.8458497524261475]]","[[[0.8988289833068848, 0.6713229417800903], [0.6579777598381042, 0.8458497524261475]]]",0.6713229417800903,0.642619,0.4475,0.1693,0.4792,0.8173126578330994,0.8880371451377869,0.8442884683609009,0.8105686902999878,0.7227379679679871,0.6696474552154541,2.516181468963623,0.8442884683609009,/scicore/home/schwede/barta0000/harvey_ds/originals/Sim9877_Y106A_MRGPCRX2/boltz_free/output/boltz_results_Sim9877_Y106A_MRGPCRX2/predictions/Sim9877_Y106A_MRGPCRX2/Sim9877_Y106A_MRGPCRX2_model_0.cif,0.661443,0.29,0.119,0.4985,0.9029917120933533,0.917552649974823,0.9024481177330017,0.9031275510787964,0.8559643030166626,0.5982140302658081,2.048431873321533,0.9024481177330017,/scicore/home/schwede/barta0000/harvey_ds/originals/Sim9877_Y106A_MRGPCRX2/boltz_with_template/output/boltz_results_Sim9877_Y106A_MRGPCRX2/predictions/Sim9877_Y106A_MRGPCRX2/Sim9877_Y106A_MRGPCRX2_model_0.cif,0.756813,0.5398,0.3872,0.5917
AT212_AGTR1,False,"A,B",13.847110360000176,74.5388970013038,288.87,10.81,21.53170731707317,67.39486540668837,0.147535,0.135,0.0281,0.0909,0.59,0.78,243.71,0.0,0.67,0.6402,0.527,6.078720095435272,93.66484407484408,638.88,24.32,9.613235294117645,92.11526288484272,0.669775,0.4839,0.6805,0.4961,0.89,0.89,697.61,1.0,0.2733,0.43465664968039575,0.8085168360607008,14.087898552417755,56.3856315612793,72.92406,14.6037,0.67617977,0.3497059941291809,/scicore/home/schwede/barta0000/harvey_ds/originals/AT212_AGTR1/chai_no_constraints/seed_6054/pred.model_idx_4.cif,0.6835905909538269,/scicore/home/schwede/barta0000/harvey_ds/originals/AT212_AGTR1/chai_with_constraints/seed_1938/pred.model_idx_3.cif,0.3497059941291809,0.7057918310165405,0.2606845498085022,"[[0.872211754322052, 0.8025923371315002]]","[[[0.872211754322052, 0.2606845498085022], [0.1987851858139038, 0.8025923371315002]]]",0.2606845498085022,0.088809,0.1355,0.0124,0.0385,0.6835905909538269,0.8119737505912781,0.6514948010444641,"[[0.8896079659461975, 0.8072039484977722]]","[[[0.8896079659461975, 0.6514948010444641], [0.644521176815033, 0.8072039484977722]]]",0.6514948010444641,0.649937,0.4007,0.1205,0.4564,0.838169276714325,0.8803967237472534,0.9133219122886658,0.8193811178207397,0.7286648154258728,0.6132438778877258,1.3584364652633667,0.9133219122886658,/scicore/home/schwede/barta0000/harvey_ds/originals/AT212_AGTR1/boltz_free/output/boltz_results_AT212_AGTR1/predictions/AT212_AGTR1/AT212_AGTR1_model_0.cif,0.788735,0.3343,0.2201,0.5934,0.8989955186843872,0.8970651626586914,0.8501267433166504,0.911212682723999,0.9037103056907654,0.6524180769920349,2.1843769550323486,0.8501267433166504,/scicore/home/schwede/barta0000/harvey_ds/originals/AT212_AGTR1/boltz_with_template/output/boltz_results_AT212_AGTR1/predictions/AT212_AGTR1/AT212_AGTR1_model_0.cif,0.670294,0.6698,0.5068,0.5318
AT205_ACM3,False,"A,B",16.165528642829678,73.23171308848903,450.08,19.99,10.601428571428572,62.54908551439353,0.021527,0.0975,0.0155,0.0552,0.35,0.76,606.9,0.0,0.47,0.9358,1.261,9.437956362937332,89.32,799.03,31.39,4.413,83.69151467987986,0.425739,0.3682,0.2809,0.2887,0.72,0.81,2364.12,1.0,0.9277,0.11772277187732233,0.8361331366061179,16.600738351995293,49.55195999145508,74.74669,16.188772,0.65033805,0.4702940285205841,/scicore/home/schwede/barta0000/harvey_ds/target_shuffle/AT205_ACM3/chai_no_constraints/seed_180/pred.model_idx_1.cif,0.5941463708877563,/scicore/home/schwede/barta0000/harvey_ds/target_shuffle/AT205_ACM3/chai_with_constraints/seed_1962/pred.model_idx_4.cif,0.4702940285205841,0.7303689122200012,0.40527528524398804,"[[0.8975131511688232, 0.7746583819389343]]","[[[0.8975131511688232, 0.40527528524398804], [0.3910847008228302, 0.7746583819389343]]]",0.40527528524398804,0.24791,0.1174,0.0117,0.1365,0.5941463708877563,0.7825580835342407,0.5470434427261353,"[[0.8981754779815674, 0.7839779853820801]]","[[[0.8981754779815674, 0.5159655213356018], [0.5470434427261353, 0.7839779853820801]]]",0.5159655213356018,0.464496,0.2435,0.0925,0.3513,0.8041068911552429,0.8582955002784729,0.7912009358406067,0.8073334097862244,0.8040406703948975,0.6368095278739929,5.154280662536621,0.7912009358406067,/scicore/home/schwede/barta0000/harvey_ds/target_shuffle/AT205_ACM3/boltz_free/output/boltz_results_AT205_ACM3/predictions/AT205_ACM3/AT205_ACM3_model_0.cif,0.500988,0.2903,0.0706,0.3274,0.9028558731079102,0.9161595702171326,0.8895654678344727,0.9061784744262695,0.8665717244148254,0.4648996889591217,3.146069288253784,0.8895654678344727,/scicore/home/schwede/barta0000/harvey_ds/target_shuffle/AT205_ACM3/boltz_with_template/output/boltz_results_AT205_ACM3/predictions/AT205_ACM3/AT205_ACM3_model_0.cif,0.708093,0.3539,0.2981,0.5117
AT118i4h32_MRGPCRX2,False,"A,B",12.439435188137754,74.56232907801419,526.75,19.79,12.266037735849059,60.59694513487987,0.257231,0.1262,0.0341,0.1799,0.5,0.7949999999999999,760.51,0.0,0.59,0.8355,1.081,7.574606335698342,88.32837053571428,1096.23,35.92,5.569642857142857,80.43490961248224,0.65734,0.4087,0.2846,0.4775,0.8,0.86,1369.14,1.0,0.978,0.5055553732739033,0.8350387799345929,13.967221393585206,51.655914306640625,68.48781,15.121943,0.6566037,0.4699181914329529,/scicore/home/schwede/barta0000/harvey_ds/target_shuffle/AT118i4h32_MRGPCRX2/chai_no_constraints/seed_1689/pred.model_idx_0.cif,0.6395637392997742,/scicore/home/schwede/barta0000/harvey_ds/target_shuffle/AT118i4h32_MRGPCRX2/chai_with_constraints/seed_1332/pred.model_idx_1.cif,0.4699181914329529,0.7712298035621643,0.39459025859832764,"[[0.8876683115959167, 0.8371615409851074]]","[[[0.8876683115959167, 0.39459025859832764], [0.3272963762283325, 0.8371615409851074]]]",0.39459025859832764,0.272077,0.2515,0.0195,0.1875,0.6395637392997742,0.8231034278869629,0.5936788320541382,"[[0.8980915546417236, 0.835515022277832]]","[[[0.8980915546417236, 0.5936788320541382], [0.5394513010978699, 0.835515022277832]]]",0.5936788320541382,0.539737,0.2731,0.1046,0.3902,0.8535022139549255,0.9295076131820679,0.9386021494865417,0.8322271704673767,0.7557576894760132,0.4419373571872711,0.788080632686615,0.9386021494865417,/scicore/home/schwede/barta0000/harvey_ds/target_shuffle/AT118i4h32_MRGPCRX2/boltz_free/output/boltz_results_AT118i4h32_MRGPCRX2/predictions/AT118i4h32_MRGPCRX2/AT118i4h32_MRGPCRX2_model_0.cif,0.834857,0.297,0.308,0.6662,0.911015510559082,0.9174399971961975,0.8924162983894348,0.915665328502655,0.8999388813972473,0.5111309289932251,1.6740598678588867,0.8924162983894348,/scicore/home/schwede/barta0000/harvey_ds/target_shuffle/AT118i4h32_MRGPCRX2/boltz_with_template/output/boltz_results_AT118i4h32_MRGPCRX2/predictions/AT118i4h32_MRGPCRX2/AT118i4h32_MRGPCRX2_model_0.cif,0.757991,0.6128,0.6123,0.6028
AT212_MRGPCRX2,False,"A,B",13.067635973842902,74.11794481981983,526.98,17.72,11.962499999999999,63.921086287922,0.199797,0.1842,0.0461,0.1505,0.47,0.79,811.18,0.0,0.56,0.1563,0.516,6.556329146761687,91.95172566371681,1377.01,34.22,4.819230769230769,88.61303588322231,0.658321,0.5308,0.5946,0.4902,0.82,0.87,4212.99,1.0,0.2742,0.4621949502187123,0.8054011315500097,13.874777370029026,50.69153594970703,69.2774,15.030728,0.66125166,0.47886791825294495,/scicore/home/schwede/barta0000/harvey_ds/target_shuffle/AT212_MRGPCRX2/chai_no_constraints/seed_1912/pred.model_idx_1.cif,0.528558611869812,/scicore/home/schwede/barta0000/harvey_ds/target_shuffle/AT212_MRGPCRX2/chai_with_constraints/seed_2571/pred.model_idx_0.cif,0.47886791825294495,0.7718217372894287,0.4056294560432434,"[[0.8850688934326172, 0.8383941054344177]]","[[[0.8850688934326172, 0.4056294560432434], [0.3261645436286926, 0.8383941054344177]]]",0.4056294560432434,0.292396,0.2762,0.0224,0.192,0.528558611869812,0.7948023080825806,0.4619976282119751,"[[0.8949531316757202, 0.8464769124984741]]","[[[0.8949531316757202, 0.4619976282119751], [0.3835848569869995, 0.8464769124984741]]]",0.4619976282119751,0.362801,0.1573,0.0431,0.262,0.818526566028595,0.913041353225708,0.8869845867156982,0.801412045955658,0.722618043422699,0.5167069435119629,1.3537821769714355,0.8869845867156982,/scicore/home/schwede/barta0000/harvey_ds/target_shuffle/AT212_MRGPCRX2/boltz_free/output/boltz_results_AT212_MRGPCRX2/predictions/AT212_MRGPCRX2/AT212_MRGPCRX2_model_0.cif,0.734199,0.3308,0.1962,0.568,0.9031546711921692,0.9010791182518005,0.8706685304641724,0.9112762212753296,0.8366438150405884,0.7504485249519348,2.7751240730285645,0.8706685304641724,/scicore/home/schwede/barta0000/harvey_ds/target_shuffle/AT212_MRGPCRX2/boltz_with_template/output/boltz_results_AT212_MRGPCRX2/predictions/AT212_MRGPCRX2/AT212_MRGPCRX2_model_0.cif,0.686888,0.5171,0.2257,0.553
AT213_ACM3,False,"A,B",16.087607415419743,73.23824317738791,518.78,16.55,19.611764705882354,66.3144195721831,0.056695,0.2229,0.0191,0.0361,0.42,0.755,702.58,0.0,0.54,0.3147,4.916,11.144155324199266,85.6833527131783,741.66,21.14,11.05204081632653,85.50745182411343,0.404192,0.5107,0.3785,0.3131,0.73,0.78,831.6,1.0,0.0925,0.4223246456709072,0.8061457834040132,17.777221361796062,48.446292877197266,73.99902,16.654099,0.6387625,0.3576948046684265,/scicore/home/schwede/barta0000/harvey_ds/target_shuffle/AT213_ACM3/chai_no_constraints/seed_3457/pred.model_idx_4.cif,0.48766806721687317,/scicore/home/schwede/barta0000/harvey_ds/target_shuffle/AT213_ACM3/chai_with_constraints/seed_2678/pred.model_idx_3.cif,0.3576948046684265,0.7013677358627319,0.27177655696868896,"[[0.864464521408081, 0.7751399278640747]]","[[[0.864464521408081, 0.27177655696868896], [0.21679756045341492, 0.7751399278640747]]]",0.27177655696868896,0.084394,0.2196,0.0119,0.0248,0.48766806721687317,0.7598090171813965,0.41963282227516174,"[[0.8719457387924194, 0.7991185188293457]]","[[[0.8719457387924194, 0.41963282227516174], [0.3402349352836609, 0.7991185188293457]]]",0.41963282227516174,0.32135,0.1741,0.0227,0.2049,0.7926129698753357,0.9216315746307373,0.9317622780799866,0.7578256130218506,0.6145420074462891,0.3900027573108673,1.200496792793274,0.9317622780799866,/scicore/home/schwede/barta0000/harvey_ds/target_shuffle/AT213_ACM3/boltz_free/output/boltz_results_AT213_ACM3/predictions/AT213_ACM3/AT213_ACM3_model_0.cif,0.835295,0.0937,0.0962,0.6236,0.8715696334838867,0.9096878170967102,0.8952674269676208,0.8656452298164368,0.7709236741065979,0.48592981696128845,2.2570958137512207,0.8952674269676208,/scicore/home/schwede/barta0000/harvey_ds/target_shuffle/AT213_ACM3/boltz_with_template/output/boltz_results_AT213_ACM3/predictions/AT213_ACM3/AT213_ACM3_model_0.cif,0.75643,0.3747,0.2208,0.5462
Nb29_ACM3,False,"A,B",16.998950019223376,72.87659763313609,288.88,16.42,19.55576923076923,58.810270129547945,0.005718,0.0657,0.0123,0.0,0.27,0.77,906.24,0.0,0.42,0.963,10.281,10.166470280661283,86.92345098039216,8979.43,670.75,7.271250000000001,88.73099950154622,0.636588,0.2932,0.6013,0.433,0.83,0.81,15925.09,1.0,0.8975,0.1108802365615037,0.7899654332490024,14.718464136123657,51.00181579589844,72.90539,16.61259,0.6423825,0.386117160320282,/scicore/home/schwede/barta0000/harvey_ds/target_shuffle/Nb29_ACM3/chai_no_constraints/seed_1982/pred.model_idx_3.cif,0.6394860744476318,/scicore/home/schwede/barta0000/harvey_ds/target_shuffle/Nb29_ACM3/chai_with_constraints/seed_1675/pred.model_idx_4.cif,0.386117160320282,0.7144975662231445,0.30402207374572754,"[[0.8965845108032227, 0.7774451375007629]]","[[[0.8965845108032227, 0.30402207374572754], [0.24528230726718903, 0.7774451375007629]]]",0.30402207374572754,0.144098,0.1382,0.0117,0.076,0.6394860744476318,0.818973183631897,0.5946143269538879,"[[0.9027241468429565, 0.8125603795051575]]","[[[0.9027241468429565, 0.5946143269538879], [0.560309886932373, 0.8125603795051575]]]",0.5946143269538879,0.530547,0.2504,0.0858,0.3996,0.8202363848686218,0.9162664413452148,0.9052236676216125,0.7989895939826965,0.7137891054153442,0.43290185928344727,1.9847179651260376,0.9052236676216125,/scicore/home/schwede/barta0000/harvey_ds/target_shuffle/Nb29_ACM3/boltz_free/output/boltz_results_Nb29_ACM3/predictions/Nb29_ACM3/Nb29_ACM3_model_0.cif,0.758336,0.1632,0.1559,0.5592,0.9265676736831665,0.9168040156364441,0.8786334991455078,0.9385512471199036,0.9220033884048462,0.4415741562843323,2.2079827785491943,0.8786334991455078,/scicore/home/schwede/barta0000/harvey_ds/target_shuffle/Nb29_ACM3/boltz_with_template/output/boltz_results_Nb29_ACM3/predictions/Nb29_ACM3/Nb29_ACM3_model_0.cif,0.734377,0.565,0.5922,0.5501
Sim0563_AA2AR,False,"A,B",15.199062338408503,77.11810693327539,279.04,11.42,20.382608695652173,71.8416870832366,0.34779,0.2057,0.0725,0.2388,0.77,0.7350000000000001,390.24,0.0,0.8,0.9808,0.685,6.98120695202528,93.81149152542373,584.11,17.36,10.918,92.79000042854472,0.733446,0.5104,0.6704,0.5062,0.92,0.88,1181.27,1.0,0.9752,0.5835956272469159,0.8427499576920046,17.285232067108154,58.644683837890625,77.02091,16.309505,0.6621127,0.5450289249420166,/scicore/home/schwede/barta0000/harvey_ds/target_shuffle/Sim0563_AA2AR/chai_no_constraints/seed_1141/pred.model_idx_4.cif,0.7061810493469238,/scicore/home/schwede/barta0000/harvey_ds/target_shuffle/Sim0563_AA2AR/chai_with_constraints/seed_486/pred.model_idx_0.cif,0.5450289249420166,0.6839705109596252,0.5102934837341309,"[[0.8947547674179077, 0.7504028081893921]]","[[[0.8947547674179077, 0.2687728703022003], [0.5102934837341309, 0.7504028081893921]]]",0.2687728703022003,0.17445,0.079,0.0445,0.2051,0.7061810493469238,0.7653424143791199,0.6913906931877136,"[[0.8897881507873535, 0.7439739108085632]]","[[[0.8897881507873535, 0.586355447769165], [0.6913906931877136, 0.7439739108085632]]]",0.586355447769165,0.626845,0.2323,0.0392,0.3757,0.7731614112854004,0.7726150155067444,0.8493963479995728,0.7541027069091797,0.686718225479126,0.9927936792373657,6.236198902130127,0.8493963479995728,/scicore/home/schwede/barta0000/harvey_ds/target_shuffle/Sim0563_AA2AR/boltz_free/output/boltz_results_Sim0563_AA2AR/predictions/Sim0563_AA2AR/Sim0563_AA2AR_model_0.cif,0.513519,0.174,0.0337,0.3648,0.9044397473335266,0.9271242022514343,0.9617941975593567,0.8901011347770691,0.8343124389648438,0.4920782744884491,2.57157301902771,0.9617941975593567,/scicore/home/schwede/barta0000/harvey_ds/target_shuffle/Sim0563_AA2AR/boltz_with_template/output/boltz_results_Sim0563_AA2AR/predictions/Sim0563_AA2AR/Sim0563_AA2AR_model_0.cif,0.869656,0.4734,0.2414,0.5789
Sim8619_AGTR1,False,"A,B",15.188791542221894,73.81397235263432,322.92,11.49,24.377777777777776,61.395176848212024,0.005555,0.1324,0.0121,0.0,0.42,0.77,488.52,0.0,0.51,0.3058,0.466,6.198163087123587,92.62580041580043,1471.28,29.99,9.63475,87.19976243518647,0.637198,0.4538,0.5643,0.4701,0.86,0.89,1381.4,1.0,0.8281,0.4566996306970413,0.8106688283152905,13.606910934448242,56.806209564208984,73.625,14.427736,0.6821514,0.3779491186141968,/scicore/home/schwede/barta0000/harvey_ds/target_shuffle/Sim8619_AGTR1/chai_no_constraints/seed_6028/pred.model_idx_1.cif,0.6265976428985596,/scicore/home/schwede/barta0000/harvey_ds/target_shuffle/Sim8619_AGTR1/chai_with_constraints/seed_3918/pred.model_idx_3.cif,0.3779491186141968,0.715528130531311,0.2935543656349182,"[[0.875075101852417, 0.801060140132904]]","[[[0.875075101852417, 0.2935543656349182], [0.22698141634464264, 0.801060140132904]]]",0.2935543656349182,0.137815,0.2021,0.0143,0.0717,0.6265976428985596,0.811232328414917,0.5804389715194702,"[[0.8787093162536621, 0.8149463534355164]]","[[[0.8787093162536621, 0.5804389715194702], [0.5650961995124817, 0.8149463534355164]]]",0.5804389715194702,0.55063,0.353,0.106,0.4198,0.8167913556098938,0.9165687561035156,0.9363779425621033,0.786894679069519,0.7025861144065857,0.4721958041191101,1.0324398279190063,0.9363779425621033,/scicore/home/schwede/barta0000/harvey_ds/target_shuffle/Sim8619_AGTR1/boltz_free/output/boltz_results_Sim8619_AGTR1/predictions/Sim8619_AGTR1/Sim8619_AGTR1_model_0.cif,0.85657,0.3416,0.2366,0.6548,0.8878284692764282,0.8716979622840881,0.8229190111160278,0.9040557742118835,0.893610954284668,0.7036342024803162,2.9023590087890625,0.8229190111160278,/scicore/home/schwede/barta0000/harvey_ds/target_shuffle/Sim8619_AGTR1/boltz_with_template/output/boltz_results_Sim8619_AGTR1/predictions/Sim8619_AGTR1/Sim8619_AGTR1_model_0.cif,0.682927,0.6827,0.4051,0.472
Sim4784_AA2AR,False,"A,B",15.42957914392416,78.53396652901544,95.99,5.01,14.448809523809524,84.9036887807993,0.596587,0.3446,0.3212,0.3861,0.8,0.725,335.9,0.0,0.83,0.9474,0.408,7.801729560471132,93.55376271186441,1190.92,42.49,8.101710526315792,94.8711763269761,0.708768,0.5228,0.7546,0.4987,0.91,0.86,2898.31,1.0,0.6777,0.833677373825931,0.8119111916145939,18.112704038619995,58.84428787231445,77.08172,16.3741,0.65971845,0.4339570105075836,/scicore/home/schwede/barta0000/harvey_ds/target_shuffle/Sim4784_AA2AR/chai_no_constraints/seed_2041/pred.model_idx_3.cif,0.5424509048461914,/scicore/home/schwede/barta0000/harvey_ds/target_shuffle/Sim4784_AA2AR/chai_with_constraints/seed_1252/pred.model_idx_0.cif,0.4339570105075836,0.6967006325721741,0.3682710826396942,"[[0.8991683721542358, 0.7365903258323669]]","[[[0.8991683721542358, 0.3627828359603882], [0.3682710826396942, 0.7365903258323669]]]",0.3627828359603882,0.167964,0.1788,0.0162,0.0528,0.5424509048461914,0.7485848665237427,0.4909173846244812,"[[0.8935863971710205, 0.740337610244751]]","[[[0.8935863971710205, 0.4909173846244812], [0.45565950870513916, 0.740337610244751]]]",0.4909173846244812,0.443669,0.1779,0.0723,0.3423,0.7811512351036072,0.7947767972946167,0.8479440212249756,0.7644529938697815,0.6913943886756897,0.6725521683692932,2.991988182067871,0.8479440212249756,/scicore/home/schwede/barta0000/harvey_ds/target_shuffle/Sim4784_AA2AR/boltz_free/output/boltz_results_Sim4784_AA2AR/predictions/Sim4784_AA2AR/Sim4784_AA2AR_model_0.cif,0.598982,0.1586,0.06,0.4342,0.9130635261535645,0.9196998476982117,0.9545440077781677,0.9026933908462524,0.9021067023277283,0.3994702398777008,1.3032560348510742,0.9545440077781677,/scicore/home/schwede/barta0000/harvey_ds/target_shuffle/Sim4784_AA2AR/boltz_with_template/output/boltz_results_Sim4784_AA2AR/predictions/Sim4784_AA2AR/Sim4784_AA2AR_model_0.cif,0.852636,0.5912,0.6906,0.5921
AT201_MRGPCRX2,False,"A,B",12.00175482302296,75.83099288762449,238.39,9.45,19.844642857142855,71.04958319372716,0.317248,0.2336,0.0714,0.2162,0.72,0.785,699.78,0.0,0.76,0.9901,0.444,6.448367446588011,90.89285714285714,850.65,28.44,11.038396226415093,89.66204117755501,0.728194,0.5411,0.6049,0.4983,0.9,0.87,2117.95,1.0,0.9907,0.5338830565627725,0.8239373913090877,23.220967483520507,44.20547103881836,69.839775,17.501225,0.6069788,0.6993212699890137,/scicore/home/schwede/barta0000/harvey_ds/target_shuffle/AT201_MRGPCRX2/chai_no_constraints/seed_3344/pred.model_idx_1.cif,0.7101391553878784,/scicore/home/schwede/barta0000/harvey_ds/target_shuffle/AT201_MRGPCRX2/chai_with_constraints/seed_1492/pred.model_idx_0.cif,0.6993212699890137,0.8205015659332275,0.6690261363983154,"[[0.8981631994247437, 0.840274453163147]]","[[[0.8981631994247437, 0.5835593342781067], [0.6690261363983154, 0.840274453163147]]]",0.5835593342781067,0.5122,0.2519,0.1164,0.3556,0.7101391553878784,0.8361309766769409,0.6786412000656128,"[[0.8961554765701294, 0.8428879976272583]]","[[[0.8961554765701294, 0.6239234209060669], [0.6786412000656128, 0.8428879976272583]]]",0.6239234209060669,0.612823,0.3257,0.1739,0.44,0.8562515377998352,0.9258002638816833,0.935809850692749,0.8363620042800903,0.8046234846115112,0.5346710085868835,1.5935394763946533,0.935809850692749,/scicore/home/schwede/barta0000/harvey_ds/target_shuffle/AT201_MRGPCRX2/boltz_free/output/boltz_results_AT201_MRGPCRX2/predictions/AT201_MRGPCRX2/AT201_MRGPCRX2_model_0.cif,0.809171,0.4353,0.3657,0.5994,0.9204760789871216,0.9395642876625061,0.9267986416816711,0.9188953638076782,0.8838490843772888,0.46132442355155945,1.6715718507766724,0.9267986416816711,/scicore/home/schwede/barta0000/harvey_ds/target_shuffle/AT201_MRGPCRX2/boltz_with_template/output/boltz_results_AT201_MRGPCRX2/predictions/AT201_MRGPCRX2/AT201_MRGPCRX2_model_0.cif,0.79539,0.5267,0.5223,0.5838
AT204_AA2AR,False,"A,B",18.47524360815857,73.48448417858691,504.98,26.73,27.103703703703705,63.95554216306358,0.0,0.0959,0.0105,0.0,0.34,0.7150000000000001,558.35,0.0,0.44,0.9849,0.453,7.557669434070671,92.20727118644069,536.81,50.11,13.228695652173913,85.8120007832845,0.58493,0.2707,0.3688,0.3807,0.86,0.86,1920.92,1.0,0.2343,0.08425535626395432,0.811814130766988,18.26113271713257,53.47486877441406,77.43136,16.655514,0.65792036,0.30571699142456055,/scicore/home/schwede/barta0000/harvey_ds/target_shuffle/AT204_AA2AR/chai_no_constraints/seed_2548/pred.model_idx_1.cif,0.34505021572113037,/scicore/home/schwede/barta0000/harvey_ds/target_shuffle/AT204_AA2AR/chai_with_constraints/seed_3417/pred.model_idx_2.cif,0.30571699142456055,0.6556583642959595,0.21823161840438843,"[[0.9030715227127075, 0.7465903759002686]]","[[[0.9030715227127075, 0.21823161840438843], [0.1506437510251999, 0.7465903759002686]]]",0.21823161840438843,0.005153,0.1021,0.0112,0.0,0.34505021572113037,0.6695926189422607,0.2639146149158478,"[[0.9020013213157654, 0.7432980537414551]]","[[[0.9020013213157654, 0.2639146149158478], [0.18703153729438782, 0.7432980537414551]]]",0.2639146149158478,0.104042,0.1037,0.0224,0.0913,0.7624263167381287,0.8053997755050659,0.7352717518806458,0.769214928150177,0.7314321398735046,0.5808818936347961,4.907509803771973,0.7352717518806458,/scicore/home/schwede/barta0000/harvey_ds/target_shuffle/AT204_AA2AR/boltz_free/output/boltz_results_AT204_AA2AR/predictions/AT204_AA2AR/AT204_AA2AR_model_0.cif,0.330842,0.103,0.0551,0.1836,0.8881356120109558,0.8542187809944153,0.877183735370636,0.8908736109733582,0.8482040166854858,0.42139896750450134,2.225822925567627,0.877183735370636,/scicore/home/schwede/barta0000/harvey_ds/target_shuffle/AT204_AA2AR/boltz_with_template/output/boltz_results_AT204_AA2AR/predictions/AT204_AA2AR/AT204_AA2AR_model_0.cif,0.54179,0.1831,0.3296,0.3328
AT202_MRGPCRX2,False,"A,B",16.066252596952907,71.03035734226688,397.95,14.91,25.66190476190476,54.7367932202324,0.007376,0.0997,0.0114,0.0125,0.34,0.755,810.63,0.0,0.43,0.7599,2.14,9.150884791474299,86.39372807017544,3864.85,204.65,15.876428571428571,77.56558227539062,0.387789,0.3317,0.1682,0.3152,0.71,0.82,3008.32,1.0,0.8932,0.10326253014873148,0.8003809853958287,19.05896770954132,56.05469512939453,77.760704,15.612457,0.65286964,0.3019900321960449,/scicore/home/schwede/barta0000/harvey_ds/target_shuffle/AT202_MRGPCRX2/chai_no_constraints/seed_1188/pred.model_idx_2.cif,0.5646166205406189,/scicore/home/schwede/barta0000/harvey_ds/target_shuffle/AT202_MRGPCRX2/chai_with_constraints/seed_1308/pred.model_idx_2.cif,0.3019900321960449,0.6852766871452332,0.20616838335990906,"[[0.8927343487739563, 0.8273712396621704]]","[[[0.8927343487739563, 0.20616838335990906], [0.13901159167289734, 0.8273712396621704]]]",0.20616838335990906,0.004913,0.1546,0.0099,0.0,0.5646166205406189,0.7845383882522583,0.5096361637115479,"[[0.8831577301025391, 0.8069132566452026]]","[[[0.8831577301025391, 0.5096361637115479], [0.501746416091919, 0.8069132566452026]]]",0.5096361637115479,0.422308,0.1641,0.0315,0.3359,0.8166142702102661,0.8796343207359314,0.8616511821746826,0.8053550124168396,0.7521069645881653,0.646638810634613,2.828230142593384,0.8616511821746826,/scicore/home/schwede/barta0000/harvey_ds/target_shuffle/AT202_MRGPCRX2/boltz_free/output/boltz_results_AT202_MRGPCRX2/predictions/AT202_MRGPCRX2/AT202_MRGPCRX2_model_0.cif,0.65103,0.2174,0.2091,0.5163,0.8901386260986328,0.8951212763786316,0.7923764586448669,0.9145792126655579,0.8765996098518372,0.5314470529556274,2.592691421508789,0.7923764586448669,/scicore/home/schwede/barta0000/harvey_ds/target_shuffle/AT202_MRGPCRX2/boltz_with_template/output/boltz_results_AT202_MRGPCRX2/predictions/AT202_MRGPCRX2/AT202_MRGPCRX2_model_0.cif,0.537988,0.4059,0.3356,0.4029
Nb60_ACM3,False,"A,B",17.276300020139153,73.09312747035572,166.35,9.89,22.1,65.05234471462457,0.005977,0.1188,0.0136,0.0,0.25,0.755,814.48,0.0,0.4,0.9882,6.605,10.514493348380697,87.67846003898636,790.84,32.48,10.932045454545454,87.60926027651186,0.457765,0.388,0.481,0.3073,0.74,0.79,1429.9,1.0,0.9164,0.09161216358395176,0.8061457834040132,18.079579909642536,48.22301483154297,72.98015,16.695196,0.63912916,0.5108823776245117,/scicore/home/schwede/barta0000/harvey_ds/target_shuffle/Nb60_ACM3/chai_no_constraints/seed_4304/pred.model_idx_1.cif,0.5797371864318848,/scicore/home/schwede/barta0000/harvey_ds/target_shuffle/Nb60_ACM3/chai_with_constraints/seed_4219/pred.model_idx_1.cif,0.5108823776245117,0.7451695799827576,0.45231056213378906,"[[0.9014779329299927, 0.7776082158088684]]","[[[0.9014779329299927, 0.45231056213378906], [0.4103909432888031, 0.7776082158088684]]]",0.45231056213378906,0.34502,0.1473,0.0149,0.2307,0.5797371864318848,0.7883093357086182,0.5275941491127014,"[[0.9062988758087158, 0.7993740439414978]]","[[[0.9062988758087158, 0.5275941491127014], [0.5047101974487305, 0.7993740439414978]]]",0.5275941491127014,0.455779,0.1393,0.0502,0.3381,0.7637032270431519,0.8326972723007202,0.7391541600227356,0.7698404788970947,0.6625829935073853,0.7226455807685852,4.981362342834473,0.7391541600227356,/scicore/home/schwede/barta0000/harvey_ds/target_shuffle/Nb60_ACM3/boltz_free/output/boltz_results_Nb60_ACM3/predictions/Nb60_ACM3/Nb60_ACM3_model_0.cif,0.394803,0.094,0.0326,0.2434,0.8892282843589783,0.8964731693267822,0.8553473949432373,0.8976984024047852,0.8603119850158691,0.5311604142189026,3.051748514175415,0.8553473949432373,/scicore/home/schwede/barta0000/harvey_ds/target_shuffle/Nb60_ACM3/boltz_with_template/output/boltz_results_Nb60_ACM3/predictions/Nb60_ACM3/Nb60_ACM3_model_0.cif,0.670276,0.4476,0.3161,0.4845
AT211_ACM3,False,"A,B",16.446744703204992,71.79499634413844,1209.77,35.17,21.730555555555554,64.22961763673703,0.055261,0.2579,0.0213,0.042,0.4,0.735,740.49,0.0,0.52,0.1674,4.6,11.245357457092894,85.65957610789981,660.98,17.84,15.673986486486486,80.80828166007996,0.252681,0.5094,0.1518,0.1607,0.66,0.78,1539.8,1.0,0.6356,0.4174334238547084,0.8178339948988862,21.429073333740234,38.1439323425293,70.567345,17.524681,0.61364573,0.33583325147628784,/scicore/home/schwede/barta0000/harvey_ds/target_shuffle/AT211_ACM3/chai_no_constraints/seed_2898/pred.model_idx_3.cif,0.48763978481292725,/scicore/home/schwede/barta0000/harvey_ds/target_shuffle/AT211_ACM3/chai_with_constraints/seed_3123/pred.model_idx_2.cif,0.33583325147628784,0.6920415163040161,0.24678120017051697,"[[0.8511819839477539, 0.786190390586853]]","[[[0.8511819839477539, 0.24678120017051697], [0.17299401760101318, 0.786190390586853]]]",0.24678120017051697,0.043435,0.1151,0.0108,0.0512,0.48763978481292725,0.7679416537284851,0.417564332485199,"[[0.8598822951316833, 0.8038856387138367]]","[[[0.8598822951316833, 0.417564332485199], [0.3651798367500305, 0.8038856387138367]]]",0.417564332485199,0.324387,0.194,0.0327,0.223,0.8146787881851196,0.9087448120117188,0.9156156778335571,0.7894445657730103,0.6824195981025696,0.4408031702041626,1.4942973852157593,0.9156156778335571,/scicore/home/schwede/barta0000/harvey_ds/target_shuffle/AT211_ACM3/boltz_free/output/boltz_results_AT211_ACM3/predictions/AT211_ACM3/AT211_ACM3_model_0.cif,0.814068,0.2022,0.1656,0.5809,0.9196379780769348,0.9212311506271362,0.9010925889015198,0.9242742657661438,0.9034045338630676,0.40420904755592346,1.3530559539794922,0.9010925889015198,/scicore/home/schwede/barta0000/harvey_ds/target_shuffle/AT211_ACM3/boltz_with_template/output/boltz_results_AT211_ACM3/predictions/AT211_ACM3/AT211_ACM3_model_0.cif,0.798246,0.6409,0.6484,0.5773
AT207_MRGPCRX2,False,"A,B",11.762713249362243,75.69779511918274,1126.79,32.94,8.712878787878788,67.12251238820332,0.507726,0.2207,0.0812,0.3366,0.71,0.79,1121.55,0.0,0.77,0.9852,1.581,8.23013188576212,87.36669642857143,29938.39,1028.29,4.337203389830509,82.19836038057922,0.691625,0.4819,0.3669,0.4895,0.84,0.85,23973.7,1.0,0.6973,0.5164719391137467,0.817320999731732,13.025126377741495,61.6657600402832,78.22592,12.637812,0.726292,0.4594452381134033,/scicore/home/schwede/barta0000/harvey_ds/target_shuffle/AT207_MRGPCRX2/chai_no_constraints/seed_3633/pred.model_idx_1.cif,0.7784440517425537,/scicore/home/schwede/barta0000/harvey_ds/target_shuffle/AT207_MRGPCRX2/chai_with_constraints/seed_2210/pred.model_idx_0.cif,0.4594452381134033,0.7653881311416626,0.3829595148563385,"[[0.9008268117904663, 0.8316800594329834]]","[[[0.9008268117904663, 0.3829595148563385], [0.3255429267883301, 0.8316800594329834]]]",0.3829595148563385,0.242673,0.2583,0.0188,0.1508,0.7784440517425537,0.8753982186317444,0.7542054653167725,"[[0.9152525067329407, 0.8675929307937622]]","[[[0.9152525067329407, 0.7542054653167725], [0.7309817671775818, 0.8675929307937622]]]",0.7542054653167725,0.719025,0.5153,0.287,0.53,0.8190473914146423,0.8491851091384888,0.7994144558906555,0.8239555358886719,0.7394480109214783,0.7793556451797485,3.3446052074432373,0.7994144558906555,/scicore/home/schwede/barta0000/harvey_ds/target_shuffle/AT207_MRGPCRX2/boltz_free/output/boltz_results_AT207_MRGPCRX2/predictions/AT207_MRGPCRX2/AT207_MRGPCRX2_model_0.cif,0.597877,0.304,0.0859,0.4682,0.9145057797431946,0.9183586835861206,0.9022325873374939,0.9175740480422974,0.8820067048072815,0.5532782077789307,2.129302978515625,0.9022325873374939,/scicore/home/schwede/barta0000/harvey_ds/target_shuffle/AT207_MRGPCRX2/boltz_with_template/output/boltz_results_AT207_MRGPCRX2/predictions/AT207_MRGPCRX2/AT207_MRGPCRX2_model_0.cif,0.760612,0.5927,0.473,0.6066
AT208_MRGPCRX2,False,"A,B",12.099812534262668,76.5386801460264,203.4,6.21,10.168965517241379,69.62918228491438,0.249601,0.2311,0.0678,0.2051,0.53,0.8,413.66,0.0,0.62,0.8708,0.7,6.397941694729423,91.31444690265486,496.17,14.37,4.416690140845069,88.86378744876745,0.737939,0.5659,0.5731,0.5016,0.83,0.88,1546.44,1.0,,0.4437493207432148,0.8093005274626087,12.369443082809449,57.64630889892578,74.44066,13.600174,0.6967808,0.7313816547393799,/scicore/home/schwede/barta0000/harvey_ds/target_shuffle/AT208_MRGPCRX2/chai_no_constraints/seed_1911/pred.model_idx_0.cif,0.6282405853271484,/scicore/home/schwede/barta0000/harvey_ds/target_shuffle/AT208_MRGPCRX2/chai_with_constraints/seed_1644/pred.model_idx_3.cif,0.7313816547393799,0.8584208488464355,0.6996217966079712,"[[0.9003686904907227, 0.8655581474304199]]","[[[0.9003686904907227, 0.6996217966079712], [0.6208847761154175, 0.8655581474304199]]]",0.6996217966079712,0.640804,0.4483,0.2357,0.4539,0.6282405853271484,0.8314940929412842,0.5774272084236145,"[[0.8936228156089783, 0.8567139506340027]]","[[[0.8936228156089783, 0.5774272084236145], [0.5228031873703003, 0.8567139506340027]]]",0.5774272084236145,0.51149,0.343,0.1004,0.3838,0.8515334129333496,0.9311020374298096,0.9319527745246887,0.8314285278320312,0.7611329555511475,0.4407854974269867,0.9289469718933105,0.9319527745246887,/scicore/home/schwede/barta0000/harvey_ds/target_shuffle/AT208_MRGPCRX2/boltz_free/output/boltz_results_AT208_MRGPCRX2/predictions/AT208_MRGPCRX2/AT208_MRGPCRX2_model_0.cif,0.813416,0.335,0.3254,0.6339,0.9107416272163391,0.8991811275482178,0.8405936360359192,0.9282786250114441,0.8878891468048096,0.5840615630149841,2.294088363647461,0.8405936360359192,/scicore/home/schwede/barta0000/harvey_ds/target_shuffle/AT208_MRGPCRX2/boltz_with_template/output/boltz_results_AT208_MRGPCRX2/predictions/AT208_MRGPCRX2/AT208_MRGPCRX2_model_0.cif,0.663626,0.5836,0.4288,0.5185
Sim1846_AGTR1,False,"A,B",16.19274641913778,71.79064244339125,154.9,8.33,7.716666666666668,69.25713581240254,0.005107,0.1546,0.013,0.0,0.26,0.775,236.25,0.0,0.39,0.6283,0.456,6.755656729471847,92.41748427672955,4323.22,277.06,3.769761904761905,88.40428488595145,0.505529,0.385,0.5449,0.4089,0.8,0.86,3223.51,1.0,0.8824,0.06516883484049348,0.8073406323472863,14.89751441662128,55.719451904296875,74.04738,14.198126,0.6840908,0.3582502007484436,/scicore/home/schwede/barta0000/harvey_ds/target_shuffle/Sim1846_AGTR1/chai_no_constraints/seed_1038/pred.model_idx_1.cif,0.6007619500160217,/scicore/home/schwede/barta0000/harvey_ds/target_shuffle/Sim1846_AGTR1/chai_with_constraints/seed_1689/pred.model_idx_1.cif,0.3582502007484436,0.7050148248672485,0.27155905961990356,"[[0.8788759708404541, 0.797477662563324]]","[[[0.8788759708404541, 0.27155905961990356], [0.1951814591884613, 0.797477662563324]]]",0.27155905961990356,0.093814,0.1781,0.0111,0.0203,0.6007619500160217,0.7983992099761963,0.5513526201248169,"[[0.897769570350647, 0.8097147941589355]]","[[[0.897769570350647, 0.5513526201248169], [0.5237917304039001, 0.8097147941589355]]]",0.5513526201248169,0.505709,0.2443,0.1052,0.3819,0.8476395010948181,0.8928811550140381,0.931959331035614,0.8265594840049744,0.7987155914306641,0.5698313117027283,0.9841015934944153,0.931959331035614,/scicore/home/schwede/barta0000/harvey_ds/target_shuffle/Sim1846_AGTR1/boltz_free/output/boltz_results_Sim1846_AGTR1/predictions/Sim1846_AGTR1/Sim1846_AGTR1_model_0.cif,0.849722,0.4031,0.4549,0.635,0.9067971110343933,0.8980629444122314,0.8575104475021362,0.9191188216209412,0.9127775430679321,0.5889350771903992,2.2915866374969482,0.8575104475021362,/scicore/home/schwede/barta0000/harvey_ds/target_shuffle/Sim1846_AGTR1/boltz_with_template/output/boltz_results_Sim1846_AGTR1/predictions/Sim1846_AGTR1/Sim1846_AGTR1_model_0.cif,0.650727,0.5882,0.5584,0.5104
Sim7252_AGTR1,False,"A,B",15.413011088696386,72.39011873350923,393.46,14.11,12.64491525423729,62.79877297456819,0.039121,0.1691,0.0176,0.0498,0.42,0.77,787.46,0.0,0.53,0.9897,2.579,8.79575342044311,88.37010482180295,2160.84,50.52,5.30537037037037,83.31071410860334,0.638276,0.483,0.4192,0.4631,0.85,0.83,2345.74,1.0,0.9834,0.5267455281400766,0.8349878341544203,14.202236157197218,56.29244613647461,72.09898,14.687289,0.6748467,0.5015257596969604,/scicore/home/schwede/barta0000/harvey_ds/target_shuffle/Sim7252_AGTR1/chai_no_constraints/seed_1874/pred.model_idx_2.cif,0.5692896246910095,/scicore/home/schwede/barta0000/harvey_ds/target_shuffle/Sim7252_AGTR1/chai_with_constraints/seed_1986/pred.model_idx_3.cif,0.5015257596969604,0.7663015723228455,0.4353317618370056,"[[0.8859579563140869, 0.8068640232086182]]","[[[0.8859579563140869, 0.4353317618370056], [0.4117833077907562, 0.8068640232086182]]]",0.4353317618370056,0.31023,0.2709,0.0271,0.2061,0.5692896246910095,0.7824608683586121,0.5159968137741089,"[[0.8913190364837646, 0.8039253950119019]]","[[[0.8913190364837646, 0.4962422251701355], [0.5159968137741089, 0.8039253950119019]]]",0.4962422251701355,0.396649,0.3068,0.0636,0.3055,0.8334221839904785,0.886750340461731,0.9348729252815247,0.8080595135688782,0.7266408801078796,0.6410611271858215,1.8049445152282715,0.9348729252815247,/scicore/home/schwede/barta0000/harvey_ds/target_shuffle/Sim7252_AGTR1/boltz_free/output/boltz_results_Sim7252_AGTR1/predictions/Sim7252_AGTR1/Sim7252_AGTR1_model_0.cif,0.805556,0.3445,0.1574,0.608,0.8761823773384094,0.898898184299469,0.8651627898216248,0.8789372444152832,0.8455230593681335,0.6874005198478699,3.1576223373413086,0.8651627898216248,/scicore/home/schwede/barta0000/harvey_ds/target_shuffle/Sim7252_AGTR1/boltz_with_template/output/boltz_results_Sim7252_AGTR1/predictions/Sim7252_AGTR1/Sim7252_AGTR1_model_0.cif,0.653923,0.598,0.303,0.5069
Sim9877_AA2AR,False,"A,B",17.264039931054292,74.52144785543219,582.39,23.52,25.64852941176471,60.558094246156976,0.03529,0.1114,0.015,0.0298,0.46,0.72,599.7,0.0,0.54,0.0713,0.645,7.499314938236139,91.74983050847456,2270.54,132.4,14.014857142857142,85.42674326342205,0.594989,0.3784,0.4338,0.3954,0.86,0.86,2082.45,1.0,0.5929,0.5736456519044753,0.8077771800759787,19.469272911548615,54.347042083740234,76.79061,16.591724,0.65780175,0.337921142578125,/scicore/home/schwede/barta0000/harvey_ds/target_shuffle/Sim9877_AA2AR/chai_no_constraints/seed_2161/pred.model_idx_1.cif,0.5089865326881409,/scicore/home/schwede/barta0000/harvey_ds/target_shuffle/Sim9877_AA2AR/chai_with_constraints/seed_4219/pred.model_idx_3.cif,0.337921142578125,0.6700754761695862,0.2548825740814209,"[[0.8961482644081116, 0.74364173412323]]","[[[0.8961482644081116, 0.2548825740814209], [0.17333447933197021, 0.74364173412323]]]",0.2548825740814209,0.013051,0.1152,0.0117,0.0,0.5089865326881409,0.737438976764679,0.45187342166900635,"[[0.8735616207122803, 0.7281084060668945]]","[[[0.8735616207122803, 0.45187342166900635], [0.44168463349342346, 0.7281084060668945]]]",0.45187342166900635,0.39425,0.223,0.0521,0.3166,0.7854647040367126,0.7908778786659241,0.7635934352874756,0.7909325361251831,0.7147027850151062,0.8030457496643066,5.972291946411133,0.7635934352874756,/scicore/home/schwede/barta0000/harvey_ds/target_shuffle/Sim9877_AA2AR/boltz_free/output/boltz_results_Sim9877_AA2AR/predictions/Sim9877_AA2AR/Sim9877_AA2AR_model_0.cif,0.435921,0.086,0.0437,0.2809,0.8884665369987488,0.8638874888420105,0.8580483198165894,0.8960710763931274,0.8573159575462341,0.5008260607719421,3.5898587703704834,0.8580483198165894,/scicore/home/schwede/barta0000/harvey_ds/target_shuffle/Sim9877_AA2AR/boltz_with_template/output/boltz_results_Sim9877_AA2AR/predictions/Sim9877_AA2AR/Sim9877_AA2AR_model_0.cif,0.575044,0.3413,0.2622,0.4164
AT209_ACM3,False,"A,B",15.559656524658202,73.30880461462935,762.4,26.95,18.626744186046515,63.0113548859273,0.113143,0.1702,0.022,0.1174,0.45,0.76,1060.96,0.0,0.57,0.115,9.837,10.561949806213379,85.7276171875,663.07,25.94,9.932105263157894,86.0924439324273,0.518789,0.4829,0.4082,0.3972,0.8,0.81,2085.84,1.0,0.6257,0.41020301980737306,0.8061457834040132,17.391450929641724,46.590171813964844,72.999954,16.410686,0.64440227,0.33741313219070435,/scicore/home/schwede/barta0000/harvey_ds/target_shuffle/AT209_ACM3/chai_no_constraints/seed_123/pred.model_idx_4.cif,0.4684683084487915,/scicore/home/schwede/barta0000/harvey_ds/target_shuffle/AT209_ACM3/chai_with_constraints/seed_1506/pred.model_idx_4.cif,0.33741313219070435,0.6914608478546143,0.24890118837356567,"[[0.8876051902770996, 0.7757290005683899]]","[[[0.8876051902770996, 0.24890118837356567], [0.17437492311000824, 0.7757290005683899]]]",0.24890118837356567,0.050246,0.1353,0.0108,0.0174,0.4684683084487915,0.7569129467010498,0.39635714888572693,"[[0.8928729295730591, 0.7988908290863037]]","[[[0.8928729295730591, 0.39635714888572693], [0.31610575318336487, 0.7988908290863037]]]",0.39635714888572693,0.283617,0.2133,0.0201,0.1809,0.7890980839729309,0.895487904548645,0.8662971258163452,0.7697983384132385,0.6251922845840454,0.44951796531677246,2.168505907058716,0.8662971258163452,/scicore/home/schwede/barta0000/harvey_ds/target_shuffle/AT209_ACM3/boltz_free/output/boltz_results_AT209_ACM3/predictions/AT209_ACM3/AT209_ACM3_model_0.cif,0.634721,0.0709,0.0724,0.4792,0.9019217491149902,0.8971594572067261,0.8238247036933899,0.9214459657669067,0.8778625726699829,0.5236045122146606,3.2680702209472656,0.8238247036933899,/scicore/home/schwede/barta0000/harvey_ds/target_shuffle/AT209_ACM3/boltz_with_template/output/boltz_results_AT209_ACM3/predictions/AT209_ACM3/AT209_ACM3_model_0.cif,0.613428,0.4815,0.305,0.4414
