sample,binding,interface,af3_pae,af3_plddt,af3_interface_dG,af3_interface_dG_SASA_ratio,af3_ipae,af3_iplddt,af3_ipsae,af3_pdockq,af3_pdockq2,af3_lis,af3_iptm,af3_ptm,af3_pyros_binder_score,af3_rank,af3_ranking_score,af3_rank0_masif,cf_af3_rmsd,cf_pae,cf_plddt,cf_interface_dG,cf_interface_dG_SASA_ratio,cf_ipae,cf_iplddt,cf_ipsae,cf_pdockq,cf_pdockq2,cf_lis,cf_iptm,cf_ptm,cf_pyros_binder_score,cf_rank,cf_rank0_masif,pred_ilddt,pred_lddt,esmfold_ipae,esmfold_iplddt,esmfold_plddt,esmfold_pae,esmfold_ptm,esmfold2_ipae,esmfold2_iplddt,esmfold2_plddt,esmfold2_pae,esmfold2_ptm,esmfold2_iptm,chai_unconstrained_score,chai_unconstrained_model_path,chai_constrained_score,chai_constrained_model_path,chai_unconstrained_aggregate_score,chai_unconstrained_ptm,chai_unconstrained_iptm,chai_unconstrained_per_chain_ptm,chai_unconstrained_per_chain_pair_iptm,chai_unconstrained_interface_iptm,chai_unconstrained_ipsae,chai_unconstrained_pdockq,chai_unconstrained_pdockq2,chai_unconstrained_lis,chai_constrained_aggregate_score,chai_constrained_ptm,chai_constrained_iptm,chai_constrained_per_chain_ptm,chai_constrained_per_chain_pair_iptm,chai_constrained_interface_iptm,chai_constrained_ipsae,chai_constrained_pdockq,chai_constrained_pdockq2,chai_constrained_lis,boltz_free_confidence_score,boltz_free_ptm,boltz_free_iptm,boltz_free_plddt,boltz_free_iplddt,boltz_free_pde,boltz_free_ipde,boltz_free_per_chain_pair_iptm,boltz_free_model_path,boltz_free_ipsae,boltz_free_pdockq,boltz_free_pdockq2,boltz_free_lis,boltz_template_confidence_score,boltz_template_ptm,boltz_template_iptm,boltz_template_plddt,boltz_template_iplddt,boltz_template_pde,boltz_template_ipde,boltz_template_per_chain_pair_iptm,boltz_template_model_path,boltz_template_ipsae,boltz_template_pdockq,boltz_template_pdockq2,boltz_template_lis,af3_esm3dg_dg,af3_esm3dg_dg_a,af3_esm3dg_dg_b,af3_esm3dg_dg_std,af3_mpnn_confidence,af3_mpnn_nll,af3_mpnn_nll_a,af3_mpnn_nll_b,boltz_free_esm3dg_dg,boltz_free_esm3dg_dg_a,boltz_free_esm3dg_dg_b,boltz_free_esm3dg_dg_std,boltz_free_mpnn_confidence,boltz_free_mpnn_nll,boltz_free_mpnn_nll_a,boltz_free_mpnn_nll_b,boltz_template_esm3dg_dg,boltz_template_esm3dg_dg_a,boltz_template_esm3dg_dg_b,boltz_template_esm3dg_dg_std,boltz_template_mpnn_confidence,boltz_template_mpnn_nll,boltz_template_mpnn_nll_a,boltz_template_mpnn_nll_b,cf_esm3dg_dg,cf_esm3dg_dg_a,cf_esm3dg_dg_b,cf_esm3dg_dg_std,cf_mpnn_confidence,cf_mpnn_nll,cf_mpnn_nll_a,cf_mpnn_nll_b,chai_constrained_esm3dg_dg,chai_constrained_esm3dg_dg_a,chai_constrained_esm3dg_dg_b,chai_constrained_esm3dg_dg_std,chai_constrained_mpnn_confidence,chai_constrained_mpnn_nll,chai_constrained_mpnn_nll_a,chai_constrained_mpnn_nll_b,chai_unconstrained_esm3dg_dg,chai_unconstrained_esm3dg_dg_a,chai_unconstrained_esm3dg_dg_b,chai_unconstrained_esm3dg_dg_std,chai_unconstrained_mpnn_confidence,chai_unconstrained_mpnn_nll,chai_unconstrained_mpnn_nll_a,chai_unconstrained_mpnn_nll_b,esmfold_esm3dg_dg,esmfold_esm3dg_dg_a,esmfold_esm3dg_dg_b,esmfold_esm3dg_dg_std,esmfold_mpnn_confidence,esmfold_mpnn_nll,esmfold_mpnn_nll_a,esmfold_mpnn_nll_b
AT202_AGTR1,False,"A,B",13.119914975023915,76.45814747736092,299.89,11.87,17.03,68.66211656947375,0.219051,0.1821,0.0583,0.1361,0.55,0.785,449.57,0.0,0.63,0.9707,6.975,7.760245467105963,90.20331958762885,2317.03,61.78,7.6974358974358985,92.5961364399303,0.695299,0.4999,0.7691,0.5324,0.88,0.87,1713.28,1.0,0.8577,0.42864577598002607,0.8044798853696914,22.216918468475342,44.514915466308594,72.89564,17.164854,0.6204012,,,,,,,0.31625476479530334,/scicore/home/schwede/barta0000/harvey_ds/originals/AT202_AGTR1/chai_no_constraints/seed_1970/pred.model_idx_0.cif,0.6144381165504456,/scicore/home/schwede/barta0000/harvey_ds/originals/AT202_AGTR1/chai_with_constraints/seed_2837/pred.model_idx_2.cif,0.31625476479530334,0.6686647534370422,0.22815226018428802,"[[0.8855280876159668, 0.7832863926887512]]","[[[0.8855280876159668, 0.22815226018428802], [0.17900784313678741, 0.7832863926887512]]]",0.22815226018428802,0.004899,0.2039,0.0111,0.0,0.6144381165504456,0.8339031338691711,0.5595718622207642,"[[0.8752248883247375, 0.8392460346221924]]","[[[0.8752248883247375, 0.5595718622207642], [0.542770504951477, 0.8392460346221924]]]",0.5595718622207642,0.488191,0.3875,0.1076,0.3394,0.8265008926391602,0.8744258880615234,0.7756249308586121,0.8392199277877808,0.7195738554000854,0.6436260938644409,4.759151458740234,0.7756249308586121,/scicore/home/schwede/barta0000/harvey_ds/originals/AT202_AGTR1/boltz_free/output/boltz_results_AT202_AGTR1/predictions/AT202_AGTR1/AT202_AGTR1_model_0.cif,0.490845,0.3217,0.0348,0.311,0.8991403579711914,0.9042673110961914,0.8229870796203613,0.9181786179542542,0.8740646839141846,0.6612236499786377,4.00292444229126,0.8229870796203613,/scicore/home/schwede/barta0000/harvey_ds/originals/AT202_AGTR1/boltz_with_template/output/boltz_results_AT202_AGTR1/predictions/AT202_AGTR1/AT202_AGTR1_model_0.cif,0.587241,0.6138,0.2044,0.4111,6.147168080012004,6.06991974512736,6.224416414896647,0.1625789609167525,0.2108564052724163,1.5565779209136963,1.1482250690460205,1.964930772781372,4.805906693140666,3.6197401682535806,5.992073218027751,0.1949539646672957,0.1747532404170095,1.7443803548812866,1.455817461013794,2.0329432487487797,4.840780933698018,3.715802113215128,5.965759754180908,0.1828502416778679,0.1931128767833177,1.6444804072380066,1.307470440864563,1.9814903736114504,6.121500889460245,6.02340825398763,6.219593524932861,0.1653048074841212,0.2203658821361019,1.512466013431549,1.0887423753738403,1.9361896514892576,5.056367437044779,4.152859290440877,5.959875583648682,0.1697986181482061,0.1826287094154533,1.7003000974655151,1.3317887783050537,2.068811416625977,5.724383274714151,5.5518903732299805,5.896876176198323,0.1460027053187451,0.1633050136815368,1.8121355772018437,1.5018320083618164,2.12243914604187,5.727547089258829,5.145472367604573,6.309621810913086,0.2171468845266307,0.1567938713753176,1.852823257446289,1.510462760925293,2.195183753967285
AT207_AGTR1,False,"A,B",14.515562411824426,72.98442868400315,575.85,17.79,13.04396551724138,64.42395140387525,0.127196,0.2251,0.0204,0.0456,0.48,0.7749999999999999,508.86,0.0,0.57,0.7525,0.375,6.605580343604551,92.1324528301887,1279.62,74.03,4.93433962264151,85.48101716122385,0.615334,0.5471,0.4845,0.4696,0.82,0.87,2256.92,1.0,0.9242,0.483111935346789,0.8094380822410191,14.398177190260453,58.72565460205078,74.95651,14.043897,0.6893997,,,,,,,0.5910987854003906,/scicore/home/schwede/barta0000/harvey_ds/originals/AT207_AGTR1/chai_no_constraints/seed_3559/pred.model_idx_2.cif,0.7002081871032715,/scicore/home/schwede/barta0000/harvey_ds/originals/AT207_AGTR1/chai_with_constraints/seed_2318/pred.model_idx_2.cif,0.5910987854003906,0.7650514245033264,0.5476105809211731,"[[0.9021723866462708, 0.7938095927238464]]","[[[0.9021723866462708, 0.48009294271469116], [0.5476105809211731, 0.7938095927238464]]]",0.48009294271469116,0.361326,0.1102,0.0391,0.2429,0.7002081871032715,0.8027671575546265,0.6745684146881104,"[[0.9140447974205017, 0.8120380640029907]]","[[[0.9140447974205017, 0.5632482767105103], [0.6745684146881104, 0.8120380640029907]]]",0.5632482767105103,0.5894,0.198,0.0664,0.3855,0.8446888327598572,0.9279484748840332,0.9673057198524475,0.8140345215797424,0.764647364616394,0.4461088180541992,0.6506895422935486,0.9673057198524475,/scicore/home/schwede/barta0000/harvey_ds/originals/AT207_AGTR1/boltz_free/output/boltz_results_AT207_AGTR1/predictions/AT207_AGTR1/AT207_AGTR1_model_0.cif,0.908803,0.3751,0.3808,0.7206,0.9046996235847473,0.9114737510681152,0.9021467566490173,0.9053378701210022,0.8931445479393005,0.5878514051437378,1.8974899053573608,0.9021467566490173,/scicore/home/schwede/barta0000/harvey_ds/originals/AT207_AGTR1/boltz_with_template/output/boltz_results_AT207_AGTR1/predictions/AT207_AGTR1/AT207_AGTR1_model_0.cif,0.745535,0.6241,0.5803,0.5907,5.784469286600748,5.404136021931966,6.164802551269531,0.1644213274276423,0.1937486172554045,1.6411937475204468,1.221461057662964,2.0609264373779297,5.341994841893515,4.704761028289795,5.979228655497233,0.144026921669947,0.1634020781439178,1.8115413784980772,1.5423308610916138,2.080751895904541,5.3748360474904375,4.775377591451009,5.974294503529866,0.146912051311561,0.173742904093578,1.7501786351203918,1.4541536569595337,2.04620361328125,5.818334897359213,5.512273788452148,6.124396006266276,0.1597471988522539,0.1918588537303074,1.6509953141212463,1.2641392946243286,2.037851333618164,5.7770326137542725,5.5384901364644366,6.015575091044108,0.1070337468421979,0.1780017665341833,1.7259618043899536,1.4103975296020508,2.0415260791778564,5.702189842859903,5.456122716267903,5.948256969451904,0.1131845322331914,0.1805944947598829,1.711501121520996,1.3631513118743896,2.0598509311676025,5.924243847529093,5.530384540557861,6.318103154500325,0.134207257729684,0.143443155789291,1.941816449165344,1.6536805629730225,2.229952335357666
Sim4177_MRGPCRX2,False,"A,B",11.898364756058672,74.84749576510445,606.8,17.79,11.098305084745762,64.19809669906978,0.341283,0.1753,0.0464,0.2626,0.6,0.8,948.71,0.0,0.67,0.6272,0.565,6.871138741629463,89.8069642857143,954.83,26.13,5.508090909090909,83.37762729192184,0.643107,0.4476,0.3897,0.4905,0.81,0.86,3849.45,1.0,0.506,0.5282655338577142,0.8246501801306918,14.019809352027046,50.54265594482422,67.502975,15.025477,0.6634658,,,,,,,0.5941101908683777,/scicore/home/schwede/barta0000/harvey_ds/originals/Sim4177_MRGPCRX2/chai_no_constraints/seed_2332/pred.model_idx_4.cif,0.695035457611084,/scicore/home/schwede/barta0000/harvey_ds/originals/Sim4177_MRGPCRX2/chai_with_constraints/seed_3041/pred.model_idx_2.cif,0.5941101908683777,0.8174297213554382,0.5382803082466125,"[[0.884341299533844, 0.8413388133049011]]","[[[0.884341299533844, 0.5382803082466125], [0.47967079281806946, 0.8413388133049011]]]",0.5382803082466125,0.456411,0.3399,0.0637,0.3699,0.695035457611084,0.8452193140983582,0.657489538192749,"[[0.8929964303970337, 0.845774233341217]]","[[[0.8929964303970337, 0.657489538192749], [0.5966976284980774, 0.845774233341217]]]",0.657489538192749,0.628905,0.4018,0.1562,0.4608,0.8477351069450378,0.9248770475387573,0.9296945333480835,0.82724529504776,0.7770352363586426,0.49444106221199036,1.0133752822875977,0.9296945333480835,/scicore/home/schwede/barta0000/harvey_ds/originals/Sim4177_MRGPCRX2/boltz_free/output/boltz_results_Sim4177_MRGPCRX2/predictions/Sim4177_MRGPCRX2/Sim4177_MRGPCRX2_model_0.cif,0.809474,0.4154,0.3529,0.6625,0.9002853631973267,0.8930935263633728,0.8765121102333069,0.9062286019325256,0.8643117547035217,0.7199956774711609,2.8764126300811768,0.8765121102333069,/scicore/home/schwede/barta0000/harvey_ds/originals/Sim4177_MRGPCRX2/boltz_with_template/output/boltz_results_Sim4177_MRGPCRX2/predictions/Sim4177_MRGPCRX2/Sim4177_MRGPCRX2_model_0.cif,0.676726,0.591,0.3115,0.5467,5.831829468409221,5.316946665445964,6.3467122713724775,0.1904775202925409,0.1570182243633847,1.851393401622772,1.4855655431747437,2.217221260070801,5.5594642162323,4.977527936299642,6.141400496164958,0.179687254430132,0.1595186722110118,1.8355942964553835,1.4648594856262207,2.206329107284546,5.499545017878214,4.867867310841878,6.131222724914551,0.1784652075411203,0.1662951645860466,1.793990969657898,1.4305028915405271,2.157479047775269,5.88611364364624,5.447648207346599,6.324579079945882,0.1804993451944686,0.1712134528281403,1.7648442387580872,1.4340914487838743,2.0955970287323,5.5415544509887695,4.942439874013265,6.140669027964274,0.1841940445329964,0.1707285914059939,1.7676801681518557,1.5257847309112549,2.009575605392456,5.494001547495524,4.839255968729655,6.1487471262613935,0.1886654331357803,0.171629438286521,1.762417554855347,1.5061204433441162,2.018714666366577,5.682444254557291,5.039340019226074,6.325548489888509,0.1923354241589479,0.1541243500682078,1.8699955344200132,1.4990328550338743,2.2409582138061523
Sim8619_Y100G_MRGPCRX2,False,"A,B",12.361697764116222,75.5553993790573,360.84,10.87,10.239,66.45098173475427,0.264075,0.2081,0.0427,0.1922,0.52,0.7949999999999999,717.16,0.0,0.61,0.1564,0.412,6.909748267287964,90.03033185840708,471.32,14.73,4.811836734693878,84.30500069979963,0.63826,0.4965,0.4083,0.4595,0.78,0.86,752.23,1.0,0.7262,0.41629478655638147,0.8185707771577375,15.238760141225962,53.53852844238281,77.49709,13.626071,0.698435,,,,,,,0.6515501141548157,/scicore/home/schwede/barta0000/harvey_ds/originals/Sim8619_Y100G_MRGPCRX2/chai_no_constraints/seed_3162/pred.model_idx_1.cif,0.6649554967880249,/scicore/home/schwede/barta0000/harvey_ds/originals/Sim8619_Y100G_MRGPCRX2/chai_with_constraints/seed_2027/pred.model_idx_4.cif,0.6515501141548157,0.8336014747619629,0.6060372591018677,"[[0.8939181566238403, 0.8487788438796997]]","[[[0.8939181566238403, 0.6060372591018677], [0.5371729731559753, 0.8487788438796997]]]",0.6060372591018677,0.55148,0.2872,0.0743,0.401,0.6649554967880249,0.8294658064842224,0.6238278746604919,"[[0.8935202360153198, 0.8357490301132202]]","[[[0.8935202360153198, 0.6238278746604919], [0.55628901720047, 0.8357490301132202]]]",0.6238278746604919,0.598586,0.3282,0.0814,0.4214,0.8238427042961121,0.9043307900428772,0.8868072628974915,0.8081015348434448,0.7267358899116516,0.5397924780845642,1.4875909090042114,0.8868072628974915,/scicore/home/schwede/barta0000/harvey_ds/originals/Sim8619_Y100G_MRGPCRX2/boltz_free/output/boltz_results_Sim8619_Y100G_MRGPCRX2/predictions/Sim8619_Y100G_MRGPCRX2/Sim8619_Y100G_MRGPCRX2_model_0.cif,0.749473,0.2536,0.2162,0.5763,0.9166836142539978,0.9150996804237366,0.8791477680206299,0.9260675311088562,0.9131358861923218,0.5458755493164062,2.3126840591430664,0.8791477680206299,/scicore/home/schwede/barta0000/harvey_ds/originals/Sim8619_Y100G_MRGPCRX2/boltz_with_template/output/boltz_results_Sim8619_Y100G_MRGPCRX2/predictions/Sim8619_Y100G_MRGPCRX2/Sim8619_Y100G_MRGPCRX2_model_0.cif,0.716443,0.6158,0.5341,0.5432,6.094087441762288,5.835470040639241,6.352704842885335,0.1547058907835912,0.1554821579668779,1.8612242937088013,1.4344792366027832,2.28796935081482,5.729737758636475,5.308881441752116,6.150594075520833,0.1591451750821618,0.1856499165085333,1.683892548084259,1.2976428270339966,2.070142269134521,5.794447422027588,5.480528036753337,6.108366807301839,0.1733851642443517,0.1948979058946854,1.635279417037964,1.2251574993133545,2.045401334762573,6.152128140131632,5.9811380704243975,6.323118209838867,0.1574606686166827,0.1680935221393681,1.7832347750663755,1.3960057497024536,2.170463800430298,5.799310525258383,5.52450704574585,6.074114004770915,0.1601998075981244,0.1727299356226422,1.7560259699821472,1.5081878900527954,2.003864049911499,5.751157919565836,5.404653549194336,6.097662289937337,0.1494885970865371,0.173424369842622,1.7520136833190918,1.5569499731063845,1.9470773935317995,5.9917707443237305,5.550252119700114,6.433289368947347,0.1792203831861085,0.1409930731951016,1.9590445160865784,1.6367591619491575,2.281329870223999
AT211_AGTR1,False,"A,B",15.568281282016253,72.81903746097815,384.24,11.52,17.458333333333332,59.72186993183017,0.116996,0.1752,0.0259,0.177,0.33,0.76,379.78,0.0,0.45,0.9844,1.331,8.116744715183387,89.07330578512396,1928.68,62.65,7.454444444444444,81.87015480628381,0.677325,0.5085,0.3265,0.3891,0.76,0.84,2662.26,1.0,0.9856,0.2358338256283383,0.8208983466443937,14.660170257091522,51.809242248535156,70.7395,15.81556,0.64988434,,,,,,,0.7351363301277161,/scicore/home/schwede/barta0000/harvey_ds/originals/AT211_AGTR1/chai_no_constraints/seed_1535/pred.model_idx_4.cif,0.7347167134284973,/scicore/home/schwede/barta0000/harvey_ds/originals/AT211_AGTR1/chai_with_constraints/seed_115/pred.model_idx_3.cif,0.7351363301277161,0.8281978368759155,0.7118709087371826,"[[0.9039730429649353, 0.8173962831497192]]","[[[0.9039730429649353, 0.6717489957809448], [0.7118709087371826, 0.8173962831497192]]]",0.6717489957809448,0.677263,0.4391,0.1713,0.4759,0.7347167134284973,0.8385886549949646,0.7087486982345581,"[[0.9134073257446289, 0.8357183337211609]]","[[[0.9134073257446289, 0.7075044512748718], [0.7087486982345581, 0.8357183337211609]]]",0.7075044512748718,0.720606,0.5705,0.636,0.4885,0.8612403869628906,0.9006569981575012,0.9479855298995972,0.8395540714263916,0.7618595361709595,0.5212170481681824,0.7632842063903809,0.9479855298995972,/scicore/home/schwede/barta0000/harvey_ds/originals/AT211_AGTR1/boltz_free/output/boltz_results_AT211_AGTR1/predictions/AT211_AGTR1/AT211_AGTR1_model_0.cif,0.858398,0.2554,0.3,0.6176,0.8887506723403931,0.9012039303779602,0.9026874303817749,0.8852664828300476,0.8751899600028992,0.6516561508178711,2.062854051589966,0.9026874303817749,/scicore/home/schwede/barta0000/harvey_ds/originals/AT211_AGTR1/boltz_with_template/output/boltz_results_AT211_AGTR1/predictions/AT211_AGTR1/AT211_AGTR1_model_0.cif,0.725552,0.5613,0.4851,0.5271,5.56627337137858,4.948831558227539,6.183715184529622,0.1735413629657385,0.1917123386072652,1.6517592668533323,1.3172260522842407,1.9862924814224243,5.0703812440236415,4.23834768931071,5.902414798736572,0.2073638502680632,0.1678434699029392,1.784723460674286,1.4990633726119995,2.0703835487365723,5.219559192657471,4.539033095041911,5.90008529027303,0.1988112832911038,0.1801721687890248,1.7138423919677734,1.4584345817565918,1.969250202178955,5.581532398859659,4.997116088867188,6.165948708852132,0.1657894294924892,0.2050618885633396,1.58444344997406,1.2530293464660645,1.915857553482056,5.174105485280355,4.394686698913574,5.953524271647136,0.1976274799994178,0.1882100836934643,1.6701964735984802,1.4068734645843506,1.9335194826126096,5.208070675532023,4.475109736124675,5.941031614939372,0.1821823976240361,0.1956993906976519,1.631175518035889,1.3307151794433594,1.931635856628418,5.686379035313924,5.113343556722005,6.259414513905843,0.1547535008187213,0.1649806000061566,1.801927387714386,1.473918318748474,2.129936456680298
CH2_ACM3,False,"A,B",12.654051739679105,78.28831947162428,206.49,7.86,16.546153846153842,84.51684818895347,0.686851,0.5057,0.5657,0.4652,0.87,0.78,411.01,0.0,0.93,0.934,3.331,10.136517374256355,87.96073643410854,1465.39,50.97,11.119512195121953,96.06260847008747,0.820682,0.605,0.8604,0.5913,0.93,0.83,3895.7,1.0,0.9721,0.7843176972484817,0.8298995179927595,18.84792995452881,48.50965881347656,72.43821,17.334719,0.6170704,,,,,,,0.6790468692779541,/scicore/home/schwede/barta0000/harvey_ds/originals/CH2_ACM3/chai_no_constraints/seed_222/pred.model_idx_4.cif,0.6615267992019653,/scicore/home/schwede/barta0000/harvey_ds/originals/CH2_ACM3/chai_with_constraints/seed_1098/pred.model_idx_0.cif,0.6790468692779541,0.7828995585441589,0.6530836820602417,"[[0.9011032581329346, 0.7747976183891296]]","[[[0.9011032581329346, 0.560588538646698], [0.6530836820602417, 0.7747976183891296]]]",0.560588538646698,0.561092,0.2605,0.1982,0.3737,0.6615267992019653,0.78602534532547,0.630402147769928,"[[0.9000518918037415, 0.7761390209197998]]","[[[0.9000518918037415, 0.5686442255973816], [0.630402147769928, 0.7761390209197998]]]",0.5686442255973816,0.554559,0.2624,0.3285,0.3804,0.8398923873901367,0.9139942526817322,0.9278830289840698,0.8178947567939758,0.8022704720497131,0.41167527437210083,1.2309750318527222,0.9278830289840698,/scicore/home/schwede/barta0000/harvey_ds/originals/CH2_ACM3/boltz_free/output/boltz_results_CH2_ACM3/predictions/CH2_ACM3/CH2_ACM3_model_0.cif,0.795542,0.3896,0.4401,0.5869,0.9139726758003235,0.9200193881988525,0.935846745967865,0.9085041284561157,0.8795595169067383,0.4429693818092346,1.0011200904846191,0.935846745967865,/scicore/home/schwede/barta0000/harvey_ds/originals/CH2_ACM3/boltz_with_template/output/boltz_results_CH2_ACM3/predictions/CH2_ACM3/CH2_ACM3_model_0.cif,0.822143,0.4864,0.6087,0.5995,5.36393928527832,5.089728991190593,5.638149579366048,0.1431224227824422,0.1876918783475028,1.6729536056518557,1.1756787300109863,2.1702284812927246,4.812228679656982,4.171634356180827,5.452823003133138,0.1735649191010132,0.1774242733667378,1.7292113900184631,1.3013468980789185,2.157075881958008,4.918295780817667,4.365363597869873,5.471227963765462,0.17166628268445,0.1840346900540417,1.6926310062408447,1.2678372859954834,2.117424726486206,5.386479218800863,5.156136671702067,5.616821765899658,0.1457664360163012,0.2023503903751444,1.5977544784545898,1.0940651893615725,2.1014437675476074,4.759227673212688,4.113024870554606,5.4054304758707685,0.1278453143619782,0.1752681990941837,1.741437911987305,1.3178603649139404,2.165015459060669,4.901435295740763,4.433485825856526,5.369384765625,0.1435109462165538,0.1701914216463076,1.7708314657211304,1.3311402797698977,2.2105226516723637,5.0452007452646885,4.320881207784017,5.769520282745361,0.1714242942154539,0.1557327757364115,1.8596137166023252,1.4871519804000854,2.232075452804565
Sim9877_MRGPCRX2,False,"A,B",11.463827327806122,76.59719053051911,623.54,19.76,9.520588235294117,70.81533422482563,0.440808,0.3323,0.0997,0.3359,0.72,0.795,672.74,0.0,0.78,0.9843,0.837,7.515530980947066,90.65799107142857,1104.36,32.83,5.215000000000001,87.7906554175205,0.648448,0.581,0.4976,0.4933,0.86,0.87,1487.24,1.0,0.9038,0.5886659001409364,0.815379930435563,15.235697678157262,47.771568298339844,68.47927,15.374736,0.65224034,,,,,,,0.504020631313324,/scicore/home/schwede/barta0000/harvey_ds/originals/Sim9877_MRGPCRX2/chai_no_constraints/seed_2297/pred.model_idx_2.cif,0.6856259703636169,/scicore/home/schwede/barta0000/harvey_ds/originals/Sim9877_MRGPCRX2/chai_with_constraints/seed_1988/pred.model_idx_4.cif,0.504020631313324,0.785922646522522,0.4335451126098633,"[[0.9002116322517395, 0.8383499383926392]]","[[[0.9002116322517395, 0.4335451126098633], [0.3939850926399231, 0.8383499383926392]]]",0.4335451126098633,0.323461,0.19,0.0293,0.2483,0.6856259703636169,0.8371877074241638,0.6477355360984802,"[[0.9006841778755188, 0.8448808193206787]]","[[[0.9006841778755188, 0.6477355360984802], [0.5810193419456482, 0.8448808193206787]]]",0.6477355360984802,0.614965,0.3831,0.1713,0.448,0.8515941500663757,0.9076228737831116,0.919134259223938,0.8347091674804688,0.7400509715080261,0.48957014083862305,1.3249430656433105,0.919134259223938,/scicore/home/schwede/barta0000/harvey_ds/originals/Sim9877_MRGPCRX2/boltz_free/output/boltz_results_Sim9877_MRGPCRX2/predictions/Sim9877_MRGPCRX2/Sim9877_MRGPCRX2_model_0.cif,0.787814,0.3174,0.214,0.6293,0.9185148477554321,0.893004834651947,0.9134368300437927,0.9197843670845032,0.8941947221755981,0.5395525097846985,1.9742555618286133,0.9134368300437927,/scicore/home/schwede/barta0000/harvey_ds/originals/Sim9877_MRGPCRX2/boltz_with_template/output/boltz_results_Sim9877_MRGPCRX2/predictions/Sim9877_MRGPCRX2/Sim9877_MRGPCRX2_model_0.cif,0.795302,0.6323,0.5088,0.6261,5.829165379206339,5.297739346822103,6.360591411590576,0.1493183213243654,0.1775095837514445,1.7287306785583496,1.177953004837036,2.279508352279663,5.839157581329346,5.392348925272624,6.285966237386067,0.1503771611989363,0.1796301136762909,1.7168554663658142,1.1899141073226929,2.2437968254089355,5.750863552093506,5.185933589935303,6.315793514251709,0.1520305497787421,0.1874964148701188,1.673995554447174,1.1485410928726196,2.1994500160217285,5.877516508102417,5.382791678110759,6.372241338094075,0.1415617654736032,0.1840453744841272,1.6925729513168335,1.1937320232391355,2.1914138793945312,5.595184246699015,5.140026092529297,6.050342400868733,0.1318127409515613,0.2041673634849342,1.588815212249756,1.197143793106079,1.9804866313934328,5.7881176471710205,5.536764939626058,6.039470354715983,0.123639804065987,0.1920605249237205,1.6499447226524353,1.2902337312698364,2.009655714035034,5.903068860371907,5.449465115865071,6.356672604878743,0.1672411160475784,0.1602368108069792,1.8311024904251096,1.4135167598724363,2.248688220977783
Sim4717_MRGPCRX2,False,"A,B",10.490082409917092,78.89698489598176,175.1,5.88,5.74765625,79.26447888066745,0.57237,0.4017,0.2418,0.4045,0.78,0.81,321.5,0.0,0.82,0.9909,0.505,6.095451909279337,92.48377232142856,2218.92,99.87,2.935230769230769,93.91271119198557,0.824053,0.6183,0.7331,0.6084,0.91,0.9,2597.79,1.0,0.9873,0.4584915968053621,0.841463552531846,14.696407900916206,51.70164108276367,70.41089,14.820767,0.66682434,,,,,,,0.40786850452423096,/scicore/home/schwede/barta0000/harvey_ds/originals/Sim4717_MRGPCRX2/chai_no_constraints/seed_3621/pred.model_idx_4.cif,0.530272901058197,/scicore/home/schwede/barta0000/harvey_ds/originals/Sim4717_MRGPCRX2/chai_with_constraints/seed_1990/pred.model_idx_3.cif,0.40786850452423096,0.743541419506073,0.32395026087760925,"[[0.8946914672851562, 0.8297553062438965]]","[[[0.8946914672851562, 0.32395026087760925], [0.255990594625473, 0.8297553062438965]]]",0.32395026087760925,0.17417,0.3429,0.0138,0.0832,0.530272901058197,0.7932977080345154,0.46451666951179504,"[[0.9045283794403076, 0.8445646166801453]]","[[[0.9045283794403076, 0.46451666951179504], [0.38761427998542786, 0.8445646166801453]]]",0.46451666951179504,0.368219,0.1959,0.0353,0.257,0.7664344310760498,0.8822441101074219,0.7105591297149658,0.7804032564163208,0.6560236811637878,0.5647525191307068,3.5062711238861084,0.7105591297149658,/scicore/home/schwede/barta0000/harvey_ds/originals/Sim4717_MRGPCRX2/boltz_free/output/boltz_results_Sim4717_MRGPCRX2/predictions/Sim4717_MRGPCRX2/Sim4717_MRGPCRX2_model_0.cif,0.431549,0.078,0.0471,0.2927,0.9044979214668274,0.9051218032836914,0.8187336921691895,0.9259389042854309,0.9045193791389465,0.6095390915870667,2.8300232887268066,0.8187336921691895,/scicore/home/schwede/barta0000/harvey_ds/originals/Sim4717_MRGPCRX2/boltz_with_template/output/boltz_results_Sim4717_MRGPCRX2/predictions/Sim4717_MRGPCRX2/Sim4717_MRGPCRX2_model_0.cif,0.588997,0.5425,0.4046,0.4527,6.093903144200644,5.819440046946208,6.368366241455078,0.1272836672832363,0.1834864388881966,1.695614516735077,1.1487470865249634,2.2424819469451904,5.420789162317911,4.618352731068929,6.223225593566895,0.1636123607925675,0.1698044856342178,1.7731075882911682,1.347366452217102,2.1988487243652344,5.4097565809885655,4.596457958221436,6.223055203755696,0.1553501459072697,0.177821778611376,1.7269734740257263,1.2396224737167358,2.214324474334717,6.127212762832642,5.898469607035319,6.355955918629964,0.1325611625722698,0.1971922800436305,1.6235759854316711,1.1226216554641724,2.12453031539917,6.090531984965006,6.104752540588379,6.076311429341634,0.1559491461519617,0.2056465838955918,1.5815961956977844,1.2496768236160278,1.913515567779541,5.704262892405192,5.3449961344401045,6.06352965037028,0.1144050053584634,0.1888642402427537,1.66672682762146,1.3653957843780518,1.968057870864868,6.083432197570801,5.723883152008057,6.442981243133545,0.1420629032269582,0.1543009887038183,1.8688501119613647,1.4665584564208984,2.271141767501831
AT204_AGTR1,False,"A,B",16.662872425053507,71.69217585301836,456.19,24.69,14.596774193548388,63.24579308315644,0.0,0.0919,0.0115,0.0,0.25,0.77,586.53,0.0,0.38,0.273,4.889,8.993447121026332,89.31631027253668,3531.29,120.87,7.408666666666668,84.96333323584662,0.441408,0.2685,0.3844,0.3448,0.77,0.82,2475.82,1.0,0.9881,0.10062287602490924,0.8253126616454033,18.94411571820577,50.8724479675293,73.89839,15.549907,0.65213466,,,,,,,0.31781983375549316,/scicore/home/schwede/barta0000/harvey_ds/originals/AT204_AGTR1/chai_no_constraints/seed_1222/pred.model_idx_4.cif,0.6532382369041443,/scicore/home/schwede/barta0000/harvey_ds/originals/AT204_AGTR1/chai_with_constraints/seed_3287/pred.model_idx_4.cif,0.31781983375549316,0.6905426979064941,0.2246391326189041,"[[0.9009032845497131, 0.7990964651107788]]","[[[0.9009032845497131, 0.2246391326189041], [0.1427314579486847, 0.7990964651107788]]]",0.2246391326189041,0.013599,0.0674,0.011,0.0,0.6532382369041443,0.8223735094070435,0.6109544038772583,"[[0.9041344523429871, 0.8222752809524536]]","[[[0.9041344523429871, 0.6109544038772583], [0.5569648146629333, 0.8222752809524536]]]",0.6109544038772583,0.588728,0.26,0.2055,0.4368,0.8438124060630798,0.9122901558876038,0.9356167316436768,0.820861279964447,0.7331223487854004,0.46371161937713623,1.2880146503448486,0.9356167316436768,/scicore/home/schwede/barta0000/harvey_ds/originals/AT204_AGTR1/boltz_free/output/boltz_results_AT204_AGTR1/predictions/AT204_AGTR1/AT204_AGTR1_model_0.cif,0.804464,0.2923,0.2612,0.6458,0.8778379559516907,0.8733079433441162,0.8153290152549744,0.8934652209281921,0.8363211750984192,0.6708811521530151,3.520961284637451,0.8153290152549744,/scicore/home/schwede/barta0000/harvey_ds/originals/AT204_AGTR1/boltz_with_template/output/boltz_results_AT204_AGTR1/predictions/AT204_AGTR1/AT204_AGTR1_model_0.cif,0.557721,0.5336,0.2333,0.412,5.683315833409628,5.119369665781657,6.247262001037598,0.1644544927358087,0.1745817297254941,1.7453622817993164,1.4918323755264282,1.9988921880722048,5.072781682014465,4.235926389694214,5.909636974334717,0.1852671701914343,0.1601021716510078,1.8319430947303768,1.657467484474182,2.0064187049865723,5.179114500681559,4.45241117477417,5.905817826588948,0.1699692529441547,0.1815084580854915,1.706453025341034,1.4692232608795166,1.9436827898025515,5.75003457069397,5.274908383687337,6.2251607577006025,0.1752265173954925,0.1773294804618504,1.7297458052635193,1.4926435947418213,1.9668480157852173,5.352668682734171,4.7712273597717285,5.934110005696614,0.1656752155970526,0.1622382014566915,1.8186896443367004,1.6087757349014282,2.0286035537719727,5.2204491297403965,4.554855187733968,5.886043071746826,0.1584256888771373,0.1727700721692634,1.7557936310768127,1.428600192070007,2.082987070083618,5.729744911193848,5.14722204208374,6.312267780303955,0.1451420910158604,0.142423903895535,1.9489474296569824,1.6676006317138672,2.2302942276000977
Sim4784_MRGPCRX2,False,"A,B",11.134043666294641,76.73765224815025,236.61,8.04,9.514583333333333,73.50550719200645,0.456124,0.2702,0.1284,0.3348,0.7,0.7949999999999999,530.45,0.0,0.75,0.9193,0.599,6.961414620535717,89.95100446428572,2375.15,84.37,5.166276595744681,88.53137251910042,0.694898,0.5173,0.5572,0.5069,0.84,0.86,2648.54,1.0,0.9543,0.43015070688397505,0.8422551184124744,13.882929384708405,52.57414245605469,72.8721,13.813563,0.69370043,,,,,,,0.5976192355155945,/scicore/home/schwede/barta0000/harvey_ds/originals/Sim4784_MRGPCRX2/chai_no_constraints/seed_2917/pred.model_idx_2.cif,0.5875510573387146,/scicore/home/schwede/barta0000/harvey_ds/originals/Sim4784_MRGPCRX2/chai_with_constraints/seed_2385/pred.model_idx_1.cif,0.5976192355155945,0.8109089136123657,0.5442968010902405,"[[0.9030437469482422, 0.8411462306976318]]","[[[0.9030437469482422, 0.5442968010902405], [0.4786211848258972, 0.8411462306976318]]]",0.5442968010902405,0.467542,0.4071,0.0485,0.351,0.5875510573387146,0.8103184700012207,0.5318591594696045,"[[0.9032381176948547, 0.845802903175354]]","[[[0.9032381176948547, 0.5318591594696045], [0.4410388469696045, 0.845802903175354]]]",0.5318591594696045,0.452397,0.244,0.1077,0.3553,0.8165780305862427,0.9102666974067688,0.9380986094474792,0.78619784116745,0.713588297367096,0.5521405339241028,0.9116924405097961,0.9380986094474792,/scicore/home/schwede/barta0000/harvey_ds/originals/Sim4784_MRGPCRX2/boltz_free/output/boltz_results_Sim4784_MRGPCRX2/predictions/Sim4784_MRGPCRX2/Sim4784_MRGPCRX2_model_0.cif,0.840464,0.2223,0.25,0.6736,0.8642541766166687,0.8746464848518372,0.8027164936065674,0.8796385526657104,0.8325242400169373,0.7331666350364685,2.467637300491333,0.8027164936065674,/scicore/home/schwede/barta0000/harvey_ds/originals/Sim4784_MRGPCRX2/boltz_with_template/output/boltz_results_Sim4784_MRGPCRX2/predictions/Sim4784_MRGPCRX2/Sim4784_MRGPCRX2_model_0.cif,0.59693,0.5002,0.295,0.4767,5.950397650400798,5.572734514872233,6.328060785929362,0.1597439121666637,0.1705140691713758,1.7689374685287476,1.3227288722991943,2.215146064758301,5.785050551096599,5.40068260828654,6.169418493906657,0.1096150300691675,0.1735574464142794,1.7512466311454773,1.306005835533142,2.1964874267578125,5.523126045862833,4.891362031300862,6.154890060424805,0.1527526628092976,0.1740026786937479,1.748684585094452,1.3459783792495728,2.151390790939331,6.051492055257162,5.797408739725749,6.305575370788574,0.1322963206502457,0.1780974177396834,1.725424587726593,1.3471804857254028,2.103668689727783,5.656913359959921,5.290029525756836,6.023797194163005,0.1222833622048008,0.1870673812734488,1.6762863993644714,1.4295518398284912,1.923020958900452,5.569891293843588,5.089710871378581,6.050071716308594,0.1416164807284403,0.1800712495410484,1.714402675628662,1.445400953292847,1.983404397964477,5.962894121805826,5.511387825012207,6.414400418599446,0.1604208806199863,0.1582116877555283,1.843821346759796,1.4317318201065063,2.255910873413086
AT201_AGTR1,False,"A,B",12.212699919570692,76.02140863612428,108.25,7.19,18.501785714285713,78.5940620819265,0.426,0.1468,0.1714,0.273,0.77,0.765,328.41,0.0,0.83,0.9886,0.515,7.228578203218052,90.29658280922432,566.16,21.31,8.03484375,89.89264634076287,0.762775,0.3366,0.5624,0.5101,0.92,0.87,1416.72,1.0,0.9734,0.4922091074415525,0.8381048692408017,20.437079906463623,44.408843994140625,73.31507,16.88126,0.62988764,,,,,,,0.28966957330703735,/scicore/home/schwede/barta0000/harvey_ds/originals/AT201_AGTR1/chai_no_constraints/seed_1683/pred.model_idx_1.cif,0.6996967792510986,/scicore/home/schwede/barta0000/harvey_ds/originals/AT201_AGTR1/chai_with_constraints/seed_314/pred.model_idx_1.cif,0.28966957330703735,0.6646517515182495,0.19592402875423431,"[[0.885317325592041, 0.7817205786705017]]","[[[0.885317325592041, 0.19592402875423431], [0.11882498860359192, 0.7817205786705017]]]",0.19592402875423431,0.0,0.1643,0.01,0.0,0.6996967792510986,0.8281495571136475,0.6675835251808167,"[[0.8954206705093384, 0.82906174659729]]","[[[0.8954206705093384, 0.5672476887702942], [0.6675835251808167, 0.82906174659729]]]",0.5672476887702942,0.445934,0.2937,0.0657,0.307,0.8566184043884277,0.9130846858024597,0.8967083096504211,0.8465959429740906,0.7710920572280884,0.5447226166725159,3.638894557952881,0.8967083096504211,/scicore/home/schwede/barta0000/harvey_ds/originals/AT201_AGTR1/boltz_free/output/boltz_results_AT201_AGTR1/predictions/AT201_AGTR1/AT201_AGTR1_model_0.cif,0.678225,0.2251,0.0718,0.4802,0.8984270095825195,0.9290237426757812,0.9103652834892273,0.8954424262046814,0.8512921333312988,0.5293894410133362,2.1730973720550537,0.9103652834892273,/scicore/home/schwede/barta0000/harvey_ds/originals/AT201_AGTR1/boltz_with_template/output/boltz_results_AT201_AGTR1/predictions/AT201_AGTR1/AT201_AGTR1_model_0.cif,0.755096,0.4618,0.3734,0.5413,5.636935631434122,5.074090480804443,6.199780782063802,0.1295572651599897,0.2062399040156569,1.578715205192566,1.183043360710144,1.974387049674988,4.934798002243042,3.9473206202189126,5.922275384267171,0.1939951867169189,0.1729913611413592,1.7545136213302612,1.456960916519165,2.0520663261413574,4.948545495669047,3.993695338567098,5.903395652770996,0.195904741932937,0.1866701692595861,1.6784120202064514,1.360539197921753,1.99628484249115,5.677254597345987,5.176703294118245,6.1778059005737305,0.1219007071723165,0.2149402408818426,1.5373952388763428,1.1584982872009275,1.9162921905517576,5.033972819646199,4.088742574055989,5.979203065236409,0.1559056302664369,0.1796275868918312,1.7168695330619812,1.3504148721694946,2.083324193954468,5.226362784703572,4.611198266347249,5.841527303059896,0.1478639525156092,0.1750384992776898,1.7427493333816528,1.4352664947509766,2.050232172012329,5.740532477696737,5.174255847930908,6.306809107462565,0.1627228377075325,0.16204205475162,1.8198993802070615,1.4402273893356323,2.199571371078491
Sim4784_W103G_MRGPCRX2,False,"A,B",10.669275151466834,78.38329052511415,162.53,6.06,9.354444444444443,77.44211814877067,0.536485,0.3224,0.2147,0.3996,0.77,0.8049999999999999,474.53,0.0,0.81,0.9642,4.064,7.1342916932397955,89.74537946428573,679.59,23.07,5.033658536585365,91.43183657587791,0.765487,0.5287,0.6193,0.5657,0.9,0.88,701.42,1.0,0.9917,0.5281314984888817,0.8350678529410731,14.576343774795532,54.42446517944336,71.9797,14.300415,0.67667556,,,,,,,0.5810257792472839,/scicore/home/schwede/barta0000/harvey_ds/originals/Sim4784_W103G_MRGPCRX2/chai_no_constraints/seed_3760/pred.model_idx_0.cif,0.6001758575439453,/scicore/home/schwede/barta0000/harvey_ds/originals/Sim4784_W103G_MRGPCRX2/chai_with_constraints/seed_10/pred.model_idx_1.cif,0.5810257792472839,0.8160208463668823,0.5222769975662231,"[[0.9017744064331055, 0.8496731519699097]]","[[[0.9017744064331055, 0.5222769975662231], [0.4614935517311096, 0.8496731519699097]]]",0.5222769975662231,0.439871,0.2353,0.0468,0.3533,0.6001758575439453,0.8242326378822327,0.5441616773605347,"[[0.90174800157547, 0.850956916809082]]","[[[0.90174800157547, 0.5441616773605347], [0.48105594515800476, 0.850956916809082]]]",0.5441616773605347,0.466804,0.321,0.0582,0.3739,0.8483986258506775,0.922165036201477,0.9500382542610168,0.8229886889457703,0.7449122071266174,0.4277426302433014,0.7332563996315002,0.9500382542610168,/scicore/home/schwede/barta0000/harvey_ds/originals/Sim4784_W103G_MRGPCRX2/boltz_free/output/boltz_results_Sim4784_W103G_MRGPCRX2/predictions/Sim4784_W103G_MRGPCRX2/Sim4784_W103G_MRGPCRX2_model_0.cif,0.864943,0.2745,0.2955,0.7059,0.8887004852294922,0.9016388654708862,0.900280237197876,0.8858055472373962,0.8713268637657166,0.6058627963066101,1.8744875192642212,0.900280237197876,/scicore/home/schwede/barta0000/harvey_ds/originals/Sim4784_W103G_MRGPCRX2/boltz_with_template/output/boltz_results_Sim4784_W103G_MRGPCRX2/predictions/Sim4784_W103G_MRGPCRX2/Sim4784_W103G_MRGPCRX2_model_0.cif,0.740609,0.522,0.5221,0.5967,5.992152849833171,5.613516489664714,6.370789210001628,0.1337561463888073,0.1745964858897304,1.745277762413025,1.222395896911621,2.2681596279144287,5.478791316350301,4.696928819020589,6.260653813680013,0.1599883057245715,0.1775305235894848,1.7286127209663391,1.2822726964950562,2.174952745437622,5.811481237411499,5.401964982350667,6.220997492472331,0.1100188524298132,0.1879954450471966,1.6713375449180603,1.1627851724624634,2.179889917373657,6.012497027715048,5.711617469787598,6.313376585642497,0.1292020194546741,0.1875508035050335,1.673705518245697,1.1869748830795288,2.160436153411865,5.671005090077718,5.252922375996907,6.089087804158528,0.1290320422792054,0.1906064299007535,1.6575445532798767,1.3706603050231934,1.94442880153656,5.599198420842489,5.0838691393534345,6.114527702331543,0.1310874312522528,0.1671829219227501,1.7886667251586914,1.593330979347229,1.9840024709701536,6.066254059473673,5.754626274108887,6.37788184483846,0.1411433705319758,0.1604727855299327,1.8296309113502505,1.3865951299667358,2.2726666927337646
Sim3014_MRGPCRX2,False,"A,B",12.174620173858564,75.17324248384377,438.13,13.28,12.125,65.82917478231917,0.248762,0.1979,0.038,0.1914,0.57,0.79,804.56,0.0,0.65,0.9911,0.684,7.927812279739997,87.26606194690265,600.88,23.17,5.907596153846155,83.12150976792822,0.591337,0.4601,0.3203,0.4618,0.81,0.86,1207.2,1.0,0.9925,0.5403922325606637,0.8340012313867092,16.97459946738349,47.60613250732422,68.302,15.855925,0.64214593,,,,,,,0.7390690445899963,/scicore/home/schwede/barta0000/harvey_ds/originals/Sim3014_MRGPCRX2/chai_no_constraints/seed_3161/pred.model_idx_3.cif,0.5387705564498901,/scicore/home/schwede/barta0000/harvey_ds/originals/Sim3014_MRGPCRX2/chai_with_constraints/seed_1409/pred.model_idx_2.cif,0.7390690445899963,0.8681210875511169,0.7068060040473938,"[[0.9033904671669006, 0.8667539358139038]]","[[[0.9033904671669006, 0.7068060040473938], [0.6984655261039734, 0.8667539358139038]]]",0.7068060040473938,0.672423,0.4997,0.2661,0.5005,0.5387705564498901,0.8003005981445312,0.47338804602622986,"[[0.8744826912879944, 0.8399971723556519]]","[[[0.8744826912879944, 0.47338804602622986], [0.4148537516593933, 0.8399971723556519]]]",0.47338804602622986,0.384898,0.1509,0.0631,0.3013,0.8246030211448669,0.9418942332267761,0.9160280227661133,0.8017467260360718,0.6723472476005554,0.41882988810539246,1.1679564714431763,0.9160280227661133,/scicore/home/schwede/barta0000/harvey_ds/originals/Sim3014_MRGPCRX2/boltz_free/output/boltz_results_Sim3014_MRGPCRX2/predictions/Sim3014_MRGPCRX2/Sim3014_MRGPCRX2_model_0.cif,0.782927,0.0976,0.1223,0.6176,0.9169161915779114,0.9344664812088013,0.893691897392273,0.9227222204208374,0.88547283411026,0.45378535985946655,1.8053920269012451,0.893691897392273,/scicore/home/schwede/barta0000/harvey_ds/originals/Sim3014_MRGPCRX2/boltz_with_template/output/boltz_results_Sim3014_MRGPCRX2/predictions/Sim3014_MRGPCRX2/Sim3014_MRGPCRX2_model_0.cif,0.749998,0.516,0.482,0.5889,5.621644337972006,4.904622077941895,6.338666598002116,0.1403128633297029,0.1625845008107021,1.8165574073791504,1.3939313888549805,2.2391834259033203,5.5495396455128985,4.900480588277181,6.198598702748616,0.1061093655826789,0.1658616065392361,1.7966015338897705,1.4292664527893066,2.1639366149902344,5.511317332585653,4.806532541910808,6.216102123260498,0.1107624916156976,0.1794191105266324,1.71803081035614,1.2810842990875244,2.154977321624756,5.656839529673259,5.007177511850993,6.306501547495524,0.1285669414649592,0.1718342302138989,1.7612250447273254,1.4169620275497437,2.1054880619049072,5.747276226679484,5.348473072052002,6.146079381306966,0.1019493891195688,0.1802498399445016,1.7134113907814026,1.3591898679733276,2.067632913589477,5.65885591506958,5.1470152537028,6.17069657643636,0.0980783339922872,0.1910760475396235,1.6550837755203247,1.3610846996307373,1.949082851409912,5.935387849807739,5.467058340708415,6.403717358907064,0.143441681220203,0.1600110826029463,1.8325121998786928,1.3982151746749878,2.266809225082397
AT213_AGTR1,False,"A,B",14.138736001313964,75.13987516254875,311.9,10.44,10.997222222222222,66.11249933007812,0.120168,0.1948,0.0367,0.1428,0.46,0.78,186.16,0.0,0.56,0.8882,0.239,6.818614416431464,91.39819126819127,1533.52,49.67,3.5228431372549016,91.03826882289006,0.77061,0.5506,0.7388,0.5429,0.88,0.88,2178.23,1.0,0.5355,0.48009294646915907,0.8073403098169379,16.193735534494575,54.670166015625,74.4951,14.768048,0.6748675,,,,,,,0.4225703477859497,/scicore/home/schwede/barta0000/harvey_ds/originals/AT213_AGTR1/chai_no_constraints/seed_2387/pred.model_idx_0.cif,0.5752343535423279,/scicore/home/schwede/barta0000/harvey_ds/originals/AT213_AGTR1/chai_with_constraints/seed_3029/pred.model_idx_0.cif,0.4225703477859497,0.7289744019508362,0.3459692895412445,"[[0.8747590780258179, 0.7917165756225586]]","[[[0.8747590780258179, 0.3459692895412445], [0.2763305604457855, 0.7917165756225586]]]",0.3459692895412445,0.222763,0.1537,0.021,0.1331,0.5752343535423279,0.7993787527084351,0.5191982388496399,"[[0.8837392926216125, 0.8193203806877136]]","[[[0.8837392926216125, 0.5191982388496399], [0.4916969835758209, 0.8193203806877136]]]",0.5191982388496399,0.457143,0.2201,0.102,0.3588,0.8393062949180603,0.9305625557899475,0.9381186962127686,0.8146032094955444,0.7419098019599915,0.40715232491493225,0.9306309223175049,0.9381186962127686,/scicore/home/schwede/barta0000/harvey_ds/originals/AT213_AGTR1/boltz_free/output/boltz_results_AT213_AGTR1/predictions/AT213_AGTR1/AT213_AGTR1_model_0.cif,0.823249,0.2338,0.2735,0.6148,0.8654772043228149,0.8760753870010376,0.7825395464897156,0.886211633682251,0.8552384376525879,0.6693189144134521,2.6413023471832275,0.7825395464897156,/scicore/home/schwede/barta0000/harvey_ds/originals/AT213_AGTR1/boltz_with_template/output/boltz_results_AT213_AGTR1/predictions/AT213_AGTR1/AT213_AGTR1_model_0.cif,0.580509,0.5421,0.3179,0.4137,5.73850123087565,5.328332424163818,6.148670037587483,0.1696688030259308,0.1831530978480227,1.6974328756332395,1.394228219985962,2.0006375312805176,5.423916816711426,4.9878842035929365,5.859949429829915,0.1662859532995757,0.1665974267668972,1.792174994945526,1.4703806638717651,2.113969326019287,5.477714618047078,5.094838460286458,5.860590775807698,0.1717112413173731,0.1701672700217621,1.7709733843803406,1.5422165393829346,1.9997302293777464,5.702047824859619,5.254693984985352,6.149401664733887,0.1726682726366158,0.1902629323408731,1.6593483090400696,1.3572087287902832,1.961487889289856,5.48688006401062,5.043250719706218,5.930509408315023,0.1452557241865911,0.1807692187555447,1.7105340957641602,1.3774371147155762,2.043631076812744,5.502640962600708,5.089221477508545,5.916060447692871,0.1862209053981783,0.165302817477794,1.7999762296676636,1.5570836067199707,2.0428688526153564,5.927816073099772,5.54686180750529,6.308770338694255,0.1420636904833757,0.1460027294010001,1.9241299629211424,1.6312620639801023,2.2169978618621826
Sim4784_R101E_MRGPCRX2,False,"A,B",12.57020188934949,74.05231776765376,717.08,21.91,10.443749999999998,64.59196033086184,0.32479,0.1809,0.0494,0.216,0.55,0.7849999999999999,1006.16,0.0,0.62,0.869,0.489,7.171255580357144,89.918125,461.23,14.34,5.0123148148148156,83.97894728811164,0.661154,0.4722,0.4454,0.4762,0.8,0.85,1405.39,1.0,0.8542,0.5389536892824554,0.8185707771577375,13.809400025536032,58.21910858154297,73.12559,14.078694,0.68635046,,,,,,,0.5245904326438904,/scicore/home/schwede/barta0000/harvey_ds/originals/Sim4784_R101E_MRGPCRX2/chai_no_constraints/seed_3536/pred.model_idx_4.cif,0.6631335616111755,/scicore/home/schwede/barta0000/harvey_ds/originals/Sim4784_R101E_MRGPCRX2/chai_with_constraints/seed_2155/pred.model_idx_4.cif,0.5245904326438904,0.7851447463035583,0.459451824426651,"[[0.9000670909881592, 0.835800051689148]]","[[[0.9000670909881592, 0.459451824426651], [0.4013298749923706, 0.835800051689148]]]",0.459451824426651,0.346077,0.353,0.0243,0.2494,0.6631335616111755,0.8471911549568176,0.6171191334724426,"[[0.9055023193359375, 0.8622872233390808]]","[[[0.9055023193359375, 0.6171191334724426], [0.5465646386146545, 0.8622872233390808]]]",0.6171191334724426,0.555588,0.3488,0.1456,0.4217,0.8091819882392883,0.9356705546379089,0.9058080911636353,0.7850254774093628,0.7087217569351196,0.43456149101257324,1.2670661211013794,0.9058080911636353,/scicore/home/schwede/barta0000/harvey_ds/originals/Sim4784_R101E_MRGPCRX2/boltz_free/output/boltz_results_Sim4784_R101E_MRGPCRX2/predictions/Sim4784_R101E_MRGPCRX2/Sim4784_R101E_MRGPCRX2_model_0.cif,0.766025,0.2128,0.2145,0.5978,0.8870598673820496,0.914388120174408,0.8811966776847839,0.888525664806366,0.8538583517074585,0.5913466215133667,2.000758409500122,0.8811966776847839,/scicore/home/schwede/barta0000/harvey_ds/originals/Sim4784_R101E_MRGPCRX2/boltz_with_template/output/boltz_results_Sim4784_R101E_MRGPCRX2/predictions/Sim4784_R101E_MRGPCRX2/Sim4784_R101E_MRGPCRX2_model_0.cif,0.710744,0.499,0.4307,0.5627,5.924640496571858,5.523139317830403,6.3261416753133135,0.1678574159998121,0.1679340227830373,1.7841840982437134,1.346665859222412,2.221702337265014,5.862459262212118,5.479791164398193,6.245127360026042,0.1162696642817086,0.1701166144782404,1.7712711095809937,1.2879157066345217,2.254626512527466,5.794627587000528,5.407926559448242,6.181328614552816,0.1158233847182974,0.1775185455728061,1.7286801934242249,1.3068581819534302,2.1505022048950195,6.010900735855103,5.719127655029297,6.302673816680908,0.1391363425865503,0.1831153078709461,1.697639226913452,1.3303914070129397,2.064887046813965,5.732651392618815,5.381678581237793,6.083624203999837,0.155861205611889,0.1948640341899155,1.635453224182129,1.3238402605056765,1.947066187858581,5.623488187789917,5.204123973846436,6.042852401733398,0.1343053140508163,0.1881650255978064,1.670435905456543,1.4082438945770264,1.93262791633606,6.097010771433513,5.762052218119304,6.431969324747722,0.1507512317189582,0.1594582409626811,1.8359732031822205,1.4089199304580688,2.263026475906372
Sim7492_MRGPCRX2,False,"A,B",12.194363791213096,74.52008136924803,492.95,12.38,11.263513513513512,65.32338946274643,0.287933,0.2722,0.0437,0.1976,0.56,0.79,639.8,0.0,0.64,0.8421,2.889,7.414610825045032,89.14743362831858,980.66,23.92,4.5606081081081085,86.31083403693304,0.736776,0.5888,0.4444,0.5228,0.85,0.86,3174.15,1.0,0.0512,0.5371926338563886,0.8068825656628645,13.553214716911317,60.06494903564453,76.20329,13.063417,0.7121321,,,,,,,0.7249205708503723,/scicore/home/schwede/barta0000/harvey_ds/originals/Sim7492_MRGPCRX2/chai_no_constraints/seed_4813/pred.model_idx_0.cif,0.6731023192405701,/scicore/home/schwede/barta0000/harvey_ds/originals/Sim7492_MRGPCRX2/chai_with_constraints/seed_1372/pred.model_idx_2.cif,0.7249205708503723,0.8461260199546814,0.6946191787719727,"[[0.8956150412559509, 0.8551205992698669]]","[[[0.8956150412559509, 0.6946191787719727], [0.5997104644775391, 0.8551205992698669]]]",0.6946191787719727,0.631413,0.5339,0.1311,0.4489,0.6731023192405701,0.8221017122268677,0.6358524560928345,"[[0.8840287327766418, 0.8257433176040649]]","[[[0.8840287327766418, 0.6358524560928345], [0.5765360593795776, 0.8257433176040649]]]",0.6358524560928345,0.609233,0.4754,0.0824,0.4387,0.8336078524589539,0.8843984603881836,0.8826854825019836,0.8213384747505188,0.7588919997215271,0.6501529812812805,1.9253402948379517,0.8826854825019836,/scicore/home/schwede/barta0000/harvey_ds/originals/Sim7492_MRGPCRX2/boltz_free/output/boltz_results_Sim7492_MRGPCRX2/predictions/Sim7492_MRGPCRX2/Sim7492_MRGPCRX2_model_0.cif,0.709085,0.414,0.1846,0.5683,0.9076501131057739,0.9017897248268127,0.9073654413223267,0.9077212810516357,0.8816705346107483,0.6292757987976074,1.8891464471817017,0.9073654413223267,/scicore/home/schwede/barta0000/harvey_ds/originals/Sim7492_MRGPCRX2/boltz_with_template/output/boltz_results_Sim7492_MRGPCRX2/predictions/Sim7492_MRGPCRX2/Sim7492_MRGPCRX2_model_0.cif,0.75739,0.6171,0.5155,0.6052,5.767647822697957,5.168057282765706,6.367238362630208,0.1411038074557432,0.1623351736834591,1.8180921077728271,1.3704915046691897,2.265692710876465,5.321892023086548,4.428693930308024,6.215090115865071,0.1582988300392058,0.1516988099006124,1.8858582377433777,1.4891959428787231,2.282520532608032,5.374661286671957,4.569787979125977,6.1795345942179365,0.1541207909584563,0.169834062169269,1.7729334235191343,1.3868306875228882,2.159036159515381,5.747416575749715,5.170307954152425,6.324525197347005,0.1315551163435224,0.1709146325337588,1.7665910720825195,1.37253737449646,2.160644769668579,5.231956640879313,4.443466663360596,6.02044661839803,0.1262749025955025,0.1786026740146945,1.7225916385650637,1.504775047302246,1.9404082298278809,5.308685620625814,4.607347011566162,6.010024229685466,0.1293214807004395,0.1852878716762595,1.685844600200653,1.4479057788848877,1.9237834215164185,5.534193515777588,4.65288782119751,6.415499210357666,0.1573580714596751,0.1479075239265364,1.9111680388450625,1.5561193227767944,2.26621675491333
AT209_AGTR1,False,"A,B",14.76058128853904,72.51010484927917,671.46,20.51,14.528947368421052,62.970590780774714,0.121292,0.2023,0.0264,0.1071,0.44,0.7749999999999999,581.82,0.0,0.55,0.9429,4.912,8.687587736068808,88.90381551362682,1160.65,37.55,6.53607843137255,84.55113076264004,0.556323,0.4935,0.3683,0.4211,0.77,0.83,2328.12,1.0,0.6229,0.3994344254030917,0.8112088456427967,13.865838863231518,58.591732025146484,75.69186,13.527714,0.70620334,,,,,,,0.5020104050636292,/scicore/home/schwede/barta0000/harvey_ds/originals/AT209_AGTR1/chai_no_constraints/seed_1293/pred.model_idx_2.cif,0.7821657061576843,/scicore/home/schwede/barta0000/harvey_ds/originals/AT209_AGTR1/chai_with_constraints/seed_3520/pred.model_idx_1.cif,0.5020104050636292,0.7656348347663879,0.43610429763793945,"[[0.8895854353904724, 0.8035908341407776]]","[[[0.8895854353904724, 0.43610429763793945], [0.37670618295669556, 0.8035908341407776]]]",0.43610429763793945,0.334757,0.1805,0.0245,0.2331,0.7821657061576843,0.8375146389007568,0.7683284282684326,"[[0.9006621241569519, 0.8193023204803467]]","[[[0.9006621241569519, 0.7213302850723267], [0.7683284282684326, 0.8193023204803467]]]",0.7213302850723267,0.747823,0.4704,0.3286,0.5158,0.8450495004653931,0.8825833797454834,0.9215513467788696,0.8259239792823792,0.7783446311950684,0.6152461171150208,1.8735644817352295,0.9215513467788696,/scicore/home/schwede/barta0000/harvey_ds/originals/AT209_AGTR1/boltz_free/output/boltz_results_AT209_AGTR1/predictions/AT209_AGTR1/AT209_AGTR1_model_0.cif,0.777525,0.38,0.2927,0.581,0.8929765820503235,0.8975536227226257,0.9017249941825867,0.8907894492149353,0.8729981780052185,0.6023114919662476,1.6186165809631348,0.9017249941825867,/scicore/home/schwede/barta0000/harvey_ds/originals/AT209_AGTR1/boltz_with_template/output/boltz_results_AT209_AGTR1/predictions/AT209_AGTR1/AT209_AGTR1_model_0.cif,0.766039,0.5527,0.5443,0.5774,6.024500926335652,5.850198109944661,6.198803742726644,0.159988451922978,0.1848684865932121,1.688110589981079,1.2902603149414062,2.085960865020752,5.477665821711222,5.05098819732666,5.904343446095784,0.1739487299651678,0.1714574267368492,1.763420283794403,1.4965084791183472,2.030332088470459,5.50512417157491,5.108145078023274,5.902103265126546,0.1661025070230591,0.1826667582685806,1.7000917792320251,1.443819284439087,1.9563642740249636,6.00898551940918,5.817835807800293,6.200135231018066,0.141825630007969,0.1887200232378152,1.6674907207489014,1.3239514827728271,2.011029958724976,5.620344559351603,5.328332424163818,5.912356694539388,0.181326456831262,0.1696679760464958,1.7739118337631226,1.4563868045806885,2.0914368629455566,5.430416266123454,4.9341451327006025,5.926687399546306,0.1685948352838329,0.1766271574998142,1.73371422290802,1.3819022178649902,2.08552622795105,5.658968210220337,5.021048227945964,6.29688819249471,0.1712508823037845,0.1460265151090545,1.9239670634269717,1.6138375997543335,2.2340965270996094
Sim7252_MRGPCRX2,False,"A,B",11.907649075255101,76.71778157969776,239.5,7.26,8.263235294117647,74.3101649700702,0.488423,0.4425,0.165,0.3835,0.74,0.7849999999999999,1089.78,0.0,0.78,0.7987,0.676,8.010476672114159,87.53754464285714,632.25,21.33,4.325208333333333,91.97865637024837,0.76766,0.6572,0.6881,0.5882,0.89,0.87,3103.34,1.0,0.6122,0.4991635674083224,0.8225294342326638,13.486642048909115,53.57672119140625,69.5838,14.830414,0.6654819,,,,,,,0.6544660925865173,/scicore/home/schwede/barta0000/harvey_ds/originals/Sim7252_MRGPCRX2/chai_no_constraints/seed_1121/pred.model_idx_2.cif,0.7372006177902222,/scicore/home/schwede/barta0000/harvey_ds/originals/Sim7252_MRGPCRX2/chai_with_constraints/seed_3374/pred.model_idx_0.cif,0.6544660925865173,0.8362922072410583,0.6090095639228821,"[[0.895521879196167, 0.8443046808242798]]","[[[0.895521879196167, 0.6090095639228821], [0.5818222761154175, 0.8443046808242798]]]",0.6090095639228821,0.545631,0.4255,0.0863,0.423,0.7372006177902222,0.866618275642395,0.704846203327179,"[[0.8990142345428467, 0.8605393171310425]]","[[[0.8990142345428467, 0.704846203327179], [0.6609209775924683, 0.8605393171310425]]]",0.704846203327179,0.660427,0.5168,0.2547,0.4867,0.8169533610343933,0.9552745819091797,0.9282211065292358,0.7891364693641663,0.6830450296401978,0.36599239706993103,0.9660808444023132,0.9282211065292358,/scicore/home/schwede/barta0000/harvey_ds/originals/Sim7252_MRGPCRX2/boltz_free/output/boltz_results_Sim7252_MRGPCRX2/predictions/Sim7252_MRGPCRX2/Sim7252_MRGPCRX2_model_0.cif,0.842132,0.158,0.1754,0.6524,0.868482232093811,0.9140194654464722,0.870844841003418,0.8678916096687317,0.7919778823852539,0.5997085571289062,2.0870203971862793,0.870844841003418,/scicore/home/schwede/barta0000/harvey_ds/originals/Sim7252_MRGPCRX2/boltz_with_template/output/boltz_results_Sim7252_MRGPCRX2/predictions/Sim7252_MRGPCRX2/Sim7252_MRGPCRX2_model_0.cif,0.717581,0.3279,0.2536,0.5538,5.614885012308756,4.953211625417073,6.27655839920044,0.2066546808457352,0.1601049963545142,1.831925451755524,1.448140025138855,2.2157108783721924,5.601206064224243,4.983652750651042,6.218759377797444,0.17847950350483,0.1679661968726679,1.7839925289154053,1.2519793510437012,2.3160057067871094,5.620826721191406,5.043505509694417,6.198147932688396,0.1692203486450453,0.1865695246511882,1.6789513230323792,1.223946452140808,2.13395619392395,5.673364639282227,5.094485918680827,6.252243359883626,0.1950580041567142,0.1755411773693261,1.7398816347122192,1.4230351448059082,2.0567281246185303,5.358225107192993,4.6382975578308105,6.078152656555176,0.1914399496079876,0.1737595985807289,1.750082552433014,1.4998584985733032,2.0003066062927246,5.468980550765991,4.811929384867351,6.126031716664632,0.1892136577129503,0.1749427391208929,1.7432965636253357,1.4262086153030396,2.060384511947632,5.746002276738484,5.164332230885823,6.3276723225911455,0.2027935538905667,0.1557199944005737,1.8596957921981807,1.4756801128387451,2.243711471557617
Sim1846_MRGPCRX2,False,"A,B",11.022852060746173,77.18273115220485,180.2,5.9,8.736792452830189,72.62030709849886,0.479485,0.3095,0.1417,0.3439,0.7,0.7949999999999999,444.38,0.0,0.76,0.5305,1.533,7.209641212930485,89.52774553571429,1847.12,58.49,4.1316037735849065,88.1062720347259,0.751536,0.5612,0.5455,0.5638,0.88,0.88,1597.98,1.0,0.4581,0.427830622475831,0.8216195414826057,12.360510773128933,63.90082550048828,79.77958,12.239615,0.7336185,,,,,,,0.5797775983810425,/scicore/home/schwede/barta0000/harvey_ds/originals/Sim1846_MRGPCRX2/chai_no_constraints/seed_2450/pred.model_idx_4.cif,0.6523374915122986,/scicore/home/schwede/barta0000/harvey_ds/originals/Sim1846_MRGPCRX2/chai_with_constraints/seed_4391/pred.model_idx_0.cif,0.5797775983810425,0.8116068840026855,0.5218203067779541,"[[0.8832592964172363, 0.8406199216842651]]","[[[0.8832592964172363, 0.5218203067779541], [0.47009000182151794, 0.8406199216842651]]]",0.5218203067779541,0.440461,0.3238,0.0603,0.3449,0.6523374915122986,0.8282237648963928,0.6083658933639526,"[[0.8832491636276245, 0.8292175531387329]]","[[[0.8832491636276245, 0.6083658933639526], [0.601580023765564, 0.8292175531387329]]]",0.6083658933639526,0.572827,0.3376,0.1676,0.4278,0.857555091381073,0.91496741771698,0.9444733262062073,0.8358255624771118,0.7973548173904419,0.5192148685455322,0.9579638242721558,0.9444733262062073,/scicore/home/schwede/barta0000/harvey_ds/originals/Sim1846_MRGPCRX2/boltz_free/output/boltz_results_Sim1846_MRGPCRX2/predictions/Sim1846_MRGPCRX2/Sim1846_MRGPCRX2_model_0.cif,0.847027,0.4933,0.4424,0.672,0.9066622853279114,0.886417031288147,0.8524251580238342,0.9202215075492859,0.8930613994598389,0.6460062861442566,2.590167284011841,0.8524251580238342,/scicore/home/schwede/barta0000/harvey_ds/originals/Sim1846_MRGPCRX2/boltz_with_template/output/boltz_results_Sim1846_MRGPCRX2/predictions/Sim1846_MRGPCRX2/Sim1846_MRGPCRX2_model_0.cif,0.650256,0.6271,0.463,0.5145,5.99918826421102,5.67718521753947,6.321191310882568,0.1625052700100326,0.1731292443840055,1.7537168860435486,1.2605334520339966,2.2469003200531006,5.845966498057048,5.4700924555460615,6.221840540568034,0.143765186175793,0.164443891110413,1.805185854434967,1.4099971055984497,2.2003746032714844,5.865164438883463,5.50284481048584,6.227484067281087,0.150155981393496,0.1743683627355603,1.746585190296173,1.3743358850479126,2.1188344955444336,6.150554180145264,5.990459442138672,6.310648918151856,0.1390200135863661,0.1862354667039397,1.6807434558868408,1.2091195583343506,2.152367353439331,5.6547516981760655,5.180822372436523,6.128681023915608,0.16989303206878,0.1790832527034038,1.7199044823646543,1.3951019048690796,2.044707059860229,5.76822821299235,5.457605679829915,6.078850746154785,0.1283637458185366,0.1854066329113768,1.6852038502693176,1.3564468622207642,2.013960838317871,5.90162205696106,5.384932994842529,6.41831111907959,0.1941431068543077,0.144437792841593,1.934906363487244,1.5879864692687988,2.2818262577056885
Nb29_AA2AR,False,"A,B",14.911246471377666,79.13733753531841,105.35,3.9,11.309821428571428,82.22388144837272,0.612985,0.4272,0.3025,0.451,0.87,0.735,185.46,0.0,0.88,0.9557,0.51,7.569738129945855,91.89261904761905,275.05,12.73,5.909298245614035,91.4662222120497,0.736428,0.5596,0.5996,0.5167,0.92,0.87,3800.01,1.0,0.9189,0.7845735778899244,0.8234074221749524,15.78946680492825,55.16136932373047,77.05365,16.308924,0.66684717,,,,,,,0.5587303638458252,/scicore/home/schwede/barta0000/harvey_ds/originals/Nb29_AA2AR/chai_no_constraints/seed_2255/pred.model_idx_2.cif,0.44732236862182617,/scicore/home/schwede/barta0000/harvey_ds/originals/Nb29_AA2AR/chai_with_constraints/seed_2148/pred.model_idx_2.cif,0.5587303638458252,0.6813367605209351,0.5280787348747253,"[[0.9014462232589722, 0.7441108226776123]]","[[[0.9014462232589722, 0.391018271446228], [0.5280787348747253, 0.7441108226776123]]]",0.391018271446228,0.266327,0.2041,0.1114,0.2358,0.44732236862182617,0.788848876953125,0.3619407117366791,"[[0.9044357538223267, 0.8893864154815674]]","[[[0.9044357538223267, 0.3619407117366791], [0.32022324204444885, 0.8893864154815674]]]",0.3619407117366791,0.226714,0.1452,0.0562,0.1805,0.8073906302452087,0.8488166332244873,0.8910235166549683,0.7864823341369629,0.7254257798194885,0.5393819808959961,2.4818122386932373,0.8910235166549683,/scicore/home/schwede/barta0000/harvey_ds/originals/Nb29_AA2AR/boltz_free/output/boltz_results_Nb29_AA2AR/predictions/Nb29_AA2AR/Nb29_AA2AR_model_0.cif,0.628234,0.1598,0.1499,0.4885,0.8108130693435669,0.8253106474876404,0.8753836750984192,0.7946703433990479,0.7262587547302246,0.5825857520103455,3.0648934841156006,0.8753836750984192,/scicore/home/schwede/barta0000/harvey_ds/originals/Nb29_AA2AR/boltz_with_template/output/boltz_results_Nb29_AA2AR/predictions/Nb29_AA2AR/Nb29_AA2AR_model_0.cif,0.602017,0.1788,0.1304,0.4676,5.213057120641073,4.601179758707683,5.824934482574463,0.155146186107219,0.1954650261732939,1.6323738098144531,1.250805377960205,2.013942241668701,4.913799484570821,4.21427591641744,5.613323052724202,0.1786067074189698,0.1793000272315045,1.7186947464942932,1.423186182975769,2.0142033100128174,4.805474877357483,4.085438966751099,5.525510787963867,0.1724440758384935,0.1975537984147233,1.6217443346977234,1.3488576412200928,1.894631028175354,5.238409121831259,4.718293348948161,5.758524894714356,0.1559755019798971,0.1989154822042082,1.6148752570152285,1.2547757625579834,1.9749747514724727,5.532774130503336,4.7157338460286455,6.349814414978027,0.193153690967911,0.2072205303618521,1.573971688747406,1.3059717416763306,1.8419716358184812,5.134968598683675,4.600189050038655,5.669748147328694,0.1736831465179988,0.184157543574397,1.6919636726379397,1.4233591556549072,1.960568189620972,5.403245210647583,4.930497010548909,5.875993410746257,0.1555888764729195,0.1494324549300059,1.9009107947349548,1.6139501333236694,2.18787145614624
Sim8619_Y105D_MRGPCRX2,False,"A,B",13.973778780640613,73.19914293769382,384.66,13.19,11.178431372549023,60.09894151163537,0.091898,0.1225,0.0214,0.1328,0.41,0.7849999999999999,687.74,0.0,0.51,0.0465,0.571,7.729724185527449,88.69559734513274,1080.55,32.41,5.831744186046511,79.47340433648291,0.494371,0.3636,0.2119,0.3698,0.71,0.84,1792.34,1.0,0.654,0.32874656642031386,0.8146713812451385,15.040074218403209,54.816951751708984,77.254074,13.632019,0.6984843,,,,,,,0.44032901525497437,/scicore/home/schwede/barta0000/harvey_ds/originals/Sim8619_Y105D_MRGPCRX2/chai_no_constraints/seed_1848/pred.model_idx_1.cif,0.6043179035186768,/scicore/home/schwede/barta0000/harvey_ds/originals/Sim8619_Y105D_MRGPCRX2/chai_with_constraints/seed_4225/pred.model_idx_4.cif,0.44032901525497437,0.7603334188461304,0.36032792925834656,"[[0.8862564563751221, 0.8401035070419312]]","[[[0.8862564563751221, 0.36032792925834656], [0.3045518398284912, 0.8401035070419312]]]",0.36032792925834656,0.228953,0.255,0.0181,0.1532,0.6043179035186768,0.8103210926055908,0.5528170466423035,"[[0.8921672701835632, 0.8375456929206848]]","[[[0.8921672701835632, 0.5528170466423035], [0.5105884671211243, 0.8375456929206848]]]",0.5528170466423035,0.487624,0.2837,0.1182,0.3643,0.830548107624054,0.903693675994873,0.8357212543487549,0.8292548060417175,0.7364962100982666,0.5392389893531799,2.3030574321746826,0.8357212543487549,/scicore/home/schwede/barta0000/harvey_ds/originals/Sim8619_Y105D_MRGPCRX2/boltz_free/output/boltz_results_Sim8619_Y105D_MRGPCRX2/predictions/Sim8619_Y105D_MRGPCRX2/Sim8619_Y105D_MRGPCRX2_model_0.cif,0.64747,0.2422,0.1493,0.5028,0.9173418879508972,0.9180878400802612,0.8805342316627502,0.9265437722206116,0.8891693949699402,0.5513425469398499,1.8851571083068848,0.8805342316627502,/scicore/home/schwede/barta0000/harvey_ds/originals/Sim8619_Y105D_MRGPCRX2/boltz_with_template/output/boltz_results_Sim8619_Y105D_MRGPCRX2/predictions/Sim8619_Y105D_MRGPCRX2/Sim8619_Y105D_MRGPCRX2_model_0.cif,0.715264,0.5755,0.5038,0.5715,6.178640127182007,6.074061552683513,6.283218701680501,0.1804274692482738,0.15477968229242,1.8657525777816768,1.4592468738555908,2.272258281707764,5.88670818010966,5.557139078776042,6.216277281443278,0.1526413813230553,0.1685208603748358,1.7806957364082336,1.4215503931045532,2.139841079711914,5.9234226544698085,5.663568655649821,6.183276653289795,0.1739774240636172,0.1800918153021225,1.7142884731292725,1.3511912822723389,2.077385663986206,6.264631271362305,6.268554210662842,6.260708332061768,0.171680472214733,0.1599559563700242,1.8328567743301392,1.4587445259094238,2.2069690227508545,6.188913901646933,6.294504165649414,6.08332363764445,0.1626475134012283,0.1735764612532627,1.75113707780838,1.4584912061691284,2.043782949447632,5.9910036722819004,5.863976001739502,6.1180313428243,0.1460318733785957,0.160068985117579,1.832150399684906,1.6008602380752563,2.063440561294556,6.000976165135702,5.6076423327128095,6.394309997558594,0.1866034268222129,0.1465530096483028,1.9203680753707888,1.562058925628662,2.278677225112915
Sim8619_R102A_MRGPCRX2,False,"A,B",14.413382508418826,72.52153173483781,534.99,16.33,13.687962962962963,59.30946188827728,0.080359,0.1348,0.0186,0.1074,0.37,0.79,819.2,0.0,0.47,0.1796,0.494,7.568523279035161,89.05053097345132,1071.82,30.16,6.798444444444445,79.64058790019914,0.522452,0.3767,0.268,0.3993,0.74,0.84,1929.63,1.0,0.964,0.15925980572851975,0.8181173753045364,14.17825722694397,58.2866325378418,78.26612,13.255294,0.7079688,,,,,,,0.5303436517715454,/scicore/home/schwede/barta0000/harvey_ds/originals/Sim8619_R102A_MRGPCRX2/chai_no_constraints/seed_2323/pred.model_idx_2.cif,0.5755272507667542,/scicore/home/schwede/barta0000/harvey_ds/originals/Sim8619_R102A_MRGPCRX2/chai_with_constraints/seed_3647/pred.model_idx_3.cif,0.5303436517715454,0.7938951253890991,0.4644557237625122,"[[0.8842890858650208, 0.8388382196426392]]","[[[0.8842890858650208, 0.4644557237625122], [0.4130428433418274, 0.8388382196426392]]]",0.4644557237625122,0.367022,0.3471,0.0313,0.2952,0.5755272507667542,0.8015108108520508,0.5190313458442688,"[[0.8864544630050659, 0.8358476161956787]]","[[[0.8864544630050659, 0.5190313458442688], [0.44016510248184204, 0.8358476161956787]]]",0.5190313458442688,0.43787,0.2908,0.0688,0.3384,0.8193632364273071,0.9532220959663391,0.9406923055648804,0.789030909538269,0.7128055095672607,0.3856171667575836,0.7605605125427246,0.9406923055648804,/scicore/home/schwede/barta0000/harvey_ds/originals/Sim8619_R102A_MRGPCRX2/boltz_free/output/boltz_results_Sim8619_R102A_MRGPCRX2/predictions/Sim8619_R102A_MRGPCRX2/Sim8619_R102A_MRGPCRX2_model_0.cif,0.886693,0.2789,0.256,0.6763,0.8838254809379578,0.920188307762146,0.8825595378875732,0.8841420412063599,0.8563004732131958,0.5701567530632019,1.5067992210388184,0.8825595378875732,/scicore/home/schwede/barta0000/harvey_ds/originals/Sim8619_R102A_MRGPCRX2/boltz_with_template/output/boltz_results_Sim8619_R102A_MRGPCRX2/predictions/Sim8619_R102A_MRGPCRX2/Sim8619_R102A_MRGPCRX2_model_0.cif,0.710524,0.5836,0.4783,0.5713,6.235894203186035,6.099062283833821,6.372726122538249,0.1674828701997132,0.1522218008027049,1.8824166059494016,1.5046684741973877,2.260164737701416,5.70262853304545,5.186643918355306,6.218613147735596,0.1883950361176898,0.1696108472197185,1.7742486000061035,1.3742976188659668,2.17419958114624,5.854530493418375,5.544547398885091,6.16451358795166,0.1873358670450531,0.1728878893909427,1.7551119327545166,1.4143810272216797,2.095842838287353,6.278563578923544,6.217174053192139,6.339953104654948,0.1682755845976484,0.1585064751054669,1.841959834098816,1.521801233291626,2.162118434906006,5.989446242650351,5.9237081209818525,6.055184364318848,0.1895656848658059,0.1769285409711213,1.7320093512535095,1.4452406167984009,2.018778085708618,5.769490718841553,5.4780270258585615,6.060954411824544,0.1553085240265563,0.1618130215294533,1.8213137984275816,1.5510958433151243,2.091531753540039,6.112373113632202,5.788295427958171,6.436450799306233,0.1922509500603618,0.1446968938917366,1.9331141114234924,1.5979000329971311,2.268328189849853
Sim8619_Y105G_MRGPCRX2,False,"A,B",11.22953882449683,79.72949195596951,173.79,5.25,5.886805555555556,78.70079515415868,0.571629,0.4939,0.2399,0.4086,0.8,0.79,291.76,0.0,0.84,0.993,0.47,6.209866473490486,93.58141592920354,882.43,25.77,2.9354109589041095,95.07742436726888,0.821405,0.6733,0.8119,0.6021,0.92,0.89,867.84,1.0,0.9899,0.6056803991615151,0.8554786829393966,14.519397304171608,52.42519760131836,74.71966,14.087117,0.68487227,,,,,,,0.5525876879692078,/scicore/home/schwede/barta0000/harvey_ds/originals/Sim8619_Y105G_MRGPCRX2/chai_no_constraints/seed_1719/pred.model_idx_4.cif,0.5939507484436035,/scicore/home/schwede/barta0000/harvey_ds/originals/Sim8619_Y105G_MRGPCRX2/chai_with_constraints/seed_2481/pred.model_idx_0.cif,0.5525876879692078,0.8005592823028564,0.4905948042869568,"[[0.8857040405273438, 0.8421773314476013]]","[[[0.8857040405273438, 0.4905948042869568], [0.4391782283782959, 0.8421773314476013]]]",0.4905948042869568,0.405467,0.2318,0.0431,0.3229,0.5939507484436035,0.8155733942985535,0.5385450720787048,"[[0.8881192207336426, 0.8450706601142883]]","[[[0.8881192207336426, 0.5385450720787048], [0.477617472410202, 0.8450706601142883]]]",0.5385450720787048,0.466644,0.279,0.061,0.366,0.8381938934326172,0.8909325003623962,0.8593553304672241,0.8329035639762878,0.7579550743103027,0.5811057686805725,1.7040748596191406,0.8593553304672241,/scicore/home/schwede/barta0000/harvey_ds/originals/Sim8619_Y105G_MRGPCRX2/boltz_free/output/boltz_results_Sim8619_Y105G_MRGPCRX2/predictions/Sim8619_Y105G_MRGPCRX2/Sim8619_Y105G_MRGPCRX2_model_0.cif,0.686578,0.3201,0.2288,0.5384,0.9072785377502441,0.8953510522842407,0.8388131260871887,0.9243948459625244,0.9000569581985474,0.5654283165931702,2.4585795402526855,0.8388131260871887,/scicore/home/schwede/barta0000/harvey_ds/originals/Sim8619_Y105G_MRGPCRX2/boltz_with_template/output/boltz_results_Sim8619_Y105G_MRGPCRX2/predictions/Sim8619_Y105G_MRGPCRX2/Sim8619_Y105G_MRGPCRX2_model_0.cif,0.650788,0.613,0.4259,0.5098,6.200815121332804,6.126059850056966,6.275570392608643,0.165588607301203,0.1730384789208964,1.7542412877082825,1.3239527940750122,2.1845297813415527,5.836977005004883,5.559489568074544,6.114464441935222,0.1794587358395844,0.1670098419155924,1.789702534675598,1.3678183555603027,2.2115867137908936,5.81908917427063,5.505742867787679,6.132435480753581,0.1805671201468914,0.1663606856619467,1.7935970425605774,1.400798201560974,2.1863958835601807,6.245209534962973,6.221739292144775,6.268679777781169,0.1705450213300606,0.1807986683684401,1.710371196269989,1.3287309408187866,2.0920114517211914,6.078438599904378,6.012996514638265,6.143880685170491,0.1671148651423522,0.1776870527401988,1.7277314066886902,1.5092655420303345,1.946197271347046,5.881867488225302,5.588033676147461,6.175701300303142,0.1606110281069375,0.1731227433425859,1.753754436969757,1.4874778985977173,2.020030975341797,6.029164552688599,5.6239190101623535,6.434410095214844,0.1838668021649177,0.1495120144364346,1.9003785252571104,1.5557628870010376,2.244994163513184
AT212_AGTR1,False,"A,B",13.847110360000176,74.5388970013038,288.87,10.81,21.53170731707317,67.39486540668837,0.147535,0.135,0.0281,0.0909,0.59,0.78,243.71,0.0,0.67,0.6402,0.527,6.078720095435272,93.66484407484408,638.88,24.32,9.613235294117645,92.11526288484272,0.669775,0.4839,0.6805,0.4961,0.89,0.89,697.61,1.0,0.2733,0.43465664968039575,0.8085168360607008,14.087898552417755,56.3856315612793,72.92406,14.6037,0.67617977,,,,,,,0.3497059941291809,/scicore/home/schwede/barta0000/harvey_ds/originals/AT212_AGTR1/chai_no_constraints/seed_6054/pred.model_idx_4.cif,0.6835905909538269,/scicore/home/schwede/barta0000/harvey_ds/originals/AT212_AGTR1/chai_with_constraints/seed_1938/pred.model_idx_3.cif,0.3497059941291809,0.7057918310165405,0.2606845498085022,"[[0.872211754322052, 0.8025923371315002]]","[[[0.872211754322052, 0.2606845498085022], [0.1987851858139038, 0.8025923371315002]]]",0.2606845498085022,0.088809,0.1355,0.0124,0.0385,0.6835905909538269,0.8119737505912781,0.6514948010444641,"[[0.8896079659461975, 0.8072039484977722]]","[[[0.8896079659461975, 0.6514948010444641], [0.644521176815033, 0.8072039484977722]]]",0.6514948010444641,0.649937,0.4007,0.1205,0.4564,0.838169276714325,0.8803967237472534,0.9133219122886658,0.8193811178207397,0.7286648154258728,0.6132438778877258,1.3584364652633667,0.9133219122886658,/scicore/home/schwede/barta0000/harvey_ds/originals/AT212_AGTR1/boltz_free/output/boltz_results_AT212_AGTR1/predictions/AT212_AGTR1/AT212_AGTR1_model_0.cif,0.788735,0.3343,0.2201,0.5934,0.8989955186843872,0.8970651626586914,0.8501267433166504,0.911212682723999,0.9037103056907654,0.6524180769920349,2.1843769550323486,0.8501267433166504,/scicore/home/schwede/barta0000/harvey_ds/originals/AT212_AGTR1/boltz_with_template/output/boltz_results_AT212_AGTR1/predictions/AT212_AGTR1/AT212_AGTR1_model_0.cif,0.670294,0.6698,0.5068,0.5318,6.030800501505533,5.819684346516927,6.241916656494141,0.1367371018612437,0.2011982129743221,1.6034647226333618,1.2833294868469238,1.9235999584198,5.504437208175659,5.166448434193929,5.84242598215739,0.1877419561336401,0.1680361422171351,1.7835761904716492,1.507015824317932,2.060136556625366,5.497673749923706,5.1713894208272295,5.823958079020183,0.1796156269259791,0.1834204809093408,1.695974051952362,1.393659591674805,1.9982885122299197,5.943902810414633,5.67161226272583,6.2161933581034345,0.146826031753922,0.2065808082072346,1.5770636200904846,1.2575218677520752,1.896605372428894,5.414415121078491,4.893998940785726,5.934831301371257,0.1765634883113444,0.1755726949638015,1.7397021055221558,1.4080886840820312,2.0713155269622803,5.426287253697713,4.84038766225179,6.012186845143636,0.1792507131328095,0.1568263228055879,1.852616310119629,1.6521754264831543,2.0530571937561035,6.064528624216715,5.8262871106465655,6.302770137786865,0.1489477709784779,0.1529963687344918,1.877341091632843,1.5276340246200562,2.22704815864563
Sim9877_Y106A_MRGPCRX2,False,"A,B",12.674237683354592,74.63399828522435,465.38,15.4,12.475862068965519,61.89790845042777,0.236706,0.2187,0.0346,0.1754,0.55,0.785,625.13,0.0,0.63,0.9605,0.598,7.239712910554847,90.04169642857143,838.04,24.52,5.694196428571429,85.3743635004217,0.685065,0.571,0.465,0.5241,0.86,0.87,1366.63,1.0,0.5039,0.5041226285916189,0.8068825656628645,15.590284168720245,44.76435852050781,68.7702,15.3972645,0.65312797,,,,,,,0.5162934064865112,/scicore/home/schwede/barta0000/harvey_ds/originals/Sim9877_Y106A_MRGPCRX2/chai_no_constraints/seed_2249/pred.model_idx_3.cif,0.7064610123634338,/scicore/home/schwede/barta0000/harvey_ds/originals/Sim9877_Y106A_MRGPCRX2/chai_with_constraints/seed_2556/pred.model_idx_0.cif,0.5162934064865112,0.7907047271728516,0.44769060611724854,"[[0.8842341303825378, 0.8396154046058655]]","[[[0.8842341303825378, 0.44769060611724854], [0.4010576605796814, 0.8396154046058655]]]",0.44769060611724854,0.344208,0.1279,0.0235,0.2704,0.7064610123634338,0.8470132350921631,0.6713229417800903,"[[0.8988289833068848, 0.8458497524261475]]","[[[0.8988289833068848, 0.6713229417800903], [0.6579777598381042, 0.8458497524261475]]]",0.6713229417800903,0.642619,0.4475,0.1693,0.4792,0.8173126578330994,0.8880371451377869,0.8442884683609009,0.8105686902999878,0.7227379679679871,0.6696474552154541,2.516181468963623,0.8442884683609009,/scicore/home/schwede/barta0000/harvey_ds/originals/Sim9877_Y106A_MRGPCRX2/boltz_free/output/boltz_results_Sim9877_Y106A_MRGPCRX2/predictions/Sim9877_Y106A_MRGPCRX2/Sim9877_Y106A_MRGPCRX2_model_0.cif,0.661443,0.29,0.119,0.4985,0.9029917120933533,0.917552649974823,0.9024481177330017,0.9031275510787964,0.8559643030166626,0.5982140302658081,2.048431873321533,0.9024481177330017,/scicore/home/schwede/barta0000/harvey_ds/originals/Sim9877_Y106A_MRGPCRX2/boltz_with_template/output/boltz_results_Sim9877_Y106A_MRGPCRX2/predictions/Sim9877_Y106A_MRGPCRX2/Sim9877_Y106A_MRGPCRX2_model_0.cif,0.756813,0.5398,0.3872,0.5917,5.977950811386108,5.57622496287028,6.3796766599019366,0.1513837445923198,0.1816872068339793,1.7054687142372131,1.2591599225997925,2.151777505874634,5.624849796295166,5.014363765716553,6.235335826873779,0.1432914161019101,0.173707428457001,1.7503828406333923,1.3169580698013306,2.183807611465454,5.696283578872681,5.174442291259766,6.218124866485596,0.1266739978949968,0.1900437776929495,1.6605008244514463,1.179329514503479,2.141672134399414,6.022515376408896,5.690460681915283,6.354570070902507,0.1410174590656074,0.1939434775536914,1.6401885151863098,1.2321592569351196,2.0482177734375,5.489840666453044,4.910530249277751,6.069151083628337,0.1475174957299016,0.188031720431947,1.6711446046829224,1.354265213012695,1.9880239963531492,5.7258847554524746,5.347539107004802,6.1042304039001465,0.1405853138121814,0.1925911476840036,1.647185742855072,1.274152159690857,2.020219326019287,5.92737078666687,5.463542461395264,6.391199111938477,0.1769201468545336,0.149596734376641,1.8998120427131653,1.525772213935852,2.2738518714904785
AT206_AGTR1,False,"A,B",12.139999565972223,77.1041328125,565.08,17.43,7.664615384615385,73.02658846759496,0.429742,0.3425,0.1524,0.3091,0.75,0.79,382.59,0.0,0.81,0.5997,4.559,8.198032074652778,89.41404166666666,1016.53,35.67,3.6714166666666666,88.7807009512918,0.726751,0.555,0.6459,0.5526,0.9,0.86,2817.08,1.0,0.8651,0.5878108781451112,0.8106129808278334,14.527181885459207,55.6677131652832,74.69359,14.148533,0.6890404,,,,,,,0.6898977160453796,/scicore/home/schwede/barta0000/harvey_ds/originals/AT206_AGTR1/chai_no_constraints/seed_2282/pred.model_idx_4.cif,0.7359983921051025,/scicore/home/schwede/barta0000/harvey_ds/originals/AT206_AGTR1/chai_with_constraints/seed_2056/pred.model_idx_1.cif,0.6898977160453796,0.8218995332717896,0.656897246837616,"[[0.8934987187385559, 0.8168030977249146]]","[[[0.8934987187385559, 0.6189501285552979], [0.656897246837616, 0.8168030977249146]]]",0.6189501285552979,0.596548,0.3275,0.1542,0.4343,0.7359983921051025,0.84029221534729,0.7099249362945557,"[[0.9000794887542725, 0.8263767957687378]]","[[[0.9000794887542725, 0.6687699556350708], [0.7099249362945557, 0.8263767957687378]]]",0.6687699556350708,0.678681,0.3718,0.3028,0.478,0.8790322542190552,0.9031235575675964,0.9592597484588623,0.858975350856781,0.8435405492782593,0.5545670986175537,0.5957825779914856,0.9592597484588623,/scicore/home/schwede/barta0000/harvey_ds/originals/AT206_AGTR1/boltz_free/output/boltz_results_AT206_AGTR1/predictions/AT206_AGTR1/AT206_AGTR1_model_0.cif,0.887002,0.4937,0.5985,0.6707,0.9379963874816895,0.9196518063545227,0.9358071088790894,0.9385436773300171,0.9433284997940063,0.5096738338470459,1.1583809852600098,0.9358071088790894,/scicore/home/schwede/barta0000/harvey_ds/originals/AT206_AGTR1/boltz_with_template/output/boltz_results_AT206_AGTR1/predictions/AT206_AGTR1/AT206_AGTR1_model_0.cif,0.82064,0.6315,0.7949,0.618,5.654212872187296,5.118626117706299,6.189799626668294,0.1156230119579735,0.196520745445054,1.6269872784614563,1.223434567451477,2.0305399894714355,5.453699747721354,4.952212333679199,5.955187161763509,0.1556751943964461,0.1835821157128211,1.6950932145118711,1.347551703453064,2.0426347255706787,5.424096584320068,4.900633494059245,5.947559674580892,0.1608537533748756,0.1969810756911162,1.624647617340088,1.3049440383911133,1.9443511962890625,5.625082969665527,5.112682342529297,6.137483596801758,0.1118401969188355,0.1993366953023001,1.6127599477767944,1.2099897861480713,2.0155301094055176,5.29089872042338,4.587847232818604,5.993950208028157,0.1595271738204926,0.1812602403464004,1.707821488380432,1.4073622226715088,2.0082807540893555,5.350855112075806,4.72155777613322,5.980152448018392,0.1353336563048831,0.1961753590458032,1.6287463307380676,1.214739203453064,2.0427534580230717,5.663096030553183,5.023706436157227,6.302485624949138,0.1254215723962695,0.1560466788820954,1.8576000928878784,1.4931421279907229,2.222058057785034
AT210_AGTR1,False,"A,B",12.691292978037966,76.18023665527215,151.4,5.05,9.570338983050846,70.92993489902601,0.29908,0.2898,0.0656,0.2159,0.69,0.785,151.64,0.0,0.76,0.9899,0.583,6.74180377006887,91.76723270440252,1679.29,44.85,3.378867924528301,95.03543853759766,0.809378,0.6402,0.8057,0.6147,0.92,0.89,995.57,1.0,0.9903,0.5264074153647883,0.8231013720094363,14.37223185192455,56.380584716796875,72.84295,14.712682,0.67358017,,,,,,,0.5280612707138062,/scicore/home/schwede/barta0000/harvey_ds/originals/AT210_AGTR1/chai_no_constraints/seed_4901/pred.model_idx_0.cif,0.7656240463256836,/scicore/home/schwede/barta0000/harvey_ds/originals/AT210_AGTR1/chai_with_constraints/seed_1433/pred.model_idx_1.cif,0.5280612707138062,0.77537602186203,0.4662325382232666,"[[0.8891463875770569, 0.8051168918609619]]","[[[0.8891463875770569, 0.4662325382232666], [0.41412073373794556, 0.8051168918609619]]]",0.4662325382232666,0.374125,0.159,0.038,0.2617,0.7656240463256836,0.8380724191665649,0.7475119233131409,"[[0.902821958065033, 0.8189939260482788]]","[[[0.902821958065033, 0.6878317594528198], [0.7475119233131409, 0.8189939260482788]]]",0.6878317594528198,0.728134,0.5597,0.1596,0.5091,0.8614583015441895,0.9239695072174072,0.9524198174476624,0.8387178778648376,0.800322949886322,0.44348400831222534,0.8860316276550293,0.9524198174476624,/scicore/home/schwede/barta0000/harvey_ds/originals/AT210_AGTR1/boltz_free/output/boltz_results_AT210_AGTR1/predictions/AT210_AGTR1/AT210_AGTR1_model_0.cif,0.861561,0.5578,0.42,0.6682,0.9053397178649902,0.9056566953659058,0.9273805022239685,0.8998295068740845,0.8779297471046448,0.6150365471839905,2.306303024291992,0.9273805022239685,/scicore/home/schwede/barta0000/harvey_ds/originals/AT210_AGTR1/boltz_with_template/output/boltz_results_AT210_AGTR1/predictions/AT210_AGTR1/AT210_AGTR1_model_0.cif,0.790658,0.6486,0.4406,0.5812,6.067307869593302,5.933748245239258,6.200867493947347,0.1550890490249156,0.1939396628136202,1.6402081847190857,1.2605162858963013,2.01990008354187,5.595560153325399,5.291762828826904,5.8993574778238935,0.1189069819507076,0.1718054522716727,1.7613925337791445,1.436930537223816,2.0858545303344727,5.780460357666016,5.671682993570964,5.889237721761067,0.1254598792043033,0.1867157040785372,1.6781681180000303,1.35796856880188,1.9983676671981807,6.035351832707723,5.903776486714681,6.166927178700765,0.1615007185932044,0.1988588053736768,1.6151602268218994,1.2465559244155884,1.9837645292282104,5.5262556076049805,5.0706814130147295,5.981829802195231,0.1629218294267942,0.1799678123420201,1.7149772644042969,1.394495964050293,2.035458564758301,5.573138316472372,5.138735453287761,6.007541179656982,0.1625428665604715,0.1903731717738148,1.6587690711021423,1.3224753141403198,1.9950628280639648,6.018287897109985,5.737990379333496,6.298585414886475,0.1508844159842612,0.1539104158543641,1.8713845610618591,1.5371354818344116,2.205633640289306
Sim0563_MRGPCRX2,False,"A,B",10.399938217474489,79.17439954467842,299.8,8.25,7.166233766233765,81.89149830948251,0.684314,0.538,0.3212,0.4985,0.84,0.81,743.5,0.0,0.88,0.9434,0.519,7.281493193957268,89.59426339285713,915.22,26.13,3.6032394366197185,93.06257160731724,0.832918,0.6515,0.7455,0.6009,0.91,0.88,1398.82,1.0,0.965,0.7902909816743419,0.8393179489155306,15.261793110105726,50.28007125854492,68.468414,15.261547,0.65456504,,,,,,,0.5349844694137573,/scicore/home/schwede/barta0000/harvey_ds/originals/Sim0563_MRGPCRX2/chai_no_constraints/seed_2352/pred.model_idx_1.cif,0.6514195203781128,/scicore/home/schwede/barta0000/harvey_ds/originals/Sim0563_MRGPCRX2/chai_with_constraints/seed_1873/pred.model_idx_3.cif,0.5349844694137573,0.7941916584968567,0.4701826274394989,"[[0.8970041275024414, 0.8363422155380249]]","[[[0.8970041275024414, 0.4701826274394989], [0.40763407945632935, 0.8363422155380249]]]",0.4701826274394989,0.363615,0.3172,0.0376,0.2902,0.6514195203781128,0.8306931853294373,0.6066011190414429,"[[0.8978443145751953, 0.836206316947937]]","[[[0.8978443145751953, 0.6066011190414429], [0.5712112784385681, 0.836206316947937]]]",0.6066011190414429,0.56117,0.3519,0.1607,0.4205,0.7975291609764099,0.8989397883415222,0.857745885848999,0.782474935054779,0.6707832217216492,0.5756004452705383,1.864652156829834,0.857745885848999,/scicore/home/schwede/barta0000/harvey_ds/originals/Sim0563_MRGPCRX2/boltz_free/output/boltz_results_Sim0563_MRGPCRX2/predictions/Sim0563_MRGPCRX2/Sim0563_MRGPCRX2_model_0.cif,0.669927,0.1547,0.1144,0.5273,0.8806244134902954,0.8877655267715454,0.8165793418884277,0.8966356515884399,0.8422971367835999,0.6721558570861816,2.836210250854492,0.8165793418884277,/scicore/home/schwede/barta0000/harvey_ds/originals/Sim0563_MRGPCRX2/boltz_with_template/output/boltz_results_Sim0563_MRGPCRX2/predictions/Sim0563_MRGPCRX2/Sim0563_MRGPCRX2_model_0.cif,0.604948,0.4424,0.2478,0.4631,5.666413307189941,5.00716765721639,6.325658957163493,0.181451514644221,0.1747240048565567,1.7445476651191711,1.2997864484786987,2.189308881759644,5.598397095998129,5.0128280321757,6.183966159820557,0.190683278423711,0.1698064491459633,1.7730960249900818,1.3608628511428833,2.1853291988372803,5.721864779790243,5.215586185455322,6.228143374125163,0.192469504878614,0.1734088755247787,1.75210303068161,1.357329487800598,2.146876573562622,5.7045120398203535,5.111960570017497,6.29706350962321,0.1746029365786463,0.1868112497809664,1.6776565313339231,1.248622179031372,2.1066908836364746,5.454016526540121,4.85584831237793,6.052184740702312,0.1779797008862017,0.1674324391667914,1.7871753573417664,1.601399302482605,1.972951412200928,5.523630380630493,5.008450349171956,6.03881041208903,0.1568317793380819,0.1874225583261972,1.6743895411491394,1.3947492837905884,1.9540297985076904,5.8285540739695225,5.250384330749512,6.406723817189534,0.1871579735514015,0.153404334398294,1.874678134918213,1.486727952957153,2.2626283168792725
Sim8619_MRGPCRX2,False,"A,B",12.956107565196959,75.15362433117433,309.52,9.99,10.096226415094337,64.87995604060896,0.167816,0.162,0.0371,0.1691,0.47,0.79,477.9,0.0,0.56,0.1805,0.628,6.717564071188035,90.51442477876107,453.32,11.78,4.650925925925926,85.60982166017804,0.623094,0.4718,0.4247,0.4471,0.77,0.86,1496.5,1.0,0.5584,0.3831737423416137,0.8110295705727663,13.581549384377219,56.353126525878906,78.20551,13.187176,0.70800614,,,,,,,0.6174961924552917,/scicore/home/schwede/barta0000/harvey_ds/originals/Sim8619_MRGPCRX2/chai_no_constraints/seed_1393/pred.model_idx_4.cif,0.5869545936584473,/scicore/home/schwede/barta0000/harvey_ds/originals/Sim8619_MRGPCRX2/chai_with_constraints/seed_2683/pred.model_idx_2.cif,0.6174961924552917,0.8256209492683411,0.565464973449707,"[[0.8901891708374023, 0.8522862792015076]]","[[[0.8901891708374023, 0.565464973449707], [0.5019832253456116, 0.8522862792015076]]]",0.565464973449707,0.495173,0.4089,0.066,0.3753,0.5869545936584473,0.8141326904296875,0.5301600694656372,"[[0.8819963932037354, 0.8422757983207703]]","[[[0.8819963932037354, 0.5301600694656372], [0.47939521074295044, 0.8422757983207703]]]",0.5301600694656372,0.455347,0.2267,0.0856,0.3413,0.8363310694694519,0.9446334838867188,0.9106371998786926,0.8177545070648193,0.7312486171722412,0.406465083360672,1.0487850904464722,0.9106371998786926,/scicore/home/schwede/barta0000/harvey_ds/originals/Sim8619_MRGPCRX2/boltz_free/output/boltz_results_Sim8619_MRGPCRX2/predictions/Sim8619_MRGPCRX2/Sim8619_MRGPCRX2_model_0.cif,0.857035,0.3364,0.2485,0.6254,0.8807337880134583,0.8938292860984802,0.845652163028717,0.8895041942596436,0.8293663859367371,0.6818209886550903,2.146568775177002,0.845652163028717,/scicore/home/schwede/barta0000/harvey_ds/originals/Sim8619_MRGPCRX2/boltz_with_template/output/boltz_results_Sim8619_MRGPCRX2/predictions/Sim8619_MRGPCRX2/Sim8619_MRGPCRX2_model_0.cif,0.677488,0.5188,0.3163,0.5056,6.228265444437663,6.120042483011882,6.336488405863444,0.1788609200857347,0.1529383354359788,1.8777204751968384,1.520876169204712,2.234564781188965,5.964476426442465,5.716816584269206,6.212136268615723,0.1853991684345493,0.1531221116103447,1.876519560813904,1.4700922966003418,2.282946825027466,5.864926973978679,5.536201635996501,6.193652311960856,0.1775560901504156,0.1641634219743475,1.8068928718566892,1.3277299404144287,2.28605580329895,6.219485441843668,6.16431983311971,6.274651050567627,0.178971151238073,0.1674261320829163,1.7872130274772644,1.4752317667007446,2.099194288253784,5.863934596379599,5.627209345499675,6.1006598472595215,0.1489636580458235,0.1639371358638988,1.808272242546081,1.6278399229049685,1.9887045621871948,5.859127680460612,5.601761976877849,6.116493384043376,0.1443227901310283,0.1828926888058099,1.698855698108673,1.357117772102356,2.0405936241149902,6.07884438832601,5.741604963938396,6.416083812713623,0.1858606131253324,0.1476332314705666,1.9130242466926572,1.5613449811935425,2.2647035121917725
Nb60_MRGPCRX2,False,"A,B",13.892685552155001,72.39586423274386,681.66,19.47,11.333018867924526,59.89519640302402,0.181534,0.156,0.0218,0.1128,0.4,0.79,807.3,0.0,0.5,0.8534,0.678,8.000886156318668,87.92320712694877,372.42,11.23,5.414186046511627,78.55823509365905,0.546955,0.4358,0.2619,0.4038,0.73,0.83,2230.77,1.0,0.7277,0.3959380786024454,0.8036333758926163,15.021794176101684,52.04481506347656,69.42687,15.60178,0.64460397,,,,,,,0.43129849433898926,/scicore/home/schwede/barta0000/harvey_ds/originals/Nb60_MRGPCRX2/chai_no_constraints/seed_2436/pred.model_idx_4.cif,0.5632760524749756,/scicore/home/schwede/barta0000/harvey_ds/originals/Nb60_MRGPCRX2/chai_with_constraints/seed_1209/pred.model_idx_3.cif,0.43129849433898926,0.7502425909042358,0.3515624403953552,"[[0.8976781964302063, 0.8289141058921814]]","[[[0.8976781964302063, 0.3515624403953552], [0.29278114438056946, 0.8289141058921814]]]",0.3515624403953552,0.198345,0.3983,0.0143,0.1185,0.5632760524749756,0.8001639246940613,0.504054069519043,"[[0.904166579246521, 0.8356736898422241]]","[[[0.904166579246521, 0.504054069519043], [0.4291453957557678, 0.8356736898422241]]]",0.504054069519043,0.419132,0.3033,0.1264,0.3294,0.7935118675231934,0.8684739470481873,0.7513107061386108,0.8040621280670166,0.6988422870635986,0.6642487049102783,3.4302978515625,0.7513107061386108,/scicore/home/schwede/barta0000/harvey_ds/originals/Nb60_MRGPCRX2/boltz_free/output/boltz_results_Nb60_MRGPCRX2/predictions/Nb60_MRGPCRX2/Nb60_MRGPCRX2_model_0.cif,0.529017,0.2188,0.0727,0.3817,0.873566746711731,0.8984857797622681,0.8421418070793152,0.8814229369163513,0.8198757171630859,0.6160354018211365,2.726841926574707,0.8421418070793152,/scicore/home/schwede/barta0000/harvey_ds/originals/Nb60_MRGPCRX2/boltz_with_template/output/boltz_results_Nb60_MRGPCRX2/predictions/Nb60_MRGPCRX2/Nb60_MRGPCRX2_model_0.cif,0.673291,0.4649,0.2602,0.5186,5.751870075861612,5.103549957275391,6.400190194447835,0.1457694953504341,0.154718132185156,1.8661503195762636,1.422573447227478,2.309727191925049,5.163231372833252,4.151650269826253,6.174812475840251,0.1696368147646989,0.1586850336272015,1.8408339619636536,1.4113460779190063,2.270321846008301,5.25743810335795,4.346095085144043,6.168781121571858,0.16559021440047,0.169156051164656,1.7769336104393003,1.3183025121688845,2.235564708709717,5.793212731679281,5.204357306162517,6.382068157196045,0.1325427257453994,0.162204253111095,1.8188989162445068,1.4044902324676514,2.2333076000213623,5.439839442571004,4.79277499516805,6.086903889973958,0.1468487401383937,0.1914273683266566,1.653246819972992,1.347667932510376,1.958825707435608,5.117636958758036,4.190341075261434,6.044932842254639,0.1819118157901458,0.1608013417646141,1.8275855779647827,1.5804452896118164,2.074725866317749,5.628158092498779,4.893822352091472,6.362493832906087,0.1696663904503293,0.1534093268910607,1.8746455907821653,1.4891490936279297,2.2601420879364014
AT205_AGTR1,False,"A,B",12.078680997229919,77.94575829383886,333.55,11.66,16.094736842105263,72.12783763516542,0.305816,0.2805,0.1133,0.2472,0.66,0.795,368.62,0.0,0.74,0.9736,3.182,7.503627346260388,90.2450947368421,5110.17,256.38,7.023529411764707,92.31363497647372,0.720875,0.5691,0.707,0.5478,0.9,0.88,4021.5,1.0,0.9051,0.43368102231058,0.8117891845412479,16.394699478149413,53.07637405395508,74.671234,14.30611,0.68444306,,,,,,,0.3918701410293579,/scicore/home/schwede/barta0000/harvey_ds/originals/AT205_AGTR1/chai_no_constraints/seed_2377/pred.model_idx_1.cif,0.6565360426902771,/scicore/home/schwede/barta0000/harvey_ds/originals/AT205_AGTR1/chai_with_constraints/seed_1554/pred.model_idx_3.cif,0.3918701410293579,0.7160766124725342,0.31081849336624146,"[[0.8954852819442749, 0.7971125841140747]]","[[[0.8954852819442749, 0.31081849336624146], [0.2712647318840027, 0.7971125841140747]]]",0.31081849336624146,0.12894,0.1212,0.0124,0.0392,0.6565360426902771,0.8119617104530334,0.6176795959472656,"[[0.9003657102584839, 0.8154690265655518]]","[[[0.9003657102584839, 0.6001021265983582], [0.6176795959472656, 0.8154690265655518]]]",0.6001021265983582,0.571978,0.2177,0.1107,0.4203,0.8345583081245422,0.8980842232704163,0.9071938991546631,0.8163994550704956,0.7748750448226929,0.5572295784950256,2.2405922412872314,0.9071938991546631,/scicore/home/schwede/barta0000/harvey_ds/originals/AT205_AGTR1/boltz_free/output/boltz_results_AT205_AGTR1/predictions/AT205_AGTR1/AT205_AGTR1_model_0.cif,0.776385,0.3071,0.3371,0.5792,0.8953855633735657,0.8975487351417542,0.821988046169281,0.9137349724769592,0.9007710218429565,0.6004526615142822,3.37949538230896,0.821988046169281,/scicore/home/schwede/barta0000/harvey_ds/originals/AT205_AGTR1/boltz_with_template/output/boltz_results_AT205_AGTR1/predictions/AT205_AGTR1/AT205_AGTR1_model_0.cif,0.592587,0.5518,0.4039,0.4504,5.539526542027792,4.813159624735515,6.265893459320068,0.1624049278512574,0.1806553338991792,1.7111642956733704,1.4648940563201904,1.9574345350265503,5.04913071791331,4.130336205164592,5.967925230662028,0.1426541084885689,0.1724295682979828,1.7577664256095886,1.5175477266311646,1.9979851245880127,4.991828441619873,4.007837136586507,5.975819746653239,0.1436633321746509,0.1701182672639506,1.7712613940238953,1.590369701385498,1.9521530866622925,5.641264200210571,5.046430428822835,6.236097971598308,0.1547464445950249,0.1873049172617273,1.6750174164772034,1.4347519874572754,1.9152828454971316,5.245952367782593,4.575937271118164,5.9159674644470215,0.127123338489057,0.1682606244512882,1.78224116563797,1.586962103843689,1.977520227432251,5.272293408711752,4.586005846659343,5.95858097076416,0.1290592266663807,0.1698378076831803,1.7729113698005676,1.5533684492111206,1.9924542903900144,5.510947386423746,4.704647382100423,6.31724739074707,0.1876796500449067,0.1381462437513367,1.9794424176216123,1.7320202589035034,2.2268645763397217
Sim9877_I102D_MRGPCRX2,False,"A,B",10.812023178411993,77.64984597832287,309.06,9.75,7.893846153846154,72.55635185266789,0.527363,0.3559,0.1618,0.4044,0.8,0.8049999999999999,782.12,0.0,0.84,0.9866,0.595,6.8106172273596925,90.28678571428573,508.75,15.65,4.708333333333332,86.77142848665753,0.746103,0.5648,0.5209,0.5395,0.89,0.88,1968.15,1.0,0.9702,0.49597905017964955,0.8418859193110658,14.921028564716208,49.59059524536133,67.93871,15.5575485,0.649428,,,,,,,0.5904874205589294,/scicore/home/schwede/barta0000/harvey_ds/originals/Sim9877_I102D_MRGPCRX2/chai_no_constraints/seed_2126/pred.model_idx_1.cif,0.656512975692749,/scicore/home/schwede/barta0000/harvey_ds/originals/Sim9877_I102D_MRGPCRX2/chai_with_constraints/seed_1086/pred.model_idx_3.cif,0.5904874205589294,0.8094625473022461,0.5357435941696167,"[[0.8827186822891235, 0.8424497842788696]]","[[[0.8827186822891235, 0.5357435941696167], [0.47991785407066345, 0.8424497842788696]]]",0.5357435941696167,0.457063,0.3284,0.0332,0.3433,0.656512975692749,0.8279101848602295,0.6136636734008789,"[[0.9010488986968994, 0.8487441539764404]]","[[[0.9010488986968994, 0.5972872972488403], [0.6136636734008789, 0.8487441539764404]]]",0.5972872972488403,0.539477,0.3391,0.058,0.4085,0.8444892168045044,0.8916752934455872,0.8774863481521606,0.8362399339675903,0.776501476764679,0.6263014674186707,2.271857500076294,0.8774863481521606,/scicore/home/schwede/barta0000/harvey_ds/originals/Sim9877_I102D_MRGPCRX2/boltz_free/output/boltz_results_Sim9877_I102D_MRGPCRX2/predictions/Sim9877_I102D_MRGPCRX2/Sim9877_I102D_MRGPCRX2_model_0.cif,0.696055,0.3954,0.2304,0.5605,0.9314488768577576,0.8957452774047852,0.9062924385070801,0.9377379417419434,0.9269710183143616,0.6496598720550537,1.852491855621338,0.9062924385070801,/scicore/home/schwede/barta0000/harvey_ds/originals/Sim9877_I102D_MRGPCRX2/boltz_with_template/output/boltz_results_Sim9877_I102D_MRGPCRX2/predictions/Sim9877_I102D_MRGPCRX2/Sim9877_I102D_MRGPCRX2_model_0.cif,0.76475,0.6342,0.6545,0.6089,5.800478299458822,5.233943462371826,6.367013136545817,0.1536304665837473,0.1849478295431692,1.687681496143341,1.1854931116104126,2.189869880676269,5.780952771504721,5.320658683776856,6.241246859232585,0.1503439196858275,0.1946525853855182,1.6365389227867126,1.1493016481399536,2.123776197433472,5.715998808542888,5.194554487864177,6.237443129221599,0.1561629777861429,0.2005091161901383,1.6068955659866333,1.089494705200195,2.1242964267730717,5.7975122928619385,5.254941463470459,6.340083122253418,0.1417511872301631,0.1927709289274956,1.646252691745758,1.1807719469070437,2.1117334365844727,5.5277563730875645,4.988554954528809,6.066957791646321,0.1610122944952945,0.2038760310629717,1.59024316072464,1.1986560821533203,1.9818302392959597,5.588859637578328,5.154272397359212,6.023446877797444,0.1520700936007675,0.1932067325634851,1.6439945101737976,1.380446195602417,1.9075428247451784,5.88802727063497,5.439738432566325,6.336316108703613,0.1748629951676686,0.1657697503649981,1.797155499458313,1.3783893585205078,2.215921640396118
Sim4784_W103D_MRGPCRX2,False,"A,B",12.08042988679847,75.42562713797035,414.83,15.0,12.098936170212768,69.36354852225838,0.326343,0.2244,0.0665,0.2265,0.6,0.7949999999999999,536.81,0.0,0.67,0.6441,0.69,7.804816346460458,89.11375,1962.56,66.37,7.222613636363638,85.1974460520643,0.557885,0.4776,0.3812,0.4246,0.8,0.85,1953.55,1.0,0.5899,0.38413836662047507,0.8050514267324882,15.286371548970541,53.709991455078125,72.48981,14.513816,0.6714549,,,,,,,0.5240175724029541,/scicore/home/schwede/barta0000/harvey_ds/originals/Sim4784_W103D_MRGPCRX2/chai_no_constraints/seed_1281/pred.model_idx_2.cif,0.6789015531539917,/scicore/home/schwede/barta0000/harvey_ds/originals/Sim4784_W103D_MRGPCRX2/chai_with_constraints/seed_4990/pred.model_idx_2.cif,0.5240175724029541,0.7950887680053711,0.45624974370002747,"[[0.9011346101760864, 0.8442370891571045]]","[[[0.9011346101760864, 0.45624974370002747], [0.37873828411102295, 0.8442370891571045]]]",0.45624974370002747,0.356328,0.2625,0.0386,0.2763,0.6789015531539917,0.832832932472229,0.6404186487197876,"[[0.9080188274383545, 0.8518809676170349]]","[[[0.9080188274383545, 0.6404186487197876], [0.6150097846984863, 0.8518809676170349]]]",0.6404186487197876,0.599592,0.386,0.3466,0.4224,0.8109869360923767,0.8847734332084656,0.8617713451385498,0.7982907891273499,0.6958040595054626,0.6264289021492004,1.9139134883880615,0.8617713451385498,/scicore/home/schwede/barta0000/harvey_ds/originals/Sim4784_W103D_MRGPCRX2/boltz_free/output/boltz_results_Sim4784_W103D_MRGPCRX2/predictions/Sim4784_W103D_MRGPCRX2/Sim4784_W103D_MRGPCRX2_model_0.cif,0.704123,0.198,0.1157,0.5607,0.8939622044563293,0.9010581970214844,0.8523598313331604,0.9043627977371216,0.874740719795227,0.6354986429214478,2.4421122074127197,0.8523598313331604,/scicore/home/schwede/barta0000/harvey_ds/originals/Sim4784_W103D_MRGPCRX2/boltz_with_template/output/boltz_results_Sim4784_W103D_MRGPCRX2/predictions/Sim4784_W103D_MRGPCRX2/Sim4784_W103D_MRGPCRX2_model_0.cif,0.668994,0.5658,0.4081,0.5381,6.313501834869385,6.253450393676758,6.373553276062012,0.1199217834519002,0.1639466241821905,1.8082143664360049,1.3624032735824585,2.254025459289551,5.752825816472371,5.364263375600179,6.141388257344564,0.1258432883986538,0.1668265993872011,1.7908003330230713,1.3680424690246582,2.2135581970214844,5.764368931452433,5.391632874806722,6.1371049880981445,0.1253607979666849,0.192967152268126,1.645235300064087,1.2213001251220703,2.0691704750061035,6.273650725682576,6.198760350545247,6.348541100819905,0.1190930644913201,0.1715366371658599,1.7629584074020386,1.3597118854522705,2.166204929351806,5.522095521291097,5.022019227345784,6.022171815236409,0.1427509271094164,0.1852642389854799,1.6859721541404724,1.3892772197723389,1.982667088508606,5.809547185897827,5.456768194834392,6.162326176961263,0.131017066065017,0.1874356514943883,1.6743196845054626,1.31112539768219,2.037513971328736,6.091436942418417,5.785789648691813,6.39708423614502,0.1429876692415407,0.1612680548169354,1.824687361717224,1.3835935592651367,2.2657811641693115
AT118i4h32_AGTR1,False,"A,B",11.528239916669962,78.04986081932773,241.77,7.91,7.356923076923077,76.92290897742781,0.640211,0.4392,0.2198,0.4281,0.82,0.79,347.19,0.0,0.87,0.9895,2.464,7.38358763058775,91.15811320754716,341.14,11.35,3.61031746031746,93.78149973551432,0.834026,0.6394,0.7885,0.6247,0.93,0.88,723.92,1.0,0.9889,0.5239048898993227,0.836707494995403,14.035692342122395,58.8934326171875,73.09332,14.57144,0.6799522,,,,,,,0.5188630819320679,/scicore/home/schwede/barta0000/harvey_ds/originals/AT118i4h32_AGTR1/chai_no_constraints/seed_1310/pred.model_idx_0.cif,0.810712456703186,/scicore/home/schwede/barta0000/harvey_ds/originals/AT118i4h32_AGTR1/chai_with_constraints/seed_2265/pred.model_idx_2.cif,0.5188630819320679,0.7646884322166443,0.45740675926208496,"[[0.8844592571258545, 0.7967235445976257]]","[[[0.8844592571258545, 0.45740675926208496], [0.41904503107070923, 0.7967235445976257]]]",0.45740675926208496,0.320103,0.2945,0.0285,0.2402,0.810712456703186,0.8944846391677856,0.7897694110870361,"[[0.899858832359314, 0.9029654264450073]]","[[[0.899858832359314, 0.7897694110870361], [0.759818971157074, 0.9029654264450073]]]",0.7897694110870361,0.776753,0.4143,0.5746,0.5363,0.8706681132316589,0.8820474743843079,0.9456659555435181,0.851918637752533,0.8251227140426636,0.6272572875022888,0.9335294365882874,0.9456659555435181,/scicore/home/schwede/barta0000/harvey_ds/originals/AT118i4h32_AGTR1/boltz_free/output/boltz_results_AT118i4h32_AGTR1/predictions/AT118i4h32_AGTR1/AT118i4h32_AGTR1_model_0.cif,0.868348,0.5393,0.4296,0.6388,0.8784918189048767,0.9235249161720276,0.9530187845230103,0.8598600625991821,0.8351733088493347,0.4556993246078491,0.6493163704872131,0.9530187845230103,/scicore/home/schwede/barta0000/harvey_ds/originals/AT118i4h32_AGTR1/boltz_with_template/output/boltz_results_AT118i4h32_AGTR1/predictions/AT118i4h32_AGTR1/AT118i4h32_AGTR1_model_0.cif,0.871298,0.5023,0.5615,0.6842,5.444169680277507,4.754980723063151,6.133358637491862,0.1808424080168612,0.1961770779188342,1.6287375688552856,1.2114572525024414,2.04601788520813,5.186676979064941,4.48160966237386,5.891744295756022,0.1552981420624155,0.1820406319410768,1.7035253643989563,1.3093043565750122,2.0977463722229004,4.937934835751852,4.060310125350952,5.815559546152751,0.1644527921712912,0.179904245130915,1.7153305411338806,1.4002751111984253,2.030385971069336,5.490343173344931,4.834426085154216,6.1462602615356445,0.161433197730509,0.2001969531193167,1.608453631401062,1.2233989238739014,1.9935083389282229,4.82409405708313,2.966261068979899,6.68192704518636,0.2165655198410793,0.1900798591792879,1.660310983657837,1.4870688915252686,1.8335530757904053,4.983698924382528,4.05793301264445,5.9094648361206055,0.1730793887095958,0.1725192637066671,1.7572463750839231,1.413691759109497,2.1008009910583496,5.285839716593424,4.274214744567871,6.297464688618978,0.2085778119020795,0.1527698673836479,1.87882262468338,1.5439773797988892,2.213667869567871
CH1_ACM3,False,"A,B",12.700778949582359,78.0714093137255,186.24,7.19,15.699999999999998,84.41462680519986,0.671542,0.48,0.5431,0.4567,0.86,0.77,452.11,0.0,0.92,0.9566,3.643,10.1756572997416,87.94048449612403,1485.72,49.8,11.356538461538463,95.75272698835893,0.816103,0.5897,0.8368,0.5812,0.92,0.82,2805.77,1.0,0.8856,0.7819501371051107,0.8140754384208078,19.775701363881428,54.91151428222656,74.289665,16.78757,0.6328246,,,,,,,0.3069521486759186,/scicore/home/schwede/barta0000/harvey_ds/originals/CH1_ACM3/chai_no_constraints/seed_3248/pred.model_idx_4.cif,0.7098547220230103,/scicore/home/schwede/barta0000/harvey_ds/originals/CH1_ACM3/chai_with_constraints/seed_4068/pred.model_idx_3.cif,0.3069521486759186,0.6576193571090698,0.21928533911705017,"[[0.8825398683547974, 0.7628398537635803]]","[[[0.8825398683547974, 0.21928533911705017], [0.14304450154304504, 0.7628398537635803]]]",0.21928533911705017,0.004882,0.1909,0.0104,0.0,0.7098547220230103,0.8030868768692017,0.6865466833114624,"[[0.9041115045547485, 0.7831470966339111]]","[[[0.9041115045547485, 0.6075537800788879], [0.6865466833114624, 0.7831470966339111]]]",0.6075537800788879,0.64627,0.354,0.4334,0.4397,0.8433684706687927,0.9335517883300781,0.9288045763969421,0.8220094442367554,0.8096275329589844,0.34344619512557983,1.1114459037780762,0.9288045763969421,/scicore/home/schwede/barta0000/harvey_ds/originals/CH1_ACM3/boltz_free/output/boltz_results_CH1_ACM3/predictions/CH1_ACM3/CH1_ACM3_model_0.cif,0.819661,0.4552,0.4797,0.5821,0.9147586822509766,0.9124199151992798,0.9089170694351196,0.9162190556526184,0.8783677816390991,0.48120346665382385,1.4822897911071777,0.9089170694351196,/scicore/home/schwede/barta0000/harvey_ds/originals/CH1_ACM3/boltz_with_template/output/boltz_results_CH1_ACM3/predictions/CH1_ACM3/CH1_ACM3_model_0.cif,0.731504,0.5222,0.5383,0.5389,5.589302460352579,5.547340234120687,5.631264686584473,0.173769543941602,0.1795707222307897,1.717186152935028,1.2564316987991333,2.177940607070923,4.826455275217692,4.211208502451579,5.441702047983806,0.1912019366062726,0.1579172509807795,1.8456841111183169,1.4901655912399292,2.201202630996704,4.828531463940938,4.174553473790486,5.48250945409139,0.1978406826214235,0.1656148941943299,1.7980901002883911,1.4759986400604248,2.1201815605163574,5.708422899246216,5.790378411610921,5.626467386881511,0.1709663950990181,0.1940400501422662,1.6396906971931458,1.175296664237976,2.1040847301483154,4.876568078994751,4.302101135253906,5.451035022735596,0.1822138547973332,0.1582304454386322,1.843702793121338,1.4263765811920166,2.261029005050659,4.787350972493489,4.242020924886067,5.332681020100911,0.2115994790142088,0.1658994054906086,1.7963736653327942,1.3737198114395142,2.219027519226074,5.161508639653524,4.575516859690349,5.747500419616699,0.1806839640226088,0.1466585256390298,1.9196483492851255,1.5801717042922974,2.259124994277954
