sample,binding,interface,af3_pae,af3_plddt,af3_interface_dG,af3_interface_dG_SASA_ratio,af3_ipae,af3_iplddt,af3_ipsae,af3_pdockq,af3_pdockq2,af3_lis,af3_iptm,af3_ptm,af3_pyros_binder_score,af3_rank,af3_ranking_score,af3_rank0_masif,cf_af3_rmsd,cf_pae,cf_plddt,cf_interface_dG,cf_interface_dG_SASA_ratio,cf_ipae,cf_iplddt,cf_ipsae,cf_pdockq,cf_pdockq2,cf_lis,cf_iptm,cf_ptm,cf_pyros_binder_score,cf_rank,cf_rank0_masif,pred_ilddt,pred_lddt,esmfold_ipae,esmfold_iplddt,esmfold_plddt,esmfold_pae,esmfold_ptm,chai_unconstrained_score,chai_unconstrained_model_path,chai_constrained_score,chai_constrained_model_path,chai_unconstrained_aggregate_score,chai_unconstrained_ptm,chai_unconstrained_iptm,chai_unconstrained_per_chain_ptm,chai_unconstrained_per_chain_pair_iptm,chai_unconstrained_interface_iptm,chai_unconstrained_ipsae,chai_unconstrained_pdockq,chai_unconstrained_pdockq2,chai_unconstrained_lis,chai_constrained_aggregate_score,chai_constrained_ptm,chai_constrained_iptm,chai_constrained_per_chain_ptm,chai_constrained_per_chain_pair_iptm,chai_constrained_interface_iptm,chai_constrained_ipsae,chai_constrained_pdockq,chai_constrained_pdockq2,chai_constrained_lis,boltz_free_confidence_score,boltz_free_ptm,boltz_free_iptm,boltz_free_plddt,boltz_free_iplddt,boltz_free_pde,boltz_free_ipde,boltz_free_per_chain_pair_iptm,boltz_free_model_path,boltz_free_ipsae,boltz_free_pdockq,boltz_free_pdockq2,boltz_free_lis,boltz_template_confidence_score,boltz_template_ptm,boltz_template_iptm,boltz_template_plddt,boltz_template_iplddt,boltz_template_pde,boltz_template_ipde,boltz_template_per_chain_pair_iptm,boltz_template_model_path,boltz_template_ipsae,boltz_template_pdockq,boltz_template_pdockq2,boltz_template_lis
nb_s37712_mpnn_2_PDL1,False,"A,B",9.990678819444444,81.38675420168067,57.17,2.45,5.506976744186046,70.0135879760737,0.1001,0.2315,0.0453,0.1509,0.34,0.83,-116.86,0.0,0.4,0.9914,0.3,4.059880034722222,94.135875,707.55,35.44,2.7551315789473687,90.42341464903296,0.672351,0.4946,0.6667,0.5894,0.81,0.87,178.27,1.0,0.0082,0.3013181040575292,0.8531647114725358,21.111833572387695,54.134727478027344,68.36968,17.40344,0.49233836,0.48294347524642944,/scicore/home/schwede/barta0000/germinal_ds/templates_originals/nb_s37712_mpnn_2_PDL1/chai_no_constraints/seed_2331/pred.model_idx_0.cif,0.49721020460128784,/scicore/home/schwede/barta0000/germinal_ds/templates_originals/nb_s37712_mpnn_2_PDL1/chai_with_constraints/seed_1644/pred.model_idx_0.cif,0.48294347524642944,0.7582892179489136,0.4141070246696472,"[[0.9158782958984375, 0.8801313042640686]]","[[[0.9158782958984375, 0.40487366914749146], [0.4141070246696472, 0.8801313042640686]]]",0.40487366914749146,0.254011,0.229,0.0896,0.294,0.49721020460128784,0.7553562521934509,0.43267369270324707,"[[0.9114024043083191, 0.9223845601081848]]","[[[0.9114024043083191, 0.3936489522457123], [0.43267369270324707, 0.9223845601081848]]]",0.3936489522457123,0.302036,0.2197,0.1802,0.3412,0.7527328729629517,0.7000892758369446,0.4234524965286255,0.8350529074668884,0.7649826407432556,0.7551783919334412,6.609478950500488,0.3489479422569275,/scicore/home/schwede/barta0000/germinal_ds/templates_originals/nb_s37712_mpnn_2_PDL1/boltz_free/output/boltz_results_nb_s37712_mpnn_2_PDL1/predictions/nb_s37712_mpnn_2_PDL1/nb_s37712_mpnn_2_PDL1_model_0.cif,0.106609,0.1704,0.0334,0.0906,0.8997496962547302,0.888390064239502,0.8098793625831604,0.9222171902656555,0.8846731185913086,0.3842807114124298,1.7505801916122437,0.8079877495765686,/scicore/home/schwede/barta0000/germinal_ds/templates_originals/nb_s37712_mpnn_2_PDL1/boltz_with_template/output/boltz_results_nb_s37712_mpnn_2_PDL1/predictions/nb_s37712_mpnn_2_PDL1/nb_s37712_mpnn_2_PDL1_model_0.cif,0.591772,0.3635,0.5455,0.6018
nb_s983700_mpnn_1_BHRF,False,"A,B",7.021542245370371,86.84844766930519,35.15,1.95,5.519444444444445,81.30813804448024,0.430267,0.2746,0.3988,0.3626,0.69,0.855,-130.89,0.0,0.71,0.9962,0.224,3.775038580246915,95.90739583333334,666.01,33.74,2.458382352941176,96.09694417317708,0.796993,0.4783,0.8589,0.6162,0.88,0.91,463.8,1.0,0.9949,0.9062269992809007,0.8800019458577384,18.540305614471436,44.94440460205078,72.06651,16.344053,0.5314323,0.7596439123153687,/scicore/home/schwede/barta0000/germinal_ds/templates_originals/nb_s983700_mpnn_1_BHRF/chai_no_constraints/seed_1363/pred.model_idx_4.cif,0.810227632522583,/scicore/home/schwede/barta0000/germinal_ds/templates_originals/nb_s983700_mpnn_1_BHRF/chai_with_constraints/seed_1957/pred.model_idx_3.cif,0.7596439123153687,0.838782012462616,0.7398593425750732,"[[0.8850921392440796, 0.9291619658470154]]","[[[0.8850921392440796, 0.7398593425750732], [0.5843915343284607, 0.9291619658470154]]]",0.7398593425750732,0.643788,0.2867,0.4846,0.419,0.810227632522583,0.874017596244812,0.7942801713943481,"[[0.8912460207939148, 0.9345695972442627]]","[[[0.8912460207939148, 0.7942801713943481], [0.6524177193641663, 0.9345695972442627]]]",0.7942801713943481,0.761425,0.2944,0.5834,0.4868,0.9149081110954285,0.8654066920280457,0.8446366190910339,0.9324760437011719,0.897262454032898,0.4153517484664917,1.519885778427124,0.7401176691055298,/scicore/home/schwede/barta0000/germinal_ds/templates_originals/nb_s983700_mpnn_1_BHRF/boltz_free/output/boltz_results_nb_s983700_mpnn_1_BHRF/predictions/nb_s983700_mpnn_1_BHRF/nb_s983700_mpnn_1_BHRF_model_0.cif,0.727684,0.3146,0.5468,0.4786,0.9098647236824036,0.8852875232696533,0.814781129360199,0.9336355924606323,0.8991622924804688,0.4199769198894501,1.4527034759521484,0.787254273891449,/scicore/home/schwede/barta0000/germinal_ds/templates_originals/nb_s983700_mpnn_1_BHRF/boltz_with_template/output/boltz_results_nb_s983700_mpnn_1_BHRF/predictions/nb_s983700_mpnn_1_BHRF/nb_s983700_mpnn_1_BHRF_model_0.cif,0.656369,0.3502,0.5857,0.5229
nb_s182729_mpnn_5_IL3,False,"A,B",5.079713600000001,89.94887480993411,66.76,4.06,4.064102564102564,92.19335235182686,0.690426,0.3779,0.8117,0.5665,0.83,0.87,-85.54,0.0,0.84,0.9893,0.175,3.5422448,96.49896,15977.85,884.33,2.3346153846153848,97.89129072620022,0.805195,0.4471,0.9271,0.6524,0.89,0.91,14462.19,1.0,0.9941,0.859901356498673,0.8939271577906593,25.168540000915527,54.68272018432617,53.04105,21.25849,0.46444976,0.2744919955730438,/scicore/home/schwede/barta0000/germinal_ds/templates_originals/nb_s182729_mpnn_5_IL3/chai_no_constraints/seed_1679/pred.model_idx_1.cif,0.6512075066566467,/scicore/home/schwede/barta0000/germinal_ds/templates_originals/nb_s182729_mpnn_5_IL3/chai_with_constraints/seed_1183/pred.model_idx_1.cif,0.2744919955730438,0.6067696809768677,0.19142256677150726,"[[0.9076899290084839, 0.30495065450668335]]","[[[0.9076899290084839, 0.18556593358516693], [0.19142256677150726, 0.30495065450668335]]]",0.18556593358516693,0.03328,0.1039,0.0116,0.0607,0.6512075066566467,0.7299339175224304,0.6315258741378784,"[[0.9307519197463989, 0.36889803409576416]]","[[[0.9307519197463989, 0.3806361258029938], [0.6315258741378784, 0.36889803409576416]]]",0.3806361258029938,0.323163,0.1124,0.1976,0.2341,0.8810701370239258,0.8964569568634033,0.8299837112426758,0.8938418030738831,0.8515629768371582,0.37894129753112793,1.1087934970855713,0.8084669709205627,/scicore/home/schwede/barta0000/germinal_ds/templates_originals/nb_s182729_mpnn_5_IL3/boltz_free/output/boltz_results_nb_s182729_mpnn_5_IL3/predictions/nb_s182729_mpnn_5_IL3/nb_s182729_mpnn_5_IL3_model_0.cif,0.651813,0.1479,0.4943,0.585,0.9197009205818176,0.8913989663124084,0.8253283500671387,0.9432940483093262,0.9169555902481079,0.3867866098880768,1.1776905059814453,0.8115801811218262,/scicore/home/schwede/barta0000/germinal_ds/templates_originals/nb_s182729_mpnn_5_IL3/boltz_with_template/output/boltz_results_nb_s182729_mpnn_5_IL3/predictions/nb_s182729_mpnn_5_IL3/nb_s182729_mpnn_5_IL3_model_0.cif,0.677985,0.277,0.6591,0.5996
nb_s105046_mpnn_2_IL3,False,"A,B",4.861342400000001,89.48341849770055,63.02,2.94,3.526136363636364,85.49228867133625,0.753162,0.4026,0.5049,0.6058,0.86,0.875,-114.18,0.0,0.87,0.9924,0.209,3.4538884799999994,95.67488,18060.71,769.5,2.118617021276596,93.6879075516102,0.819877,0.5229,0.8117,0.6836,0.89,0.91,12883.63,1.0,0.9903,0.8412851487447579,0.8514597529498821,23.579185705918533,61.13422393798828,54.562874,20.712872,0.47751755,0.2767341136932373,/scicore/home/schwede/barta0000/germinal_ds/templates_originals/nb_s105046_mpnn_2_IL3/chai_no_constraints/seed_1708/pred.model_idx_0.cif,0.37360429763793945,/scicore/home/schwede/barta0000/germinal_ds/templates_originals/nb_s105046_mpnn_2_IL3/chai_with_constraints/seed_147/pred.model_idx_2.cif,0.2767341136932373,0.5995271801948547,0.19603586196899414,"[[0.9269569516181946, 0.3172776699066162]]","[[[0.9269569516181946, 0.16429194808006287], [0.19603586196899414, 0.3172776699066162]]]",0.16429194808006287,0.016959,0.1244,0.0114,0.0046,0.37360429763793945,0.6861602663993835,0.2954653203487396,"[[0.9257946014404297, 0.36133983731269836]]","[[[0.9257946014404297, 0.2954653203487396], [0.28456711769104004, 0.36133983731269836]]]",0.2954653203487396,0.181899,0.1075,0.0325,0.2335,0.8104551434516907,0.8207306861877441,0.6709399223327637,0.8453338742256165,0.7681325078010559,0.4636891782283783,2.723781108856201,0.669617235660553,/scicore/home/schwede/barta0000/germinal_ds/templates_originals/nb_s105046_mpnn_2_IL3/boltz_free/output/boltz_results_nb_s105046_mpnn_2_IL3/predictions/nb_s105046_mpnn_2_IL3/nb_s105046_mpnn_2_IL3_model_0.cif,0.297407,0.0755,0.1133,0.3239,0.8608627319335938,0.8645299077033997,0.7526528835296631,0.8879151344299316,0.846255898475647,0.45698216557502747,2.438072681427002,0.7526528835296631,/scicore/home/schwede/barta0000/germinal_ds/templates_originals/nb_s105046_mpnn_2_IL3/boltz_with_template/output/boltz_results_nb_s105046_mpnn_2_IL3/predictions/nb_s105046_mpnn_2_IL3/nb_s105046_mpnn_2_IL3_model_0.cif,0.49123,0.1336,0.3481,0.4818
nb_s206217_mpnn_2_PDL1,False,"A,B",6.909809027777778,87.94894351464436,31.13,2.0,2.7767857142857144,85.82327262219069,0.357772,0.2379,0.4729,0.3137,0.69,0.85,-152.51,0.0,0.72,0.2087,0.264,3.2752055555555555,96.96454166666668,7942.76,504.7,1.886379310344827,97.09906148910522,0.791843,0.3647,0.8956,0.6825,0.89,0.92,27792.81,1.0,0.5578,0.8208620032768497,0.896097855945834,11.886898205830501,68.25888061523438,72.052635,13.024297,0.6072079,0.8406291007995605,/scicore/home/schwede/barta0000/germinal_ds/templates_originals/nb_s206217_mpnn_2_PDL1/chai_no_constraints/seed_1358/pred.model_idx_4.cif,0.8488590121269226,/scicore/home/schwede/barta0000/germinal_ds/templates_originals/nb_s206217_mpnn_2_PDL1/chai_with_constraints/seed_1570/pred.model_idx_2.cif,0.8406291007995605,0.9151676893234253,0.821994423866272,"[[0.92625492811203, 0.9351251125335693]]","[[[0.92625492811203, 0.821994423866272], [0.774485170841217, 0.9351251125335693]]]",0.821994423866272,0.810216,0.3201,0.7675,0.644,0.8488590121269226,0.9198712706565857,0.8311059474945068,"[[0.9272911548614502, 0.9363803267478943]]","[[[0.9272911548614502, 0.8311059474945068], [0.7861510515213013, 0.9363803267478943]]]",0.8311059474945068,0.824108,0.3159,0.7806,0.6535,0.9078943133354187,0.899357795715332,0.8451284170150757,0.923585832118988,0.8941782116889954,0.35518649220466614,1.3703243732452393,0.810401976108551,/scicore/home/schwede/barta0000/germinal_ds/templates_originals/nb_s206217_mpnn_2_PDL1/boltz_free/output/boltz_results_nb_s206217_mpnn_2_PDL1/predictions/nb_s206217_mpnn_2_PDL1/nb_s206217_mpnn_2_PDL1_model_0.cif,0.612477,0.2256,0.5521,0.5961,0.9460698962211609,0.9501639604568481,0.9428775906562805,0.9468679428100586,0.9278295636177063,0.2891543209552765,0.4948355257511139,0.9068731665611267,/scicore/home/schwede/barta0000/germinal_ds/templates_originals/nb_s206217_mpnn_2_PDL1/boltz_with_template/output/boltz_results_nb_s206217_mpnn_2_PDL1/predictions/nb_s206217_mpnn_2_PDL1/nb_s206217_mpnn_2_PDL1_model_0.cif,0.895005,0.2797,0.7917,0.7561
nb_s883690_mpnn_4_PDL1,False,"A,B",6.504095486111111,87.48121465968586,20.89,1.75,2.680645161290322,88.01596374592323,0.564204,0.2029,0.7023,0.4504,0.79,0.845,-95.89,0.0,0.79,0.8515,0.241,3.6150411458333336,96.23575,8684.78,534.71,1.840833333333333,96.4935714176723,0.764418,0.3002,0.8829,0.6441,0.88,0.89,15556.2,1.0,0.9961,0.8394907044503168,0.8883277264874019,22.474360466003418,53.76054382324219,65.10594,18.004526,0.4743842,0.36100220680236816,/scicore/home/schwede/barta0000/germinal_ds/templates_originals/nb_s883690_mpnn_4_PDL1/chai_no_constraints/seed_1220/pred.model_idx_0.cif,0.806693971157074,/scicore/home/schwede/barta0000/germinal_ds/templates_originals/nb_s883690_mpnn_4_PDL1/chai_with_constraints/seed_3792/pred.model_idx_3.cif,0.36100220680236816,0.66927170753479,0.2839348316192627,"[[0.8474244475364685, 0.8857139945030212]]","[[[0.8474244475364685, 0.2839348316192627], [0.2796785831451416, 0.8857139945030212]]]",0.2839348316192627,0.148349,0.0721,0.0215,0.1329,0.806693971157074,0.8772825598716736,0.7890468239784241,"[[0.9036661386489868, 0.9306634664535522]]","[[[0.9036661386489868, 0.7890468239784241], [0.7277567982673645, 0.9306634664535522]]]",0.7890468239784241,0.766543,0.2221,0.6164,0.5887,0.7930704355239868,0.732578456401825,0.5859659910202026,0.8448465466499329,0.7612205147743225,0.6364920735359192,3.499781370162964,0.5088484287261963,/scicore/home/schwede/barta0000/germinal_ds/templates_originals/nb_s883690_mpnn_4_PDL1/boltz_free/output/boltz_results_nb_s883690_mpnn_4_PDL1/predictions/nb_s883690_mpnn_4_PDL1/nb_s883690_mpnn_4_PDL1_model_0.cif,0.219416,0.0831,0.0702,0.2335,0.8792436718940735,0.8355585336685181,0.7522992491722107,0.9109798073768616,0.881015956401825,0.41860607266426086,1.7225916385650635,0.7161873579025269,/scicore/home/schwede/barta0000/germinal_ds/templates_originals/nb_s883690_mpnn_4_PDL1/boltz_with_template/output/boltz_results_nb_s883690_mpnn_4_PDL1/predictions/nb_s883690_mpnn_4_PDL1/nb_s883690_mpnn_4_PDL1_model_0.cif,0.513489,0.2352,0.5263,0.5234
nb_s795450_mpnn_4_BHRF,False,"A,B",5.682433931327161,88.0135843240863,108.7,4.95,3.322619047619048,85.1050792172051,0.658875,0.399,0.5489,0.5179,0.82,0.875,-93.67,0.0,0.83,0.9968,0.201,3.460551094714506,95.68270833333332,7523.07,310.91,2.0298809523809527,95.81499953497024,0.840755,0.5421,0.8658,0.6657,0.9,0.93,6393.63,1.0,0.9968,0.924622969645045,0.8920802830538554,15.681841055552164,49.45336151123047,74.211945,15.20403,0.54216385,0.5206495523452759,/scicore/home/schwede/barta0000/germinal_ds/templates_originals/nb_s795450_mpnn_4_BHRF/chai_no_constraints/seed_1040/pred.model_idx_1.cif,0.7653548121452332,/scicore/home/schwede/barta0000/germinal_ds/templates_originals/nb_s795450_mpnn_4_BHRF/chai_with_constraints/seed_1099/pred.model_idx_4.cif,0.5206495523452759,0.7718383073806763,0.4578523635864258,"[[0.8900174498558044, 0.9166088104248047]]","[[[0.8900174498558044, 0.4578523635864258], [0.43302980065345764, 0.9166088104248047]]]",0.4578523635864258,0.291539,0.1435,0.0779,0.2483,0.7653548121452332,0.891719400882721,0.7337636351585388,"[[0.9236509799957275, 0.9088115692138672]]","[[[0.9236509799957275, 0.6881296038627625], [0.7337636351585388, 0.9088115692138672]]]",0.6881296038627625,0.703615,0.324,0.374,0.5627,0.8701508641242981,0.8966233730316162,0.8173729181289673,0.883345365524292,0.7797099351882935,0.4096987247467041,1.897823691368103,0.8173729181289673,/scicore/home/schwede/barta0000/germinal_ds/templates_originals/nb_s795450_mpnn_4_BHRF/boltz_free/output/boltz_results_nb_s795450_mpnn_4_BHRF/predictions/nb_s795450_mpnn_4_BHRF/nb_s795450_mpnn_4_BHRF_model_0.cif,0.552183,0.1686,0.179,0.5082,0.8327887654304504,0.7787134647369385,0.5918520092964172,0.8930229544639587,0.8209917545318604,0.7181873321533203,5.661296367645264,0.5918520092964172,/scicore/home/schwede/barta0000/germinal_ds/templates_originals/nb_s795450_mpnn_4_BHRF/boltz_with_template/output/boltz_results_nb_s795450_mpnn_4_BHRF/predictions/nb_s795450_mpnn_4_BHRF/nb_s795450_mpnn_4_BHRF_model_0.cif,0.205412,0.2485,0.0603,0.1719
nb_s731266_mpnn_5_PDL1,False,"A,B",6.398048611111112,85.6595585106383,109.88,5.39,3.725,85.11433037312672,0.585177,0.4115,0.5072,0.4869,0.78,0.84,-93.44,0.0,0.79,0.9957,0.245,3.639914930555556,95.44141666666664,10061.77,577.11,2.4183720930232555,94.90675086975098,0.777354,0.5377,0.8191,0.6542,0.87,0.9,17392.07,1.0,0.9713,0.9201586834203015,0.8807995815464988,,,68.95714,17.605133,0.48036247,0.5113435387611389,/scicore/home/schwede/barta0000/germinal_ds/templates_originals/nb_s731266_mpnn_5_PDL1/chai_no_constraints/seed_7250/pred.model_idx_0.cif,0.6217178702354431,/scicore/home/schwede/barta0000/germinal_ds/templates_originals/nb_s731266_mpnn_5_PDL1/chai_with_constraints/seed_1726/pred.model_idx_1.cif,0.5113435387611389,0.7612877488136292,0.44885748624801636,"[[0.9091227054595947, 0.8730913400650024]]","[[[0.9091227054595947, 0.44104310870170593], [0.44885748624801636, 0.8730913400650024]]]",0.44104310870170593,0.251246,0.2095,0.0756,0.2763,0.6217178702354431,0.8096902370452881,0.5747247934341431,"[[0.9089444279670715, 0.9231696724891663]]","[[[0.9089444279670715, 0.5177867412567139], [0.5747247934341431, 0.9231696724891663]]]",0.5177867412567139,0.472913,0.2374,0.3888,0.4846,0.8495977520942688,0.9084614515304565,0.8484110832214355,0.8498943448066711,0.7921586036682129,0.37234020233154297,1.2332345247268677,0.8484110832214355,/scicore/home/schwede/barta0000/germinal_ds/templates_originals/nb_s731266_mpnn_5_PDL1/boltz_free/output/boltz_results_nb_s731266_mpnn_5_PDL1/predictions/nb_s731266_mpnn_5_PDL1/nb_s731266_mpnn_5_PDL1_model_0.cif,0.649729,0.2274,0.3661,0.6136,0.8676847815513611,0.8543642163276672,0.7395349740982056,0.899722158908844,0.8655838966369629,0.626966118812561,3.28031325340271,0.7395349740982056,/scicore/home/schwede/barta0000/germinal_ds/templates_originals/nb_s731266_mpnn_5_PDL1/boltz_with_template/output/boltz_results_nb_s731266_mpnn_5_PDL1/predictions/nb_s731266_mpnn_5_PDL1/nb_s731266_mpnn_5_PDL1_model_0.cif,0.363275,0.3444,0.3132,0.4015
nb_s299383_mpnn_3_BHRF,False,"A,B",5.983534673996913,88.42555896536608,30.54,1.76,6.2435897435897445,83.51329693493267,0.520343,0.24,0.4848,0.449,0.76,0.875,-71.74,0.0,0.77,0.0331,0.28,3.8083124758873463,96.17996527777778,22203.05,992.48,3.5172972972972976,95.57999958711513,0.724377,0.3846,0.8487,0.6041,0.86,0.9,28395.27,1.0,0.0083,0.8505736884080817,0.8454363544315495,15.949087333679199,56.184539794921875,75.2872,15.3623905,0.5401925,0.31904351711273193,/scicore/home/schwede/barta0000/germinal_ds/templates_originals/nb_s299383_mpnn_3_BHRF/chai_no_constraints/seed_1671/pred.model_idx_0.cif,0.4652765989303589,/scicore/home/schwede/barta0000/germinal_ds/templates_originals/nb_s299383_mpnn_3_BHRF/chai_with_constraints/seed_3954/pred.model_idx_1.cif,0.31904351711273193,0.6380945444107056,0.23928077518939972,"[[0.9310535192489624, 0.9045330882072449]]","[[[0.9310535192489624, 0.23928077518939972], [0.2002185881137848, 0.9045330882072449]]]",0.23928077518939972,0.062459,0.0576,0.0162,0.027,0.4652765989303589,0.7266486287117004,0.3999336063861847,"[[0.9316034317016602, 0.9064071178436279]]","[[[0.9316034317016602, 0.3999336063861847], [0.3742521405220032, 0.9064071178436279]]]",0.3999336063861847,0.267716,0.0824,0.1511,0.225,0.8269092440605164,0.7664703726768494,0.5789908766746521,0.8888888955116272,0.824314296245575,0.49470049142837524,4.152130126953125,0.5789908766746521,/scicore/home/schwede/barta0000/germinal_ds/templates_originals/nb_s299383_mpnn_3_BHRF/boltz_free/output/boltz_results_nb_s299383_mpnn_3_BHRF/predictions/nb_s299383_mpnn_3_BHRF/nb_s299383_mpnn_3_BHRF_model_0.cif,0.227722,0.1012,0.0714,0.1725,0.7929262518882751,0.6639427542686462,0.38729554414749146,0.8943339586257935,0.8276903629302979,0.7092578411102295,8.232870101928711,0.38729554414749146,/scicore/home/schwede/barta0000/germinal_ds/templates_originals/nb_s299383_mpnn_3_BHRF/boltz_with_template/output/boltz_results_nb_s299383_mpnn_3_BHRF/predictions/nb_s299383_mpnn_3_BHRF/nb_s299383_mpnn_3_BHRF_model_0.cif,0.071673,0.0861,0.0245,0.0295
nb_s826150_mpnn_1_PDL1,False,"A,B",6.237305555555555,88.31005313496281,16.0,1.28,2.8166666666666673,87.82487467662595,0.538049,0.2911,0.5731,0.418,0.79,0.855,-161.79,0.0,0.8,0.9969,0.21,3.3344942708333334,96.85504166666666,991.69,82.39,1.9646666666666666,97.4456657409668,0.83077,0.4189,0.91,0.6823,0.91,0.91,655.93,1.0,0.9947,0.8801976090370365,0.924029925223537,20.88524627685547,50.503414154052734,68.36639,17.373734,0.4956522,0.8035067319869995,/scicore/home/schwede/barta0000/germinal_ds/templates_originals/nb_s826150_mpnn_1_PDL1/chai_no_constraints/seed_5451/pred.model_idx_3.cif,0.5932979583740234,/scicore/home/schwede/barta0000/germinal_ds/templates_originals/nb_s826150_mpnn_1_PDL1/chai_with_constraints/seed_2227/pred.model_idx_1.cif,0.8035067319869995,0.8837577104568481,0.7834439277648926,"[[0.9294506907463074, 0.890034556388855]]","[[[0.9294506907463074, 0.7834439277648926], [0.7376214265823364, 0.890034556388855]]]",0.7834439277648926,0.714884,0.2537,0.5242,0.5683,0.5932979583740234,0.8094109296798706,0.5392696857452393,"[[0.9181227087974548, 0.9257016181945801]]","[[[0.9181227087974548, 0.5098648071289062], [0.5392696857452393, 0.9257016181945801]]]",0.5098648071289062,0.419862,0.1166,0.3309,0.4468,0.8528398871421814,0.8370433449745178,0.734177827835083,0.8825053572654724,0.8091651797294617,0.4801924526691437,2.422405481338501,0.6631914973258972,/scicore/home/schwede/barta0000/germinal_ds/templates_originals/nb_s826150_mpnn_1_PDL1/boltz_free/output/boltz_results_nb_s826150_mpnn_1_PDL1/predictions/nb_s826150_mpnn_1_PDL1/nb_s826150_mpnn_1_PDL1_model_0.cif,0.398333,0.1224,0.1611,0.3845,0.8853389620780945,0.8587151765823364,0.7482351064682007,0.9196149706840515,0.8712242245674133,0.41718149185180664,2.9116291999816895,0.7184316515922546,/scicore/home/schwede/barta0000/germinal_ds/templates_originals/nb_s826150_mpnn_1_PDL1/boltz_with_template/output/boltz_results_nb_s826150_mpnn_1_PDL1/predictions/nb_s826150_mpnn_1_PDL1/nb_s826150_mpnn_1_PDL1_model_0.cif,0.398607,0.2271,0.2955,0.4406
nb_s462498_mpnn_2_PDL1,False,"A,B",5.683803819444445,87.25023995826814,-5.24,-0.35,4.51,81.89940035251493,0.571545,0.2946,0.6228,0.5047,0.79,0.86,-182.73,0.0,0.8,0.8048,0.634,4.172118229166666,93.27520833333334,26168.78,1278.41,2.9178378378378373,90.99697043678977,0.768754,0.3979,0.7745,0.6476,0.88,0.89,22990.28,1.0,0.9876,0.7860581275452081,0.861609650381669,21.769539833068848,48.40778350830078,65.600815,17.988846,0.47210807,0.8254572153091431,/scicore/home/schwede/barta0000/germinal_ds/templates_originals/nb_s462498_mpnn_2_PDL1/chai_no_constraints/seed_4100/pred.model_idx_3.cif,0.3565821349620819,/scicore/home/schwede/barta0000/germinal_ds/templates_originals/nb_s462498_mpnn_2_PDL1/chai_with_constraints/seed_1972/pred.model_idx_0.cif,0.8254572153091431,0.8911566138267517,0.8090323805809021,"[[0.9158298373222351, 0.930917501449585]]","[[[0.9158298373222351, 0.8090323805809021], [0.7597200870513916, 0.930917501449585]]]",0.8090323805809021,0.78853,0.2959,0.6142,0.6204,0.3565821349620819,0.665856659412384,0.2792634963989258,"[[0.8967191576957703, 0.8797643780708313]]","[[[0.8967191576957703, 0.2570575177669525], [0.2792634963989258, 0.8797643780708313]]]",0.2570575177669525,0.114793,0.1202,0.0169,0.0945,0.780433177947998,0.7628179788589478,0.6157217025756836,0.8216110467910767,0.7554492354393005,0.6287269592285156,4.5614190101623535,0.5811211466789246,/scicore/home/schwede/barta0000/germinal_ds/templates_originals/nb_s462498_mpnn_2_PDL1/boltz_free/output/boltz_results_nb_s462498_mpnn_2_PDL1/predictions/nb_s462498_mpnn_2_PDL1/nb_s462498_mpnn_2_PDL1_model_0.cif,0.177856,0.1503,0.0602,0.1593,0.8447940945625305,0.8027406930923462,0.6671530604362488,0.8892043828964233,0.8476864099502563,0.5618104934692383,3.3926398754119873,0.6671530604362488,/scicore/home/schwede/barta0000/germinal_ds/templates_originals/nb_s462498_mpnn_2_PDL1/boltz_with_template/output/boltz_results_nb_s462498_mpnn_2_PDL1/predictions/nb_s462498_mpnn_2_PDL1/nb_s462498_mpnn_2_PDL1_model_0.cif,0.308666,0.2884,0.2256,0.3203
nb_s752383_mpnn_5_IL20,False,"A,B",4.649730867346938,89.70704984283789,70.84,3.62,3.105813953488372,89.54582825098001,0.751534,0.4335,0.7452,0.6045,0.85,0.89,-60.26,0.0,0.86,0.9221,0.211,3.8321156887755103,95.13978571428571,1067.23,31.0,2.481923076923077,95.8422498703003,0.791994,0.5102,0.8621,0.626,0.88,0.9,1878.34,1.0,0.6642,0.8680148048980487,0.888562468281415,18.585601806640625,56.160362243652344,72.686935,15.393266,0.5280192,0.8341071605682373,/scicore/home/schwede/barta0000/germinal_ds/templates_originals/nb_s752383_mpnn_5_IL20/chai_no_constraints/seed_1840/pred.model_idx_1.cif,0.36544814705848694,/scicore/home/schwede/barta0000/germinal_ds/templates_originals/nb_s752383_mpnn_5_IL20/chai_with_constraints/seed_353/pred.model_idx_1.cif,0.8341071605682373,0.9144558906555176,0.8140199184417725,"[[0.9225444793701172, 0.9161826968193054]]","[[[0.9225444793701172, 0.8140199184417725], [0.8062699437141418, 0.9161826968193054]]]",0.8140199184417725,0.795195,0.3796,0.7485,0.5906,0.36544814705848694,0.6335418820381165,0.29842472076416016,"[[0.8996588587760925, 0.6386994123458862]]","[[[0.8996588587760925, 0.29842472076416016], [0.2651934325695038, 0.6386994123458862]]]",0.29842472076416016,0.16131,0.2425,0.0303,0.1374,0.6374889612197876,0.7875173091888428,0.6768946647644043,0.627637505531311,0.567211925983429,0.9459197521209717,4.800505638122559,0.6768946647644043,/scicore/home/schwede/barta0000/germinal_ds/templates_originals/nb_s752383_mpnn_5_IL20/boltz_free/output/boltz_results_nb_s752383_mpnn_5_IL20/predictions/nb_s752383_mpnn_5_IL20/nb_s752383_mpnn_5_IL20_model_0.cif,0.244282,0.1061,0.0239,0.2403,0.8917644619941711,0.9191480278968811,0.888539731502533,0.8925706148147583,0.8651595711708069,0.588624894618988,1.9045299291610718,0.888539731502533,/scicore/home/schwede/barta0000/germinal_ds/templates_originals/nb_s752383_mpnn_5_IL20/boltz_with_template/output/boltz_results_nb_s752383_mpnn_5_IL20/predictions/nb_s752383_mpnn_5_IL20/nb_s752383_mpnn_5_IL20_model_0.cif,0.769176,0.5819,0.4675,0.6048
nb_s926337_mpnn_1_PDL1,False,"A,B",10.929741319444446,84.16757029177718,116.99,11.12,5.2447368421052625,71.58700643646377,0.029868,0.0745,0.0289,0.0552,0.31,0.85,-8.31,0.0,0.36,0.6386,0.202,7.667903125,91.91525,16423.81,726.38,3.0044736842105264,85.60380953834171,0.156623,0.1556,0.1066,0.1519,0.49,0.72,26145.23,1.0,0.6728,0.2547383894151027,0.8366672178258315,,,67.15314,17.724316,0.4803159,0.38397932052612305,/scicore/home/schwede/barta0000/germinal_ds/templates_originals/nb_s926337_mpnn_1_PDL1/chai_no_constraints/seed_3576/pred.model_idx_1.cif,0.49439263343811035,/scicore/home/schwede/barta0000/germinal_ds/templates_originals/nb_s926337_mpnn_1_PDL1/chai_with_constraints/seed_1783/pred.model_idx_2.cif,0.38397932052612305,0.7099801898002625,0.302479088306427,"[[0.9261921644210815, 0.8837917447090149]]","[[[0.9261921644210815, 0.302479088306427], [0.29632025957107544, 0.8837917447090149]]]",0.302479088306427,0.153149,0.0672,0.0224,0.1331,0.49439263343811035,0.7689445614814758,0.4257546663284302,"[[0.9263540506362915, 0.8866651654243469]]","[[[0.9263540506362915, 0.4110216796398163], [0.4257546663284302, 0.8866651654243469]]]",0.4110216796398163,0.307883,0.1493,0.1736,0.3464,0.8301652073860168,0.8355697393417358,0.7071542739868164,0.8609179258346558,0.7836182117462158,0.5105982422828674,2.325730085372925,0.6658228039741516,/scicore/home/schwede/barta0000/germinal_ds/templates_originals/nb_s926337_mpnn_1_PDL1/boltz_free/output/boltz_results_nb_s926337_mpnn_1_PDL1/predictions/nb_s926337_mpnn_1_PDL1/nb_s926337_mpnn_1_PDL1_model_0.cif,0.34726,0.1282,0.1657,0.3896,0.8581234216690063,0.8497565388679504,0.7113300561904907,0.8948217034339905,0.8491400480270386,0.6337543725967407,5.367012977600098,0.6740422248840332,/scicore/home/schwede/barta0000/germinal_ds/templates_originals/nb_s926337_mpnn_1_PDL1/boltz_with_template/output/boltz_results_nb_s926337_mpnn_1_PDL1/predictions/nb_s926337_mpnn_1_PDL1/nb_s926337_mpnn_1_PDL1_model_0.cif,0.263932,0.2047,0.143,0.2961
nb_s105306_mpnn_2_BHRF,False,"A,B",5.242582947530865,89.76932390631904,57.36,2.65,3.632222222222222,88.80167469232357,0.700666,0.4583,0.6721,0.5646,0.85,0.885,35.8,0.0,0.85,0.9949,0.195,3.3386898389274697,96.36815972222222,16473.28,748.48,2.2003125000000003,96.61568277532405,0.823688,0.5453,0.8807,0.6732,0.9,0.93,16239.12,1.0,0.9752,0.8405779428901123,0.8557465491730747,15.904438877105713,47.45720672607422,73.758766,14.549353,0.5553838,0.6147971749305725,/scicore/home/schwede/barta0000/germinal_ds/templates_originals/nb_s105306_mpnn_2_BHRF/chai_no_constraints/seed_2025/pred.model_idx_4.cif,0.599897027015686,/scicore/home/schwede/barta0000/germinal_ds/templates_originals/nb_s105306_mpnn_2_BHRF/chai_with_constraints/seed_3238/pred.model_idx_4.cif,0.6147971749305725,0.8226357102394104,0.562837541103363,"[[0.9164183139801025, 0.9224730134010315]]","[[[0.9164183139801025, 0.5580517649650574], [0.562837541103363, 0.9224730134010315]]]",0.5580517649650574,0.403622,0.1863,0.2391,0.3717,0.599897027015686,0.8241766691207886,0.5438271164894104,"[[0.9157121777534485, 0.922823429107666]]","[[[0.9157121777534485, 0.5435625910758972], [0.5438271164894104, 0.922823429107666]]]",0.5435625910758972,0.41443,0.1724,0.2664,0.3854,0.8218110203742981,0.7867968678474426,0.5826066732406616,0.8816120624542236,0.782664954662323,0.5438988208770752,3.876042366027832,0.5770953893661499,/scicore/home/schwede/barta0000/germinal_ds/templates_originals/nb_s105306_mpnn_2_BHRF/boltz_free/output/boltz_results_nb_s105306_mpnn_2_BHRF/predictions/nb_s105306_mpnn_2_BHRF/nb_s105306_mpnn_2_BHRF_model_0.cif,0.259975,0.1279,0.0679,0.2093,0.8350966572761536,0.789743185043335,0.5776684880256653,0.8994536995887756,0.8270899057388306,0.5948349237442017,4.5638861656188965,0.5776684880256653,/scicore/home/schwede/barta0000/germinal_ds/templates_originals/nb_s105306_mpnn_2_BHRF/boltz_with_template/output/boltz_results_nb_s105306_mpnn_2_BHRF/predictions/nb_s105306_mpnn_2_BHRF/nb_s105306_mpnn_2_BHRF_model_0.cif,0.228209,0.1944,0.1246,0.213
nb_s870461_mpnn_4_IL3,False,"A,B",4.98276,89.8131753312946,15.82,0.85,4.525609756097561,89.48472551496877,0.767105,0.4632,0.7012,0.6192,0.86,0.875,-120.08,0.0,0.88,0.9949,0.373,4.12720336,94.716,17246.52,1036.35,3.024,94.64916653103299,0.801368,0.5148,0.8315,0.6529,0.89,0.9,11670.33,1.0,0.9801,0.7902300717387272,0.8446114793962978,26.9726469039917,41.94577407836914,52.332928,21.420416,0.4546208,0.25089210271835327,/scicore/home/schwede/barta0000/germinal_ds/templates_originals/nb_s870461_mpnn_4_IL3/chai_no_constraints/seed_3056/pred.model_idx_1.cif,0.5198135375976562,/scicore/home/schwede/barta0000/germinal_ds/templates_originals/nb_s870461_mpnn_4_IL3/chai_with_constraints/seed_1536/pred.model_idx_0.cif,0.25089210271835327,0.590873122215271,0.16589686274528503,"[[0.8912906050682068, 0.31296706199645996]]","[[[0.8912906050682068, 0.16589686274528503], [0.1225915402173996, 0.31296706199645996]]]",0.16589686274528503,0.026147,0.0741,0.0106,0.0212,0.5198135375976562,0.7430295348167419,0.46400952339172363,"[[0.9035822153091431, 0.50124192237854]]","[[[0.9035822153091431, 0.42644888162612915], [0.46400952339172363, 0.50124192237854]]]",0.42644888162612915,0.334985,0.1554,0.2352,0.3575,0.8130952715873718,0.8504471182823181,0.7310728430747986,0.8336009383201599,0.7395830154418945,0.44293487071990967,2.1409356594085693,0.7310728430747986,/scicore/home/schwede/barta0000/germinal_ds/templates_originals/nb_s870461_mpnn_4_IL3/boltz_free/output/boltz_results_nb_s870461_mpnn_4_IL3/predictions/nb_s870461_mpnn_4_IL3/nb_s870461_mpnn_4_IL3_model_0.cif,0.387272,0.1059,0.1267,0.4079,0.9352229237556458,0.9115697145462036,0.8670766949653625,0.9522594213485718,0.9366550445556641,0.3941363990306854,1.6395232677459717,0.8670766949653625,/scicore/home/schwede/barta0000/germinal_ds/templates_originals/nb_s870461_mpnn_4_IL3/boltz_with_template/output/boltz_results_nb_s870461_mpnn_4_IL3/predictions/nb_s870461_mpnn_4_IL3/nb_s870461_mpnn_4_IL3_model_0.cif,0.707808,0.4159,0.7284,0.6203
nb_s622643_mpnn_2_PDL1,False,"A,B",6.542269097222222,86.59406067056945,-9.16,-0.83,2.4595238095238097,87.96553784865839,0.535252,0.2322,0.7173,0.444,0.78,0.845,-170.89,0.0,0.79,0.6123,0.33,3.4110581597222223,96.57895833333332,561.85,50.36,1.6090909090909091,97.49666522798084,0.783966,0.3399,0.8948,0.6683,0.89,0.91,448.18,1.0,0.2463,0.7770505606932355,0.8749553608567792,,,67.53502,17.848118,0.48313874,0.5702720284461975,/scicore/home/schwede/barta0000/germinal_ds/templates_originals/nb_s622643_mpnn_2_PDL1/chai_no_constraints/seed_2851/pred.model_idx_4.cif,0.6727098226547241,/scicore/home/schwede/barta0000/germinal_ds/templates_originals/nb_s622643_mpnn_2_PDL1/chai_with_constraints/seed_4997/pred.model_idx_0.cif,0.5702720284461975,0.7831999063491821,0.5170400738716125,"[[0.897167444229126, 0.8906635046005249]]","[[[0.897167444229126, 0.4665199816226959], [0.5170400738716125, 0.8906635046005249]]]",0.4665199816226959,0.413757,0.1266,0.2009,0.4301,0.6727098226547241,0.8348016738891602,0.6321868300437927,"[[0.9182326197624207, 0.8938049674034119]]","[[[0.9182326197624207, 0.5821099877357483], [0.6321868300437927, 0.8938049674034119]]]",0.5821099877357483,0.56578,0.1707,0.3927,0.5239,0.8925882577896118,0.9123470187187195,0.8927913904190063,0.8925374150276184,0.8511760830879211,0.3239319324493408,0.766360878944397,0.8573212623596191,/scicore/home/schwede/barta0000/germinal_ds/templates_originals/nb_s622643_mpnn_2_PDL1/boltz_free/output/boltz_results_nb_s622643_mpnn_2_PDL1/predictions/nb_s622643_mpnn_2_PDL1/nb_s622643_mpnn_2_PDL1_model_0.cif,0.782957,0.1816,0.5311,0.6615,0.8704090118408203,0.8718156814575195,0.7941597104072571,0.8894713521003723,0.8166961669921875,0.37380698323249817,1.4120837450027466,0.7474775910377502,/scicore/home/schwede/barta0000/germinal_ds/templates_originals/nb_s622643_mpnn_2_PDL1/boltz_with_template/output/boltz_results_nb_s622643_mpnn_2_PDL1/predictions/nb_s622643_mpnn_2_PDL1/nb_s622643_mpnn_2_PDL1_model_0.cif,0.550084,0.1151,0.314,0.5601
nb_s829439_mpnn_5_PDL1,False,"A,B",5.825503472222223,86.81858575197889,31.78,1.49,3.5223404255319157,84.89356499904147,0.641843,0.4088,0.6307,0.5372,0.79,0.845,-173.79,0.0,0.8,0.9921,0.332,3.533837152777778,95.51062500000002,15357.91,596.84,2.0479000000000003,94.63957457846783,0.800787,0.5443,0.8485,0.691,0.88,0.91,27689.48,1.0,0.9933,0.7873677767321254,0.8437365178712757,,,68.76911,17.581245,0.48655087,0.4307531714439392,/scicore/home/schwede/barta0000/germinal_ds/templates_originals/nb_s829439_mpnn_5_PDL1/chai_no_constraints/seed_1933/pred.model_idx_1.cif,0.5994840860366821,/scicore/home/schwede/barta0000/germinal_ds/templates_originals/nb_s829439_mpnn_5_PDL1/chai_with_constraints/seed_2128/pred.model_idx_2.cif,0.4307531714439392,0.723045289516449,0.35768014192581177,"[[0.9003115892410278, 0.8766437768936157]]","[[[0.9003115892410278, 0.34576117992401123], [0.35768014192581177, 0.8766437768936157]]]",0.34576117992401123,0.186216,0.1706,0.0314,0.207,0.5994840860366821,0.810619056224823,0.5467003583908081,"[[0.9065174460411072, 0.8859668374061584]]","[[[0.9065174460411072, 0.5196557641029358], [0.5467003583908081, 0.8859668374061584]]]",0.5196557641029358,0.452239,0.1445,0.186,0.4653,0.857758641242981,0.8960328102111816,0.8210400938987732,0.8669382929801941,0.8009299635887146,0.42254942655563354,1.5133014917373657,0.8197295665740967,/scicore/home/schwede/barta0000/germinal_ds/templates_originals/nb_s829439_mpnn_5_PDL1/boltz_free/output/boltz_results_nb_s829439_mpnn_5_PDL1/predictions/nb_s829439_mpnn_5_PDL1/nb_s829439_mpnn_5_PDL1_model_0.cif,0.598865,0.2363,0.3397,0.5711,0.913829505443573,0.9077402353286743,0.854289710521698,0.9287144541740417,0.9103113412857056,0.3659975826740265,1.248796820640564,0.854289710521698,/scicore/home/schwede/barta0000/germinal_ds/templates_originals/nb_s829439_mpnn_5_PDL1/boltz_with_template/output/boltz_results_nb_s829439_mpnn_5_PDL1/predictions/nb_s829439_mpnn_5_PDL1/nb_s829439_mpnn_5_PDL1_model_0.cif,0.725252,0.3972,0.6765,0.6477
nb_s892360_mpnn_4_PDL1,False,"A,B",6.833473958333333,86.16359685863873,81.72,4.71,3.0864864864864865,85.40985003654556,0.523317,0.3279,0.463,0.4719,0.77,0.835,-129.8,0.0,0.79,0.5966,0.271,2.9973538194444447,97.39574999999999,342.08,24.08,1.8948780487804877,98.19342221711811,0.836973,0.4962,0.925,0.72,0.91,0.93,223.99,1.0,0.9699,0.8379097043397423,0.8919403678032399,,,64.63012,18.040174,0.47359562,0.34328770637512207,/scicore/home/schwede/barta0000/germinal_ds/templates_originals/nb_s892360_mpnn_4_PDL1/chai_no_constraints/seed_124/pred.model_idx_1.cif,0.4688405990600586,/scicore/home/schwede/barta0000/germinal_ds/templates_originals/nb_s892360_mpnn_4_PDL1/chai_with_constraints/seed_1602/pred.model_idx_1.cif,0.34328770637512207,0.675162672996521,0.26031896471977234,"[[0.8962238430976868, 0.884861171245575]]","[[[0.8962238430976868, 0.26031896471977234], [0.2542116045951843, 0.884861171245575]]]",0.26031896471977234,0.118392,0.0656,0.0211,0.096,0.4688405990600586,0.7554979920387268,0.39717623591423035,"[[0.9198889136314392, 0.8923708200454712]]","[[[0.9198889136314392, 0.3899534344673157], [0.39717623591423035, 0.8923708200454712]]]",0.3899534344673157,0.263522,0.0779,0.1156,0.3084,0.8205562829971313,0.8799716830253601,0.7908138632774353,0.8279918432235718,0.7732617259025574,0.4438873529434204,2.6884214878082275,0.7571574449539185,/scicore/home/schwede/barta0000/germinal_ds/templates_originals/nb_s892360_mpnn_4_PDL1/boltz_free/output/boltz_results_nb_s892360_mpnn_4_PDL1/predictions/nb_s892360_mpnn_4_PDL1/nb_s892360_mpnn_4_PDL1_model_0.cif,0.379661,0.1619,0.1664,0.4307,0.9269216656684875,0.9307679533958435,0.9068722724914551,0.9319339990615845,0.9142258763313293,0.3678882122039795,1.2663906812667847,0.8769775032997131,/scicore/home/schwede/barta0000/germinal_ds/templates_originals/nb_s892360_mpnn_4_PDL1/boltz_with_template/output/boltz_results_nb_s892360_mpnn_4_PDL1/predictions/nb_s892360_mpnn_4_PDL1/nb_s892360_mpnn_4_PDL1_model_0.cif,0.783194,0.4001,0.7099,0.6743
nb_s55152_mpnn_1_BHRF,False,"A,B",12.770623553240743,80.83337048595631,212.64,13.51,6.777027027027028,68.89284973765373,0.014634,0.1189,0.0159,0.0204,0.31,0.845,-10.25,0.0,0.37,0.9875,0.326,4.087643831983025,95.01430555555557,4064.51,181.67,2.605294117647059,93.54312491416931,0.705574,0.4209,0.7846,0.584,0.83,0.88,2001.86,1.0,0.9131,0.15669441311995275,0.8413351823852318,20.503453636169432,39.51435470581055,71.36754,16.608711,0.5258365,0.6044607162475586,/scicore/home/schwede/barta0000/germinal_ds/templates_originals/nb_s55152_mpnn_1_BHRF/chai_no_constraints/seed_1274/pred.model_idx_1.cif,0.681145429611206,/scicore/home/schwede/barta0000/germinal_ds/templates_originals/nb_s55152_mpnn_1_BHRF/chai_with_constraints/seed_154/pred.model_idx_0.cif,0.6044607162475586,0.7722634077072144,0.562510073184967,"[[0.8893850445747375, 0.8888815641403198]]","[[[0.8893850445747375, 0.4971938729286194], [0.562510073184967, 0.8888815641403198]]]",0.4971938729286194,0.278996,0.1312,0.0455,0.2502,0.681145429611206,0.8326868414878845,0.64326012134552,"[[0.8699175715446472, 0.8985192775726318]]","[[[0.8699175715446472, 0.585614800453186], [0.64326012134552, 0.8985192775726318]]]",0.585614800453186,0.50593,0.1918,0.1413,0.4448,0.8670721054077148,0.8970463275909424,0.8210514187812805,0.8785772323608398,0.8183826208114624,0.40204811096191406,1.3422539234161377,0.8210514187812805,/scicore/home/schwede/barta0000/germinal_ds/templates_originals/nb_s55152_mpnn_1_BHRF/boltz_free/output/boltz_results_nb_s55152_mpnn_1_BHRF/predictions/nb_s55152_mpnn_1_BHRF/nb_s55152_mpnn_1_BHRF_model_0.cif,0.649755,0.2492,0.3629,0.5777,0.8053434491157532,0.7513389587402344,0.5474660992622375,0.8698127269744873,0.8018804788589478,0.7968535423278809,6.662932395935059,0.5474660992622375,/scicore/home/schwede/barta0000/germinal_ds/templates_originals/nb_s55152_mpnn_1_BHRF/boltz_with_template/output/boltz_results_nb_s55152_mpnn_1_BHRF/predictions/nb_s55152_mpnn_1_BHRF/nb_s55152_mpnn_1_BHRF_model_0.cif,0.193678,0.1862,0.0471,0.1257
nb_s373735_mpnn_2_BHRF,False,"A,B",5.893912760416667,87.92226264418811,55.02,3.03,2.7419354838709684,87.10797154896329,0.608423,0.4031,0.6195,0.4997,0.81,0.875,-99.66,0.0,0.82,0.9882,0.199,3.3876889226466047,96.07628472222223,1534.73,80.57,1.7134375,97.2435282538919,0.828793,0.501,0.9049,0.6694,0.91,0.93,507.92,1.0,0.9436,0.8724408448759564,0.9384137426289075,15.824843645095825,47.600704193115234,76.13951,14.616602,0.536458,0.8129497766494751,/scicore/home/schwede/barta0000/germinal_ds/templates_originals/nb_s373735_mpnn_2_BHRF/chai_no_constraints/seed_5732/pred.model_idx_3.cif,0.824844479560852,/scicore/home/schwede/barta0000/germinal_ds/templates_originals/nb_s373735_mpnn_2_BHRF/chai_with_constraints/seed_2992/pred.model_idx_4.cif,0.8129497766494751,0.9169120788574219,0.7869592308998108,"[[0.9312687516212463, 0.9289246797561646]]","[[[0.9312687516212463, 0.7813900709152222], [0.7869592308998108, 0.9289246797561646]]]",0.7813900709152222,0.765639,0.3621,0.6677,0.587,0.824844479560852,0.9211286306381226,0.8007733821868896,"[[0.9311522245407104, 0.9286586046218872]]","[[[0.9311522245407104, 0.7896007299423218], [0.8007733821868896, 0.9286586046218872]]]",0.7896007299423218,0.789056,0.3787,0.7071,0.5998,0.878624439239502,0.9298896789550781,0.8869224786758423,0.8765499591827393,0.8071640133857727,0.3583812713623047,1.1335127353668213,0.8869224786758423,/scicore/home/schwede/barta0000/germinal_ds/templates_originals/nb_s373735_mpnn_2_BHRF/boltz_free/output/boltz_results_nb_s373735_mpnn_2_BHRF/predictions/nb_s373735_mpnn_2_BHRF/nb_s373735_mpnn_2_BHRF_model_0.cif,0.748618,0.1861,0.3728,0.6247,0.9405341148376465,0.9517796635627747,0.9228039383888245,0.9449666142463684,0.931556761264801,0.3474392294883728,0.9611589908599854,0.9228039383888245,/scicore/home/schwede/barta0000/germinal_ds/templates_originals/nb_s373735_mpnn_2_BHRF/boltz_with_template/output/boltz_results_nb_s373735_mpnn_2_BHRF/predictions/nb_s373735_mpnn_2_BHRF/nb_s373735_mpnn_2_BHRF_model_0.cif,0.834631,0.4571,0.7922,0.6968
nb_s255632_mpnn_3_PDL1,False,"A,B",7.5144930555555565,86.91094537815127,19.6,1.32,3.0500000000000003,85.77697722360512,0.324429,0.2885,0.4018,0.2912,0.69,0.845,-149.28,0.0,0.71,0.5482,0.202,3.094463715277778,97.30491666666667,11098.94,575.04,1.9732857142857143,97.6926466997932,0.796019,0.4132,0.9077,0.6979,0.89,0.91,6365.31,1.0,0.087,0.8460489834817803,0.857005675803384,24.10321044921875,49.94361877441406,65.61006,17.214428,0.4919796,0.47202229499816895,/scicore/home/schwede/barta0000/germinal_ds/templates_originals/nb_s255632_mpnn_3_PDL1/chai_no_constraints/seed_1559/pred.model_idx_1.cif,0.7644909620285034,/scicore/home/schwede/barta0000/germinal_ds/templates_originals/nb_s255632_mpnn_3_PDL1/chai_with_constraints/seed_2410/pred.model_idx_4.cif,0.47202229499816895,0.745383083820343,0.4036821126937866,"[[0.9045678973197937, 0.8821234703063965]]","[[[0.9045678973197937, 0.3915875256061554], [0.4036821126937866, 0.8821234703063965]]]",0.3915875256061554,0.219299,0.1002,0.0391,0.23,0.7644909620285034,0.8663201332092285,0.7390336394309998,"[[0.9091472625732422, 0.878191351890564]]","[[[0.9091472625732422, 0.6678764224052429], [0.7390336394309998, 0.878191351890564]]]",0.6678764224052429,0.691598,0.3193,0.4456,0.5628,0.831454873085022,0.9027205109596252,0.8425954580307007,0.8286697268486023,0.7532971501350403,0.3832921087741852,1.3239939212799072,0.8425954580307007,/scicore/home/schwede/barta0000/germinal_ds/templates_originals/nb_s255632_mpnn_3_PDL1/boltz_free/output/boltz_results_nb_s255632_mpnn_3_PDL1/predictions/nb_s255632_mpnn_3_PDL1/nb_s255632_mpnn_3_PDL1_model_0.cif,0.654087,0.1616,0.267,0.5845,0.8892217874526978,0.8620625734329224,0.7778369784355164,0.9170679450035095,0.8879255652427673,0.5133217573165894,2.446913003921509,0.7778369784355164,/scicore/home/schwede/barta0000/germinal_ds/templates_originals/nb_s255632_mpnn_3_PDL1/boltz_with_template/output/boltz_results_nb_s255632_mpnn_3_PDL1/predictions/nb_s255632_mpnn_3_PDL1/nb_s255632_mpnn_3_PDL1_model_0.cif,0.514185,0.3355,0.4394,0.484
nb_s302651_mpnn_3_PDL1,False,"A,B",7.698107638888889,85.41358280254777,23.92,2.03,4.287037037037037,83.81499177354361,0.437879,0.2073,0.3982,0.3892,0.71,0.825,-143.17,0.0,0.72,0.0019,0.283,3.730735590277778,95.44429166666667,277.93,25.46,2.6013793103448277,94.31310430066338,0.78127,0.3634,0.8219,0.6532,0.89,0.89,140.12,1.0,0.0163,0.8317635666251669,0.8697787867134922,24.358508110046387,34.93330383300781,64.67684,19.199915,0.44213885,0.4516046345233917,/scicore/home/schwede/barta0000/germinal_ds/templates_originals/nb_s302651_mpnn_3_PDL1/chai_no_constraints/seed_1457/pred.model_idx_3.cif,0.7587110996246338,/scicore/home/schwede/barta0000/germinal_ds/templates_originals/nb_s302651_mpnn_3_PDL1/chai_with_constraints/seed_3360/pred.model_idx_1.cif,0.4516046345233917,0.7050162553787231,0.38825172185897827,"[[0.8553853034973145, 0.8845749497413635]]","[[[0.8553853034973145, 0.35946425795555115], [0.38825172185897827, 0.8845749497413635]]]",0.35946425795555115,0.223584,0.0775,0.039,0.2547,0.7587110996246338,0.8865402936935425,0.7267537713050842,"[[0.9285215139389038, 0.9272789359092712]]","[[[0.9285215139389038, 0.7267537713050842], [0.7201046943664551, 0.9272789359092712]]]",0.7267537713050842,0.657809,0.1646,0.7207,0.5956,0.8675069212913513,0.862826943397522,0.7890672087669373,0.8871167898178101,0.8343059420585632,0.4719010591506958,2.1194465160369873,0.7255584001541138,/scicore/home/schwede/barta0000/germinal_ds/templates_originals/nb_s302651_mpnn_3_PDL1/boltz_free/output/boltz_results_nb_s302651_mpnn_3_PDL1/predictions/nb_s302651_mpnn_3_PDL1/nb_s302651_mpnn_3_PDL1_model_0.cif,0.486501,0.1624,0.2851,0.4625,0.9131748080253601,0.8639641404151917,0.8119679689407349,0.9384765625,0.9076145887374878,0.36136898398399353,1.333885908126831,0.7502512335777283,/scicore/home/schwede/barta0000/germinal_ds/templates_originals/nb_s302651_mpnn_3_PDL1/boltz_with_template/output/boltz_results_nb_s302651_mpnn_3_PDL1/predictions/nb_s302651_mpnn_3_PDL1/nb_s302651_mpnn_3_PDL1_model_0.cif,0.635975,0.2465,0.5922,0.585
nb_s731008_mpnn_1_PDL1,False,"A,B",6.08087326388889,87.66786090621707,-0.11,-0.01,3.536538461538462,83.04376805199942,0.57327,0.2061,0.5979,0.4693,0.75,0.85,-162.95,0.0,0.77,0.9779,0.31,3.7140085069444453,96.14895833333334,693.67,52.18,2.4981034482758617,95.23142787388393,0.713555,0.3507,0.8662,0.6239,0.86,0.89,439.98,1.0,0.4157,0.8091831243858522,0.8859934381418082,,,68.571556,17.661327,0.48315513,0.7656108140945435,/scicore/home/schwede/barta0000/germinal_ds/templates_originals/nb_s731008_mpnn_1_PDL1/chai_no_constraints/seed_2294/pred.model_idx_3.cif,0.7035422325134277,/scicore/home/schwede/barta0000/germinal_ds/templates_originals/nb_s731008_mpnn_1_PDL1/chai_with_constraints/seed_1340/pred.model_idx_0.cif,0.7656108140945435,0.8822474479675293,0.7364516258239746,"[[0.9313918352127075, 0.8917324542999268]]","[[[0.9313918352127075, 0.7126848697662354], [0.7364516258239746, 0.8917324542999268]]]",0.7126848697662354,0.679543,0.2087,0.4603,0.5803,0.7035422325134277,0.8477392792701721,0.6674929857254028,"[[0.9090760946273804, 0.89084792137146]]","[[[0.9090760946273804, 0.6336302757263184], [0.6674929857254028, 0.89084792137146]]]",0.6336302757263184,0.609088,0.2061,0.2343,0.5498,0.8621869087219238,0.8722333908081055,0.7975302338600159,0.878351092338562,0.842640221118927,0.41466835141181946,1.690200686454773,0.7631096839904785,/scicore/home/schwede/barta0000/germinal_ds/templates_originals/nb_s731008_mpnn_1_PDL1/boltz_free/output/boltz_results_nb_s731008_mpnn_1_PDL1/predictions/nb_s731008_mpnn_1_PDL1/nb_s731008_mpnn_1_PDL1_model_0.cif,0.507072,0.1204,0.3944,0.5103,0.9115921258926392,0.8868166208267212,0.8476323485374451,0.9275820255279541,0.9065671563148499,0.3456091284751892,1.135494589805603,0.7945675849914551,/scicore/home/schwede/barta0000/germinal_ds/templates_originals/nb_s731008_mpnn_1_PDL1/boltz_with_template/output/boltz_results_nb_s731008_mpnn_1_PDL1/predictions/nb_s731008_mpnn_1_PDL1/nb_s731008_mpnn_1_PDL1_model_0.cif,0.670864,0.2026,0.6684,0.6106
nb_s461534_mpnn_4_PDL1,False,"A,B",6.9366336805555555,86.81849973586898,104.51,5.66,2.797777777777778,79.6150065868301,0.264662,0.2673,0.1699,0.2664,0.62,0.85,-30.02,0.0,0.65,0.9908,0.21,3.3365956597222217,96.56616666666666,3978.78,285.23,1.7179347826086957,95.99642835344586,0.725177,0.4734,0.8228,0.6669,0.86,0.9,8653.63,1.0,0.98,0.8633954466928282,0.8921615509761467,19.595789909362793,57.481842041015625,67.385,17.51046,0.49207246,0.3490210771560669,/scicore/home/schwede/barta0000/germinal_ds/templates_originals/nb_s461534_mpnn_4_PDL1/chai_no_constraints/seed_3373/pred.model_idx_2.cif,0.7283058762550354,/scicore/home/schwede/barta0000/germinal_ds/templates_originals/nb_s461534_mpnn_4_PDL1/chai_with_constraints/seed_2001/pred.model_idx_3.cif,0.3490210771560669,0.6892126202583313,0.2639731764793396,"[[0.9361149668693542, 0.8774896264076233]]","[[[0.9361149668693542, 0.25996270775794983], [0.2639731764793396, 0.8774896264076233]]]",0.25996270775794983,0.117649,0.1154,0.021,0.0946,0.7283058762550354,0.877718985080719,0.6909525990486145,"[[0.9330284595489502, 0.924140989780426]]","[[[0.9330284595489502, 0.6850746273994446], [0.6909525990486145, 0.924140989780426]]]",0.6850746273994446,0.624838,0.2345,0.4957,0.5799,0.8111362457275391,0.7680110335350037,0.5329872369766235,0.8806734681129456,0.8094122409820557,0.5667881369590759,5.481338977813721,0.5135975480079651,/scicore/home/schwede/barta0000/germinal_ds/templates_originals/nb_s461534_mpnn_4_PDL1/boltz_free/output/boltz_results_nb_s461534_mpnn_4_PDL1/predictions/nb_s461534_mpnn_4_PDL1/nb_s461534_mpnn_4_PDL1_model_0.cif,0.138767,0.1057,0.0429,0.1362,0.8865707516670227,0.8343895673751831,0.6954168081283569,0.9343591928482056,0.898320734500885,0.48128804564476013,3.628488302230835,0.6664652228355408,/scicore/home/schwede/barta0000/germinal_ds/templates_originals/nb_s461534_mpnn_4_PDL1/boltz_with_template/output/boltz_results_nb_s461534_mpnn_4_PDL1/predictions/nb_s461534_mpnn_4_PDL1/nb_s461534_mpnn_4_PDL1_model_0.cif,0.327324,0.2272,0.2691,0.4027
nb_s645924_mpnn_3_IL3,False,"A,B",5.188595199999999,89.96576824910669,59.07,3.21,3.5944444444444446,86.37133994417778,0.611913,0.3639,0.5126,0.5408,0.8,0.875,-49.52,0.0,0.82,0.0555,0.265,3.7535968000000004,95.45792000000002,16685.13,693.15,2.7006060606060602,95.40624952316284,0.756539,0.4773,0.8035,0.6396,0.86,0.9,16370.89,1.0,0.0339,0.7992292080796781,0.8368915532053605,,,51.06343,21.404024,0.45473307,0.2533302903175354,/scicore/home/schwede/barta0000/germinal_ds/templates_originals/nb_s645924_mpnn_3_IL3/chai_no_constraints/seed_1077/pred.model_idx_2.cif,0.35588598251342773,/scicore/home/schwede/barta0000/germinal_ds/templates_originals/nb_s645924_mpnn_3_IL3/chai_with_constraints/seed_1197/pred.model_idx_4.cif,0.2533302903175354,0.6070534586906433,0.16489951312541962,"[[0.9267153143882751, 0.3247080445289612]]","[[[0.9267153143882751, 0.16489951312541962], [0.11499419808387756, 0.3247080445289612]]]",0.16489951312541962,0.01985,0.0626,0.0107,0.0062,0.35588598251342773,0.6371296644210815,0.2855750322341919,"[[0.9278116822242737, 0.32752561569213867]]","[[[0.9278116822242737, 0.22134630382061005], [0.2855750322341919, 0.32752561569213867]]]",0.22134630382061005,0.14635,0.1431,0.0203,0.2165,0.8730955123901367,0.8611136674880981,0.787863552570343,0.8944034576416016,0.8455356359481812,0.4186859428882599,2.4451184272766113,0.787863552570343,/scicore/home/schwede/barta0000/germinal_ds/templates_originals/nb_s645924_mpnn_3_IL3/boltz_free/output/boltz_results_nb_s645924_mpnn_3_IL3/predictions/nb_s645924_mpnn_3_IL3/nb_s645924_mpnn_3_IL3_model_0.cif,0.400164,0.2351,0.2402,0.4081,0.8279339075088501,0.6757879257202148,0.4000767767429352,0.9348981976509094,0.9032062292098999,0.8510626554489136,9.574649810791016,0.4000767767429352,/scicore/home/schwede/barta0000/germinal_ds/templates_originals/nb_s645924_mpnn_3_IL3/boltz_with_template/output/boltz_results_nb_s645924_mpnn_3_IL3/predictions/nb_s645924_mpnn_3_IL3/nb_s645924_mpnn_3_IL3_model_0.cif,0.029087,0.3528,0.022,0.0073
nb_s919455_mpnn_4_PDL1,False,"A,B",6.463309027777778,87.9613881473572,33.97,2.43,2.6586206896551725,87.38000321990175,0.589323,0.2559,0.6343,0.5108,0.79,0.845,-139.84,0.0,0.8,0.0593,0.343,3.3354092013888894,96.83095833333333,3618.11,255.03,1.669,97.38000007911965,0.785288,0.3911,0.9019,0.683,0.89,0.91,1012.19,1.0,0.0501,0.794235282427985,0.9065362203125265,,,67.510994,17.71859,0.48123178,0.4083147644996643,/scicore/home/schwede/barta0000/germinal_ds/templates_originals/nb_s919455_mpnn_4_PDL1/chai_no_constraints/seed_1634/pred.model_idx_2.cif,0.4516247510910034,/scicore/home/schwede/barta0000/germinal_ds/templates_originals/nb_s919455_mpnn_4_PDL1/chai_with_constraints/seed_3536/pred.model_idx_1.cif,0.4083147644996643,0.7173556685447693,0.3310545086860657,"[[0.909951388835907, 0.8807819485664368]]","[[[0.909951388835907, 0.3266657590866089], [0.3310545086860657, 0.8807819485664368]]]",0.3266657590866089,0.17412,0.114,0.0353,0.1565,0.4516247510910034,0.7429659366607666,0.3787894546985626,"[[0.9078476428985596, 0.876186728477478]]","[[[0.9078476428985596, 0.3715445101261139], [0.3787894546985626, 0.876186728477478]]]",0.3715445101261139,0.254582,0.0993,0.0755,0.293,0.7981886267662048,0.832870364189148,0.6867785453796387,0.8260411620140076,0.7446934580802917,0.5022555589675903,2.411435604095459,0.6692491769790649,/scicore/home/schwede/barta0000/germinal_ds/templates_originals/nb_s919455_mpnn_4_PDL1/boltz_free/output/boltz_results_nb_s919455_mpnn_4_PDL1/predictions/nb_s919455_mpnn_4_PDL1/nb_s919455_mpnn_4_PDL1_model_0.cif,0.324379,0.0969,0.1241,0.3634,0.8723645210266113,0.8647290468215942,0.7524119019508362,0.9023526310920715,0.8744257688522339,0.5229772925376892,3.7290945053100586,0.7360928654670715,/scicore/home/schwede/barta0000/germinal_ds/templates_originals/nb_s919455_mpnn_4_PDL1/boltz_with_template/output/boltz_results_nb_s919455_mpnn_4_PDL1/predictions/nb_s919455_mpnn_4_PDL1/nb_s919455_mpnn_4_PDL1_model_0.cif,0.352538,0.2446,0.289,0.4141
nb_s607831_mpnn_5_IL20,False,"A,B",4.661112244897959,89.74604744852283,44.01,2.48,3.9838235294117643,87.57520018002133,0.737357,0.333,0.7169,0.5696,0.86,0.895,-63.05,0.0,0.87,0.0013,0.312,3.660448596938776,96.11460714285714,21382.03,1026.54,2.375945945945946,96.42545619155422,0.814611,0.4264,0.8875,0.631,0.9,0.91,50822.09,1.0,0.9858,0.6794281954252901,0.8495323535916882,22.78816843032837,51.23088455200195,71.72536,15.626429,0.53073233,0.2862619459629059,/scicore/home/schwede/barta0000/germinal_ds/templates_originals/nb_s607831_mpnn_5_IL20/chai_no_constraints/seed_1723/pred.model_idx_2.cif,0.4488067626953125,/scicore/home/schwede/barta0000/germinal_ds/templates_originals/nb_s607831_mpnn_5_IL20/chai_with_constraints/seed_2174/pred.model_idx_3.cif,0.2862619459629059,0.614220380783081,0.2042723298072815,"[[0.8686810731887817, 0.8966843485832214]]","[[[0.8686810731887817, 0.2042723298072815], [0.16593390703201294, 0.8966843485832214]]]",0.2042723298072815,0.042787,0.064,0.012,0.0154,0.4488067626953125,0.7333211898803711,0.37767815589904785,"[[0.8694713711738586, 0.8942388296127319]]","[[[0.8694713711738586, 0.37652891874313354], [0.37767815589904785, 0.8942388296127319]]]",0.37652891874313354,0.264281,0.0539,0.0666,0.2655,0.5735989809036255,0.5558959245681763,0.2450656145811081,0.655732274055481,0.5580884218215942,0.8780232071876526,7.5227861404418945,0.180961012840271,/scicore/home/schwede/barta0000/germinal_ds/templates_originals/nb_s607831_mpnn_5_IL20/boltz_free/output/boltz_results_nb_s607831_mpnn_5_IL20/predictions/nb_s607831_mpnn_5_IL20/nb_s607831_mpnn_5_IL20_model_0.cif,0.024635,0.0339,0.0106,0.032,0.7680524587631226,0.7522848844528198,0.5965881943702698,0.8109185099601746,0.7189432382583618,0.8024432063102722,4.2995405197143555,0.5965881943702698,/scicore/home/schwede/barta0000/germinal_ds/templates_originals/nb_s607831_mpnn_5_IL20/boltz_with_template/output/boltz_results_nb_s607831_mpnn_5_IL20/predictions/nb_s607831_mpnn_5_IL20/nb_s607831_mpnn_5_IL20_model_0.cif,0.261628,0.071,0.0581,0.2251
nb_s64546_mpnn_3_IL20,False,"A,B",4.677088010204082,89.41838478747204,98.46,5.72,2.844444444444445,86.31694387342668,0.677775,0.2668,0.6324,0.5671,0.84,0.9,-38.41,0.0,0.84,0.9473,0.293,3.564732780612245,95.9644642857143,6441.08,362.28,1.7536486486486489,96.52666681463069,0.767188,0.4084,0.8805,0.6488,0.87,0.91,26806.04,1.0,0.9769,0.8422837740326756,0.896645077473989,9.648226247114295,69.73828125,75.927536,12.405138,0.61305976,0.7969523072242737,/scicore/home/schwede/barta0000/germinal_ds/templates_originals/nb_s64546_mpnn_3_IL20/chai_no_constraints/seed_4813/pred.model_idx_0.cif,0.40248095989227295,/scicore/home/schwede/barta0000/germinal_ds/templates_originals/nb_s64546_mpnn_3_IL20/chai_with_constraints/seed_1915/pred.model_idx_2.cif,0.7969523072242737,0.9002283811569214,0.771133303642273,"[[0.9275739192962646, 0.9116410613059998]]","[[[0.9275739192962646, 0.754560112953186], [0.771133303642273, 0.9116410613059998]]]",0.754560112953186,0.725412,0.1927,0.4246,0.5629,0.40248095989227295,0.6658567190170288,0.336637020111084,"[[0.9157039523124695, 0.8725332617759705]]","[[[0.9157039523124695, 0.336637020111084], [0.2714979350566864, 0.8725332617759705]]]",0.336637020111084,0.182142,0.0816,0.0302,0.1374,0.6632716059684753,0.713074266910553,0.5566039085388184,0.689938485622406,0.6438876986503601,0.5687968730926514,3.0148491859436035,0.5174432992935181,/scicore/home/schwede/barta0000/germinal_ds/templates_originals/nb_s64546_mpnn_3_IL20/boltz_free/output/boltz_results_nb_s64546_mpnn_3_IL20/predictions/nb_s64546_mpnn_3_IL20/nb_s64546_mpnn_3_IL20_model_0.cif,0.23693,0.0289,0.0634,0.1936,0.769806444644928,0.6977701187133789,0.5027350783348083,0.8365742564201355,0.8027136325836182,0.7804068326950073,4.516896724700928,0.49520203471183777,/scicore/home/schwede/barta0000/germinal_ds/templates_originals/nb_s64546_mpnn_3_IL20/boltz_with_template/output/boltz_results_nb_s64546_mpnn_3_IL20/predictions/nb_s64546_mpnn_3_IL20/nb_s64546_mpnn_3_IL20_model_0.cif,0.194585,0.0484,0.1099,0.1614
nb_s759449_mpnn_1_PDL1,False,"A,B",7.372541666666665,86.65051295610787,11.64,0.84,3.6580645161290324,85.92786691948217,0.396436,0.2645,0.4111,0.2973,0.74,0.85,-170.2,0.0,0.75,0.9949,0.299,3.171080208333334,97.13966666666667,9451.73,498.47,1.9461428571428574,97.63062500953674,0.833556,0.405,0.9151,0.6961,0.91,0.92,30267.55,1.0,0.9975,0.8313298116424048,0.8919898996380567,,,68.01829,17.16324,0.49641812,0.600441575050354,/scicore/home/schwede/barta0000/germinal_ds/templates_originals/nb_s759449_mpnn_1_PDL1/chai_no_constraints/seed_4586/pred.model_idx_2.cif,0.8590024709701538,/scicore/home/schwede/barta0000/germinal_ds/templates_originals/nb_s759449_mpnn_1_PDL1/chai_with_constraints/seed_3124/pred.model_idx_1.cif,0.600441575050354,0.798132598400116,0.5510188341140747,"[[0.9216129183769226, 0.8885313868522644]]","[[[0.9216129183769226, 0.5286343097686768], [0.5510188341140747, 0.8885313868522644]]]",0.5286343097686768,0.41141,0.1319,0.209,0.4016,0.8590024709701538,0.9170953631401062,0.8444792628288269,"[[0.9286896586418152, 0.935914158821106]]","[[[0.9286896586418152, 0.8444792628288269], [0.8028976917266846, 0.935914158821106]]]",0.8444792628288269,0.837875,0.256,0.7698,0.647,0.8313464522361755,0.814835786819458,0.6993961930274963,0.864333987236023,0.7978544235229492,0.5174647569656372,3.0445656776428223,0.6461382508277893,/scicore/home/schwede/barta0000/germinal_ds/templates_originals/nb_s759449_mpnn_1_PDL1/boltz_free/output/boltz_results_nb_s759449_mpnn_1_PDL1/predictions/nb_s759449_mpnn_1_PDL1/nb_s759449_mpnn_1_PDL1_model_0.cif,0.300312,0.1113,0.1199,0.3016,0.9343385696411133,0.9257388710975647,0.9255168437957764,0.9365440607070923,0.9216192364692688,0.34133991599082947,0.8185986280441284,0.8672174215316772,/scicore/home/schwede/barta0000/germinal_ds/templates_originals/nb_s759449_mpnn_1_PDL1/boltz_with_template/output/boltz_results_nb_s759449_mpnn_1_PDL1/predictions/nb_s759449_mpnn_1_PDL1/nb_s759449_mpnn_1_PDL1_model_0.cif,0.848069,0.2865,0.7593,0.6738
nb_s289628_mpnn_1_IL3,False,"A,B",4.3595568,91.44462981744422,54.86,2.35,3.1391304347826083,90.82638780408243,0.763275,0.527,0.7547,0.6334,0.86,0.88,-91.54,0.0,0.87,0.9881,0.218,3.0470361599999998,97.186,24498.85,1015.31,1.948522727272727,97.95477277582341,0.839154,0.5951,0.9226,0.7136,0.91,0.93,18450.44,1.0,0.9905,0.8850308343620308,0.8992255821194512,23.439959716796874,54.257179260253906,54.143963,20.414295,0.4791685,0.22470545768737793,/scicore/home/schwede/barta0000/germinal_ds/templates_originals/nb_s289628_mpnn_1_IL3/chai_no_constraints/seed_3573/pred.model_idx_0.cif,0.3974206745624542,/scicore/home/schwede/barta0000/germinal_ds/templates_originals/nb_s289628_mpnn_1_IL3/chai_with_constraints/seed_5100/pred.model_idx_4.cif,0.22470545768737793,0.5717455148696899,0.13794544339179993,"[[0.8995067477226257, 0.3108181059360504]]","[[[0.8995067477226257, 0.13794544339179993], [0.10029491782188416, 0.3108181059360504]]]",0.13794544339179993,0.005045,0.0574,0.0097,0.0,0.3974206745624542,0.7068986892700195,0.3200511634349823,"[[0.9415783882141113, 0.35994306206703186]]","[[[0.9415783882141113, 0.3200511634349823], [0.2766040563583374, 0.35994306206703186]]]",0.3200511634349823,0.194683,0.0522,0.0342,0.1594,0.8097019195556641,0.8236037492752075,0.6739290356636047,0.8436451554298401,0.7488391995429993,0.5775200724601746,3.3934459686279297,0.6652883887290955,/scicore/home/schwede/barta0000/germinal_ds/templates_originals/nb_s289628_mpnn_1_IL3/boltz_free/output/boltz_results_nb_s289628_mpnn_1_IL3/predictions/nb_s289628_mpnn_1_IL3/nb_s289628_mpnn_1_IL3_model_0.cif,0.281121,0.1022,0.0674,0.2686,0.8405918478965759,0.7693268656730652,0.5930113792419434,0.9024869203567505,0.8309833407402039,0.6481753587722778,4.5151495933532715,0.5930113792419434,/scicore/home/schwede/barta0000/germinal_ds/templates_originals/nb_s289628_mpnn_1_IL3/boltz_with_template/output/boltz_results_nb_s289628_mpnn_1_IL3/predictions/nb_s289628_mpnn_1_IL3/nb_s289628_mpnn_1_IL3_model_0.cif,0.238309,0.2723,0.0817,0.2411
nb_s713450_mpnn_2_IL20,False,"A,B",4.632809948979593,89.93338175215615,-0.74,-0.04,3.6569444444444446,90.3305926514065,0.745721,0.3322,0.7631,0.5818,0.87,0.885,-100.79,0.0,0.87,0.992,0.227,3.341234693877551,96.30342857142857,1206.98,64.89,1.8314102564102563,97.82189240326753,0.853039,0.4396,0.9276,0.684,0.92,0.92,3064.72,1.0,0.9565,0.8483652109247692,0.9422750271674838,4.551848048513586,76.94542694091797,78.17914,9.567422,0.751005,0.8195767402648926,/scicore/home/schwede/barta0000/germinal_ds/templates_originals/nb_s713450_mpnn_2_IL20/chai_no_constraints/seed_1114/pred.model_idx_3.cif,0.3836383819580078,/scicore/home/schwede/barta0000/germinal_ds/templates_originals/nb_s713450_mpnn_2_IL20/chai_with_constraints/seed_6584/pred.model_idx_2.cif,0.8195767402648926,0.9133041501045227,0.7961449027061462,"[[0.9204038977622986, 0.9216104745864868]]","[[[0.9204038977622986, 0.7872880697250366], [0.7961449027061462, 0.9216104745864868]]]",0.7872880697250366,0.767797,0.4143,0.6803,0.6097,0.3836383819580078,0.6429752111434937,0.31880420446395874,"[[0.8832447528839111, 0.6699485182762146]]","[[[0.8832447528839111, 0.31880420446395874], [0.2876351475715637, 0.6699485182762146]]]",0.31880420446395874,0.194555,0.1452,0.0711,0.1823,0.630612313747406,0.6691496968269348,0.48563045263290405,0.6668577194213867,0.6224842071533203,1.0397366285324097,6.760549068450928,0.48563045263290405,/scicore/home/schwede/barta0000/germinal_ds/templates_originals/nb_s713450_mpnn_2_IL20/boltz_free/output/boltz_results_nb_s713450_mpnn_2_IL20/predictions/nb_s713450_mpnn_2_IL20/nb_s713450_mpnn_2_IL20_model_0.cif,0.092065,0.0659,0.0175,0.0508,0.7972418665885925,0.7873247861862183,0.7014251351356506,0.8211960792541504,0.776109516620636,0.7642378807067871,5.460757255554199,0.7014251351356506,/scicore/home/schwede/barta0000/germinal_ds/templates_originals/nb_s713450_mpnn_2_IL20/boltz_with_template/output/boltz_results_nb_s713450_mpnn_2_IL20/predictions/nb_s713450_mpnn_2_IL20/nb_s713450_mpnn_2_IL20_model_0.cif,0.25224,0.2041,0.0792,0.1973
nb_s916275_mpnn_4_PDL1,False,"A,B",5.577539930555555,88.69892971246007,16.43,0.92,2.6976190476190474,89.67167721759395,0.718092,0.4906,0.6867,0.533,0.83,0.84,-93.63,0.0,0.84,0.9938,0.223,3.1517286458333333,96.84129166666666,12909.84,752.21,1.7683333333333329,97.28574905395507,0.829423,0.5928,0.8895,0.6995,0.9,0.92,25661.11,1.0,0.9943,0.8737390163521168,0.8847069208475132,21.877002716064453,61.459468841552734,67.01444,17.726845,0.47874138,0.8261741399765015,/scicore/home/schwede/barta0000/germinal_ds/templates_originals/nb_s916275_mpnn_4_PDL1/chai_no_constraints/seed_2126/pred.model_idx_4.cif,0.8231120109558105,/scicore/home/schwede/barta0000/germinal_ds/templates_originals/nb_s916275_mpnn_4_PDL1/chai_with_constraints/seed_1302/pred.model_idx_2.cif,0.8261741399765015,0.8980444669723511,0.8082065582275391,"[[0.910075843334198, 0.8978176116943359]]","[[[0.910075843334198, 0.7293950915336609], [0.8082065582275391, 0.8978176116943359]]]",0.7293950915336609,0.79119,0.4262,0.4809,0.6027,0.8231120109558105,0.8935948610305786,0.8054912686347961,"[[0.912032961845398, 0.8898980021476746]]","[[[0.912032961845398, 0.7171462774276733], [0.8054912686347961, 0.8898980021476746]]]",0.7171462774276733,0.788587,0.3949,0.494,0.5996,0.848567008972168,0.8274298310279846,0.684912383556366,0.8894806504249573,0.8376875519752502,0.5669224262237549,2.773467540740967,0.6758331060409546,/scicore/home/schwede/barta0000/germinal_ds/templates_originals/nb_s916275_mpnn_4_PDL1/boltz_free/output/boltz_results_nb_s916275_mpnn_4_PDL1/predictions/nb_s916275_mpnn_4_PDL1/nb_s916275_mpnn_4_PDL1_model_0.cif,0.338372,0.3183,0.2248,0.3871,0.8975725173950195,0.8880472183227539,0.8273506760597229,0.9151279330253601,0.8810709714889526,0.5112717151641846,1.7475554943084717,0.8273506760597229,/scicore/home/schwede/barta0000/germinal_ds/templates_originals/nb_s916275_mpnn_4_PDL1/boltz_with_template/output/boltz_results_nb_s916275_mpnn_4_PDL1/predictions/nb_s916275_mpnn_4_PDL1/nb_s916275_mpnn_4_PDL1_model_0.cif,0.640723,0.4393,0.527,0.5725
nb_s556135_mpnn_2_IL3,False,"A,B",3.9074784,91.7626625704045,108.52,3.87,2.5962962962962965,88.80431230702861,0.777211,0.5617,0.7208,0.636,0.88,0.9,-38.18,0.0,0.89,0.9889,0.197,2.96500912,97.1072,6550.44,659.05,2.0802727272727273,96.96962949964735,0.855799,0.6327,0.9083,0.7053,0.92,0.93,18681.46,1.0,0.9945,0.8833472726632174,0.9271547180057196,25.427863597869873,43.69611740112305,53.980595,20.950714,0.47266483,0.39844316244125366,/scicore/home/schwede/barta0000/germinal_ds/templates_originals/nb_s556135_mpnn_2_IL3/chai_no_constraints/seed_4628/pred.model_idx_1.cif,0.3299119472503662,/scicore/home/schwede/barta0000/germinal_ds/templates_originals/nb_s556135_mpnn_2_IL3/chai_with_constraints/seed_1931/pred.model_idx_3.cif,0.39844316244125366,0.6170156598091125,0.34380003809928894,"[[0.9052169322967529, 0.3086800277233124]]","[[[0.9052169322967529, 0.19824513792991638], [0.34380003809928894, 0.3086800277233124]]]",0.19824513792991638,0.080906,0.1295,0.0171,0.1023,0.3299119472503662,0.6525883078575134,0.24924282729625702,"[[0.906980037689209, 0.3252770006656647]]","[[[0.906980037689209, 0.24924282729625702], [0.23495958745479584, 0.3252770006656647]]]",0.24924282729625702,0.127331,0.1185,0.0396,0.1656,0.8111913800239563,0.7929900884628296,0.671907365322113,0.8460123538970947,0.7754892706871033,0.5468928813934326,3.3251216411590576,0.671907365322113,/scicore/home/schwede/barta0000/germinal_ds/templates_originals/nb_s556135_mpnn_2_IL3/boltz_free/output/boltz_results_nb_s556135_mpnn_2_IL3/predictions/nb_s556135_mpnn_2_IL3/nb_s556135_mpnn_2_IL3_model_0.cif,0.276198,0.2054,0.1355,0.2508,0.8656896948814392,0.7767390012741089,0.6098018884658813,0.9296616315841675,0.9003934860229492,0.6054048538208008,3.5993001461029053,0.6098018884658813,/scicore/home/schwede/barta0000/germinal_ds/templates_originals/nb_s556135_mpnn_2_IL3/boltz_with_template/output/boltz_results_nb_s556135_mpnn_2_IL3/predictions/nb_s556135_mpnn_2_IL3/nb_s556135_mpnn_2_IL3_model_0.cif,0.258463,0.4187,0.3026,0.2693
nb_s921313_mpnn_2_IL20,False,"A,B",6.330804846938776,86.14852003642987,173.32,9.33,5.636842105263158,81.22483825374724,0.405545,0.231,0.3464,0.3896,0.72,0.87,15.15,0.0,0.74,0.4013,0.298,3.9813993622448973,94.70192857142858,16008.44,731.99,3.3167567567567566,94.00000020619986,0.726179,0.418,0.8084,0.5967,0.86,0.9,21008.92,1.0,0.519,0.8236833450985247,0.8465674063979096,7.1088521083196,66.71821594238281,73.763626,12.077184,0.65596807,0.7411102652549744,/scicore/home/schwede/barta0000/germinal_ds/templates_originals/nb_s921313_mpnn_2_IL20/chai_no_constraints/seed_2414/pred.model_idx_1.cif,0.36125797033309937,/scicore/home/schwede/barta0000/germinal_ds/templates_originals/nb_s921313_mpnn_2_IL20/chai_with_constraints/seed_132/pred.model_idx_3.cif,0.7411102652549744,0.8626276254653931,0.7107309103012085,"[[0.9035293459892273, 0.9121023416519165]]","[[[0.9035293459892273, 0.660569429397583], [0.7107309103012085, 0.9121023416519165]]]",0.660569429397583,0.581181,0.1792,0.4656,0.5021,0.36125797033309937,0.6695073843002319,0.2841956317424774,"[[0.8779105544090271, 0.8842687010765076]]","[[[0.8779105544090271, 0.2841956317424774], [0.2768637537956238, 0.8842687010765076]]]",0.2841956317424774,0.146383,0.1053,0.029,0.1076,0.581527054309845,0.5651366710662842,0.20860835909843445,0.6747567057609558,0.6183095574378967,0.8887715339660645,8.15221881866455,0.19318294525146484,/scicore/home/schwede/barta0000/germinal_ds/templates_originals/nb_s921313_mpnn_2_IL20/boltz_free/output/boltz_results_nb_s921313_mpnn_2_IL20/predictions/nb_s921313_mpnn_2_IL20/nb_s921313_mpnn_2_IL20_model_0.cif,0.006125,0.0687,0.0104,0.0155,0.7339994311332703,0.5808008313179016,0.3367627263069153,0.8333086371421814,0.7710167765617371,1.1439740657806396,11.093180656433105,0.3367627263069153,/scicore/home/schwede/barta0000/germinal_ds/templates_originals/nb_s921313_mpnn_2_IL20/boltz_with_template/output/boltz_results_nb_s921313_mpnn_2_IL20/predictions/nb_s921313_mpnn_2_IL20/nb_s921313_mpnn_2_IL20_model_0.cif,0.011596,0.1652,0.0137,0.0116
nb_s544951_mpnn_3_BHRF,False,"A,B",14.245187114197531,78.0077409372237,153.52,11.45,14.445000000000002,56.4720266693395,0.005555,0.0525,0.0113,0.0,0.14,0.825,-47.42,0.0,0.22,0.0595,0.334,6.3030086564429,89.79659722222222,11832.64,506.32,6.525499999999999,75.7504357047703,0.294165,0.1383,0.2043,0.2913,0.58,0.78,23889.32,1.0,0.0503,0.1319338591930718,0.8070854915539418,16.182055234909058,51.94305419921875,74.94499,14.937214,0.542259,0.3819902539253235,/scicore/home/schwede/barta0000/germinal_ds/templates_originals/nb_s544951_mpnn_3_BHRF/chai_no_constraints/seed_2366/pred.model_idx_3.cif,0.4974372386932373,/scicore/home/schwede/barta0000/germinal_ds/templates_originals/nb_s544951_mpnn_3_BHRF/chai_with_constraints/seed_356/pred.model_idx_4.cif,0.3819902539253235,0.6900193691253662,0.304982990026474,"[[0.9011377096176147, 0.9148250222206116]]","[[[0.9011377096176147, 0.304982990026474], [0.2816387712955475, 0.9148250222206116]]]",0.304982990026474,0.14729,0.1137,0.0244,0.0957,0.4974372386932373,0.7601619362831116,0.43175607919692993,"[[0.8927879333496094, 0.9056228399276733]]","[[[0.8927879333496094, 0.43175607919692993], [0.3960627317428589, 0.9056228399276733]]]",0.43175607919692993,0.31843,0.0831,0.0909,0.321,0.7698962092399597,0.6747475862503052,0.4129234254360199,0.8591394424438477,0.7830678820610046,0.6540039777755737,6.23565149307251,0.3657188415527344,/scicore/home/schwede/barta0000/germinal_ds/templates_originals/nb_s544951_mpnn_3_BHRF/boltz_free/output/boltz_results_nb_s544951_mpnn_3_BHRF/predictions/nb_s544951_mpnn_3_BHRF/nb_s544951_mpnn_3_BHRF_model_0.cif,0.094015,0.1221,0.02,0.0451,0.8029484748840332,0.668773889541626,0.3678432106971741,0.9117247462272644,0.8747109174728394,0.7679449319839478,7.94179630279541,0.3490482568740845,/scicore/home/schwede/barta0000/germinal_ds/templates_originals/nb_s544951_mpnn_3_BHRF/boltz_with_template/output/boltz_results_nb_s544951_mpnn_3_BHRF/predictions/nb_s544951_mpnn_3_BHRF/nb_s544951_mpnn_3_BHRF_model_0.cif,0.065093,0.2965,0.0317,0.0467
nb_s299161_mpnn_2_PDL1,False,"A,B",5.116789930555555,89.55426532769556,1.19,0.08,3.4827586206896552,85.4275013452157,0.567576,0.3067,0.5456,0.4985,0.78,0.865,-167.83,0.0,0.79,0.9928,0.289,3.1987012152777776,97.11920833333333,3398.47,240.91,1.6764285714285714,96.30749974931989,0.764423,0.4536,0.8817,0.6817,0.88,0.91,1850.89,1.0,0.9944,0.8275678131402109,0.8979558825090219,19.790902137756348,58.24974822998047,69.72472,17.055557,0.50505805,0.3999691605567932,/scicore/home/schwede/barta0000/germinal_ds/templates_originals/nb_s299161_mpnn_2_PDL1/chai_no_constraints/seed_1175/pred.model_idx_4.cif,0.4375869929790497,/scicore/home/schwede/barta0000/germinal_ds/templates_originals/nb_s299161_mpnn_2_PDL1/chai_with_constraints/seed_3177/pred.model_idx_3.cif,0.3999691605567932,0.7205685377120972,0.31981930136680603,"[[0.930187463760376, 0.889136016368866]]","[[[0.930187463760376, 0.3156953454017639], [0.31981930136680603, 0.889136016368866]]]",0.3156953454017639,0.172421,0.0843,0.0299,0.1685,0.4375869929790497,0.7418726086616516,0.3615155816078186,"[[0.9229704141616821, 0.873587429523468]]","[[[0.9229704141616821, 0.3615155816078186], [0.35832804441452026, 0.873587429523468]]]",0.3615155816078186,0.227246,0.1716,0.0461,0.2532,0.8943688273429871,0.9123384952545166,0.8439526557922363,0.9069728851318359,0.8521763682365417,0.3698723316192627,1.270668387413025,0.8131986856460571,/scicore/home/schwede/barta0000/germinal_ds/templates_originals/nb_s299161_mpnn_2_PDL1/boltz_free/output/boltz_results_nb_s299161_mpnn_2_PDL1/predictions/nb_s299161_mpnn_2_PDL1/nb_s299161_mpnn_2_PDL1_model_0.cif,0.651032,0.2024,0.4507,0.6147,0.8836644291877747,0.8899132609367371,0.8001306653022766,0.9045478701591492,0.8467472791671753,0.4349353313446045,2.1886723041534424,0.7857154607772827,/scicore/home/schwede/barta0000/germinal_ds/templates_originals/nb_s299161_mpnn_2_PDL1/boltz_with_template/output/boltz_results_nb_s299161_mpnn_2_PDL1/predictions/nb_s299161_mpnn_2_PDL1/nb_s299161_mpnn_2_PDL1_model_0.cif,0.536806,0.2205,0.3525,0.5459
nb_s351880_mpnn_1_PDL1,False,"A,B",5.904395833333334,86.47628510863805,221.96,12.43,2.5346153846153845,85.01346461689661,0.563686,0.4491,0.563,0.4839,0.77,0.84,-135.16,0.0,0.78,0.9939,0.257,3.332367361111111,96.39120833333332,10011.62,648.27,1.5435135135135136,96.74400119781494,0.816158,0.5654,0.8689,0.6835,0.89,0.92,17796.33,1.0,0.9857,0.8699192598030219,0.8807995815464988,,,67.54066,17.50528,0.48752022,0.6042258739471436,/scicore/home/schwede/barta0000/germinal_ds/templates_originals/nb_s351880_mpnn_1_PDL1/chai_no_constraints/seed_1139/pred.model_idx_3.cif,0.4184200167655945,/scicore/home/schwede/barta0000/germinal_ds/templates_originals/nb_s351880_mpnn_1_PDL1/chai_with_constraints/seed_1972/pred.model_idx_0.cif,0.6042258739471436,0.8124269247055054,0.5521756410598755,"[[0.901617705821991, 0.8991362452507019]]","[[[0.901617705821991, 0.5374288558959961], [0.5521756410598755, 0.8991362452507019]]]",0.5374288558959961,0.425892,0.2096,0.2201,0.426,0.4184200167655945,0.705139696598053,0.34674006700515747,"[[0.8941432237625122, 0.922588586807251]]","[[[0.8941432237625122, 0.3202109932899475], [0.34674006700515747, 0.922588586807251]]]",0.3202109932899475,0.21781,0.1913,0.0845,0.2356,0.8358923196792603,0.8958034515380859,0.8154472708702087,0.8410035967826843,0.7581406235694885,0.3974897563457489,1.4074411392211914,0.8154472708702087,/scicore/home/schwede/barta0000/germinal_ds/templates_originals/nb_s351880_mpnn_1_PDL1/boltz_free/output/boltz_results_nb_s351880_mpnn_1_PDL1/predictions/nb_s351880_mpnn_1_PDL1/nb_s351880_mpnn_1_PDL1_model_0.cif,0.568655,0.1741,0.2546,0.5704,0.9164528846740723,0.893235981464386,0.8527277112007141,0.932384192943573,0.9158534407615662,0.41047435998916626,1.1402504444122314,0.8321461081504822,/scicore/home/schwede/barta0000/germinal_ds/templates_originals/nb_s351880_mpnn_1_PDL1/boltz_with_template/output/boltz_results_nb_s351880_mpnn_1_PDL1/predictions/nb_s351880_mpnn_1_PDL1/nb_s351880_mpnn_1_PDL1_model_0.cif,0.69096,0.458,0.6988,0.6199
nb_s276607_mpnn_4_BHRF,False,"A,B",4.723011911651234,90.50132833186231,74.36,3.48,2.129268292682927,91.92721376931601,0.819395,0.484,0.7762,0.6111,0.89,0.89,-135.29,0.0,0.89,0.9951,0.218,3.171737798996913,96.48086805555556,2532.77,127.34,1.6326250000000002,97.73150005340577,0.883182,0.5504,0.9108,0.7053,0.93,0.94,1132.26,1.0,0.9932,0.8847873880539867,0.9364767074959709,16.983495553334553,45.75480651855469,72.79781,15.086803,0.5448151,0.2841933071613312,/scicore/home/schwede/barta0000/germinal_ds/templates_originals/nb_s276607_mpnn_4_BHRF/chai_no_constraints/seed_2352/pred.model_idx_4.cif,0.4179592430591583,/scicore/home/schwede/barta0000/germinal_ds/templates_originals/nb_s276607_mpnn_4_BHRF/chai_with_constraints/seed_4537/pred.model_idx_2.cif,0.2841933071613312,0.6095055341720581,0.20286524295806885,"[[0.8701728582382202, 0.8964903354644775]]","[[[0.8701728582382202, 0.20286524295806885], [0.14454229176044464, 0.8964903354644775]]]",0.20286524295806885,0.033452,0.107,0.0116,0.0182,0.4179592430591583,0.7113317847251892,0.3446160852909088,"[[0.8499405384063721, 0.9095450043678284]]","[[[0.8499405384063721, 0.3446160852909088], [0.30622440576553345, 0.9095450043678284]]]",0.3446160852909088,0.22323,0.0989,0.0514,0.2018,0.800449788570404,0.8541802167892456,0.7563480138778687,0.8114752173423767,0.7094610929489136,0.48494666814804077,2.620897054672241,0.7563480138778687,/scicore/home/schwede/barta0000/germinal_ds/templates_originals/nb_s276607_mpnn_4_BHRF/boltz_free/output/boltz_results_nb_s276607_mpnn_4_BHRF/predictions/nb_s276607_mpnn_4_BHRF/nb_s276607_mpnn_4_BHRF_model_0.cif,0.431847,0.1349,0.0954,0.3982,0.7492055892944336,0.6999647617340088,0.43478453159332275,0.8278108239173889,0.7358996272087097,0.8721171021461487,8.198111534118652,0.43478453159332275,/scicore/home/schwede/barta0000/germinal_ds/templates_originals/nb_s276607_mpnn_4_BHRF/boltz_with_template/output/boltz_results_nb_s276607_mpnn_4_BHRF/predictions/nb_s276607_mpnn_4_BHRF/nb_s276607_mpnn_4_BHRF_model_0.cif,0.106862,0.2041,0.0193,0.0495
nb_s887286_mpnn_4_PDL1,False,"A,B",5.445586805555555,88.81365434669442,36.44,2.51,4.342424242424242,84.25634150766074,0.480441,0.1757,0.5165,0.4619,0.73,0.865,-145.91,0.0,0.75,0.8601,0.218,3.218195486111111,96.91199999999999,2958.52,180.06,2.252794117647059,96.7258064516129,0.782962,0.3682,0.8796,0.6818,0.88,0.91,1438.94,1.0,0.9923,0.9062684849563196,0.9111196263483926,19.75716781616211,40.4379768371582,65.41027,16.778633,0.50472826,0.34799298644065857,/scicore/home/schwede/barta0000/germinal_ds/templates_originals/nb_s887286_mpnn_4_PDL1/chai_no_constraints/seed_1728/pred.model_idx_3.cif,0.7526428699493408,/scicore/home/schwede/barta0000/germinal_ds/templates_originals/nb_s887286_mpnn_4_PDL1/chai_with_constraints/seed_5687/pred.model_idx_0.cif,0.34799298644065857,0.6710796356201172,0.2672213017940521,"[[0.874535083770752, 0.8770369291305542]]","[[[0.874535083770752, 0.2672213017940521], [0.25908708572387695, 0.8770369291305542]]]",0.2672213017940521,0.130755,0.0634,0.016,0.1014,0.7526428699493408,0.8708074688911438,0.7231017351150513,"[[0.905570387840271, 0.927216649055481]]","[[[0.905570387840271, 0.6530755758285522], [0.7231017351150513, 0.927216649055481]]]",0.6530755758285522,0.676473,0.2536,0.527,0.583,0.8430131077766418,0.906635582447052,0.8344753980636597,0.8451475501060486,0.7531696557998657,0.361624151468277,1.3156486749649048,0.8100938200950623,/scicore/home/schwede/barta0000/germinal_ds/templates_originals/nb_s887286_mpnn_4_PDL1/boltz_free/output/boltz_results_nb_s887286_mpnn_4_PDL1/predictions/nb_s887286_mpnn_4_PDL1/nb_s887286_mpnn_4_PDL1_model_0.cif,0.604901,0.0828,0.2115,0.602,0.8831084370613098,0.8843525052070618,0.8013249039649963,0.9035542607307434,0.8493951559066772,0.38108181953430176,1.6781355142593384,0.7968289852142334,/scicore/home/schwede/barta0000/germinal_ds/templates_originals/nb_s887286_mpnn_4_PDL1/boltz_with_template/output/boltz_results_nb_s887286_mpnn_4_PDL1/predictions/nb_s887286_mpnn_4_PDL1/nb_s887286_mpnn_4_PDL1_model_0.cif,0.588281,0.1753,0.4079,0.5823
nb_s605394_mpnn_5_PDL1,False,"A,B",7.615053819444444,86.52846680716544,17.33,1.25,2.7384615384615385,85.74476348090187,0.303193,0.2939,0.4073,0.2501,0.7,0.845,-149.67,0.0,0.71,0.0247,0.289,3.4965092013888883,96.45087500000001,14364.63,845.96,1.9861538461538462,95.70785685947963,0.781629,0.4079,0.8645,0.6561,0.89,0.9,28144.54,1.0,0.9617,0.8503197606590667,0.8474334203878912,21.57786210378011,49.11572265625,65.690315,17.705935,0.48069456,0.2579959034919739,/scicore/home/schwede/barta0000/germinal_ds/templates_originals/nb_s605394_mpnn_5_PDL1/chai_no_constraints/seed_3134/pred.model_idx_4.cif,0.5111932754516602,/scicore/home/schwede/barta0000/germinal_ds/templates_originals/nb_s605394_mpnn_5_PDL1/chai_with_constraints/seed_2443/pred.model_idx_0.cif,0.2579959034919739,0.6110067963600159,0.16974318027496338,"[[0.8785145282745361, 0.8798481822013855]]","[[[0.8785145282745361, 0.16556769609451294], [0.16974318027496338, 0.8798481822013855]]]",0.16556769609451294,0.018037,0.111,0.0123,0.0079,0.5111932754516602,0.7560021281242371,0.4499910771846771,"[[0.8760449290275574, 0.9227298498153687]]","[[[0.8760449290275574, 0.43294191360473633], [0.4499910771846771, 0.9227298498153687]]]",0.43294191360473633,0.336269,0.1791,0.1478,0.3875,0.7945644855499268,0.7881151437759399,0.5990954041481018,0.8434317708015442,0.7910264134407043,0.6076388359069824,4.540637493133545,0.5748705863952637,/scicore/home/schwede/barta0000/germinal_ds/templates_originals/nb_s605394_mpnn_5_PDL1/boltz_free/output/boltz_results_nb_s605394_mpnn_5_PDL1/predictions/nb_s605394_mpnn_5_PDL1/nb_s605394_mpnn_5_PDL1_model_0.cif,0.153889,0.2018,0.0492,0.1378,0.8614522218704224,0.8455510139465332,0.7173027396202087,0.8974895477294922,0.8470035791397095,0.5796298980712891,4.609525680541992,0.6958465576171875,/scicore/home/schwede/barta0000/germinal_ds/templates_originals/nb_s605394_mpnn_5_PDL1/boltz_with_template/output/boltz_results_nb_s605394_mpnn_5_PDL1/predictions/nb_s605394_mpnn_5_PDL1/nb_s605394_mpnn_5_PDL1_model_0.cif,0.300724,0.2514,0.1525,0.3501
nb_s859190_mpnn_1_PDL1,False,"A,B",5.271484375,88.87435586061244,70.11,4.8,4.001666666666666,84.87659694433097,0.621836,0.3347,0.5836,0.4943,0.81,0.87,-97.38,0.0,0.82,0.0376,0.306,3.908717881944444,95.19429166666666,25170.92,1233.2,2.5968,92.37222403067129,0.740968,0.4139,0.7775,0.6059,0.87,0.87,69364.26,1.0,0.3254,0.7399485734219042,0.8382060869115787,,,70.53334,16.73839,0.50842893,0.466397762298584,/scicore/home/schwede/barta0000/germinal_ds/templates_originals/nb_s859190_mpnn_1_PDL1/chai_no_constraints/seed_2057/pred.model_idx_3.cif,0.7282236218452454,/scicore/home/schwede/barta0000/germinal_ds/templates_originals/nb_s859190_mpnn_1_PDL1/chai_with_constraints/seed_2255/pred.model_idx_0.cif,0.466397762298584,0.7482762336730957,0.39592814445495605,"[[0.9149320125579834, 0.8864506483078003]]","[[[0.9149320125579834, 0.37938231229782104], [0.39592814445495605, 0.8864506483078003]]]",0.37938231229782104,0.255172,0.0855,0.055,0.272,0.7282236218452454,0.870114266872406,0.6927509307861328,"[[0.9276204705238342, 0.8964840769767761]]","[[[0.9276204705238342, 0.6829460263252258], [0.6927509307861328, 0.8964840769767761]]]",0.6829460263252258,0.607833,0.1431,0.4231,0.5574,0.844952404499054,0.8240939378738403,0.6616805195808411,0.8907703161239624,0.8191356658935547,0.5072962045669556,2.8466358184814453,0.6365143656730652,/scicore/home/schwede/barta0000/germinal_ds/templates_originals/nb_s859190_mpnn_1_PDL1/boltz_free/output/boltz_results_nb_s859190_mpnn_1_PDL1/predictions/nb_s859190_mpnn_1_PDL1/nb_s859190_mpnn_1_PDL1_model_0.cif,0.291636,0.1254,0.151,0.3351,0.9097110629081726,0.9022517800331116,0.8257361650466919,0.9307047724723816,0.8858724236488342,0.3711836338043213,1.5759098529815674,0.8065757751464844,/scicore/home/schwede/barta0000/germinal_ds/templates_originals/nb_s859190_mpnn_1_PDL1/boltz_with_template/output/boltz_results_nb_s859190_mpnn_1_PDL1/predictions/nb_s859190_mpnn_1_PDL1/nb_s859190_mpnn_1_PDL1_model_0.cif,0.622745,0.2003,0.5374,0.6115
nb_s877334_mpnn_1_BHRF,False,"A,B",6.15010368441358,87.14647188049209,69.73,3.45,3.262765957446809,86.77722128649697,0.595701,0.3758,0.5181,0.4872,0.8,0.865,-79.73,0.0,0.81,0.9967,0.188,3.475328414351852,95.83076388888888,20416.89,953.18,2.0017,96.4986365925182,0.823908,0.5178,0.8758,0.6606,0.91,0.93,29239.32,1.0,0.9952,0.8692054482880578,0.8525029644801957,18.200547981262208,67.23802947998047,79.42323,15.401545,0.5643909,0.6481583118438721,/scicore/home/schwede/barta0000/germinal_ds/templates_originals/nb_s877334_mpnn_1_BHRF/chai_no_constraints/seed_2183/pred.model_idx_0.cif,0.5930373668670654,/scicore/home/schwede/barta0000/germinal_ds/templates_originals/nb_s877334_mpnn_1_BHRF/chai_with_constraints/seed_4078/pred.model_idx_2.cif,0.6481583118438721,0.824930727481842,0.6039652228355408,"[[0.8943512439727783, 0.9099501967430115]]","[[[0.8943512439727783, 0.6039652228355408], [0.5586025714874268, 0.9099501967430115]]]",0.6039652228355408,0.457066,0.1369,0.1683,0.4073,0.5930373668670654,0.7921701669692993,0.5432541966438293,"[[0.8950493335723877, 0.9147897362709045]]","[[[0.8950493335723877, 0.5432541966438293], [0.4813670814037323, 0.9147897362709045]]]",0.5432541966438293,0.398321,0.112,0.1431,0.3418,0.8327097296714783,0.8124758005142212,0.6635630130767822,0.8749963045120239,0.8486335873603821,0.512151837348938,3.870295763015747,0.6432231068611145,/scicore/home/schwede/barta0000/germinal_ds/templates_originals/nb_s877334_mpnn_1_BHRF/boltz_free/output/boltz_results_nb_s877334_mpnn_1_BHRF/predictions/nb_s877334_mpnn_1_BHRF/nb_s877334_mpnn_1_BHRF_model_0.cif,0.340173,0.1478,0.1392,0.2351,0.8994151949882507,0.8935248255729675,0.8119230270385742,0.921288251876831,0.8650230169296265,0.44885116815567017,2.2987990379333496,0.8119230270385742,/scicore/home/schwede/barta0000/germinal_ds/templates_originals/nb_s877334_mpnn_1_BHRF/boltz_with_template/output/boltz_results_nb_s877334_mpnn_1_BHRF/predictions/nb_s877334_mpnn_1_BHRF/nb_s877334_mpnn_1_BHRF_model_0.cif,0.574956,0.2476,0.3575,0.5254
nb_s491148_mpnn_3_PDL1,False,"A,B",6.045927083333334,87.32574761399789,24.66,1.7,2.9296875,86.21168932611121,0.572473,0.3347,0.605,0.4828,0.77,0.85,-169.9,0.0,0.79,0.5771,0.226,3.230630208333334,96.97704166666666,20139.72,864.65,1.717413793103448,97.51033248901368,0.786992,0.4749,0.8972,0.6916,0.89,0.92,14603.51,1.0,0.9591,0.8621049114892512,0.8936173864447106,,,67.548416,17.704884,0.48706657,0.8143098950386047,/scicore/home/schwede/barta0000/germinal_ds/templates_originals/nb_s491148_mpnn_3_PDL1/chai_no_constraints/seed_1557/pred.model_idx_2.cif,0.816697359085083,/scicore/home/schwede/barta0000/germinal_ds/templates_originals/nb_s491148_mpnn_3_PDL1/chai_with_constraints/seed_2941/pred.model_idx_0.cif,0.8143098950386047,0.9093565344810486,0.7905482649803162,"[[0.9245332479476929, 0.9289311170578003]]","[[[0.9245332479476929, 0.7905482649803162], [0.7641403675079346, 0.9289311170578003]]]",0.7905482649803162,0.769833,0.3463,0.6311,0.6337,0.816697359085083,0.9107736349105835,0.7931783199310303,"[[0.9261241555213928, 0.9298149347305298]]","[[[0.9261241555213928, 0.7931783199310303], [0.7675620317459106, 0.9298149347305298]]]",0.7931783199310303,0.775863,0.3244,0.6642,0.6376,0.874713122844696,0.9247210621833801,0.8723056316375732,0.8753149509429932,0.815157949924469,0.3704168200492859,1.0552692413330078,0.850902795791626,/scicore/home/schwede/barta0000/germinal_ds/templates_originals/nb_s491148_mpnn_3_PDL1/boltz_free/output/boltz_results_nb_s491148_mpnn_3_PDL1/predictions/nb_s491148_mpnn_3_PDL1/nb_s491148_mpnn_3_PDL1_model_0.cif,0.726255,0.1936,0.4021,0.6354,0.9430438280105591,0.9443779587745667,0.9208959937095642,0.9485807418823242,0.9368557929992676,0.33040371537208557,0.6412439942359924,0.889339804649353,/scicore/home/schwede/barta0000/germinal_ds/templates_originals/nb_s491148_mpnn_3_PDL1/boltz_with_template/output/boltz_results_nb_s491148_mpnn_3_PDL1/predictions/nb_s491148_mpnn_3_PDL1/nb_s491148_mpnn_3_PDL1_model_0.cif,0.854096,0.42,0.8199,0.7254
nb_s713450_mpnn_1_IL20,False,"A,B",4.3633354591836735,90.03013193812556,51.98,2.45,4.033673469387756,88.03201868347907,0.74666,0.4329,0.7475,0.6138,0.87,0.895,-23.04,0.0,0.87,0.9488,0.266,3.436377295918368,96.06339285714286,23234.94,866.93,2.321739130434782,96.80232629110647,0.835598,0.5077,0.9058,0.6663,0.91,0.92,34155.65,1.0,0.0132,0.7931176509458897,0.8319286975885857,5.7588286814482315,73.88689422607422,76.76381,10.38435,0.72623616,0.7931931614875793,/scicore/home/schwede/barta0000/germinal_ds/templates_originals/nb_s713450_mpnn_1_IL20/chai_no_constraints/seed_1020/pred.model_idx_3.cif,0.4202501177787781,/scicore/home/schwede/barta0000/germinal_ds/templates_originals/nb_s713450_mpnn_1_IL20/chai_with_constraints/seed_1987/pred.model_idx_1.cif,0.7931931614875793,0.8973674774169922,0.7671495676040649,"[[0.9032222628593445, 0.920865535736084]]","[[[0.9032222628593445, 0.7359820604324341], [0.7671495676040649, 0.920865535736084]]]",0.7359820604324341,0.720978,0.313,0.682,0.5731,0.4202501177787781,0.6993467807769775,0.350475937128067,"[[0.8891141414642334, 0.891840934753418]]","[[[0.8891141414642334, 0.350475937128067], [0.3195817470550537, 0.891840934753418]]]",0.350475937128067,0.216172,0.1628,0.0466,0.1849,0.5402972102165222,0.6019178628921509,0.3033088743686676,0.5995442867279053,0.5371848940849304,1.1930209398269653,8.00870132446289,0.26814284920692444,/scicore/home/schwede/barta0000/germinal_ds/templates_originals/nb_s713450_mpnn_1_IL20/boltz_free/output/boltz_results_nb_s713450_mpnn_1_IL20/predictions/nb_s713450_mpnn_1_IL20/nb_s713450_mpnn_1_IL20_model_0.cif,0.040526,0.0421,0.0112,0.0451,0.8187468647956848,0.7949435710906982,0.6537510752677917,0.8599957823753357,0.8170800805091858,0.9316575527191162,4.792314529418945,0.6537510752677917,/scicore/home/schwede/barta0000/germinal_ds/templates_originals/nb_s713450_mpnn_1_IL20/boltz_with_template/output/boltz_results_nb_s713450_mpnn_1_IL20/predictions/nb_s713450_mpnn_1_IL20/nb_s713450_mpnn_1_IL20_model_0.cif,0.299453,0.2518,0.1377,0.2203
nb_s413501_mpnn_3_PDL1,False,"A,B",6.108293402777778,86.7426100795756,16.79,0.93,2.0442857142857136,89.46148135850673,0.71156,0.447,0.6795,0.5653,0.83,0.8300000000000001,-176.9,0.0,0.84,0.9961,0.291,2.9999902777777776,97.36574999999999,41574.88,1807.36,1.547027027027027,97.82999971177843,0.819919,0.5507,0.9204,0.7253,0.9,0.92,52461.81,1.0,0.9963,0.7336225698978809,0.8680220016735097,20.483254432678223,52.33443832397461,67.4532,17.476421,0.4911524,0.5427700281143188,/scicore/home/schwede/barta0000/germinal_ds/templates_originals/nb_s413501_mpnn_3_PDL1/chai_no_constraints/seed_3745/pred.model_idx_2.cif,0.838013768196106,/scicore/home/schwede/barta0000/germinal_ds/templates_originals/nb_s413501_mpnn_3_PDL1/chai_with_constraints/seed_2456/pred.model_idx_3.cif,0.5427700281143188,0.78406822681427,0.48244544863700867,"[[0.9273825883865356, 0.8894672989845276]]","[[[0.9273825883865356, 0.44341152906417847], [0.48244544863700867, 0.8894672989845276]]]",0.44341152906417847,0.350036,0.2018,0.1651,0.3673,0.838013768196106,0.918936550617218,0.817782998085022,"[[0.9388881325721741, 0.9319360852241516]]","[[[0.9388881325721741, 0.806764543056488], [0.817782998085022, 0.9319360852241516]]]",0.806764543056488,0.800253,0.4056,0.745,0.6602,0.7974948883056641,0.7683886885643005,0.5586404800415039,0.8572084903717041,0.7641374468803406,0.5240401029586792,3.2453291416168213,0.5253521800041199,/scicore/home/schwede/barta0000/germinal_ds/templates_originals/nb_s413501_mpnn_3_PDL1/boltz_free/output/boltz_results_nb_s413501_mpnn_3_PDL1/predictions/nb_s413501_mpnn_3_PDL1/nb_s413501_mpnn_3_PDL1_model_0.cif,0.21456,0.0723,0.0945,0.2566,0.8767535090446472,0.8038807511329651,0.6398919820785522,0.9359689354896545,0.9135861396789551,0.5582088828086853,3.6684162616729736,0.6294301152229309,/scicore/home/schwede/barta0000/germinal_ds/templates_originals/nb_s413501_mpnn_3_PDL1/boltz_with_template/output/boltz_results_nb_s413501_mpnn_3_PDL1/predictions/nb_s413501_mpnn_3_PDL1/nb_s413501_mpnn_3_PDL1_model_0.cif,0.286417,0.3117,0.2812,0.3347
nb_s666722_mpnn_2_IL3,False,"A,B",10.3983456,81.2445156330087,203.06,9.81,6.94375,67.78719740268988,0.104352,0.1147,0.033,0.0999,0.39,0.8200000000000001,58.75,0.0,0.45,0.0376,0.208,4.89262144,92.00223999999999,8915.28,474.47,2.8157812499999997,86.30722332000732,0.519956,0.3286,0.4467,0.5258,0.72,0.83,4901.98,1.0,0.6834,0.20512846727244954,0.8468460655879222,24.905412197113037,52.63764572143555,51.0414,21.360748,0.4549019,0.24909380078315735,/scicore/home/schwede/barta0000/germinal_ds/templates_originals/nb_s666722_mpnn_2_IL3/chai_no_constraints/seed_1084/pred.model_idx_0.cif,0.35029497742652893,/scicore/home/schwede/barta0000/germinal_ds/templates_originals/nb_s666722_mpnn_2_IL3/chai_with_constraints/seed_1009/pred.model_idx_2.cif,0.24909380078315735,0.5968743562698364,0.16214865446090698,"[[0.9262535572052002, 0.3108150064945221]]","[[[0.9262535572052002, 0.16214865446090698], [0.11755736172199249, 0.3108150064945221]]]",0.16214865446090698,0.014484,0.0645,0.0106,0.0083,0.35029497742652893,0.6241501569747925,0.28183117508888245,"[[0.9298258423805237, 0.308846652507782]]","[[[0.9298258423805237, 0.19872638583183289], [0.28183117508888245, 0.308846652507782]]]",0.19872638583183289,0.130002,0.0386,0.0315,0.2035,0.7810012102127075,0.8368092775344849,0.7731302976608276,0.7829688787460327,0.6479406356811523,0.49808940291404724,2.243720293045044,0.7731302976608276,/scicore/home/schwede/barta0000/germinal_ds/templates_originals/nb_s666722_mpnn_2_IL3/boltz_free/output/boltz_results_nb_s666722_mpnn_2_IL3/predictions/nb_s666722_mpnn_2_IL3/nb_s666722_mpnn_2_IL3_model_0.cif,0.401847,0.0638,0.0742,0.3854,0.8200961351394653,0.8623868227005005,0.7956389784812927,0.8262103796005249,0.7209081649780273,0.47091203927993774,1.9749349355697632,0.7956389784812927,/scicore/home/schwede/barta0000/germinal_ds/templates_originals/nb_s666722_mpnn_2_IL3/boltz_with_template/output/boltz_results_nb_s666722_mpnn_2_IL3/predictions/nb_s666722_mpnn_2_IL3/nb_s666722_mpnn_2_IL3_model_0.cif,0.522963,0.2267,0.1775,0.4892
nb_s652766_mpnn_5_IL3,False,"A,B",4.783540800000001,90.00810467479675,48.48,2.33,3.4762500000000003,88.7600256816367,0.702429,0.3541,0.6955,0.573,0.83,0.875,-99.14,0.0,0.84,0.7254,0.192,3.26426368,96.80724,770.57,41.32,2.1487804878048777,97.15414558968892,0.787996,0.461,0.901,0.68,0.88,0.91,608.04,1.0,0.996,0.8740161901072596,0.9287037118740115,23.580315589904785,43.89335250854492,54.476738,20.685883,0.4737721,0.23452138900756836,/scicore/home/schwede/barta0000/germinal_ds/templates_originals/nb_s652766_mpnn_5_IL3/chai_no_constraints/seed_2369/pred.model_idx_1.cif,0.26402580738067627,/scicore/home/schwede/barta0000/germinal_ds/templates_originals/nb_s652766_mpnn_5_IL3/chai_with_constraints/seed_1654/pred.model_idx_0.cif,0.23452138900756836,0.5804301500320435,0.14804419875144958,"[[0.8988203406333923, 0.3090042471885681]]","[[[0.8988203406333923, 0.14804419875144958], [0.09850123524665833, 0.3090042471885681]]]",0.14804419875144958,0.006706,0.0865,0.0099,0.0038,0.26402580738067627,0.6009505987167358,0.17979459464550018,"[[0.8898599743843079, 0.33368080854415894]]","[[[0.8898599743843079, 0.17979459464550018], [0.14915084838867188, 0.33368080854415894]]]",0.17979459464550018,0.046332,0.1057,0.0115,0.12,0.8101574778556824,0.7666208744049072,0.5545428991317749,0.874061107635498,0.8039991855621338,0.5356231331825256,5.01890754699707,0.5229868292808533,/scicore/home/schwede/barta0000/germinal_ds/templates_originals/nb_s652766_mpnn_5_IL3/boltz_free/output/boltz_results_nb_s652766_mpnn_5_IL3/predictions/nb_s652766_mpnn_5_IL3/nb_s652766_mpnn_5_IL3_model_0.cif,0.170669,0.1524,0.0367,0.1395,0.9065693020820618,0.8862739205360413,0.8036386966705322,0.9323018789291382,0.887872040271759,0.4372478127479553,2.081490993499756,0.8036386966705322,/scicore/home/schwede/barta0000/germinal_ds/templates_originals/nb_s652766_mpnn_5_IL3/boltz_with_template/output/boltz_results_nb_s652766_mpnn_5_IL3/predictions/nb_s652766_mpnn_5_IL3/nb_s652766_mpnn_5_IL3_model_0.cif,0.592629,0.2941,0.4681,0.5548
nb_s473012_mpnn_5_IL20,False,"A,B",4.383894132653061,90.42671594982079,78.48,4.05,2.1599999999999997,90.79658547325741,0.766233,0.2312,0.7159,0.6149,0.85,0.9,-42.53,0.0,0.86,0.0249,0.393,3.7164628826530612,95.47996428571429,20837.78,1214.48,1.8943055555555557,96.26848417339903,0.785235,0.293,0.8359,0.6516,0.87,0.9,32798.29,1.0,0.0327,0.7528597649477293,0.8369838643166921,10.660546686914232,61.685184478759766,73.455864,12.773562,0.6061846,0.8430382013320923,/scicore/home/schwede/barta0000/germinal_ds/templates_originals/nb_s473012_mpnn_5_IL20/chai_no_constraints/seed_2946/pred.model_idx_1.cif,0.7516753077507019,/scicore/home/schwede/barta0000/germinal_ds/templates_originals/nb_s473012_mpnn_5_IL20/chai_with_constraints/seed_1051/pred.model_idx_4.cif,0.8430382013320923,0.9107679128646851,0.8261057734489441,"[[0.9302408695220947, 0.9156988859176636]]","[[[0.9302408695220947, 0.8261057734489441], [0.7837562561035156, 0.9156988859176636]]]",0.8261057734489441,0.806664,0.209,0.7355,0.625,0.7516753077507019,0.858322024345398,0.7250136137008667,"[[0.9268478751182556, 0.9001873731613159]]","[[[0.9268478751182556, 0.7250136137008667], [0.7003004550933838, 0.9001873731613159]]]",0.7250136137008667,0.607271,0.1568,0.5389,0.4997,0.6700541973114014,0.7926074266433716,0.649974524974823,0.6750741004943848,0.61118084192276,0.7468137741088867,3.501835823059082,0.6477448344230652,/scicore/home/schwede/barta0000/germinal_ds/templates_originals/nb_s473012_mpnn_5_IL20/boltz_free/output/boltz_results_nb_s473012_mpnn_5_IL20/predictions/nb_s473012_mpnn_5_IL20/nb_s473012_mpnn_5_IL20_model_0.cif,0.317226,0.0535,0.0414,0.2403,0.9041088223457336,0.8896079659461975,0.8404331207275391,0.9200277924537659,0.9023460745811462,0.5442063212394714,1.7466694116592407,0.8404331207275391,/scicore/home/schwede/barta0000/germinal_ds/templates_originals/nb_s473012_mpnn_5_IL20/boltz_with_template/output/boltz_results_nb_s473012_mpnn_5_IL20/predictions/nb_s473012_mpnn_5_IL20/nb_s473012_mpnn_5_IL20_model_0.cif,0.652232,0.3958,0.5984,0.5152
nb_s558025_mpnn_1_BHRF,False,"A,B",5.015456211419753,90.17688077430708,56.24,2.83,2.8987804878048777,91.26816631294432,0.788288,0.4109,0.7996,0.5948,0.87,0.89,-76.97,0.0,0.87,0.9978,0.193,3.241393952546297,96.72295138888889,10085.42,555.89,2.026951219512195,97.78128227820763,0.868044,0.4944,0.9219,0.6846,0.92,0.93,10227.83,1.0,0.9966,0.8943394334121961,0.9318346332921839,17.72348165512085,38.11397171020508,73.83349,15.532116,0.5313207,0.35690632462501526,/scicore/home/schwede/barta0000/germinal_ds/templates_originals/nb_s558025_mpnn_1_BHRF/chai_no_constraints/seed_15/pred.model_idx_2.cif,0.5792083144187927,/scicore/home/schwede/barta0000/germinal_ds/templates_originals/nb_s558025_mpnn_1_BHRF/chai_with_constraints/seed_3779/pred.model_idx_1.cif,0.35690632462501526,0.6737329363822937,0.27769964933395386,"[[0.87407386302948, 0.9095859527587891]]","[[[0.87407386302948, 0.27769964933395386], [0.23717395961284637, 0.9095859527587891]]]",0.27769964933395386,0.141689,0.0937,0.0219,0.0931,0.5792083144187927,0.8096402287483215,0.5216003060340881,"[[0.9075036644935608, 0.9079126119613647]]","[[[0.9075036644935608, 0.5216003060340881], [0.5136798620223999, 0.9079126119613647]]]",0.5216003060340881,0.422737,0.2064,0.2783,0.4093,0.8112691044807434,0.7976289391517639,0.6038723587989807,0.8631182909011841,0.7649608254432678,0.5514327883720398,4.244576454162598,0.6038723587989807,/scicore/home/schwede/barta0000/germinal_ds/templates_originals/nb_s558025_mpnn_1_BHRF/boltz_free/output/boltz_results_nb_s558025_mpnn_1_BHRF/predictions/nb_s558025_mpnn_1_BHRF/nb_s558025_mpnn_1_BHRF_model_0.cif,0.278424,0.109,0.0566,0.2093,0.8650900721549988,0.819152295589447,0.6666915416717529,0.9146897196769714,0.8601915240287781,0.5414268970489502,3.5271830558776855,0.6666915416717529,/scicore/home/schwede/barta0000/germinal_ds/templates_originals/nb_s558025_mpnn_1_BHRF/boltz_with_template/output/boltz_results_nb_s558025_mpnn_1_BHRF/predictions/nb_s558025_mpnn_1_BHRF/nb_s558025_mpnn_1_BHRF_model_0.cif,0.354115,0.2306,0.1788,0.34
nb_s817878_mpnn_2_PDL1,False,"A,B",6.4926770833333345,88.61460200316289,-8.45,-0.65,2.4035714285714285,89.30894092921743,0.525209,0.2738,0.6568,0.4324,0.78,0.855,-179.41,0.0,0.79,0.1298,0.216,3.422940451388888,96.85270833333334,359.17,27.52,1.8068181818181819,96.96612844159526,0.782277,0.3504,0.8886,0.6681,0.89,0.9,168.52,1.0,0.1129,0.8332119039687242,0.9131998134002121,,,65.63245,17.809738,0.47723532,0.6814423203468323,/scicore/home/schwede/barta0000/germinal_ds/templates_originals/nb_s817878_mpnn_2_PDL1/chai_no_constraints/seed_2396/pred.model_idx_2.cif,0.700557291507721,/scicore/home/schwede/barta0000/germinal_ds/templates_originals/nb_s817878_mpnn_2_PDL1/chai_with_constraints/seed_1266/pred.model_idx_1.cif,0.6814423203468323,0.851236879825592,0.6389936804771423,"[[0.9286612868309021, 0.9267551302909851]]","[[[0.9286612868309021, 0.6300296783447266], [0.6389936804771423, 0.9267551302909851]]]",0.6300296783447266,0.552979,0.1199,0.4662,0.5479,0.700557291507721,0.8548445105552673,0.6619855165481567,"[[0.9283462762832642, 0.9274904131889343]]","[[[0.9283462762832642, 0.6619855165481567], [0.6430790424346924, 0.9274904131889343]]]",0.6619855165481567,0.59495,0.0966,0.4374,0.5568,0.8168205618858337,0.829118013381958,0.7142452001571655,0.8424643278121948,0.7538325786590576,0.490649551153183,2.4696390628814697,0.6554396748542786,/scicore/home/schwede/barta0000/germinal_ds/templates_originals/nb_s817878_mpnn_2_PDL1/boltz_free/output/boltz_results_nb_s817878_mpnn_2_PDL1/predictions/nb_s817878_mpnn_2_PDL1/nb_s817878_mpnn_2_PDL1_model_0.cif,0.352228,0.0878,0.1092,0.3644,0.8760187029838562,0.864777684211731,0.7775818109512329,0.9006279110908508,0.8595380187034607,0.42884325981140137,2.128472328186035,0.7490849494934082,/scicore/home/schwede/barta0000/germinal_ds/templates_originals/nb_s817878_mpnn_2_PDL1/boltz_with_template/output/boltz_results_nb_s817878_mpnn_2_PDL1/predictions/nb_s817878_mpnn_2_PDL1/nb_s817878_mpnn_2_PDL1_model_0.cif,0.541222,0.1767,0.3932,0.5418
nb_s752383_mpnn_3_IL20,False,"A,B",4.5550956632653055,90.10938537460746,31.3,1.61,2.9670454545454548,90.34837716054435,0.746491,0.4336,0.7576,0.5979,0.85,0.89,-100.8,0.0,0.85,0.0133,0.236,3.537759311224489,96.05989285714284,298.34,18.92,2.263589743589744,96.70800037384033,0.809299,0.5138,0.891,0.6449,0.89,0.91,1927.59,1.0,0.1225,0.8245382259261937,0.8860994699797622,19.04063320159912,57.053810119628906,73.31237,15.578702,0.52613354,0.8382384181022644,/scicore/home/schwede/barta0000/germinal_ds/templates_originals/nb_s752383_mpnn_3_IL20/chai_no_constraints/seed_3742/pred.model_idx_0.cif,0.43477997183799744,/scicore/home/schwede/barta0000/germinal_ds/templates_originals/nb_s752383_mpnn_3_IL20/chai_with_constraints/seed_1491/pred.model_idx_0.cif,0.8382384181022644,0.915546715259552,0.8189113140106201,"[[0.9307711720466614, 0.9149044156074524]]","[[[0.9307711720466614, 0.8189113140106201], [0.8164371848106384, 0.9149044156074524]]]",0.8189113140106201,0.797599,0.4083,0.8182,0.6025,0.43477997183799744,0.681653618812561,0.37306153774261475,"[[0.908500611782074, 0.6611611843109131]]","[[[0.908500611782074, 0.36853352189064026], [0.37306153774261475, 0.6611611843109131]]]",0.36853352189064026,0.249914,0.1292,0.1396,0.2275,0.6393062472343445,0.7581914663314819,0.596034824848175,0.6501241326332092,0.5927015542984009,0.7946138381958008,4.898848056793213,0.5887846350669861,/scicore/home/schwede/barta0000/germinal_ds/templates_originals/nb_s752383_mpnn_3_IL20/boltz_free/output/boltz_results_nb_s752383_mpnn_3_IL20/predictions/nb_s752383_mpnn_3_IL20/nb_s752383_mpnn_3_IL20_model_0.cif,0.224978,0.0439,0.0271,0.1543,0.8017919659614563,0.7114165425300598,0.5251412391662598,0.8709546327590942,0.8377769589424133,0.9327602386474609,6.5981292724609375,0.5020989775657654,/scicore/home/schwede/barta0000/germinal_ds/templates_originals/nb_s752383_mpnn_3_IL20/boltz_with_template/output/boltz_results_nb_s752383_mpnn_3_IL20/predictions/nb_s752383_mpnn_3_IL20/nb_s752383_mpnn_3_IL20_model_0.cif,0.187026,0.2192,0.0854,0.1346
nb_s24110_mpnn_5_IL3,False,"A,B",4.786577599999999,90.7063969465649,7.77,0.51,3.248387096774194,92.98024636997926,0.774035,0.3367,0.849,0.6009,0.87,0.875,-91.54,0.0,0.88,0.9934,0.182,3.567368,96.41112,3804.44,232.24,2.057758620689655,97.34703742133246,0.805702,0.3808,0.9162,0.6454,0.89,0.9,1321.81,1.0,0.9892,0.8943394334121961,0.9375951118810195,25.789457321166992,54.4858512878418,53.27495,21.091988,0.46413416,0.23728010058403015,/scicore/home/schwede/barta0000/germinal_ds/templates_originals/nb_s24110_mpnn_5_IL3/chai_no_constraints/seed_1947/pred.model_idx_3.cif,0.2967558205127716,/scicore/home/schwede/barta0000/germinal_ds/templates_originals/nb_s24110_mpnn_5_IL3/chai_with_constraints/seed_3918/pred.model_idx_3.cif,0.23728010058403015,0.5818948149681091,0.1511264145374298,"[[0.8925902843475342, 0.3236672580242157]]","[[[0.8925902843475342, 0.1511264145374298], [0.10221223533153534, 0.3236672580242157]]]",0.1511264145374298,0.014609,0.0664,0.01,0.013,0.2967558205127716,0.6250365972518921,0.2146856188774109,"[[0.8975470662117004, 0.318526953458786]]","[[[0.8975470662117004, 0.21037891507148743], [0.2146856188774109, 0.318526953458786]]]",0.21037891507148743,0.093203,0.0571,0.0151,0.1432,0.732120931148529,0.6072654128074646,0.2529453933238983,0.8519148230552673,0.7623280882835388,0.7264573574066162,7.070897102355957,0.20537200570106506,/scicore/home/schwede/barta0000/germinal_ds/templates_originals/nb_s24110_mpnn_5_IL3/boltz_free/output/boltz_results_nb_s24110_mpnn_5_IL3/predictions/nb_s24110_mpnn_5_IL3/nb_s24110_mpnn_5_IL3_model_0.cif,0.014791,0.0824,0.0128,0.0314,0.827953040599823,0.7392898201942444,0.5504473447799683,0.8973295092582703,0.8253931999206543,0.7090349793434143,5.839526176452637,0.5504473447799683,/scicore/home/schwede/barta0000/germinal_ds/templates_originals/nb_s24110_mpnn_5_IL3/boltz_with_template/output/boltz_results_nb_s24110_mpnn_5_IL3/predictions/nb_s24110_mpnn_5_IL3/nb_s24110_mpnn_5_IL3_model_0.cif,0.185735,0.149,0.0558,0.1744
nb_s1156_mpnn_5_IL3,False,"A,B",4.971168,90.23812018489984,53.68,2.54,2.8510416666666667,86.95016617633908,0.629722,0.3755,0.5481,0.5441,0.8,0.88,-94.59,0.0,0.81,0.5172,0.199,3.3712704000000002,96.47372,5393.39,368.27,2.011413043478261,96.28102366129558,0.801206,0.4925,0.8576,0.6694,0.89,0.91,3272.14,1.0,0.002,0.8471070799326019,0.8913988672197185,26.84882640838623,40.404380798339844,52.417015,21.314518,0.45600504,0.24245163798332214,/scicore/home/schwede/barta0000/germinal_ds/templates_originals/nb_s1156_mpnn_5_IL3/chai_no_constraints/seed_1719/pred.model_idx_3.cif,0.2964325547218323,/scicore/home/schwede/barta0000/germinal_ds/templates_originals/nb_s1156_mpnn_5_IL3/chai_with_constraints/seed_462/pred.model_idx_0.cif,0.24245163798332214,0.5888245105743408,0.15585842728614807,"[[0.9112544059753418, 0.3025514781475067]]","[[[0.9112544059753418, 0.15585842728614807], [0.13096895813941956, 0.3025514781475067]]]",0.15585842728614807,0.016913,0.0394,0.0102,0.0143,0.2964325547218323,0.6365087628364563,0.21141350269317627,"[[0.9252890348434448, 0.32666653394699097]]","[[[0.9252890348434448, 0.21141350269317627], [0.18262308835983276, 0.32666653394699097]]]",0.21141350269317627,0.096382,0.0905,0.0231,0.1278,0.8310055732727051,0.8488947153091431,0.7427411675453186,0.8530716896057129,0.7576473951339722,0.4811059832572937,2.5572195053100586,0.7427411675453186,/scicore/home/schwede/barta0000/germinal_ds/templates_originals/nb_s1156_mpnn_5_IL3/boltz_free/output/boltz_results_nb_s1156_mpnn_5_IL3/predictions/nb_s1156_mpnn_5_IL3/nb_s1156_mpnn_5_IL3_model_0.cif,0.355322,0.1277,0.1154,0.3857,0.8438709378242493,0.7565070986747742,0.5688526034355164,0.9126255512237549,0.854408323764801,0.7329145073890686,5.578000545501709,0.5688526034355164,/scicore/home/schwede/barta0000/germinal_ds/templates_originals/nb_s1156_mpnn_5_IL3/boltz_with_template/output/boltz_results_nb_s1156_mpnn_5_IL3/predictions/nb_s1156_mpnn_5_IL3/nb_s1156_mpnn_5_IL3_model_0.cif,0.18293,0.2796,0.0611,0.1785
nb_s282075_mpnn_3_PDL1,False,"A,B",6.133397569444446,88.19492600422832,8.67,0.65,2.3870967741935485,88.35339786196904,0.556753,0.3008,0.637,0.4081,0.81,0.855,-163.74,0.0,0.82,0.5992,0.21,3.1271621527777778,97.23670833333333,1120.0,78.81,1.5551724137931033,97.84964288984027,0.83034,0.4057,0.9132,0.6923,0.91,0.92,742.15,1.0,0.0413,0.8484530482711902,0.9054403432158049,,,66.803185,17.984278,0.47741306,0.4637441039085388,/scicore/home/schwede/barta0000/germinal_ds/templates_originals/nb_s282075_mpnn_3_PDL1/chai_no_constraints/seed_3287/pred.model_idx_2.cif,0.5566825270652771,/scicore/home/schwede/barta0000/germinal_ds/templates_originals/nb_s282075_mpnn_3_PDL1/chai_with_constraints/seed_1781/pred.model_idx_3.cif,0.4637441039085388,0.7420661449432373,0.394163578748703,"[[0.8971505761146545, 0.8853917717933655]]","[[[0.8971505761146545, 0.389004647731781], [0.394163578748703, 0.8853917717933655]]]",0.389004647731781,0.237536,0.1022,0.0573,0.2577,0.5566825270652771,0.7802435755729675,0.5007922649383545,"[[0.8952471017837524, 0.9248138070106506]]","[[[0.8952471017837524, 0.47834712266921997], [0.5007922649383545, 0.9248138070106506]]]",0.47834712266921997,0.38137,0.0914,0.1796,0.4111,0.8688444495201111,0.8992217183113098,0.8326356410980225,0.8778966069221497,0.8170098066329956,0.3677738904953003,1.0868366956710815,0.8127522468566895,/scicore/home/schwede/barta0000/germinal_ds/templates_originals/nb_s282075_mpnn_3_PDL1/boltz_free/output/boltz_results_nb_s282075_mpnn_3_PDL1/predictions/nb_s282075_mpnn_3_PDL1/nb_s282075_mpnn_3_PDL1_model_0.cif,0.630141,0.1088,0.3626,0.589,0.9223329424858093,0.9061065912246704,0.8779275417327881,0.9334343075752258,0.9206313490867615,0.3571196496486664,0.9252296090126038,0.8194116353988647,/scicore/home/schwede/barta0000/germinal_ds/templates_originals/nb_s282075_mpnn_3_PDL1/boltz_with_template/output/boltz_results_nb_s282075_mpnn_3_PDL1/predictions/nb_s282075_mpnn_3_PDL1/nb_s282075_mpnn_3_PDL1_model_0.cif,0.728694,0.2976,0.7369,0.6501
nb_s233025_mpnn_2_IL3,False,"A,B",4.7405264,91.0714946619217,-6.46,-0.36,2.466666666666667,90.59276286735441,0.763689,0.2714,0.7952,0.5967,0.86,0.875,-81.94,0.0,0.88,0.9858,0.302,3.4908654400000003,96.08776,2268.99,88.27,1.79125,96.81933263142903,0.816366,0.335,0.9136,0.6663,0.9,0.92,1959.85,1.0,0.9863,0.8446197923223451,0.899684277990852,25.335598627726238,48.843265533447266,51.1545,21.176422,0.46227607,0.43947476148605347,/scicore/home/schwede/barta0000/germinal_ds/templates_originals/nb_s233025_mpnn_2_IL3/chai_no_constraints/seed_1133/pred.model_idx_4.cif,0.40922436118125916,/scicore/home/schwede/barta0000/germinal_ds/templates_originals/nb_s233025_mpnn_2_IL3/chai_with_constraints/seed_137/pred.model_idx_2.cif,0.43947476148605347,0.6110422611236572,0.3965829014778137,"[[0.9051591157913208, 0.31924694776535034]]","[[[0.9051591157913208, 0.19609446823596954], [0.3965829014778137, 0.31924694776535034]]]",0.19609446823596954,0.098047,0.0922,0.0158,0.1195,0.40922436118125916,0.6159532070159912,0.35754212737083435,"[[0.9023550152778625, 0.3126741647720337]]","[[[0.9023550152778625, 0.20410548150539398], [0.35754212737083435, 0.3126741647720337]]]",0.20410548150539398,0.063435,0.0931,0.0156,0.1376,0.8035064935684204,0.8017252683639526,0.6631043553352356,0.8386069536209106,0.7151161432266235,0.6149941682815552,3.3498377799987793,0.6631043553352356,/scicore/home/schwede/barta0000/germinal_ds/templates_originals/nb_s233025_mpnn_2_IL3/boltz_free/output/boltz_results_nb_s233025_mpnn_2_IL3/predictions/nb_s233025_mpnn_2_IL3/nb_s233025_mpnn_2_IL3_model_0.cif,0.249728,0.1638,0.0714,0.2388,0.8473252654075623,0.8157820105552673,0.6770347356796265,0.8898978233337402,0.8172751665115356,0.6037629246711731,4.0233683586120605,0.6770347356796265,/scicore/home/schwede/barta0000/germinal_ds/templates_originals/nb_s233025_mpnn_2_IL3/boltz_with_template/output/boltz_results_nb_s233025_mpnn_2_IL3/predictions/nb_s233025_mpnn_2_IL3/nb_s233025_mpnn_2_IL3_model_0.cif,0.30082,0.1815,0.1214,0.3296
nb_s272990_mpnn_1_PDL1,False,"A,B",9.413602430555555,85.11255069370331,94.64,7.12,3.038461538461539,72.70033545353661,0.098299,0.1367,0.0539,0.1824,0.33,0.855,-102.35,0.0,0.39,0.1198,0.316,5.9380829861111115,91.01770833333333,8700.56,481.02,2.2310000000000003,81.61875089009602,0.291515,0.189,0.2273,0.3159,0.56,0.77,9986.01,1.0,0.7811,0.21229195631635028,0.8863154040230246,,,67.32222,17.64216,0.4818349,0.3621473014354706,/scicore/home/schwede/barta0000/germinal_ds/templates_originals/nb_s272990_mpnn_1_PDL1/chai_no_constraints/seed_3267/pred.model_idx_3.cif,0.5475283861160278,/scicore/home/schwede/barta0000/germinal_ds/templates_originals/nb_s272990_mpnn_1_PDL1/chai_with_constraints/seed_1754/pred.model_idx_4.cif,0.3621473014354706,0.6862714886665344,0.281116247177124,"[[0.9218214750289917, 0.8830047249794006]]","[[[0.9218214750289917, 0.2689010500907898], [0.281116247177124, 0.8830047249794006]]]",0.2689010500907898,0.120765,0.0831,0.0215,0.0981,0.5475283861160278,0.7835830450057983,0.48851466178894043,"[[0.9126870036125183, 0.9252908229827881]]","[[[0.9126870036125183, 0.4866511821746826], [0.48851466178894043, 0.9252908229827881]]]",0.4866511821746826,0.339992,0.1645,0.165,0.3822,0.757135808467865,0.7377278208732605,0.49933913350105286,0.8215849995613098,0.736535370349884,0.6776086688041687,5.837512969970703,0.47300082445144653,/scicore/home/schwede/barta0000/germinal_ds/templates_originals/nb_s272990_mpnn_1_PDL1/boltz_free/output/boltz_results_nb_s272990_mpnn_1_PDL1/predictions/nb_s272990_mpnn_1_PDL1/nb_s272990_mpnn_1_PDL1_model_0.cif,0.115359,0.0584,0.0281,0.1023,0.8445334434509277,0.8993436694145203,0.8332909941673279,0.8473441004753113,0.7976414561271667,0.41779378056526184,1.64984130859375,0.8020734786987305,/scicore/home/schwede/barta0000/germinal_ds/templates_originals/nb_s272990_mpnn_1_PDL1/boltz_with_template/output/boltz_results_nb_s272990_mpnn_1_PDL1/predictions/nb_s272990_mpnn_1_PDL1/nb_s272990_mpnn_1_PDL1_model_0.cif,0.602338,0.1063,0.3136,0.5798
nb_s149825_mpnn_4_PDL1,False,"A,B",6.230642361111111,85.9443268727082,25.93,1.52,1.8944444444444448,89.3605342323976,0.759611,0.3743,0.745,0.5761,0.85,0.84,-161.77,0.0,0.85,0.9961,0.25,3.3539649305555552,96.301625,4928.11,362.67,1.394268292682927,97.28972914412215,0.830413,0.4706,0.9059,0.6946,0.91,0.92,2613.98,1.0,0.9964,0.8556119530713238,0.8907611919255021,,,66.42576,17.998884,0.47329798,0.25810742378234863,/scicore/home/schwede/barta0000/germinal_ds/templates_originals/nb_s149825_mpnn_4_PDL1/chai_no_constraints/seed_4976/pred.model_idx_0.cif,0.4214756488800049,/scicore/home/schwede/barta0000/germinal_ds/templates_originals/nb_s149825_mpnn_4_PDL1/chai_with_constraints/seed_23/pred.model_idx_4.cif,0.25810742378234863,0.6213012933731079,0.16730892658233643,"[[0.9001684188842773, 0.8758513331413269]]","[[[0.9001684188842773, 0.16730892658233643], [0.14057083427906036, 0.8758513331413269]]]",0.16730892658233643,0.025631,0.0542,0.0123,0.0135,0.4214756488800049,0.7123047709465027,0.3487683832645416,"[[0.8948840498924255, 0.8757626414299011]]","[[[0.8948840498924255, 0.3257138431072235], [0.3487683832645416, 0.8757626414299011]]]",0.3257138431072235,0.217086,0.1666,0.0981,0.2397,0.7718641757965088,0.778840184211731,0.5923733711242676,0.8167368769645691,0.7764272689819336,0.6239528656005859,4.499500274658203,0.5923733711242676,/scicore/home/schwede/barta0000/germinal_ds/templates_originals/nb_s149825_mpnn_4_PDL1/boltz_free/output/boltz_results_nb_s149825_mpnn_4_PDL1/predictions/nb_s149825_mpnn_4_PDL1/nb_s149825_mpnn_4_PDL1_model_0.cif,0.165689,0.2555,0.0422,0.1389,0.8918494582176208,0.9051397442817688,0.8507482409477234,0.9021247625350952,0.8758395314216614,0.42155396938323975,1.7327611446380615,0.8452744483947754,/scicore/home/schwede/barta0000/germinal_ds/templates_originals/nb_s149825_mpnn_4_PDL1/boltz_with_template/output/boltz_results_nb_s149825_mpnn_4_PDL1/predictions/nb_s149825_mpnn_4_PDL1/nb_s149825_mpnn_4_PDL1_model_0.cif,0.675137,0.3228,0.5472,0.6179
nb_s310510_mpnn_2_IL3,False,"A,B",4.4005552,90.72117946110829,-6.07,-0.23,3.1450819672131147,88.89787835899634,0.813682,0.5046,0.4023,0.6465,0.89,0.89,-98.33,0.0,0.9,0.9132,0.553,4.20604608,93.54404000000001,16216.64,1032.32,2.524107142857143,90.63719970703124,0.80741,0.4965,0.3593,0.6574,0.89,0.9,14819.53,1.0,0.9901,0.7600697594072294,0.8482590833504169,,,53.9163,20.922516,0.4713898,0.23580943048000336,/scicore/home/schwede/barta0000/germinal_ds/templates_originals/nb_s310510_mpnn_2_IL3/chai_no_constraints/seed_1180/pred.model_idx_3.cif,0.2919251322746277,/scicore/home/schwede/barta0000/germinal_ds/templates_originals/nb_s310510_mpnn_2_IL3/chai_with_constraints/seed_1099/pred.model_idx_1.cif,0.23580943048000336,0.5843933820724487,0.14866343140602112,"[[0.9135240912437439, 0.3097091615200043]]","[[[0.9135240912437439, 0.14866343140602112], [0.09991000592708588, 0.3097091615200043]]]",0.14866343140602112,0.010477,0.1152,0.0105,0.0065,0.2919251322746277,0.6231614947319031,0.20911605656147003,"[[0.9161140322685242, 0.315726637840271]]","[[[0.9161140322685242, 0.20911605656147003], [0.20076343417167664, 0.315726637840271]]]",0.20911605656147003,0.078715,0.0772,0.0175,0.1436,0.7632181644439697,0.7442794442176819,0.5094799399375916,0.8266527056694031,0.7669008374214172,0.6038792133331299,5.108148574829102,0.5053334832191467,/scicore/home/schwede/barta0000/germinal_ds/templates_originals/nb_s310510_mpnn_2_IL3/boltz_free/output/boltz_results_nb_s310510_mpnn_2_IL3/predictions/nb_s310510_mpnn_2_IL3/nb_s310510_mpnn_2_IL3_model_0.cif,0.143197,0.1245,0.0285,0.1123,0.8455316424369812,0.8119069337844849,0.6690055727958679,0.8896631598472595,0.8553398847579956,0.6460199356079102,5.507511615753174,0.6690055727958679,/scicore/home/schwede/barta0000/germinal_ds/templates_originals/nb_s310510_mpnn_2_IL3/boltz_with_template/output/boltz_results_nb_s310510_mpnn_2_IL3/predictions/nb_s310510_mpnn_2_IL3/nb_s310510_mpnn_2_IL3_model_0.cif,0.253884,0.2995,0.1076,0.2651
nb_s632243_mpnn_4_PDL1,False,"A,B",5.499465277777777,89.3470182012848,45.57,3.06,1.959259259259259,88.52743338814128,0.584618,0.3428,0.7357,0.4703,0.79,0.865,-139.31,0.0,0.8,0.9965,0.261,3.8460743055555557,95.70745833333334,4107.88,253.81,2.005,94.76555435745804,0.69488,0.4128,0.8072,0.6118,0.84,0.88,1751.76,1.0,0.0544,0.7751351513668296,0.8903120806346841,,,69.19838,17.207224,0.49552625,0.41957738995552063,/scicore/home/schwede/barta0000/germinal_ds/templates_originals/nb_s632243_mpnn_4_PDL1/chai_no_constraints/seed_1093/pred.model_idx_2.cif,0.5331971049308777,/scicore/home/schwede/barta0000/germinal_ds/templates_originals/nb_s632243_mpnn_4_PDL1/chai_with_constraints/seed_4912/pred.model_idx_0.cif,0.41957738995552063,0.6900307536125183,0.3519640564918518,"[[0.8581162691116333, 0.8821337223052979]]","[[[0.8581162691116333, 0.33375391364097595], [0.3519640564918518, 0.8821337223052979]]]",0.33375391364097595,0.192496,0.1147,0.0593,0.1841,0.5331971049308777,0.7580410242080688,0.4769860804080963,"[[0.8621693253517151, 0.8882707357406616]]","[[[0.8621693253517151, 0.4510931670665741], [0.4769860804080963, 0.8882707357406616]]]",0.4510931670665741,0.375378,0.125,0.1703,0.414,0.7849284410476685,0.7990929484367371,0.6116565465927124,0.8282464146614075,0.7648496031761169,0.5474840998649597,4.204423427581787,0.6116565465927124,/scicore/home/schwede/barta0000/germinal_ds/templates_originals/nb_s632243_mpnn_4_PDL1/boltz_free/output/boltz_results_nb_s632243_mpnn_4_PDL1/predictions/nb_s632243_mpnn_4_PDL1/nb_s632243_mpnn_4_PDL1_model_0.cif,0.199642,0.1239,0.0647,0.1994,0.8010461926460266,0.7811875343322754,0.5798947215080261,0.8563340902328491,0.7813642621040344,0.6347156763076782,5.573902606964111,0.5670950412750244,/scicore/home/schwede/barta0000/germinal_ds/templates_originals/nb_s632243_mpnn_4_PDL1/boltz_with_template/output/boltz_results_nb_s632243_mpnn_4_PDL1/predictions/nb_s632243_mpnn_4_PDL1/nb_s632243_mpnn_4_PDL1_model_0.cif,0.145963,0.171,0.0384,0.1204
nb_s389903_mpnn_5_PDL1,False,"A,B",5.263928819444445,88.3293585699264,45.81,2.04,3.3595744680851065,89.65058363214486,0.791587,0.43,0.7521,0.6033,0.87,0.855,-170.14,0.0,0.87,0.9573,0.223,2.9114390625000004,97.13962500000001,1810.66,86.06,1.8533673469387755,97.09958283106486,0.850012,0.5522,0.9025,0.7264,0.91,0.93,1600.33,1.0,0.9855,0.8877319358055371,0.9395302960696534,20.321336852179634,58.32367706298828,68.15422,16.602556,0.5192734,0.34892943501472473,/scicore/home/schwede/barta0000/germinal_ds/templates_originals/nb_s389903_mpnn_5_PDL1/chai_no_constraints/seed_1380/pred.model_idx_2.cif,0.8158553242683411,/scicore/home/schwede/barta0000/germinal_ds/templates_originals/nb_s389903_mpnn_5_PDL1/chai_with_constraints/seed_1385/pred.model_idx_3.cif,0.34892943501472473,0.6776241064071655,0.26675575971603394,"[[0.9179321527481079, 0.8739113807678223]]","[[[0.9179321527481079, 0.2575336992740631], [0.26675575971603394, 0.8739113807678223]]]",0.2575336992740631,0.105743,0.1333,0.0193,0.0886,0.8158553242683411,0.9013185501098633,0.7944895029067993,"[[0.926362931728363, 0.9266847968101501]]","[[[0.926362931728363, 0.7475575804710388], [0.7944895029067993, 0.9266847968101501]]]",0.7475575804710388,0.777826,0.2521,0.7547,0.6334,0.7830480933189392,0.737916886806488,0.519365668296814,0.8489686250686646,0.8162374496459961,0.6805129051208496,7.985564708709717,0.5094617009162903,/scicore/home/schwede/barta0000/germinal_ds/templates_originals/nb_s389903_mpnn_5_PDL1/boltz_free/output/boltz_results_nb_s389903_mpnn_5_PDL1/predictions/nb_s389903_mpnn_5_PDL1/nb_s389903_mpnn_5_PDL1_model_0.cif,0.112646,0.1678,0.0332,0.0653,0.902127742767334,0.9018564820289612,0.8520611524581909,0.9146443605422974,0.9140986204147339,0.39219215512275696,1.9356956481933594,0.8520611524581909,/scicore/home/schwede/barta0000/germinal_ds/templates_originals/nb_s389903_mpnn_5_PDL1/boltz_with_template/output/boltz_results_nb_s389903_mpnn_5_PDL1/predictions/nb_s389903_mpnn_5_PDL1/nb_s389903_mpnn_5_PDL1_model_0.cif,0.664839,0.3397,0.6812,0.5845
nb_s807208_mpnn_5_IL3,False,"A,B",13.537420800000001,75.8849035532995,469.98,28.8,12.216666666666667,58.359094964212375,0.006262,0.0495,0.0132,0.0097,0.2,0.795,226.42,0.0,0.27,0.5989,1.655,8.35696192,84.20388,4093.7,201.9,7.561956521739131,67.8572006225586,0.181778,0.1037,0.0517,0.1906,0.44,0.67,2553.56,1.0,0.1804,0.08796983865782329,0.8124329846950604,24.1511652469635,35.890464782714844,54.62246,20.624315,0.4773096,0.28211474418640137,/scicore/home/schwede/barta0000/germinal_ds/templates_originals/nb_s807208_mpnn_5_IL3/chai_no_constraints/seed_1171/pred.model_idx_0.cif,0.4840574860572815,/scicore/home/schwede/barta0000/germinal_ds/templates_originals/nb_s807208_mpnn_5_IL3/chai_with_constraints/seed_1583/pred.model_idx_0.cif,0.28211474418640137,0.6158560514450073,0.19867943227291107,"[[0.9054760336875916, 0.3069967031478882]]","[[[0.9054760336875916, 0.19867943227291107], [0.15514856576919556, 0.3069967031478882]]]",0.19867943227291107,0.052891,0.1221,0.0116,0.0241,0.4840574860572815,0.6936971545219421,0.43164756894111633,"[[0.9127032160758972, 0.38367408514022827]]","[[[0.9127032160758972, 0.32148313522338867], [0.43164756894111633, 0.38367408514022827]]]",0.32148313522338867,0.260996,0.223,0.0345,0.2613,0.8282011151313782,0.796680748462677,0.6285986304283142,0.8781017661094666,0.8093399405479431,0.5796777009963989,3.5919642448425293,0.6285986304283142,/scicore/home/schwede/barta0000/germinal_ds/templates_originals/nb_s807208_mpnn_5_IL3/boltz_free/output/boltz_results_nb_s807208_mpnn_5_IL3/predictions/nb_s807208_mpnn_5_IL3/nb_s807208_mpnn_5_IL3_model_0.cif,0.224408,0.2714,0.0806,0.2099,0.9225652813911438,0.893417477607727,0.8474248647689819,0.9413504004478455,0.9218652248382568,0.4380035400390625,1.5351773500442505,0.8474248647689819,/scicore/home/schwede/barta0000/germinal_ds/templates_originals/nb_s807208_mpnn_5_IL3/boltz_with_template/output/boltz_results_nb_s807208_mpnn_5_IL3/predictions/nb_s807208_mpnn_5_IL3/nb_s807208_mpnn_5_IL3_model_0.cif,0.698839,0.4645,0.6505,0.5948
nb_s689267_mpnn_1_IL20,False,"A,B",4.313265306122449,90.57129981884057,58.46,3.66,3.510294117647059,88.89824115264642,0.722271,0.2642,0.7205,0.5982,0.85,0.905,17.67,0.0,0.86,0.277,0.339,3.6244751275510207,95.79549999999999,2287.55,109.64,3.150645161290323,94.93103500892376,0.793774,0.279,0.7873,0.6389,0.87,0.91,3261.06,1.0,0.0028,0.8069285537691311,0.8869728568735389,14.625726795196533,54.68546676635742,73.06729,13.867373,0.56884754,0.8300384879112244,/scicore/home/schwede/barta0000/germinal_ds/templates_originals/nb_s689267_mpnn_1_IL20/chai_no_constraints/seed_6177/pred.model_idx_2.cif,0.354506254196167,/scicore/home/schwede/barta0000/germinal_ds/templates_originals/nb_s689267_mpnn_1_IL20/chai_with_constraints/seed_5091/pred.model_idx_4.cif,0.8300384879112244,0.9067031741142273,0.8108723163604736,"[[0.9275493025779724, 0.9242343306541443]]","[[[0.9275493025779724, 0.8108723163604736], [0.7771464586257935, 0.9242343306541443]]]",0.8108723163604736,0.775476,0.1202,0.6843,0.5756,0.354506254196167,0.6474504470825195,0.28127017617225647,"[[0.9113559722900391, 0.89007568359375]]","[[[0.9113559722900391, 0.28127017617225647], [0.2226274460554123, 0.89007568359375]]]",0.28127017617225647,0.142797,0.0537,0.0256,0.1,0.6649551391601562,0.6850359439849854,0.5746434330940247,0.6875330805778503,0.6496197581291199,1.2712832689285278,4.920393943786621,0.5746434330940247,/scicore/home/schwede/barta0000/germinal_ds/templates_originals/nb_s689267_mpnn_1_IL20/boltz_free/output/boltz_results_nb_s689267_mpnn_1_IL20/predictions/nb_s689267_mpnn_1_IL20/nb_s689267_mpnn_1_IL20_model_0.cif,0.187281,0.0672,0.0357,0.2168,0.8325766921043396,0.8139829635620117,0.7166683077812195,0.8615537881851196,0.8257963061332703,0.6538641452789307,3.0159523487091064,0.7166683077812195,/scicore/home/schwede/barta0000/germinal_ds/templates_originals/nb_s689267_mpnn_1_IL20/boltz_with_template/output/boltz_results_nb_s689267_mpnn_1_IL20/predictions/nb_s689267_mpnn_1_IL20/nb_s689267_mpnn_1_IL20_model_0.cif,0.434159,0.1464,0.2275,0.3653
nb_s105306_mpnn_3_BHRF,False,"A,B",12.129656153549384,78.9955658709107,204.71,9.87,6.875641025641025,61.21101323547473,0.036913,0.0798,0.0185,0.0911,0.27,0.84,300.79,0.0,0.33,0.0358,0.296,4.897338083526234,91.31190972222223,22118.47,1037.16,2.9169047619047617,86.4702380952381,0.65133,0.3463,0.5199,0.54,0.82,0.88,32553.51,1.0,0.0191,0.07558720509513599,0.8008000509123813,18.991844654083252,64.572998046875,72.555336,16.334036,0.5363006,0.6033939719200134,/scicore/home/schwede/barta0000/germinal_ds/templates_originals/nb_s105306_mpnn_3_BHRF/chai_no_constraints/seed_3973/pred.model_idx_3.cif,0.7717583179473877,/scicore/home/schwede/barta0000/germinal_ds/templates_originals/nb_s105306_mpnn_3_BHRF/chai_with_constraints/seed_1931/pred.model_idx_1.cif,0.6033939719200134,0.809945821762085,0.5517560243606567,"[[0.9163332581520081, 0.9181700944900513]]","[[[0.9163332581520081, 0.5410971641540527], [0.5517560243606567, 0.9181700944900513]]]",0.5410971641540527,0.374832,0.189,0.1931,0.3381,0.7717583179473877,0.8999828100204468,0.7397022247314453,"[[0.9205971956253052, 0.9215781092643738]]","[[[0.9205971956253052, 0.7132046222686768], [0.7397022247314453, 0.9215781092643738]]]",0.7132046222686768,0.7117,0.3085,0.4564,0.5741,0.9082583785057068,0.9154059290885925,0.8521953821182251,0.9222740530967712,0.8829078078269958,0.3841698169708252,1.3557685613632202,0.8521953821182251,/scicore/home/schwede/barta0000/germinal_ds/templates_originals/nb_s105306_mpnn_3_BHRF/boltz_free/output/boltz_results_nb_s105306_mpnn_3_BHRF/predictions/nb_s105306_mpnn_3_BHRF/nb_s105306_mpnn_3_BHRF_model_0.cif,0.677274,0.3615,0.538,0.594,0.8882012367248535,0.8736655712127686,0.7658895254135132,0.9187791347503662,0.8637111186981201,0.539794385433197,2.527146339416504,0.7658895254135132,/scicore/home/schwede/barta0000/germinal_ds/templates_originals/nb_s105306_mpnn_3_BHRF/boltz_with_template/output/boltz_results_nb_s105306_mpnn_3_BHRF/predictions/nb_s105306_mpnn_3_BHRF/nb_s105306_mpnn_3_BHRF_model_0.cif,0.526831,0.365,0.34,0.4818
nb_s814263_mpnn_3_BHRF,False,"A,B",12.197548948688272,80.46795963141729,335.34,16.48,9.670588235294117,62.940907163085534,0.025652,0.1059,0.0168,0.0369,0.25,0.84,55.92,0.0,0.32,0.6734,0.558,5.241056857638887,91.2171875,15833.89,728.92,5.58274193548387,81.56470624138328,0.457644,0.2732,0.3608,0.4483,0.68,0.83,16167.26,1.0,0.0311,0.098035523332496,0.8268283318417642,17.809889793395996,49.669193267822266,73.24478,15.807227,0.5408189,0.2838844060897827,/scicore/home/schwede/barta0000/germinal_ds/templates_originals/nb_s814263_mpnn_3_BHRF/chai_no_constraints/seed_1254/pred.model_idx_3.cif,0.5607263445854187,/scicore/home/schwede/barta0000/germinal_ds/templates_originals/nb_s814263_mpnn_3_BHRF/chai_with_constraints/seed_1689/pred.model_idx_3.cif,0.2838844060897827,0.6101817488670349,0.20231008529663086,"[[0.8921377658843994, 0.9011228084564209]]","[[[0.8921377658843994, 0.20231008529663086], [0.1504286825656891, 0.9011228084564209]]]",0.20231008529663086,0.044462,0.1448,0.0127,0.019,0.5607263445854187,0.8043276071548462,0.49982601404190063,"[[0.8852835893630981, 0.9167805910110474]]","[[[0.8852835893630981, 0.4952433109283447], [0.49982601404190063, 0.9167805910110474]]]",0.4952433109283447,0.369895,0.2187,0.2026,0.3639,0.8344560861587524,0.8184557557106018,0.6530287861824036,0.8798128962516785,0.7728151679039001,0.5390640497207642,3.4864490032196045,0.6530287861824036,/scicore/home/schwede/barta0000/germinal_ds/templates_originals/nb_s814263_mpnn_3_BHRF/boltz_free/output/boltz_results_nb_s814263_mpnn_3_BHRF/predictions/nb_s814263_mpnn_3_BHRF/nb_s814263_mpnn_3_BHRF_model_0.cif,0.321644,0.1309,0.0843,0.2731,0.8561908602714539,0.8139399886131287,0.6537767648696899,0.9067944288253784,0.8159307837486267,0.6240324974060059,4.392226696014404,0.6537767648696899,/scicore/home/schwede/barta0000/germinal_ds/templates_originals/nb_s814263_mpnn_3_BHRF/boltz_with_template/output/boltz_results_nb_s814263_mpnn_3_BHRF/predictions/nb_s814263_mpnn_3_BHRF/nb_s814263_mpnn_3_BHRF_model_0.cif,0.276865,0.2043,0.1058,0.256
nb_s109706_mpnn_2_BHRF,False,"A,B",5.557437548225309,89.23491695804195,31.0,1.86,3.0484848484848484,90.78848469837224,0.738247,0.4322,0.7636,0.5172,0.85,0.875,-117.22,0.0,0.85,0.9953,0.199,3.552490716628087,96.08545138888888,507.21,27.67,2.0701612903225803,96.79875063896179,0.843107,0.4823,0.9005,0.6492,0.9,0.92,334.25,1.0,0.994,0.8763513381193904,0.8907928779838439,18.792877197265625,50.303340911865234,74.19128,16.11614,0.52143943,0.8583856821060181,/scicore/home/schwede/barta0000/germinal_ds/templates_originals/nb_s109706_mpnn_2_BHRF/chai_no_constraints/seed_1434/pred.model_idx_4.cif,0.8694061040878296,/scicore/home/schwede/barta0000/germinal_ds/templates_originals/nb_s109706_mpnn_2_BHRF/chai_with_constraints/seed_2265/pred.model_idx_1.cif,0.8583856821060181,0.9178475737571716,0.8435201644897461,"[[0.9237253665924072, 0.9229375720024109]]","[[[0.9237253665924072, 0.8435201644897461], [0.7946337461471558, 0.9229375720024109]]]",0.8435201644897461,0.822576,0.3991,0.7308,0.5881,0.8694061040878296,0.9251802563667297,0.8554625511169434,"[[0.9260150790214539, 0.9301165342330933]]","[[[0.9260150790214539, 0.8554625511169434], [0.8082846403121948, 0.9301165342330933]]]",0.8554625511169434,0.840555,0.4192,0.7608,0.6019,0.9318389296531677,0.9263442158699036,0.8725225329399109,0.9466679692268372,0.917271614074707,0.34676289558410645,0.9702193140983582,0.8725225329399109,/scicore/home/schwede/barta0000/germinal_ds/templates_originals/nb_s109706_mpnn_2_BHRF/boltz_free/output/boltz_results_nb_s109706_mpnn_2_BHRF/predictions/nb_s109706_mpnn_2_BHRF/nb_s109706_mpnn_2_BHRF_model_0.cif,0.749337,0.3851,0.6926,0.6335,0.9281063079833984,0.911762535572052,0.857545793056488,0.9457464218139648,0.9239668846130371,0.4020073115825653,1.3269771337509155,0.8423826694488525,/scicore/home/schwede/barta0000/germinal_ds/templates_originals/nb_s109706_mpnn_2_BHRF/boltz_with_template/output/boltz_results_nb_s109706_mpnn_2_BHRF/predictions/nb_s109706_mpnn_2_BHRF/nb_s109706_mpnn_2_BHRF_model_0.cif,0.736508,0.391,0.6978,0.5874
nb_s390940_mpnn_2_IL20,False,"A,B",4.4770905612244905,89.1393501805054,152.72,7.78,3.1325581395348836,86.5796544324612,0.764089,0.3328,0.6471,0.599,0.87,0.895,-14.76,0.0,0.88,0.9924,0.232,3.3514059948979598,95.877,23134.08,994.28,1.9720454545454549,96.38487204527243,0.821483,0.4558,0.8703,0.6754,0.89,0.92,34841.76,1.0,0.9948,0.8313931902184051,0.8498236685793837,16.227842330932617,57.7924919128418,71.369736,15.017866,0.54869497,0.309635728597641,/scicore/home/schwede/barta0000/germinal_ds/templates_originals/nb_s390940_mpnn_2_IL20/chai_no_constraints/seed_5210/pred.model_idx_2.cif,0.32687973976135254,/scicore/home/schwede/barta0000/germinal_ds/templates_originals/nb_s390940_mpnn_2_IL20/chai_with_constraints/seed_3038/pred.model_idx_3.cif,0.309635728597641,0.6189701557159424,0.23230211436748505,"[[0.8563446402549744, 0.8977494239807129]]","[[[0.8563446402549744, 0.23230211436748505], [0.1793476641178131, 0.8977494239807129]]]",0.23230211436748505,0.06026,0.0503,0.0125,0.0255,0.32687973976135254,0.6282275915145874,0.2515427768230438,"[[0.8632501363754272, 0.8883818984031677]]","[[[0.8632501363754272, 0.2515427768230438], [0.20560696721076965, 0.8883818984031677]]]",0.2515427768230438,0.115461,0.1067,0.0157,0.0792,0.6009460687637329,0.7254711389541626,0.5501359701156616,0.613648533821106,0.5505169630050659,1.032533884048462,4.951395034790039,0.5328698754310608,/scicore/home/schwede/barta0000/germinal_ds/templates_originals/nb_s390940_mpnn_2_IL20/boltz_free/output/boltz_results_nb_s390940_mpnn_2_IL20/predictions/nb_s390940_mpnn_2_IL20/nb_s390940_mpnn_2_IL20_model_0.cif,0.211006,0.0445,0.0212,0.1393,0.842448890209198,0.7895746231079102,0.6802133321762085,0.883007824420929,0.8601588010787964,0.6924654245376587,3.520862340927124,0.6802133321762085,/scicore/home/schwede/barta0000/germinal_ds/templates_originals/nb_s390940_mpnn_2_IL20/boltz_with_template/output/boltz_results_nb_s390940_mpnn_2_IL20/predictions/nb_s390940_mpnn_2_IL20/nb_s390940_mpnn_2_IL20_model_0.cif,0.351419,0.3116,0.2627,0.3091
nb_s141576_mpnn_4_IL3,False,"A,B",5.1887152,89.42714285714285,20.83,1.05,3.347674418604651,89.84006743048622,0.737484,0.4501,0.6994,0.5874,0.85,0.865,-48.68,0.0,0.86,0.9868,0.275,3.98705648,94.2822,14845.52,754.17,2.3636363636363638,94.72868487709447,0.749806,0.519,0.8063,0.6288,0.86,0.89,11801.94,1.0,0.9822,0.8256602109223827,0.8445066133259024,23.926451001848495,47.50920486450195,52.396076,21.064877,0.4631234,0.21538150310516357,/scicore/home/schwede/barta0000/germinal_ds/templates_originals/nb_s141576_mpnn_4_IL3/chai_no_constraints/seed_7062/pred.model_idx_0.cif,0.3682607114315033,/scicore/home/schwede/barta0000/germinal_ds/templates_originals/nb_s141576_mpnn_4_IL3/chai_with_constraints/seed_1780/pred.model_idx_1.cif,0.21538150310516357,0.5759811997413635,0.1252315789461136,"[[0.9207597970962524, 0.318598210811615]]","[[[0.9207597970962524, 0.1252315789461136], [0.07552729547023773, 0.318598210811615]]]",0.1252315789461136,0.00546,0.0764,0.0101,0.0,0.3682607114315033,0.6384064555168152,0.3007242679595947,"[[0.8723065853118896, 0.36237967014312744]]","[[[0.8723065853118896, 0.2550244927406311], [0.3007242679595947, 0.36237967014312744]]]",0.2550244927406311,0.134245,0.1225,0.0243,0.1709,0.8108987212181091,0.8892713189125061,0.8440250158309937,0.802617073059082,0.700066864490509,0.4118165075778961,2.0431244373321533,0.8440250158309937,/scicore/home/schwede/barta0000/germinal_ds/templates_originals/nb_s141576_mpnn_4_IL3/boltz_free/output/boltz_results_nb_s141576_mpnn_4_IL3/predictions/nb_s141576_mpnn_4_IL3/nb_s141576_mpnn_4_IL3_model_0.cif,0.5515,0.1266,0.1428,0.4992,0.7908573746681213,0.7028781175613403,0.5565837025642395,0.8494257926940918,0.7770017385482788,0.8994539380073547,7.336777687072754,0.5565837025642395,/scicore/home/schwede/barta0000/germinal_ds/templates_originals/nb_s141576_mpnn_4_IL3/boltz_with_template/output/boltz_results_nb_s141576_mpnn_4_IL3/predictions/nb_s141576_mpnn_4_IL3/nb_s141576_mpnn_4_IL3_model_0.cif,0.136108,0.1914,0.0334,0.0927
nb_s877334_mpnn_2_BHRF,False,"A,B",6.364741271219137,87.21460017574692,63.4,3.05,4.362745098039215,84.54008317592042,0.584078,0.3471,0.4746,0.4632,0.79,0.865,-119.86,0.0,0.8,0.9978,0.19,3.517899184992284,95.73347222222222,13158.4,697.84,2.1088043478260867,96.76511702426644,0.826845,0.5288,0.8898,0.6671,0.91,0.93,13551.78,1.0,0.9935,0.9062684849563196,0.8615810818662896,18.38257869084676,71.51445007324219,78.98421,15.435621,0.56235164,0.6941050887107849,/scicore/home/schwede/barta0000/germinal_ds/templates_originals/nb_s877334_mpnn_2_BHRF/chai_no_constraints/seed_2841/pred.model_idx_3.cif,0.8343686461448669,/scicore/home/schwede/barta0000/germinal_ds/templates_originals/nb_s877334_mpnn_2_BHRF/chai_with_constraints/seed_2497/pred.model_idx_2.cif,0.6941050887107849,0.8488147258758545,0.6554276347160339,"[[0.9017165303230286, 0.9136346578598022]]","[[[0.9017165303230286, 0.6554276347160339], [0.6157795190811157, 0.9136346578598022]]]",0.6554276347160339,0.503722,0.2586,0.2602,0.4427,0.8343686461448669,0.9251776933670044,0.8116663694381714,"[[0.9216036796569824, 0.9285251498222351]]","[[[0.9216036796569824, 0.802024245262146], [0.8116663694381714, 0.9285251498222351]]]",0.802024245262146,0.797025,0.3774,0.5895,0.5958,0.9221616983413696,0.9214125871658325,0.8641002178192139,0.936677098274231,0.9043832421302795,0.36977967619895935,0.9457405805587769,0.8641002178192139,/scicore/home/schwede/barta0000/germinal_ds/templates_originals/nb_s877334_mpnn_2_BHRF/boltz_free/output/boltz_results_nb_s877334_mpnn_2_BHRF/predictions/nb_s877334_mpnn_2_BHRF/nb_s877334_mpnn_2_BHRF_model_0.cif,0.761953,0.3105,0.659,0.6388,0.9176018834114075,0.9168167114257812,0.8517351150512695,0.9340685606002808,0.892041802406311,0.41126567125320435,1.5009475946426392,0.8517351150512695,/scicore/home/schwede/barta0000/germinal_ds/templates_originals/nb_s877334_mpnn_2_BHRF/boltz_with_template/output/boltz_results_nb_s877334_mpnn_2_BHRF/predictions/nb_s877334_mpnn_2_BHRF/nb_s877334_mpnn_2_BHRF_model_0.cif,0.699956,0.2878,0.5527,0.6068
nb_s771573_mpnn_5_PDL1,False,"A,B",5.571182291666666,89.85054816391697,31.38,3.23,2.833333333333334,86.06080485783927,0.522919,0.21,0.5716,0.4487,0.73,0.865,-132.51,0.0,0.75,0.0276,0.294,3.416204513888889,96.77829166666668,14716.58,908.05,1.7945,96.93363709883256,0.730643,0.3351,0.8761,0.668,0.86,0.89,14194.64,1.0,0.0374,0.8154600224401933,0.8450275267707563,,,70.46195,17.043715,0.50386673,0.6747934818267822,/scicore/home/schwede/barta0000/germinal_ds/templates_originals/nb_s771573_mpnn_5_PDL1/chai_no_constraints/seed_1538/pred.model_idx_2.cif,0.6076152324676514,/scicore/home/schwede/barta0000/germinal_ds/templates_originals/nb_s771573_mpnn_5_PDL1/chai_with_constraints/seed_4151/pred.model_idx_1.cif,0.6747934818267822,0.8327441215515137,0.6353057622909546,"[[0.9117698669433594, 0.891277015209198]]","[[[0.9117698669433594, 0.6108542680740356], [0.6353057622909546, 0.891277015209198]]]",0.6108542680740356,0.561494,0.1319,0.2487,0.5141,0.6076152324676514,0.8230932950973511,0.5537457466125488,"[[0.9144492745399475, 0.8816313743591309]]","[[[0.9144492745399475, 0.5443748831748962], [0.5537457466125488, 0.8816313743591309]]]",0.5443748831748962,0.466402,0.1328,0.4368,0.4875,0.7715121507644653,0.729729175567627,0.46072542667388916,0.8492088317871094,0.8422787189483643,0.6400375962257385,6.302823543548584,0.36412423849105835,/scicore/home/schwede/barta0000/germinal_ds/templates_originals/nb_s771573_mpnn_5_PDL1/boltz_free/output/boltz_results_nb_s771573_mpnn_5_PDL1/predictions/nb_s771573_mpnn_5_PDL1/nb_s771573_mpnn_5_PDL1_model_0.cif,0.084812,0.1681,0.0217,0.0242,0.8180098533630371,0.7848408222198486,0.5897412896156311,0.875076949596405,0.8118817210197449,0.5637933611869812,5.293527126312256,0.5781009793281555,/scicore/home/schwede/barta0000/germinal_ds/templates_originals/nb_s771573_mpnn_5_PDL1/boltz_with_template/output/boltz_results_nb_s771573_mpnn_5_PDL1/predictions/nb_s771573_mpnn_5_PDL1/nb_s771573_mpnn_5_PDL1_model_0.cif,0.188485,0.1162,0.077,0.2131
nb_s895571_mpnn_3_PDL1,False,"A,B",5.532776041666666,90.3276348104645,-1.04,-0.07,3.116129032258064,89.96229725426632,0.523661,0.3407,0.6016,0.4503,0.78,0.87,-159.14,0.0,0.79,0.9971,0.241,3.2183182291666665,97.16004166666667,17154.44,822.36,2.135625,97.25172292775122,0.800929,0.459,0.8937,0.692,0.9,0.91,24006.39,1.0,0.0407,0.814489320879962,0.8389805428123814,21.1709566116333,58.05445861816406,67.63941,17.531425,0.48646164,0.839089035987854,/scicore/home/schwede/barta0000/germinal_ds/templates_originals/nb_s895571_mpnn_3_PDL1/chai_no_constraints/seed_3056/pred.model_idx_4.cif,0.49422940611839294,/scicore/home/schwede/barta0000/germinal_ds/templates_originals/nb_s895571_mpnn_3_PDL1/chai_with_constraints/seed_6296/pred.model_idx_0.cif,0.839089035987854,0.9074405431747437,0.8220011591911316,"[[0.9324511885643005, 0.9338474273681641]]","[[[0.9324511885643005, 0.8220011591911316], [0.7877374887466431, 0.9338474273681641]]]",0.8220011591911316,0.812438,0.3399,0.744,0.6424,0.49422940611839294,0.7673181295394897,0.42595720291137695,"[[0.9200344681739807, 0.880986750125885]]","[[[0.9200344681739807, 0.4185850918292999], [0.42595720291137695, 0.880986750125885]]]",0.4185850918292999,0.309066,0.1299,0.1239,0.354,0.8632225394248962,0.8090730905532837,0.6526047587394714,0.9158769249916077,0.8657235503196716,0.522102952003479,3.892001152038574,0.5981783270835876,/scicore/home/schwede/barta0000/germinal_ds/templates_originals/nb_s895571_mpnn_3_PDL1/boltz_free/output/boltz_results_nb_s895571_mpnn_3_PDL1/predictions/nb_s895571_mpnn_3_PDL1/nb_s895571_mpnn_3_PDL1_model_0.cif,0.220984,0.2886,0.1073,0.2414,0.8753294348716736,0.8056459426879883,0.6273778080940247,0.9373172521591187,0.9072238802909851,0.5740664601325989,5.678546905517578,0.5987863540649414,/scicore/home/schwede/barta0000/germinal_ds/templates_originals/nb_s895571_mpnn_3_PDL1/boltz_with_template/output/boltz_results_nb_s895571_mpnn_3_PDL1/predictions/nb_s895571_mpnn_3_PDL1/nb_s895571_mpnn_3_PDL1_model_0.cif,0.199047,0.3566,0.1236,0.2322
nb_s185784_mpnn_4_PDL1,False,"A,B",5.882517361111113,87.46688291139242,68.68,4.47,3.2015624999999996,86.86064255706776,0.580051,0.3138,0.5695,0.4956,0.77,0.85,-142.59,0.0,0.78,0.9925,0.299,3.5347928819444445,96.21358333333333,8503.83,618.16,2.184428571428571,95.73933359781901,0.742076,0.4192,0.831,0.647,0.87,0.89,17366.61,1.0,0.9881,0.8526722170790562,0.8983402654643161,,,65.1015,18.247974,0.4691951,0.7693133354187012,/scicore/home/schwede/barta0000/germinal_ds/templates_originals/nb_s185784_mpnn_4_PDL1/chai_no_constraints/seed_3360/pred.model_idx_3.cif,0.41402122378349304,/scicore/home/schwede/barta0000/germinal_ds/templates_originals/nb_s185784_mpnn_4_PDL1/chai_with_constraints/seed_6233/pred.model_idx_0.cif,0.7693133354187012,0.887457549571991,0.7397772669792175,"[[0.9310107827186584, 0.926919162273407]]","[[[0.9310107827186584, 0.7188717126846313], [0.7397772669792175, 0.926919162273407]]]",0.7188717126846313,0.693046,0.2881,0.6025,0.6008,0.41402122378349304,0.7137852907180786,0.33908021450042725,"[[0.9230786561965942, 0.8749508857727051]]","[[[0.9230786561965942, 0.3063301742076874], [0.33908021450042725, 0.8749508857727051]]]",0.3063301742076874,0.201424,0.1193,0.0974,0.2147,0.7936202883720398,0.9163837432861328,0.886231541633606,0.7704674601554871,0.6942442059516907,0.3573273718357086,1.021344780921936,0.8811563849449158,/scicore/home/schwede/barta0000/germinal_ds/templates_originals/nb_s185784_mpnn_4_PDL1/boltz_free/output/boltz_results_nb_s185784_mpnn_4_PDL1/predictions/nb_s185784_mpnn_4_PDL1/nb_s185784_mpnn_4_PDL1_model_0.cif,0.751587,0.1291,0.22,0.638,0.8305360674858093,0.8084397315979004,0.688910961151123,0.8659423589706421,0.8250910639762878,0.601708710193634,2.478055477142334,0.688910961151123,/scicore/home/schwede/barta0000/germinal_ds/templates_originals/nb_s185784_mpnn_4_PDL1/boltz_with_template/output/boltz_results_nb_s185784_mpnn_4_PDL1/predictions/nb_s185784_mpnn_4_PDL1/nb_s185784_mpnn_4_PDL1_model_0.cif,0.41003,0.2974,0.3102,0.4039
nb_s299548_mpnn_5_IL20,False,"A,B",3.964670918367347,90.8183416177135,55.5,2.3,3.403191489361702,90.73208262114336,0.792779,0.4541,0.7899,0.6647,0.89,0.905,-72.89,0.0,0.89,0.0394,0.197,2.9722151785714286,96.91892857142857,13215.46,744.05,1.9011320754716976,98.05673897784689,0.846055,0.5475,0.9298,0.7141,0.92,0.93,28265.73,1.0,0.988,0.8729978220471568,0.9025399355315977,18.439170519510906,42.22985076904297,72.7152,15.169783,0.5413989,0.7780715227127075,/scicore/home/schwede/barta0000/germinal_ds/templates_originals/nb_s299548_mpnn_5_IL20/chai_no_constraints/seed_1409/pred.model_idx_0.cif,0.37444227933883667,/scicore/home/schwede/barta0000/germinal_ds/templates_originals/nb_s299548_mpnn_5_IL20/chai_with_constraints/seed_3103/pred.model_idx_3.cif,0.7780715227127075,0.8952039480209351,0.7487884163856506,"[[0.9189976453781128, 0.9099707007408142]]","[[[0.9189976453781128, 0.7307623028755188], [0.7487884163856506, 0.9099707007408142]]]",0.7307623028755188,0.696139,0.3143,0.5105,0.5694,0.37444227933883667,0.6576080322265625,0.3036508560180664,"[[0.9095485806465149, 0.8873692154884338]]","[[[0.9095485806465149, 0.3036508560180664], [0.26714569330215454, 0.8873692154884338]]]",0.3036508560180664,0.161629,0.0908,0.025,0.1178,0.6212763786315918,0.7310914993286133,0.5815264582633972,0.6312138438224792,0.5646815896034241,1.1175992488861084,4.281285762786865,0.5815264582633972,/scicore/home/schwede/barta0000/germinal_ds/templates_originals/nb_s299548_mpnn_5_IL20/boltz_free/output/boltz_results_nb_s299548_mpnn_5_IL20/predictions/nb_s299548_mpnn_5_IL20/nb_s299548_mpnn_5_IL20_model_0.cif,0.22771,0.038,0.0282,0.2031,0.8342694640159607,0.8173527717590332,0.7114023566246033,0.8649862408638,0.8059285283088684,0.6106831431388855,2.5101852416992188,0.7114023566246033,/scicore/home/schwede/barta0000/germinal_ds/templates_originals/nb_s299548_mpnn_5_IL20/boltz_with_template/output/boltz_results_nb_s299548_mpnn_5_IL20/predictions/nb_s299548_mpnn_5_IL20/nb_s299548_mpnn_5_IL20_model_0.cif,0.448228,0.1797,0.2406,0.3969
nb_s850749_mpnn_1_PDL1,False,"A,B",6.417486111111112,87.97150843881856,26.19,1.88,2.8303571428571432,86.09342731481546,0.425686,0.2352,0.4798,0.3423,0.73,0.86,-146.53,0.0,0.75,0.9942,0.269,3.7329229166666664,96.10854166666668,3116.21,224.44,1.9544642857142858,96.30333285861545,0.717398,0.3555,0.8557,0.6392,0.85,0.89,1389.33,1.0,0.9898,0.8341753107468699,0.9029439753574221,,,66.908966,17.641218,0.48796663,0.5570810437202454,/scicore/home/schwede/barta0000/germinal_ds/templates_originals/nb_s850749_mpnn_1_PDL1/chai_no_constraints/seed_1536/pred.model_idx_4.cif,0.6935480237007141,/scicore/home/schwede/barta0000/germinal_ds/templates_originals/nb_s850749_mpnn_1_PDL1/chai_with_constraints/seed_3486/pred.model_idx_1.cif,0.5570810437202454,0.7906564474105835,0.49868717789649963,"[[0.9180286526679993, 0.8839179873466492]]","[[[0.9180286526679993, 0.4889700710773468], [0.49868717789649963, 0.8839179873466492]]]",0.4889700710773468,0.364891,0.0949,0.1765,0.4006,0.6935480237007141,0.8561251163482666,0.6529037356376648,"[[0.9221611618995667, 0.9234729409217834]]","[[[0.9221611618995667, 0.6529037356376648], [0.632702112197876, 0.9234729409217834]]]",0.6529037356376648,0.591799,0.118,0.4625,0.543,0.8546565175056458,0.8429566025733948,0.7469472885131836,0.8815838098526001,0.8116039633750916,0.42471110820770264,2.206820487976074,0.7094770073890686,/scicore/home/schwede/barta0000/germinal_ds/templates_originals/nb_s850749_mpnn_1_PDL1/boltz_free/output/boltz_results_nb_s850749_mpnn_1_PDL1/predictions/nb_s850749_mpnn_1_PDL1/nb_s850749_mpnn_1_PDL1_model_0.cif,0.401738,0.1116,0.2229,0.4343,0.8949670791625977,0.8953855633735657,0.8318238854408264,0.9107528328895569,0.8744514584541321,0.42559853196144104,2.1690831184387207,0.7992544174194336,/scicore/home/schwede/barta0000/germinal_ds/templates_originals/nb_s850749_mpnn_1_PDL1/boltz_with_template/output/boltz_results_nb_s850749_mpnn_1_PDL1/predictions/nb_s850749_mpnn_1_PDL1/nb_s850749_mpnn_1_PDL1_model_0.cif,0.580325,0.1772,0.4052,0.5688
nb_s1683_mpnn_2_PDL1,False,"A,B",5.867805555555555,89.71893121693121,5.27,0.47,3.8809523809523805,88.996404749062,0.53499,0.1255,0.703,0.4298,0.77,0.855,-161.7,0.0,0.78,0.0175,0.637,3.4774342013888893,96.94225,817.52,61.69,2.0634,96.9320004272461,0.775895,0.2046,0.9015,0.6571,0.88,0.9,188.17,1.0,0.279,0.7537389531146199,0.8687231097129925,,,66.00648,18.213154,0.47096178,0.33401012420654297,/scicore/home/schwede/barta0000/germinal_ds/templates_originals/nb_s1683_mpnn_2_PDL1/chai_no_constraints/seed_4870/pred.model_idx_1.cif,0.5652254819869995,/scicore/home/schwede/barta0000/germinal_ds/templates_originals/nb_s1683_mpnn_2_PDL1/chai_with_constraints/seed_3367/pred.model_idx_4.cif,0.33401012420654297,0.6464082598686218,0.25591057538986206,"[[0.8559226989746094, 0.8855269551277161]]","[[[0.8559226989746094, 0.23881514370441437], [0.25591057538986206, 0.8855269551277161]]]",0.23881514370441437,0.12194,0.0642,0.0155,0.101,0.5652254819869995,0.787158727645874,0.5097421407699585,"[[0.8977624773979187, 0.8883126378059387]]","[[[0.8977624773979187, 0.5097421407699585], [0.4927995204925537, 0.8883126378059387]]]",0.5097421407699585,0.40766,0.0621,0.1118,0.4167,0.7667112350463867,0.7424017786979675,0.5351336598396301,0.8246056437492371,0.733791708946228,0.6498202085494995,4.028602600097656,0.48370620608329773,/scicore/home/schwede/barta0000/germinal_ds/templates_originals/nb_s1683_mpnn_2_PDL1/boltz_free/output/boltz_results_nb_s1683_mpnn_2_PDL1/predictions/nb_s1683_mpnn_2_PDL1/nb_s1683_mpnn_2_PDL1_model_0.cif,0.153479,0.072,0.0454,0.1724,0.8695420622825623,0.8405080437660217,0.7831109762191772,0.8911497592926025,0.8346423506736755,0.453823447227478,2.8862252235412598,0.6858139634132385,/scicore/home/schwede/barta0000/germinal_ds/templates_originals/nb_s1683_mpnn_2_PDL1/boltz_with_template/output/boltz_results_nb_s1683_mpnn_2_PDL1/predictions/nb_s1683_mpnn_2_PDL1/nb_s1683_mpnn_2_PDL1_model_0.cif,0.411255,0.1171,0.2582,0.4607
nb_s185784_mpnn_5_PDL1,False,"A,B",5.797588541666666,88.30941393875395,29.2,1.84,4.227272727272728,86.22032769877102,0.546389,0.3388,0.5177,0.4773,0.75,0.855,-129.16,0.0,0.77,0.9933,0.282,3.554423611111111,95.93841666666667,17985.42,757.61,2.21296875,96.21428489685059,0.765386,0.4594,0.8397,0.6587,0.88,0.9,18976.44,1.0,0.9949,0.8163592182828181,0.8436911975576405,23.05019760131836,54.22165298461914,65.41947,18.218523,0.47025853,0.7684887647628784,/scicore/home/schwede/barta0000/germinal_ds/templates_originals/nb_s185784_mpnn_5_PDL1/chai_no_constraints/seed_3413/pred.model_idx_3.cif,0.5829073786735535,/scicore/home/schwede/barta0000/germinal_ds/templates_originals/nb_s185784_mpnn_5_PDL1/chai_with_constraints/seed_501/pred.model_idx_1.cif,0.7684887647628784,0.8875351548194885,0.7387271523475647,"[[0.9285627007484436, 0.9270190000534058]]","[[[0.9285627007484436, 0.7181345820426941], [0.7387271523475647, 0.9270190000534058]]]",0.7181345820426941,0.692295,0.3188,0.6049,0.6016,0.5829073786735535,0.7899471521377563,0.5311474204063416,"[[0.8932520151138306, 0.8823214173316956]]","[[[0.8932520151138306, 0.4859171211719513], [0.5311474204063416, 0.8823214173316956]]]",0.4859171211719513,0.435625,0.1227,0.1967,0.4465,0.7930788993835449,0.7899115085601807,0.6287125945091248,0.8341704607009888,0.7483963370323181,0.5648967623710632,3.4900612831115723,0.6007835268974304,/scicore/home/schwede/barta0000/germinal_ds/templates_originals/nb_s185784_mpnn_5_PDL1/boltz_free/output/boltz_results_nb_s185784_mpnn_5_PDL1/predictions/nb_s185784_mpnn_5_PDL1/nb_s185784_mpnn_5_PDL1_model_0.cif,0.225471,0.0922,0.0764,0.2479,0.8378610610961914,0.809020459651947,0.6859921813011169,0.8758283257484436,0.8246731758117676,0.5624692440032959,3.224776268005371,0.6586554646492004,/scicore/home/schwede/barta0000/germinal_ds/templates_originals/nb_s185784_mpnn_5_PDL1/boltz_with_template/output/boltz_results_nb_s185784_mpnn_5_PDL1/predictions/nb_s185784_mpnn_5_PDL1/nb_s185784_mpnn_5_PDL1_model_0.cif,0.326717,0.1611,0.1718,0.3681
nb_s140867_mpnn_3_IL3,False,"A,B",5.8627296,86.64930808080808,215.43,6.97,4.105555555555555,78.35235917694179,0.760981,0.3563,0.1264,0.5808,0.86,0.855,56.11,0.0,0.88,0.9713,0.228,4.25585536,92.95768,17298.28,690.84,2.8562280701754386,88.36075505670512,0.774542,0.5175,0.5684,0.6153,0.87,0.9,13699.2,1.0,0.9883,0.42393378132187864,0.8164276085058548,26.291073036193847,44.843082427978516,53.804398,20.899115,0.46846282,0.3836097717285156,/scicore/home/schwede/barta0000/germinal_ds/templates_originals/nb_s140867_mpnn_3_IL3/chai_no_constraints/seed_1928/pred.model_idx_0.cif,0.3209889829158783,/scicore/home/schwede/barta0000/germinal_ds/templates_originals/nb_s140867_mpnn_3_IL3/chai_with_constraints/seed_2509/pred.model_idx_1.cif,0.3836097717285156,0.5956534147262573,0.3305988311767578,"[[0.8969659805297852, 0.3180726170539856]]","[[[0.8969659805297852, 0.17678990960121155], [0.3305988311767578, 0.3180726170539856]]]",0.17678990960121155,0.059953,0.0525,0.0146,0.0563,0.3209889829158783,0.6417047381401062,0.24081003665924072,"[[0.8994718790054321, 0.31425267457962036]]","[[[0.8994718790054321, 0.24081003665924072], [0.19574376940727234, 0.31425267457962036]]]",0.24081003665924072,0.120906,0.0857,0.0159,0.1613,0.8412335515022278,0.8776980638504028,0.7936853170394897,0.8531205654144287,0.7785626649856567,0.43950119614601135,1.6743812561035156,0.7936853170394897,/scicore/home/schwede/barta0000/germinal_ds/templates_originals/nb_s140867_mpnn_3_IL3/boltz_free/output/boltz_results_nb_s140867_mpnn_3_IL3/predictions/nb_s140867_mpnn_3_IL3/nb_s140867_mpnn_3_IL3_model_0.cif,0.505236,0.0825,0.2127,0.4925,0.764386773109436,0.7186984419822693,0.48841622471809387,0.8333793878555298,0.7600066661834717,0.7572625279426575,6.113053798675537,0.4474668800830841,/scicore/home/schwede/barta0000/germinal_ds/templates_originals/nb_s140867_mpnn_3_IL3/boltz_with_template/output/boltz_results_nb_s140867_mpnn_3_IL3/predictions/nb_s140867_mpnn_3_IL3/nb_s140867_mpnn_3_IL3_model_0.cif,0.145144,0.0762,0.0326,0.1076
nb_s850749_mpnn_2_PDL1,False,"A,B",7.089541666666668,87.31116033755272,10.31,0.74,2.7064516129032254,85.9817016648046,0.373846,0.2591,0.4201,0.3126,0.71,0.845,-153.83,0.0,0.73,0.9932,0.249,3.4795873263888892,96.51333333333334,33898.13,1799.1,1.769259259259259,96.83777703179254,0.752387,0.3766,0.8794,0.6615,0.87,0.9,50147.85,1.0,0.9918,0.7237736081303747,0.8547982866060297,,,67.09729,17.577276,0.48962384,0.7860821485519409,/scicore/home/schwede/barta0000/germinal_ds/templates_originals/nb_s850749_mpnn_2_PDL1/chai_no_constraints/seed_1570/pred.model_idx_0.cif,0.7147441506385803,/scicore/home/schwede/barta0000/germinal_ds/templates_originals/nb_s850749_mpnn_2_PDL1/chai_with_constraints/seed_171/pred.model_idx_1.cif,0.7860821485519409,0.8892543315887451,0.7602890133857727,"[[0.9228928685188293, 0.9309952855110168]]","[[[0.9228928685188293, 0.7602890133857727], [0.736858606338501, 0.9309952855110168]]]",0.7602890133857727,0.716941,0.2437,0.6839,0.601,0.7147441506385803,0.8589953184127808,0.6786813139915466,"[[0.9228118062019348, 0.925595223903656]]","[[[0.9228118062019348, 0.6786813139915466], [0.669491171836853, 0.925595223903656]]]",0.6786813139915466,0.609805,0.1617,0.5357,0.5657,0.8269071578979492,0.8078662753105164,0.6646201014518738,0.8674789071083069,0.799665629863739,0.4871208071708679,3.107457160949707,0.6109705567359924,/scicore/home/schwede/barta0000/germinal_ds/templates_originals/nb_s850749_mpnn_2_PDL1/boltz_free/output/boltz_results_nb_s850749_mpnn_2_PDL1/predictions/nb_s850749_mpnn_2_PDL1/nb_s850749_mpnn_2_PDL1_model_0.cif,0.269012,0.0798,0.1184,0.2919,0.9012306332588196,0.8906618356704712,0.8329898118972778,0.9182908535003662,0.8855218291282654,0.4289167821407318,2.072253942489624,0.7924405336380005,/scicore/home/schwede/barta0000/germinal_ds/templates_originals/nb_s850749_mpnn_2_PDL1/boltz_with_template/output/boltz_results_nb_s850749_mpnn_2_PDL1/predictions/nb_s850749_mpnn_2_PDL1/nb_s850749_mpnn_2_PDL1_model_0.cif,0.594371,0.1609,0.4459,0.5685
nb_s618542_mpnn_3_PDL1,False,"A,B",5.816467013888888,88.27489216202,41.5,2.04,2.3346153846153843,88.93964871163664,0.745751,0.4464,0.6672,0.5543,0.85,0.8400000000000001,-85.71,0.0,0.85,0.9922,0.222,3.075864583333334,96.85750000000002,2347.5,118.96,1.615,96.98166729155041,0.847558,0.5349,0.8969,0.7217,0.92,0.93,1411.27,1.0,0.9903,0.8763513381193904,0.9385785036144516,,,69.13268,17.444696,0.48603606,0.381693571805954,/scicore/home/schwede/barta0000/germinal_ds/templates_originals/nb_s618542_mpnn_3_PDL1/chai_no_constraints/seed_1976/pred.model_idx_0.cif,0.8592733144760132,/scicore/home/schwede/barta0000/germinal_ds/templates_originals/nb_s618542_mpnn_3_PDL1/chai_with_constraints/seed_2004/pred.model_idx_0.cif,0.381693571805954,0.7009687423706055,0.3018747866153717,"[[0.9168308973312378, 0.8672511577606201]]","[[[0.9168308973312378, 0.2992613613605499], [0.3018747866153717, 0.8672511577606201]]]",0.2992613613605499,0.131725,0.173,0.0247,0.1128,0.8592733144760132,0.9228838682174683,0.8433706760406494,"[[0.9259753227233887, 0.9303012490272522]]","[[[0.9259753227233887, 0.8348433375358582], [0.8433706760406494, 0.9303012490272522]]]",0.8348433375358582,0.831664,0.4029,0.7518,0.6631,0.8233938217163086,0.8811841011047363,0.792499303817749,0.8311173915863037,0.727868378162384,0.4322171211242676,1.8589543104171753,0.7895747423171997,/scicore/home/schwede/barta0000/germinal_ds/templates_originals/nb_s618542_mpnn_3_PDL1/boltz_free/output/boltz_results_nb_s618542_mpnn_3_PDL1/predictions/nb_s618542_mpnn_3_PDL1/nb_s618542_mpnn_3_PDL1_model_0.cif,0.516369,0.1346,0.1706,0.5262,0.8816505670547485,0.9124134182929993,0.8806033730506897,0.881912350654602,0.815805196762085,0.35303717851638794,0.8434015512466431,0.8627869486808777,/scicore/home/schwede/barta0000/germinal_ds/templates_originals/nb_s618542_mpnn_3_PDL1/boltz_with_template/output/boltz_results_nb_s618542_mpnn_3_PDL1/predictions/nb_s618542_mpnn_3_PDL1/nb_s618542_mpnn_3_PDL1_model_0.cif,0.783679,0.2677,0.4361,0.6763
nb_s233025_mpnn_1_IL3,False,"A,B",9.1943408,81.57279776989357,84.66,4.35,7.136363636363637,72.0977564526017,0.176556,0.1351,0.0556,0.1815,0.51,0.825,-36.58,0.0,0.54,0.0794,0.385,5.417338399999999,90.63412,18788.6,723.26,4.663382352941177,83.63611189524333,0.532751,0.2624,0.3383,0.4867,0.74,0.83,18475.75,1.0,0.0162,0.21288336513635286,0.8149661314570383,,,50.66889,20.76579,0.4730978,0.3898240923881531,/scicore/home/schwede/barta0000/germinal_ds/templates_originals/nb_s233025_mpnn_1_IL3/chai_no_constraints/seed_1231/pred.model_idx_0.cif,0.5849781036376953,/scicore/home/schwede/barta0000/germinal_ds/templates_originals/nb_s233025_mpnn_1_IL3/chai_with_constraints/seed_2479/pred.model_idx_3.cif,0.3898240923881531,0.5975323915481567,0.33789700269699097,"[[0.886894702911377, 0.30854690074920654]]","[[[0.886894702911377, 0.1839958131313324], [0.33789700269699097, 0.30854690074920654]]]",0.1839958131313324,0.049572,0.0913,0.0133,0.0812,0.5849781036376953,0.7445016503334045,0.5450972318649292,"[[0.912986159324646, 0.4253407418727875]]","[[[0.912986159324646, 0.4155138432979584], [0.5450972318649292, 0.4253407418727875]]]",0.4155138432979584,0.385372,0.1431,0.116,0.3311,0.809765636920929,0.8239710330963135,0.7135491967201233,0.8338196873664856,0.7337461113929749,0.681284487247467,3.214658498764038,0.7135491967201233,/scicore/home/schwede/barta0000/germinal_ds/templates_originals/nb_s233025_mpnn_1_IL3/boltz_free/output/boltz_results_nb_s233025_mpnn_1_IL3/predictions/nb_s233025_mpnn_1_IL3/nb_s233025_mpnn_1_IL3_model_0.cif,0.298881,0.1194,0.0855,0.3081,0.8329297304153442,0.8162220120429993,0.689654529094696,0.8687485456466675,0.7931365370750427,0.5582065582275391,3.4545421600341797,0.689654529094696,/scicore/home/schwede/barta0000/germinal_ds/templates_originals/nb_s233025_mpnn_1_IL3/boltz_with_template/output/boltz_results_nb_s233025_mpnn_1_IL3/predictions/nb_s233025_mpnn_1_IL3/nb_s233025_mpnn_1_IL3_model_0.cif,0.312659,0.1686,0.1629,0.3637
nb_s459933_mpnn_3_IL3,False,"A,B",5.718830399999998,88.83138174483106,53.75,3.06,3.613513513513514,87.20028935188856,0.638486,0.1843,0.5902,0.5311,0.82,0.86,-65.39,0.0,0.83,0.4378,0.245,3.46133856,95.99820000000001,20741.15,1323.11,1.8195945945945946,96.22485678536552,0.795595,0.3084,0.8823,0.6594,0.89,0.91,15721.88,1.0,0.4867,0.7931176509458897,0.8389416923316991,,,56.503933,20.55941,0.47978893,0.35080212354660034,/scicore/home/schwede/barta0000/germinal_ds/templates_originals/nb_s459933_mpnn_3_IL3/chai_no_constraints/seed_2228/pred.model_idx_3.cif,0.3026387095451355,/scicore/home/schwede/barta0000/germinal_ds/templates_originals/nb_s459933_mpnn_3_IL3/chai_with_constraints/seed_1439/pred.model_idx_2.cif,0.35080212354660034,0.6169235706329346,0.2842717468738556,"[[0.9259481430053711, 0.3110294044017792]]","[[[0.9259481430053711, 0.18434421718120575], [0.2842717468738556, 0.3110294044017792]]]",0.18434421718120575,0.079971,0.0275,0.018,0.1002,0.3026387095451355,0.6358997225761414,0.21932342648506165,"[[0.9208347201347351, 0.36408451199531555]]","[[[0.9208347201347351, 0.21932342648506165], [0.18439415097236633, 0.36408451199531555]]]",0.21932342648506165,0.093308,0.1004,0.0163,0.1154,0.8340587615966797,0.8644673824310303,0.7734412550926208,0.8492131233215332,0.7918267846107483,0.38929039239883423,2.065276622772217,0.7734412550926208,/scicore/home/schwede/barta0000/germinal_ds/templates_originals/nb_s459933_mpnn_3_IL3/boltz_free/output/boltz_results_nb_s459933_mpnn_3_IL3/predictions/nb_s459933_mpnn_3_IL3/nb_s459933_mpnn_3_IL3_model_0.cif,0.419439,0.0689,0.2058,0.4713,0.8460916876792908,0.8290742635726929,0.7189972996711731,0.877865195274353,0.8066059350967407,0.517295777797699,3.707958459854126,0.7189972996711731,/scicore/home/schwede/barta0000/germinal_ds/templates_originals/nb_s459933_mpnn_3_IL3/boltz_with_template/output/boltz_results_nb_s459933_mpnn_3_IL3/predictions/nb_s459933_mpnn_3_IL3/nb_s459933_mpnn_3_IL3_model_0.cif,0.353746,0.1377,0.1423,0.3839
nb_s754136_mpnn_1_IL3,False,"A,B",4.973200000000001,89.46743304699342,36.95,1.98,3.1761904761904765,90.742774575533,0.705641,0.4071,0.7162,0.5835,0.84,0.87,-85.26,0.0,0.85,0.9979,0.225,3.00994864,97.14616000000001,13868.29,898.58,1.7743023255813954,98.04916572570801,0.834735,0.4996,0.9233,0.7036,0.91,0.93,18415.79,1.0,0.9945,0.8737390163521168,0.9026919734916801,25.803263664245605,57.599586486816406,52.641605,21.229795,0.46553865,0.4223538935184479,/scicore/home/schwede/barta0000/germinal_ds/templates_originals/nb_s754136_mpnn_1_IL3/chai_no_constraints/seed_1839/pred.model_idx_4.cif,0.35764366388320923,/scicore/home/schwede/barta0000/germinal_ds/templates_originals/nb_s754136_mpnn_1_IL3/chai_with_constraints/seed_1131/pred.model_idx_2.cif,0.4223538935184479,0.619175374507904,0.37314850091934204,"[[0.915913462638855, 0.30611225962638855]]","[[[0.915913462638855, 0.19662858545780182], [0.37314850091934204, 0.30611225962638855]]]",0.19662858545780182,0.093457,0.066,0.0215,0.0755,0.35764366388320923,0.6648362278938293,0.2808455228805542,"[[0.8876147270202637, 0.35547423362731934]]","[[[0.8876147270202637, 0.2808455228805542], [0.267188161611557, 0.35547423362731934]]]",0.2808455228805542,0.155262,0.0697,0.0175,0.127,0.821439266204834,0.9220962524414062,0.8705225586891174,0.8091683983802795,0.7357566356658936,0.3809613287448883,1.1064047813415527,0.8705225586891174,/scicore/home/schwede/barta0000/germinal_ds/templates_originals/nb_s754136_mpnn_1_IL3/boltz_free/output/boltz_results_nb_s754136_mpnn_1_IL3/predictions/nb_s754136_mpnn_1_IL3/nb_s754136_mpnn_1_IL3_model_0.cif,0.72702,0.2134,0.2664,0.6304,0.8643144965171814,0.83403080701828,0.7939932346343994,0.8818948268890381,0.8188999891281128,0.534062922000885,2.761667490005493,0.7939932346343994,/scicore/home/schwede/barta0000/germinal_ds/templates_originals/nb_s754136_mpnn_1_IL3/boltz_with_template/output/boltz_results_nb_s754136_mpnn_1_IL3/predictions/nb_s754136_mpnn_1_IL3/nb_s754136_mpnn_1_IL3_model_0.cif,0.515063,0.3403,0.261,0.4529
nb_s283003_mpnn_3_IL3,False,"A,B",5.284619199999999,88.28486173956763,72.2,2.45,3.864754098360656,80.37852923786214,0.693857,0.3404,0.2035,0.5624,0.82,0.87,-105.3,0.0,0.85,0.0183,0.337,3.9525791999999997,94.16164,16949.2,611.07,2.6668939393939395,88.87827511491447,0.724171,0.4473,0.5705,0.604,0.85,0.87,27401.52,1.0,0.9469,0.7141343447519128,0.857923604063041,26.38200791676839,43.56478500366211,51.52177,21.336948,0.45454484,0.33696645498275757,/scicore/home/schwede/barta0000/germinal_ds/templates_originals/nb_s283003_mpnn_3_IL3/chai_no_constraints/seed_1191/pred.model_idx_2.cif,0.25558432936668396,/scicore/home/schwede/barta0000/germinal_ds/templates_originals/nb_s283003_mpnn_3_IL3/chai_with_constraints/seed_1389/pred.model_idx_1.cif,0.33696645498275757,0.6131805181503296,0.26791295409202576,"[[0.9116974472999573, 0.30021151900291443]]","[[[0.9116974472999573, 0.19132700562477112], [0.26791295409202576, 0.30021151900291443]]]",0.19132700562477112,0.054207,0.0587,0.015,0.0718,0.25558432936668396,0.6002559661865234,0.1694164127111435,"[[0.9083293676376343, 0.3266414999961853]]","[[[0.9083293676376343, 0.1694164127111435], [0.14400571584701538, 0.3266414999961853]]]",0.1694164127111435,0.037234,0.074,0.0119,0.1065,0.8453494906425476,0.8196276426315308,0.6893438696861267,0.8843508958816528,0.8284714818000793,0.5330917835235596,2.386931896209717,0.642817497253418,/scicore/home/schwede/barta0000/germinal_ds/templates_originals/nb_s283003_mpnn_3_IL3/boltz_free/output/boltz_results_nb_s283003_mpnn_3_IL3/predictions/nb_s283003_mpnn_3_IL3/nb_s283003_mpnn_3_IL3_model_0.cif,0.371812,0.1583,0.1742,0.3495,0.8899812698364258,0.8706250190734863,0.771935224533081,0.9194928407669067,0.8671308159828186,0.4212856590747833,1.8216052055358887,0.7706153392791748,/scicore/home/schwede/barta0000/germinal_ds/templates_originals/nb_s283003_mpnn_3_IL3/boltz_with_template/output/boltz_results_nb_s283003_mpnn_3_IL3/predictions/nb_s283003_mpnn_3_IL3/nb_s283003_mpnn_3_IL3_model_0.cif,0.574656,0.2409,0.3877,0.5424
nb_s37712_mpnn_5_PDL1,False,"A,B",6.992892361111111,84.25925420168068,3.49,0.17,2.8329268292682923,84.18894425802469,0.688447,0.3817,0.5561,0.533,0.82,0.81,-169.08,0.0,0.82,0.983,0.213,2.9770310763888883,97.230125,13007.2,760.88,1.734375,97.26809510730561,0.852297,0.5404,0.8929,0.7216,0.91,0.93,30773.34,1.0,0.9794,0.9286181454844304,0.8859739688061044,21.214061737060547,54.130191802978516,68.428955,17.42705,0.49195457,0.46471309661865234,/scicore/home/schwede/barta0000/germinal_ds/templates_originals/nb_s37712_mpnn_5_PDL1/chai_no_constraints/seed_3102/pred.model_idx_3.cif,0.5267794132232666,/scicore/home/schwede/barta0000/germinal_ds/templates_originals/nb_s37712_mpnn_5_PDL1/chai_with_constraints/seed_2556/pred.model_idx_2.cif,0.46471309661865234,0.7473466396331787,0.39405471086502075,"[[0.9131321310997009, 0.8801605701446533]]","[[[0.9131321310997009, 0.38323622941970825], [0.39405471086502075, 0.8801605701446533]]]",0.38323622941970825,0.23194,0.1538,0.0743,0.2628,0.5267794132232666,0.77782142162323,0.46401888132095337,"[[0.911340057849884, 0.8841159343719482]]","[[[0.911340057849884, 0.438438355922699], [0.46401888132095337, 0.8841159343719482]]]",0.438438355922699,0.355406,0.1869,0.2285,0.3913,0.7624680399894714,0.7068042159080505,0.43835607171058655,0.8434959650039673,0.7701781392097473,0.7705769538879395,6.3781046867370605,0.3758166432380676,/scicore/home/schwede/barta0000/germinal_ds/templates_originals/nb_s37712_mpnn_5_PDL1/boltz_free/output/boltz_results_nb_s37712_mpnn_5_PDL1/predictions/nb_s37712_mpnn_5_PDL1/nb_s37712_mpnn_5_PDL1_model_0.cif,0.11481,0.1725,0.0388,0.1098,0.8983021974563599,0.889443576335907,0.8159081339836121,0.9189006686210632,0.8708937764167786,0.36499711871147156,1.4367356300354004,0.7977641820907593,/scicore/home/schwede/barta0000/germinal_ds/templates_originals/nb_s37712_mpnn_5_PDL1/boltz_with_template/output/boltz_results_nb_s37712_mpnn_5_PDL1/predictions/nb_s37712_mpnn_5_PDL1/nb_s37712_mpnn_5_PDL1_model_0.cif,0.623536,0.3449,0.4897,0.6223
nb_s133952_mpnn_4_IL3,False,"A,B",5.467408,87.9039948979592,119.48,4.71,3.7755555555555564,81.52192125684667,0.677807,0.3703,0.3307,0.5749,0.81,0.865,-16.81,0.0,0.84,0.9952,0.23,4.09139216,93.564,13006.99,751.1,2.4367307692307696,91.41816283245475,0.75445,0.5111,0.6477,0.6377,0.86,0.89,6497.71,1.0,0.995,0.8640443575167287,0.8630933305812889,26.541565895080566,36.085052490234375,50.86725,21.438536,0.45418602,0.2660895586013794,/scicore/home/schwede/barta0000/germinal_ds/templates_originals/nb_s133952_mpnn_4_IL3/chai_no_constraints/seed_2194/pred.model_idx_0.cif,0.3667527437210083,/scicore/home/schwede/barta0000/germinal_ds/templates_originals/nb_s133952_mpnn_4_IL3/chai_with_constraints/seed_10/pred.model_idx_2.cif,0.2660895586013794,0.590404748916626,0.18501076102256775,"[[0.87705397605896, 0.3034306764602661]]","[[[0.87705397605896, 0.18501076102256775], [0.1698361337184906, 0.3034306764602661]]]",0.18501076102256775,0.046009,0.087,0.0101,0.0168,0.3667527437210083,0.6307768225669861,0.30074670910835266,"[[0.8825697898864746, 0.31437328457832336]]","[[[0.8825697898864746, 0.24208803474903107], [0.30074670910835266, 0.31437328457832336]]]",0.24208803474903107,0.109488,0.0744,0.0151,0.1233,0.8038747906684875,0.8265119194984436,0.7326593399047852,0.821678638458252,0.7386207580566406,0.549805223941803,2.8598921298980713,0.7326593399047852,/scicore/home/schwede/barta0000/germinal_ds/templates_originals/nb_s133952_mpnn_4_IL3/boltz_free/output/boltz_results_nb_s133952_mpnn_4_IL3/predictions/nb_s133952_mpnn_4_IL3/nb_s133952_mpnn_4_IL3_model_0.cif,0.294121,0.1007,0.081,0.3055,0.8324610590934753,0.7071028351783752,0.5063614249229431,0.9139860272407532,0.8807770013809204,0.8534161448478699,5.623813152313232,0.5063614249229431,/scicore/home/schwede/barta0000/germinal_ds/templates_originals/nb_s133952_mpnn_4_IL3/boltz_with_template/output/boltz_results_nb_s133952_mpnn_4_IL3/predictions/nb_s133952_mpnn_4_IL3/nb_s133952_mpnn_4_IL3_model_0.cif,0.142133,0.2871,0.0495,0.1308
nb_s913468_mpnn_5_IL20,False,"A,B",5.290625,87.5927024567789,106.46,5.93,4.072093023255814,83.42576757050577,0.607212,0.2276,0.5497,0.5296,0.78,0.88,-27.98,0.0,0.79,0.1601,0.36,3.924269515306122,95.29685714285715,2507.31,155.13,2.605444444444444,93.65024361959318,0.676234,0.3366,0.7992,0.5854,0.83,0.89,5163.43,1.0,0.016,0.7193772901962926,0.8909836062270121,15.787947273254394,62.11932373046875,73.62469,15.334535,0.5421985,0.6837131977081299,/scicore/home/schwede/barta0000/germinal_ds/templates_originals/nb_s913468_mpnn_5_IL20/chai_no_constraints/seed_3019/pred.model_idx_3.cif,0.36681893467903137,/scicore/home/schwede/barta0000/germinal_ds/templates_originals/nb_s913468_mpnn_5_IL20/chai_with_constraints/seed_2037/pred.model_idx_2.cif,0.6837131977081299,0.8500754237174988,0.6421226263046265,"[[0.9144068360328674, 0.903213620185852]]","[[[0.9144068360328674, 0.6421226263046265], [0.628386378288269, 0.903213620185852]]]",0.6421226263046265,0.545753,0.118,0.3089,0.4844,0.36681893467903137,0.6500991582870483,0.29599887132644653,"[[0.9037840366363525, 0.890058159828186]]","[[[0.9037840366363525, 0.29599887132644653], [0.2320299744606018, 0.890058159828186]]]",0.29599887132644653,0.161377,0.0816,0.0252,0.1082,0.6175682544708252,0.6556240916252136,0.483794242143631,0.6510117650032043,0.5940483808517456,1.2013037204742432,5.817389965057373,0.483794242143631,/scicore/home/schwede/barta0000/germinal_ds/templates_originals/nb_s913468_mpnn_5_IL20/boltz_free/output/boltz_results_nb_s913468_mpnn_5_IL20/predictions/nb_s913468_mpnn_5_IL20/nb_s913468_mpnn_5_IL20_model_0.cif,0.12262,0.0413,0.0216,0.1238,0.8581830859184265,0.8247454762458801,0.7502123117446899,0.8851757645606995,0.8705605268478394,0.6464681625366211,2.5210819244384766,0.7502123117446899,/scicore/home/schwede/barta0000/germinal_ds/templates_originals/nb_s913468_mpnn_5_IL20/boltz_with_template/output/boltz_results_nb_s913468_mpnn_5_IL20/predictions/nb_s913468_mpnn_5_IL20/nb_s913468_mpnn_5_IL20_model_0.cif,0.446517,0.2582,0.4253,0.3636
nb_s282075_mpnn_1_PDL1,False,"A,B",6.138269097222223,88.1517002118644,15.59,1.24,2.0816666666666666,90.6191078977782,0.640316,0.3282,0.7315,0.4602,0.84,0.855,-150.6,0.0,0.84,0.9957,0.228,3.1680473958333333,97.18770833333333,21826.56,1023.86,1.513103448275862,98.0829611884223,0.840025,0.4094,0.9214,0.697,0.92,0.92,18721.29,1.0,0.0266,0.8329928115767928,0.8649626577840813,,,66.033005,17.964348,0.4728114,0.35789522528648376,/scicore/home/schwede/barta0000/germinal_ds/templates_originals/nb_s282075_mpnn_1_PDL1/chai_no_constraints/seed_1209/pred.model_idx_2.cif,0.5579047203063965,/scicore/home/schwede/barta0000/germinal_ds/templates_originals/nb_s282075_mpnn_1_PDL1/chai_with_constraints/seed_3460/pred.model_idx_3.cif,0.35789522528648376,0.6815199255943298,0.27698904275894165,"[[0.8966872692108154, 0.8853256106376648]]","[[[0.8966872692108154, 0.27070310711860657], [0.27698904275894165, 0.8853256106376648]]]",0.27070310711860657,0.131636,0.0478,0.0241,0.1197,0.5579047203063965,0.790132462978363,0.49984779953956604,"[[0.9067267775535583, 0.885299563407898]]","[[[0.9067267775535583, 0.4911278188228607], [0.49984779953956604, 0.885299563407898]]]",0.4911278188228607,0.380815,0.0654,0.1965,0.4024,0.8824539184570312,0.9055195450782776,0.8725502490997314,0.884929895401001,0.8345917463302612,0.35651594400405884,0.9124518632888794,0.8225449919700623,/scicore/home/schwede/barta0000/germinal_ds/templates_originals/nb_s282075_mpnn_1_PDL1/boltz_free/output/boltz_results_nb_s282075_mpnn_1_PDL1/predictions/nb_s282075_mpnn_1_PDL1/nb_s282075_mpnn_1_PDL1_model_0.cif,0.732716,0.1176,0.4481,0.6195,0.9173912405967712,0.9177942872047424,0.8827884793281555,0.9260419011116028,0.8896623253822327,0.34026190638542175,0.883648693561554,0.8500106930732727,/scicore/home/schwede/barta0000/germinal_ds/templates_originals/nb_s282075_mpnn_1_PDL1/boltz_with_template/output/boltz_results_nb_s282075_mpnn_1_PDL1/predictions/nb_s282075_mpnn_1_PDL1/nb_s282075_mpnn_1_PDL1_model_0.cif,0.740278,0.1625,0.6169,0.6813
nb_s416874_mpnn_3_PDL1,False,"A,B",6.830868055555556,85.32782078472958,63.19,2.97,4.639361702127659,87.42900092631568,0.718032,0.5307,0.6009,0.5404,0.83,0.81,-97.67,0.0,0.83,0.996,0.207,3.1436723958333332,96.683875,16134.63,934.0,2.206875,97.13333299424913,0.843201,0.6276,0.8946,0.71,0.9,0.93,25087.28,1.0,0.2549,0.8338245555326091,0.8653473853900352,20.72803497314453,55.646995544433594,67.12452,18.01176,0.47896212,0.5803050398826599,/scicore/home/schwede/barta0000/germinal_ds/templates_originals/nb_s416874_mpnn_3_PDL1/chai_no_constraints/seed_1728/pred.model_idx_0.cif,0.4572080969810486,/scicore/home/schwede/barta0000/germinal_ds/templates_originals/nb_s416874_mpnn_3_PDL1/chai_with_constraints/seed_1573/pred.model_idx_3.cif,0.5803050398826599,0.7951337695121765,0.5265978574752808,"[[0.9029113054275513, 0.8874631524085999]]","[[[0.9029113054275513, 0.49516740441322327], [0.5265978574752808, 0.8874631524085999]]]",0.49516740441322327,0.373653,0.2595,0.1915,0.3927,0.4572080969810486,0.739222526550293,0.3867045044898987,"[[0.8979694247245789, 0.9187154769897461]]","[[[0.8979694247245789, 0.3799438178539276], [0.3867045044898987, 0.9187154769897461]]]",0.3799438178539276,0.228003,0.222,0.0965,0.2638,0.8761941194534302,0.8720265030860901,0.765621542930603,0.9038372039794922,0.8579168915748596,0.5000118613243103,2.7187857627868652,0.7397903800010681,/scicore/home/schwede/barta0000/germinal_ds/templates_originals/nb_s416874_mpnn_3_PDL1/boltz_free/output/boltz_results_nb_s416874_mpnn_3_PDL1/predictions/nb_s416874_mpnn_3_PDL1/nb_s416874_mpnn_3_PDL1_model_0.cif,0.366498,0.3701,0.2692,0.422,0.8297275900840759,0.7702478766441345,0.5669166445732117,0.8954302668571472,0.8384630084037781,0.6830434203147888,5.4013261795043945,0.533722996711731,/scicore/home/schwede/barta0000/germinal_ds/templates_originals/nb_s416874_mpnn_3_PDL1/boltz_with_template/output/boltz_results_nb_s416874_mpnn_3_PDL1/predictions/nb_s416874_mpnn_3_PDL1/nb_s416874_mpnn_3_PDL1_model_0.cif,0.158621,0.3422,0.0692,0.2302
nb_s80903_mpnn_4_PDL1,False,"A,B",5.704869791666668,87.37770976253299,35.37,2.03,2.497435897435897,89.88496862136728,0.745044,0.3846,0.7137,0.5696,0.85,0.845,-128.73,0.0,0.85,0.996,0.331,3.122999131944444,96.87149999999998,1088.97,76.82,1.581315789473684,97.68971383231026,0.833566,0.4929,0.9025,0.7117,0.91,0.92,705.84,1.0,0.9946,0.8339924747375165,0.896732304894038,22.182080268859863,55.54191970825195,70.273674,17.06981,0.5016972,0.7337944507598877,/scicore/home/schwede/barta0000/germinal_ds/templates_originals/nb_s80903_mpnn_4_PDL1/chai_no_constraints/seed_3179/pred.model_idx_0.cif,0.7739152908325195,/scicore/home/schwede/barta0000/germinal_ds/templates_originals/nb_s80903_mpnn_4_PDL1/chai_with_constraints/seed_4444/pred.model_idx_2.cif,0.7337944507598877,0.8623294234275818,0.7016607522964478,"[[0.9228965044021606, 0.8899376392364502]]","[[[0.9228965044021606, 0.6508838534355164], [0.7016607522964478, 0.8899376392364502]]]",0.6508838534355164,0.644546,0.3003,0.3796,0.5655,0.7739152908325195,0.8814326524734497,0.7470359802246094,"[[0.9284995794296265, 0.9254387021064758]]","[[[0.9284995794296265, 0.6832306385040283], [0.7470359802246094, 0.9254387021064758]]]",0.6832306385040283,0.70693,0.1999,0.7357,0.5909,0.8606220483779907,0.8888007998466492,0.8332508206367493,0.8674648404121399,0.8457732796669006,0.3676881194114685,1.6541924476623535,0.8332508206367493,/scicore/home/schwede/barta0000/germinal_ds/templates_originals/nb_s80903_mpnn_4_PDL1/boltz_free/output/boltz_results_nb_s80903_mpnn_4_PDL1/predictions/nb_s80903_mpnn_4_PDL1/nb_s80903_mpnn_4_PDL1_model_0.cif,0.593958,0.125,0.483,0.5572,0.8898324370384216,0.8975009322166443,0.843225359916687,0.9014841914176941,0.8617386221885681,0.43309107422828674,2.014986276626587,0.8249756693840027,/scicore/home/schwede/barta0000/germinal_ds/templates_originals/nb_s80903_mpnn_4_PDL1/boltz_with_template/output/boltz_results_nb_s80903_mpnn_4_PDL1/predictions/nb_s80903_mpnn_4_PDL1/nb_s80903_mpnn_4_PDL1_model_0.cif,0.6159,0.3215,0.4823,0.5713
nb_s78562_mpnn_1_PDL1,False,"A,B",6.314338541666666,87.46878740157479,24.69,1.84,3.2319999999999998,86.33922786690415,0.463203,0.237,0.5585,0.3846,0.77,0.855,-157.75,0.0,0.78,0.9961,0.239,3.3602048611111113,96.716375,1332.17,109.85,1.8288333333333333,96.71103431438577,0.8075,0.3096,0.9112,0.6759,0.9,0.91,636.88,1.0,0.0913,0.8051555590759986,0.8767712187052763,,,65.33091,18.285337,0.4629429,0.8655263185501099,/scicore/home/schwede/barta0000/germinal_ds/templates_originals/nb_s78562_mpnn_1_PDL1/chai_no_constraints/seed_123/pred.model_idx_3.cif,0.5113016366958618,/scicore/home/schwede/barta0000/germinal_ds/templates_originals/nb_s78562_mpnn_1_PDL1/chai_with_constraints/seed_1335/pred.model_idx_4.cif,0.8655263185501099,0.9110147953033447,0.8541541695594788,"[[0.9240709543228149, 0.9390700459480286]]","[[[0.9240709543228149, 0.8541541695594788], [0.8046861886978149, 0.9390700459480286]]]",0.8541541695594788,0.845233,0.2219,0.8139,0.6343,0.5113016366958618,0.7712033987045288,0.44632619619369507,"[[0.9051092267036438, 0.8860433101654053]]","[[[0.9051092267036438, 0.43092021346092224], [0.44632619619369507, 0.8860433101654053]]]",0.43092021346092224,0.327095,0.1171,0.1127,0.368,0.8061086535453796,0.7594286203384399,0.5184218287467957,0.8780304193496704,0.8120158314704895,0.6210766434669495,4.76304817199707,0.4855005443096161,/scicore/home/schwede/barta0000/germinal_ds/templates_originals/nb_s78562_mpnn_1_PDL1/boltz_free/output/boltz_results_nb_s78562_mpnn_1_PDL1/predictions/nb_s78562_mpnn_1_PDL1/nb_s78562_mpnn_1_PDL1_model_0.cif,0.145844,0.1094,0.0522,0.1588,0.9293753504753113,0.9134186506271362,0.8585188984870911,0.9470894932746887,0.9379748702049255,0.3365607261657715,1.5746266841888428,0.8349514007568359,/scicore/home/schwede/barta0000/germinal_ds/templates_originals/nb_s78562_mpnn_1_PDL1/boltz_with_template/output/boltz_results_nb_s78562_mpnn_1_PDL1/predictions/nb_s78562_mpnn_1_PDL1/nb_s78562_mpnn_1_PDL1_model_0.cif,0.653728,0.305,0.7446,0.6297
nb_s78562_mpnn_2_PDL1,False,"A,B",6.789447916666666,86.84638364779875,13.96,1.05,2.9604166666666667,87.02677446129208,0.474296,0.2332,0.5606,0.382,0.78,0.845,-157.81,0.0,0.78,0.995,0.237,3.2613034722222225,96.9995,631.0,55.51,1.7194827586206898,97.12249946594238,0.824749,0.3256,0.9173,0.6861,0.91,0.91,383.14,1.0,0.0411,0.8115924146021166,0.8825158449137418,,,65.27296,18.50104,0.45566168,0.8687557578086853,/scicore/home/schwede/barta0000/germinal_ds/templates_originals/nb_s78562_mpnn_2_PDL1/chai_no_constraints/seed_1457/pred.model_idx_1.cif,0.6302728056907654,/scicore/home/schwede/barta0000/germinal_ds/templates_originals/nb_s78562_mpnn_2_PDL1/chai_with_constraints/seed_1986/pred.model_idx_4.cif,0.8687557578086853,0.9107339382171631,0.858261227607727,"[[0.9239253997802734, 0.939353346824646]]","[[[0.9239253997802734, 0.858261227607727], [0.803354024887085, 0.939353346824646]]]",0.858261227607727,0.852292,0.2519,0.8119,0.635,0.6302728056907654,0.8153245449066162,0.5840098857879639,"[[0.9096143245697021, 0.9258252382278442]]","[[[0.9096143245697021, 0.5840098857879639], [0.5801918506622314, 0.9258252382278442]]]",0.5840098857879639,0.466494,0.1543,0.3693,0.4699,0.8258244395256042,0.7628657817840576,0.5425398349761963,0.8966456055641174,0.8414802551269531,0.5899501442909241,5.0598626136779785,0.4866206645965576,/scicore/home/schwede/barta0000/germinal_ds/templates_originals/nb_s78562_mpnn_2_PDL1/boltz_free/output/boltz_results_nb_s78562_mpnn_2_PDL1/predictions/nb_s78562_mpnn_2_PDL1/nb_s78562_mpnn_2_PDL1_model_0.cif,0.147123,0.1394,0.0652,0.1486,0.9002728462219238,0.8497801423072815,0.7276886701583862,0.9434189200401306,0.9208037853240967,0.4165026545524597,3.1414496898651123,0.7003777027130127,/scicore/home/schwede/barta0000/germinal_ds/templates_originals/nb_s78562_mpnn_2_PDL1/boltz_with_template/output/boltz_results_nb_s78562_mpnn_2_PDL1/predictions/nb_s78562_mpnn_2_PDL1/nb_s78562_mpnn_2_PDL1_model_0.cif,0.353019,0.2351,0.3922,0.4131
nb_s283003_mpnn_2_IL3,False,"A,B",5.2218624,88.21549848942598,56.03,2.08,4.043965517241379,80.14407379355826,0.693315,0.2842,0.1991,0.5696,0.82,0.875,-103.83,0.0,0.85,0.0258,0.298,4.01428896,94.20063999999999,24389.28,849.53,2.4619672131147547,89.83792416554577,0.723651,0.4237,0.515,0.6066,0.85,0.88,20359.76,1.0,0.0221,0.7802365714919242,0.8389747256056257,23.94536781311035,38.24528121948242,51.928806,20.99068,0.45811158,0.3175710439682007,/scicore/home/schwede/barta0000/germinal_ds/templates_originals/nb_s283003_mpnn_2_IL3/chai_no_constraints/seed_1234/pred.model_idx_0.cif,0.4014837145805359,/scicore/home/schwede/barta0000/germinal_ds/templates_originals/nb_s283003_mpnn_2_IL3/chai_with_constraints/seed_2850/pred.model_idx_2.cif,0.3175710439682007,0.6090410351753235,0.2447035312652588,"[[0.9124813079833984, 0.3049454391002655]]","[[[0.9124813079833984, 0.18479563295841217], [0.2447035312652588, 0.3049454391002655]]]",0.18479563295841217,0.044011,0.0663,0.0133,0.063,0.4014837145805359,0.6885024905204773,0.32972902059555054,"[[0.9144966006278992, 0.36532464623451233]]","[[[0.9144966006278992, 0.3063064217567444], [0.32972902059555054, 0.36532464623451233]]]",0.3063064217567444,0.179857,0.0941,0.0356,0.169,0.8376505970954895,0.8073045015335083,0.6656035780906677,0.8806623816490173,0.8171804547309875,0.5898644328117371,3.066415786743164,0.6300815939903259,/scicore/home/schwede/barta0000/germinal_ds/templates_originals/nb_s283003_mpnn_2_IL3/boltz_free/output/boltz_results_nb_s283003_mpnn_2_IL3/predictions/nb_s283003_mpnn_2_IL3/nb_s283003_mpnn_2_IL3_model_0.cif,0.305819,0.1335,0.1137,0.2744,0.915341854095459,0.911880373954773,0.867063581943512,0.9274113774299622,0.8949883580207825,0.35633349418640137,1.1681936979293823,0.8655538558959961,/scicore/home/schwede/barta0000/germinal_ds/templates_originals/nb_s283003_mpnn_2_IL3/boltz_with_template/output/boltz_results_nb_s283003_mpnn_2_IL3/predictions/nb_s283003_mpnn_2_IL3/nb_s283003_mpnn_2_IL3_model_0.cif,0.763303,0.1554,0.621,0.6541
nb_s949322_mpnn_4_BHRF,False,"A,B",5.784341242283951,88.23660147761844,185.07,8.82,3.86,86.35922993653861,0.628557,0.443,0.6266,0.5077,0.79,0.87,31.16,0.0,0.8,0.9974,0.204,3.499146170910494,96.30239583333335,11404.86,477.31,2.377173913043478,96.94318181818181,0.854755,0.5665,0.8999,0.6562,0.91,0.93,15601.6,1.0,,0.807510227264122,0.8438257386809719,15.01235055923462,51.883155822753906,73.46897,15.423514,0.5322323,0.3354203701019287,/scicore/home/schwede/barta0000/germinal_ds/templates_originals/nb_s949322_mpnn_4_BHRF/chai_no_constraints/seed_214/pred.model_idx_0.cif,0.5587672591209412,/scicore/home/schwede/barta0000/germinal_ds/templates_originals/nb_s949322_mpnn_4_BHRF/chai_with_constraints/seed_1839/pred.model_idx_0.cif,0.3354203701019287,0.6549624800682068,0.255534827709198,"[[0.8663344979286194, 0.9087797403335571]]","[[[0.8663344979286194, 0.255534827709198], [0.21901580691337585, 0.9087797403335571]]]",0.255534827709198,0.11447,0.0755,0.0208,0.072,0.5587672591209412,0.8015129566192627,0.4980807900428772,"[[0.8703155517578125, 0.9116320013999939]]","[[[0.8703155517578125, 0.48192840814590454], [0.4980807900428772, 0.9116320013999939]]]",0.48192840814590454,0.384815,0.1688,0.17,0.3602,0.821607768535614,0.7490491271018982,0.5478938817977905,0.8900362849235535,0.8076701164245605,0.6093266606330872,4.5703911781311035,0.5153876543045044,/scicore/home/schwede/barta0000/germinal_ds/templates_originals/nb_s949322_mpnn_4_BHRF/boltz_free/output/boltz_results_nb_s949322_mpnn_4_BHRF/predictions/nb_s949322_mpnn_4_BHRF/nb_s949322_mpnn_4_BHRF_model_0.cif,0.191221,0.2155,0.046,0.153,0.8989118933677673,0.8785554766654968,0.7962164282798767,0.92458575963974,0.8851937055587769,0.41498643159866333,1.8621792793273926,0.7662932872772217,/scicore/home/schwede/barta0000/germinal_ds/templates_originals/nb_s949322_mpnn_4_BHRF/boltz_with_template/output/boltz_results_nb_s949322_mpnn_4_BHRF/predictions/nb_s949322_mpnn_4_BHRF/nb_s949322_mpnn_4_BHRF_model_0.cif,0.593591,0.3306,0.4835,0.4994
nb_s467069_mpnn_3_PDL1,False,"A,B",7.502861111111111,86.04865404837014,49.08,3.47,3.029310344827586,83.58784688239588,0.374112,0.1958,0.355,0.3251,0.71,0.835,-131.95,0.0,0.72,0.4003,0.23,3.7783227430555555,95.737625,1217.77,90.03,1.9430357142857146,95.84137936296135,0.756391,0.2999,0.8495,0.621,0.88,0.89,598.29,1.0,0.5783,0.8871622709081637,0.8743078127432101,22.320390701293945,54.58253479003906,68.84591,17.391161,0.49584132,0.7419177293777466,/scicore/home/schwede/barta0000/germinal_ds/templates_originals/nb_s467069_mpnn_3_PDL1/chai_no_constraints/seed_2219/pred.model_idx_3.cif,0.8165536522865295,/scicore/home/schwede/barta0000/germinal_ds/templates_originals/nb_s467069_mpnn_3_PDL1/chai_with_constraints/seed_1880/pred.model_idx_2.cif,0.7419177293777466,0.8772359490394592,0.708088219165802,"[[0.9208640456199646, 0.9302605986595154]]","[[[0.9208640456199646, 0.6834165453910828], [0.708088219165802, 0.9302605986595154]]]",0.6834165453910828,0.656606,0.1873,0.6162,0.5796,0.8165536522865295,0.8979088664054871,0.7962148785591125,"[[0.922182023525238, 0.9324617385864258]]","[[[0.922182023525238, 0.7962148785591125], [0.7627860903739929, 0.9324617385864258]]]",0.7962148785591125,0.769502,0.1914,0.6715,0.6136,0.9082023501396179,0.9226513504981995,0.9012933373451233,0.909929633140564,0.8843648433685303,0.3659413754940033,0.8743826150894165,0.8683129549026489,/scicore/home/schwede/barta0000/germinal_ds/templates_originals/nb_s467069_mpnn_3_PDL1/boltz_free/output/boltz_results_nb_s467069_mpnn_3_PDL1/predictions/nb_s467069_mpnn_3_PDL1/nb_s467069_mpnn_3_PDL1_model_0.cif,0.79305,0.1996,0.6097,0.6443,0.9024319648742676,0.9056982398033142,0.8787969350814819,0.9083406925201416,0.8673915863037109,0.3441922962665558,0.8422351479530334,0.8268918395042419,/scicore/home/schwede/barta0000/germinal_ds/templates_originals/nb_s467069_mpnn_3_PDL1/boltz_with_template/output/boltz_results_nb_s467069_mpnn_3_PDL1/predictions/nb_s467069_mpnn_3_PDL1/nb_s467069_mpnn_3_PDL1_model_0.cif,0.763869,0.1785,0.537,0.6472
nb_s483532_mpnn_3_IL3,False,"A,B",4.213854400000001,91.02093237704918,101.55,4.4,1.9347457627118645,87.96117753603275,0.798038,0.4986,0.5249,0.6499,0.89,0.89,-93.8,0.0,0.9,0.9967,0.222,3.47132256,95.63683999999999,2537.24,162.73,1.5494736842105261,94.46142749397121,0.82374,0.578,0.7851,0.672,0.9,0.91,2576.32,1.0,0.996,0.8487526343921632,0.8985658736058033,,,52.61124,21.480953,0.46056515,0.27740946412086487,/scicore/home/schwede/barta0000/germinal_ds/templates_originals/nb_s483532_mpnn_3_IL3/chai_no_constraints/seed_1255/pred.model_idx_3.cif,0.4868040382862091,/scicore/home/schwede/barta0000/germinal_ds/templates_originals/nb_s483532_mpnn_3_IL3/chai_with_constraints/seed_3669/pred.model_idx_3.cif,0.27740946412086487,0.6146436929702759,0.19310089945793152,"[[0.9177330136299133, 0.3119477331638336]]","[[[0.9177330136299133, 0.18992561101913452], [0.19310089945793152, 0.3119477331638336]]]",0.18992561101913452,0.035127,0.1645,0.0111,0.0233,0.4868040382862091,0.6951174139976501,0.43472567200660706,"[[0.8955833315849304, 0.37370485067367554]]","[[[0.8955833315849304, 0.336432546377182], [0.43472567200660706, 0.37370485067367554]]]",0.336432546377182,0.292589,0.1966,0.0498,0.2809,0.8271576166152954,0.8527240753173828,0.7966530323028564,0.834783673286438,0.7561289668083191,0.493354856967926,2.439034938812256,0.7966530323028564,/scicore/home/schwede/barta0000/germinal_ds/templates_originals/nb_s483532_mpnn_3_IL3/boltz_free/output/boltz_results_nb_s483532_mpnn_3_IL3/predictions/nb_s483532_mpnn_3_IL3/nb_s483532_mpnn_3_IL3_model_0.cif,0.425107,0.1804,0.1721,0.4056,0.8345985412597656,0.7008666396141052,0.5247495174407959,0.9120608568191528,0.8767895698547363,0.9394804835319519,6.902069091796875,0.5247495174407959,/scicore/home/schwede/barta0000/germinal_ds/templates_originals/nb_s483532_mpnn_3_IL3/boltz_with_template/output/boltz_results_nb_s483532_mpnn_3_IL3/predictions/nb_s483532_mpnn_3_IL3/nb_s483532_mpnn_3_IL3_model_0.cif,0.123627,0.4001,0.0509,0.1066
nb_s68363_mpnn_3_PDL1,False,"A,B",5.658232638888889,88.51424,44.86,3.69,3.0759999999999996,86.03302876968715,0.569311,0.2094,0.6393,0.5038,0.79,0.865,-154.17,0.0,0.8,0.969,0.355,3.4221486111111115,96.33329166666665,9729.34,752.79,1.6486538461538465,96.46777795862269,0.763729,0.3205,0.8733,0.6712,0.88,0.91,22323.55,1.0,0.8694,0.7955992021816158,0.8820768777294672,21.05678081512451,54.833885192871094,66.66935,17.843344,0.47451586,0.6436424255371094,/scicore/home/schwede/barta0000/germinal_ds/templates_originals/nb_s68363_mpnn_3_PDL1/chai_no_constraints/seed_4258/pred.model_idx_4.cif,0.8098174333572388,/scicore/home/schwede/barta0000/germinal_ds/templates_originals/nb_s68363_mpnn_3_PDL1/chai_with_constraints/seed_4436/pred.model_idx_2.cif,0.6436424255371094,0.8298431634902954,0.5970922112464905,"[[0.9143791198730469, 0.8835707306861877]]","[[[0.9143791198730469, 0.5970922112464905], [0.5761721134185791, 0.8835707306861877]]]",0.5970922112464905,0.478859,0.1812,0.1645,0.4777,0.8098174333572388,0.905299961566925,0.785946786403656,"[[0.9265333414077759, 0.9306299686431885]]","[[[0.9265333414077759, 0.7717172503471375], [0.785946786403656, 0.9306299686431885]]]",0.7717172503471375,0.765376,0.1815,0.6795,0.6374,0.8952174186706543,0.9026619791984558,0.8555105328559875,0.9051441550254822,0.8625580072402954,0.360399067401886,1.2686092853546143,0.7892006635665894,/scicore/home/schwede/barta0000/germinal_ds/templates_originals/nb_s68363_mpnn_3_PDL1/boltz_free/output/boltz_results_nb_s68363_mpnn_3_PDL1/predictions/nb_s68363_mpnn_3_PDL1/nb_s68363_mpnn_3_PDL1_model_0.cif,0.658364,0.1467,0.4789,0.5704,0.9188786745071411,0.9132981896400452,0.8642069101333618,0.9325466156005859,0.9116430282592773,0.3434551954269409,1.1223814487457275,0.818822979927063,/scicore/home/schwede/barta0000/germinal_ds/templates_originals/nb_s68363_mpnn_3_PDL1/boltz_with_template/output/boltz_results_nb_s68363_mpnn_3_PDL1/predictions/nb_s68363_mpnn_3_PDL1/nb_s68363_mpnn_3_PDL1_model_0.cif,0.714404,0.277,0.6804,0.6336
nb_s362656_mpnn_2_PDL1,False,"A,B",5.138644097222222,89.45277279915656,-4.71,-0.25,2.3637500000000005,93.49469166348842,0.823097,0.5459,0.8416,0.6152,0.89,0.855,-164.6,0.0,0.89,0.1159,0.236,2.9544567708333336,97.1605,3533.24,303.95,1.7297368421052632,97.57459465233055,0.852523,0.5794,0.9076,0.7275,0.91,0.93,1733.27,1.0,0.7234,0.8263843093422774,0.8990237621387809,,,66.79778,17.146347,0.49006182,0.37215226888656616,/scicore/home/schwede/barta0000/germinal_ds/templates_originals/nb_s362656_mpnn_2_PDL1/chai_no_constraints/seed_1784/pred.model_idx_4.cif,0.46720921993255615,/scicore/home/schwede/barta0000/germinal_ds/templates_originals/nb_s362656_mpnn_2_PDL1/chai_with_constraints/seed_2924/pred.model_idx_1.cif,0.37215226888656616,0.6819515228271484,0.2947024405002594,"[[0.9161536693572998, 0.9190322756767273]]","[[[0.9161536693572998, 0.263994425535202], [0.2947024405002594, 0.9190322756767273]]]",0.263994425535202,0.120128,0.2171,0.0348,0.1349,0.46720921993255615,0.7559628486633301,0.39502081274986267,"[[0.9228382706642151, 0.9179049134254456]]","[[[0.9228382706642151, 0.39502081274986267], [0.37357762455940247, 0.9179049134254456]]]",0.39502081274986267,0.267939,0.0683,0.2329,0.3111,0.8022724390029907,0.6634390950202942,0.3764744997024536,0.908721923828125,0.8572626709938049,0.6468857526779175,6.502824306488037,0.291305810213089,/scicore/home/schwede/barta0000/germinal_ds/templates_originals/nb_s362656_mpnn_2_PDL1/boltz_free/output/boltz_results_nb_s362656_mpnn_2_PDL1/predictions/nb_s362656_mpnn_2_PDL1/nb_s362656_mpnn_2_PDL1_model_0.cif,0.06452,0.1286,0.0304,0.0638,0.8422766923904419,0.7359136939048767,0.5311598181724548,0.9200559258460999,0.8823045492172241,0.611811637878418,6.2922444343566895,0.46596759557724,/scicore/home/schwede/barta0000/germinal_ds/templates_originals/nb_s362656_mpnn_2_PDL1/boltz_with_template/output/boltz_results_nb_s362656_mpnn_2_PDL1/predictions/nb_s362656_mpnn_2_PDL1/nb_s362656_mpnn_2_PDL1_model_0.cif,0.136314,0.1422,0.0731,0.118
nb_s80385_mpnn_2_IL20,False,"A,B",4.87204974489796,89.23779630464173,29.06,1.36,4.308695652173913,88.72443663280175,0.760578,0.3848,0.7538,0.6123,0.87,0.88,-81.41,0.0,0.87,0.6713,0.268,3.5333283163265308,95.98021428571428,14368.61,794.36,2.408645833333333,96.785682331432,0.839354,0.5011,0.8971,0.6658,0.92,0.92,36487.76,1.0,0.9793,0.8210823226030444,0.8441406452404001,14.927146536963326,60.5571174621582,73.8811,14.34823,0.5573759,0.7934411764144897,/scicore/home/schwede/barta0000/germinal_ds/templates_originals/nb_s80385_mpnn_2_IL20/chai_no_constraints/seed_1266/pred.model_idx_0.cif,0.39628881216049194,/scicore/home/schwede/barta0000/germinal_ds/templates_originals/nb_s80385_mpnn_2_IL20/chai_with_constraints/seed_1204/pred.model_idx_0.cif,0.7934411764144897,0.8950539827346802,0.7680379748344421,"[[0.9116378426551819, 0.9158247709274292]]","[[[0.9116378426551819, 0.7496314644813538], [0.7680379748344421, 0.9158247709274292]]]",0.7496314644813538,0.717843,0.3279,0.6911,0.5657,0.39628881216049194,0.6764535307884216,0.3262476325035095,"[[0.853579580783844, 0.8837547302246094]]","[[[0.853579580783844, 0.3262476325035095], [0.28801852464675903, 0.8837547302246094]]]",0.3262476325035095,0.159086,0.1024,0.0235,0.1158,0.5975909233093262,0.6062236428260803,0.32992905378341675,0.6645063757896423,0.6046041250228882,1.117539644241333,8.1570463180542,0.3020975589752197,/scicore/home/schwede/barta0000/germinal_ds/templates_originals/nb_s80385_mpnn_2_IL20/boltz_free/output/boltz_results_nb_s80385_mpnn_2_IL20/predictions/nb_s80385_mpnn_2_IL20/nb_s80385_mpnn_2_IL20_model_0.cif,0.043634,0.0525,0.0123,0.03,0.796224057674408,0.7280141115188599,0.5657835602760315,0.8538342118263245,0.8130055069923401,0.9742411375045776,6.343601226806641,0.5657835602760315,/scicore/home/schwede/barta0000/germinal_ds/templates_originals/nb_s80385_mpnn_2_IL20/boltz_with_template/output/boltz_results_nb_s80385_mpnn_2_IL20/predictions/nb_s80385_mpnn_2_IL20/nb_s80385_mpnn_2_IL20_model_0.cif,0.202926,0.1862,0.0739,0.1561
nb_s834944_mpnn_4_PDL1,False,"A,B",7.036307291666666,86.2659411146162,-2.31,-0.17,3.435714285714286,85.90774676568383,0.574261,0.1725,0.5919,0.4905,0.77,0.8200000000000001,-182.81,0.0,0.78,0.9711,0.234,3.1141873263888895,97.12383333333334,10093.33,600.06,1.8358333333333334,97.7956667582194,0.807793,0.2992,0.9091,0.7114,0.9,0.92,19934.74,1.0,0.9556,0.8187347395024804,0.9041187437844995,,,68.656975,17.405998,0.49115628,0.8039424419403076,/scicore/home/schwede/barta0000/germinal_ds/templates_originals/nb_s834944_mpnn_4_PDL1/chai_no_constraints/seed_3559/pred.model_idx_0.cif,0.8097172975540161,/scicore/home/schwede/barta0000/germinal_ds/templates_originals/nb_s834944_mpnn_4_PDL1/chai_with_constraints/seed_5319/pred.model_idx_4.cif,0.8039424419403076,0.9051862359046936,0.7786314487457275,"[[0.9338910579681396, 0.9298122525215149]]","[[[0.9338910579681396, 0.7786314487457275], [0.7778011560440063, 0.9298122525215149]]]",0.7786314487457275,0.746391,0.2039,0.729,0.649,0.8097172975540161,0.9035161733627319,0.7862675786018372,"[[0.9320563077926636, 0.9313005805015564]]","[[[0.9320563077926636, 0.7804373502731323], [0.7862675786018372, 0.9313005805015564]]]",0.7804373502731323,0.763733,0.218,0.7439,0.6552,0.8813425302505493,0.8900771737098694,0.7979642152786255,0.9021870493888855,0.8455618619918823,0.4174657464027405,2.134565591812134,0.7841514348983765,/scicore/home/schwede/barta0000/germinal_ds/templates_originals/nb_s834944_mpnn_4_PDL1/boltz_free/output/boltz_results_nb_s834944_mpnn_4_PDL1/predictions/nb_s834944_mpnn_4_PDL1/nb_s834944_mpnn_4_PDL1_model_0.cif,0.48583,0.1569,0.3481,0.517,0.9420792460441589,0.9375755786895752,0.9137848615646362,0.9491528868675232,0.925242006778717,0.3225879669189453,0.9717195630073547,0.8837277889251709,/scicore/home/schwede/barta0000/germinal_ds/templates_originals/nb_s834944_mpnn_4_PDL1/boltz_with_template/output/boltz_results_nb_s834944_mpnn_4_PDL1/predictions/nb_s834944_mpnn_4_PDL1/nb_s834944_mpnn_4_PDL1_model_0.cif,0.825545,0.2988,0.736,0.7105
nb_s609713_mpnn_4_IL3,False,"A,B",4.8563903999999996,89.9398426395939,80.23,3.92,2.8368421052631576,84.68324972549607,0.738809,0.3583,0.2969,0.5861,0.85,0.875,-40.63,0.0,0.86,,0.29,3.60821536,95.32944,1937.13,145.0,2.1152702702702704,92.42405319213867,0.774451,0.4579,0.6503,0.6606,0.87,0.9,2491.5,1.0,0.0329,0.8687758061203517,0.8913988672197185,25.684327125549316,45.61140823364258,55.322727,20.510427,0.4792202,0.2504429519176483,/scicore/home/schwede/barta0000/germinal_ds/templates_originals/nb_s609713_mpnn_4_IL3/chai_no_constraints/seed_1592/pred.model_idx_1.cif,0.3693419396877289,/scicore/home/schwede/barta0000/germinal_ds/templates_originals/nb_s609713_mpnn_4_IL3/chai_with_constraints/seed_3431/pred.model_idx_1.cif,0.2504429519176483,0.5969312191009521,0.16382086277008057,"[[0.9314718842506409, 0.3203850984573364]]","[[[0.9314718842506409, 0.14916305243968964], [0.16382086277008057, 0.3203850984573364]]]",0.14916305243968964,0.014383,0.0552,0.0136,0.0154,0.3693419396877289,0.6859567165374756,0.2901882529258728,"[[0.9296711683273315, 0.3583967685699463]]","[[[0.9296711683273315, 0.2901882529258728], [0.272247850894928, 0.3583967685699463]]]",0.2901882529258728,0.173578,0.1319,0.0644,0.1938,0.8520536422729492,0.930435299873352,0.893194317817688,0.8417684435844421,0.7493824362754822,0.32625702023506165,0.8136393427848816,0.893194317817688,/scicore/home/schwede/barta0000/germinal_ds/templates_originals/nb_s609713_mpnn_4_IL3/boltz_free/output/boltz_results_nb_s609713_mpnn_4_IL3/predictions/nb_s609713_mpnn_4_IL3/nb_s609713_mpnn_4_IL3_model_0.cif,0.781487,0.21,0.2959,0.6804,0.8021011352539062,0.726551353931427,0.47137531638145447,0.884782612323761,0.7961484789848328,0.7432336807250977,6.340484142303467,0.4545496702194214,/scicore/home/schwede/barta0000/germinal_ds/templates_originals/nb_s609713_mpnn_4_IL3/boltz_with_template/output/boltz_results_nb_s609713_mpnn_4_IL3/predictions/nb_s609713_mpnn_4_IL3/nb_s609713_mpnn_4_IL3_model_0.cif,0.133118,0.0976,0.0328,0.1287
nb_s663598_mpnn_2_BHRF,False,"A,B",5.082333863811729,90.02232568402471,15.57,0.98,2.2607142857142857,92.20656286083135,0.809447,0.4435,0.8321,0.587,0.88,0.885,-122.22,0.0,0.88,0.997,0.229,3.493515022183642,96.05576388888889,484.55,28.72,1.8364814814814816,97.32107244219098,0.864429,0.4994,0.9052,0.6584,0.92,0.93,190.84,1.0,0.997,0.8556119530713238,0.9163658193351207,21.32333767414093,51.412376403808594,78.97765,16.424046,0.5381416,0.6940671801567078,/scicore/home/schwede/barta0000/germinal_ds/templates_originals/nb_s663598_mpnn_2_BHRF/chai_no_constraints/seed_5564/pred.model_idx_4.cif,0.8858538269996643,/scicore/home/schwede/barta0000/germinal_ds/templates_originals/nb_s663598_mpnn_2_BHRF/chai_with_constraints/seed_3019/pred.model_idx_1.cif,0.6940671801567078,0.8430842161178589,0.6568129062652588,"[[0.91977858543396, 0.9146677851676941]]","[[[0.91977858543396, 0.6568129062652588], [0.6271762847900391, 0.9146677851676941]]]",0.6568129062652588,0.511698,0.2,0.3591,0.4293,0.8858538269996643,0.9231955409049988,0.8765183687210083,"[[0.9369155168533325, 0.9312386512756348]]","[[[0.9369155168533325, 0.8765183687210083], [0.8037527799606323, 0.9312386512756348]]]",0.8765183687210083,0.864878,0.4094,0.8095,0.598,0.9355289340019226,0.9389421939849854,0.938531219959259,0.9347783327102661,0.9249817728996277,0.3394620418548584,0.667903482913971,0.8987824320793152,/scicore/home/schwede/barta0000/germinal_ds/templates_originals/nb_s663598_mpnn_2_BHRF/boltz_free/output/boltz_results_nb_s663598_mpnn_2_BHRF/predictions/nb_s663598_mpnn_2_BHRF/nb_s663598_mpnn_2_BHRF_model_0.cif,0.907752,0.4026,0.7938,0.6704,0.9445180892944336,0.9460561275482178,0.9429782032966614,0.9449030756950378,0.93901127576828,0.3496970236301422,0.76042640209198,0.9114909172058105,/scicore/home/schwede/barta0000/germinal_ds/templates_originals/nb_s663598_mpnn_2_BHRF/boltz_with_template/output/boltz_results_nb_s663598_mpnn_2_BHRF/predictions/nb_s663598_mpnn_2_BHRF/nb_s663598_mpnn_2_BHRF_model_0.cif,0.909564,0.4056,0.8314,0.6867
nb_s607831_mpnn_3_IL20,False,"A,B",4.639426020408164,89.54556696428571,58.5,3.35,3.498611111111112,88.81788077970057,0.763276,0.2902,0.7561,0.5967,0.87,0.895,-20.07,0.0,0.87,0.0112,0.216,3.7469146683673467,95.76542857142857,1243.04,69.81,2.2225714285714284,97.14437341690063,0.824506,0.42,0.9094,0.6507,0.91,0.91,3767.48,1.0,0.036,0.8544249725926885,0.9259503782616852,14.545796235402426,59.30903244018555,71.7697,15.1188965,0.5483836,0.2618362307548523,/scicore/home/schwede/barta0000/germinal_ds/templates_originals/nb_s607831_mpnn_3_IL20/chai_no_constraints/seed_19/pred.model_idx_1.cif,0.6204914450645447,/scicore/home/schwede/barta0000/germinal_ds/templates_originals/nb_s607831_mpnn_3_IL20/chai_with_constraints/seed_1191/pred.model_idx_4.cif,0.2618362307548523,0.6007981896400452,0.17709572613239288,"[[0.8708493709564209, 0.8985686302185059]]","[[[0.8708493709564209, 0.17709572613239288], [0.13696326315402985, 0.8985686302185059]]]",0.17709572613239288,0.013295,0.1115,0.012,0.0065,0.6204914450645447,0.7987361550331116,0.5759302973747253,"[[0.922570526599884, 0.9004228711128235]]","[[[0.922570526599884, 0.5759302973747253], [0.5659283995628357, 0.9004228711128235]]]",0.5759302973747253,0.430513,0.2385,0.3453,0.3805,0.5616155862808228,0.5412043929100037,0.21966199576854706,0.6471039652824402,0.550207257270813,1.2276769876480103,8.08537769317627,0.15625323355197906,/scicore/home/schwede/barta0000/germinal_ds/templates_originals/nb_s607831_mpnn_3_IL20/boltz_free/output/boltz_results_nb_s607831_mpnn_3_IL20/predictions/nb_s607831_mpnn_3_IL20/nb_s607831_mpnn_3_IL20_model_0.cif,0.007575,0.0376,0.0102,0.0166,0.8090683221817017,0.7737128138542175,0.6268349289894104,0.8546266555786133,0.7856436371803284,0.7127333879470825,3.5976006984710693,0.5964836478233337,/scicore/home/schwede/barta0000/germinal_ds/templates_originals/nb_s607831_mpnn_3_IL20/boltz_with_template/output/boltz_results_nb_s607831_mpnn_3_IL20/predictions/nb_s607831_mpnn_3_IL20/nb_s607831_mpnn_3_IL20_model_0.cif,0.328783,0.1521,0.1284,0.2945
nb_s892360_mpnn_1_PDL1,False,"A,B",6.691873263888889,86.35006276150628,94.14,5.69,3.414285714285714,85.63790669631051,0.540789,0.2863,0.4645,0.4763,0.78,0.8400000000000001,-149.86,0.0,0.79,0.974,0.363,3.185584027777778,96.91900000000001,13492.0,541.03,2.030875,97.84736934461091,0.825919,0.4906,0.9139,0.7069,0.91,0.92,22399.55,1.0,0.9925,0.8119332530403249,0.8814011077270506,,,64.33594,18.135197,0.47216153,0.7598087787628174,/scicore/home/schwede/barta0000/germinal_ds/templates_originals/nb_s892360_mpnn_1_PDL1/chai_no_constraints/seed_6919/pred.model_idx_1.cif,0.716274619102478,/scicore/home/schwede/barta0000/germinal_ds/templates_originals/nb_s892360_mpnn_1_PDL1/chai_with_constraints/seed_4888/pred.model_idx_1.cif,0.7598087787628174,0.8812708854675293,0.7294431924819946,"[[0.920536458492279, 0.9176642894744873]]","[[[0.920536458492279, 0.7294431924819946], [0.7154773473739624, 0.9176642894744873]]]",0.7294431924819946,0.650798,0.2487,0.4943,0.5616,0.716274619102478,0.8572828769683838,0.6810225248336792,"[[0.9122341275215149, 0.8898264169692993]]","[[[0.9122341275215149, 0.6694179773330688], [0.6810225248336792, 0.8898264169692993]]]",0.6694179773330688,0.625289,0.1425,0.2856,0.5515,0.8716126680374146,0.8616325259208679,0.7517501711845398,0.9015783071517944,0.8504480719566345,0.42035189270973206,2.2824153900146484,0.738826334476471,/scicore/home/schwede/barta0000/germinal_ds/templates_originals/nb_s892360_mpnn_1_PDL1/boltz_free/output/boltz_results_nb_s892360_mpnn_1_PDL1/predictions/nb_s892360_mpnn_1_PDL1/nb_s892360_mpnn_1_PDL1_model_0.cif,0.397051,0.2258,0.2995,0.45,0.8641104102134705,0.8144646286964417,0.6633497476577759,0.9143005609512329,0.8643691539764404,0.5612085461616516,5.9840192794799805,0.6150245070457458,/scicore/home/schwede/barta0000/germinal_ds/templates_originals/nb_s892360_mpnn_1_PDL1/boltz_with_template/output/boltz_results_nb_s892360_mpnn_1_PDL1/predictions/nb_s892360_mpnn_1_PDL1/nb_s892360_mpnn_1_PDL1_model_0.cif,0.204707,0.2402,0.0941,0.2084
nb_s768471_mpnn_1_IL3,False,"A,B",6.033571199999999,87.48091231626964,-0.89,-0.04,3.595,79.5199816486494,0.402402,0.3668,0.2428,0.4121,0.72,0.865,-113.48,0.0,0.75,0.927,0.183,3.400392,96.00283999999999,978.56,61.33,1.8825454545454547,94.06529430314606,0.760512,0.5711,0.7853,0.6571,0.87,0.9,665.39,1.0,0.004,0.40380307137671917,0.8753124810586304,24.77395929609026,41.8588752746582,52.1238,20.74863,0.4727108,0.2518259882926941,/scicore/home/schwede/barta0000/germinal_ds/templates_originals/nb_s768471_mpnn_1_IL3/chai_no_constraints/seed_1546/pred.model_idx_0.cif,0.3099896311759949,/scicore/home/schwede/barta0000/germinal_ds/templates_originals/nb_s768471_mpnn_1_IL3/chai_with_constraints/seed_3517/pred.model_idx_0.cif,0.2518259882926941,0.5941452383995056,0.1662461757659912,"[[0.9047911763191223, 0.31238996982574463]]","[[[0.9047911763191223, 0.1662461757659912], [0.12204445153474808, 0.31238996982574463]]]",0.1662461757659912,0.026418,0.0901,0.0107,0.0123,0.3099896311759949,0.6433872580528259,0.2266402244567871,"[[0.9177975058555603, 0.3128410577774048]]","[[[0.9177975058555603, 0.2266402244567871], [0.1782774031162262, 0.3128410577774048]]]",0.2266402244567871,0.106516,0.0849,0.0167,0.1262,0.7945101261138916,0.8204820156097412,0.6792542934417725,0.8233240842819214,0.7617636322975159,0.5304499864578247,3.4291296005249023,0.6792542934417725,/scicore/home/schwede/barta0000/germinal_ds/templates_originals/nb_s768471_mpnn_1_IL3/boltz_free/output/boltz_results_nb_s768471_mpnn_1_IL3/predictions/nb_s768471_mpnn_1_IL3/nb_s768471_mpnn_1_IL3_model_0.cif,0.241167,0.1006,0.0634,0.2378,0.81764155626297,0.7903506755828857,0.6385132670402527,0.8624235987663269,0.8064915537834167,0.7026817798614502,5.544287204742432,0.6385132670402527,/scicore/home/schwede/barta0000/germinal_ds/templates_originals/nb_s768471_mpnn_1_IL3/boltz_with_template/output/boltz_results_nb_s768471_mpnn_1_IL3/predictions/nb_s768471_mpnn_1_IL3/nb_s768471_mpnn_1_IL3_model_0.cif,0.201164,0.1847,0.0587,0.1998
nb_s814263_mpnn_4_BHRF,False,"A,B",12.081725019290124,79.80992105263158,549.25,29.84,11.75357142857143,59.10684371614743,0.016056,0.0898,0.0164,0.0423,0.26,0.835,45.34,0.0,0.33,0.9807,0.289,4.888461009837964,91.78697916666667,16904.72,859.17,5.482432432432432,81.6864878680255,0.552663,0.319,0.4606,0.5015,0.75,0.86,18498.48,1.0,0.9618,0.10861492138292579,0.8359472187882072,17.65553879737854,49.93874740600586,72.61689,15.854462,0.5405846,0.2910407483577728,/scicore/home/schwede/barta0000/germinal_ds/templates_originals/nb_s814263_mpnn_4_BHRF/chai_no_constraints/seed_442/pred.model_idx_1.cif,0.7044844031333923,/scicore/home/schwede/barta0000/germinal_ds/templates_originals/nb_s814263_mpnn_4_BHRF/chai_with_constraints/seed_2113/pred.model_idx_0.cif,0.2910407483577728,0.6143579483032227,0.21021144092082977,"[[0.8830041885375977, 0.8996973037719727]]","[[[0.8830041885375977, 0.21021144092082977], [0.15658500790596008, 0.8996973037719727]]]",0.21021144092082977,0.051936,0.1123,0.0131,0.0183,0.7044844031333923,0.8698776960372925,0.6631360650062561,"[[0.8993707299232483, 0.9212312698364258]]","[[[0.8993707299232483, 0.6631360650062561], [0.659386157989502, 0.9212312698364258]]]",0.6631360650062561,0.606834,0.3325,0.4545,0.5084,0.8091012239456177,0.7976842522621155,0.6200652122497559,0.8563601970672607,0.7403185367584229,0.589290201663971,3.797649383544922,0.6200652122497559,/scicore/home/schwede/barta0000/germinal_ds/templates_originals/nb_s814263_mpnn_4_BHRF/boltz_free/output/boltz_results_nb_s814263_mpnn_4_BHRF/predictions/nb_s814263_mpnn_4_BHRF/nb_s814263_mpnn_4_BHRF_model_0.cif,0.297238,0.1299,0.0583,0.2539,0.8505553603172302,0.8390312194824219,0.7065206170082092,0.8865639567375183,0.7931485176086426,0.5974704027175903,3.2723071575164795,0.7065206170082092,/scicore/home/schwede/barta0000/germinal_ds/templates_originals/nb_s814263_mpnn_4_BHRF/boltz_with_template/output/boltz_results_nb_s814263_mpnn_4_BHRF/predictions/nb_s814263_mpnn_4_BHRF/nb_s814263_mpnn_4_BHRF_model_0.cif,0.350559,0.187,0.1423,0.3566
nb_s596199_mpnn_3_BHRF,False,"A,B",5.404118441358025,89.56925796595374,312.19,19.31,2.8765625,91.07961600292182,0.723528,0.3307,0.7475,0.5618,0.83,0.885,116.8,0.0,0.84,0.0049,0.218,3.540013985339506,96.34982638888889,21242.72,1025.57,2.1233870967741932,97.06233393351236,0.829466,0.3943,0.8955,0.6503,0.89,0.92,15335.22,1.0,,0.8188677270432544,0.8371552548656406,19.775275468826294,50.26113510131836,73.479836,16.264652,0.52704465,0.5828920602798462,/scicore/home/schwede/barta0000/germinal_ds/templates_originals/nb_s596199_mpnn_3_BHRF/chai_no_constraints/seed_1744/pred.model_idx_2.cif,0.8582953214645386,/scicore/home/schwede/barta0000/germinal_ds/templates_originals/nb_s596199_mpnn_3_BHRF/chai_with_constraints/seed_184/pred.model_idx_2.cif,0.5828920602798462,0.7856683731079102,0.5321979522705078,"[[0.8857761025428772, 0.910551905632019]]","[[[0.8857761025428772, 0.5321979522705078], [0.49787306785583496, 0.910551905632019]]]",0.5321979522705078,0.346033,0.1619,0.0903,0.3042,0.8582953214645386,0.9166960716247559,0.8436951041221619,"[[0.9290016889572144, 0.9328427910804749]]","[[[0.9290016889572144, 0.8436951041221619], [0.7817494869232178, 0.9328427910804749]]]",0.8436951041221619,0.827857,0.314,0.8035,0.5871,0.8826045989990234,0.8705095052719116,0.8184511065483093,0.8986429572105408,0.8108178377151489,0.39314839243888855,1.7162401676177979,0.7519901990890503,/scicore/home/schwede/barta0000/germinal_ds/templates_originals/nb_s596199_mpnn_3_BHRF/boltz_free/output/boltz_results_nb_s596199_mpnn_3_BHRF/predictions/nb_s596199_mpnn_3_BHRF/nb_s596199_mpnn_3_BHRF_model_0.cif,0.632399,0.1261,0.2736,0.4631,0.93951815366745,0.9019920825958252,0.8880796432495117,0.9523777365684509,0.9429988861083984,0.360502153635025,0.9952486753463745,0.8207025527954102,/scicore/home/schwede/barta0000/germinal_ds/templates_originals/nb_s596199_mpnn_3_BHRF/boltz_with_template/output/boltz_results_nb_s596199_mpnn_3_BHRF/predictions/nb_s596199_mpnn_3_BHRF/nb_s596199_mpnn_3_BHRF_model_0.cif,0.812356,0.312,0.7876,0.5928
nb_s506400_mpnn_4_BHRF,False,"A,B",5.682197627314815,88.89054776511831,124.86,5.62,4.23804347826087,84.77542197385611,0.566129,0.4555,0.5028,0.4793,0.79,0.88,-67.26,0.0,0.81,0.9958,0.257,3.392228129822531,96.21076388888888,7901.93,634.85,2.0644444444444447,96.23954512856223,0.822229,0.5897,0.8775,0.6659,0.91,0.93,12136.2,1.0,0.9933,0.8712383474151315,0.8901626026426147,17.117429574330647,52.126522064208984,78.36691,14.441422,0.5847658,0.3950449228286743,/scicore/home/schwede/barta0000/germinal_ds/templates_originals/nb_s506400_mpnn_4_BHRF/chai_no_constraints/seed_1302/pred.model_idx_4.cif,0.4499806761741638,/scicore/home/schwede/barta0000/germinal_ds/templates_originals/nb_s506400_mpnn_4_BHRF/chai_with_constraints/seed_2081/pred.model_idx_4.cif,0.3950449228286743,0.685571551322937,0.32241323590278625,"[[0.8821675777435303, 0.9115511178970337]]","[[[0.8821675777435303, 0.32241323590278625], [0.27771323919296265, 0.9115511178970337]]]",0.32241323590278625,0.15736,0.1343,0.025,0.0874,0.4499806761741638,0.734846293926239,0.378764271736145,"[[0.8851889371871948, 0.9191941618919373]]","[[[0.8851889371871948, 0.378764271736145], [0.34431135654449463, 0.9191941618919373]]]",0.378764271736145,0.248897,0.0862,0.1,0.2244,0.8254085779190063,0.7957773208618164,0.6291391253471375,0.87447589635849,0.7662616968154907,0.5438143014907837,4.112649440765381,0.6291391253471375,/scicore/home/schwede/barta0000/germinal_ds/templates_originals/nb_s506400_mpnn_4_BHRF/boltz_free/output/boltz_results_nb_s506400_mpnn_4_BHRF/predictions/nb_s506400_mpnn_4_BHRF/nb_s506400_mpnn_4_BHRF_model_0.cif,0.237645,0.1196,0.0502,0.1747,0.8987046480178833,0.9118640422821045,0.8483158349990845,0.911301851272583,0.8687717914581299,0.4438060224056244,1.881744146347046,0.8483158349990845,/scicore/home/schwede/barta0000/germinal_ds/templates_originals/nb_s506400_mpnn_4_BHRF/boltz_with_template/output/boltz_results_nb_s506400_mpnn_4_BHRF/predictions/nb_s506400_mpnn_4_BHRF/nb_s506400_mpnn_4_BHRF_model_0.cif,0.628038,0.3422,0.4707,0.5717
nb_s972445_mpnn_2_BHRF,False,"A,B",5.676188753858026,87.87388621444202,86.9,4.21,3.53953488372093,87.19062404055894,0.715671,0.4281,0.5489,0.538,0.84,0.87,5.55,0.0,0.84,0.9967,0.258,3.364369574652778,96.2267013888889,18135.18,709.63,2.055609756097561,96.47658464385242,0.850817,0.5492,0.8674,0.677,0.91,0.93,15569.08,1.0,0.9963,0.8152160193013456,0.8525283781781527,16.59114980697632,62.142356872558594,74.36462,14.827649,0.56291765,0.746021568775177,/scicore/home/schwede/barta0000/germinal_ds/templates_originals/nb_s972445_mpnn_2_BHRF/chai_no_constraints/seed_2194/pred.model_idx_2.cif,0.8383055329322815,/scicore/home/schwede/barta0000/germinal_ds/templates_originals/nb_s972445_mpnn_2_BHRF/chai_with_constraints/seed_4592/pred.model_idx_0.cif,0.746021568775177,0.8665149807929993,0.7158982157707214,"[[0.9258394241333008, 0.9077953100204468]]","[[[0.9258394241333008, 0.7158982157707214], [0.6774197220802307, 0.9077953100204468]]]",0.7158982157707214,0.641041,0.3113,0.4661,0.5046,0.8383055329322815,0.9176123142242432,0.8184788227081299,"[[0.9366505742073059, 0.9215488433837891]]","[[[0.9366505742073059, 0.8184788227081299], [0.8038128018379211, 0.9215488433837891]]]",0.8184788227081299,0.797481,0.445,0.6841,0.6004,0.9205013513565063,0.9444694519042969,0.9136690497398376,0.9222094416618347,0.8870259523391724,0.3556819260120392,0.8286086320877075,0.9112243056297302,/scicore/home/schwede/barta0000/germinal_ds/templates_originals/nb_s972445_mpnn_2_BHRF/boltz_free/output/boltz_results_nb_s972445_mpnn_2_BHRF/predictions/nb_s972445_mpnn_2_BHRF/nb_s972445_mpnn_2_BHRF_model_0.cif,0.866542,0.4435,0.6318,0.6669,0.9313923716545105,0.9356642961502075,0.9112073183059692,0.9364386796951294,0.9201751351356506,0.42955246567726135,1.5042552947998047,0.8980909585952759,/scicore/home/schwede/barta0000/germinal_ds/templates_originals/nb_s972445_mpnn_2_BHRF/boltz_with_template/output/boltz_results_nb_s972445_mpnn_2_BHRF/predictions/nb_s972445_mpnn_2_BHRF/nb_s972445_mpnn_2_BHRF_model_0.cif,0.837154,0.4962,0.6601,0.6329
nb_s651199_mpnn_2_BHRF,False,"A,B",5.227219569830246,88.77410651408452,97.68,4.24,3.4000000000000004,86.41390373618123,0.746969,0.3896,0.5787,0.5704,0.85,0.88,-57.0,0.0,0.85,0.9965,0.237,3.482652753665123,95.7953125,10042.41,446.32,2.1628749999999997,96.00142923990886,0.849402,0.5174,0.8413,0.6598,0.91,0.92,24334.29,1.0,0.993,0.8400290966749906,0.8920802830538554,19.94360523223877,47.76744842529297,73.1225,15.084593,0.5390974,0.3151651620864868,/scicore/home/schwede/barta0000/germinal_ds/templates_originals/nb_s651199_mpnn_2_BHRF/chai_no_constraints/seed_1571/pred.model_idx_1.cif,0.5386098027229309,/scicore/home/schwede/barta0000/germinal_ds/templates_originals/nb_s651199_mpnn_2_BHRF/chai_with_constraints/seed_3517/pred.model_idx_2.cif,0.3151651620864868,0.650101900100708,0.23143096268177032,"[[0.8741400837898254, 0.9120241403579712]]","[[[0.8741400837898254, 0.23143096268177032], [0.19834037125110626, 0.9120241403579712]]]",0.23143096268177032,0.086203,0.1528,0.0264,0.1312,0.5386098027229309,0.7842805981636047,0.47719210386276245,"[[0.8901814222335815, 0.9119641184806824]]","[[[0.8901814222335815, 0.47719210386276245], [0.44897016882896423, 0.9119641184806824]]]",0.47719210386276245,0.332958,0.2149,0.2917,0.312,0.8254950642585754,0.8358653783798218,0.6981102824211121,0.8573412895202637,0.7791290283203125,0.4801786541938782,2.346121072769165,0.6981102824211121,/scicore/home/schwede/barta0000/germinal_ds/templates_originals/nb_s651199_mpnn_2_BHRF/boltz_free/output/boltz_results_nb_s651199_mpnn_2_BHRF/predictions/nb_s651199_mpnn_2_BHRF/nb_s651199_mpnn_2_BHRF_model_0.cif,0.345672,0.2288,0.1638,0.3327,0.8128135800361633,0.7840111255645752,0.6028888821601868,0.8652946949005127,0.8007434010505676,0.6908270120620728,4.31634521484375,0.6028888821601868,/scicore/home/schwede/barta0000/germinal_ds/templates_originals/nb_s651199_mpnn_2_BHRF/boltz_with_template/output/boltz_results_nb_s651199_mpnn_2_BHRF/predictions/nb_s651199_mpnn_2_BHRF/nb_s651199_mpnn_2_BHRF_model_0.cif,0.215474,0.2689,0.0931,0.2072
nb_s358395_mpnn_3_IL3,False,"A,B",5.436097599999999,88.06034989858013,10.92,0.53,4.351111111111111,82.9119059911259,0.67775,0.3051,0.3905,0.572,0.82,0.865,-85.99,0.0,0.83,0.9912,0.375,3.42336208,95.70823999999999,6729.91,481.15,1.9922093023255811,94.23410249367738,0.789486,0.4953,0.7723,0.6696,0.88,0.91,2962.8,1.0,0.9934,0.7915522320305777,0.9028700215344503,24.244973046439036,62.459781646728516,52.9033,20.918818,0.46771637,0.2256576418876648,/scicore/home/schwede/barta0000/germinal_ds/templates_originals/nb_s358395_mpnn_3_IL3/chai_no_constraints/seed_1460/pred.model_idx_4.cif,0.32199156284332275,/scicore/home/schwede/barta0000/germinal_ds/templates_originals/nb_s358395_mpnn_3_IL3/chai_with_constraints/seed_1421/pred.model_idx_4.cif,0.2256576418876648,0.5690392255783081,0.13981223106384277,"[[0.8865804672241211, 0.31336790323257446]]","[[[0.8865804672241211, 0.13981223106384277], [0.09303803741931915, 0.31336790323257446]]]",0.13981223106384277,0.005439,0.0825,0.01,0.0,0.32199156284332275,0.6456296443939209,0.24108201265335083,"[[0.8983389735221863, 0.39037418365478516]]","[[[0.8983389735221863, 0.24108201265335083], [0.18952512741088867, 0.39037418365478516]]]",0.24108201265335083,0.116207,0.0671,0.0137,0.1076,0.9241275787353516,0.9620391130447388,0.948014497756958,0.91815584897995,0.8957117199897766,0.29621270298957825,0.5046185255050659,0.948014497756958,/scicore/home/schwede/barta0000/germinal_ds/templates_originals/nb_s358395_mpnn_3_IL3/boltz_free/output/boltz_results_nb_s358395_mpnn_3_IL3/predictions/nb_s358395_mpnn_3_IL3/nb_s358395_mpnn_3_IL3_model_0.cif,0.917379,0.3793,0.7263,0.7666,0.8267145156860352,0.7344315052032471,0.5108229517936707,0.9056873917579651,0.8452027440071106,0.7772107720375061,6.731490135192871,0.49619215726852417,/scicore/home/schwede/barta0000/germinal_ds/templates_originals/nb_s358395_mpnn_3_IL3/boltz_with_template/output/boltz_results_nb_s358395_mpnn_3_IL3/predictions/nb_s358395_mpnn_3_IL3/nb_s358395_mpnn_3_IL3_model_0.cif,0.150076,0.28,0.0417,0.105
nb_s919455_mpnn_1_PDL1,False,"A,B",6.513374999999999,87.70692841880341,49.36,3.38,2.5742857142857143,86.45785948787758,0.620586,0.1693,0.6645,0.5064,0.79,0.845,-153.35,0.0,0.8,0.0224,0.366,3.2385831597222223,96.92683333333335,7962.89,599.07,1.5665151515151514,97.42333221435547,0.789172,0.3128,0.9096,0.6859,0.89,0.91,17703.33,1.0,0.9155,0.8010011830182722,0.8985608542474869,,,68.496704,17.639242,0.48463964,0.507951557636261,/scicore/home/schwede/barta0000/germinal_ds/templates_originals/nb_s919455_mpnn_1_PDL1/chai_no_constraints/seed_1874/pred.model_idx_4.cif,0.5802602767944336,/scicore/home/schwede/barta0000/germinal_ds/templates_originals/nb_s919455_mpnn_1_PDL1/chai_with_constraints/seed_5141/pred.model_idx_3.cif,0.507951557636261,0.7749559283256531,0.44120046496391296,"[[0.9181511402130127, 0.9232914447784424]]","[[[0.9181511402130127, 0.43260622024536133], [0.44120046496391296, 0.9232914447784424]]]",0.43260622024536133,0.29845,0.0882,0.1369,0.3332,0.5802602767944336,0.8057814836502075,0.5238800048828125,"[[0.9231563210487366, 0.8715964555740356]]","[[[0.9231563210487366, 0.4939616024494171], [0.5238800048828125, 0.8715964555740356]]]",0.4939616024494171,0.417593,0.1343,0.1259,0.4494,0.8069170117378235,0.8025149703025818,0.6138308048248291,0.8551884889602661,0.7941329479217529,0.5332334637641907,3.759060859680176,0.6071913242340088,/scicore/home/schwede/barta0000/germinal_ds/templates_originals/nb_s919455_mpnn_1_PDL1/boltz_free/output/boltz_results_nb_s919455_mpnn_1_PDL1/predictions/nb_s919455_mpnn_1_PDL1/nb_s919455_mpnn_1_PDL1_model_0.cif,0.207437,0.1194,0.0876,0.2326,0.8711399435997009,0.8155507445335388,0.6680861711502075,0.9219033122062683,0.9110063314437866,0.5740119814872742,5.172084331512451,0.6639126539230347,/scicore/home/schwede/barta0000/germinal_ds/templates_originals/nb_s919455_mpnn_1_PDL1/boltz_with_template/output/boltz_results_nb_s919455_mpnn_1_PDL1/predictions/nb_s919455_mpnn_1_PDL1/nb_s919455_mpnn_1_PDL1_model_0.cif,0.262546,0.3043,0.1958,0.2971
nb_s604314_mpnn_3_IL3,False,"A,B",4.9190976,90.32375634517767,73.93,2.25,2.178688524590164,84.82559510544907,0.735913,0.4974,0.1776,0.606,0.85,0.88,-97.93,0.0,0.87,0.9309,0.245,3.59443648,95.84204,12649.15,938.76,1.8694444444444442,93.86879296138369,0.800706,0.6177,0.7651,0.639,0.89,0.9,15379.37,1.0,0.9612,0.8666288447546697,0.8593909373392367,26.260169744491577,55.62556457519531,51.852066,21.478735,0.46003145,0.27530205249786377,/scicore/home/schwede/barta0000/germinal_ds/templates_originals/nb_s604314_mpnn_3_IL3/chai_no_constraints/seed_5426/pred.model_idx_3.cif,0.442297101020813,/scicore/home/schwede/barta0000/germinal_ds/templates_originals/nb_s604314_mpnn_3_IL3/chai_with_constraints/seed_1350/pred.model_idx_3.cif,0.27530205249786377,0.6121333837509155,0.19109420478343964,"[[0.9148014187812805, 0.30650603771209717]]","[[[0.9148014187812805, 0.19109420478343964], [0.14595291018486023, 0.30650603771209717]]]",0.19109420478343964,0.0379,0.1196,0.0115,0.028,0.442297101020813,0.6668325066566467,0.38616323471069336,"[[0.9200609922409058, 0.3398335576057434]]","[[[0.9200609922409058, 0.26612943410873413], [0.38616323471069336, 0.3398335576057434]]]",0.26612943410873413,0.160494,0.0977,0.0785,0.2232,0.8035393953323364,0.7968862056732178,0.7253395915031433,0.8230893611907959,0.7086745500564575,0.579872727394104,3.6121127605438232,0.7253395915031433,/scicore/home/schwede/barta0000/germinal_ds/templates_originals/nb_s604314_mpnn_3_IL3/boltz_free/output/boltz_results_nb_s604314_mpnn_3_IL3/predictions/nb_s604314_mpnn_3_IL3/nb_s604314_mpnn_3_IL3_model_0.cif,0.280946,0.116,0.067,0.2417,0.8249737024307251,0.771499752998352,0.5985622406005859,0.8815765976905823,0.8037872314453125,0.5745829939842224,3.5938117504119873,0.5514957308769226,/scicore/home/schwede/barta0000/germinal_ds/templates_originals/nb_s604314_mpnn_3_IL3/boltz_with_template/output/boltz_results_nb_s604314_mpnn_3_IL3/predictions/nb_s604314_mpnn_3_IL3/nb_s604314_mpnn_3_IL3_model_0.cif,0.243935,0.234,0.1551,0.2544
nb_s878765_mpnn_1_PDL1,False,"A,B",6.439458333333334,88.11811310782241,18.49,1.3,3.024242424242424,87.9154926757325,0.521806,0.3676,0.6522,0.4623,0.75,0.84,-145.44,0.0,0.76,0.0938,0.34,3.225079687500001,96.99225,12605.98,582.54,1.7925,97.69464274815151,0.7836,0.5119,0.9108,0.6978,0.89,0.91,14158.97,1.0,0.058,0.7740601201374827,0.8343472178482886,19.79176616668701,57.74431610107422,70.07287,17.103193,0.50711256,0.7818890810012817,/scicore/home/schwede/barta0000/germinal_ds/templates_originals/nb_s878765_mpnn_1_PDL1/chai_no_constraints/seed_2619/pred.model_idx_4.cif,0.5423710942268372,/scicore/home/schwede/barta0000/germinal_ds/templates_originals/nb_s878765_mpnn_1_PDL1/chai_with_constraints/seed_3269/pred.model_idx_4.cif,0.7818890810012817,0.8884865641593933,0.755239725112915,"[[0.9325563311576843, 0.9287456274032593]]","[[[0.9325563311576843, 0.7245259881019592], [0.755239725112915, 0.9287456274032593]]]",0.7245259881019592,0.700314,0.3022,0.6479,0.6146,0.5423710942268372,0.7930805683135986,0.4796937108039856,"[[0.9259303212165833, 0.8672019243240356]]","[[[0.9259303212165833, 0.4604211151599884], [0.4796937108039856, 0.8672019243240356]]]",0.4604211151599884,0.376686,0.1104,0.1469,0.4169,0.7489036917686462,0.671595573425293,0.32750797271728516,0.8542526364326477,0.7645629048347473,0.65220046043396,6.9779372215271,0.28932395577430725,/scicore/home/schwede/barta0000/germinal_ds/templates_originals/nb_s878765_mpnn_1_PDL1/boltz_free/output/boltz_results_nb_s878765_mpnn_1_PDL1/predictions/nb_s878765_mpnn_1_PDL1/nb_s878765_mpnn_1_PDL1_model_0.cif,0.044606,0.0716,0.0206,0.0517,0.8634636998176575,0.8961077928543091,0.8112543225288391,0.8765159845352173,0.7976577281951904,0.4111805260181427,1.542988657951355,0.7875324487686157,/scicore/home/schwede/barta0000/germinal_ds/templates_originals/nb_s878765_mpnn_1_PDL1/boltz_with_template/output/boltz_results_nb_s878765_mpnn_1_PDL1/predictions/nb_s878765_mpnn_1_PDL1/nb_s878765_mpnn_1_PDL1_model_0.cif,0.60182,0.1425,0.2932,0.5896
nb_s558025_mpnn_4_BHRF,False,"A,B",5.275018084490741,89.67817218543047,88.73,4.41,3.25,89.89308784480063,0.773031,0.3939,0.7638,0.5794,0.86,0.88,-69.68,0.0,0.86,0.9981,0.182,3.369307966820987,96.40628472222222,3270.26,184.48,2.140833333333334,97.46077004457132,0.866145,0.4909,0.9162,0.6784,0.92,0.93,1506.84,1.0,0.9967,0.8943394334121961,0.9364767074959709,17.712383270263672,40.86552810668945,73.072426,15.663968,0.53458965,0.37381163239479065,/scicore/home/schwede/barta0000/germinal_ds/templates_originals/nb_s558025_mpnn_4_BHRF/chai_no_constraints/seed_1175/pred.model_idx_2.cif,0.6965917944908142,/scicore/home/schwede/barta0000/germinal_ds/templates_originals/nb_s558025_mpnn_4_BHRF/chai_with_constraints/seed_4758/pred.model_idx_2.cif,0.37381163239479065,0.6825076341629028,0.296637624502182,"[[0.8735294342041016, 0.913923978805542]]","[[[0.8735294342041016, 0.296637624502182], [0.2518768906593323, 0.913923978805542]]]",0.296637624502182,0.157276,0.1105,0.0226,0.1046,0.6965917944908142,0.8446987867355347,0.6595650315284729,"[[0.9156053066253662, 0.9079100489616394]]","[[[0.9156053066253662, 0.6595650315284729], [0.6295007467269897, 0.9079100489616394]]]",0.6595650315284729,0.566416,0.2781,0.3983,0.4794,0.805448055267334,0.7715745568275452,0.5661225914955139,0.8652794361114502,0.75974440574646,0.5952378511428833,4.511794090270996,0.5559336543083191,/scicore/home/schwede/barta0000/germinal_ds/templates_originals/nb_s558025_mpnn_4_BHRF/boltz_free/output/boltz_results_nb_s558025_mpnn_4_BHRF/predictions/nb_s558025_mpnn_4_BHRF/nb_s558025_mpnn_4_BHRF_model_0.cif,0.225821,0.1299,0.0449,0.1565,0.8987879157066345,0.8859793543815613,0.7915563583374023,0.9255957007408142,0.8748391270637512,0.48889273405075073,2.431025743484497,0.7915563583374023,/scicore/home/schwede/barta0000/germinal_ds/templates_originals/nb_s558025_mpnn_4_BHRF/boltz_with_template/output/boltz_results_nb_s558025_mpnn_4_BHRF/predictions/nb_s558025_mpnn_4_BHRF/nb_s558025_mpnn_4_BHRF_model_0.cif,0.542654,0.3385,0.3979,0.5043
nb_s718865_mpnn_2_PDL1,False,"A,B",5.893743055555555,87.68271346254583,38.37,1.66,2.1421568627450984,89.52579246043888,0.724504,0.4692,0.7061,0.5597,0.84,0.845,-146.37,0.0,0.85,0.9929,0.239,3.1086892361111107,96.84483333333334,13700.27,713.49,1.6406862745098039,97.03886787846403,0.832924,0.5432,0.9025,0.7206,0.91,0.92,12100.57,1.0,0.9886,0.8330321117653974,0.8709054396680566,,,69.80516,17.394703,0.4924937,0.4639996290206909,/scicore/home/schwede/barta0000/germinal_ds/templates_originals/nb_s718865_mpnn_2_PDL1/chai_no_constraints/seed_2337/pred.model_idx_0.cif,0.40152454376220703,/scicore/home/schwede/barta0000/germinal_ds/templates_originals/nb_s718865_mpnn_2_PDL1/chai_with_constraints/seed_1653/pred.model_idx_3.cif,0.4639996290206909,0.7376608848571777,0.3955842852592468,"[[0.8968058228492737, 0.8756289482116699]]","[[[0.8968058228492737, 0.3917735517024994], [0.3955842852592468, 0.8756289482116699]]]",0.3917735517024994,0.188093,0.1431,0.0429,0.2018,0.40152454376220703,0.7024936676025391,0.32628223299980164,"[[0.89388108253479, 0.8732646107673645]]","[[[0.89388108253479, 0.31218835711479187], [0.32628223299980164, 0.8732646107673645]]]",0.31218835711479187,0.181417,0.1669,0.0652,0.209,0.8745668530464172,0.9268773794174194,0.8859381079673767,0.871724009513855,0.8211485743522644,0.36506786942481995,1.0262054204940796,0.8741954565048218,/scicore/home/schwede/barta0000/germinal_ds/templates_originals/nb_s718865_mpnn_2_PDL1/boltz_free/output/boltz_results_nb_s718865_mpnn_2_PDL1/predictions/nb_s718865_mpnn_2_PDL1/nb_s718865_mpnn_2_PDL1_model_0.cif,0.763266,0.3233,0.473,0.6724,0.8416945338249207,0.8389845490455627,0.7015412449836731,0.8767328858375549,0.8239094614982605,0.67481929063797,3.917529582977295,0.6880080103874207,/scicore/home/schwede/barta0000/germinal_ds/templates_originals/nb_s718865_mpnn_2_PDL1/boltz_with_template/output/boltz_results_nb_s718865_mpnn_2_PDL1/predictions/nb_s718865_mpnn_2_PDL1/nb_s718865_mpnn_2_PDL1_model_0.cif,0.31508,0.3401,0.1583,0.38
nb_s453654_mpnn_1_BHRF,False,"A,B",6.031221064814815,88.45988661142609,33.43,1.82,3.3448717948717945,86.0378175791246,0.671069,0.3101,0.6752,0.4944,0.81,0.87,-132.26,0.0,0.82,0.6664,0.266,3.9554774305555562,95.4025,322.52,20.81,2.1811111111111106,95.25714263916015,0.800726,0.3715,0.8772,0.6141,0.88,0.9,233.03,1.0,0.6379,0.8330480671109171,0.8889358689180656,17.996169646581013,52.4137077331543,73.07017,15.897238,0.538978,0.334468275308609,/scicore/home/schwede/barta0000/germinal_ds/templates_originals/nb_s453654_mpnn_1_BHRF/chai_no_constraints/seed_4118/pred.model_idx_0.cif,0.8292037844657898,/scicore/home/schwede/barta0000/germinal_ds/templates_originals/nb_s453654_mpnn_1_BHRF/chai_with_constraints/seed_1951/pred.model_idx_1.cif,0.334468275308609,0.6653270721435547,0.251753568649292,"[[0.8877521753311157, 0.9174791574478149]]","[[[0.8877521753311157, 0.251753568649292], [0.21772097051143646, 0.9174791574478149]]]",0.251753568649292,0.108428,0.104,0.0225,0.0881,0.8292037844657898,0.9123302102088928,0.8084222078323364,"[[0.923668384552002, 0.9362990856170654]]","[[[0.923668384552002, 0.8084222078323364], [0.7763569951057434, 0.9362990856170654]]]",0.8084222078323364,0.768131,0.3465,0.7979,0.5754,0.8059101104736328,0.7600843906402588,0.5269460082054138,0.8756511211395264,0.7881962656974792,0.5240991711616516,3.8937551975250244,0.5269460082054138,/scicore/home/schwede/barta0000/germinal_ds/templates_originals/nb_s453654_mpnn_1_BHRF/boltz_free/output/boltz_results_nb_s453654_mpnn_1_BHRF/predictions/nb_s453654_mpnn_1_BHRF/nb_s453654_mpnn_1_BHRF_model_0.cif,0.198149,0.1181,0.0673,0.1675,0.8747420310974121,0.8302342891693115,0.6669476628303528,0.9266906380653381,0.8782452344894409,0.4462357759475708,2.8406708240509033,0.6669476628303528,/scicore/home/schwede/barta0000/germinal_ds/templates_originals/nb_s453654_mpnn_1_BHRF/boltz_with_template/output/boltz_results_nb_s453654_mpnn_1_BHRF/predictions/nb_s453654_mpnn_1_BHRF/nb_s453654_mpnn_1_BHRF_model_0.cif,0.367775,0.2158,0.2933,0.3271
nb_s829439_mpnn_1_PDL1,False,"A,B",5.648715277777778,87.47552270327348,27.73,1.39,2.3877551020408165,90.06964502826882,0.737521,0.488,0.7274,0.5676,0.85,0.85,-151.4,0.0,0.85,0.9969,0.206,3.5070796875,95.79604166666668,16041.84,730.57,1.819166666666667,96.18295409462668,0.80914,0.5602,0.8759,0.6848,0.89,0.92,25449.98,1.0,0.9885,0.8627468556031381,0.8471859092267142,,,67.563614,17.911703,0.47969586,0.3777773082256317,/scicore/home/schwede/barta0000/germinal_ds/templates_originals/nb_s829439_mpnn_1_PDL1/chai_no_constraints/seed_4459/pred.model_idx_0.cif,0.8099074363708496,/scicore/home/schwede/barta0000/germinal_ds/templates_originals/nb_s829439_mpnn_1_PDL1/chai_with_constraints/seed_1377/pred.model_idx_2.cif,0.3777773082256317,0.6925142407417297,0.2990930676460266,"[[0.8949101567268372, 0.8795123100280762]]","[[[0.8949101567268372, 0.2948697805404663], [0.2990930676460266, 0.8795123100280762]]]",0.2948697805404663,0.141813,0.141,0.0249,0.139,0.8099074363708496,0.8979765772819519,0.7878901958465576,"[[0.9004756808280945, 0.9279423952102661]]","[[[0.9004756808280945, 0.7325666546821594], [0.7878901958465576, 0.9279423952102661]]]",0.7325666546821594,0.757363,0.3793,0.5792,0.6195,0.8681250810623169,0.9129048585891724,0.8614672422409058,0.8697894811630249,0.81405109167099,0.3899877965450287,1.1490124464035034,0.8599892258644104,/scicore/home/schwede/barta0000/germinal_ds/templates_originals/nb_s829439_mpnn_1_PDL1/boltz_free/output/boltz_results_nb_s829439_mpnn_1_PDL1/predictions/nb_s829439_mpnn_1_PDL1/nb_s829439_mpnn_1_PDL1_model_0.cif,0.689132,0.257,0.4211,0.6207,0.9078704118728638,0.9116264581680298,0.8641728758811951,0.9187947511672974,0.8875516653060913,0.4179162383079529,1.3249174356460571,0.8641728758811951,/scicore/home/schwede/barta0000/germinal_ds/templates_originals/nb_s829439_mpnn_1_PDL1/boltz_with_template/output/boltz_results_nb_s829439_mpnn_1_PDL1/predictions/nb_s829439_mpnn_1_PDL1/nb_s829439_mpnn_1_PDL1_model_0.cif,0.742315,0.4233,0.5871,0.6359
nb_s830050_mpnn_2_BHRF,False,"A,B",5.732992139274691,88.41397169394072,47.04,2.4,3.5924242424242423,88.56491239175956,0.741096,0.3946,0.6438,0.5226,0.84,0.865,-61.3,0.0,0.85,0.9656,0.241,3.7393904320987654,95.50805555555556,172.0,10.32,2.427777777777778,95.70853591546779,0.812397,0.5044,0.8467,0.6195,0.89,0.91,51.87,1.0,0.8452,0.8407493454003108,0.8906134401533526,16.146836704678005,65.73178100585938,75.221825,14.931992,0.5507206,0.8172693848609924,/scicore/home/schwede/barta0000/germinal_ds/templates_originals/nb_s830050_mpnn_2_BHRF/chai_no_constraints/seed_267/pred.model_idx_3.cif,0.8383866548538208,/scicore/home/schwede/barta0000/germinal_ds/templates_originals/nb_s830050_mpnn_2_BHRF/chai_with_constraints/seed_2911/pred.model_idx_2.cif,0.8172693848609924,0.8791000247001648,0.801811695098877,"[[0.8798989653587341, 0.9329283237457275]]","[[[0.8798989653587341, 0.801811695098877], [0.6702476739883423, 0.9329283237457275]]]",0.801811695098877,0.767788,0.3864,0.6072,0.5173,0.8383866548538208,0.9077984094619751,0.8210337162017822,"[[0.9190018773078918, 0.9290062785148621]]","[[[0.9190018773078918, 0.8210337162017822], [0.7571632266044617, 0.9290062785148621]]]",0.8210337162017822,0.802537,0.4398,0.7304,0.5698,0.9323463439941406,0.9224764704704285,0.9212972521781921,0.9351086020469666,0.919200599193573,0.33599504828453064,0.7424735426902771,0.8587870001792908,/scicore/home/schwede/barta0000/germinal_ds/templates_originals/nb_s830050_mpnn_2_BHRF/boltz_free/output/boltz_results_nb_s830050_mpnn_2_BHRF/predictions/nb_s830050_mpnn_2_BHRF/nb_s830050_mpnn_2_BHRF_model_0.cif,0.880147,0.377,0.7477,0.6402,0.9426583647727966,0.9290451407432556,0.9251967668533325,0.9470236897468567,0.9348158836364746,0.3754986524581909,1.084675908088684,0.882070004940033,/scicore/home/schwede/barta0000/germinal_ds/templates_originals/nb_s830050_mpnn_2_BHRF/boltz_with_template/output/boltz_results_nb_s830050_mpnn_2_BHRF/predictions/nb_s830050_mpnn_2_BHRF/nb_s830050_mpnn_2_BHRF_model_0.cif,0.867379,0.3986,0.7838,0.6435
nb_s465730_mpnn_4_PDL1,False,"A,B",6.592749999999999,85.81586497890295,132.43,7.57,3.3769230769230765,84.49917453515754,0.471489,0.3749,0.4477,0.425,0.72,0.835,-88.42,0.0,0.73,0.9917,0.241,3.656459375,95.26458333333333,6189.26,323.11,1.744230769230769,96.16736843711452,0.780234,0.5182,0.8552,0.6628,0.88,0.9,7066.32,1.0,0.9931,0.8791274798851523,0.8841490634652216,24.71376609802246,56.76105499267578,66.44177,17.877188,0.4764871,0.7514473795890808,/scicore/home/schwede/barta0000/germinal_ds/templates_originals/nb_s465730_mpnn_4_PDL1/chai_no_constraints/seed_2882/pred.model_idx_4.cif,0.8003882169723511,/scicore/home/schwede/barta0000/germinal_ds/templates_originals/nb_s465730_mpnn_4_PDL1/chai_with_constraints/seed_221/pred.model_idx_1.cif,0.7514473795890808,0.8641011118888855,0.7232839465141296,"[[0.9071958065032959, 0.8811732530593872]]","[[[0.9071958065032959, 0.6785235404968262], [0.7232839465141296, 0.8811732530593872]]]",0.6785235404968262,0.596298,0.3205,0.3723,0.5287,0.8003882169723511,0.8938003182411194,0.7770351767539978,"[[0.8953481316566467, 0.9284237623214722]]","[[[0.8953481316566467, 0.7335245609283447], [0.7770351767539978, 0.9284237623214722]]]",0.7335245609283447,0.74114,0.3987,0.6014,0.6104,0.7778325080871582,0.7964235544204712,0.6272408366203308,0.8154804110527039,0.7295905351638794,0.5853925943374634,3.385251522064209,0.6132099032402039,/scicore/home/schwede/barta0000/germinal_ds/templates_originals/nb_s465730_mpnn_4_PDL1/boltz_free/output/boltz_results_nb_s465730_mpnn_4_PDL1/predictions/nb_s465730_mpnn_4_PDL1/nb_s465730_mpnn_4_PDL1_model_0.cif,0.234103,0.1356,0.0697,0.2609,0.8951933979988098,0.894752562046051,0.8452149033546448,0.9076879620552063,0.8751635551452637,0.41941267251968384,1.4537827968597412,0.8349769115447998,/scicore/home/schwede/barta0000/germinal_ds/templates_originals/nb_s465730_mpnn_4_PDL1/boltz_with_template/output/boltz_results_nb_s465730_mpnn_4_PDL1/predictions/nb_s465730_mpnn_4_PDL1/nb_s465730_mpnn_4_PDL1_model_0.cif,0.683534,0.3291,0.5252,0.5998
nb_s481672_mpnn_4_PDL1,False,"A,B",6.119854166666666,87.7033778727953,13.82,0.93,3.4651515151515153,87.93957176414476,0.519802,0.2958,0.4918,0.4415,0.77,0.855,-152.23,0.0,0.78,0.0096,0.226,2.9602039930555555,97.47895833333334,3134.1,232.22,1.710909090909091,98.07322619038243,0.820511,0.4201,0.9246,0.7215,0.91,0.93,1519.46,1.0,0.0719,0.8346996608331986,0.9017647835362522,19.506662845611572,63.575469970703125,68.43214,17.37464,0.4892903,0.8409608006477356,/scicore/home/schwede/barta0000/germinal_ds/templates_originals/nb_s481672_mpnn_4_PDL1/chai_no_constraints/seed_1350/pred.model_idx_2.cif,0.8415063619613647,/scicore/home/schwede/barta0000/germinal_ds/templates_originals/nb_s481672_mpnn_4_PDL1/chai_with_constraints/seed_4623/pred.model_idx_2.cif,0.8409608006477356,0.9179156422615051,0.8217220306396484,"[[0.9332557916641235, 0.9324047565460205]]","[[[0.9332557916641235, 0.8217220306396484], [0.8042361736297607, 0.9324047565460205]]]",0.8217220306396484,0.799782,0.3104,0.744,0.6503,0.8415063619613647,0.9171493053436279,0.8225956559181213,"[[0.9326001405715942, 0.9318170547485352]]","[[[0.9326001405715942, 0.8225956559181213], [0.8049263954162598, 0.9318170547485352]]]",0.8225956559181213,0.80262,0.3121,0.7162,0.6501,0.8696884512901306,0.8559080362319946,0.7384267449378967,0.9025038480758667,0.8605784177780151,0.4438350200653076,2.410628318786621,0.72726970911026,/scicore/home/schwede/barta0000/germinal_ds/templates_originals/nb_s481672_mpnn_4_PDL1/boltz_free/output/boltz_results_nb_s481672_mpnn_4_PDL1/predictions/nb_s481672_mpnn_4_PDL1/nb_s481672_mpnn_4_PDL1_model_0.cif,0.375124,0.184,0.2892,0.4207,0.9241524934768677,0.9167520403862,0.8898413777351379,0.9327302575111389,0.900772213935852,0.36608290672302246,0.977340817451477,0.8700768351554871,/scicore/home/schwede/barta0000/germinal_ds/templates_originals/nb_s481672_mpnn_4_PDL1/boltz_with_template/output/boltz_results_nb_s481672_mpnn_4_PDL1/predictions/nb_s481672_mpnn_4_PDL1/nb_s481672_mpnn_4_PDL1_model_0.cif,0.781797,0.338,0.6531,0.6744
nb_s807321_mpnn_2_BHRF,False,"A,B",5.64034408757716,88.51479356801391,138.07,6.27,3.153571428571429,86.46371631628357,0.726438,0.4703,0.7563,0.5738,0.85,0.875,2.4,0.0,0.85,0.0104,0.227,3.950560619212963,94.7329861111111,8155.92,446.66,2.349204545454546,94.14499907060103,0.796344,0.5502,0.8547,0.6343,0.88,0.91,7715.88,1.0,0.9947,0.8559453018482874,0.8920802830538554,17.378960609436035,61.42396926879883,75.510445,15.463274,0.5390614,0.7222983837127686,/scicore/home/schwede/barta0000/germinal_ds/templates_originals/nb_s807321_mpnn_2_BHRF/chai_no_constraints/seed_3056/pred.model_idx_0.cif,0.7492449283599854,/scicore/home/schwede/barta0000/germinal_ds/templates_originals/nb_s807321_mpnn_2_BHRF/chai_with_constraints/seed_1553/pred.model_idx_0.cif,0.7222983837127686,0.8489325642585754,0.6906397938728333,"[[0.8982944488525391, 0.9154905080795288]]","[[[0.8982944488525391, 0.6906397938728333], [0.6090078949928284, 0.9154905080795288]]]",0.6906397938728333,0.574843,0.2404,0.4578,0.4362,0.7492449283599854,0.8571798801422119,0.7222611904144287,"[[0.8968563079833984, 0.9161868095397949]]","[[[0.8968563079833984, 0.7222611904144287], [0.6286478042602539, 0.9161868095397949]]]",0.7222611904144287,0.641084,0.3271,0.3351,0.4644,0.9033352136611938,0.8864377737045288,0.8017768263816833,0.9287248253822327,0.8772714138031006,0.3731754422187805,1.2842997312545776,0.7910659909248352,/scicore/home/schwede/barta0000/germinal_ds/templates_originals/nb_s807321_mpnn_2_BHRF/boltz_free/output/boltz_results_nb_s807321_mpnn_2_BHRF/predictions/nb_s807321_mpnn_2_BHRF/nb_s807321_mpnn_2_BHRF_model_0.cif,0.667783,0.3391,0.5094,0.5505,0.8898515701293945,0.8315465450286865,0.7610063552856445,0.922062873840332,0.8753820657730103,0.49561089277267456,2.6292171478271484,0.6959956288337708,/scicore/home/schwede/barta0000/germinal_ds/templates_originals/nb_s807321_mpnn_2_BHRF/boltz_with_template/output/boltz_results_nb_s807321_mpnn_2_BHRF/predictions/nb_s807321_mpnn_2_BHRF/nb_s807321_mpnn_2_BHRF_model_0.cif,0.542476,0.2716,0.3598,0.4007
nb_s53820_mpnn_1_PDL1,False,"A,B",5.257378472222221,88.97336334745762,47.35,3.04,3.852631578947368,85.6550107743479,0.584694,0.3748,0.5998,0.5115,0.79,0.875,-159.83,0.0,0.8,0.0786,0.554,3.663001041666667,95.12129166666666,826.46,57.42,2.945,93.37032170449534,0.729116,0.4511,0.7918,0.6554,0.86,0.89,580.14,1.0,0.9941,0.7803377382818548,0.8978418875770693,,,66.60895,17.449133,0.48963588,0.36732718348503113,/scicore/home/schwede/barta0000/germinal_ds/templates_originals/nb_s53820_mpnn_1_PDL1/chai_no_constraints/seed_1393/pred.model_idx_3.cif,0.543689489364624,/scicore/home/schwede/barta0000/germinal_ds/templates_originals/nb_s53820_mpnn_1_PDL1/chai_with_constraints/seed_4527/pred.model_idx_0.cif,0.36732718348503113,0.6962335705757141,0.2851005792617798,"[[0.9087586402893066, 0.8821302652359009]]","[[[0.9087586402893066, 0.2851005792617798], [0.27283647656440735, 0.8821302652359009]]]",0.2851005792617798,0.145592,0.0838,0.0238,0.1187,0.543689489364624,0.7885676622390747,0.48246994614601135,"[[0.9102469682693481, 0.890652596950531]]","[[[0.9102469682693481, 0.4681185483932495], [0.48246994614601135, 0.890652596950531]]]",0.4681185483932495,0.373707,0.079,0.1336,0.4132,0.8088817000389099,0.7887142300605774,0.5876752734184265,0.864183247089386,0.7732210755348206,0.5955988168716431,4.330863952636719,0.5642220973968506,/scicore/home/schwede/barta0000/germinal_ds/templates_originals/nb_s53820_mpnn_1_PDL1/boltz_free/output/boltz_results_nb_s53820_mpnn_1_PDL1/predictions/nb_s53820_mpnn_1_PDL1/nb_s53820_mpnn_1_PDL1_model_0.cif,0.204719,0.1089,0.0655,0.2305,0.8739021420478821,0.8803847432136536,0.7689523696899414,0.9001396298408508,0.8339337110519409,0.38906916975975037,1.8963837623596191,0.7574951648712158,/scicore/home/schwede/barta0000/germinal_ds/templates_originals/nb_s53820_mpnn_1_PDL1/boltz_with_template/output/boltz_results_nb_s53820_mpnn_1_PDL1/predictions/nb_s53820_mpnn_1_PDL1/nb_s53820_mpnn_1_PDL1_model_0.cif,0.505828,0.2107,0.3305,0.5339
nb_s689267_mpnn_2_IL20,False,"A,B",4.65258418367347,89.82651761517616,56.2,3.35,4.355714285714285,87.24366980022502,0.694148,0.1665,0.586,0.5723,0.83,0.895,-83.3,0.0,0.84,0.5653,0.319,3.5415159438775508,96.24353571428571,809.01,54.62,3.185735294117647,95.27187514305115,0.799159,0.2482,0.7977,0.6357,0.88,0.91,1703.56,1.0,0.0081,0.7874340015970258,0.8853658400711039,16.162312984466553,67.28108215332031,74.94446,15.106653,0.5359156,0.8293771147727966,/scicore/home/schwede/barta0000/germinal_ds/templates_originals/nb_s689267_mpnn_2_IL20/chai_no_constraints/seed_1455/pred.model_idx_0.cif,0.8346844911575317,/scicore/home/schwede/barta0000/germinal_ds/templates_originals/nb_s689267_mpnn_2_IL20/chai_with_constraints/seed_2095/pred.model_idx_2.cif,0.8293771147727966,0.9081388115882874,0.8096867203712463,"[[0.9295380115509033, 0.9254332780838013]]","[[[0.9295380115509033, 0.8096867203712463], [0.7802870273590088, 0.9254332780838013]]]",0.8096867203712463,0.771165,0.1709,0.6482,0.5756,0.8346844911575317,0.9093928933143616,0.8160073757171631,"[[0.9277514219284058, 0.9267187118530273]]","[[[0.9277514219284058, 0.8160073757171631], [0.7803899049758911, 0.9267187118530273]]]",0.8160073757171631,0.783442,0.1431,0.6159,0.5846,0.6489169597625732,0.678234875202179,0.4398859441280365,0.7011747360229492,0.6474040150642395,1.040372371673584,5.686578750610352,0.40341606736183167,/scicore/home/schwede/barta0000/germinal_ds/templates_originals/nb_s689267_mpnn_2_IL20/boltz_free/output/boltz_results_nb_s689267_mpnn_2_IL20/predictions/nb_s689267_mpnn_2_IL20/nb_s689267_mpnn_2_IL20_model_0.cif,0.151657,0.0542,0.0229,0.1165,0.8883687853813171,0.8558148741722107,0.7793779373168945,0.915616512298584,0.9001560807228088,0.5564146041870117,1.859114408493042,0.7793779373168945,/scicore/home/schwede/barta0000/germinal_ds/templates_originals/nb_s689267_mpnn_2_IL20/boltz_with_template/output/boltz_results_nb_s689267_mpnn_2_IL20/predictions/nb_s689267_mpnn_2_IL20/nb_s689267_mpnn_2_IL20_model_0.cif,0.54849,0.199,0.5832,0.478
nb_s854077_mpnn_2_PDL1,False,"A,B",6.152694444444444,87.8745986177565,61.74,3.93,2.915625,85.53585198327855,0.476586,0.3018,0.591,0.4353,0.72,0.85,-103.73,0.0,0.74,0.0102,0.24,3.164710069444444,97.08445833333333,590.46,37.94,1.7503225806451612,97.2520680920831,0.776667,0.4366,0.8971,0.6885,0.89,0.92,338.76,1.0,0.2183,0.8261773969802968,0.9121073820476534,,,67.01592,17.671116,0.4928539,0.8361954689025879,/scicore/home/schwede/barta0000/germinal_ds/templates_originals/nb_s854077_mpnn_2_PDL1/chai_no_constraints/seed_2211/pred.model_idx_2.cif,0.8220419883728027,/scicore/home/schwede/barta0000/germinal_ds/templates_originals/nb_s854077_mpnn_2_PDL1/chai_with_constraints/seed_125/pred.model_idx_2.cif,0.8361954689025879,0.9209861159324646,0.8149977326393127,"[[0.9357324838638306, 0.9324767589569092]]","[[[0.9357324838638306, 0.8149977326393127], [0.7963148951530457, 0.9324767589569092]]]",0.8149977326393127,0.801765,0.3152,0.7566,0.6546,0.8220419883728027,0.9141577482223511,0.799013078212738,"[[0.9339844584465027, 0.9324116706848145]]","[[[0.9339844584465027, 0.799013078212738], [0.7833364009857178, 0.9324116706848145]]]",0.799013078212738,0.785938,0.3007,0.716,0.6511,0.8303201794624329,0.7933593392372131,0.6009224057197571,0.8876696228981018,0.8217108845710754,0.5246532559394836,3.4656927585601807,0.5544759631156921,/scicore/home/schwede/barta0000/germinal_ds/templates_originals/nb_s854077_mpnn_2_PDL1/boltz_free/output/boltz_results_nb_s854077_mpnn_2_PDL1/predictions/nb_s854077_mpnn_2_PDL1/nb_s854077_mpnn_2_PDL1_model_0.cif,0.213075,0.1382,0.1045,0.2302,0.9535975456237793,0.9637191295623779,0.9508371353149414,0.9542876482009888,0.938648521900177,0.2866142988204956,0.4342820346355438,0.9241306781768799,/scicore/home/schwede/barta0000/germinal_ds/templates_originals/nb_s854077_mpnn_2_PDL1/boltz_with_template/output/boltz_results_nb_s854077_mpnn_2_PDL1/predictions/nb_s854077_mpnn_2_PDL1/nb_s854077_mpnn_2_PDL1_model_0.cif,0.912965,0.3572,0.8275,0.7821
nb_s286378_mpnn_1_PDL1,False,"A,B",7.865871527777778,83.88926493918562,53.15,4.23,3.3220000000000005,83.44116007483919,0.404962,0.2443,0.4721,0.3738,0.68,0.815,-137.76,0.0,0.7,0.0826,0.243,3.2663381944444447,97.13208333333334,17451.12,903.78,1.6657142857142857,97.59000073946439,0.807376,0.4436,0.9137,0.6843,0.9,0.91,12682.84,1.0,0.9895,0.9070148382177088,0.8735054174664849,22.044633865356445,49.16648864746094,69.73283,17.039375,0.5005138,0.8155466318130493,/scicore/home/schwede/barta0000/germinal_ds/templates_originals/nb_s286378_mpnn_1_PDL1/chai_no_constraints/seed_1798/pred.model_idx_1.cif,0.6988361477851868,/scicore/home/schwede/barta0000/germinal_ds/templates_originals/nb_s286378_mpnn_1_PDL1/chai_with_constraints/seed_1547/pred.model_idx_3.cif,0.8155466318130493,0.9034014344215393,0.7935829162597656,"[[0.9289945363998413, 0.9313141107559204]]","[[[0.9289945363998413, 0.7935829162597656], [0.7452419400215149, 0.9313141107559204]]]",0.7935829162597656,0.763346,0.1949,0.7102,0.6084,0.6988361477851868,0.8576664924621582,0.6591285467147827,"[[0.9262357950210571, 0.8885918855667114]]","[[[0.9262357950210571, 0.6591285467147827], [0.6292297840118408, 0.8885918855667114]]]",0.6591285467147827,0.590872,0.1654,0.287,0.5246,0.8726572394371033,0.835872232913971,0.7232003211975098,0.9100214838981628,0.8729461431503296,0.5132328271865845,3.0463738441467285,0.6677482724189758,/scicore/home/schwede/barta0000/germinal_ds/templates_originals/nb_s286378_mpnn_1_PDL1/boltz_free/output/boltz_results_nb_s286378_mpnn_1_PDL1/predictions/nb_s286378_mpnn_1_PDL1/nb_s286378_mpnn_1_PDL1_model_0.cif,0.33244,0.2463,0.231,0.3574,0.926325798034668,0.9150303602218628,0.8692491054534912,0.9405949711799622,0.9217644929885864,0.36933210492134094,1.899957537651062,0.8183498978614807,/scicore/home/schwede/barta0000/germinal_ds/templates_originals/nb_s286378_mpnn_1_PDL1/boltz_with_template/output/boltz_results_nb_s286378_mpnn_1_PDL1/predictions/nb_s286378_mpnn_1_PDL1/nb_s286378_mpnn_1_PDL1_model_0.cif,0.655762,0.3085,0.6348,0.6123
nb_s776407_mpnn_2_BHRF,False,"A,B",11.289191502700618,80.288671875,416.45,21.55,7.9270270270270276,66.55114919398254,0.080934,0.1074,0.0317,0.1171,0.34,0.8300000000000001,162.98,0.0,0.4,0.9715,0.581,6.117982494212963,91.42520833333333,13648.77,526.38,3.7752702702702705,82.73249901665582,0.340355,0.2223,0.2852,0.3076,0.58,0.78,13852.87,1.0,0.7415,0.12154856416027518,0.8609481664637689,17.300137656075613,48.152801513671875,72.13222,15.817087,0.54408354,0.624161958694458,/scicore/home/schwede/barta0000/germinal_ds/templates_originals/nb_s776407_mpnn_2_BHRF/chai_no_constraints/seed_5570/pred.model_idx_3.cif,0.5565956830978394,/scicore/home/schwede/barta0000/germinal_ds/templates_originals/nb_s776407_mpnn_2_BHRF/chai_with_constraints/seed_4877/pred.model_idx_4.cif,0.624161958694458,0.8198051452636719,0.5752511620521545,"[[0.8941378593444824, 0.9123449325561523]]","[[[0.8941378593444824, 0.5752511620521545], [0.5371918082237244, 0.9123449325561523]]]",0.5752511620521545,0.46029,0.2395,0.2401,0.3963,0.5565956830978394,0.8042879700660706,0.494672566652298,"[[0.8812370896339417, 0.9112438559532166]]","[[[0.8812370896339417, 0.48802661895751953], [0.494672566652298, 0.9112438559532166]]]",0.48802661895751953,0.3993,0.1798,0.1638,0.3678,0.8911592364311218,0.9049316048622131,0.8410603404045105,0.9036839604377747,0.8674757480621338,0.36673933267593384,1.0067684650421143,0.8290174007415771,/scicore/home/schwede/barta0000/germinal_ds/templates_originals/nb_s776407_mpnn_2_BHRF/boltz_free/output/boltz_results_nb_s776407_mpnn_2_BHRF/predictions/nb_s776407_mpnn_2_BHRF/nb_s776407_mpnn_2_BHRF_model_0.cif,0.713036,0.2664,0.5456,0.5502,0.8841291666030884,0.8342368602752686,0.6813100576400757,0.9348339438438416,0.8998326063156128,0.47978997230529785,2.692315101623535,0.6813100576400757,/scicore/home/schwede/barta0000/germinal_ds/templates_originals/nb_s776407_mpnn_2_BHRF/boltz_with_template/output/boltz_results_nb_s776407_mpnn_2_BHRF/predictions/nb_s776407_mpnn_2_BHRF/nb_s776407_mpnn_2_BHRF_model_0.cif,0.357724,0.2993,0.3238,0.3517
nb_s887286_mpnn_2_PDL1,False,"A,B",5.345296875000001,89.47941053729787,15.67,1.1,3.796551724137931,87.62115015435255,0.54619,0.2209,0.6356,0.4826,0.76,0.87,-164.35,0.0,0.77,0.9706,0.25,3.3991892361111113,96.49929166666668,17308.9,857.94,2.466071428571428,96.23607063293457,0.785155,0.3139,0.8635,0.6689,0.89,0.91,14746.88,1.0,0.5115,0.7774687676856392,0.8130591124050308,21.89939022064209,45.417057037353516,66.01232,16.977072,0.50476724,0.3210853338241577,/scicore/home/schwede/barta0000/germinal_ds/templates_originals/nb_s887286_mpnn_2_PDL1/chai_no_constraints/seed_187/pred.model_idx_2.cif,0.4980624318122864,/scicore/home/schwede/barta0000/germinal_ds/templates_originals/nb_s887286_mpnn_2_PDL1/chai_with_constraints/seed_4494/pred.model_idx_2.cif,0.3210853338241577,0.6383306384086609,0.24177400767803192,"[[0.8555032014846802, 0.8834753632545471]]","[[[0.8555032014846802, 0.2291969358921051], [0.24177400767803192, 0.8834753632545471]]]",0.2291969358921051,0.10447,0.0573,0.0153,0.0808,0.4980624318122864,0.7599226236343384,0.4325973391532898,"[[0.9257832765579224, 0.8848380446434021]]","[[[0.9257832765579224, 0.3995566964149475], [0.4325973391532898, 0.8848380446434021]]]",0.3995566964149475,0.296293,0.1305,0.0809,0.3106,0.8067445755004883,0.8353642821311951,0.6769730448722839,0.8391874432563782,0.7595882415771484,0.47748541831970215,2.9793405532836914,0.6672378182411194,/scicore/home/schwede/barta0000/germinal_ds/templates_originals/nb_s887286_mpnn_2_PDL1/boltz_free/output/boltz_results_nb_s887286_mpnn_2_PDL1/predictions/nb_s887286_mpnn_2_PDL1/nb_s887286_mpnn_2_PDL1_model_0.cif,0.286763,0.0916,0.1007,0.338,0.8166208267211914,0.7726499438285828,0.5830594301223755,0.8750112056732178,0.8132158517837524,0.6100023984909058,4.076329231262207,0.5726641416549683,/scicore/home/schwede/barta0000/germinal_ds/templates_originals/nb_s887286_mpnn_2_PDL1/boltz_with_template/output/boltz_results_nb_s887286_mpnn_2_PDL1/predictions/nb_s887286_mpnn_2_PDL1/nb_s887286_mpnn_2_PDL1_model_0.cif,0.236146,0.1422,0.1009,0.2541
nb_s916275_mpnn_1_PDL1,False,"A,B",5.111149305555554,89.0675613660619,7.36,0.43,2.62972972972973,90.14296305631697,0.733247,0.4699,0.7099,0.5563,0.84,0.86,-172.06,0.0,0.85,0.9825,0.31,3.370851215277778,96.29704166666667,17641.8,1188.19,1.6690540540540542,97.18605242277447,0.824607,0.5605,0.8858,0.6914,0.9,0.92,29040.39,1.0,0.988,0.8317757741153418,0.8646919467026983,,,67.23703,17.928726,0.473036,0.8157842755317688,/scicore/home/schwede/barta0000/germinal_ds/templates_originals/nb_s916275_mpnn_1_PDL1/chai_no_constraints/seed_4063/pred.model_idx_2.cif,0.7459295392036438,/scicore/home/schwede/barta0000/germinal_ds/templates_originals/nb_s916275_mpnn_1_PDL1/chai_with_constraints/seed_176/pred.model_idx_1.cif,0.8157842755317688,0.8885217308998108,0.7975999116897583,"[[0.9118868112564087, 0.8881304264068604]]","[[[0.9118868112564087, 0.7222523093223572], [0.7975999116897583, 0.8881304264068604]]]",0.7222523093223572,0.776712,0.3272,0.4681,0.595,0.7459295392036438,0.8529800176620483,0.7191668748855591,"[[0.9082680940628052, 0.8814222812652588]]","[[[0.9082680940628052, 0.6574385762214661], [0.7191668748855591, 0.8814222812652588]]]",0.6574385762214661,0.672703,0.312,0.3226,0.5689,0.8634340167045593,0.8888239860534668,0.8123722672462463,0.87619948387146,0.8203115463256836,0.4495134949684143,1.3338711261749268,0.8087751269340515,/scicore/home/schwede/barta0000/germinal_ds/templates_originals/nb_s916275_mpnn_1_PDL1/boltz_free/output/boltz_results_nb_s916275_mpnn_1_PDL1/predictions/nb_s916275_mpnn_1_PDL1/nb_s916275_mpnn_1_PDL1_model_0.cif,0.615978,0.3451,0.4009,0.5765,0.9050316214561462,0.8915713429450989,0.8658034801483154,0.9148385524749756,0.8820953965187073,0.38059017062187195,1.027388334274292,0.8259238004684448,/scicore/home/schwede/barta0000/germinal_ds/templates_originals/nb_s916275_mpnn_1_PDL1/boltz_with_template/output/boltz_results_nb_s916275_mpnn_1_PDL1/predictions/nb_s916275_mpnn_1_PDL1/nb_s916275_mpnn_1_PDL1_model_0.cif,0.728759,0.4801,0.6066,0.626
nb_s171911_mpnn_1_PDL1,False,"A,B",7.318715277777778,85.25435190005204,14.28,0.94,5.569642857142855,79.50708851077553,0.350236,0.1379,0.3555,0.2893,0.65,0.835,-168.43,0.0,0.66,0.017,0.219,3.5388315972222224,96.67529166666667,695.83,51.48,2.0348275862068963,95.92535727364677,0.721591,0.3231,0.8429,0.6339,0.86,0.89,527.5,1.0,,0.35983408735412065,0.8520327830754272,21.446312189102173,49.808773040771484,66.08985,17.040806,0.49799785,0.6861449480056763,/scicore/home/schwede/barta0000/germinal_ds/templates_originals/nb_s171911_mpnn_1_PDL1/chai_no_constraints/seed_1470/pred.model_idx_1.cif,0.7137009501457214,/scicore/home/schwede/barta0000/germinal_ds/templates_originals/nb_s171911_mpnn_1_PDL1/chai_with_constraints/seed_1694/pred.model_idx_1.cif,0.6861449480056763,0.8371804356575012,0.6483860015869141,"[[0.9119271039962769, 0.9266563057899475]]","[[[0.9119271039962769, 0.6198567748069763], [0.6483860015869141, 0.9266563057899475]]]",0.6198567748069763,0.550592,0.1073,0.4761,0.5258,0.7137009501457214,0.851911187171936,0.6791483163833618,"[[0.9126945734024048, 0.9278823137283325]]","[[[0.9126945734024048, 0.649019181728363], [0.6791483163833618, 0.9278823137283325]]]",0.649019181728363,0.605481,0.1375,0.5633,0.5583,0.8164427876472473,0.8339186906814575,0.6863071322441101,0.848976731300354,0.7661471962928772,0.4389761686325073,2.5375313758850098,0.6762868165969849,/scicore/home/schwede/barta0000/germinal_ds/templates_originals/nb_s171911_mpnn_1_PDL1/boltz_free/output/boltz_results_nb_s171911_mpnn_1_PDL1/predictions/nb_s171911_mpnn_1_PDL1/nb_s171911_mpnn_1_PDL1_model_0.cif,0.327487,0.0832,0.1301,0.3862,0.8479739427566528,0.8419767022132874,0.7255260348320007,0.878585934638977,0.8154362440109253,0.4563657343387604,2.3095695972442627,0.7070261836051941,/scicore/home/schwede/barta0000/germinal_ds/templates_originals/nb_s171911_mpnn_1_PDL1/boltz_with_template/output/boltz_results_nb_s171911_mpnn_1_PDL1/predictions/nb_s171911_mpnn_1_PDL1/nb_s171911_mpnn_1_PDL1_model_0.cif,0.416201,0.116,0.2679,0.4576
nb_s251319_mpnn_2_PDL1,False,"A,B",8.478987847222221,83.52286245353159,60.45,3.62,8.806944444444447,74.7160373633467,0.221247,0.182,0.1088,0.2062,0.6,0.825,-133.1,0.0,0.62,0.0394,0.308,3.937741319444444,95.09270833333333,18336.49,993.99,3.3031944444444443,92.83823551851161,0.6747,0.4392,0.7488,0.5992,0.83,0.87,35277.3,1.0,0.0328,0.37272565011736564,0.8217930517287988,20.782255172729492,46.40367889404297,65.32015,17.783518,0.4738394,0.2701236307621002,/scicore/home/schwede/barta0000/germinal_ds/templates_originals/nb_s251319_mpnn_2_PDL1/chai_no_constraints/seed_2205/pred.model_idx_4.cif,0.7304103970527649,/scicore/home/schwede/barta0000/germinal_ds/templates_originals/nb_s251319_mpnn_2_PDL1/chai_with_constraints/seed_1064/pred.model_idx_2.cif,0.2701236307621002,0.6161277294158936,0.1836225837469101,"[[0.8841075897216797, 0.8798509836196899]]","[[[0.8841075897216797, 0.17583739757537842], [0.1836225837469101, 0.8798509836196899]]]",0.17583739757537842,0.024555,0.0771,0.0121,0.0131,0.7304103970527649,0.8585643768310547,0.6983718872070312,"[[0.8898868560791016, 0.883564829826355]]","[[[0.8898868560791016, 0.6867455244064331], [0.6983718872070312, 0.883564829826355]]]",0.6867455244064331,0.498918,0.3454,0.2656,0.4485,0.8497470021247864,0.9131069779396057,0.8618412017822266,0.8467234373092651,0.7964300513267517,0.382103830575943,1.3447121381759644,0.8618412017822266,/scicore/home/schwede/barta0000/germinal_ds/templates_originals/nb_s251319_mpnn_2_PDL1/boltz_free/output/boltz_results_nb_s251319_mpnn_2_PDL1/predictions/nb_s251319_mpnn_2_PDL1/nb_s251319_mpnn_2_PDL1_model_0.cif,0.699808,0.1763,0.3842,0.5974,0.8533503413200378,0.8671901226043701,0.7819153666496277,0.8712091445922852,0.83721923828125,0.5531308054924011,3.273643970489502,0.7819153666496277,/scicore/home/schwede/barta0000/germinal_ds/templates_originals/nb_s251319_mpnn_2_PDL1/boltz_with_template/output/boltz_results_nb_s251319_mpnn_2_PDL1/predictions/nb_s251319_mpnn_2_PDL1/nb_s251319_mpnn_2_PDL1_model_0.cif,0.452331,0.2836,0.2592,0.4637
nb_s417721_mpnn_3_BHRF,False,"A,B",5.8631727430555545,87.85870175438598,72.19,3.85,3.3,87.57072867008208,0.676557,0.4574,0.6429,0.5314,0.82,0.87,-120.64,0.0,0.83,0.9956,0.23,3.8537332417052474,94.7435763888889,26865.1,996.44,1.9506097560975613,96.1515373816857,0.826035,0.5756,0.8657,0.6458,0.9,0.92,24798.39,1.0,0.9947,0.8264246141587384,0.8489030174608599,17.1005950655256,47.610679626464844,73.82754,15.982,0.52114904,0.8701220154762268,/scicore/home/schwede/barta0000/germinal_ds/templates_originals/nb_s417721_mpnn_3_BHRF/chai_no_constraints/seed_257/pred.model_idx_3.cif,0.871213436126709,/scicore/home/schwede/barta0000/germinal_ds/templates_originals/nb_s417721_mpnn_3_BHRF/chai_with_constraints/seed_1081/pred.model_idx_4.cif,0.8701220154762268,0.9340313673019409,0.8541446924209595,"[[0.9240440130233765, 0.9361382722854614]]","[[[0.9240440130233765, 0.8541446924209595], [0.8330920338630676, 0.9361382722854614]]]",0.8541446924209595,0.844044,0.4467,0.7695,0.607,0.871213436126709,0.9352515339851379,0.8552038669586182,"[[0.9250538349151611, 0.9364055395126343]]","[[[0.9250538349151611, 0.8552038669586182], [0.8373087644577026, 0.9364055395126343]]]",0.8552038669586182,0.843996,0.4804,0.7766,0.6108,0.9171016812324524,0.9284104108810425,0.8810708522796631,0.9261094331741333,0.8853021264076233,0.38362589478492737,1.0549482107162476,0.8810708522796631,/scicore/home/schwede/barta0000/germinal_ds/templates_originals/nb_s417721_mpnn_3_BHRF/boltz_free/output/boltz_results_nb_s417721_mpnn_3_BHRF/predictions/nb_s417721_mpnn_3_BHRF/nb_s417721_mpnn_3_BHRF_model_0.cif,0.761571,0.4513,0.5955,0.6221,0.9299729466438293,0.9297097325325012,0.8894635438919067,0.9401002526283264,0.9144501686096191,0.4122250974178314,1.1999469995498657,0.883820116519928,/scicore/home/schwede/barta0000/germinal_ds/templates_originals/nb_s417721_mpnn_3_BHRF/boltz_with_template/output/boltz_results_nb_s417721_mpnn_3_BHRF/predictions/nb_s417721_mpnn_3_BHRF/nb_s417721_mpnn_3_BHRF_model_0.cif,0.808234,0.4818,0.682,0.6222
nb_s878765_mpnn_2_PDL1,False,"A,B",6.721564236111112,87.15416578669482,1.57,0.12,3.0548387096774205,87.05642441486624,0.553262,0.3576,0.6351,0.4804,0.75,0.835,-171.63,0.0,0.76,0.8812,0.297,3.3624237847222225,96.69904166666667,237.82,17.08,1.8518333333333332,97.40428597586495,0.77053,0.4948,0.9044,0.681,0.88,0.91,116.46,1.0,0.0851,0.8006868409863473,0.8856932735259755,19.632590293884277,57.5712890625,69.70954,17.207565,0.50530636,0.742388129234314,/scicore/home/schwede/barta0000/germinal_ds/templates_originals/nb_s878765_mpnn_2_PDL1/chai_no_constraints/seed_1218/pred.model_idx_3.cif,0.7914338111877441,/scicore/home/schwede/barta0000/germinal_ds/templates_originals/nb_s878765_mpnn_2_PDL1/chai_with_constraints/seed_1570/pred.model_idx_0.cif,0.742388129234314,0.8710971474647522,0.7102108597755432,"[[0.9315860867500305, 0.9183812737464905]]","[[[0.9315860867500305, 0.6908259391784668], [0.7102108597755432, 0.9183812737464905]]]",0.6908259391784668,0.615113,0.2379,0.5287,0.5585,0.7914338111877441,0.8934764266014099,0.7659231424331665,"[[0.9308240413665771, 0.9311041831970215]]","[[[0.9308240413665771, 0.7373812794685364], [0.7659231424331665, 0.9311041831970215]]]",0.7373812794685364,0.730622,0.3319,0.6552,0.6283,0.8164401054382324,0.8678543567657471,0.7509729266166687,0.8328069448471069,0.746594250202179,0.4723757803440094,2.503816604614258,0.7390198707580566,/scicore/home/schwede/barta0000/germinal_ds/templates_originals/nb_s878765_mpnn_2_PDL1/boltz_free/output/boltz_results_nb_s878765_mpnn_2_PDL1/predictions/nb_s878765_mpnn_2_PDL1/nb_s878765_mpnn_2_PDL1_model_0.cif,0.422001,0.1106,0.1411,0.4465,0.9165765643119812,0.9052703976631165,0.8328080177307129,0.9375187158584595,0.9084848761558533,0.3767385184764862,1.1919286251068115,0.812351644039154,/scicore/home/schwede/barta0000/germinal_ds/templates_originals/nb_s878765_mpnn_2_PDL1/boltz_with_template/output/boltz_results_nb_s878765_mpnn_2_PDL1/predictions/nb_s878765_mpnn_2_PDL1/nb_s878765_mpnn_2_PDL1_model_0.cif,0.681078,0.3741,0.6566,0.6397
nb_s166775_mpnn_1_PDL1,False,"A,B",6.6046024305555555,86.1439610731194,-2.65,-0.19,4.036363636363637,83.76703205571488,0.456332,0.3232,0.4978,0.4187,0.74,0.84,-180.89,0.0,0.75,0.9878,0.23,3.0852027777777775,97.38533333333335,263.73,19.52,1.7289393939393938,97.70266596476237,0.792,0.4784,0.9178,0.6971,0.89,0.91,201.98,1.0,0.0329,0.8470437039686641,0.8867144295467431,20.79500373204549,48.068756103515625,66.30456,16.812365,0.5021746,0.7557279467582703,/scicore/home/schwede/barta0000/germinal_ds/templates_originals/nb_s166775_mpnn_1_PDL1/chai_no_constraints/seed_2359/pred.model_idx_3.cif,0.7696317434310913,/scicore/home/schwede/barta0000/germinal_ds/templates_originals/nb_s166775_mpnn_1_PDL1/chai_with_constraints/seed_1185/pred.model_idx_2.cif,0.7557279467582703,0.8706129193305969,0.7270066738128662,"[[0.9296830296516418, 0.894033670425415]]","[[[0.9296830296516418, 0.7123684287071228], [0.7270066738128662, 0.894033670425415]]]",0.7123684287071228,0.673446,0.2608,0.4486,0.5838,0.7696317434310913,0.8745871186256409,0.743392825126648,"[[0.9310666918754578, 0.8841062188148499]]","[[[0.9310666918754578, 0.7186384201049805], [0.743392825126648, 0.8841062188148499]]]",0.7186384201049805,0.700488,0.2402,0.2316,0.5949,0.9436172842979431,0.9270685315132141,0.8885141611099243,0.9573929905891418,0.9532427191734314,0.3450160026550293,0.7857351303100586,0.8744253516197205,/scicore/home/schwede/barta0000/germinal_ds/templates_originals/nb_s166775_mpnn_1_PDL1/boltz_free/output/boltz_results_nb_s166775_mpnn_1_PDL1/predictions/nb_s166775_mpnn_1_PDL1/nb_s166775_mpnn_1_PDL1_model_0.cif,0.786659,0.3947,0.846,0.6786,0.9505617022514343,0.9431205987930298,0.9308990240097046,0.9554774165153503,0.948201060295105,0.29469457268714905,0.4470498561859131,0.9082384705543518,/scicore/home/schwede/barta0000/germinal_ds/templates_originals/nb_s166775_mpnn_1_PDL1/boltz_with_template/output/boltz_results_nb_s166775_mpnn_1_PDL1/predictions/nb_s166775_mpnn_1_PDL1/nb_s166775_mpnn_1_PDL1_model_0.cif,0.87543,0.4009,0.8646,0.7501
nb_s618542_mpnn_2_PDL1,False,"A,B",5.954980902777778,87.59079915878024,-10.63,-0.56,2.0948717948717945,88.2598922924321,0.724499,0.415,0.6618,0.5287,0.84,0.8300000000000001,-165.64,0.0,0.84,0.9951,0.229,3.0325232638888893,97.00320833333333,588.63,35.3,1.4488157894736844,97.15384615384616,0.849395,0.538,0.9041,0.724,0.92,0.93,1144.75,1.0,0.9897,0.8576287550306283,0.9202165020924422,23.144155979156494,50.755035400390625,68.68347,17.215069,0.4923011,0.47954869270324707,/scicore/home/schwede/barta0000/germinal_ds/templates_originals/nb_s618542_mpnn_2_PDL1/chai_no_constraints/seed_4285/pred.model_idx_3.cif,0.837444543838501,/scicore/home/schwede/barta0000/germinal_ds/templates_originals/nb_s618542_mpnn_2_PDL1/chai_with_constraints/seed_160/pred.model_idx_1.cif,0.47954869270324707,0.7404736280441284,0.41431745886802673,"[[0.9064810276031494, 0.8794232606887817]]","[[[0.9064810276031494, 0.3813405930995941], [0.41431745886802673, 0.8794232606887817]]]",0.3813405930995941,0.220358,0.1677,0.0533,0.2401,0.837444543838501,0.9111173748970032,0.8190262913703918,"[[0.9230504631996155, 0.9265754222869873]]","[[[0.9230504631996155, 0.8078080415725708], [0.8190262913703918, 0.9265754222869873]]]",0.8078080415725708,0.794585,0.4249,0.6886,0.6399,0.834610641002655,0.8831101059913635,0.7957699298858643,0.8443208336830139,0.7663310766220093,0.4290578067302704,2.0546538829803467,0.7878690958023071,/scicore/home/schwede/barta0000/germinal_ds/templates_originals/nb_s618542_mpnn_2_PDL1/boltz_free/output/boltz_results_nb_s618542_mpnn_2_PDL1/predictions/nb_s618542_mpnn_2_PDL1/nb_s618542_mpnn_2_PDL1_model_0.cif,0.489888,0.1371,0.2125,0.5178,0.901885449886322,0.9103537201881409,0.8600600957870483,0.9123417139053345,0.8810510635375977,0.3829287588596344,1.1377904415130615,0.8565517067909241,/scicore/home/schwede/barta0000/germinal_ds/templates_originals/nb_s618542_mpnn_2_PDL1/boltz_with_template/output/boltz_results_nb_s618542_mpnn_2_PDL1/predictions/nb_s618542_mpnn_2_PDL1/nb_s618542_mpnn_2_PDL1_model_0.cif,0.742793,0.3063,0.5866,0.6496
nb_s563170_mpnn_3_IL20,False,"A,B",4.530017857142857,89.18361531611754,15.85,0.67,5.232222222222221,85.29111925992883,0.66895,0.2744,0.6322,0.5746,0.83,0.895,-101.63,0.0,0.84,0.0457,0.212,3.4121335459183677,96.19367857142858,11492.96,539.31,2.159090909090909,97.22809510003952,0.796553,0.4558,0.9,0.6751,0.89,0.91,23354.63,1.0,0.535,0.8174762570975843,0.8563955555293005,14.91020563670567,68.14481353759766,74.59404,14.156928,0.56282675,0.49237680435180664,/scicore/home/schwede/barta0000/germinal_ds/templates_originals/nb_s563170_mpnn_3_IL20/chai_no_constraints/seed_3309/pred.model_idx_2.cif,0.4306853413581848,/scicore/home/schwede/barta0000/germinal_ds/templates_originals/nb_s563170_mpnn_3_IL20/chai_with_constraints/seed_1381/pred.model_idx_0.cif,0.49237680435180664,0.7409502267837524,0.4302334189414978,"[[0.9006624221801758, 0.8902478814125061]]","[[[0.9006624221801758, 0.4302334189414978], [0.3971700370311737, 0.8902478814125061]]]",0.4302334189414978,0.304216,0.0994,0.0837,0.2764,0.4306853413581848,0.6830348372459412,0.36759793758392334,"[[0.8927923440933228, 0.8758866786956787]]","[[[0.8927923440933228, 0.36759793758392334], [0.3152696490287781, 0.8758866786956787]]]",0.36759793758392334,0.203446,0.0983,0.0387,0.1642,0.6260572671890259,0.7507123947143555,0.5682281851768494,0.6405144929885864,0.5505158305168152,0.975894033908844,4.604661464691162,0.5682281851768494,/scicore/home/schwede/barta0000/germinal_ds/templates_originals/nb_s563170_mpnn_3_IL20/boltz_free/output/boltz_results_nb_s563170_mpnn_3_IL20/predictions/nb_s563170_mpnn_3_IL20/nb_s563170_mpnn_3_IL20_model_0.cif,0.215774,0.0326,0.0242,0.1561,0.8191356658935547,0.7980241179466248,0.6564642786979675,0.8598035573959351,0.7951112389564514,0.6985305547714233,3.02168869972229,0.6486688852310181,/scicore/home/schwede/barta0000/germinal_ds/templates_originals/nb_s563170_mpnn_3_IL20/boltz_with_template/output/boltz_results_nb_s563170_mpnn_3_IL20/predictions/nb_s563170_mpnn_3_IL20/nb_s563170_mpnn_3_IL20_model_0.cif,0.384958,0.1584,0.1688,0.3479
nb_s830050_mpnn_4_BHRF,False,"A,B",5.738032889660494,88.35104074402126,181.98,8.34,4.017777777777777,86.658954415485,0.741333,0.439,0.6585,0.518,0.84,0.87,-99.18,0.0,0.84,0.0082,0.204,3.9803432436342603,94.91572916666668,131.25,6.65,2.688695652173913,95.11382991709608,0.79836,0.5306,0.8412,0.6029,0.88,0.9,41.59,1.0,0.9886,0.9216899367399536,0.8890964420730226,13.13262770392678,58.35710906982422,75.04353,13.724379,0.58495104,0.8548634052276611,/scicore/home/schwede/barta0000/germinal_ds/templates_originals/nb_s830050_mpnn_4_BHRF/chai_no_constraints/seed_4717/pred.model_idx_2.cif,0.8559387922286987,/scicore/home/schwede/barta0000/germinal_ds/templates_originals/nb_s830050_mpnn_4_BHRF/chai_with_constraints/seed_6107/pred.model_idx_3.cif,0.8548634052276611,0.9154956340789795,0.8397052884101868,"[[0.9177271127700806, 0.9363890886306763]]","[[[0.9177271127700806, 0.8397052884101868], [0.7721601128578186, 0.9363890886306763]]]",0.8397052884101868,0.826231,0.461,0.7313,0.5702,0.8559387922286987,0.9156860113143921,0.8410019874572754,"[[0.917850136756897, 0.9369301199913025]]","[[[0.917850136756897, 0.8410019874572754], [0.7720801830291748, 0.9369301199913025]]]",0.8410019874572754,0.828451,0.4778,0.733,0.5705,0.9457151293754578,0.9347975254058838,0.9348277449607849,0.948436975479126,0.9384132027626038,0.3225646913051605,0.5920889377593994,0.8842595815658569,/scicore/home/schwede/barta0000/germinal_ds/templates_originals/nb_s830050_mpnn_4_BHRF/boltz_free/output/boltz_results_nb_s830050_mpnn_4_BHRF/predictions/nb_s830050_mpnn_4_BHRF/nb_s830050_mpnn_4_BHRF_model_0.cif,0.904703,0.4973,0.8323,0.6706,0.9426407814025879,0.9229251146316528,0.9288628697395325,0.9460852146148682,0.9371768832206726,0.3823702037334442,1.0180776119232178,0.8640024065971375,/scicore/home/schwede/barta0000/germinal_ds/templates_originals/nb_s830050_mpnn_4_BHRF/boltz_with_template/output/boltz_results_nb_s830050_mpnn_4_BHRF/predictions/nb_s830050_mpnn_4_BHRF/nb_s830050_mpnn_4_BHRF_model_0.cif,0.880209,0.5138,0.7776,0.6215
nb_s1683_mpnn_1_PDL1,False,"A,B",6.031536458333333,89.23186083289404,3.97,0.3,4.605555555555555,86.90724971118942,0.499017,0.1305,0.5736,0.4042,0.77,0.855,-143.58,0.0,0.77,0.0367,0.528,3.4663480902777777,96.95508333333333,9104.9,583.22,2.6325862068965518,96.72928564889091,0.773576,0.2657,0.8839,0.6607,0.88,0.9,18050.79,1.0,0.0178,0.7508420468367746,0.8613326227258775,,,66.44254,18.215023,0.4719996,0.328082799911499,/scicore/home/schwede/barta0000/germinal_ds/templates_originals/nb_s1683_mpnn_1_PDL1/chai_no_constraints/seed_4272/pred.model_idx_2.cif,0.6902338266372681,/scicore/home/schwede/barta0000/germinal_ds/templates_originals/nb_s1683_mpnn_1_PDL1/chai_with_constraints/seed_2006/pred.model_idx_2.cif,0.328082799911499,0.6467270255088806,0.24842175841331482,"[[0.8608059883117676, 0.8867152333259583]]","[[[0.8608059883117676, 0.23611968755722046], [0.24842175841331482, 0.8867152333259583]]]",0.23611968755722046,0.113102,0.0518,0.0171,0.0934,0.6902338266372681,0.8297674059867859,0.655350387096405,"[[0.8967317342758179, 0.906377911567688]]","[[[0.8967317342758179, 0.655350387096405], [0.5841920375823975, 0.906377911567688]]]",0.655350387096405,0.574826,0.1113,0.2449,0.4908,0.7836619019508362,0.758253276348114,0.5460063815116882,0.8430757522583008,0.7579345703125,0.5581477284431458,4.1706647872924805,0.4981205463409424,/scicore/home/schwede/barta0000/germinal_ds/templates_originals/nb_s1683_mpnn_1_PDL1/boltz_free/output/boltz_results_nb_s1683_mpnn_1_PDL1/predictions/nb_s1683_mpnn_1_PDL1/nb_s1683_mpnn_1_PDL1_model_0.cif,0.145382,0.0786,0.0437,0.1601,0.882504403591156,0.8840331435203552,0.811863124370575,0.9001646637916565,0.8524516224861145,0.3437912166118622,1.2984977960586548,0.7613589763641357,/scicore/home/schwede/barta0000/germinal_ds/templates_originals/nb_s1683_mpnn_1_PDL1/boltz_with_template/output/boltz_results_nb_s1683_mpnn_1_PDL1/predictions/nb_s1683_mpnn_1_PDL1/nb_s1683_mpnn_1_PDL1_model_0.cif,0.621638,0.1856,0.4672,0.5972
nb_s7171_mpnn_3_PDL1,False,"A,B",5.700569444444445,89.3015113217483,-0.66,-0.05,2.2948275862068965,91.39372308565024,0.664522,0.2511,0.8185,0.5432,0.83,0.855,-164.85,0.0,0.84,0.9933,0.281,3.1989376736111104,96.94441666666668,18376.57,1031.09,1.717142857142857,97.78199946085611,0.804871,0.3314,0.9278,0.7013,0.9,0.92,22647.87,1.0,0.9912,0.8440242725143761,0.876917629172421,19.8700532913208,51.87904357910156,66.71548,17.652416,0.49133196,0.40370795130729675,/scicore/home/schwede/barta0000/germinal_ds/templates_originals/nb_s7171_mpnn_3_PDL1/chai_no_constraints/seed_3179/pred.model_idx_2.cif,0.3740176558494568,/scicore/home/schwede/barta0000/germinal_ds/templates_originals/nb_s7171_mpnn_3_PDL1/chai_with_constraints/seed_5363/pred.model_idx_0.cif,0.40370795130729675,0.7217925786972046,0.324186772108078,"[[0.9201802611351013, 0.8838571906089783]]","[[[0.9201802611351013, 0.324186772108078], [0.3177293539047241, 0.8838571906089783]]]",0.324186772108078,0.184105,0.0851,0.0381,0.166,0.3740176558494568,0.6839039921760559,0.2965460419654846,"[[0.9218787550926208, 0.8652773499488831]]","[[[0.9218787550926208, 0.259295254945755], [0.2965460419654846, 0.8652773499488831]]]",0.259295254945755,0.119523,0.0835,0.0536,0.125,0.8034079670906067,0.8282802700996399,0.68171226978302,0.8338319063186646,0.8018088936805725,0.4948972761631012,3.551997661590576,0.68171226978302,/scicore/home/schwede/barta0000/germinal_ds/templates_originals/nb_s7171_mpnn_3_PDL1/boltz_free/output/boltz_results_nb_s7171_mpnn_3_PDL1/predictions/nb_s7171_mpnn_3_PDL1/nb_s7171_mpnn_3_PDL1_model_0.cif,0.267874,0.1134,0.1234,0.3015,0.8065335154533386,0.7655313611030579,0.5545361042022705,0.8695328831672668,0.8358895778656006,0.5849544405937195,8.285890579223633,0.5424414277076721,/scicore/home/schwede/barta0000/germinal_ds/templates_originals/nb_s7171_mpnn_3_PDL1/boltz_with_template/output/boltz_results_nb_s7171_mpnn_3_PDL1/predictions/nb_s7171_mpnn_3_PDL1/nb_s7171_mpnn_3_PDL1_model_0.cif,0.114709,0.1366,0.0465,0.0833
nb_s556135_mpnn_1_IL3,False,"A,B",4.983268799999999,89.69206405693949,32.31,1.69,3.4587500000000007,86.08182518987944,0.679875,0.3814,0.639,0.5704,0.81,0.875,-108.45,0.0,0.82,0.9932,0.197,3.3257092800000003,96.5804,10421.55,544.34,2.105,96.04789272107575,0.78351,0.4844,0.8776,0.6716,0.88,0.91,4618.94,1.0,0.9905,0.8697438405127313,0.9035040686625875,25.712836583455402,58.21684646606445,53.624714,21.067112,0.46726292,0.22955621778964996,/scicore/home/schwede/barta0000/germinal_ds/templates_originals/nb_s556135_mpnn_1_IL3/chai_no_constraints/seed_3191/pred.model_idx_3.cif,0.3529755771160126,/scicore/home/schwede/barta0000/germinal_ds/templates_originals/nb_s556135_mpnn_1_IL3/chai_with_constraints/seed_2247/pred.model_idx_0.cif,0.22955621778964996,0.5813325643539429,0.14161212742328644,"[[0.9114099144935608, 0.3088812232017517]]","[[[0.9114099144935608, 0.14161212742328644], [0.1397337019443512, 0.3088812232017517]]]",0.14161212742328644,0.005552,0.0466,0.0098,0.0,0.3529755771160126,0.6720957159996033,0.2731955349445343,"[[0.9284034371376038, 0.3647526204586029]]","[[[0.9284034371376038, 0.2715758681297302], [0.2731955349445343, 0.3647526204586029]]]",0.2715758681297302,0.1455,0.0854,0.0342,0.1748,0.8422667384147644,0.8779777884483337,0.7971041798591614,0.8535573482513428,0.7636111378669739,0.38196367025375366,1.482382893562317,0.7888453006744385,/scicore/home/schwede/barta0000/germinal_ds/templates_originals/nb_s556135_mpnn_1_IL3/boltz_free/output/boltz_results_nb_s556135_mpnn_1_IL3/predictions/nb_s556135_mpnn_1_IL3/nb_s556135_mpnn_1_IL3_model_0.cif,0.535027,0.1478,0.233,0.5165,0.812481701374054,0.8079463839530945,0.6746343970298767,0.8469434976577759,0.7424437403678894,0.5697053074836731,3.887103319168091,0.6746343970298767,/scicore/home/schwede/barta0000/germinal_ds/templates_originals/nb_s556135_mpnn_1_IL3/boltz_with_template/output/boltz_results_nb_s556135_mpnn_1_IL3/predictions/nb_s556135_mpnn_1_IL3/nb_s556135_mpnn_1_IL3_model_0.cif,0.280518,0.1327,0.0662,0.2991
nb_s202316_mpnn_3_PDL1,False,"A,B",8.257180555555555,83.61437001594896,71.42,5.02,3.3196969696969703,80.61489325907678,0.291323,0.1946,0.23,0.2522,0.65,0.8200000000000001,-100.73,0.0,0.67,0.9962,0.265,3.2103300347222223,96.99174999999998,15486.43,865.39,1.7645454545454546,97.33666668516217,0.822363,0.3869,0.8974,0.6928,0.91,0.92,15813.78,1.0,0.992,0.8997059305073445,0.8538653315848668,20.556736946105957,62.111717224121094,69.189545,17.500809,0.49171948,0.7614635229110718,/scicore/home/schwede/barta0000/germinal_ds/templates_originals/nb_s202316_mpnn_3_PDL1/chai_no_constraints/seed_2727/pred.model_idx_4.cif,0.8158020377159119,/scicore/home/schwede/barta0000/germinal_ds/templates_originals/nb_s202316_mpnn_3_PDL1/chai_with_constraints/seed_213/pred.model_idx_2.cif,0.7614635229110718,0.8817298412322998,0.7313968539237976,"[[0.9312999248504639, 0.8924171328544617]]","[[[0.9312999248504639, 0.7196093201637268], [0.7313968539237976, 0.8924171328544617]]]",0.7196093201637268,0.660285,0.1766,0.4076,0.5815,0.8158020377159119,0.906461238861084,0.79313725233078,"[[0.9327189922332764, 0.9265768527984619]]","[[[0.9327189922332764, 0.79313725233078], [0.7811933755874634, 0.9265768527984619]]]",0.79313725233078,0.762272,0.2368,0.6815,0.6263,0.8133344650268555,0.8457373976707458,0.7253975868225098,0.8353186249732971,0.7537359595298767,0.4927363991737366,2.640455961227417,0.7004431486129761,/scicore/home/schwede/barta0000/germinal_ds/templates_originals/nb_s202316_mpnn_3_PDL1/boltz_free/output/boltz_results_nb_s202316_mpnn_3_PDL1/predictions/nb_s202316_mpnn_3_PDL1/nb_s202316_mpnn_3_PDL1_model_0.cif,0.368346,0.0703,0.123,0.3995,0.9161112904548645,0.8774417042732239,0.8635755777359009,0.9292451739311218,0.9021399617195129,0.379550039768219,1.3972358703613281,0.7858473658561707,/scicore/home/schwede/barta0000/germinal_ds/templates_originals/nb_s202316_mpnn_3_PDL1/boltz_with_template/output/boltz_results_nb_s202316_mpnn_3_PDL1/predictions/nb_s202316_mpnn_3_PDL1/nb_s202316_mpnn_3_PDL1_model_0.cif,0.6935,0.2566,0.6071,0.5858
nb_s817878_mpnn_1_PDL1,False,"A,B",5.689916666666666,88.95286392405063,-1.62,-0.14,2.4272727272727277,88.64241699282604,0.550212,0.2486,0.6993,0.4774,0.79,0.86,-175.47,0.0,0.79,0.0386,0.319,3.5846611111111106,96.50645833333333,135.58,12.26,1.8369565217391304,96.19000152587891,0.741528,0.3241,0.8804,0.6431,0.87,0.89,258.66,1.0,0.1982,0.7850974325246164,0.87800493622492,22.519909858703613,53.42912292480469,66.306114,17.72034,0.48102233,0.7772910594940186,/scicore/home/schwede/barta0000/germinal_ds/templates_originals/nb_s817878_mpnn_1_PDL1/chai_no_constraints/seed_3571/pred.model_idx_3.cif,0.6702325344085693,/scicore/home/schwede/barta0000/germinal_ds/templates_originals/nb_s817878_mpnn_1_PDL1/chai_with_constraints/seed_1018/pred.model_idx_3.cif,0.7772910594940186,0.8737661838531494,0.7531722784042358,"[[0.9262518882751465, 0.9285718202590942]]","[[[0.9262518882751465, 0.7531722784042358], [0.7094934582710266, 0.9285718202590942]]]",0.7531722784042358,0.719141,0.1393,0.6578,0.5971,0.6702325344085693,0.8503636717796326,0.6251997351646423,"[[0.9306478500366211, 0.881075918674469]]","[[[0.9306478500366211, 0.6014588475227356], [0.6251997351646423, 0.881075918674469]]]",0.6014588475227356,0.548621,0.1063,0.2675,0.5304,0.7975192666053772,0.7754908800125122,0.6092774271965027,0.8445796966552734,0.7472918033599854,0.5689265727996826,3.5706965923309326,0.5282672047615051,/scicore/home/schwede/barta0000/germinal_ds/templates_originals/nb_s817878_mpnn_1_PDL1/boltz_free/output/boltz_results_nb_s817878_mpnn_1_PDL1/predictions/nb_s817878_mpnn_1_PDL1/nb_s817878_mpnn_1_PDL1_model_0.cif,0.212465,0.1044,0.065,0.213,0.8307585120201111,0.7975939512252808,0.6088497042655945,0.8862356543540955,0.8205236196517944,0.6753815412521362,5.012516498565674,0.5998244285583496,/scicore/home/schwede/barta0000/germinal_ds/templates_originals/nb_s817878_mpnn_1_PDL1/boltz_with_template/output/boltz_results_nb_s817878_mpnn_1_PDL1/predictions/nb_s817878_mpnn_1_PDL1/nb_s817878_mpnn_1_PDL1_model_0.cif,0.217763,0.2088,0.0848,0.2374
nb_s566504_mpnn_5_IL20,False,"A,B",4.615875000000001,89.46712545126354,26.64,1.3,3.380952380952381,88.19155126316544,0.676974,0.3655,0.7053,0.5765,0.82,0.89,-53.05,0.0,0.83,0.9938,0.185,3.3770385204081634,96.31167857142859,15224.93,845.75,2.25625,96.86372073861055,0.831505,0.4586,0.8876,0.6745,0.9,0.92,18323.0,1.0,0.976,0.8517865377475051,0.8445066133259024,12.958455649289219,67.25083923339844,75.78652,13.867007,0.56152683,0.7302667498588562,/scicore/home/schwede/barta0000/germinal_ds/templates_originals/nb_s566504_mpnn_5_IL20/chai_no_constraints/seed_3311/pred.model_idx_4.cif,0.713375449180603,/scicore/home/schwede/barta0000/germinal_ds/templates_originals/nb_s566504_mpnn_5_IL20/chai_with_constraints/seed_2008/pred.model_idx_1.cif,0.7302667498588562,0.8657574653625488,0.6963940858840942,"[[0.9186872243881226, 0.9095838665962219]]","[[[0.9186872243881226, 0.6963940858840942], [0.6606482863426208, 0.9095838665962219]]]",0.6963940858840942,0.648212,0.2868,0.589,0.5265,0.713375449180603,0.8419339656829834,0.6812357902526855,"[[0.9176282286643982, 0.9122815728187561]]","[[[0.9176282286643982, 0.6812357902526855], [0.6159497499465942, 0.9122815728187561]]]",0.6812357902526855,0.556864,0.2599,0.3885,0.4658,0.5864436030387878,0.5978715419769287,0.30505967140197754,0.6567895412445068,0.6013058423995972,1.3243564367294312,7.728490352630615,0.30505967140197754,/scicore/home/schwede/barta0000/germinal_ds/templates_originals/nb_s566504_mpnn_5_IL20/boltz_free/output/boltz_results_nb_s566504_mpnn_5_IL20/predictions/nb_s566504_mpnn_5_IL20/nb_s566504_mpnn_5_IL20_model_0.cif,0.036841,0.0327,0.0137,0.0438,0.7626308798789978,0.7471699118614197,0.5636991858482361,0.8123637437820435,0.761403501033783,0.6708035469055176,4.2137227058410645,0.553811252117157,/scicore/home/schwede/barta0000/germinal_ds/templates_originals/nb_s566504_mpnn_5_IL20/boltz_with_template/output/boltz_results_nb_s566504_mpnn_5_IL20/predictions/nb_s566504_mpnn_5_IL20/nb_s566504_mpnn_5_IL20_model_0.cif,0.250374,0.0426,0.0914,0.1993
nb_s68363_mpnn_1_PDL1,False,"A,B",5.766977430555556,88.4950827549386,1.73,0.13,2.4962962962962965,87.48289248038509,0.513941,0.2161,0.6189,0.4663,0.77,0.86,-154.87,0.0,0.78,0.3102,0.236,3.3798960069444446,96.35041666666666,11184.08,601.93,1.5085185185185186,96.92076991154597,0.799043,0.3371,0.8834,0.6728,0.9,0.91,12813.34,1.0,0.9817,0.8383610732081888,0.854877678600767,20.881360054016113,55.28997802734375,66.56314,17.836222,0.47403777,0.6063879728317261,/scicore/home/schwede/barta0000/germinal_ds/templates_originals/nb_s68363_mpnn_1_PDL1/chai_no_constraints/seed_1380/pred.model_idx_3.cif,0.781274139881134,/scicore/home/schwede/barta0000/germinal_ds/templates_originals/nb_s68363_mpnn_1_PDL1/chai_with_constraints/seed_1749/pred.model_idx_0.cif,0.6063879728317261,0.814806342124939,0.5542833805084229,"[[0.912839949131012, 0.8844500184059143]]","[[[0.912839949131012, 0.5542833805084229], [0.5414296388626099, 0.8844500184059143]]]",0.5542833805084229,0.418426,0.1553,0.1768,0.4374,0.781274139881134,0.8988386988639832,0.7518830299377441,"[[0.9270702004432678, 0.9242353439331055]]","[[[0.9270702004432678, 0.7510202527046204], [0.7518830299377441, 0.9242353439331055]]]",0.7510202527046204,0.716813,0.2005,0.6464,0.613,0.9019366502761841,0.9280725717544556,0.8933093547821045,0.9040934443473816,0.8794742226600647,0.34408241510391235,0.9203841090202332,0.8499084115028381,/scicore/home/schwede/barta0000/germinal_ds/templates_originals/nb_s68363_mpnn_1_PDL1/boltz_free/output/boltz_results_nb_s68363_mpnn_1_PDL1/predictions/nb_s68363_mpnn_1_PDL1/nb_s68363_mpnn_1_PDL1_model_0.cif,0.764886,0.2011,0.6249,0.6477,0.909571647644043,0.9205892086029053,0.8931293487548828,0.9136821627616882,0.8868460059165955,0.3454272747039795,0.9364360570907593,0.8488059639930725,/scicore/home/schwede/barta0000/germinal_ds/templates_originals/nb_s68363_mpnn_1_PDL1/boltz_with_template/output/boltz_results_nb_s68363_mpnn_1_PDL1/predictions/nb_s68363_mpnn_1_PDL1/nb_s68363_mpnn_1_PDL1_model_0.cif,0.783826,0.1887,0.6364,0.6743
nb_s202316_mpnn_2_PDL1,False,"A,B",8.365284722222222,83.67287612971823,27.26,1.97,3.2209677419354836,80.95512444730561,0.292847,0.1789,0.2485,0.2607,0.65,0.825,-155.16,0.0,0.67,0.9961,0.31,3.2325355902777777,96.8455,934.56,75.49,1.7315714285714288,97.0967658547794,0.806183,0.354,0.8967,0.6861,0.9,0.92,1132.05,1.0,0.1091,0.8632554004824389,0.8716876070647634,20.487497329711914,62.02743148803711,69.24708,17.50978,0.4909097,0.7534710168838501,/scicore/home/schwede/barta0000/germinal_ds/templates_originals/nb_s202316_mpnn_2_PDL1/chai_no_constraints/seed_1557/pred.model_idx_4.cif,0.825608491897583,/scicore/home/schwede/barta0000/germinal_ds/templates_originals/nb_s202316_mpnn_2_PDL1/chai_with_constraints/seed_222/pred.model_idx_4.cif,0.7534710168838501,0.8803101778030396,0.7217612266540527,"[[0.9298160076141357, 0.8929769396781921]]","[[[0.9298160076141357, 0.7159319519996643], [0.7217612266540527, 0.8929769396781921]]]",0.7159319519996643,0.651712,0.1922,0.4445,0.5713,0.825608491897583,0.9074715971946716,0.8051427006721497,"[[0.9274662733078003, 0.9309939742088318]]","[[[0.9274662733078003, 0.8051427006721497], [0.7900961637496948, 0.9309939742088318]]]",0.8051427006721497,0.781931,0.2395,0.7155,0.6417,0.8147191405296326,0.836604654788971,0.7033070921897888,0.8425721526145935,0.7678374648094177,0.476108580827713,2.742363691329956,0.6741079688072205,/scicore/home/schwede/barta0000/germinal_ds/templates_originals/nb_s202316_mpnn_2_PDL1/boltz_free/output/boltz_results_nb_s202316_mpnn_2_PDL1/predictions/nb_s202316_mpnn_2_PDL1/nb_s202316_mpnn_2_PDL1_model_0.cif,0.331349,0.0612,0.1294,0.3662,0.8605350852012634,0.9034995436668396,0.8326905965805054,0.8674961924552917,0.8033531308174133,0.41155076026916504,1.6402666568756104,0.8326905965805054,/scicore/home/schwede/barta0000/germinal_ds/templates_originals/nb_s202316_mpnn_2_PDL1/boltz_with_template/output/boltz_results_nb_s202316_mpnn_2_PDL1/predictions/nb_s202316_mpnn_2_PDL1/nb_s202316_mpnn_2_PDL1_model_0.cif,0.664763,0.1334,0.2993,0.6008
nb_s467146_mpnn_5_PDL1,False,"A,B",5.100791666666666,89.96170111287758,-12.51,-0.71,1.5214285714285716,91.97286468313656,0.777331,0.4799,0.824,0.5925,0.87,0.86,-186.06,0.0,0.87,0.997,0.211,2.9961534722222223,97.21575000000001,1042.34,69.95,1.2693589743589744,97.28846095158504,0.828214,0.5107,0.9146,0.717,0.91,0.92,820.63,1.0,0.995,0.8853266969090647,0.9342904543619734,,,66.58923,18.086628,0.4764551,0.2485935539007187,/scicore/home/schwede/barta0000/germinal_ds/templates_originals/nb_s467146_mpnn_5_PDL1/chai_no_constraints/seed_2434/pred.model_idx_2.cif,0.4491693377494812,/scicore/home/schwede/barta0000/germinal_ds/templates_originals/nb_s467146_mpnn_5_PDL1/chai_with_constraints/seed_1075/pred.model_idx_4.cif,0.2485935539007187,0.5989426970481873,0.16100625693798065,"[[0.862180233001709, 0.8741791248321533]]","[[[0.862180233001709, 0.16100625693798065], [0.1542247235774994, 0.8741791248321533]]]",0.16100625693798065,0.025021,0.1042,0.0115,0.0205,0.4491693377494812,0.7252309322357178,0.38015395402908325,"[[0.8932608962059021, 0.8785229325294495]]","[[[0.8932608962059021, 0.36696121096611023], [0.38015395402908325, 0.8785229325294495]]]",0.36696121096611023,0.251371,0.0943,0.0748,0.2841,0.77410888671875,0.7675036787986755,0.5379801988601685,0.8331410884857178,0.7621996998786926,0.6699296236038208,5.916195392608643,0.5130118727684021,/scicore/home/schwede/barta0000/germinal_ds/templates_originals/nb_s467146_mpnn_5_PDL1/boltz_free/output/boltz_results_nb_s467146_mpnn_5_PDL1/predictions/nb_s467146_mpnn_5_PDL1/nb_s467146_mpnn_5_PDL1_model_0.cif,0.137767,0.1042,0.0394,0.1101,0.8259860873222351,0.8359041810035706,0.6992928981781006,0.8576593995094299,0.824166476726532,0.5713480114936829,4.164309501647949,0.6992928981781006,/scicore/home/schwede/barta0000/germinal_ds/templates_originals/nb_s467146_mpnn_5_PDL1/boltz_with_template/output/boltz_results_nb_s467146_mpnn_5_PDL1/predictions/nb_s467146_mpnn_5_PDL1/nb_s467146_mpnn_5_PDL1_model_0.cif,0.306819,0.2101,0.1773,0.3399
nb_s38254_mpnn_5_PDL1,False,"A,B",5.755045138888889,88.45488935721812,52.87,4.1,2.7818181818181817,83.53517602251404,0.44211,0.1984,0.5185,0.4001,0.74,0.87,-119.52,0.0,0.75,0.9815,0.539,3.5225779513888886,96.16912499999998,471.32,30.71,1.7222,95.65239898681641,0.743963,0.2982,0.855,0.6441,0.87,0.9,702.56,1.0,0.9957,0.8148933690785061,0.9031625150191932,,,65.36817,18.082317,0.47178805,0.6580333709716797,/scicore/home/schwede/barta0000/germinal_ds/templates_originals/nb_s38254_mpnn_5_PDL1/chai_no_constraints/seed_2221/pred.model_idx_0.cif,0.6404162049293518,/scicore/home/schwede/barta0000/germinal_ds/templates_originals/nb_s38254_mpnn_5_PDL1/chai_with_constraints/seed_1340/pred.model_idx_0.cif,0.6580333709716797,0.8362300992012024,0.6134841442108154,"[[0.9268172383308411, 0.8876395225524902]]","[[[0.9268172383308411, 0.6100612282752991], [0.6134841442108154, 0.8876395225524902]]]",0.6100612282752991,0.479244,0.1729,0.2739,0.4857,0.6404162049293518,0.8234463930130005,0.594658613204956,"[[0.9018480777740479, 0.8776276111602783]]","[[[0.9018480777740479, 0.5611831545829773], [0.594658613204956, 0.8776276111602783]]]",0.5611831545829773,0.505382,0.263,0.3353,0.4983,0.8334625363349915,0.839224100112915,0.7779229879379272,0.8473473787307739,0.769955575466156,0.44877833127975464,2.2180192470550537,0.7386898994445801,/scicore/home/schwede/barta0000/germinal_ds/templates_originals/nb_s38254_mpnn_5_PDL1/boltz_free/output/boltz_results_nb_s38254_mpnn_5_PDL1/predictions/nb_s38254_mpnn_5_PDL1/nb_s38254_mpnn_5_PDL1_model_0.cif,0.424313,0.1451,0.205,0.42,0.782273530960083,0.7473066449165344,0.5543857216835022,0.8392454981803894,0.7465696930885315,0.6897687911987305,4.337520599365234,0.5543857216835022,/scicore/home/schwede/barta0000/germinal_ds/templates_originals/nb_s38254_mpnn_5_PDL1/boltz_with_template/output/boltz_results_nb_s38254_mpnn_5_PDL1/predictions/nb_s38254_mpnn_5_PDL1/nb_s38254_mpnn_5_PDL1_model_0.cif,0.216952,0.1246,0.0807,0.2174
nb_s351880_mpnn_3_PDL1,False,"A,B",6.24974826388889,85.7992690677966,63.57,3.6,2.2802631578947365,84.77490429349791,0.525103,0.4084,0.5549,0.4562,0.75,0.8300000000000001,-51.22,0.0,0.76,0.8545,0.159,3.4864793402777776,95.643625,11895.04,875.66,1.6136111111111113,95.4969235933744,0.791994,0.5364,0.8422,0.6684,0.87,0.91,12342.11,1.0,0.0448,0.9069545672172314,0.8506768769260753,,,67.29179,17.554432,0.4859562,0.6028754711151123,/scicore/home/schwede/barta0000/germinal_ds/templates_originals/nb_s351880_mpnn_3_PDL1/chai_no_constraints/seed_2144/pred.model_idx_2.cif,0.5293072462081909,/scicore/home/schwede/barta0000/germinal_ds/templates_originals/nb_s351880_mpnn_3_PDL1/chai_with_constraints/seed_1631/pred.model_idx_3.cif,0.6028754711151123,0.8096752166748047,0.5511755347251892,"[[0.9001031517982483, 0.893817126750946]]","[[[0.9001031517982483, 0.5328680276870728], [0.5511755347251892, 0.893817126750946]]]",0.5328680276870728,0.42376,0.2764,0.228,0.4254,0.5293072462081909,0.7716292142868042,0.4687267541885376,"[[0.8999406099319458, 0.8543848395347595]]","[[[0.8999406099319458, 0.4368813633918762], [0.4687267541885376, 0.8543848395347595]]]",0.4368813633918762,0.36168,0.2204,0.1301,0.403,0.889229416847229,0.9198148846626282,0.8578921556472778,0.897063672542572,0.8681545257568359,0.3664737641811371,1.2358229160308838,0.854142427444458,/scicore/home/schwede/barta0000/germinal_ds/templates_originals/nb_s351880_mpnn_3_PDL1/boltz_free/output/boltz_results_nb_s351880_mpnn_3_PDL1/predictions/nb_s351880_mpnn_3_PDL1/nb_s351880_mpnn_3_PDL1_model_0.cif,0.63978,0.4432,0.5519,0.6378,0.8551115393638611,0.7812010049819946,0.5845938920974731,0.9227409362792969,0.9023428559303284,0.8298218250274658,5.420561790466309,0.5662938356399536,/scicore/home/schwede/barta0000/germinal_ds/templates_originals/nb_s351880_mpnn_3_PDL1/boltz_with_template/output/boltz_results_nb_s351880_mpnn_3_PDL1/predictions/nb_s351880_mpnn_3_PDL1/nb_s351880_mpnn_3_PDL1_model_0.cif,0.184396,0.4876,0.1259,0.1952
nb_s494235_mpnn_5_PDL1,False,"A,B",6.343053819444444,87.78454593453009,26.46,1.92,3.2705882352941176,85.63977948700474,0.527946,0.2089,0.4942,0.4058,0.8,0.85,-166.87,0.0,0.8,0.128,0.274,3.4941362847222224,96.19675000000001,24278.64,1228.04,1.872205882352941,96.73142760140556,0.817105,0.3467,0.8696,0.6738,0.91,0.91,38351.65,1.0,0.0702,0.8154600224401933,0.8383858353773038,14.028581841786702,61.41770935058594,70.53954,13.888487,0.59830976,0.854728639125824,/scicore/home/schwede/barta0000/germinal_ds/templates_originals/nb_s494235_mpnn_5_PDL1/chai_no_constraints/seed_2126/pred.model_idx_0.cif,0.4178679585456848,/scicore/home/schwede/barta0000/germinal_ds/templates_originals/nb_s494235_mpnn_5_PDL1/chai_with_constraints/seed_2241/pred.model_idx_4.cif,0.854728639125824,0.9038738012313843,0.8424423336982727,"[[0.9247958660125732, 0.9343528747558594]]","[[[0.9247958660125732, 0.8424423336982727], [0.794072687625885, 0.9343528747558594]]]",0.8424423336982727,0.818729,0.2138,0.6543,0.6302,0.4178679585456848,0.6895532608032227,0.34994661808013916,"[[0.9130192399024963, 0.8707067966461182]]","[[[0.9130192399024963, 0.34994661808013916], [0.3049663305282593, 0.8707067966461182]]]",0.34994661808013916,0.145536,0.131,0.0259,0.1274,0.8513374328613281,0.8778491616249084,0.8096299171447754,0.8617643713951111,0.799575686454773,0.4203663766384125,1.7846760749816895,0.7578120827674866,/scicore/home/schwede/barta0000/germinal_ds/templates_originals/nb_s494235_mpnn_5_PDL1/boltz_free/output/boltz_results_nb_s494235_mpnn_5_PDL1/predictions/nb_s494235_mpnn_5_PDL1/nb_s494235_mpnn_5_PDL1_model_0.cif,0.498097,0.1698,0.2658,0.5006,0.863675594329834,0.8171924352645874,0.6590456962585449,0.9148330688476562,0.8840425610542297,0.5877763628959656,4.671566486358643,0.6293846368789673,/scicore/home/schwede/barta0000/germinal_ds/templates_originals/nb_s494235_mpnn_5_PDL1/boltz_with_template/output/boltz_results_nb_s494235_mpnn_5_PDL1/predictions/nb_s494235_mpnn_5_PDL1/nb_s494235_mpnn_5_PDL1_model_0.cif,0.225289,0.3134,0.1423,0.2617
nb_s191527_mpnn_5_PDL1,False,"A,B",6.361965277777777,88.18941860465117,-11.87,-0.89,2.4362068965517247,90.67523486851611,0.573285,0.3323,0.7764,0.4873,0.78,0.85,-179.38,0.0,0.79,0.9972,0.249,3.64506736111111,96.17533333333334,9749.79,542.59,1.6225999999999998,97.27416706085205,0.78556,0.4233,0.915,0.6621,0.89,0.9,16467.6,1.0,0.9976,0.8395772915835262,0.9037712461115786,20.699702262878418,57.911190032958984,67.23515,17.75718,0.48105994,0.5349987745285034,/scicore/home/schwede/barta0000/germinal_ds/templates_originals/nb_s191527_mpnn_5_PDL1/chai_no_constraints/seed_3209/pred.model_idx_2.cif,0.8209988474845886,/scicore/home/schwede/barta0000/germinal_ds/templates_originals/nb_s191527_mpnn_5_PDL1/chai_with_constraints/seed_1406/pred.model_idx_3.cif,0.5349987745285034,0.7760313749313354,0.4747406244277954,"[[0.9074604511260986, 0.8794615268707275]]","[[[0.9074604511260986, 0.4517531096935272], [0.4747406244277954, 0.8794615268707275]]]",0.4517531096935272,0.356769,0.075,0.1393,0.3725,0.8209988474845886,0.8999031186103821,0.8012727499008179,"[[0.9223008155822754, 0.934626579284668]]","[[[0.9223008155822754, 0.8012727499008179], [0.7848110795021057, 0.934626579284668]]]",0.8012727499008179,0.78474,0.3062,0.7672,0.6349,0.801747739315033,0.8040804266929626,0.6228013634681702,0.8464843034744263,0.7737752795219421,0.4871443808078766,3.3146421909332275,0.5941134691238403,/scicore/home/schwede/barta0000/germinal_ds/templates_originals/nb_s191527_mpnn_5_PDL1/boltz_free/output/boltz_results_nb_s191527_mpnn_5_PDL1/predictions/nb_s191527_mpnn_5_PDL1/nb_s191527_mpnn_5_PDL1_model_0.cif,0.217089,0.0627,0.0887,0.2586,0.8812240958213806,0.8527934551239014,0.7586501240730286,0.9118674993515015,0.8811578750610352,0.397577702999115,1.7451485395431519,0.725619375705719,/scicore/home/schwede/barta0000/germinal_ds/templates_originals/nb_s191527_mpnn_5_PDL1/boltz_with_template/output/boltz_results_nb_s191527_mpnn_5_PDL1/predictions/nb_s191527_mpnn_5_PDL1/nb_s191527_mpnn_5_PDL1_model_0.cif,0.507925,0.1411,0.5022,0.5299
nb_s319551_mpnn_2_PDL1,False,"A,B",7.423506944444444,85.53332278481012,-9.07,-0.71,2.836666666666666,84.6449144366647,0.357777,0.1485,0.3698,0.3181,0.71,0.845,-179.19,0.0,0.72,0.0119,0.346,3.720630208333333,95.705875,3812.33,269.87,1.941451612903226,95.86931110250539,0.774787,0.26,0.8464,0.6383,0.89,0.89,1771.74,1.0,0.9891,0.806418958655877,0.8821288895466248,,,67.01847,16.972286,0.49744993,0.5122734308242798,/scicore/home/schwede/barta0000/germinal_ds/templates_originals/nb_s319551_mpnn_2_PDL1/chai_no_constraints/seed_1829/pred.model_idx_4.cif,0.5500199198722839,/scicore/home/schwede/barta0000/germinal_ds/templates_originals/nb_s319551_mpnn_2_PDL1/chai_with_constraints/seed_3050/pred.model_idx_2.cif,0.5122734308242798,0.7633406519889832,0.44950661063194275,"[[0.9092637300491333, 0.8907910585403442]]","[[[0.9092637300491333, 0.41314443945884705], [0.44950661063194275, 0.8907910585403442]]]",0.41314443945884705,0.318608,0.1116,0.1097,0.3374,0.5500199198722839,0.7923632264137268,0.48943406343460083,"[[0.9108239412307739, 0.8870517015457153]]","[[[0.9108239412307739, 0.470248818397522], [0.48943406343460083, 0.8870517015457153]]]",0.470248818397522,0.385543,0.1153,0.1166,0.4189,0.8117267489433289,0.7934255599975586,0.6092309951782227,0.8623507022857666,0.7876439094543457,0.5146499276161194,3.13250994682312,0.5811131000518799,/scicore/home/schwede/barta0000/germinal_ds/templates_originals/nb_s319551_mpnn_2_PDL1/boltz_free/output/boltz_results_nb_s319551_mpnn_2_PDL1/predictions/nb_s319551_mpnn_2_PDL1/nb_s319551_mpnn_2_PDL1_model_0.cif,0.204728,0.1479,0.0941,0.2218,0.8279805183410645,0.8531891107559204,0.7290529012680054,0.8527124524116516,0.7730632424354553,0.4541512131690979,2.598388910293579,0.7227067351341248,/scicore/home/schwede/barta0000/germinal_ds/templates_originals/nb_s319551_mpnn_2_PDL1/boltz_with_template/output/boltz_results_nb_s319551_mpnn_2_PDL1/predictions/nb_s319551_mpnn_2_PDL1/nb_s319551_mpnn_2_PDL1_model_0.cif,0.383504,0.1307,0.1685,0.4183
nb_s792926_mpnn_5_IL3,False,"A,B",5.080648,90.29127551020407,19.05,1.31,3.860344827586207,89.19112697087029,0.704549,0.2118,0.7993,0.5676,0.83,0.87,-75.69,0.0,0.84,0.996,0.235,3.71629232,95.85755999999999,7523.16,421.76,2.0821666666666667,96.21464211600167,0.770521,0.2666,0.9017,0.6362,0.87,0.9,4502.45,1.0,0.9888,0.8288205018175978,0.8978370095994751,26.403619289398193,42.439781188964844,54.036255,21.251307,0.4643573,0.2415861338376999,/scicore/home/schwede/barta0000/germinal_ds/templates_originals/nb_s792926_mpnn_5_IL3/chai_no_constraints/seed_3171/pred.model_idx_1.cif,0.3969317674636841,/scicore/home/schwede/barta0000/germinal_ds/templates_originals/nb_s792926_mpnn_5_IL3/chai_with_constraints/seed_1086/pred.model_idx_0.cif,0.2415861338376999,0.5874719619750977,0.15511466562747955,"[[0.9123268127441406, 0.3100912570953369]]","[[[0.9123268127441406, 0.15511466562747955], [0.095319002866745, 0.3100912570953369]]]",0.15511466562747955,0.011429,0.075,0.0102,0.0028,0.3969317674636841,0.661941647529602,0.3306792676448822,"[[0.9232720136642456, 0.3527939021587372]]","[[[0.9232720136642456, 0.2567855715751648], [0.3306792676448822, 0.3527939021587372]]]",0.2567855715751648,0.13912,0.0515,0.0188,0.1794,0.7484950423240662,0.6632687449455261,0.3744358718395233,0.8420098423957825,0.7320712804794312,0.7420819997787476,6.085453510284424,0.3211838901042938,/scicore/home/schwede/barta0000/germinal_ds/templates_originals/nb_s792926_mpnn_5_IL3/boltz_free/output/boltz_results_nb_s792926_mpnn_5_IL3/predictions/nb_s792926_mpnn_5_IL3/nb_s792926_mpnn_5_IL3_model_0.cif,0.089113,0.0889,0.0175,0.0876,0.8639418482780457,0.7848897576332092,0.6132144331932068,0.9266237020492554,0.8842591047286987,0.706082284450531,5.382561683654785,0.6038759350776672,/scicore/home/schwede/barta0000/germinal_ds/templates_originals/nb_s792926_mpnn_5_IL3/boltz_with_template/output/boltz_results_nb_s792926_mpnn_5_IL3/predictions/nb_s792926_mpnn_5_IL3/nb_s792926_mpnn_5_IL3_model_0.cif,0.233983,0.2908,0.1006,0.2492
nb_s893078_mpnn_5_PDL1,False,"A,B",5.7197604166666665,88.33876647337902,19.38,1.11,2.352439024390244,89.72596131785184,0.65913,0.4309,0.7155,0.5348,0.82,0.85,-98.34,0.0,0.83,0.9933,0.181,3.1866618055555556,96.64937499999999,6612.07,329.56,1.715365853658537,96.67794878054887,0.805638,0.4948,0.8769,0.6891,0.89,0.91,3857.33,1.0,0.0018,0.8403577938000568,0.862849594039173,22.06390380859375,53.383209228515625,66.234924,17.916454,0.47721976,0.3590708374977112,/scicore/home/schwede/barta0000/germinal_ds/templates_originals/nb_s893078_mpnn_5_PDL1/chai_no_constraints/seed_2395/pred.model_idx_4.cif,0.8120648860931396,/scicore/home/schwede/barta0000/germinal_ds/templates_originals/nb_s893078_mpnn_5_PDL1/chai_with_constraints/seed_2338/pred.model_idx_4.cif,0.3590708374977112,0.6645598411560059,0.2826986014842987,"[[0.8626814484596252, 0.8835994601249695]]","[[[0.8626814484596252, 0.27440345287323], [0.2826986014842987, 0.8835994601249695]]]",0.27440345287323,0.142364,0.0848,0.0231,0.1322,0.8120648860931396,0.8797734379768372,0.7951377034187317,"[[0.8987489938735962, 0.9246180057525635]]","[[[0.8987489938735962, 0.7472600936889648], [0.7951377034187317, 0.9246180057525635]]]",0.7472600936889648,0.67862,0.304,0.6362,0.555,0.7811042666435242,0.8107377886772156,0.6815502643585205,0.8059927821159363,0.7621304392814636,0.5683216452598572,4.293534755706787,0.6815502643585205,/scicore/home/schwede/barta0000/germinal_ds/templates_originals/nb_s893078_mpnn_5_PDL1/boltz_free/output/boltz_results_nb_s893078_mpnn_5_PDL1/predictions/nb_s893078_mpnn_5_PDL1/nb_s893078_mpnn_5_PDL1_model_0.cif,0.240801,0.1528,0.0827,0.2639,0.8850060701370239,0.8899592757225037,0.830045223236084,0.8987462520599365,0.8887067437171936,0.43863046169281006,2.394343614578247,0.8201673030853271,/scicore/home/schwede/barta0000/germinal_ds/templates_originals/nb_s893078_mpnn_5_PDL1/boltz_with_template/output/boltz_results_nb_s893078_mpnn_5_PDL1/predictions/nb_s893078_mpnn_5_PDL1/nb_s893078_mpnn_5_PDL1_model_0.cif,0.547602,0.3951,0.5196,0.512
nb_s442197_mpnn_3_BHRF,False,"A,B",10.25606312692901,82.90242197802198,586.89,29.06,8.336585365853658,69.28194854992292,0.098225,0.18,0.0368,0.1275,0.4,0.85,176.52,0.0,0.46,0.9888,0.256,4.714806737075617,93.03385416666667,1925.1,109.78,3.488139534883721,88.86550045013428,0.565274,0.4241,0.574,0.5127,0.77,0.86,1065.14,1.0,,0.4959765768730574,0.8501370697478721,19.480579018592834,61.1383056640625,79.11185,15.589252,0.5549004,0.6478084325790405,/scicore/home/schwede/barta0000/germinal_ds/templates_originals/nb_s442197_mpnn_3_BHRF/chai_no_constraints/seed_146/pred.model_idx_3.cif,0.6759423017501831,/scicore/home/schwede/barta0000/germinal_ds/templates_originals/nb_s442197_mpnn_3_BHRF/chai_with_constraints/seed_1242/pred.model_idx_0.cif,0.6478084325790405,0.8297909498214722,0.6023128032684326,"[[0.9049472212791443, 0.9262560606002808]]","[[[0.9049472212791443, 0.6023128032684326], [0.5604628324508667, 0.9262560606002808]]]",0.6023128032684326,0.432586,0.2368,0.2806,0.3848,0.6759423017501831,0.8567867875099182,0.6307311058044434,"[[0.8945279717445374, 0.9152706861495972]]","[[[0.8945279717445374, 0.6007755994796753], [0.6307311058044434, 0.9152706861495972]]]",0.6007755994796753,0.544578,0.2711,0.3566,0.4728,0.8539873361587524,0.8371970653533936,0.6923142075538635,0.8944056034088135,0.8210235238075256,0.46733686327934265,2.9133553504943848,0.6923142075538635,/scicore/home/schwede/barta0000/germinal_ds/templates_originals/nb_s442197_mpnn_3_BHRF/boltz_free/output/boltz_results_nb_s442197_mpnn_3_BHRF/predictions/nb_s442197_mpnn_3_BHRF/nb_s442197_mpnn_3_BHRF_model_0.cif,0.383679,0.2339,0.1846,0.3591,0.8917117118835449,0.8618646860122681,0.7555660009384155,0.9257481098175049,0.8828108310699463,0.500850260257721,2.9272379875183105,0.7555660009384155,/scicore/home/schwede/barta0000/germinal_ds/templates_originals/nb_s442197_mpnn_3_BHRF/boltz_with_template/output/boltz_results_nb_s442197_mpnn_3_BHRF/predictions/nb_s442197_mpnn_3_BHRF/nb_s442197_mpnn_3_BHRF_model_0.cif,0.466427,0.3425,0.3552,0.4424
nb_s731008_mpnn_2_PDL1,False,"A,B",5.915543402777778,87.92844736842106,4.45,0.32,3.784615384615385,83.57778512763987,0.576357,0.2318,0.6194,0.4742,0.75,0.85,-155.59,0.0,0.77,0.5869,0.311,3.6528506944444445,96.29408333333332,732.01,57.68,2.464107142857143,95.57448393723061,0.721291,0.3621,0.8703,0.6322,0.86,0.89,486.67,1.0,0.0437,0.8091831243858522,0.8816305651347556,21.39440631866455,62.20927429199219,67.85077,17.788292,0.48315048,0.7584890723228455,/scicore/home/schwede/barta0000/germinal_ds/templates_originals/nb_s731008_mpnn_2_PDL1/chai_no_constraints/seed_1015/pred.model_idx_2.cif,0.7665563225746155,/scicore/home/schwede/barta0000/germinal_ds/templates_originals/nb_s731008_mpnn_2_PDL1/chai_with_constraints/seed_4997/pred.model_idx_3.cif,0.7584890723228455,0.8773373961448669,0.7287769913673401,"[[0.929395854473114, 0.896568775177002]]","[[[0.929395854473114, 0.7076321840286255], [0.7287769913673401, 0.896568775177002]]]",0.7076321840286255,0.672146,0.1985,0.4757,0.5775,0.7665563225746155,0.8815165758132935,0.7378162145614624,"[[0.9291138648986816, 0.8931733965873718]]","[[[0.9291138648986816, 0.7238729000091553], [0.7378162145614624, 0.8931733965873718]]]",0.7238729000091553,0.68388,0.2085,0.4935,0.5877,0.8400667309761047,0.8097083568572998,0.6626100540161133,0.8844309449195862,0.8194657564163208,0.5754991769790649,3.3227179050445557,0.6205471158027649,/scicore/home/schwede/barta0000/germinal_ds/templates_originals/nb_s731008_mpnn_2_PDL1/boltz_free/output/boltz_results_nb_s731008_mpnn_2_PDL1/predictions/nb_s731008_mpnn_2_PDL1/nb_s731008_mpnn_2_PDL1_model_0.cif,0.277414,0.1582,0.1301,0.3048,0.9100119471549988,0.892090916633606,0.8556281328201294,0.9236078858375549,0.896178662776947,0.3624602258205414,1.2799489498138428,0.817116379737854,/scicore/home/schwede/barta0000/germinal_ds/templates_originals/nb_s731008_mpnn_2_PDL1/boltz_with_template/output/boltz_results_nb_s731008_mpnn_2_PDL1/predictions/nb_s731008_mpnn_2_PDL1/nb_s731008_mpnn_2_PDL1_model_0.cif,0.686663,0.2454,0.6289,0.6182
nb_s834944_mpnn_1_PDL1,False,"A,B",7.098585069444443,86.04413774973713,-4.72,-0.35,3.4518518518518513,85.58559271543169,0.616186,0.1633,0.566,0.5004,0.79,0.8200000000000001,-177.66,0.0,0.79,0.0065,0.271,3.0836104166666667,97.16045833333334,274.81,17.44,1.8660344827586206,97.66741869526524,0.801287,0.2986,0.9083,0.7128,0.9,0.92,243.07,1.0,0.9884,0.8374303426470613,0.8904762845384833,,,68.76211,17.415659,0.49103558,0.8024551272392273,/scicore/home/schwede/barta0000/germinal_ds/templates_originals/nb_s834944_mpnn_1_PDL1/chai_no_constraints/seed_1043/pred.model_idx_3.cif,0.8087746500968933,/scicore/home/schwede/barta0000/germinal_ds/templates_originals/nb_s834944_mpnn_1_PDL1/chai_with_constraints/seed_3773/pred.model_idx_3.cif,0.8024551272392273,0.9002990126609802,0.7779941558837891,"[[0.9308181405067444, 0.9307693839073181]]","[[[0.9308181405067444, 0.7753862142562866], [0.7779941558837891, 0.9307693839073181]]]",0.7753862142562866,0.751507,0.2035,0.7297,0.6468,0.8087746500968933,0.9035906195640564,0.7850706577301025,"[[0.9310994744300842, 0.9304627180099487]]","[[[0.9310994744300842, 0.7795816659927368], [0.7850706577301025, 0.9304627180099487]]]",0.7795816659927368,0.762647,0.2228,0.7326,0.6516,0.8768979907035828,0.8643988966941833,0.7621490955352783,0.9055852293968201,0.8581117391586304,0.4501420557498932,2.299955368041992,0.7268504500389099,/scicore/home/schwede/barta0000/germinal_ds/templates_originals/nb_s834944_mpnn_1_PDL1/boltz_free/output/boltz_results_nb_s834944_mpnn_1_PDL1/predictions/nb_s834944_mpnn_1_PDL1/nb_s834944_mpnn_1_PDL1_model_0.cif,0.418355,0.2331,0.333,0.4368,0.9415050745010376,0.9357108473777771,0.9149638414382935,0.9481403231620789,0.927523672580719,0.3326342701911926,1.1590784788131714,0.8761342167854309,/scicore/home/schwede/barta0000/germinal_ds/templates_originals/nb_s834944_mpnn_1_PDL1/boltz_with_template/output/boltz_results_nb_s834944_mpnn_1_PDL1/predictions/nb_s834944_mpnn_1_PDL1/nb_s834944_mpnn_1_PDL1_model_0.cif,0.811969,0.317,0.7322,0.6959
nb_s2975_mpnn_1_IL20,False,"A,B",5.194613520408163,88.16446243814664,54.74,3.35,3.8573529411764707,87.86047511511035,0.661392,0.2359,0.747,0.5455,0.82,0.885,-125.24,0.0,0.83,0.0097,0.315,4.132486989795918,94.82607142857144,6341.22,238.47,2.695294117647059,95.44852806540096,0.756948,0.2927,0.8712,0.6119,0.87,0.9,8564.56,1.0,0.0201,0.7908170816458051,0.8792404787911637,6.673171255323622,67.87512969970703,76.00294,11.373659,0.6748471,0.7957573533058167,/scicore/home/schwede/barta0000/germinal_ds/templates_originals/nb_s2975_mpnn_1_IL20/chai_no_constraints/seed_1332/pred.model_idx_1.cif,0.3278663456439972,/scicore/home/schwede/barta0000/germinal_ds/templates_originals/nb_s2975_mpnn_1_IL20/chai_with_constraints/seed_1918/pred.model_idx_4.cif,0.7957573533058167,0.8935443162918091,0.7713106274604797,"[[0.9177905321121216, 0.9172475934028625]]","[[[0.9177905321121216, 0.7078653573989868], [0.7713106274604797, 0.9172475934028625]]]",0.7078653573989868,0.720777,0.2558,0.6814,0.5617,0.3278663456439972,0.6386958360671997,0.25015896558761597,"[[0.8820207715034485, 0.8760161399841309]]","[[[0.8820207715034485, 0.25015896558761597], [0.22102414071559906, 0.8760161399841309]]]",0.25015896558761597,0.095674,0.0575,0.0173,0.0724,0.6480787992477417,0.6859366297721863,0.5066365599632263,0.683439314365387,0.6367717385292053,1.1237385272979736,6.771071434020996,0.5066365599632263,/scicore/home/schwede/barta0000/germinal_ds/templates_originals/nb_s2975_mpnn_1_IL20/boltz_free/output/boltz_results_nb_s2975_mpnn_1_IL20/predictions/nb_s2975_mpnn_1_IL20/nb_s2975_mpnn_1_IL20_model_0.cif,0.128964,0.103,0.0175,0.0656,0.825430691242218,0.7744364738464355,0.6710787415504456,0.8640186786651611,0.8285413980484009,0.8575253486633301,6.06348991394043,0.6710787415504456,/scicore/home/schwede/barta0000/germinal_ds/templates_originals/nb_s2975_mpnn_1_IL20/boltz_with_template/output/boltz_results_nb_s2975_mpnn_1_IL20/predictions/nb_s2975_mpnn_1_IL20/nb_s2975_mpnn_1_IL20_model_0.cif,0.242585,0.3631,0.0933,0.1793
nb_s874243_mpnn_5_IL20,False,"A,B",4.401619897959184,90.6496198568873,20.92,0.96,3.471739130434783,91.48925392849152,0.811025,0.3734,0.8621,0.6456,0.9,0.895,-41.09,0.0,0.9,0.9963,0.469,3.7310931122448974,95.49542857142858,30186.41,1602.95,2.1247916666666664,97.50931895862927,0.841414,0.4162,0.9245,0.6592,0.92,0.92,42558.06,1.0,0.995,0.6779538303321411,0.8609193036422925,11.295381585756937,66.95915222167969,75.14695,12.355869,0.62019956,0.8297429084777832,/scicore/home/schwede/barta0000/germinal_ds/templates_originals/nb_s874243_mpnn_5_IL20/chai_no_constraints/seed_1389/pred.model_idx_0.cif,0.6768614053726196,/scicore/home/schwede/barta0000/germinal_ds/templates_originals/nb_s874243_mpnn_5_IL20/chai_with_constraints/seed_2186/pred.model_idx_1.cif,0.8297429084777832,0.909068763256073,0.8099113702774048,"[[0.9291567206382751, 0.9127455949783325]]","[[[0.9291567206382751, 0.7590402364730835], [0.8099113702774048, 0.9127455949783325]]]",0.7590402364730835,0.777751,0.2782,0.7072,0.5839,0.6768614053726196,0.7954098582267761,0.6472242474555969,"[[0.9049217104911804, 0.841924786567688]]","[[[0.9049217104911804, 0.5885658860206604], [0.6472242474555969, 0.841924786567688]]]",0.5885658860206604,0.476197,0.1528,0.2342,0.3881,0.6278807520866394,0.6458633542060852,0.6173328161239624,0.6305177807807922,0.6182342171669006,1.5615204572677612,8.392818450927734,0.6173328161239624,/scicore/home/schwede/barta0000/germinal_ds/templates_originals/nb_s874243_mpnn_5_IL20/boltz_free/output/boltz_results_nb_s874243_mpnn_5_IL20/predictions/nb_s874243_mpnn_5_IL20/nb_s874243_mpnn_5_IL20_model_0.cif,0.132945,0.0649,0.0209,0.1211,0.8639346957206726,0.8354698419570923,0.9018211364746094,0.8544630408287048,0.8602503538131714,0.6142612099647522,1.6358014345169067,0.9018211364746094,/scicore/home/schwede/barta0000/germinal_ds/templates_originals/nb_s874243_mpnn_5_IL20/boltz_with_template/output/boltz_results_nb_s874243_mpnn_5_IL20/predictions/nb_s874243_mpnn_5_IL20/nb_s874243_mpnn_5_IL20_model_0.cif,0.778352,0.3157,0.5459,0.4306
nb_s7171_mpnn_2_PDL1,False,"A,B",5.519758680555555,89.71320695102686,0.73,0.05,2.451666666666666,91.78589313519008,0.670726,0.2556,0.8297,0.5368,0.84,0.86,-151.99,0.0,0.84,0.2645,0.307,3.2335515625,96.83058333333335,14411.64,646.75,1.7598148148148145,97.74966481526693,0.800764,0.3304,0.9257,0.6985,0.9,0.91,15128.97,1.0,0.9901,0.8428946412722478,0.8617632366530632,20.620798110961914,49.0564079284668,67.44652,17.54227,0.49447,0.5688539147377014,/scicore/home/schwede/barta0000/germinal_ds/templates_originals/nb_s7171_mpnn_2_PDL1/chai_no_constraints/seed_1084/pred.model_idx_0.cif,0.40983009338378906,/scicore/home/schwede/barta0000/germinal_ds/templates_originals/nb_s7171_mpnn_2_PDL1/chai_with_constraints/seed_2145/pred.model_idx_2.cif,0.5688539147377014,0.7823470830917358,0.5154805779457092,"[[0.9127748012542725, 0.883910059928894]]","[[[0.9127748012542725, 0.4789564311504364], [0.5154805779457092, 0.883910059928894]]]",0.4789564311504364,0.326704,0.0781,0.2367,0.3541,0.40983009338378906,0.7109233140945435,0.33455681800842285,"[[0.9131343364715576, 0.8804007768630981]]","[[[0.9131343364715576, 0.30904045701026917], [0.33455681800842285, 0.8804007768630981]]]",0.30904045701026917,0.196343,0.0808,0.0774,0.2037,0.8040863871574402,0.8449321389198303,0.699880838394165,0.8301377892494202,0.7778332829475403,0.46636924147605896,3.1621904373168945,0.6959035396575928,/scicore/home/schwede/barta0000/germinal_ds/templates_originals/nb_s7171_mpnn_2_PDL1/boltz_free/output/boltz_results_nb_s7171_mpnn_2_PDL1/predictions/nb_s7171_mpnn_2_PDL1/nb_s7171_mpnn_2_PDL1_model_0.cif,0.312323,0.1205,0.1214,0.3427,0.8268743753433228,0.7630650401115417,0.5707198977470398,0.8909129500389099,0.8610495924949646,0.6353795528411865,7.658350944519043,0.5707198977470398,/scicore/home/schwede/barta0000/germinal_ds/templates_originals/nb_s7171_mpnn_2_PDL1/boltz_with_template/output/boltz_results_nb_s7171_mpnn_2_PDL1/predictions/nb_s7171_mpnn_2_PDL1/nb_s7171_mpnn_2_PDL1_model_0.cif,0.134835,0.177,0.054,0.0963
nb_s870461_mpnn_2_IL3,False,"A,B",5.2393664,88.58266055045871,30.07,1.58,4.117647058823529,88.4095149978621,0.75336,0.412,0.4613,0.6116,0.85,0.87,-124.75,0.0,0.87,0.9941,0.31,4.2755481600000005,93.98951999999998,4062.94,211.66,2.53921052631579,94.73735349318561,0.808022,0.4932,0.6261,0.6615,0.89,0.9,2456.79,1.0,0.9956,0.822803534726035,0.8929062470938393,29.144991397857666,40.5305061340332,54.202553,21.270817,0.46449503,0.25386345386505127,/scicore/home/schwede/barta0000/germinal_ds/templates_originals/nb_s870461_mpnn_2_IL3/chai_no_constraints/seed_3200/pred.model_idx_3.cif,0.3219096064567566,/scicore/home/schwede/barta0000/germinal_ds/templates_originals/nb_s870461_mpnn_2_IL3/chai_with_constraints/seed_3321/pred.model_idx_0.cif,0.25386345386505127,0.605865478515625,0.16586294770240784,"[[0.9208643436431885, 0.3152395486831665]]","[[[0.9208643436431885, 0.16586294770240784], [0.11843451857566833, 0.3152395486831665]]]",0.16586294770240784,0.028932,0.0787,0.0105,0.0245,0.3219096064567566,0.651698112487793,0.2394624948501587,"[[0.9161133766174316, 0.33048948645591736]]","[[[0.9161133766174316, 0.2394624948501587], [0.2096860259771347, 0.33048948645591736]]]",0.2394624948501587,0.122735,0.1003,0.0271,0.122,0.8332499861717224,0.9192648530006409,0.8792384266853333,0.8217527866363525,0.7404218316078186,0.36717477440834045,1.3347079753875732,0.8792384266853333,/scicore/home/schwede/barta0000/germinal_ds/templates_originals/nb_s870461_mpnn_2_IL3/boltz_free/output/boltz_results_nb_s870461_mpnn_2_IL3/predictions/nb_s870461_mpnn_2_IL3/nb_s870461_mpnn_2_IL3_model_0.cif,0.672786,0.1861,0.2313,0.6041,0.8931275606155396,0.9086967706680298,0.8711169362068176,0.8986301422119141,0.8285714387893677,0.38627684116363525,1.2298632860183716,0.8570175170898438,/scicore/home/schwede/barta0000/germinal_ds/templates_originals/nb_s870461_mpnn_2_IL3/boltz_with_template/output/boltz_results_nb_s870461_mpnn_2_IL3/predictions/nb_s870461_mpnn_2_IL3/nb_s870461_mpnn_2_IL3_model_0.cif,0.744254,0.2161,0.4011,0.6247
nb_s103722_mpnn_4_IL20,False,"A,B",5.28378443877551,87.85783857729139,116.37,5.25,3.6809523809523816,84.37375291050598,0.60125,0.3537,0.5094,0.5468,0.8,0.88,-76.7,0.0,0.82,0.0051,0.435,4.08424387755102,93.8092857142857,1179.74,65.41,2.7314285714285713,92.72871799958058,0.766234,0.4473,0.7741,0.6454,0.87,0.91,1072.21,1.0,0.024,0.7543470000120757,0.8984691070151115,5.129773139953613,72.29878997802734,74.254105,11.477262,0.6907454,0.3526959717273712,/scicore/home/schwede/barta0000/germinal_ds/templates_originals/nb_s103722_mpnn_4_IL20/chai_no_constraints/seed_6399/pred.model_idx_2.cif,0.3631925582885742,/scicore/home/schwede/barta0000/germinal_ds/templates_originals/nb_s103722_mpnn_4_IL20/chai_with_constraints/seed_3528/pred.model_idx_0.cif,0.3526959717273712,0.642937183380127,0.2801356613636017,"[[0.8735777139663696, 0.8897836804389954]]","[[[0.8735777139663696, 0.2801356613636017], [0.21890321373939514, 0.8897836804389954]]]",0.2801356613636017,0.133172,0.1282,0.0153,0.0704,0.3631925582885742,0.6422340273857117,0.29343220591545105,"[[0.8587068915367126, 0.887911856174469]]","[[[0.8587068915367126, 0.29343220591545105], [0.21865767240524292, 0.887911856174469]]]",0.29343220591545105,0.165624,0.0735,0.0172,0.1094,0.5626803636550903,0.5317741632461548,0.21003606915473938,0.6508414149284363,0.5699573755264282,1.6077977418899536,8.534201622009277,0.17965827882289886,/scicore/home/schwede/barta0000/germinal_ds/templates_originals/nb_s103722_mpnn_4_IL20/boltz_free/output/boltz_results_nb_s103722_mpnn_4_IL20/predictions/nb_s103722_mpnn_4_IL20/nb_s103722_mpnn_4_IL20_model_0.cif,0.006456,0.0432,0.0111,0.0296,0.8117772340774536,0.7422994375228882,0.5873356461524963,0.867887556552887,0.8140745759010315,0.8450353145599365,4.404399394989014,0.5873356461524963,/scicore/home/schwede/barta0000/germinal_ds/templates_originals/nb_s103722_mpnn_4_IL20/boltz_with_template/output/boltz_results_nb_s103722_mpnn_4_IL20/predictions/nb_s103722_mpnn_4_IL20/nb_s103722_mpnn_4_IL20_model_0.cif,0.273931,0.1711,0.1218,0.2429
nb_s885633_mpnn_2_PDL1,False,"A,B",6.417685763888889,88.19680021085927,46.51,3.43,3.4393939393939394,85.17976835100424,0.3827,0.2097,0.4455,0.3267,0.71,0.855,-167.87,0.0,0.72,0.9968,0.273,3.6357508680555557,95.89716666666666,625.04,48.89,1.9942857142857142,95.49454567649148,0.755881,0.3532,0.8548,0.648,0.88,0.89,571.54,1.0,0.9979,0.8874153004248402,0.8942491486981347,,,67.63328,17.51569,0.48746526,0.6098057627677917,/scicore/home/schwede/barta0000/germinal_ds/templates_originals/nb_s885633_mpnn_2_PDL1/chai_no_constraints/seed_1347/pred.model_idx_4.cif,0.7992509603500366,/scicore/home/schwede/barta0000/germinal_ds/templates_originals/nb_s885633_mpnn_2_PDL1/chai_with_constraints/seed_2108/pred.model_idx_1.cif,0.6098057627677917,0.8041055798530579,0.5612307786941528,"[[0.9191716909408569, 0.8815929889678955]]","[[[0.9191716909408569, 0.5612307786941528], [0.553611159324646, 0.8815929889678955]]]",0.5612307786941528,0.411783,0.1248,0.1663,0.4411,0.7992509603500366,0.8848446011543274,0.7778525352478027,"[[0.9308121800422668, 0.8751192092895508]]","[[[0.9308121800422668, 0.7778525352478027], [0.776664674282074, 0.8751192092895508]]]",0.7778525352478027,0.748335,0.2079,0.5857,0.6016,0.8351864814758301,0.8220807909965515,0.682461678981781,0.8733676671981812,0.8098560571670532,0.49007895588874817,2.9293160438537598,0.6509997248649597,/scicore/home/schwede/barta0000/germinal_ds/templates_originals/nb_s885633_mpnn_2_PDL1/boltz_free/output/boltz_results_nb_s885633_mpnn_2_PDL1/predictions/nb_s885633_mpnn_2_PDL1/nb_s885633_mpnn_2_PDL1_model_0.cif,0.290736,0.0915,0.1319,0.3279,0.9429702162742615,0.9202839732170105,0.9322717785835266,0.945644736289978,0.9373372197151184,0.3201242685317993,0.605617880821228,0.8680242896080017,/scicore/home/schwede/barta0000/germinal_ds/templates_originals/nb_s885633_mpnn_2_PDL1/boltz_with_template/output/boltz_results_nb_s885633_mpnn_2_PDL1/predictions/nb_s885633_mpnn_2_PDL1/nb_s885633_mpnn_2_PDL1_model_0.cif,0.86877,0.3271,0.8278,0.7055
nb_s648479_mpnn_1_IL20,False,"A,B",4.805161989795918,89.55499999999999,66.16,3.13,3.9319148936170207,89.03809814888054,0.677763,0.4158,0.7254,0.5782,0.84,0.885,51.74,0.0,0.85,0.0198,0.29,3.4317442602040815,95.7735357142857,11896.35,550.07,2.3957954545454547,96.78658555193645,0.838357,0.4965,0.9044,0.6834,0.92,0.92,8518.67,1.0,0.9864,0.8140863880592173,0.8121312445983597,15.662392735481262,66.76696014404297,75.20127,15.190823,0.54195434,0.6684520244598389,/scicore/home/schwede/barta0000/germinal_ds/templates_originals/nb_s648479_mpnn_1_IL20/chai_no_constraints/seed_4459/pred.model_idx_4.cif,0.36543911695480347,/scicore/home/schwede/barta0000/germinal_ds/templates_originals/nb_s648479_mpnn_1_IL20/chai_with_constraints/seed_3064/pred.model_idx_1.cif,0.6684520244598389,0.8359285593032837,0.6265828609466553,"[[0.9024609923362732, 0.9068647027015686]]","[[[0.9024609923362732, 0.6265828609466553], [0.6102935075759888, 0.9068647027015686]]]",0.6265828609466553,0.523425,0.2609,0.3954,0.4585,0.36543911695480347,0.6578394770622253,0.2923389971256256,"[[0.8851932883262634, 0.8766738772392273]]","[[[0.8851932883262634, 0.2923389971256256], [0.25904935598373413, 0.8766738772392273]]]",0.2923389971256256,0.159153,0.1349,0.0245,0.1434,0.5889109969139099,0.6256318688392639,0.415183424949646,0.6323428153991699,0.5524919033050537,0.850252091884613,7.074767589569092,0.33877190947532654,/scicore/home/schwede/barta0000/germinal_ds/templates_originals/nb_s648479_mpnn_1_IL20/boltz_free/output/boltz_results_nb_s648479_mpnn_1_IL20/predictions/nb_s648479_mpnn_1_IL20/nb_s648479_mpnn_1_IL20_model_0.cif,0.077056,0.0626,0.0121,0.0466,0.750987708568573,0.7086642384529114,0.5359625220298767,0.8047439455986023,0.7354524731636047,1.2053800821304321,7.454507827758789,0.5359625220298767,/scicore/home/schwede/barta0000/germinal_ds/templates_originals/nb_s648479_mpnn_1_IL20/boltz_with_template/output/boltz_results_nb_s648479_mpnn_1_IL20/predictions/nb_s648479_mpnn_1_IL20/nb_s648479_mpnn_1_IL20_model_0.cif,0.17303,0.2329,0.0365,0.148
nb_s759449_mpnn_4_PDL1,False,"A,B",6.35153125,87.86151322751323,14.84,1.14,2.816,87.8879002698453,0.520529,0.1951,0.5443,0.4094,0.78,0.86,-173.66,0.0,0.79,0.9956,0.314,3.339711111111111,96.79758333333332,889.19,62.83,1.699814814814815,97.24703696922019,0.800085,0.3247,0.8845,0.67,0.9,0.91,234.48,1.0,0.9926,0.8329189730968143,0.9072405131201309,24.66894245147705,49.21392822265625,68.01387,17.191381,0.49625212,0.7709918022155762,/scicore/home/schwede/barta0000/germinal_ds/templates_originals/nb_s759449_mpnn_4_PDL1/chai_no_constraints/seed_3571/pred.model_idx_4.cif,0.38013288378715515,/scicore/home/schwede/barta0000/germinal_ds/templates_originals/nb_s759449_mpnn_4_PDL1/chai_with_constraints/seed_1280/pred.model_idx_0.cif,0.7709918022155762,0.8809353113174438,0.7435058355331421,"[[0.925598680973053, 0.8942979574203491]]","[[[0.925598680973053, 0.7435058355331421], [0.7390034198760986, 0.8942979574203491]]]",0.7435058355331421,0.709304,0.1645,0.3499,0.592,0.38013288378715515,0.6953577399253845,0.3013266623020172,"[[0.917485237121582, 0.8899096250534058]]","[[[0.917485237121582, 0.2888840436935425], [0.3013266623020172, 0.8899096250534058]]]",0.2888840436935425,0.155212,0.0884,0.0354,0.1541,0.8438539505004883,0.8373570442199707,0.7240996360778809,0.8737925291061401,0.7958776950836182,0.457390695810318,2.4685840606689453,0.6702996492385864,/scicore/home/schwede/barta0000/germinal_ds/templates_originals/nb_s759449_mpnn_4_PDL1/boltz_free/output/boltz_results_nb_s759449_mpnn_4_PDL1/predictions/nb_s759449_mpnn_4_PDL1/nb_s759449_mpnn_4_PDL1_model_0.cif,0.36671,0.1217,0.1615,0.3833,0.8675846457481384,0.8530290722846985,0.7503435015678406,0.8968948721885681,0.8440555930137634,0.4723356068134308,2.9962518215179443,0.7434560060501099,/scicore/home/schwede/barta0000/germinal_ds/templates_originals/nb_s759449_mpnn_4_PDL1/boltz_with_template/output/boltz_results_nb_s759449_mpnn_4_PDL1/predictions/nb_s759449_mpnn_4_PDL1/nb_s759449_mpnn_4_PDL1_model_0.cif,0.406124,0.1937,0.2623,0.4571
nb_s465730_mpnn_3_PDL1,False,"A,B",5.805098958333334,87.78880675818374,37.77,1.95,3.385869565217392,85.81476535650224,0.602941,0.4027,0.518,0.5071,0.8,0.85,-164.35,0.0,0.81,0.9955,0.276,3.302278125,96.209,533.09,26.12,2.103125,95.11340800198641,0.82538,0.522,0.8356,0.6982,0.9,0.92,346.55,1.0,0.9955,0.8647421910616484,0.8949338201521319,24.92659282684326,56.884620666503906,67.87709,17.792706,0.48034412,0.3844794034957886,/scicore/home/schwede/barta0000/germinal_ds/templates_originals/nb_s465730_mpnn_3_PDL1/chai_no_constraints/seed_217/pred.model_idx_0.cif,0.8097265958786011,/scicore/home/schwede/barta0000/germinal_ds/templates_originals/nb_s465730_mpnn_3_PDL1/chai_with_constraints/seed_2008/pred.model_idx_1.cif,0.3844794034957886,0.703252911567688,0.3047860264778137,"[[0.9046449065208435, 0.8732706904411316]]","[[[0.9046449065208435, 0.30293938517570496], [0.3047860264778137, 0.8732706904411316]]]",0.30293938517570496,0.16054,0.1423,0.0288,0.1641,0.8097265958786011,0.8989869952201843,0.7874114513397217,"[[0.9148145914077759, 0.9285387992858887]]","[[[0.9148145914077759, 0.7685654759407043], [0.7874114513397217, 0.9285387992858887]]]",0.7685654759407043,0.751475,0.3865,0.6011,0.6233,0.8045167326927185,0.8225210309028625,0.6644582152366638,0.8395313024520874,0.7702618837356567,0.5403936505317688,3.960796594619751,0.6400660872459412,/scicore/home/schwede/barta0000/germinal_ds/templates_originals/nb_s465730_mpnn_3_PDL1/boltz_free/output/boltz_results_nb_s465730_mpnn_3_PDL1/predictions/nb_s465730_mpnn_3_PDL1/nb_s465730_mpnn_3_PDL1_model_0.cif,0.251726,0.1544,0.0883,0.2618,0.9198654294013977,0.9241663813591003,0.8854435682296753,0.9284709095954895,0.9047998785972595,0.3638167679309845,0.9388404488563538,0.8854435682296753,/scicore/home/schwede/barta0000/germinal_ds/templates_originals/nb_s465730_mpnn_3_PDL1/boltz_with_template/output/boltz_results_nb_s465730_mpnn_3_PDL1/predictions/nb_s465730_mpnn_3_PDL1/nb_s465730_mpnn_3_PDL1_model_0.cif,0.79671,0.3813,0.686,0.6618
nb_s286378_mpnn_3_PDL1,False,"A,B",7.471286458333332,85.70708994708995,-7.85,-0.61,3.753846153846154,84.1480141845815,0.390644,0.2213,0.4704,0.3531,0.68,0.8300000000000001,-151.3,0.0,0.7,0.9919,0.296,3.463730381944445,96.708375,17479.66,784.47,1.8219230769230772,97.20500007042519,0.770154,0.3643,0.894,0.664,0.88,0.91,17007.51,1.0,0.9925,0.8806187608623959,0.8647090419006538,,,68.764046,17.097942,0.49839944,0.8255829811096191,/scicore/home/schwede/barta0000/germinal_ds/templates_originals/nb_s286378_mpnn_3_PDL1/chai_no_constraints/seed_1536/pred.model_idx_4.cif,0.6047130227088928,/scicore/home/schwede/barta0000/germinal_ds/templates_originals/nb_s286378_mpnn_3_PDL1/chai_with_constraints/seed_2279/pred.model_idx_2.cif,0.8255829811096191,0.9122577905654907,0.8039142489433289,"[[0.9324482679367065, 0.9334456324577332]]","[[[0.9324482679367065, 0.8039142489433289], [0.7723046541213989, 0.9334456324577332]]]",0.8039142489433289,0.783201,0.2679,0.756,0.6295,0.6047130227088928,0.7751355171203613,0.5621073842048645,"[[0.9063699245452881, 0.8535361886024475]]","[[[0.9063699245452881, 0.5621073842048645], [0.5614855289459229, 0.8535361886024475]]]",0.5621073842048645,0.386756,0.3005,0.3453,0.3722,0.849960446357727,0.8974545001983643,0.8711095452308655,0.8446731567382812,0.8263986706733704,0.4060879647731781,1.5322097539901733,0.8711095452308655,/scicore/home/schwede/barta0000/germinal_ds/templates_originals/nb_s286378_mpnn_3_PDL1/boltz_free/output/boltz_results_nb_s286378_mpnn_3_PDL1/predictions/nb_s286378_mpnn_3_PDL1/nb_s286378_mpnn_3_PDL1_model_0.cif,0.73382,0.4022,0.51,0.5663,0.885840117931366,0.8304157853126526,0.7897320985794067,0.9098671674728394,0.902154266834259,0.5292196273803711,2.4504551887512207,0.7565116882324219,/scicore/home/schwede/barta0000/germinal_ds/templates_originals/nb_s286378_mpnn_3_PDL1/boltz_with_template/output/boltz_results_nb_s286378_mpnn_3_PDL1/predictions/nb_s286378_mpnn_3_PDL1/nb_s286378_mpnn_3_PDL1_model_0.cif,0.452919,0.5161,0.5299,0.4146
nb_s870186_mpnn_1_PDL1,False,"A,B",6.274852430555555,87.20022304832713,22.17,1.07,2.941860465116279,87.71801731452457,0.685436,0.4912,0.6805,0.5247,0.83,0.835,-142.72,0.0,0.83,0.0847,0.282,3.212720659722222,96.92491666666666,1452.2,88.41,1.9296739130434786,97.74975090026855,0.82863,0.6014,0.913,0.7043,0.9,0.92,777.49,1.0,0.0363,0.8187383044334494,0.8693276042450482,21.528346061706543,53.06665802001953,66.3156,17.81986,0.48137134,0.7710388898849487,/scicore/home/schwede/barta0000/germinal_ds/templates_originals/nb_s870186_mpnn_1_PDL1/chai_no_constraints/seed_6602/pred.model_idx_2.cif,0.5363965034484863,/scicore/home/schwede/barta0000/germinal_ds/templates_originals/nb_s870186_mpnn_1_PDL1/chai_with_constraints/seed_3939/pred.model_idx_1.cif,0.7710388898849487,0.8701785802841187,0.7462539672851562,"[[0.9119542837142944, 0.8911319971084595]]","[[[0.9119542837142944, 0.6950395703315735], [0.7462539672851562, 0.8911319971084595]]]",0.6950395703315735,0.694621,0.4146,0.4787,0.5694,0.5363965034484863,0.7729993462562561,0.4772457480430603,"[[0.8972177505493164, 0.8876966238021851]]","[[[0.8972177505493164, 0.44287997484207153], [0.4772457480430603, 0.8876966238021851]]]",0.44287997484207153,0.374265,0.1145,0.1458,0.414,0.8804239630699158,0.9051144123077393,0.8389459252357483,0.8907933831214905,0.8413376212120056,0.3982696831226349,1.2995562553405762,0.8389459252357483,/scicore/home/schwede/barta0000/germinal_ds/templates_originals/nb_s870186_mpnn_1_PDL1/boltz_free/output/boltz_results_nb_s870186_mpnn_1_PDL1/predictions/nb_s870186_mpnn_1_PDL1/nb_s870186_mpnn_1_PDL1_model_0.cif,0.668274,0.293,0.4541,0.6082,0.9031740427017212,0.9129823446273804,0.8678358793258667,0.91200852394104,0.870502233505249,0.37557849287986755,1.234161376953125,0.856515109539032,/scicore/home/schwede/barta0000/germinal_ds/templates_originals/nb_s870186_mpnn_1_PDL1/boltz_with_template/output/boltz_results_nb_s870186_mpnn_1_PDL1/predictions/nb_s870186_mpnn_1_PDL1/nb_s870186_mpnn_1_PDL1_model_0.cif,0.708828,0.3584,0.5503,0.6418
nb_s206830_mpnn_1_IL3,False,"A,B",5.2887328,89.32325319693095,6.54,0.35,4.041891891891892,87.29054733435228,0.701683,0.3616,0.6555,0.5586,0.82,0.865,-53.24,0.0,0.83,0.996,0.161,3.5854468800000006,95.87896,4561.56,336.8,2.23969696969697,95.7741935483871,0.76586,0.4612,0.8559,0.639,0.87,0.9,7828.87,1.0,0.9889,0.8770321519875248,0.889847973098274,24.07949733734131,39.14889907836914,52.135674,21.046135,0.462619,0.2817193269729614,/scicore/home/schwede/barta0000/germinal_ds/templates_originals/nb_s206830_mpnn_1_IL3/chai_no_constraints/seed_4874/pred.model_idx_4.cif,0.5462945699691772,/scicore/home/schwede/barta0000/germinal_ds/templates_originals/nb_s206830_mpnn_1_IL3/chai_with_constraints/seed_1672/pred.model_idx_3.cif,0.2817193269729614,0.595777690410614,0.2032047063112259,"[[0.8940142393112183, 0.32485535740852356]]","[[[0.8940142393112183, 0.17937491834163666], [0.2032047063112259, 0.32485535740852356]]]",0.17937491834163666,0.041074,0.0741,0.0127,0.105,0.5462945699691772,0.7054986953735352,0.5064935684204102,"[[0.9056287407875061, 0.4243307411670685]]","[[[0.9056287407875061, 0.34836140275001526], [0.5064935684204102, 0.4243307411670685]]]",0.34836140275001526,0.290198,0.1775,0.0646,0.2906,0.7768204212188721,0.8549091219902039,0.752494752407074,0.7829018235206604,0.7195920944213867,0.5620505809783936,2.308265447616577,0.7133963108062744,/scicore/home/schwede/barta0000/germinal_ds/templates_originals/nb_s206830_mpnn_1_IL3/boltz_free/output/boltz_results_nb_s206830_mpnn_1_IL3/predictions/nb_s206830_mpnn_1_IL3/nb_s206830_mpnn_1_IL3_model_0.cif,0.429382,0.0963,0.1424,0.3929,0.807211697101593,0.8017560839653015,0.6480464339256287,0.8470030426979065,0.8151835203170776,0.7856554985046387,3.6437439918518066,0.6026861667633057,/scicore/home/schwede/barta0000/germinal_ds/templates_originals/nb_s206830_mpnn_1_IL3/boltz_with_template/output/boltz_results_nb_s206830_mpnn_1_IL3/predictions/nb_s206830_mpnn_1_IL3/nb_s206830_mpnn_1_IL3_model_0.cif,0.298783,0.1951,0.1808,0.2921
nb_s293208_mpnn_4_BHRF,False,"A,B",5.791395399305556,88.05673559172901,99.5,5.24,2.9102941176470587,86.20789889718202,0.666105,0.44,0.6008,0.4989,0.82,0.88,-124.13,0.0,0.83,0.9925,0.193,3.6606896219135803,95.62215277777779,13751.86,713.8,1.8509090909090908,97.12176558550667,0.836128,0.5575,0.9046,0.6498,0.9,0.92,15280.21,1.0,0.9952,0.8737390163521168,0.8915058995662991,20.044464111328125,36.52702331542969,72.71089,16.490067,0.52762103,0.2915010154247284,/scicore/home/schwede/barta0000/germinal_ds/templates_originals/nb_s293208_mpnn_4_BHRF/chai_no_constraints/seed_1737/pred.model_idx_1.cif,0.7641869783401489,/scicore/home/schwede/barta0000/germinal_ds/templates_originals/nb_s293208_mpnn_4_BHRF/chai_with_constraints/seed_6903/pred.model_idx_2.cif,0.2915010154247284,0.6180791854858398,0.20985646545886993,"[[0.9025989770889282, 0.9078212380409241]]","[[[0.9025989770889282, 0.20985646545886993], [0.16013984382152557, 0.9078212380409241]]]",0.20985646545886993,0.019122,0.1069,0.0127,0.0193,0.7641869783401489,0.8739803433418274,0.7367386817932129,"[[0.9096266031265259, 0.9178218841552734]]","[[[0.9096266031265259, 0.7367386817932129], [0.6679257154464722, 0.9178218841552734]]]",0.7367386817932129,0.677882,0.1805,0.4559,0.5087,0.9429116249084473,0.9294109344482422,0.8980883955955505,0.954117476940155,0.9445319771766663,0.34003472328186035,0.6938650012016296,0.877159595489502,/scicore/home/schwede/barta0000/germinal_ds/templates_originals/nb_s293208_mpnn_4_BHRF/boltz_free/output/boltz_results_nb_s293208_mpnn_4_BHRF/predictions/nb_s293208_mpnn_4_BHRF/nb_s293208_mpnn_4_BHRF_model_0.cif,0.841547,0.3336,0.8219,0.653,0.9425038695335388,0.9377572536468506,0.908135712146759,0.9510958194732666,0.9449967741966248,0.34740766882896423,0.7538001537322998,0.8971874117851257,/scicore/home/schwede/barta0000/germinal_ds/templates_originals/nb_s293208_mpnn_4_BHRF/boltz_with_template/output/boltz_results_nb_s293208_mpnn_4_BHRF/predictions/nb_s293208_mpnn_4_BHRF/nb_s293208_mpnn_4_BHRF_model_0.cif,0.850564,0.3401,0.8298,0.6749
nb_s80543_mpnn_1_BHRF,False,"A,B",7.427090567129629,87.04483757682178,101.32,6.2,5.7196428571428575,86.27142017803297,0.524281,0.2679,0.507,0.3046,0.74,0.86,-16.7,0.0,0.75,0.0076,0.358,5.028604480131173,93.2911111111111,201.29,14.29,3.676666666666667,93.61666615804036,0.720553,0.3688,0.7758,0.4904,0.83,0.86,239.65,1.0,0.0007,0.7411374981126918,0.8773559577479866,20.219716919793022,53.21708297729492,73.37137,16.59069,0.52413553,0.6747919321060181,/scicore/home/schwede/barta0000/germinal_ds/templates_originals/nb_s80543_mpnn_1_BHRF/chai_no_constraints/seed_5280/pred.model_idx_3.cif,0.7724368572235107,/scicore/home/schwede/barta0000/germinal_ds/templates_originals/nb_s80543_mpnn_1_BHRF/chai_with_constraints/seed_4948/pred.model_idx_3.cif,0.6747919321060181,0.8486540913581848,0.6313263773918152,"[[0.9095703959465027, 0.919889509677887]]","[[[0.9095703959465027, 0.6313263773918152], [0.6189058423042297, 0.919889509677887]]]",0.6313263773918152,0.499902,0.1185,0.3159,0.4171,0.7724368572235107,0.8664308190345764,0.7489383220672607,"[[0.906633734703064, 0.9310131072998047]]","[[[0.906633734703064, 0.7489383220672607], [0.6348239779472351, 0.9310131072998047]]]",0.7489383220672607,0.695055,0.2062,0.6011,0.467,0.8776167035102844,0.8170140981674194,0.7675991058349609,0.9051210880279541,0.8445541262626648,0.38358455896377563,1.3962708711624146,0.645605206489563,/scicore/home/schwede/barta0000/germinal_ds/templates_originals/nb_s80543_mpnn_1_BHRF/boltz_free/output/boltz_results_nb_s80543_mpnn_1_BHRF/predictions/nb_s80543_mpnn_1_BHRF/nb_s80543_mpnn_1_BHRF_model_0.cif,0.585617,0.1291,0.384,0.3912,0.9122716188430786,0.8648108839988708,0.8265430331230164,0.9337037205696106,0.9145956039428711,0.37989404797554016,1.8685550689697266,0.7310181260108948,/scicore/home/schwede/barta0000/germinal_ds/templates_originals/nb_s80543_mpnn_1_BHRF/boltz_with_template/output/boltz_results_nb_s80543_mpnn_1_BHRF/predictions/nb_s80543_mpnn_1_BHRF/nb_s80543_mpnn_1_BHRF_model_0.cif,0.626848,0.2202,0.5829,0.4596
nb_s792926_mpnn_4_IL3,False,"A,B",4.9838016,90.3652824427481,1.8,0.12,3.501923076923077,90.13278438952592,0.730585,0.215,0.8123,0.5837,0.84,0.87,-108.2,0.0,0.85,0.9934,0.259,3.7905804800000005,95.71407999999998,13613.49,602.3,2.1257407407407407,96.23074058250144,0.766195,0.2659,0.9004,0.6298,0.87,0.9,11761.11,1.0,0.9442,0.7900753912111893,0.8532081497688562,26.36804993947347,60.73152160644531,53.451286,21.51384,0.46166688,0.24411313235759735,/scicore/home/schwede/barta0000/germinal_ds/templates_originals/nb_s792926_mpnn_4_IL3/chai_no_constraints/seed_102/pred.model_idx_1.cif,0.3059484362602234,/scicore/home/schwede/barta0000/germinal_ds/templates_originals/nb_s792926_mpnn_4_IL3/chai_with_constraints/seed_1557/pred.model_idx_0.cif,0.24411313235759735,0.5980333089828491,0.1556330770254135,"[[0.9283533692359924, 0.29932138323783875]]","[[[0.9283533692359924, 0.1556330770254135], [0.11223816126585007, 0.29932138323783875]]]",0.1556330770254135,0.013968,0.0428,0.0109,0.0056,0.3059484362602234,0.6411657333374023,0.22214409708976746,"[[0.928989589214325, 0.3258410692214966]]","[[[0.928989589214325, 0.2171863317489624], [0.22214409708976746, 0.3258410692214966]]]",0.2171863317489624,0.089665,0.1232,0.0136,0.1103,0.819661557674408,0.8471751809120178,0.7492080926895142,0.8372748494148254,0.7199835181236267,0.48726049065589905,2.7792444229125977,0.7492080926895142,/scicore/home/schwede/barta0000/germinal_ds/templates_originals/nb_s792926_mpnn_4_IL3/boltz_free/output/boltz_results_nb_s792926_mpnn_4_IL3/predictions/nb_s792926_mpnn_4_IL3/nb_s792926_mpnn_4_IL3_model_0.cif,0.357231,0.1535,0.0854,0.3535,0.8855718970298767,0.8517540693283081,0.759832501411438,0.9170067310333252,0.8561893105506897,0.5812082290649414,3.2599804401397705,0.759832501411438,/scicore/home/schwede/barta0000/germinal_ds/templates_originals/nb_s792926_mpnn_4_IL3/boltz_with_template/output/boltz_results_nb_s792926_mpnn_4_IL3/predictions/nb_s792926_mpnn_4_IL3/nb_s792926_mpnn_4_IL3_model_0.cif,0.422533,0.3905,0.2388,0.4453
nb_s837885_mpnn_1_IL20,False,"A,B",12.919823979591836,80.60497747747748,188.37,9.45,6.493243243243243,66.10874351463717,0.005653,0.0763,0.0122,0.0,0.21,0.86,92.05,0.0,0.28,0.8459,0.223,4.181935841836735,94.14275,2061.3,105.72,2.5684722222222223,92.15235250136432,0.688035,0.2852,0.6456,0.5884,0.83,0.88,2281.33,1.0,0.0645,0.03973988297642289,0.8416041094951509,6.968886613845825,70.35142517089844,76.68562,11.22938,0.66019046,0.7775744199752808,/scicore/home/schwede/barta0000/germinal_ds/templates_originals/nb_s837885_mpnn_1_IL20/chai_no_constraints/seed_2323/pred.model_idx_2.cif,0.7809247374534607,/scicore/home/schwede/barta0000/germinal_ds/templates_originals/nb_s837885_mpnn_1_IL20/chai_with_constraints/seed_3918/pred.model_idx_2.cif,0.7775744199752808,0.8943244218826294,0.7483868598937988,"[[0.93625807762146, 0.9107331037521362]]","[[[0.93625807762146, 0.7483868598937988], [0.7418116331100464, 0.9107331037521362]]]",0.7483868598937988,0.711933,0.1769,0.5903,0.5857,0.7809247374534607,0.8976245522499084,0.7517497539520264,"[[0.9348701238632202, 0.9119158387184143]]","[[[0.9348701238632202, 0.7481764554977417], [0.7517497539520264, 0.9119158387184143]]]",0.7481764554977417,0.725311,0.1958,0.6039,0.5921,0.6462510824203491,0.7948459982872009,0.7131183743476868,0.6295342445373535,0.5529052019119263,0.7891719341278076,3.7299506664276123,0.7131183743476868,/scicore/home/schwede/barta0000/germinal_ds/templates_originals/nb_s837885_mpnn_1_IL20/boltz_free/output/boltz_results_nb_s837885_mpnn_1_IL20/predictions/nb_s837885_mpnn_1_IL20/nb_s837885_mpnn_1_IL20_model_0.cif,0.299687,0.0352,0.029,0.2422,0.8711920976638794,0.8508594036102295,0.8091527819633484,0.8867018818855286,0.869169294834137,0.7866725921630859,2.8517653942108154,0.8091527819633484,/scicore/home/schwede/barta0000/germinal_ds/templates_originals/nb_s837885_mpnn_1_IL20/boltz_with_template/output/boltz_results_nb_s837885_mpnn_1_IL20/predictions/nb_s837885_mpnn_1_IL20/nb_s837885_mpnn_1_IL20_model_0.cif,0.53294,0.3062,0.364,0.4092
nb_s854077_mpnn_1_PDL1,False,"A,B",6.105237847222221,87.90173496540713,28.54,1.79,2.934375,86.0233680253857,0.506221,0.2885,0.6119,0.4613,0.73,0.85,-157.42,0.0,0.75,0.9881,0.258,3.1956432291666665,96.904125,1178.16,77.67,1.77265625,97.22766621907552,0.782482,0.3975,0.8941,0.6894,0.88,0.91,286.59,1.0,0.9802,0.8395772915835262,0.9145297005434763,,,67.347206,17.790075,0.486235,0.4569559693336487,/scicore/home/schwede/barta0000/germinal_ds/templates_originals/nb_s854077_mpnn_1_PDL1/chai_no_constraints/seed_4915/pred.model_idx_1.cif,0.6401084661483765,/scicore/home/schwede/barta0000/germinal_ds/templates_originals/nb_s854077_mpnn_1_PDL1/chai_with_constraints/seed_149/pred.model_idx_3.cif,0.4569559693336487,0.7427345514297485,0.3855113387107849,"[[0.9195391535758972, 0.8821143507957458]]","[[[0.9195391535758972, 0.3681458830833435], [0.3855113387107849, 0.8821143507957458]]]",0.3681458830833435,0.242354,0.1124,0.0574,0.2707,0.6401084661483765,0.8339475393295288,0.5916486978530884,"[[0.9256225228309631, 0.9246969223022461]]","[[[0.9256225228309631, 0.5742299556732178], [0.5916486978530884, 0.9246969223022461]]]",0.5742299556732178,0.510423,0.1548,0.4667,0.5231,0.8436097502708435,0.7770307660102844,0.566567063331604,0.9128704071044922,0.8568597435951233,0.5510976314544678,4.610292434692383,0.5423756837844849,/scicore/home/schwede/barta0000/germinal_ds/templates_originals/nb_s854077_mpnn_1_PDL1/boltz_free/output/boltz_results_nb_s854077_mpnn_1_PDL1/predictions/nb_s854077_mpnn_1_PDL1/nb_s854077_mpnn_1_PDL1_model_0.cif,0.187882,0.1649,0.1127,0.2089,0.9223354458808899,0.9026783108711243,0.8409606218338013,0.9426791071891785,0.9138784408569336,0.3703804612159729,1.1807780265808105,0.8205914497375488,/scicore/home/schwede/barta0000/germinal_ds/templates_originals/nb_s854077_mpnn_1_PDL1/boltz_with_template/output/boltz_results_nb_s854077_mpnn_1_PDL1/predictions/nb_s854077_mpnn_1_PDL1/nb_s854077_mpnn_1_PDL1_model_0.cif,0.682882,0.2864,0.6688,0.633
nb_s434952_mpnn_1_IL20,False,"A,B",5.19375,88.41187192118228,67.03,3.56,3.396969696969697,85.36320443442963,0.544314,0.1938,0.5732,0.4991,0.76,0.89,-37.79,0.0,0.78,0.9267,0.183,3.7080507653061217,95.75117857142858,24910.45,1246.8,2.03609375,95.81838644704511,0.717109,0.2722,0.8321,0.6226,0.84,0.89,48839.24,1.0,0.9873,0.7242727188768627,0.8561380753527865,13.310964425404867,64.39604949951172,71.53125,14.83613,0.5505137,0.6700246930122375,/scicore/home/schwede/barta0000/germinal_ds/templates_originals/nb_s434952_mpnn_1_IL20/chai_no_constraints/seed_2412/pred.model_idx_2.cif,0.4670177400112152,/scicore/home/schwede/barta0000/germinal_ds/templates_originals/nb_s434952_mpnn_1_IL20/chai_with_constraints/seed_1157/pred.model_idx_1.cif,0.6700246930122375,0.8408990502357483,0.6273061037063599,"[[0.9276279807090759, 0.9047858119010925]]","[[[0.9276279807090759, 0.6273061037063599], [0.6103307008743286, 0.9047858119010925]]]",0.6273061037063599,0.489484,0.0836,0.2485,0.4453,0.4670177400112152,0.7040005922317505,0.4077720046043396,"[[0.909859299659729, 0.8747274875640869]]","[[[0.909859299659729, 0.4077720046043396], [0.34939420223236084, 0.8747274875640869]]]",0.4077720046043396,0.233764,0.134,0.0414,0.1804,0.6036974787712097,0.6747211813926697,0.43352583050727844,0.6462403535842896,0.5707513093948364,1.0517911911010742,5.6210103034973145,0.4068843126296997,/scicore/home/schwede/barta0000/germinal_ds/templates_originals/nb_s434952_mpnn_1_IL20/boltz_free/output/boltz_results_nb_s434952_mpnn_1_IL20/predictions/nb_s434952_mpnn_1_IL20/nb_s434952_mpnn_1_IL20_model_0.cif,0.141985,0.0371,0.016,0.0831,0.8198814392089844,0.8022426962852478,0.6618052124977112,0.8594005107879639,0.8237360119819641,0.6726848483085632,3.1715798377990723,0.6609291434288025,/scicore/home/schwede/barta0000/germinal_ds/templates_originals/nb_s434952_mpnn_1_IL20/boltz_with_template/output/boltz_results_nb_s434952_mpnn_1_IL20/predictions/nb_s434952_mpnn_1_IL20/nb_s434952_mpnn_1_IL20_model_0.cif,0.36557,0.1782,0.2225,0.3203
nb_s499859_mpnn_4_PDL1,False,"A,B",7.274621527777777,86.2148427672956,19.29,1.32,3.137096774193549,82.81651209877126,0.331714,0.1745,0.4022,0.2994,0.69,0.85,-131.18,0.0,0.7,0.0228,0.253,3.296495138888889,97.01050000000001,581.92,42.55,1.8360714285714284,97.0137043705693,0.761221,0.2833,0.8957,0.6763,0.88,0.91,409.32,1.0,,0.8501639892820044,0.8651849839861753,,,67.10348,17.389381,0.48768565,0.7786706686019897,/scicore/home/schwede/barta0000/germinal_ds/templates_originals/nb_s499859_mpnn_4_PDL1/chai_no_constraints/seed_1790/pred.model_idx_3.cif,0.7821627855300903,/scicore/home/schwede/barta0000/germinal_ds/templates_originals/nb_s499859_mpnn_4_PDL1/chai_with_constraints/seed_1042/pred.model_idx_3.cif,0.7786706686019897,0.8855338096618652,0.7519548535346985,"[[0.9222226738929749, 0.9313356876373291]]","[[[0.9222226738929749, 0.7509189248085022], [0.7519548535346985, 0.9313356876373291]]]",0.7509189248085022,0.715163,0.2162,0.6337,0.6217,0.7821627855300903,0.8868750929832458,0.7559846639633179,"[[0.9216729998588562, 0.9313119053840637]]","[[[0.9216729998588562, 0.7559846639633179], [0.7538823485374451, 0.9313119053840637]]]",0.7559846639633179,0.721977,0.1999,0.6321,0.6243,0.8234467506408691,0.7959004640579224,0.6806272268295288,0.8591516017913818,0.8117765188217163,0.4878190755844116,3.196030378341675,0.5869126319885254,/scicore/home/schwede/barta0000/germinal_ds/templates_originals/nb_s499859_mpnn_4_PDL1/boltz_free/output/boltz_results_nb_s499859_mpnn_4_PDL1/predictions/nb_s499859_mpnn_4_PDL1/nb_s499859_mpnn_4_PDL1_model_0.cif,0.255338,0.0698,0.1453,0.2623,0.9297653436660767,0.8964740037918091,0.8856784105300903,0.9407870173454285,0.9253753423690796,0.3523637056350708,1.042506217956543,0.8261133432388306,/scicore/home/schwede/barta0000/germinal_ds/templates_originals/nb_s499859_mpnn_4_PDL1/boltz_with_template/output/boltz_results_nb_s499859_mpnn_4_PDL1/predictions/nb_s499859_mpnn_4_PDL1/nb_s499859_mpnn_4_PDL1_model_0.cif,0.744512,0.2213,0.7381,0.6377
nb_s175477_mpnn_4_BHRF,False,"A,B",6.377658420138889,86.48387494495817,230.32,11.2,4.418292682926829,82.05811526718969,0.646916,0.4081,0.3878,0.466,0.79,0.86,-1.59,0.0,0.8,0.0004,0.216,3.8166958429783944,94.97840277777777,1640.23,87.02,2.3216666666666668,94.38521758369778,0.804832,0.581,0.8161,0.6221,0.88,0.92,938.17,1.0,0.0066,0.8570341951388548,0.8705315938141741,20.369355392456054,59.23645782470703,74.23194,16.511862,0.53206444,0.41063374280929565,/scicore/home/schwede/barta0000/germinal_ds/templates_originals/nb_s175477_mpnn_4_BHRF/chai_no_constraints/seed_3024/pred.model_idx_3.cif,0.8109738826751709,/scicore/home/schwede/barta0000/germinal_ds/templates_originals/nb_s175477_mpnn_4_BHRF/chai_with_constraints/seed_1848/pred.model_idx_3.cif,0.41063374280929565,0.713635265827179,0.33488336205482483,"[[0.8973594903945923, 0.9122209548950195]]","[[[0.8973594903945923, 0.33488336205482483], [0.30900025367736816, 0.9122209548950195]]]",0.33488336205482483,0.189361,0.1658,0.0388,0.1477,0.8109738826751709,0.8890355229377747,0.7914584875106812,"[[0.9172419905662537, 0.925891101360321]]","[[[0.9172419905662537, 0.7914584875106812], [0.7085509896278381, 0.925891101360321]]]",0.7914584875106812,0.740817,0.4365,0.6035,0.5274,0.874392032623291,0.8900741934776306,0.8329656720161438,0.884748637676239,0.7887786626815796,0.387940913438797,1.2200380563735962,0.794253945350647,/scicore/home/schwede/barta0000/germinal_ds/templates_originals/nb_s175477_mpnn_4_BHRF/boltz_free/output/boltz_results_nb_s175477_mpnn_4_BHRF/predictions/nb_s175477_mpnn_4_BHRF/nb_s175477_mpnn_4_BHRF_model_0.cif,0.698516,0.2018,0.2914,0.5412,0.8794846534729004,0.8546554446220398,0.7577769160270691,0.909911572933197,0.8527673482894897,0.48575055599212646,2.433223247528076,0.7234054207801819,/scicore/home/schwede/barta0000/germinal_ds/templates_originals/nb_s175477_mpnn_4_BHRF/boltz_with_template/output/boltz_results_nb_s175477_mpnn_4_BHRF/predictions/nb_s175477_mpnn_4_BHRF/nb_s175477_mpnn_4_BHRF_model_0.cif,0.488909,0.3298,0.3244,0.4415
nb_s358395_mpnn_2_IL3,False,"A,B",4.9331968,89.88855691056911,91.97,4.81,3.3658536585365852,86.19370804832309,0.690221,0.38,0.6374,0.5768,0.81,0.87,-109.48,0.0,0.83,0.5432,0.238,3.48138224,96.21263999999998,7240.52,548.99,2.1434615384615383,95.46236861379523,0.78761,0.4755,0.8581,0.6687,0.88,0.91,4051.55,1.0,0.9838,0.8438678235851782,0.9059670669642403,25.515862464904785,54.03359603881836,53.77401,21.06026,0.46633857,0.2267937809228897,/scicore/home/schwede/barta0000/germinal_ds/templates_originals/nb_s358395_mpnn_2_IL3/chai_no_constraints/seed_135/pred.model_idx_3.cif,0.5003325343132019,/scicore/home/schwede/barta0000/germinal_ds/templates_originals/nb_s358395_mpnn_2_IL3/chai_with_constraints/seed_1654/pred.model_idx_4.cif,0.2267937809228897,0.5788044929504395,0.13879109919071198,"[[0.9102247357368469, 0.3101133406162262]]","[[[0.9102247357368469, 0.13879109919071198], [0.12798582017421722, 0.3101133406162262]]]",0.13879109919071198,0.006332,0.0578,0.0098,0.007,0.5003325343132019,0.7225227355957031,0.4447849690914154,"[[0.9065845608711243, 0.4492049515247345]]","[[[0.9065845608711243, 0.37998631596565247], [0.4447849690914154, 0.4492049515247345]]]",0.37998631596565247,0.336569,0.0902,0.0983,0.3413,0.8028742671012878,0.7590015530586243,0.5501239895820618,0.8660618662834167,0.786128044128418,0.5874079465866089,4.096911430358887,0.5333035588264465,/scicore/home/schwede/barta0000/germinal_ds/templates_originals/nb_s358395_mpnn_2_IL3/boltz_free/output/boltz_results_nb_s358395_mpnn_2_IL3/predictions/nb_s358395_mpnn_2_IL3/nb_s358395_mpnn_2_IL3_model_0.cif,0.187732,0.0905,0.0506,0.1701,0.8387739062309265,0.7699835896492004,0.5739386677742004,0.9049826860427856,0.8713893890380859,0.6373302340507507,5.336809158325195,0.5739386677742004,/scicore/home/schwede/barta0000/germinal_ds/templates_originals/nb_s358395_mpnn_2_IL3/boltz_with_template/output/boltz_results_nb_s358395_mpnn_2_IL3/predictions/nb_s358395_mpnn_2_IL3/nb_s358395_mpnn_2_IL3_model_0.cif,0.185693,0.1992,0.1062,0.1837
nb_s327251_mpnn_3_IL3,False,"A,B",4.898704000000001,91.00678184631253,22.31,1.15,2.4604166666666667,90.28720800450805,0.669476,0.4092,0.6088,0.5764,0.83,0.875,-78.06,0.0,0.84,0.0361,0.169,3.0970054399999993,96.95144,8868.11,559.17,1.5779347826086956,97.7076926598182,0.846925,0.5082,0.9113,0.7048,0.91,0.93,26588.96,1.0,0.9911,0.886213867626241,0.9264258539993914,,,54.13484,21.225805,0.473644,0.26247307658195496,/scicore/home/schwede/barta0000/germinal_ds/templates_originals/nb_s327251_mpnn_3_IL3/chai_no_constraints/seed_409/pred.model_idx_0.cif,0.43102842569351196,/scicore/home/schwede/barta0000/germinal_ds/templates_originals/nb_s327251_mpnn_3_IL3/chai_with_constraints/seed_6922/pred.model_idx_1.cif,0.26247307658195496,0.6051833033561707,0.17679551243782043,"[[0.9379221796989441, 0.31880393624305725]]","[[[0.9379221796989441, 0.1682867407798767], [0.17679551243782043, 0.31880393624305725]]]",0.1682867407798767,0.024071,0.1109,0.0117,0.0192,0.43102842569351196,0.6817377805709839,0.3683510720729828,"[[0.9419461488723755, 0.3287261426448822]]","[[[0.9419461488723755, 0.29001230001449585], [0.3683510720729828, 0.3287261426448822]]]",0.29001230001449585,0.149856,0.0935,0.0339,0.1753,0.8624812364578247,0.9003188610076904,0.8357447385787964,0.869165301322937,0.822465717792511,0.37866973876953125,1.343514084815979,0.8209770917892456,/scicore/home/schwede/barta0000/germinal_ds/templates_originals/nb_s327251_mpnn_3_IL3/boltz_free/output/boltz_results_nb_s327251_mpnn_3_IL3/predictions/nb_s327251_mpnn_3_IL3/nb_s327251_mpnn_3_IL3_model_0.cif,0.629231,0.1575,0.3863,0.5713,0.8803435564041138,0.8083143830299377,0.6695235371589661,0.9330485463142395,0.9078670740127563,0.6597111821174622,5.555177688598633,0.6454627513885498,/scicore/home/schwede/barta0000/germinal_ds/templates_originals/nb_s327251_mpnn_3_IL3/boltz_with_template/output/boltz_results_nb_s327251_mpnn_3_IL3/predictions/nb_s327251_mpnn_3_IL3/nb_s327251_mpnn_3_IL3_model_0.cif,0.274892,0.3807,0.1639,0.2463
nb_s717713_mpnn_2_IL20,False,"A,B",4.509641581632653,89.78694532309083,10.55,0.48,3.1846938775510205,88.72436427980772,0.712575,0.397,0.7496,0.5906,0.85,0.895,38.15,0.0,0.85,0.0371,0.164,3.424640178571429,96.39642857142857,594.68,36.54,2.217888888888889,97.61717373391856,0.81966,0.4834,0.9124,0.6758,0.9,0.92,2332.32,1.0,0.3991,0.8484530482711902,0.9010293550392597,20.404864072799683,49.197357177734375,72.66083,16.46673,0.51299244,0.8546971082687378,/scicore/home/schwede/barta0000/germinal_ds/templates_originals/nb_s717713_mpnn_2_IL20/chai_no_constraints/seed_1642/pred.model_idx_4.cif,0.3443743586540222,/scicore/home/schwede/barta0000/germinal_ds/templates_originals/nb_s717713_mpnn_2_IL20/chai_with_constraints/seed_4096/pred.model_idx_4.cif,0.8546971082687378,0.9179116487503052,0.8388934135437012,"[[0.9254798293113708, 0.9217395186424255]]","[[[0.9254798293113708, 0.7854169011116028], [0.8388934135437012, 0.9217395186424255]]]",0.7854169011116028,0.827398,0.3819,0.786,0.62,0.3443743586540222,0.6267198324203491,0.2737880051136017,"[[0.9039736986160278, 0.8042025566101074]]","[[[0.9039736986160278, 0.2737880051136017], [0.21692869067192078, 0.8042025566101074]]]",0.2737880051136017,0.144082,0.1709,0.032,0.0924,0.6132418513298035,0.6149957776069641,0.39652252197265625,0.6674216389656067,0.6489342451095581,1.4268646240234375,7.454980373382568,0.39652252197265625,/scicore/home/schwede/barta0000/germinal_ds/templates_originals/nb_s717713_mpnn_2_IL20/boltz_free/output/boltz_results_nb_s717713_mpnn_2_IL20/predictions/nb_s717713_mpnn_2_IL20/nb_s717713_mpnn_2_IL20_model_0.cif,0.056643,0.1229,0.014,0.0485,0.8787514567375183,0.8283761143684387,0.8040446639060974,0.8974281549453735,0.9013949632644653,0.6117926836013794,2.9240264892578125,0.8040446639060974,/scicore/home/schwede/barta0000/germinal_ds/templates_originals/nb_s717713_mpnn_2_IL20/boltz_with_template/output/boltz_results_nb_s717713_mpnn_2_IL20/predictions/nb_s717713_mpnn_2_IL20/nb_s717713_mpnn_2_IL20_model_0.cif,0.480242,0.4244,0.45,0.4024
nb_s938027_mpnn_3_BHRF,False,"A,B",5.10462962962963,90.51913793103448,32.06,1.75,2.2487500000000002,91.55624313865432,0.773201,0.5215,0.8021,0.5859,0.86,0.885,-116.38,0.0,0.87,0.9783,0.249,3.376909722222222,96.34194444444444,224.65,15.7,1.8694594594594596,97.2570279095624,0.863891,0.5725,0.9173,0.6731,0.91,0.93,217.25,1.0,0.0381,0.8368966647646474,0.9057333632254613,20.99337863922119,36.346031188964844,74.61249,16.65338,0.51975447,0.3725385367870331,/scicore/home/schwede/barta0000/germinal_ds/templates_originals/nb_s938027_mpnn_3_BHRF/chai_no_constraints/seed_1146/pred.model_idx_2.cif,0.8756707906723022,/scicore/home/schwede/barta0000/germinal_ds/templates_originals/nb_s938027_mpnn_3_BHRF/chai_with_constraints/seed_2219/pred.model_idx_1.cif,0.3725385367870331,0.6760969161987305,0.29664894938468933,"[[0.8989253044128418, 0.9121743440628052]]","[[[0.8989253044128418, 0.29664894938468933], [0.24871845543384552, 0.9121743440628052]]]",0.29664894938468933,0.155346,0.1285,0.0243,0.0717,0.8756707906723022,0.9371158480644226,0.8603094816207886,"[[0.9330863356590271, 0.9307538866996765]]","[[[0.9330863356590271, 0.8603094816207886], [0.8487105965614319, 0.9307538866996765]]]",0.8603094816207886,0.854698,0.4922,0.8067,0.6284,0.9264436960220337,0.9298676252365112,0.9170403480529785,0.9287945628166199,0.9065404534339905,0.32561495900154114,0.6314931511878967,0.8729922771453857,/scicore/home/schwede/barta0000/germinal_ds/templates_originals/nb_s938027_mpnn_3_BHRF/boltz_free/output/boltz_results_nb_s938027_mpnn_3_BHRF/predictions/nb_s938027_mpnn_3_BHRF/nb_s938027_mpnn_3_BHRF_model_0.cif,0.869874,0.3289,0.7225,0.6483,0.9309396147727966,0.916096568107605,0.9063218235969543,0.93709397315979,0.9199967980384827,0.3559831976890564,0.7938627600669861,0.8478583097457886,/scicore/home/schwede/barta0000/germinal_ds/templates_originals/nb_s938027_mpnn_3_BHRF/boltz_with_template/output/boltz_results_nb_s938027_mpnn_3_BHRF/predictions/nb_s938027_mpnn_3_BHRF/nb_s938027_mpnn_3_BHRF_model_0.cif,0.844525,0.374,0.7567,0.603
nb_s81839_mpnn_3_IL3,False,"A,B",4.3239712,91.25983274201722,2.46,0.13,2.855813953488372,88.7381987757669,0.805043,0.3326,0.5303,0.642,0.88,0.89,80.29,0.0,0.89,0.9918,0.278,3.8184608,95.2016,18942.22,1006.41,2.0892045454545456,94.46609776194502,0.820491,0.4167,0.6494,0.688,0.9,0.91,37090.6,1.0,0.5477,0.7755556939441227,0.7830805184106335,,,52.75306,21.334799,0.45978412,0.4196336269378662,/scicore/home/schwede/barta0000/germinal_ds/templates_originals/nb_s81839_mpnn_3_IL3/chai_no_constraints/seed_1255/pred.model_idx_3.cif,0.34320786595344543,/scicore/home/schwede/barta0000/germinal_ds/templates_originals/nb_s81839_mpnn_3_IL3/chai_with_constraints/seed_2104/pred.model_idx_3.cif,0.4196336269378662,0.6422889828681946,0.3639697730541229,"[[0.9333505630493164, 0.3384360373020172]]","[[[0.9333505630493164, 0.22589975595474243], [0.3639697730541229, 0.3384360373020172]]]",0.22589975595474243,0.069874,0.1038,0.0121,0.0741,0.34320786595344543,0.6695612072944641,0.261619508266449,"[[0.933357834815979, 0.4189523160457611]]","[[[0.933357834815979, 0.261619508266449], [0.24458244442939758, 0.4189523160457611]]]",0.261619508266449,0.143927,0.0738,0.0332,0.1576,0.8206343054771423,0.8051178455352783,0.6736771464347839,0.8573735356330872,0.7891007661819458,0.5076738595962524,2.9891648292541504,0.6736771464347839,/scicore/home/schwede/barta0000/germinal_ds/templates_originals/nb_s81839_mpnn_3_IL3/boltz_free/output/boltz_results_nb_s81839_mpnn_3_IL3/predictions/nb_s81839_mpnn_3_IL3/nb_s81839_mpnn_3_IL3_model_0.cif,0.266697,0.1183,0.1189,0.2676,0.8373703360557556,0.8067203760147095,0.6437123417854309,0.8857847452163696,0.7978426814079285,0.5763254165649414,3.7808916568756104,0.642064094543457,/scicore/home/schwede/barta0000/germinal_ds/templates_originals/nb_s81839_mpnn_3_IL3/boltz_with_template/output/boltz_results_nb_s81839_mpnn_3_IL3/predictions/nb_s81839_mpnn_3_IL3/nb_s81839_mpnn_3_IL3_model_0.cif,0.271383,0.2494,0.0982,0.2674
nb_s664067_mpnn_1_BHRF,False,"A,B",6.518092930169752,85.61361147902869,87.0,3.98,4.523,82.47734378620507,0.663108,0.4005,0.4897,0.5205,0.8,0.845,-102.43,0.0,0.81,0.9938,0.274,4.013583863811729,93.93625,1438.98,65.8,2.4147916666666664,93.71767478765443,0.844158,0.5488,0.808,0.6554,0.9,0.93,492.37,1.0,0.9949,0.8651875564982012,0.8769213857336743,16.297046343485516,52.664756774902344,73.93849,15.370468,0.547405,0.35090941190719604,/scicore/home/schwede/barta0000/germinal_ds/templates_originals/nb_s664067_mpnn_1_BHRF/chai_no_constraints/seed_3260/pred.model_idx_1.cif,0.7743902802467346,/scicore/home/schwede/barta0000/germinal_ds/templates_originals/nb_s664067_mpnn_1_BHRF/chai_with_constraints/seed_1975/pred.model_idx_0.cif,0.35090941190719604,0.6533316969871521,0.27530384063720703,"[[0.8933002948760986, 0.8967384099960327]]","[[[0.8933002948760986, 0.27530384063720703], [0.23914146423339844, 0.8967384099960327]]]",0.27530384063720703,0.114594,0.1244,0.0152,0.0599,0.7743902802467346,0.9002827405929565,0.7429171204566956,"[[0.9138373136520386, 0.9207237958908081]]","[[[0.9138373136520386, 0.7180402874946594], [0.7429171204566956, 0.9207237958908081]]]",0.7180402874946594,0.709489,0.4125,0.5469,0.5579,0.9242679476737976,0.9234375357627869,0.8699121475219727,0.937856912612915,0.9154606461524963,0.38563984632492065,1.0531549453735352,0.8699121475219727,/scicore/home/schwede/barta0000/germinal_ds/templates_originals/nb_s664067_mpnn_1_BHRF/boltz_free/output/boltz_results_nb_s664067_mpnn_1_BHRF/predictions/nb_s664067_mpnn_1_BHRF/nb_s664067_mpnn_1_BHRF_model_0.cif,0.761185,0.4614,0.6934,0.6406,0.9435216188430786,0.9509735107421875,0.9218554496765137,0.9489381313323975,0.9419304132461548,0.38376209139823914,0.867865800857544,0.9218554496765137,/scicore/home/schwede/barta0000/germinal_ds/templates_originals/nb_s664067_mpnn_1_BHRF/boltz_with_template/output/boltz_results_nb_s664067_mpnn_1_BHRF/predictions/nb_s664067_mpnn_1_BHRF/nb_s664067_mpnn_1_BHRF_model_0.cif,0.87094,0.5008,0.8132,0.6931
nb_s614599_mpnn_3_IL3,False,"A,B",5.0633311999999995,89.93816347124117,32.9,2.16,3.3218750000000004,89.81488199784025,0.654079,0.3084,0.7398,0.5469,0.8,0.875,-83.08,0.0,0.82,0.8677,0.195,3.4391224000000005,96.45648000000001,2466.88,164.71,1.8095,96.75571523393903,0.780654,0.381,0.8942,0.6581,0.88,0.91,1973.25,1.0,0.0076,0.8404995823259429,0.8860994699797622,25.734334309895832,58.56812286376953,53.675514,21.000423,0.4661693,0.2330670803785324,/scicore/home/schwede/barta0000/germinal_ds/templates_originals/nb_s614599_mpnn_3_IL3/chai_no_constraints/seed_372/pred.model_idx_1.cif,0.43706876039505005,/scicore/home/schwede/barta0000/germinal_ds/templates_originals/nb_s614599_mpnn_3_IL3/chai_with_constraints/seed_2156/pred.model_idx_2.cif,0.2330670803785324,0.5809890627861023,0.14608657360076904,"[[0.9048585295677185, 0.30283820629119873]]","[[[0.9048585295677185, 0.14608657360076904], [0.09263119101524353, 0.30283820629119873]]]",0.14608657360076904,0.006375,0.0681,0.0099,0.003,0.43706876039505005,0.6936340928077698,0.37292739748954773,"[[0.9123450517654419, 0.39393144845962524]]","[[[0.9123450517654419, 0.31945180892944336], [0.37292739748954773, 0.39393144845962524]]]",0.31945180892944336,0.258078,0.0765,0.0761,0.2809,0.8803085684776306,0.8664131164550781,0.7491077184677124,0.9131087064743042,0.8865390419960022,0.3934117257595062,2.187436103820801,0.7491077184677124,/scicore/home/schwede/barta0000/germinal_ds/templates_originals/nb_s614599_mpnn_3_IL3/boltz_free/output/boltz_results_nb_s614599_mpnn_3_IL3/predictions/nb_s614599_mpnn_3_IL3/nb_s614599_mpnn_3_IL3_model_0.cif,0.414938,0.2217,0.359,0.4179,0.8782974481582642,0.7921748161315918,0.6277881264686584,0.9409247636795044,0.9334295392036438,0.6227800846099854,5.903418064117432,0.6111136078834534,/scicore/home/schwede/barta0000/germinal_ds/templates_originals/nb_s614599_mpnn_3_IL3/boltz_with_template/output/boltz_results_nb_s614599_mpnn_3_IL3/predictions/nb_s614599_mpnn_3_IL3/nb_s614599_mpnn_3_IL3_model_0.cif,0.196538,0.3005,0.1625,0.1711
nb_s166775_mpnn_5_PDL1,False,"A,B",7.66671875,82.945825446898,18.61,1.28,3.4203125,81.37743739456096,0.456035,0.2636,0.4093,0.4043,0.73,0.825,-159.69,0.0,0.74,0.9905,0.258,3.3990027777777776,96.55866666666667,25919.07,1324.41,2.076212121212121,95.78419297741306,0.782843,0.4426,0.8858,0.6733,0.89,0.9,26456.46,1.0,0.4122,0.8865363866576942,0.8251098878680256,19.488057772318523,52.75883102416992,66.841194,16.374897,0.51148546,0.8233035206794739,/scicore/home/schwede/barta0000/germinal_ds/templates_originals/nb_s166775_mpnn_5_PDL1/chai_no_constraints/seed_3785/pred.model_idx_0.cif,0.8469412326812744,/scicore/home/schwede/barta0000/germinal_ds/templates_originals/nb_s166775_mpnn_5_PDL1/chai_with_constraints/seed_154/pred.model_idx_1.cif,0.8233035206794739,0.9117849469184875,0.8011831045150757,"[[0.934286892414093, 0.9301683306694031]]","[[[0.934286892414093, 0.8011831045150757], [0.7763689756393433, 0.9301683306694031]]]",0.8011831045150757,0.756487,0.3807,0.7696,0.6237,0.8469412326812744,0.9216595888137817,0.8282616138458252,"[[0.9342637062072754, 0.9332244992256165]]","[[[0.9342637062072754, 0.8282616138458252], [0.8025941252708435, 0.9332244992256165]]]",0.8282616138458252,0.813165,0.4039,0.8059,0.649,0.9395673871040344,0.9333263039588928,0.9036921262741089,0.948536217212677,0.9396268725395203,0.32862237095832825,0.6884998083114624,0.8844622373580933,/scicore/home/schwede/barta0000/germinal_ds/templates_originals/nb_s166775_mpnn_5_PDL1/boltz_free/output/boltz_results_nb_s166775_mpnn_5_PDL1/predictions/nb_s166775_mpnn_5_PDL1/nb_s166775_mpnn_5_PDL1_model_0.cif,0.808861,0.3778,0.8199,0.698,0.9521743059158325,0.9402957558631897,0.9349610209465027,0.9564775824546814,0.9506109356880188,0.3063904643058777,0.546663761138916,0.9007480144500732,/scicore/home/schwede/barta0000/germinal_ds/templates_originals/nb_s166775_mpnn_5_PDL1/boltz_with_template/output/boltz_results_nb_s166775_mpnn_5_PDL1/predictions/nb_s166775_mpnn_5_PDL1/nb_s166775_mpnn_5_PDL1_model_0.cif,0.877591,0.4151,0.8674,0.7352
nb_s378562_mpnn_3_PDL1,False,"A,B",11.574328125000003,82.10989963021659,323.56,23.31,7.854166666666667,67.99897733070738,0.031257,0.0804,0.0249,0.0977,0.25,0.8200000000000001,-62.75,0.0,0.32,0.5224,0.479,6.4897984375,90.18370833333334,3437.59,238.18,3.761190476190476,79.97083346048991,0.270892,0.1539,0.1741,0.2904,0.51,0.73,1799.65,1.0,0.5928,0.11883396881067536,0.8942323747280635,,,67.495285,17.93878,0.4731384,0.4695068597793579,/scicore/home/schwede/barta0000/germinal_ds/templates_originals/nb_s378562_mpnn_3_PDL1/chai_no_constraints/seed_1546/pred.model_idx_0.cif,0.6455491185188293,/scicore/home/schwede/barta0000/germinal_ds/templates_originals/nb_s378562_mpnn_3_PDL1/chai_with_constraints/seed_1040/pred.model_idx_2.cif,0.4695068597793579,0.7528286576271057,0.39867639541625977,"[[0.9083963632583618, 0.8852760195732117]]","[[[0.9083963632583618, 0.39867639541625977], [0.3964003026485443, 0.8852760195732117]]]",0.39867639541625977,0.247076,0.0784,0.04,0.2455,0.6455491185188293,0.8336599469184875,0.5985214114189148,"[[0.9123815298080444, 0.9238313436508179]]","[[[0.9123815298080444, 0.5876531600952148], [0.5985214114189148, 0.9238313436508179]]]",0.5876531600952148,0.525941,0.1667,0.3234,0.5196,0.8100711703300476,0.8125803470611572,0.6458833813667297,0.8511180877685547,0.7631675004959106,0.5013388991355896,2.741842269897461,0.609412431716919,/scicore/home/schwede/barta0000/germinal_ds/templates_originals/nb_s378562_mpnn_3_PDL1/boltz_free/output/boltz_results_nb_s378562_mpnn_3_PDL1/predictions/nb_s378562_mpnn_3_PDL1/nb_s378562_mpnn_3_PDL1_model_0.cif,0.261687,0.0845,0.0923,0.2982,0.9373124241828918,0.9304115772247314,0.8942268490791321,0.9480838179588318,0.9364384412765503,0.31360113620758057,0.5682306289672852,0.8789110779762268,/scicore/home/schwede/barta0000/germinal_ds/templates_originals/nb_s378562_mpnn_3_PDL1/boltz_with_template/output/boltz_results_nb_s378562_mpnn_3_PDL1/predictions/nb_s378562_mpnn_3_PDL1/nb_s378562_mpnn_3_PDL1_model_0.cif,0.808554,0.4489,0.8272,0.7258
nb_s913468_mpnn_2_IL20,False,"A,B",4.226520408163266,90.64169321802457,38.77,2.23,3.3237499999999995,88.74932971058135,0.688705,0.3727,0.7509,0.6078,0.83,0.905,-101.35,0.0,0.84,0.0986,0.435,3.7356076530612246,95.8779642857143,23996.23,917.89,2.36030303030303,95.20323517743279,0.723619,0.3581,0.8331,0.6229,0.85,0.9,23928.96,1.0,0.0827,0.7854434472218124,0.8366124924134439,16.36651849746704,63.430381774902344,73.32764,15.574809,0.53711444,0.7843130826950073,/scicore/home/schwede/barta0000/germinal_ds/templates_originals/nb_s913468_mpnn_2_IL20/chai_no_constraints/seed_1249/pred.model_idx_0.cif,0.35541656613349915,/scicore/home/schwede/barta0000/germinal_ds/templates_originals/nb_s913468_mpnn_2_IL20/chai_with_constraints/seed_2397/pred.model_idx_4.cif,0.7843130826950073,0.8898706436157227,0.7579236030578613,"[[0.9323552846908569, 0.9127722978591919]]","[[[0.9323552846908569, 0.7579236030578613], [0.7270992994308472, 0.9127722978591919]]]",0.7579236030578613,0.697997,0.1948,0.5885,0.5667,0.35541656613349915,0.646480917930603,0.2826504707336426,"[[0.9067907333374023, 0.8606300950050354]]","[[[0.9067907333374023, 0.2826504707336426], [0.2431308627128601, 0.8606300950050354]]]",0.2826504707336426,0.160775,0.0472,0.0247,0.1198,0.6497961282730103,0.7254874110221863,0.576755702495575,0.6680561900138855,0.6121982932090759,0.9801537990570068,4.536798477172852,0.576755702495575,/scicore/home/schwede/barta0000/germinal_ds/templates_originals/nb_s913468_mpnn_2_IL20/boltz_free/output/boltz_results_nb_s913468_mpnn_2_IL20/predictions/nb_s913468_mpnn_2_IL20/nb_s913468_mpnn_2_IL20_model_0.cif,0.204694,0.0555,0.0316,0.1727,0.8863236308097839,0.8512222170829773,0.7864909768104553,0.9112818241119385,0.8820931911468506,0.5853143334388733,2.2001070976257324,0.7864909768104553,/scicore/home/schwede/barta0000/germinal_ds/templates_originals/nb_s913468_mpnn_2_IL20/boltz_with_template/output/boltz_results_nb_s913468_mpnn_2_IL20/predictions/nb_s913468_mpnn_2_IL20/nb_s913468_mpnn_2_IL20_model_0.cif,0.549321,0.2938,0.4253,0.4467
nb_s206651_mpnn_1_BHRF,False,"A,B",5.009758391203704,89.91932360742706,29.36,1.67,2.033333333333333,92.78471288716295,0.810633,0.4232,0.8602,0.5948,0.89,0.89,-130.05,0.0,0.89,0.99,0.28,3.5826976032021607,95.72631944444444,673.19,34.72,1.7833870967741934,96.30697007612748,0.855394,0.469,0.892,0.6564,0.91,0.92,454.07,1.0,0.997,0.8446197923223451,0.8907928779838439,18.729568779468536,49.391109466552734,74.07098,15.975864,0.53522384,0.29139500856399536,/scicore/home/schwede/barta0000/germinal_ds/templates_originals/nb_s206651_mpnn_1_BHRF/chai_no_constraints/seed_4691/pred.model_idx_1.cif,0.49000251293182373,/scicore/home/schwede/barta0000/germinal_ds/templates_originals/nb_s206651_mpnn_1_BHRF/chai_with_constraints/seed_3019/pred.model_idx_0.cif,0.29139500856399536,0.6279914379119873,0.20724588632583618,"[[0.8688536882400513, 0.8998211026191711]]","[[[0.8688536882400513, 0.20724588632583618], [0.16710054874420166, 0.8998211026191711]]]",0.20724588632583618,0.053112,0.1444,0.0144,0.08,0.49000251293182373,0.7679458856582642,0.42051663994789124,"[[0.8739427328109741, 0.9089460968971252]]","[[[0.8739427328109741, 0.42051663994789124], [0.41754966974258423, 0.9089460968971252]]]",0.42051663994789124,0.305878,0.1225,0.128,0.3125,0.8717174530029297,0.9332243800163269,0.8913030624389648,0.8668211102485657,0.7787051796913147,0.3441982567310333,1.006664514541626,0.8822757005691528,/scicore/home/schwede/barta0000/germinal_ds/templates_originals/nb_s206651_mpnn_1_BHRF/boltz_free/output/boltz_results_nb_s206651_mpnn_1_BHRF/predictions/nb_s206651_mpnn_1_BHRF/nb_s206651_mpnn_1_BHRF_model_0.cif,0.803171,0.1318,0.2996,0.6404,0.9206716418266296,0.8491674661636353,0.8500764966011047,0.9383203983306885,0.9134290218353271,0.47992172837257385,2.475374698638916,0.7051843404769897,/scicore/home/schwede/barta0000/germinal_ds/templates_originals/nb_s206651_mpnn_1_BHRF/boltz_with_template/output/boltz_results_nb_s206651_mpnn_1_BHRF/predictions/nb_s206651_mpnn_1_BHRF/nb_s206651_mpnn_1_BHRF_model_0.cif,0.663096,0.3897,0.5131,0.3742
nb_s175477_mpnn_2_BHRF,False,"A,B",5.82240909529321,87.49988996478874,92.79,4.81,3.8,85.13180545429395,0.682044,0.4448,0.614,0.5215,0.81,0.865,-102.24,0.0,0.82,0.0005,0.221,3.522014130015432,95.85979166666667,889.68,45.59,2.0831578947368414,96.17000064849853,0.825226,0.5779,0.8875,0.6589,0.9,0.93,227.39,1.0,0.1759,0.8946990864809758,0.8824675224898098,19.44531307220459,66.07162475585938,73.7876,16.373463,0.53598577,0.398485004901886,/scicore/home/schwede/barta0000/germinal_ds/templates_originals/nb_s175477_mpnn_2_BHRF/chai_no_constraints/seed_1194/pred.model_idx_0.cif,0.4751930832862854,/scicore/home/schwede/barta0000/germinal_ds/templates_originals/nb_s175477_mpnn_2_BHRF/chai_with_constraints/seed_1873/pred.model_idx_2.cif,0.398485004901886,0.6997861862182617,0.32315972447395325,"[[0.8859784603118896, 0.9133636951446533]]","[[[0.8859784603118896, 0.32315972447395325], [0.30682265758514404, 0.9133636951446533]]]",0.32315972447395325,0.167589,0.1101,0.0227,0.1071,0.4751930832862854,0.7579832673072815,0.4044955372810364,"[[0.8862434029579163, 0.9145901203155518]]","[[[0.8862434029579163, 0.4044955372810364], [0.39415210485458374, 0.9145901203155518]]]",0.4044955372810364,0.274765,0.1151,0.0874,0.2546,0.9105752110481262,0.9016211032867432,0.835087239742279,0.9294471740722656,0.8985374569892883,0.3969327211380005,1.1843641996383667,0.8251534104347229,/scicore/home/schwede/barta0000/germinal_ds/templates_originals/nb_s175477_mpnn_2_BHRF/boltz_free/output/boltz_results_nb_s175477_mpnn_2_BHRF/predictions/nb_s175477_mpnn_2_BHRF/nb_s175477_mpnn_2_BHRF_model_0.cif,0.709824,0.4362,0.6231,0.5662,0.9127195477485657,0.8831347823143005,0.7850038409233093,0.9446485042572021,0.9232629537582397,0.49061319231987,2.41331148147583,0.7850038409233093,/scicore/home/schwede/barta0000/germinal_ds/templates_originals/nb_s175477_mpnn_2_BHRF/boltz_with_template/output/boltz_results_nb_s175477_mpnn_2_BHRF/predictions/nb_s175477_mpnn_2_BHRF/nb_s175477_mpnn_2_BHRF_model_0.cif,0.497788,0.5055,0.5437,0.4872
nb_s807688_mpnn_3_IL3,False,"A,B",9.0064464,82.47725089422585,114.79,5.77,6.513235294117647,70.56787490852537,0.165226,0.1758,0.0533,0.1446,0.52,0.835,-11.5,0.0,0.55,0.0994,0.239,4.03772832,93.76448,6995.07,390.37,2.5520588235294115,90.6478381801296,0.722079,0.4121,0.6258,0.6046,0.85,0.89,4811.92,1.0,0.1082,0.3892068469215759,0.850778035388011,27.062849521636963,33.06733703613281,53.87267,20.937828,0.46917033,0.237342968583107,/scicore/home/schwede/barta0000/germinal_ds/templates_originals/nb_s807688_mpnn_3_IL3/chai_no_constraints/seed_1487/pred.model_idx_4.cif,0.3171139359474182,/scicore/home/schwede/barta0000/germinal_ds/templates_originals/nb_s807688_mpnn_3_IL3/chai_with_constraints/seed_1678/pred.model_idx_4.cif,0.237342968583107,0.5896905064582825,0.14925608038902283,"[[0.9254599809646606, 0.3135281205177307]]","[[[0.9254599809646606, 0.14925608038902283], [0.14012205600738525, 0.3135281205177307]]]",0.14925608038902283,0.007328,0.1067,0.0106,0.0231,0.3171139359474182,0.6411800384521484,0.23609742522239685,"[[0.9302124381065369, 0.32417017221450806]]","[[[0.9302124381065369, 0.23609742522239685], [0.21338516473770142, 0.32417017221450806]]]",0.23609742522239685,0.108123,0.1134,0.0183,0.1741,0.8400107622146606,0.9220892786979675,0.8764647841453552,0.8308972120285034,0.7505483627319336,0.3653307259082794,1.2472056150436401,0.8764647841453552,/scicore/home/schwede/barta0000/germinal_ds/templates_originals/nb_s807688_mpnn_3_IL3/boltz_free/output/boltz_results_nb_s807688_mpnn_3_IL3/predictions/nb_s807688_mpnn_3_IL3/nb_s807688_mpnn_3_IL3_model_0.cif,0.704664,0.1249,0.2523,0.6267,0.7785457372665405,0.7565244436264038,0.582371175289154,0.8275893330574036,0.7402454018592834,0.7961494326591492,6.726840496063232,0.582371175289154,/scicore/home/schwede/barta0000/germinal_ds/templates_originals/nb_s807688_mpnn_3_IL3/boltz_with_template/output/boltz_results_nb_s807688_mpnn_3_IL3/predictions/nb_s807688_mpnn_3_IL3/nb_s807688_mpnn_3_IL3_model_0.cif,0.167892,0.1085,0.0304,0.1399
nb_s666722_mpnn_1_IL3,False,"A,B",5.154059199999999,89.55193961105424,44.47,3.04,3.594230769230769,90.59706323212855,0.624414,0.3388,0.7172,0.5376,0.79,0.87,-84.23,0.0,0.81,0.0627,0.188,3.4745632000000004,96.095,19568.49,821.75,2.5593478260869573,96.86103268327385,0.784657,0.4203,0.8887,0.6538,0.88,0.91,18593.53,1.0,0.0001,0.8292909874685501,0.8352320720078423,24.486666997273762,50.42131042480469,50.85227,21.272894,0.455074,0.2540636658668518,/scicore/home/schwede/barta0000/germinal_ds/templates_originals/nb_s666722_mpnn_1_IL3/chai_no_constraints/seed_1433/pred.model_idx_3.cif,0.25955259799957275,/scicore/home/schwede/barta0000/germinal_ds/templates_originals/nb_s666722_mpnn_1_IL3/chai_with_constraints/seed_3321/pred.model_idx_4.cif,0.2540636658668518,0.6018886566162109,0.16710740327835083,"[[0.9305340647697449, 0.32415294647216797]]","[[[0.9305340647697449, 0.16710740327835083], [0.11736152321100235, 0.32415294647216797]]]",0.16710740327835083,0.02511,0.0718,0.0108,0.0133,0.25955259799957275,0.6074494123458862,0.17257839441299438,"[[0.9304994344711304, 0.3200082778930664]]","[[[0.9304994344711304, 0.17257839441299438], [0.15820151567459106, 0.3200082778930664]]]",0.17257839441299438,0.043499,0.0739,0.0128,0.1069,0.8052854537963867,0.8687582015991211,0.80055832862854,0.8064671754837036,0.7088181972503662,0.41443032026290894,1.9355480670928955,0.80055832862854,/scicore/home/schwede/barta0000/germinal_ds/templates_originals/nb_s666722_mpnn_1_IL3/boltz_free/output/boltz_results_nb_s666722_mpnn_1_IL3/predictions/nb_s666722_mpnn_1_IL3/nb_s666722_mpnn_1_IL3_model_0.cif,0.455044,0.0929,0.1265,0.4704,0.8023907542228699,0.713493824005127,0.47968363761901855,0.8830675482749939,0.8395735025405884,0.7974182963371277,6.919025897979736,0.47968363761901855,/scicore/home/schwede/barta0000/germinal_ds/templates_originals/nb_s666722_mpnn_1_IL3/boltz_with_template/output/boltz_results_nb_s666722_mpnn_1_IL3/predictions/nb_s666722_mpnn_1_IL3/nb_s666722_mpnn_1_IL3_model_0.cif,0.123805,0.2369,0.0357,0.0984
nb_s450006_mpnn_3_IL3,False,"A,B",5.934896,88.57303525804802,57.87,2.96,3.671590909090908,84.46373593923103,0.48484,0.2964,0.4242,0.4349,0.75,0.86,-45.93,0.0,0.76,0.9909,0.22,3.64878368,95.57748,4665.66,424.92,2.229651162790698,95.70714242117745,0.801149,0.4487,0.8533,0.6604,0.89,0.91,4816.7,1.0,0.9883,0.9247653912885059,0.903715317269382,,,52.964985,21.017227,0.4667164,0.6599825620651245,/scicore/home/schwede/barta0000/germinal_ds/templates_originals/nb_s450006_mpnn_3_IL3/chai_no_constraints/seed_2962/pred.model_idx_4.cif,0.5619043707847595,/scicore/home/schwede/barta0000/germinal_ds/templates_originals/nb_s450006_mpnn_3_IL3/chai_with_constraints/seed_1936/pred.model_idx_1.cif,0.6599825620651245,0.6914869546890259,0.6521064639091492,"[[0.9439668655395508, 0.34328973293304443]]","[[[0.9439668655395508, 0.30651208758354187], [0.6521064639091492, 0.34328973293304443]]]",0.30651208758354187,0.430961,0.1886,0.0959,0.2956,0.5619043707847595,0.645869255065918,0.5409131646156311,"[[0.9382505416870117, 0.3133952021598816]]","[[[0.9382505416870117, 0.23200462758541107], [0.5409131646156311, 0.3133952021598816]]]",0.23200462758541107,0.200664,0.1746,0.039,0.2161,0.7997338771820068,0.8075445294380188,0.7199977040290833,0.8196679353713989,0.7294448614120483,0.7053589820861816,3.427222728729248,0.7199977040290833,/scicore/home/schwede/barta0000/germinal_ds/templates_originals/nb_s450006_mpnn_3_IL3/boltz_free/output/boltz_results_nb_s450006_mpnn_3_IL3/predictions/nb_s450006_mpnn_3_IL3/nb_s450006_mpnn_3_IL3_model_0.cif,0.316802,0.1136,0.0923,0.2813,0.8523846864700317,0.7942947149276733,0.6678716540336609,0.8985129594802856,0.8456233739852905,0.6748794913291931,4.410501003265381,0.6678716540336609,/scicore/home/schwede/barta0000/germinal_ds/templates_originals/nb_s450006_mpnn_3_IL3/boltz_with_template/output/boltz_results_nb_s450006_mpnn_3_IL3/predictions/nb_s450006_mpnn_3_IL3/nb_s450006_mpnn_3_IL3_model_0.cif,0.263264,0.2781,0.1406,0.2884
nb_s541171_mpnn_1_IL3,False,"A,B",6.4045984,86.1712323943662,111.86,6.07,5.02875,87.92976507372977,0.735163,0.2752,0.5425,0.5861,0.82,0.835,-39.84,0.0,0.84,0.9883,0.314,4.57369584,92.83067999999999,11864.65,474.99,3.0752631578947365,93.84914202008929,0.696667,0.3517,0.742,0.5907,0.83,0.87,11415.92,1.0,0.9736,0.7650037038060282,0.8535225541324359,26.288795948028564,61.21986770629883,52.466793,21.140947,0.46636665,0.24629321694374084,/scicore/home/schwede/barta0000/germinal_ds/templates_originals/nb_s541171_mpnn_1_IL3/chai_no_constraints/seed_2465/pred.model_idx_1.cif,0.3036286234855652,/scicore/home/schwede/barta0000/germinal_ds/templates_originals/nb_s541171_mpnn_1_IL3/chai_with_constraints/seed_1276/pred.model_idx_0.cif,0.24629321694374084,0.5844635963439941,0.16175062954425812,"[[0.8951804041862488, 0.29923921823501587]]","[[[0.8951804041862488, 0.16175062954425812], [0.1397169977426529, 0.29923921823501587]]]",0.16175062954425812,0.007242,0.1069,0.0101,0.0,0.3036286234855652,0.6302325129508972,0.22197766602039337,"[[0.9038171768188477, 0.3062840402126312]]","[[[0.9038171768188477, 0.22197766602039337], [0.21463404595851898, 0.3062840402126312]]]",0.22197766602039337,0.091075,0.1262,0.019,0.1761,0.7586031556129456,0.6379197835922241,0.3848796486854553,0.8520340323448181,0.7952675819396973,0.9703254103660583,7.512222766876221,0.33494654297828674,/scicore/home/schwede/barta0000/germinal_ds/templates_originals/nb_s541171_mpnn_1_IL3/boltz_free/output/boltz_results_nb_s541171_mpnn_1_IL3/predictions/nb_s541171_mpnn_1_IL3/nb_s541171_mpnn_1_IL3_model_0.cif,0.041873,0.2135,0.0167,0.0206,0.8287593722343445,0.7822360992431641,0.6272285580635071,0.8791421055793762,0.8255749344825745,0.7462249398231506,5.328758716583252,0.6272285580635071,/scicore/home/schwede/barta0000/germinal_ds/templates_originals/nb_s541171_mpnn_1_IL3/boltz_with_template/output/boltz_results_nb_s541171_mpnn_1_IL3/predictions/nb_s541171_mpnn_1_IL3/nb_s541171_mpnn_1_IL3_model_0.cif,0.19432,0.2793,0.0735,0.1928
nb_s877988_mpnn_3_IL3,False,"A,B",4.827,91.19393908629442,43.37,1.98,2.7261904761904763,92.55832519308167,0.716263,0.4086,0.8214,0.589,0.83,0.875,-92.74,0.0,0.84,0.0211,0.195,3.37474112,97.09132000000001,9017.33,288.71,2.1042499999999995,97.7872966044658,0.807705,0.4711,0.9185,0.6671,0.9,0.91,9382.21,1.0,0.0097,0.8652451305129132,0.9193682296661427,27.30119037628174,33.370628356933594,52.0728,21.464931,0.46148172,0.2798576354980469,/scicore/home/schwede/barta0000/germinal_ds/templates_originals/nb_s877988_mpnn_3_IL3/chai_no_constraints/seed_1175/pred.model_idx_1.cif,0.40753698348999023,/scicore/home/schwede/barta0000/germinal_ds/templates_originals/nb_s877988_mpnn_3_IL3/chai_with_constraints/seed_1839/pred.model_idx_3.cif,0.2798576354980469,0.6169286370277405,0.19558987021446228,"[[0.9160007238388062, 0.3045523762702942]]","[[[0.9160007238388062, 0.19558987021446228], [0.1462114155292511, 0.3045523762702942]]]",0.19558987021446228,0.048453,0.1218,0.012,0.0482,0.40753698348999023,0.651857316493988,0.3464568853378296,"[[0.9133774638175964, 0.32701486349105835]]","[[[0.9133774638175964, 0.24647240340709686], [0.3464568853378296, 0.32701486349105835]]]",0.24647240340709686,0.144659,0.0995,0.063,0.2052,0.7843077182769775,0.7412207722663879,0.568543016910553,0.8382489085197449,0.7553199529647827,0.7061111330986023,5.457920074462891,0.568543016910553,/scicore/home/schwede/barta0000/germinal_ds/templates_originals/nb_s877988_mpnn_3_IL3/boltz_free/output/boltz_results_nb_s877988_mpnn_3_IL3/predictions/nb_s877988_mpnn_3_IL3/nb_s877988_mpnn_3_IL3_model_0.cif,0.134183,0.1294,0.0326,0.1083,0.85374516248703,0.821794867515564,0.6764468550682068,0.8980697989463806,0.8436275720596313,0.6017051339149475,3.5672190189361572,0.6653079390525818,/scicore/home/schwede/barta0000/germinal_ds/templates_originals/nb_s877988_mpnn_3_IL3/boltz_with_template/output/boltz_results_nb_s877988_mpnn_3_IL3/predictions/nb_s877988_mpnn_3_IL3/nb_s877988_mpnn_3_IL3_model_0.cif,0.316835,0.3224,0.23,0.3462
nb_s216967_mpnn_4_PDL1,False,"A,B",6.800819444444444,88.55669856459332,35.5,2.99,2.473076923076923,90.21024880204602,0.597371,0.2983,0.7117,0.4905,0.79,0.8400000000000001,-158.24,0.0,0.79,0.0124,0.266,3.4507144097222224,96.54483333333334,19891.34,1166.14,1.7266666666666666,97.20785713195801,0.796105,0.3856,0.8983,0.6716,0.89,0.91,23290.43,1.0,0.9931,0.8440378402537203,0.8667491440027725,,,67.15702,17.769766,0.48010734,0.8040460348129272,/scicore/home/schwede/barta0000/germinal_ds/templates_originals/nb_s216967_mpnn_4_PDL1/chai_no_constraints/seed_2663/pred.model_idx_1.cif,0.8037906289100647,/scicore/home/schwede/barta0000/germinal_ds/templates_originals/nb_s216967_mpnn_4_PDL1/chai_with_constraints/seed_1024/pred.model_idx_3.cif,0.8040460348129272,0.8857647776603699,0.7836163640022278,"[[0.9165747761726379, 0.9338961243629456]]","[[[0.9165747761726379, 0.7836163640022278], [0.7474085688591003, 0.9338961243629456]]]",0.7836163640022278,0.754908,0.2437,0.7003,0.6084,0.8037906289100647,0.8871051073074341,0.7829619646072388,"[[0.918865978717804, 0.9345272779464722]]","[[[0.918865978717804, 0.7829619646072388], [0.7483013868331909, 0.9345272779464722]]]",0.7829619646072388,0.753388,0.2439,0.7011,0.6093,0.7989658713340759,0.7514963746070862,0.5257081985473633,0.8672803044319153,0.7946150898933411,0.5640738606452942,4.509672164916992,0.4787137508392334,/scicore/home/schwede/barta0000/germinal_ds/templates_originals/nb_s216967_mpnn_4_PDL1/boltz_free/output/boltz_results_nb_s216967_mpnn_4_PDL1/predictions/nb_s216967_mpnn_4_PDL1/nb_s216967_mpnn_4_PDL1_model_0.cif,0.149896,0.0948,0.0533,0.1513,0.8993736505508423,0.8985838294029236,0.8125712871551514,0.9210741519927979,0.8840141892433167,0.361824631690979,1.2578626871109009,0.7955754399299622,/scicore/home/schwede/barta0000/germinal_ds/templates_originals/nb_s216967_mpnn_4_PDL1/boltz_with_template/output/boltz_results_nb_s216967_mpnn_4_PDL1/predictions/nb_s216967_mpnn_4_PDL1/nb_s216967_mpnn_4_PDL1_model_0.cif,0.636082,0.2147,0.5439,0.6094
nb_s481672_mpnn_2_PDL1,False,"A,B",5.887269097222222,87.68620192307692,27.84,1.92,3.877586206896552,86.78555368104686,0.506433,0.2729,0.517,0.4463,0.77,0.855,-148.96,0.0,0.78,0.005,0.207,2.9009383680555554,97.55508333333334,17534.16,809.54,1.733939393939394,97.94516114265689,0.829097,0.4197,0.9189,0.7237,0.91,0.93,15876.12,1.0,0.9684,0.8591021820274864,0.8956898448796256,19.574081420898438,57.709686279296875,69.20026,17.181093,0.49798363,0.8447605967521667,/scicore/home/schwede/barta0000/germinal_ds/templates_originals/nb_s481672_mpnn_2_PDL1/chai_no_constraints/seed_1001/pred.model_idx_0.cif,0.8451552391052246,/scicore/home/schwede/barta0000/germinal_ds/templates_originals/nb_s481672_mpnn_2_PDL1/chai_with_constraints/seed_3779/pred.model_idx_1.cif,0.8447605967521667,0.9194251894950867,0.8260944485664368,"[[0.9330185651779175, 0.9318066239356995]]","[[[0.9330185651779175, 0.8260944485664368], [0.8052632212638855, 0.9318066239356995]]]",0.8260944485664368,0.80715,0.314,0.7517,0.6535,0.8451552391052246,0.9195711612701416,0.8265511989593506,"[[0.9333348274230957, 0.9324085116386414]]","[[[0.9333348274230957, 0.8265511989593506], [0.8065898418426514, 0.9324085116386414]]]",0.8265511989593506,0.80797,0.2765,0.7698,0.6544,0.853101909160614,0.825893223285675,0.6725921034812927,0.8982293605804443,0.8516061902046204,0.5024147033691406,3.0362682342529297,0.6725921034812927,/scicore/home/schwede/barta0000/germinal_ds/templates_originals/nb_s481672_mpnn_2_PDL1/boltz_free/output/boltz_results_nb_s481672_mpnn_2_PDL1/predictions/nb_s481672_mpnn_2_PDL1/nb_s481672_mpnn_2_PDL1_model_0.cif,0.288382,0.223,0.1688,0.3204,0.9253326654434204,0.9039833545684814,0.8565456867218018,0.9425293207168579,0.9156684279441833,0.385837197303772,1.3981881141662598,0.8431088328361511,/scicore/home/schwede/barta0000/germinal_ds/templates_originals/nb_s481672_mpnn_2_PDL1/boltz_with_template/output/boltz_results_nb_s481672_mpnn_2_PDL1/predictions/nb_s481672_mpnn_2_PDL1/nb_s481672_mpnn_2_PDL1_model_0.cif,0.701303,0.3205,0.6582,0.6286
nb_s566504_mpnn_1_IL20,False,"A,B",4.4918864795918365,89.76834837545127,47.38,2.36,3.2465116279069774,88.56894075398222,0.686259,0.3577,0.739,0.5882,0.83,0.895,-57.65,0.0,0.84,0.991,0.202,3.276042346938775,96.70457142857143,16940.7,812.23,2.1925000000000003,96.8387487411499,0.823296,0.4762,0.8894,0.6744,0.89,0.92,37072.92,1.0,0.8811,0.8474143878379694,0.8327690737061895,5.47941192984581,71.53836059570312,74.06306,11.667224,0.67060035,0.7260140180587769,/scicore/home/schwede/barta0000/germinal_ds/templates_originals/nb_s566504_mpnn_1_IL20/chai_no_constraints/seed_3659/pred.model_idx_2.cif,0.40539634227752686,/scicore/home/schwede/barta0000/germinal_ds/templates_originals/nb_s566504_mpnn_1_IL20/chai_with_constraints/seed_2481/pred.model_idx_4.cif,0.7260140180587769,0.8670161962509155,0.6907634139060974,"[[0.9201197624206543, 0.9094972014427185]]","[[[0.9201197624206543, 0.6907634139060974], [0.6634539365768433, 0.9094972014427185]]]",0.6907634139060974,0.636379,0.281,0.5899,0.5304,0.40539634227752686,0.6656559705734253,0.34033140540122986,"[[0.9030000567436218, 0.5721108317375183]]","[[[0.9030000567436218, 0.3373107314109802], [0.34033140540122986, 0.5721108317375183]]]",0.3373107314109802,0.212449,0.0679,0.0604,0.1919,0.6641597747802734,0.6843746304512024,0.47031959891319275,0.7126198410987854,0.6734612584114075,0.8133634328842163,5.968898296356201,0.4291648268699646,/scicore/home/schwede/barta0000/germinal_ds/templates_originals/nb_s566504_mpnn_1_IL20/boltz_free/output/boltz_results_nb_s566504_mpnn_1_IL20/predictions/nb_s566504_mpnn_1_IL20/nb_s566504_mpnn_1_IL20_model_0.cif,0.143759,0.0384,0.0257,0.0893,0.8363656997680664,0.7858125567436218,0.6957592368125916,0.8715173602104187,0.8604182600975037,0.7714110016822815,3.2266316413879395,0.6957592368125916,/scicore/home/schwede/barta0000/germinal_ds/templates_originals/nb_s566504_mpnn_1_IL20/boltz_with_template/output/boltz_results_nb_s566504_mpnn_1_IL20/predictions/nb_s566504_mpnn_1_IL20/nb_s566504_mpnn_1_IL20_model_0.cif,0.33833,0.122,0.3206,0.312
nb_s64546_mpnn_1_IL20,False,"A,B",4.661945153061224,89.56803491495076,58.57,3.59,2.9785714285714295,85.81853295984877,0.667941,0.2579,0.6056,0.5698,0.84,0.9,-85.32,0.0,0.85,0.6416,0.266,3.308130739795918,96.86500000000001,1994.96,120.4,1.8656578947368423,96.31099980672201,0.768456,0.4037,0.8675,0.6559,0.87,0.91,1976.0,1.0,,0.8245382259261937,0.8913988672197185,9.684676170349121,68.99322509765625,75.49916,12.511263,0.60453206,0.8040221929550171,/scicore/home/schwede/barta0000/germinal_ds/templates_originals/nb_s64546_mpnn_1_IL20/chai_no_constraints/seed_1634/pred.model_idx_0.cif,0.5268207788467407,/scicore/home/schwede/barta0000/germinal_ds/templates_originals/nb_s64546_mpnn_1_IL20/chai_with_constraints/seed_1081/pred.model_idx_2.cif,0.8040221929550171,0.901755154132843,0.7795889377593994,"[[0.9276716113090515, 0.9101001620292664]]","[[[0.9276716113090515, 0.7575003504753113], [0.7795889377593994, 0.9101001620292664]]]",0.7575003504753113,0.738351,0.1953,0.3769,0.5679,0.5268207788467407,0.7702527642250061,0.4659627676010132,"[[0.9167359471321106, 0.8969140648841858]]","[[[0.9167359471321106, 0.4659627676010132], [0.4389459788799286, 0.8969140648841858]]]",0.4659627676010132,0.354988,0.1142,0.1145,0.3549,0.666099488735199,0.7815274000167847,0.6202723383903503,0.6775562763214111,0.617906391620636,0.7234387993812561,3.430288791656494,0.612313449382782,/scicore/home/schwede/barta0000/germinal_ds/templates_originals/nb_s64546_mpnn_1_IL20/boltz_free/output/boltz_results_nb_s64546_mpnn_1_IL20/predictions/nb_s64546_mpnn_1_IL20/nb_s64546_mpnn_1_IL20_model_0.cif,0.293352,0.044,0.0471,0.2218,0.8894882202148438,0.8764244318008423,0.8162353038787842,0.9078013896942139,0.8851710557937622,0.47420257329940796,1.7444623708724976,0.8162353038787842,/scicore/home/schwede/barta0000/germinal_ds/templates_originals/nb_s64546_mpnn_1_IL20/boltz_with_template/output/boltz_results_nb_s64546_mpnn_1_IL20/predictions/nb_s64546_mpnn_1_IL20/nb_s64546_mpnn_1_IL20_model_0.cif,0.615714,0.2131,0.5681,0.5214
nb_s81839_mpnn_1_IL3,False,"A,B",4.472660800000001,91.41320668693008,1.07,0.06,3.020731707317073,89.98380393927593,0.798436,0.3068,0.6101,0.6431,0.88,0.885,-128.12,0.0,0.9,0.9908,2.208,3.67148928,95.90208,16020.4,1107.32,2.206315789473684,97.00710517481754,0.824053,0.4,0.8172,0.6884,0.9,0.91,24984.86,1.0,0.9893,0.7863472908345017,0.8637180327336831,25.25948969523112,45.973941802978516,53.992523,21.08116,0.45953938,0.25743696093559265,/scicore/home/schwede/barta0000/germinal_ds/templates_originals/nb_s81839_mpnn_1_IL3/chai_no_constraints/seed_1946/pred.model_idx_1.cif,0.40495890378952026,/scicore/home/schwede/barta0000/germinal_ds/templates_originals/nb_s81839_mpnn_1_IL3/chai_with_constraints/seed_5584/pred.model_idx_1.cif,0.25743696093559265,0.6108613014221191,0.16908086836338043,"[[0.932991623878479, 0.30540135502815247]]","[[[0.932991623878479, 0.16908086836338043], [0.1271468698978424, 0.30540135502815247]]]",0.16908086836338043,0.031301,0.0649,0.0105,0.0161,0.40495890378952026,0.6826364398002625,0.3355395197868347,"[[0.9262250661849976, 0.34552645683288574]]","[[[0.9262250661849976, 0.2893182635307312], [0.3355395197868347, 0.34552645683288574]]]",0.2893182635307312,0.205941,0.075,0.0997,0.2372,0.8478046655654907,0.8592735528945923,0.7859358191490173,0.8632718324661255,0.7940294742584229,0.4114812910556793,1.7752934694290161,0.7859358191490173,/scicore/home/schwede/barta0000/germinal_ds/templates_originals/nb_s81839_mpnn_1_IL3/boltz_free/output/boltz_results_nb_s81839_mpnn_1_IL3/predictions/nb_s81839_mpnn_1_IL3/nb_s81839_mpnn_1_IL3_model_0.cif,0.472266,0.121,0.2441,0.4623,0.8274981379508972,0.778290331363678,0.6012169122695923,0.884068489074707,0.7905676960945129,0.5838983058929443,4.0940775871276855,0.6012169122695923,/scicore/home/schwede/barta0000/germinal_ds/templates_originals/nb_s81839_mpnn_1_IL3/boltz_with_template/output/boltz_results_nb_s81839_mpnn_1_IL3/predictions/nb_s81839_mpnn_1_IL3/nb_s81839_mpnn_1_IL3_model_0.cif,0.213876,0.2337,0.0699,0.2136
nb_s983700_mpnn_2_BHRF,False,"A,B",7.550544945987655,86.16637923449186,94.56,4.76,5.897142857142857,79.51880319744353,0.343451,0.274,0.3163,0.2895,0.64,0.855,-151.13,0.0,0.66,0.9972,0.247,4.2450298996913585,94.9920486111111,15969.54,907.56,3.0186111111111114,94.25837769379487,0.72367,0.4639,0.7948,0.56,0.83,0.89,11951.52,1.0,0.9973,0.3316674727024642,0.8546839151156509,18.715883255004883,42.5150032043457,72.00409,16.395233,0.5307915,0.43063247203826904,/scicore/home/schwede/barta0000/germinal_ds/templates_originals/nb_s983700_mpnn_2_BHRF/chai_no_constraints/seed_3521/pred.model_idx_2.cif,0.8081491589546204,/scicore/home/schwede/barta0000/germinal_ds/templates_originals/nb_s983700_mpnn_2_BHRF/chai_with_constraints/seed_2176/pred.model_idx_0.cif,0.43063247203826904,0.7150235176086426,0.35953474044799805,"[[0.8622421026229858, 0.9164124131202698]]","[[[0.8622421026229858, 0.35953474044799805], [0.3101096451282501, 0.9164124131202698]]]",0.35953474044799805,0.190757,0.141,0.0467,0.1526,0.8081491589546204,0.880363941192627,0.7900954484939575,"[[0.8987595438957214, 0.9335900545120239]]","[[[0.8987595438957214, 0.7900954484939575], [0.6747539043426514, 0.9335900545120239]]]",0.7900954484939575,0.748573,0.3414,0.6239,0.4993,0.9030563235282898,0.8613777756690979,0.8106568455696106,0.9261561632156372,0.8803979158401489,0.4358646869659424,1.6838139295578003,0.7325906753540039,/scicore/home/schwede/barta0000/germinal_ds/templates_originals/nb_s983700_mpnn_2_BHRF/boltz_free/output/boltz_results_nb_s983700_mpnn_2_BHRF/predictions/nb_s983700_mpnn_2_BHRF/nb_s983700_mpnn_2_BHRF_model_0.cif,0.658901,0.3308,0.4741,0.4629,0.9304038882255554,0.8860472440719604,0.9000478982925415,0.9379929304122925,0.9048550724983215,0.39005178213119507,1.053149938583374,0.7749425768852234,/scicore/home/schwede/barta0000/germinal_ds/templates_originals/nb_s983700_mpnn_2_BHRF/boltz_with_template/output/boltz_results_nb_s983700_mpnn_2_BHRF/predictions/nb_s983700_mpnn_2_BHRF/nb_s983700_mpnn_2_BHRF_model_0.cif,0.828115,0.3612,0.6707,0.5439
nb_s849285_mpnn_4_BHRF,False,"A,B",5.506310281635803,88.22878295254833,31.63,1.53,2.146153846153846,86.81175770062613,0.744239,0.4468,0.7041,0.5759,0.84,0.88,-86.76,0.0,0.84,0.9951,0.238,3.479717881944444,95.99548611111112,3447.9,257.67,1.7498684210526316,96.27174949645996,0.820772,0.5278,0.8804,0.6546,0.9,0.92,1195.09,1.0,0.9943,0.8466365942816496,0.8989392742424539,16.040216514042445,52.66626739501953,80.93879,13.928093,0.5746653,0.3855311870574951,/scicore/home/schwede/barta0000/germinal_ds/templates_originals/nb_s849285_mpnn_4_BHRF/chai_no_constraints/seed_3077/pred.model_idx_2.cif,0.7418799996376038,/scicore/home/schwede/barta0000/germinal_ds/templates_originals/nb_s849285_mpnn_4_BHRF/chai_with_constraints/seed_2880/pred.model_idx_3.cif,0.3855311870574951,0.6957667469978333,0.3079723119735718,"[[0.9201146364212036, 0.9084042310714722]]","[[[0.9201146364212036, 0.3079723119735718], [0.273830771446228, 0.9084042310714722]]]",0.3079723119735718,0.177413,0.1281,0.0524,0.1556,0.7418799996376038,0.8694231510162354,0.7099941968917847,"[[0.9224710464477539, 0.9168127179145813]]","[[[0.9224710464477539, 0.7099941968917847], [0.6626735329627991, 0.9168127179145813]]]",0.7099941968917847,0.659435,0.2902,0.4948,0.5262,0.852677047252655,0.8984790444374084,0.8198127746582031,0.8608931303024292,0.764774739742279,0.40203094482421875,1.417048454284668,0.8198127746582031,/scicore/home/schwede/barta0000/germinal_ds/templates_originals/nb_s849285_mpnn_4_BHRF/boltz_free/output/boltz_results_nb_s849285_mpnn_4_BHRF/predictions/nb_s849285_mpnn_4_BHRF/nb_s849285_mpnn_4_BHRF_model_0.cif,0.620056,0.1152,0.2111,0.5383,0.8560959100723267,0.8277735710144043,0.6940402984619141,0.8966098427772522,0.8336273431777954,0.5574476718902588,3.330475330352783,0.6940402984619141,/scicore/home/schwede/barta0000/germinal_ds/templates_originals/nb_s849285_mpnn_4_BHRF/boltz_with_template/output/boltz_results_nb_s849285_mpnn_4_BHRF/predictions/nb_s849285_mpnn_4_BHRF/nb_s849285_mpnn_4_BHRF_model_0.cif,0.372772,0.1708,0.1501,0.3487
nb_s33838_mpnn_3_IL20,False,"A,B",4.263540816326531,90.47636570907432,52.31,2.66,2.5615384615384613,90.2421979770038,0.71334,0.4569,0.7862,0.6159,0.86,0.9,2.48,0.0,0.87,0.8926,0.228,3.188273214285714,96.56589285714286,1142.35,82.11,1.7874358974358973,97.98914315359933,0.826587,0.5307,0.9284,0.7057,0.9,0.93,1938.64,1.0,0.0057,0.8604924700569228,0.9292946789402516,14.508049964904785,68.4442138671875,73.181984,15.215308,0.5380131,0.37527257204055786,/scicore/home/schwede/barta0000/germinal_ds/templates_originals/nb_s33838_mpnn_3_IL20/chai_no_constraints/seed_501/pred.model_idx_3.cif,0.40162914991378784,/scicore/home/schwede/barta0000/germinal_ds/templates_originals/nb_s33838_mpnn_3_IL20/chai_with_constraints/seed_2038/pred.model_idx_1.cif,0.37527257204055786,0.676010251045227,0.30008813738822937,"[[0.9254116415977478, 0.8958558440208435]]","[[[0.9254116415977478, 0.30008813738822937], [0.2681044042110443, 0.8958558440208435]]]",0.30008813738822937,0.163295,0.1015,0.0338,0.1283,0.40162914991378784,0.6780449151992798,0.33252522349357605,"[[0.9151225090026855, 0.8819133043289185]]","[[[0.9151225090026855, 0.33252522349357605], [0.2801886200904846, 0.8819133043289185]]]",0.33252522349357605,0.183181,0.0798,0.0294,0.1378,0.6319254636764526,0.6822248101234436,0.4566726088523865,0.6757386326789856,0.6202604174613953,1.030651569366455,4.785411834716797,0.4566726088523865,/scicore/home/schwede/barta0000/germinal_ds/templates_originals/nb_s33838_mpnn_3_IL20/boltz_free/output/boltz_results_nb_s33838_mpnn_3_IL20/predictions/nb_s33838_mpnn_3_IL20/nb_s33838_mpnn_3_IL20_model_0.cif,0.174505,0.0485,0.0296,0.1573,0.8560258746147156,0.8451096415519714,0.7870658040046692,0.8732659220695496,0.8611799478530884,0.5986081957817078,2.0168118476867676,0.7870658040046692,/scicore/home/schwede/barta0000/germinal_ds/templates_originals/nb_s33838_mpnn_3_IL20/boltz_with_template/output/boltz_results_nb_s33838_mpnn_3_IL20/predictions/nb_s33838_mpnn_3_IL20/nb_s33838_mpnn_3_IL20_model_0.cif,0.547435,0.2318,0.4956,0.4381
nb_s923023_mpnn_1_IL3,False,"A,B",4.808792,90.54802852776362,27.86,1.52,3.8147727272727265,93.43319302340485,0.744955,0.4075,0.8174,0.6232,0.85,0.875,-99.04,0.0,0.86,0.9934,0.191,3.3306196800000007,96.39460000000001,6251.97,481.98,2.5359756097560973,97.5796868801117,0.807334,0.4804,0.9108,0.6793,0.89,0.92,3766.5,1.0,0.9907,0.8735058390149253,0.9384301562976273,25.762815475463867,51.74319839477539,54.854816,21.117,0.4703552,0.26074060797691345,/scicore/home/schwede/barta0000/germinal_ds/templates_originals/nb_s923023_mpnn_1_IL3/chai_no_constraints/seed_267/pred.model_idx_0.cif,0.29707926511764526,/scicore/home/schwede/barta0000/germinal_ds/templates_originals/nb_s923023_mpnn_1_IL3/chai_with_constraints/seed_2065/pred.model_idx_3.cif,0.26074060797691345,0.612769365310669,0.17273341119289398,"[[0.9322948455810547, 0.31179845333099365]]","[[[0.9322948455810547, 0.17273341119289398], [0.12064609676599503, 0.31179845333099365]]]",0.17273341119289398,0.035301,0.0725,0.0112,0.0254,0.29707926511764526,0.6370609402656555,0.2120838314294815,"[[0.9254831671714783, 0.3426577150821686]]","[[[0.9254831671714783, 0.2120838314294815], [0.1369544267654419, 0.3426577150821686]]]",0.2120838314294815,0.089021,0.0708,0.0152,0.0833,0.804931104183197,0.8595227599143982,0.7466424107551575,0.8195032477378845,0.7142376899719238,0.49561524391174316,2.0719645023345947,0.7306627631187439,/scicore/home/schwede/barta0000/germinal_ds/templates_originals/nb_s923023_mpnn_1_IL3/boltz_free/output/boltz_results_nb_s923023_mpnn_1_IL3/predictions/nb_s923023_mpnn_1_IL3/nb_s923023_mpnn_1_IL3_model_0.cif,0.432309,0.0979,0.1012,0.4142,0.8983742594718933,0.8654232621192932,0.7776883840560913,0.9285457730293274,0.8988534808158875,0.4750404357910156,2.718858480453491,0.7776883840560913,/scicore/home/schwede/barta0000/germinal_ds/templates_originals/nb_s923023_mpnn_1_IL3/boltz_with_template/output/boltz_results_nb_s923023_mpnn_1_IL3/predictions/nb_s923023_mpnn_1_IL3/nb_s923023_mpnn_1_IL3_model_0.cif,0.488213,0.3719,0.4325,0.4937
nb_s327251_mpnn_4_IL3,False,"A,B",5.1878688,89.9598255515649,45.82,2.42,2.712222222222222,87.27618593066885,0.622781,0.3436,0.5111,0.5458,0.8,0.875,-77.07,0.0,0.82,0.0419,0.209,3.2064783999999995,96.73191999999999,17458.24,862.86,1.6517045454545454,97.17810862773173,0.834361,0.4765,0.8876,0.6974,0.91,0.93,12191.15,1.0,0.9685,0.8695567618321509,0.8887880219803094,,,54.47045,21.163786,0.4740862,0.25143828988075256,/scicore/home/schwede/barta0000/germinal_ds/templates_originals/nb_s327251_mpnn_4_IL3/chai_no_constraints/seed_1175/pred.model_idx_0.cif,0.3298393487930298,/scicore/home/schwede/barta0000/germinal_ds/templates_originals/nb_s327251_mpnn_4_IL3/chai_with_constraints/seed_328/pred.model_idx_0.cif,0.25143828988075256,0.5964006185531616,0.1651977151632309,"[[0.9363895058631897, 0.3209771513938904]]","[[[0.9363895058631897, 0.15401719510555267], [0.1651977151632309, 0.3209771513938904]]]",0.15401719510555267,0.01142,0.059,0.0115,0.0131,0.3298393487930298,0.6474249958992004,0.2504429519176483,"[[0.9386395812034607, 0.3255322277545929]]","[[[0.9386395812034607, 0.23230062425136566], [0.2504429519176483, 0.3255322277545929]]]",0.23230062425136566,0.106536,0.0691,0.0203,0.179,0.8362104296684265,0.9363968968391418,0.9113972187042236,0.8174138069152832,0.7208794355392456,0.34558823704719543,0.9936680793762207,0.9113972187042236,/scicore/home/schwede/barta0000/germinal_ds/templates_originals/nb_s327251_mpnn_4_IL3/boltz_free/output/boltz_results_nb_s327251_mpnn_4_IL3/predictions/nb_s327251_mpnn_4_IL3/nb_s327251_mpnn_4_IL3_model_0.cif,0.791309,0.1305,0.228,0.6787,0.792537271976471,0.7704460024833679,0.5778986811637878,0.8461968898773193,0.7592337131500244,0.8359882831573486,5.781287670135498,0.5752174258232117,/scicore/home/schwede/barta0000/germinal_ds/templates_originals/nb_s327251_mpnn_4_IL3/boltz_with_template/output/boltz_results_nb_s327251_mpnn_4_IL3/predictions/nb_s327251_mpnn_4_IL3/nb_s327251_mpnn_4_IL3_model_0.cif,0.191767,0.1708,0.0458,0.1857
nb_s183327_mpnn_2_IL3,False,"A,B",5.868752,85.98095454545455,254.43,10.45,3.3981481481481475,74.17374457640022,0.651349,0.2761,0.1278,0.5457,0.82,0.855,152.01,0.0,0.84,0.9975,1.569,4.85752624,92.55584,17319.09,780.58,1.7123000000000002,86.46408166690749,0.820829,0.4128,0.1814,0.6658,0.9,0.88,21542.97,1.0,0.9956,0.4452755044831631,0.8183452889170955,26.211520036061604,64.80281829833984,55.47145,21.054745,0.47266304,0.26342520117759705,/scicore/home/schwede/barta0000/germinal_ds/templates_originals/nb_s183327_mpnn_2_IL3/chai_no_constraints/seed_2025/pred.model_idx_0.cif,0.35484588146209717,/scicore/home/schwede/barta0000/germinal_ds/templates_originals/nb_s183327_mpnn_2_IL3/chai_with_constraints/seed_4111/pred.model_idx_4.cif,0.26342520117759705,0.5908828377723694,0.18156076967716217,"[[0.9257590770721436, 0.3150365352630615]]","[[[0.9257590770721436, 0.14499083161354065], [0.18156076967716217, 0.3150365352630615]]]",0.14499083161354065,0.012621,0.0316,0.0122,0.0222,0.35484588146209717,0.6355870366096497,0.28466057777404785,"[[0.926373302936554, 0.3197040855884552]]","[[[0.926373302936554, 0.20758569240570068], [0.28466057777404785, 0.3197040855884552]]]",0.20758569240570068,0.150654,0.0259,0.0497,0.2264,0.8899936676025391,0.935944676399231,0.8985556364059448,0.8878531455993652,0.8395746946334839,0.3505212962627411,0.8633211255073547,0.8985556364059448,/scicore/home/schwede/barta0000/germinal_ds/templates_originals/nb_s183327_mpnn_2_IL3/boltz_free/output/boltz_results_nb_s183327_mpnn_2_IL3/predictions/nb_s183327_mpnn_2_IL3/nb_s183327_mpnn_2_IL3_model_0.cif,0.781641,0.247,0.4974,0.6697,0.888769805431366,0.8913099765777588,0.8099766373634338,0.9084680676460266,0.8518553972244263,0.4461861848831177,2.1871936321258545,0.8070909976959229,/scicore/home/schwede/barta0000/germinal_ds/templates_originals/nb_s183327_mpnn_2_IL3/boltz_with_template/output/boltz_results_nb_s183327_mpnn_2_IL3/predictions/nb_s183327_mpnn_2_IL3/nb_s183327_mpnn_2_IL3_model_0.cif,0.584383,0.3714,0.3486,0.5638
nb_s214428_mpnn_1_PDL1,False,"A,B",5.659520833333334,87.94183254344392,24.44,1.42,3.4333333333333327,84.95615584152264,0.512551,0.3217,0.5219,0.4618,0.75,0.86,-167.78,0.0,0.76,0.9972,0.205,3.051587326388889,97.26791666666668,14040.67,915.24,1.694054054054054,97.22769165039062,0.793013,0.4766,0.8905,0.7044,0.89,0.92,36059.68,1.0,0.9968,0.9228790606503687,0.8889822543223602,20.61824893951416,48.98473358154297,67.937164,17.640581,0.48220155,0.5767863988876343,/scicore/home/schwede/barta0000/germinal_ds/templates_originals/nb_s214428_mpnn_1_PDL1/chai_no_constraints/seed_429/pred.model_idx_3.cif,0.5996018052101135,/scicore/home/schwede/barta0000/germinal_ds/templates_originals/nb_s214428_mpnn_1_PDL1/chai_with_constraints/seed_2433/pred.model_idx_3.cif,0.5767863988876343,0.7954264283180237,0.5221263766288757,"[[0.8980843424797058, 0.8868852257728577]]","[[[0.8980843424797058, 0.5015433430671692], [0.5221263766288757, 0.8868852257728577]]]",0.5015433430671692,0.396376,0.1516,0.1449,0.4277,0.5996018052101135,0.804368257522583,0.548410177230835,"[[0.9004349708557129, 0.8876003623008728]]","[[[0.9004349708557129, 0.5140400528907776], [0.548410177230835, 0.8876003623008728]]]",0.5140400528907776,0.445999,0.1574,0.1441,0.4642,0.8938428163528442,0.9253059029579163,0.871705174446106,0.8993772268295288,0.8406535983085632,0.3759419023990631,1.1220704317092896,0.8636553287506104,/scicore/home/schwede/barta0000/germinal_ds/templates_originals/nb_s214428_mpnn_1_PDL1/boltz_free/output/boltz_results_nb_s214428_mpnn_1_PDL1/predictions/nb_s214428_mpnn_1_PDL1/nb_s214428_mpnn_1_PDL1_model_0.cif,0.726405,0.2716,0.4447,0.6466,0.8979082107543945,0.9116485714912415,0.8521257638931274,0.9093538522720337,0.831601083278656,0.41250327229499817,1.4927819967269897,0.8379753232002258,/scicore/home/schwede/barta0000/germinal_ds/templates_originals/nb_s214428_mpnn_1_PDL1/boltz_with_template/output/boltz_results_nb_s214428_mpnn_1_PDL1/predictions/nb_s214428_mpnn_1_PDL1/nb_s214428_mpnn_1_PDL1_model_0.cif,0.705797,0.2383,0.3827,0.6393
nb_s53820_mpnn_2_PDL1,False,"A,B",5.33207638888889,88.86603493912123,27.93,1.85,3.5382352941176474,86.76506215798557,0.56199,0.3666,0.6144,0.488,0.79,0.865,-173.7,0.0,0.8,0.1221,0.346,3.132158506944444,97.14545833333334,17272.95,907.27,1.8465714285714285,97.5328118801117,0.787872,0.5086,0.905,0.6973,0.89,0.91,35703.33,1.0,0.9799,0.7979832796390895,0.8694380116398454,,,66.86248,17.534668,0.48739552,0.3467860519886017,/scicore/home/schwede/barta0000/germinal_ds/templates_originals/nb_s53820_mpnn_2_PDL1/chai_no_constraints/seed_26/pred.model_idx_1.cif,0.7000473737716675,/scicore/home/schwede/barta0000/germinal_ds/templates_originals/nb_s53820_mpnn_2_PDL1/chai_with_constraints/seed_311/pred.model_idx_4.cif,0.3467860519886017,0.6819394826889038,0.26299768686294556,"[[0.9063246250152588, 0.882201611995697]]","[[[0.9063246250152588, 0.26299768686294556], [0.25342199206352234, 0.882201611995697]]]",0.26299768686294556,0.129491,0.1027,0.0216,0.0993,0.7000473737716675,0.8486864566802979,0.6628875732421875,"[[0.9119410514831543, 0.9243382215499878]]","[[[0.9119410514831543, 0.6346102952957153], [0.6628875732421875, 0.9243382215499878]]]",0.6346102952957153,0.591962,0.2292,0.4468,0.546,0.8214730620384216,0.8272013068199158,0.6632786393165588,0.8610215783119202,0.771293580532074,0.48596563935279846,2.9722328186035156,0.6377382278442383,/scicore/home/schwede/barta0000/germinal_ds/templates_originals/nb_s53820_mpnn_2_PDL1/boltz_free/output/boltz_results_nb_s53820_mpnn_2_PDL1/predictions/nb_s53820_mpnn_2_PDL1/nb_s53820_mpnn_2_PDL1_model_0.cif,0.283803,0.1215,0.1076,0.3447,0.8776513338088989,0.8685522079467773,0.755805492401123,0.9081127643585205,0.8444256782531738,0.44039368629455566,2.281532049179077,0.7376483678817749,/scicore/home/schwede/barta0000/germinal_ds/templates_originals/nb_s53820_mpnn_2_PDL1/boltz_with_template/output/boltz_results_nb_s53820_mpnn_2_PDL1/predictions/nb_s53820_mpnn_2_PDL1/nb_s53820_mpnn_2_PDL1_model_0.cif,0.448512,0.2734,0.3106,0.4914
nb_s169413_mpnn_5_IL20,False,"A,B",4.9058494897959175,88.34273387829246,32.36,1.42,2.832222222222222,89.04493738814503,0.725072,0.3993,0.7414,0.6125,0.85,0.88,-94.65,0.0,0.86,0.6686,0.236,3.7927116071428566,94.67035714285714,9033.93,497.33,2.164081632653061,96.14468010435714,0.77428,0.5013,0.8696,0.6583,0.88,0.91,12399.63,1.0,0.0613,0.8245382259261937,0.8536759518657461,10.07461038827896,63.96470642089844,74.250465,12.493364,0.6412679,0.7732025384902954,/scicore/home/schwede/barta0000/germinal_ds/templates_originals/nb_s169413_mpnn_5_IL20/chai_no_constraints/seed_5018/pred.model_idx_0.cif,0.33368605375289917,/scicore/home/schwede/barta0000/germinal_ds/templates_originals/nb_s169413_mpnn_5_IL20/chai_with_constraints/seed_2474/pred.model_idx_3.cif,0.7732025384902954,0.894910991191864,0.7427753806114197,"[[0.9065913558006287, 0.9163249135017395]]","[[[0.9065913558006287, 0.7216607332229614], [0.7427753806114197, 0.9163249135017395]]]",0.7216607332229614,0.701877,0.324,0.6231,0.5743,0.33368605375289917,0.6500620245933533,0.25459203124046326,"[[0.8668215274810791, 0.8982048630714417]]","[[[0.8668215274810791, 0.25459203124046326], [0.23974208533763885, 0.8982048630714417]]]",0.25459203124046326,0.103089,0.1951,0.0259,0.0967,0.6116031408309937,0.682133138179779,0.4605753421783447,0.6493600606918335,0.6298803687095642,0.9250277876853943,6.229357719421387,0.4605753421783447,/scicore/home/schwede/barta0000/germinal_ds/templates_originals/nb_s169413_mpnn_5_IL20/boltz_free/output/boltz_results_nb_s169413_mpnn_5_IL20/predictions/nb_s169413_mpnn_5_IL20/nb_s169413_mpnn_5_IL20_model_0.cif,0.135547,0.0817,0.0183,0.0774,0.7744888663291931,0.7017419934272766,0.5418967604637146,0.8326368927955627,0.8157417178153992,0.983116865158081,8.007627487182617,0.5418967604637146,/scicore/home/schwede/barta0000/germinal_ds/templates_originals/nb_s169413_mpnn_5_IL20/boltz_with_template/output/boltz_results_nb_s169413_mpnn_5_IL20/predictions/nb_s169413_mpnn_5_IL20/nb_s169413_mpnn_5_IL20_model_0.cif,0.160698,0.2482,0.0369,0.0822
nb_s410453_mpnn_2_IL20,False,"A,B",12.27226275510204,80.70480837789661,589.93,29.3,7.470588235294118,64.26232848416588,0.013684,0.0714,0.0169,0.052,0.21,0.845,98.17,0.0,0.29,0.5041,1.251,4.209762882653061,94.15314285714285,11543.32,599.29,3.512631578947369,90.06242486202356,0.704925,0.3025,0.6105,0.5594,0.83,0.88,11298.75,1.0,0.6398,0.030286870453345115,0.8273734104208949,6.273423072269985,70.1156997680664,73.93879,10.763481,0.72455454,0.8058633804321289,/scicore/home/schwede/barta0000/germinal_ds/templates_originals/nb_s410453_mpnn_2_IL20/chai_no_constraints/seed_2140/pred.model_idx_1.cif,0.7553979158401489,/scicore/home/schwede/barta0000/germinal_ds/templates_originals/nb_s410453_mpnn_2_IL20/chai_with_constraints/seed_3138/pred.model_idx_3.cif,0.8058633804321289,0.8987268209457397,0.7826474905014038,"[[0.9232272505760193, 0.9050625562667847]]","[[[0.9232272505760193, 0.7826474905014038], [0.7595034241676331, 0.9050625562667847]]]",0.7826474905014038,0.747897,0.143,0.4482,0.5614,0.7553979158401489,0.8630402684211731,0.7284873127937317,"[[0.9026139378547668, 0.8968676924705505]]","[[[0.9026139378547668, 0.7284873127937317], [0.6791806221008301, 0.8968676924705505]]]",0.7284873127937317,0.620053,0.1018,0.3614,0.4873,0.6737626791000366,0.8113920092582703,0.695214569568634,0.6683996915817261,0.5850166082382202,0.5523878335952759,2.2839221954345703,0.695214569568634,/scicore/home/schwede/barta0000/germinal_ds/templates_originals/nb_s410453_mpnn_2_IL20/boltz_free/output/boltz_results_nb_s410453_mpnn_2_IL20/predictions/nb_s410453_mpnn_2_IL20/nb_s410453_mpnn_2_IL20_model_0.cif,0.417005,0.0327,0.0524,0.3459,0.8067359328269958,0.7231712341308594,0.5692279934883118,0.8661128282546997,0.7993441820144653,0.8807504773139954,4.710691928863525,0.5692279934883118,/scicore/home/schwede/barta0000/germinal_ds/templates_originals/nb_s410453_mpnn_2_IL20/boltz_with_template/output/boltz_results_nb_s410453_mpnn_2_IL20/predictions/nb_s410453_mpnn_2_IL20/nb_s410453_mpnn_2_IL20_model_0.cif,0.205835,0.082,0.0971,0.1912
nb_s72302_mpnn_3_IL3,False,"A,B",4.276243200000001,91.60805201427844,29.92,2.07,3.5758064516129036,90.10031468168908,0.780738,0.2873,0.7193,0.6262,0.87,0.89,-108.22,0.0,0.88,0.9793,0.209,3.29046688,96.80204,15206.94,1262.91,2.506111111111111,96.99814831769025,0.811047,0.3727,0.8992,0.6764,0.89,0.92,13359.77,1.0,0.9938,0.8519266976829134,0.8842232275601758,26.35888926188151,47.510738372802734,56.32547,20.827522,0.47990882,0.2379482388496399,/scicore/home/schwede/barta0000/germinal_ds/templates_originals/nb_s72302_mpnn_3_IL3/chai_no_constraints/seed_3434/pred.model_idx_1.cif,0.29101884365081787,/scicore/home/schwede/barta0000/germinal_ds/templates_originals/nb_s72302_mpnn_3_IL3/chai_with_constraints/seed_4436/pred.model_idx_0.cif,0.2379482388496399,0.5949790477752686,0.14869053661823273,"[[0.9378262162208557, 0.30265486240386963]]","[[[0.9378262162208557, 0.14869053661823273], [0.10424286872148514, 0.30265486240386963]]]",0.14869053661823273,0.009689,0.0736,0.0115,0.0082,0.29101884365081787,0.6370317935943604,0.20451562106609344,"[[0.9380460977554321, 0.31647011637687683]]","[[[0.9380460977554321, 0.20451562106609344], [0.1856473833322525, 0.31647011637687683]]]",0.20451562106609344,0.081791,0.041,0.0341,0.1514,0.8731579184532166,0.8768908381462097,0.7743037939071655,0.8978714346885681,0.8636115789413452,0.3815324604511261,1.7543197870254517,0.7743037939071655,/scicore/home/schwede/barta0000/germinal_ds/templates_originals/nb_s72302_mpnn_3_IL3/boltz_free/output/boltz_results_nb_s72302_mpnn_3_IL3/predictions/nb_s72302_mpnn_3_IL3/nb_s72302_mpnn_3_IL3_model_0.cif,0.478556,0.1085,0.3577,0.4902,0.9143838286399841,0.8701665997505188,0.7792651653289795,0.9481634497642517,0.9248740077018738,0.4291614890098572,2.2196707725524902,0.7777976989746094,/scicore/home/schwede/barta0000/germinal_ds/templates_originals/nb_s72302_mpnn_3_IL3/boltz_with_template/output/boltz_results_nb_s72302_mpnn_3_IL3/predictions/nb_s72302_mpnn_3_IL3/nb_s72302_mpnn_3_IL3_model_0.cif,0.563277,0.2306,0.5288,0.526
nb_s664067_mpnn_3_BHRF,False,"A,B",6.32693504050926,86.40786849073257,72.45,3.3,4.0280000000000005,84.28032651311334,0.66114,0.423,0.5359,0.5093,0.8,0.85,-119.09,0.0,0.81,0.9954,0.263,3.790707224151235,94.62635416666667,28439.32,1304.78,2.0632291666666664,95.45488384158112,0.845525,0.5439,0.8458,0.6616,0.9,0.93,20909.94,1.0,0.9964,0.8807974635886726,0.8550956611039919,20.923267809549966,61.907161712646484,74.37554,16.229185,0.5422838,0.37441930174827576,/scicore/home/schwede/barta0000/germinal_ds/templates_originals/nb_s664067_mpnn_3_BHRF/chai_no_constraints/seed_1001/pred.model_idx_3.cif,0.7999866008758545,/scicore/home/schwede/barta0000/germinal_ds/templates_originals/nb_s664067_mpnn_3_BHRF/chai_with_constraints/seed_1694/pred.model_idx_4.cif,0.37441930174827576,0.6669173836708069,0.3012947738170624,"[[0.8880468606948853, 0.8967247009277344]]","[[[0.8880468606948853, 0.3012947738170624], [0.2615201771259308, 0.8967247009277344]]]",0.3012947738170624,0.134292,0.1297,0.0183,0.0709,0.7999866008758545,0.9114517569541931,0.7721202969551086,"[[0.9126681089401245, 0.9239940643310547]]","[[[0.9126681089401245, 0.7397761940956116], [0.7721202969551086, 0.9239940643310547]]]",0.7397761940956116,0.752475,0.4229,0.5882,0.5753,0.9351763129234314,0.9348481297492981,0.8938243389129639,0.9455142617225647,0.9278499484062195,0.36729666590690613,0.9353420734405518,0.8938243389129639,/scicore/home/schwede/barta0000/germinal_ds/templates_originals/nb_s664067_mpnn_3_BHRF/boltz_free/output/boltz_results_nb_s664067_mpnn_3_BHRF/predictions/nb_s664067_mpnn_3_BHRF/nb_s664067_mpnn_3_BHRF_model_0.cif,0.803758,0.4674,0.7587,0.6599,0.9377633929252625,0.9398179650306702,0.8947333097457886,0.9485208988189697,0.937094509601593,0.3813764154911041,0.9592559337615967,0.8947333097457886,/scicore/home/schwede/barta0000/germinal_ds/templates_originals/nb_s664067_mpnn_3_BHRF/boltz_with_template/output/boltz_results_nb_s664067_mpnn_3_BHRF/predictions/nb_s664067_mpnn_3_BHRF/nb_s664067_mpnn_3_BHRF_model_0.cif,0.804713,0.5056,0.7973,0.6623
nb_s403539_mpnn_3_IL20,False,"A,B",5.386036989795917,87.4715929602888,59.34,3.16,3.4862499999999996,85.18127789014636,0.665851,0.2241,0.5115,0.5003,0.81,0.88,-1.81,0.0,0.82,0.0146,0.269,3.813297704081633,94.98328571428571,23055.64,1160.1,2.1723809523809523,95.43324871063233,0.805423,0.384,0.8193,0.6409,0.88,0.91,61834.33,1.0,0.02,0.7537720304714166,0.8393364774080276,19.243003421359592,51.86589050292969,71.14591,15.066997,0.5545002,0.5633218288421631,/scicore/home/schwede/barta0000/germinal_ds/templates_originals/nb_s403539_mpnn_3_IL20/chai_no_constraints/seed_135/pred.model_idx_4.cif,0.37386810779571533,/scicore/home/schwede/barta0000/germinal_ds/templates_originals/nb_s403539_mpnn_3_IL20/chai_with_constraints/seed_3192/pred.model_idx_1.cif,0.5633218288421631,0.7520569562911987,0.5161380767822266,"[[0.8722302317619324, 0.8907914161682129]]","[[[0.8722302317619324, 0.5161380767822266], [0.45096296072006226, 0.8907914161682129]]]",0.5161380767822266,0.31345,0.0912,0.0514,0.2369,0.37386810779571533,0.6482346057891846,0.30527645349502563,"[[0.8689974546432495, 0.8585976362228394]]","[[[0.8689974546432495, 0.30527645349502563], [0.2682492434978485, 0.8585976362228394]]]",0.30527645349502563,0.14202,0.089,0.0176,0.0808,0.5963274836540222,0.6063761115074158,0.35608944296836853,0.6563870310783386,0.58010333776474,1.3943506479263306,6.181681156158447,0.35608944296836853,/scicore/home/schwede/barta0000/germinal_ds/templates_originals/nb_s403539_mpnn_3_IL20/boltz_free/output/boltz_results_nb_s403539_mpnn_3_IL20/predictions/nb_s403539_mpnn_3_IL20/nb_s403539_mpnn_3_IL20_model_0.cif,0.08456,0.0508,0.0166,0.1395,0.8231231570243835,0.8790246248245239,0.858136773109436,0.8143697381019592,0.7959047555923462,0.5669812560081482,1.4661988019943237,0.858136773109436,/scicore/home/schwede/barta0000/germinal_ds/templates_originals/nb_s403539_mpnn_3_IL20/boltz_with_template/output/boltz_results_nb_s403539_mpnn_3_IL20/predictions/nb_s403539_mpnn_3_IL20/nb_s403539_mpnn_3_IL20_model_0.cif,0.713684,0.25,0.3938,0.528
nb_s148672_mpnn_1_IL20,False,"A,B",4.138216836734693,90.17520486267448,12.82,0.67,2.4114285714285715,90.43044556049387,0.790309,0.3414,0.7879,0.6442,0.88,0.905,-62.4,0.0,0.89,0.9144,0.24,3.5035262755102035,95.60960714285716,9968.57,687.99,2.0168421052631587,96.01459523793814,0.804587,0.4282,0.8675,0.6633,0.88,0.91,51016.23,1.0,0.1535,0.6982245453865163,0.8535276045489217,11.533500134944916,64.54051208496094,71.526276,14.463866,0.56554824,0.5608612298965454,/scicore/home/schwede/barta0000/germinal_ds/templates_originals/nb_s148672_mpnn_1_IL20/chai_no_constraints/seed_2685/pred.model_idx_2.cif,0.45643866062164307,/scicore/home/schwede/barta0000/germinal_ds/templates_originals/nb_s148672_mpnn_1_IL20/chai_with_constraints/seed_1543/pred.model_idx_3.cif,0.5608612298965454,0.7786005139350891,0.5064263939857483,"[[0.8870939016342163, 0.893119752407074]]","[[[0.8870939016342163, 0.5064263939857483], [0.48915165662765503, 0.893119752407074]]]",0.5064263939857483,0.361686,0.1412,0.0908,0.3605,0.45643866062164307,0.724816083908081,0.3893442749977112,"[[0.8827234506607056, 0.8934616446495056]]","[[[0.8827234506607056, 0.3893442749977112], [0.36440885066986084, 0.8934616446495056]]]",0.3893442749977112,0.266193,0.0768,0.1242,0.2566,0.5968852043151855,0.6543679237365723,0.4005180597305298,0.6459770202636719,0.5818436145782471,1.0053738355636597,6.843672752380371,0.4005180597305298,/scicore/home/schwede/barta0000/germinal_ds/templates_originals/nb_s148672_mpnn_1_IL20/boltz_free/output/boltz_results_nb_s148672_mpnn_1_IL20/predictions/nb_s148672_mpnn_1_IL20/nb_s148672_mpnn_1_IL20_model_0.cif,0.079534,0.0476,0.0132,0.0421,0.8641201853752136,0.8653326034545898,0.814184308052063,0.8766041994094849,0.8654149770736694,0.5980553030967712,2.766496419906616,0.814184308052063,/scicore/home/schwede/barta0000/germinal_ds/templates_originals/nb_s148672_mpnn_1_IL20/boltz_with_template/output/boltz_results_nb_s148672_mpnn_1_IL20/predictions/nb_s148672_mpnn_1_IL20/nb_s148672_mpnn_1_IL20_model_0.cif,0.511912,0.3064,0.3985,0.4763
nb_s453654_mpnn_2_BHRF,False,"A,B",5.344417920524692,90.41253607345868,44.02,2.6,2.851612903225807,91.0094378036166,0.75493,0.379,0.8409,0.5577,0.85,0.885,13.22,0.0,0.86,0.8619,0.223,3.63320240162037,96.24006944444444,4586.72,331.83,2.0662962962962963,97.5233337967484,0.834098,0.4211,0.9135,0.6383,0.9,0.91,2147.12,1.0,0.5087,0.8722410650567403,0.9248836907637065,18.75437577565511,51.2159538269043,73.09117,16.094635,0.5378864,0.842104434967041,/scicore/home/schwede/barta0000/germinal_ds/templates_originals/nb_s453654_mpnn_2_BHRF/chai_no_constraints/seed_1077/pred.model_idx_3.cif,0.8556226491928101,/scicore/home/schwede/barta0000/germinal_ds/templates_originals/nb_s453654_mpnn_2_BHRF/chai_with_constraints/seed_2035/pred.model_idx_2.cif,0.842104434967041,0.9151796102523804,0.8238356113433838,"[[0.92667555809021, 0.9376534819602966]]","[[[0.92667555809021, 0.8238356113433838], [0.775550127029419, 0.9376534819602966]]]",0.8238356113433838,0.793887,0.3392,0.7777,0.5788,0.8556226491928101,0.9220014214515686,0.8390278816223145,"[[0.9233078956604004, 0.9401066303253174]]","[[[0.9233078956604004, 0.8390278816223145], [0.7934153079986572, 0.9401066303253174]]]",0.8390278816223145,0.823387,0.3725,0.8014,0.5843,0.8501117825508118,0.8434638977050781,0.7395792603492737,0.8777449131011963,0.8077467679977417,0.428661048412323,2.2608673572540283,0.7395792603492737,/scicore/home/schwede/barta0000/germinal_ds/templates_originals/nb_s453654_mpnn_2_BHRF/boltz_free/output/boltz_results_nb_s453654_mpnn_2_BHRF/predictions/nb_s453654_mpnn_2_BHRF/nb_s453654_mpnn_2_BHRF_model_0.cif,0.403469,0.1008,0.1946,0.3983,0.8454994559288025,0.7759010791778564,0.6151626110076904,0.9030836820602417,0.8418285250663757,0.6502267718315125,5.1258134841918945,0.6151626110076904,/scicore/home/schwede/barta0000/germinal_ds/templates_originals/nb_s453654_mpnn_2_BHRF/boltz_with_template/output/boltz_results_nb_s453654_mpnn_2_BHRF/predictions/nb_s453654_mpnn_2_BHRF/nb_s453654_mpnn_2_BHRF_model_0.cif,0.199705,0.2399,0.0848,0.163
nb_s530943_mpnn_3_IL20,False,"A,B",9.880019132653059,83.10048328816622,73.84,3.58,5.438095238095238,71.94943377345234,0.085176,0.128,0.0396,0.1114,0.4,0.86,-3.41,0.0,0.45,0.0541,0.243,3.9965468112244893,95.19796428571429,19335.82,876.69,2.62125,94.1,0.703197,0.3472,0.7918,0.5794,0.85,0.88,16924.33,1.0,0.0768,0.36829292257577284,0.8205457178007989,10.73258285937102,67.33334350585938,75.09541,12.193224,0.647622,0.7720704078674316,/scicore/home/schwede/barta0000/germinal_ds/templates_originals/nb_s530943_mpnn_3_IL20/chai_no_constraints/seed_1932/pred.model_idx_0.cif,0.6790599822998047,/scicore/home/schwede/barta0000/germinal_ds/templates_originals/nb_s530943_mpnn_3_IL20/chai_with_constraints/seed_1823/pred.model_idx_1.cif,0.7720704078674316,0.8894966244697571,0.7427138090133667,"[[0.9220076203346252, 0.921592652797699]]","[[[0.9220076203346252, 0.7427138090133667], [0.7291510701179504, 0.921592652797699]]]",0.7427138090133667,0.690782,0.269,0.6869,0.5699,0.6790599822998047,0.8291454315185547,0.6415386199951172,"[[0.8987375497817993, 0.8964913487434387]]","[[[0.8987375497817993, 0.6043227910995483], [0.6415386199951172, 0.8964913487434387]]]",0.6043227910995483,0.516523,0.2723,0.3765,0.4604,0.684503436088562,0.7502315640449524,0.7127923369407654,0.6774311661720276,0.6988425850868225,0.9657156467437744,4.9495134353637695,0.7127923369407654,/scicore/home/schwede/barta0000/germinal_ds/templates_originals/nb_s530943_mpnn_3_IL20/boltz_free/output/boltz_results_nb_s530943_mpnn_3_IL20/predictions/nb_s530943_mpnn_3_IL20/nb_s530943_mpnn_3_IL20_model_0.cif,0.241578,0.1483,0.0738,0.2073,0.8748397827148438,0.8238768577575684,0.8589538335800171,0.8788112998008728,0.8966573476791382,0.7308805584907532,2.4383342266082764,0.8589538335800171,/scicore/home/schwede/barta0000/germinal_ds/templates_originals/nb_s530943_mpnn_3_IL20/boltz_with_template/output/boltz_results_nb_s530943_mpnn_3_IL20/predictions/nb_s530943_mpnn_3_IL20/nb_s530943_mpnn_3_IL20_model_0.cif,0.649844,0.4412,0.5707,0.4016
nb_s745346_mpnn_4_PDL1,False,"A,B",5.111147569444444,89.5431658031088,57.38,3.58,4.2287878787878785,85.65841069529881,0.581513,0.2377,0.6468,0.5093,0.79,0.865,-146.9,0.0,0.79,,0.333,3.375964930555556,96.88358333333333,432.92,26.62,2.2615277777777774,96.73647039076862,0.745592,0.3345,0.8847,0.6757,0.86,0.9,288.09,1.0,,0.7740076496830299,0.8894811868084778,22.558170318603516,50.65180969238281,65.28325,17.442448,0.48478812,0.7766503691673279,/scicore/home/schwede/barta0000/germinal_ds/templates_originals/nb_s745346_mpnn_4_PDL1/chai_no_constraints/seed_1128/pred.model_idx_1.cif,0.7875202894210815,/scicore/home/schwede/barta0000/germinal_ds/templates_originals/nb_s745346_mpnn_4_PDL1/chai_with_constraints/seed_1280/pred.model_idx_0.cif,0.7766503691673279,0.8795475363731384,0.7509260177612305,"[[0.901333749294281, 0.935217022895813]]","[[[0.901333749294281, 0.7509260177612305], [0.7433985471725464, 0.935217022895813]]]",0.7509260177612305,0.714468,0.2147,0.6635,0.5895,0.7875202894210815,0.8876689672470093,0.7624830603599548,"[[0.9091786742210388, 0.9329254627227783]]","[[[0.9091786742210388, 0.7595419883728027], [0.7624830603599548, 0.9329254627227783]]]",0.7595419883728027,0.729522,0.2131,0.638,0.6038,0.8035709261894226,0.8354498147964478,0.7032065391540527,0.8286619782447815,0.7289071083068848,0.4382205009460449,2.5178329944610596,0.6660302877426147,/scicore/home/schwede/barta0000/germinal_ds/templates_originals/nb_s745346_mpnn_4_PDL1/boltz_free/output/boltz_results_nb_s745346_mpnn_4_PDL1/predictions/nb_s745346_mpnn_4_PDL1/nb_s745346_mpnn_4_PDL1_model_0.cif,0.312018,0.0581,0.0904,0.3662,0.8994864821434021,0.897498369216919,0.8664750456809998,0.9077392816543579,0.8545449376106262,0.35991033911705017,1.1225690841674805,0.8326660394668579,/scicore/home/schwede/barta0000/germinal_ds/templates_originals/nb_s745346_mpnn_4_PDL1/boltz_with_template/output/boltz_results_nb_s745346_mpnn_4_PDL1/predictions/nb_s745346_mpnn_4_PDL1/nb_s745346_mpnn_4_PDL1_model_0.cif,0.71502,0.2067,0.4976,0.6406
nb_s33838_mpnn_1_IL20,False,"A,B",4.6661186224489795,90.40634457611668,66.21,3.37,2.665,90.41518210653491,0.610818,0.4227,0.7483,0.5534,0.83,0.905,-6.51,0.0,0.85,0.7019,0.23,3.2794441326530612,96.46282142857143,13320.1,986.81,1.841860465116279,97.45789558009098,0.805126,0.4895,0.9051,0.6881,0.89,0.92,54043.23,1.0,0.0267,0.711524201542425,0.8734551043396547,5.872740796634129,72.69992065429688,76.35606,10.536531,0.70720875,0.7090378999710083,/scicore/home/schwede/barta0000/germinal_ds/templates_originals/nb_s33838_mpnn_1_IL20/chai_no_constraints/seed_6663/pred.model_idx_1.cif,0.44942718744277954,/scicore/home/schwede/barta0000/germinal_ds/templates_originals/nb_s33838_mpnn_1_IL20/chai_with_constraints/seed_135/pred.model_idx_3.cif,0.7090378999710083,0.8593140244483948,0.6714687943458557,"[[0.926169753074646, 0.9032494425773621]]","[[[0.926169753074646, 0.6714687943458557], [0.6612789630889893, 0.9032494425773621]]]",0.6714687943458557,0.570044,0.2049,0.4003,0.4939,0.44942718744277954,0.6979990601539612,0.38728421926498413,"[[0.918820321559906, 0.8901045918464661]]","[[[0.918820321559906, 0.38728421926498413], [0.32604649662971497, 0.8901045918464661]]]",0.38728421926498413,0.237935,0.1284,0.0511,0.1833,0.6576381325721741,0.7277745008468628,0.621202290058136,0.6667470932006836,0.6348388195037842,1.0530153512954712,3.5492658615112305,0.621202290058136,/scicore/home/schwede/barta0000/germinal_ds/templates_originals/nb_s33838_mpnn_1_IL20/boltz_free/output/boltz_results_nb_s33838_mpnn_1_IL20/predictions/nb_s33838_mpnn_1_IL20/nb_s33838_mpnn_1_IL20_model_0.cif,0.274277,0.0655,0.0729,0.2717,0.8264064788818359,0.8268634080886841,0.7296488881111145,0.8505958914756775,0.8164451718330383,0.5639086961746216,1.9763364791870117,0.7296488881111145,/scicore/home/schwede/barta0000/germinal_ds/templates_originals/nb_s33838_mpnn_1_IL20/boltz_with_template/output/boltz_results_nb_s33838_mpnn_1_IL20/predictions/nb_s33838_mpnn_1_IL20/nb_s33838_mpnn_1_IL20_model_0.cif,0.47009,0.1891,0.3372,0.4084
nb_s771809_mpnn_3_IL20,False,"A,B",6.147276785714285,88.35302947845804,84.78,6.21,3.486,81.63540595023892,0.339801,0.1518,0.4162,0.3414,0.66,0.885,-53.7,0.0,0.69,0.1075,0.22,3.8985649234693875,95.838,18718.12,1020.44,2.0520833333333335,95.2137508392334,0.673704,0.2627,0.8257,0.5912,0.83,0.88,44640.37,1.0,0.9392,0.7817165000640307,0.8610469568065694,6.74686761200428,73.23948669433594,77.8614,10.454379,0.7237211,0.43446218967437744,/scicore/home/schwede/barta0000/germinal_ds/templates_originals/nb_s771809_mpnn_3_IL20/chai_no_constraints/seed_1474/pred.model_idx_2.cif,0.4884715676307678,/scicore/home/schwede/barta0000/germinal_ds/templates_originals/nb_s771809_mpnn_3_IL20/chai_with_constraints/seed_1056/pred.model_idx_0.cif,0.43446218967437744,0.719212532043457,0.36327457427978516,"[[0.9254820346832275, 0.9069249629974365]]","[[[0.9254820346832275, 0.36327457427978516], [0.3472979664802551, 0.9069249629974365]]]",0.36327457427978516,0.21681,0.1278,0.0575,0.1732,0.4884715676307678,0.7427331209182739,0.4249061942100525,"[[0.9253930449485779, 0.8972558379173279]]","[[[0.9253930449485779, 0.4249061942100525], [0.3955003023147583, 0.8972558379173279]]]",0.4249061942100525,0.302446,0.0771,0.1376,0.2888,0.6054406762123108,0.6924066543579102,0.45428794622421265,0.6432288289070129,0.5802323818206787,1.0061283111572266,5.640147686004639,0.4174879789352417,/scicore/home/schwede/barta0000/germinal_ds/templates_originals/nb_s771809_mpnn_3_IL20/boltz_free/output/boltz_results_nb_s771809_mpnn_3_IL20/predictions/nb_s771809_mpnn_3_IL20/nb_s771809_mpnn_3_IL20_model_0.cif,0.142686,0.034,0.0188,0.097,0.8381938934326172,0.7746254801750183,0.6152172684669495,0.8939380049705505,0.8409655094146729,0.6630473136901855,3.508989095687866,0.6039063334465027,/scicore/home/schwede/barta0000/germinal_ds/templates_originals/nb_s771809_mpnn_3_IL20/boltz_with_template/output/boltz_results_nb_s771809_mpnn_3_IL20/predictions/nb_s771809_mpnn_3_IL20/nb_s771809_mpnn_3_IL20_model_0.cif,0.298853,0.1257,0.1943,0.2603
nb_s52054_mpnn_3_PDL1,False,"A,B",6.638774305555556,86.4113183949974,54.79,3.92,3.540740740740741,84.60114410539637,0.359202,0.1754,0.4534,0.3263,0.7,0.845,-86.86,0.0,0.72,0.8946,0.355,4.05229375,95.2345,11352.14,691.97,2.456666666666666,94.86071423121861,0.700416,0.2853,0.8201,0.598,0.85,0.87,22909.76,1.0,0.9755,0.7869157031947152,0.859915948939038,19.888870239257812,55.676517486572266,66.51599,17.739012,0.47381598,0.32224059104919434,/scicore/home/schwede/barta0000/germinal_ds/templates_originals/nb_s52054_mpnn_3_PDL1/chai_no_constraints/seed_2378/pred.model_idx_2.cif,0.3929615616798401,/scicore/home/schwede/barta0000/germinal_ds/templates_originals/nb_s52054_mpnn_3_PDL1/chai_with_constraints/seed_3925/pred.model_idx_2.cif,0.32224059104919434,0.6562352776527405,0.238741934299469,"[[0.8949699401855469, 0.8804934024810791]]","[[[0.8949699401855469, 0.22401714324951172], [0.238741934299469, 0.8804934024810791]]]",0.22401714324951172,0.093652,0.0596,0.0205,0.0879,0.3929615616798401,0.7099713683128357,0.3137091100215912,"[[0.8977082967758179, 0.8657240867614746]]","[[[0.8977082967758179, 0.3137091100215912], [0.30933573842048645, 0.8657240867614746]]]",0.3137091100215912,0.190489,0.0852,0.0561,0.2101,0.7943595051765442,0.7646083235740662,0.6013016104698181,0.8426239490509033,0.7622761726379395,0.5517551898956299,4.161477565765381,0.5273638963699341,/scicore/home/schwede/barta0000/germinal_ds/templates_originals/nb_s52054_mpnn_3_PDL1/boltz_free/output/boltz_results_nb_s52054_mpnn_3_PDL1/predictions/nb_s52054_mpnn_3_PDL1/nb_s52054_mpnn_3_PDL1_model_0.cif,0.170558,0.0921,0.056,0.1599,0.812060534954071,0.74102783203125,0.5374041795730591,0.8807246088981628,0.8209360837936401,0.6371532082557678,6.570263862609863,0.4941156506538391,/scicore/home/schwede/barta0000/germinal_ds/templates_originals/nb_s52054_mpnn_3_PDL1/boltz_with_template/output/boltz_results_nb_s52054_mpnn_3_PDL1/predictions/nb_s52054_mpnn_3_PDL1/nb_s52054_mpnn_3_PDL1_model_0.cif,0.128943,0.1878,0.0586,0.1255
nb_s949322_mpnn_2_BHRF,False,"A,B",4.845103925540124,91.1847473867596,51.91,2.4,3.032222222222223,91.932676453243,0.746662,0.5289,0.8118,0.5828,0.85,0.89,15.67,0.0,0.86,0.9928,0.22,3.3020586178626545,96.77725694444445,21605.73,998.87,2.2441304347826088,97.56095232282367,0.855881,0.575,0.9245,0.6781,0.91,0.93,16201.28,1.0,0.99,0.8737390163521168,0.8947342994010199,17.05201428277152,48.0931510925293,73.15457,15.3651,0.537949,0.31817427277565,/scicore/home/schwede/barta0000/germinal_ds/templates_originals/nb_s949322_mpnn_2_BHRF/chai_no_constraints/seed_372/pred.model_idx_4.cif,0.4872264862060547,/scicore/home/schwede/barta0000/germinal_ds/templates_originals/nb_s949322_mpnn_2_BHRF/chai_with_constraints/seed_204/pred.model_idx_0.cif,0.31817427277565,0.6316387057304382,0.23980817198753357,"[[0.8458000421524048, 0.9029377698898315]]","[[[0.8458000421524048, 0.23980817198753357], [0.18299487233161926, 0.9029377698898315]]]",0.23980817198753357,0.082122,0.0704,0.0125,0.0235,0.4872264862060547,0.7710258960723877,0.41627663373947144,"[[0.8611276149749756, 0.9131630659103394]]","[[[0.8611276149749756, 0.4131283164024353], [0.41627663373947144, 0.9131630659103394]]]",0.4131283164024353,0.299703,0.1402,0.0673,0.2881,0.8706725239753723,0.883503258228302,0.7788572907447815,0.89362633228302,0.8238586783409119,0.41420266032218933,2.0867366790771484,0.7788572907447815,/scicore/home/schwede/barta0000/germinal_ds/templates_originals/nb_s949322_mpnn_2_BHRF/boltz_free/output/boltz_results_nb_s949322_mpnn_2_BHRF/predictions/nb_s949322_mpnn_2_BHRF/nb_s949322_mpnn_2_BHRF_model_0.cif,0.498474,0.2506,0.2672,0.4803,0.9070040583610535,0.8950932621955872,0.8302931189537048,0.9261817932128906,0.8853686451911926,0.38206222653388977,1.5022573471069336,0.7962855100631714,/scicore/home/schwede/barta0000/germinal_ds/templates_originals/nb_s949322_mpnn_2_BHRF/boltz_with_template/output/boltz_results_nb_s949322_mpnn_2_BHRF/predictions/nb_s949322_mpnn_2_BHRF/nb_s949322_mpnn_2_BHRF_model_0.cif,0.675476,0.3493,0.5589,0.5592
nb_s206217_mpnn_5_PDL1,False,"A,B",6.993815972222223,87.16707112970711,67.3,4.83,3.021428571428572,84.62783392160742,0.381048,0.2196,0.4608,0.3642,0.69,0.845,-118.03,0.0,0.71,0.9724,0.24,3.4247394097222226,96.57862500000002,1048.0,72.5,2.1217241379310345,96.12181877367425,0.766464,0.3709,0.867,0.6678,0.88,0.91,468.63,1.0,0.9931,0.8943698335826304,0.8955357135192689,,,68.844086,17.36129,0.49169087,0.8395669460296631,/scicore/home/schwede/barta0000/germinal_ds/templates_originals/nb_s206217_mpnn_5_PDL1/chai_no_constraints/seed_2144/pred.model_idx_3.cif,0.8403986096382141,/scicore/home/schwede/barta0000/germinal_ds/templates_originals/nb_s206217_mpnn_5_PDL1/chai_with_constraints/seed_2787/pred.model_idx_2.cif,0.8395669460296631,0.9146735072135925,0.8207902908325195,"[[0.925432562828064, 0.934075117111206]]","[[[0.925432562828064, 0.8207902908325195], [0.7725999355316162, 0.934075117111206]]]",0.8207902908325195,0.808757,0.3292,0.7685,0.6427,0.8403986096382141,0.9132218956947327,0.8221927881240845,"[[0.9253232479095459, 0.934104859828949]]","[[[0.9253232479095459, 0.8221927881240845], [0.7668794393539429, 0.934104859828949]]]",0.8221927881240845,0.809705,0.3295,0.7842,0.6368,0.9043959975242615,0.8642206788063049,0.7916242480278015,0.9325889348983765,0.9059082865715027,0.41529181599617004,2.118501901626587,0.7568110823631287,/scicore/home/schwede/barta0000/germinal_ds/templates_originals/nb_s206217_mpnn_5_PDL1/boltz_free/output/boltz_results_nb_s206217_mpnn_5_PDL1/predictions/nb_s206217_mpnn_5_PDL1/nb_s206217_mpnn_5_PDL1_model_0.cif,0.461869,0.2353,0.4396,0.485,0.9415603876113892,0.931512713432312,0.908122718334198,0.9499197602272034,0.9325544834136963,0.30622145533561707,0.6394864916801453,0.8706053495407104,/scicore/home/schwede/barta0000/germinal_ds/templates_originals/nb_s206217_mpnn_5_PDL1/boltz_with_template/output/boltz_results_nb_s206217_mpnn_5_PDL1/predictions/nb_s206217_mpnn_5_PDL1/nb_s206217_mpnn_5_PDL1_model_0.cif,0.824018,0.2897,0.7891,0.7135
nb_s648756_mpnn_1_BHRF,False,"A,B",5.89118320794753,87.39924487123527,157.42,7.11,2.574418604651163,86.94330788594476,0.736621,0.4814,0.6456,0.5553,0.84,0.87,-62.59,0.0,0.85,0.9989,0.184,3.4862059944058648,95.7311111111111,11037.26,504.57,1.8097727272727275,95.9838107881092,0.835511,0.5932,0.8761,0.6724,0.91,0.93,10323.49,1.0,0.9976,0.854111999512319,0.8564285224821374,18.7610143661499,45.52468490600586,73.25514,16.111824,0.5261204,0.32406991720199585,/scicore/home/schwede/barta0000/germinal_ds/templates_originals/nb_s648756_mpnn_1_BHRF/chai_no_constraints/seed_1773/pred.model_idx_4.cif,0.7440364360809326,/scicore/home/schwede/barta0000/germinal_ds/templates_originals/nb_s648756_mpnn_1_BHRF/chai_with_constraints/seed_2474/pred.model_idx_3.cif,0.32406991720199585,0.6435635089874268,0.24419650435447693,"[[0.8972947001457214, 0.902736246585846]]","[[[0.8972947001457214, 0.24419650435447693], [0.19518724083900452, 0.902736246585846]]]",0.24419650435447693,0.088124,0.1242,0.0143,0.0395,0.7440364360809326,0.8882957100868225,0.7079715728759766,"[[0.9153183102607727, 0.922703206539154]]","[[[0.9153183102607727, 0.6749938726425171], [0.7079715728759766, 0.922703206539154]]]",0.6749938726425171,0.650862,0.2161,0.5189,0.5146,0.7978888154029846,0.7414810657501221,0.4898816645145416,0.8748905658721924,0.7690645456314087,0.6279638409614563,5.285175323486328,0.4898816645145416,/scicore/home/schwede/barta0000/germinal_ds/templates_originals/nb_s648756_mpnn_1_BHRF/boltz_free/output/boltz_results_nb_s648756_mpnn_1_BHRF/predictions/nb_s648756_mpnn_1_BHRF/nb_s648756_mpnn_1_BHRF_model_0.cif,0.171231,0.1408,0.0401,0.1471,0.8787872195243835,0.8558031320571899,0.7251570820808411,0.9171947836875916,0.8644908666610718,0.5117287039756775,3.3636233806610107,0.7251570820808411,/scicore/home/schwede/barta0000/germinal_ds/templates_originals/nb_s648756_mpnn_1_BHRF/boltz_with_template/output/boltz_results_nb_s648756_mpnn_1_BHRF/predictions/nb_s648756_mpnn_1_BHRF/nb_s648756_mpnn_1_BHRF_model_0.cif,0.36716,0.3204,0.2547,0.3666
nb_s390940_mpnn_4_IL20,False,"A,B",4.375843112244898,89.88964382326421,35.12,1.66,2.937755102040816,88.24484466325434,0.756209,0.3878,0.71,0.6013,0.87,0.895,-120.81,0.0,0.87,0.9958,0.248,3.2256417091836735,96.15889285714285,3406.33,230.09,1.7535294117647058,97.2869039263044,0.84546,0.4891,0.9118,0.7011,0.91,0.93,5057.33,1.0,0.998,0.8646246895744554,0.9064147790595982,9.504931594644274,65.5159683227539,73.92475,11.758421,0.67241716,0.30663740634918213,/scicore/home/schwede/barta0000/germinal_ds/templates_originals/nb_s390940_mpnn_4_IL20/chai_no_constraints/seed_1178/pred.model_idx_0.cif,0.30765074491500854,/scicore/home/schwede/barta0000/germinal_ds/templates_originals/nb_s390940_mpnn_4_IL20/chai_with_constraints/seed_1029/pred.model_idx_3.cif,0.30663740634918213,0.617628812789917,0.2288895547389984,"[[0.8581657409667969, 0.8935913443565369]]","[[[0.8581657409667969, 0.2288895547389984], [0.18193937838077545, 0.8935913443565369]]]",0.2288895547389984,0.066079,0.0557,0.0133,0.036,0.30765074491500854,0.6319976449012756,0.22656400501728058,"[[0.8531495332717896, 0.8953556418418884]]","[[[0.8531495332717896, 0.22656400501728058], [0.20536445081233978, 0.8953556418418884]]]",0.22656400501728058,0.099581,0.0428,0.0255,0.099,0.5886535048484802,0.7074349522590637,0.5246878266334534,0.6046448945999146,0.5571790337562561,0.9934190511703491,5.916974067687988,0.5246878266334534,/scicore/home/schwede/barta0000/germinal_ds/templates_originals/nb_s390940_mpnn_4_IL20/boltz_free/output/boltz_results_nb_s390940_mpnn_4_IL20/predictions/nb_s390940_mpnn_4_IL20/nb_s390940_mpnn_4_IL20_model_0.cif,0.168397,0.0381,0.0195,0.1072,0.8020915389060974,0.7385615706443787,0.570676863193512,0.8599451184272766,0.8290267586708069,0.7403919696807861,7.586825370788574,0.570676863193512,/scicore/home/schwede/barta0000/germinal_ds/templates_originals/nb_s390940_mpnn_4_IL20/boltz_with_template/output/boltz_results_nb_s390940_mpnn_4_IL20/predictions/nb_s390940_mpnn_4_IL20/nb_s390940_mpnn_4_IL20_model_0.cif,0.179056,0.1485,0.0546,0.1131
nb_s975197_mpnn_2_PDL1,False,"A,B",8.030758680555556,84.10213036565978,63.04,4.39,3.9660714285714285,80.83348217968111,0.305648,0.2114,0.2603,0.2502,0.66,0.825,-180.31,0.0,0.68,,0.242,3.264926388888889,96.92225000000002,54.79,3.81,1.7630645161290326,97.3480000813802,0.793036,0.4091,0.9068,0.6919,0.89,0.91,52.51,1.0,0.0063,0.8945076831141325,0.8797228184929656,15.599205407229336,60.45833206176758,69.20741,14.793642,0.5539061,0.6770852208137512,/scicore/home/schwede/barta0000/germinal_ds/templates_originals/nb_s975197_mpnn_2_PDL1/chai_no_constraints/seed_3120/pred.model_idx_0.cif,0.7825642228126526,/scicore/home/schwede/barta0000/germinal_ds/templates_originals/nb_s975197_mpnn_2_PDL1/chai_with_constraints/seed_3308/pred.model_idx_4.cif,0.6770852208137512,0.8488887548446655,0.6341343522071838,"[[0.9257193803787231, 0.8899508714675903]]","[[[0.9257193803787231, 0.613598644733429], [0.6341343522071838, 0.8899508714675903]]]",0.613598644733429,0.543194,0.1413,0.3504,0.5236,0.7825642228126526,0.8956508636474609,0.7542924880981445,"[[0.9261916875839233, 0.9330374002456665]]","[[[0.9261916875839233, 0.7542924880981445], [0.7438333630561829, 0.9330374002456665]]]",0.7542924880981445,0.728213,0.2333,0.6755,0.619,0.7541863322257996,0.7569074630737305,0.5283387303352356,0.8106482028961182,0.7293229103088379,0.6223140954971313,5.5591864585876465,0.4780994951725006,/scicore/home/schwede/barta0000/germinal_ds/templates_originals/nb_s975197_mpnn_2_PDL1/boltz_free/output/boltz_results_nb_s975197_mpnn_2_PDL1/predictions/nb_s975197_mpnn_2_PDL1/nb_s975197_mpnn_2_PDL1_model_0.cif,0.133668,0.072,0.0324,0.1155,0.8436501622200012,0.8575167059898376,0.7569732666015625,0.8653193712234497,0.8226609230041504,0.4976745843887329,2.4173471927642822,0.7499986290931702,/scicore/home/schwede/barta0000/germinal_ds/templates_originals/nb_s975197_mpnn_2_PDL1/boltz_with_template/output/boltz_results_nb_s975197_mpnn_2_PDL1/predictions/nb_s975197_mpnn_2_PDL1/nb_s975197_mpnn_2_PDL1_model_0.cif,0.461919,0.171,0.2798,0.4691
nb_s717713_mpnn_4_IL20,False,"A,B",4.57577806122449,89.65712415349887,32.62,1.46,3.3579545454545454,87.68460046276137,0.708474,0.3873,0.7223,0.577,0.84,0.89,-89.78,0.0,0.85,0.9746,0.238,3.333518877551021,96.68064285714286,1409.09,102.54,2.2239285714285715,97.68088853624133,0.828161,0.4776,0.9167,0.6753,0.91,0.92,2759.4,1.0,0.6766,0.8356887896588003,0.8853141474096811,21.7245991230011,49.61805725097656,72.52624,15.982534,0.5243235,0.8453502058982849,/scicore/home/schwede/barta0000/germinal_ds/templates_originals/nb_s717713_mpnn_4_IL20/chai_no_constraints/seed_2223/pred.model_idx_2.cif,0.37755146622657776,/scicore/home/schwede/barta0000/germinal_ds/templates_originals/nb_s717713_mpnn_4_IL20/chai_with_constraints/seed_2365/pred.model_idx_4.cif,0.8453502058982849,0.9143534898757935,0.8280993700027466,"[[0.9224578142166138, 0.9212643504142761]]","[[[0.9224578142166138, 0.7596496343612671], [0.8280993700027466, 0.9212643504142761]]]",0.7596496343612671,0.812863,0.3132,0.7521,0.6073,0.37755146622657776,0.6683414578437805,0.30485397577285767,"[[0.872429370880127, 0.870311975479126]]","[[[0.872429370880127, 0.30485397577285767], [0.2886410653591156, 0.870311975479126]]]",0.30485397577285767,0.177393,0.1553,0.0277,0.1409,0.5641283392906189,0.5753927230834961,0.2560051679611206,0.6411590576171875,0.5975782871246338,0.9941564798355103,8.888344764709473,0.2016368806362152,/scicore/home/schwede/barta0000/germinal_ds/templates_originals/nb_s717713_mpnn_4_IL20/boltz_free/output/boltz_results_nb_s717713_mpnn_4_IL20/predictions/nb_s717713_mpnn_4_IL20/nb_s717713_mpnn_4_IL20_model_0.cif,0.019332,0.0622,0.0105,0.0577,0.8083028793334961,0.6709273457527161,0.45358529686927795,0.8969822525978088,0.8803143501281738,0.9699277877807617,8.544340133666992,0.45358529686927795,/scicore/home/schwede/barta0000/germinal_ds/templates_originals/nb_s717713_mpnn_4_IL20/boltz_with_template/output/boltz_results_nb_s717713_mpnn_4_IL20/predictions/nb_s717713_mpnn_4_IL20/nb_s717713_mpnn_4_IL20_model_0.cif,0.124845,0.3523,0.0441,0.0619
nb_s785824_mpnn_2_IL20,False,"A,B",4.147829081632653,90.8365355042967,47.59,2.37,3.05,90.73012184673486,0.771182,0.3707,0.7664,0.6259,0.87,0.905,-88.02,0.0,0.88,0.9045,0.246,3.0579998724489794,97.16703571428572,23168.76,1241.31,1.9580232558139534,97.53549938201904,0.850278,0.4623,0.899,0.6933,0.91,0.93,33121.96,1.0,0.9539,0.8361175530657903,0.8687229590052601,12.259562969207764,67.01388549804688,73.85738,15.02813,0.5460024,0.3234094977378845,/scicore/home/schwede/barta0000/germinal_ds/templates_originals/nb_s785824_mpnn_2_IL20/chai_no_constraints/seed_1658/pred.model_idx_1.cif,0.3283897340297699,/scicore/home/schwede/barta0000/germinal_ds/templates_originals/nb_s785824_mpnn_2_IL20/chai_with_constraints/seed_1436/pred.model_idx_1.cif,0.3234094977378845,0.6420649290084839,0.24374565482139587,"[[0.8754573464393616, 0.8869303464889526]]","[[[0.8754573464393616, 0.24374565482139587], [0.21993017196655273, 0.8869303464889526]]]",0.24374565482139587,0.10184,0.0489,0.018,0.0836,0.3283897340297699,0.6358301043510437,0.25152963399887085,"[[0.874955415725708, 0.8870334625244141]]","[[[0.874955415725708, 0.25152963399887085], [0.2093643695116043, 0.8870334625244141]]]",0.25152963399887085,0.118762,0.1067,0.021,0.1181,0.6453080773353577,0.7073968648910522,0.6185223460197449,0.6520044803619385,0.6188287734985352,0.9847619533538818,5.702970027923584,0.6185223460197449,/scicore/home/schwede/barta0000/germinal_ds/templates_originals/nb_s785824_mpnn_2_IL20/boltz_free/output/boltz_results_nb_s785824_mpnn_2_IL20/predictions/nb_s785824_mpnn_2_IL20/nb_s785824_mpnn_2_IL20_model_0.cif,0.142194,0.0844,0.0226,0.1081,0.8406463861465454,0.7896490097045898,0.69356769323349,0.8774160146713257,0.863423228263855,0.8067766427993774,4.570533752441406,0.69356769323349,/scicore/home/schwede/barta0000/germinal_ds/templates_originals/nb_s785824_mpnn_2_IL20/boltz_with_template/output/boltz_results_nb_s785824_mpnn_2_IL20/predictions/nb_s785824_mpnn_2_IL20/nb_s785824_mpnn_2_IL20_model_0.cif,0.294744,0.3934,0.1866,0.273
nb_s467069_mpnn_5_PDL1,False,"A,B",7.3817916666666665,86.11011566771819,67.96,4.86,3.444827586206897,84.04676890076827,0.404553,0.2027,0.3984,0.3491,0.74,0.84,-117.37,0.0,0.74,0.0482,0.374,4.0011578125,95.17304166666666,17480.3,798.76,2.1082758620689654,95.10148225007234,0.738537,0.2974,0.8048,0.6118,0.87,0.88,19686.55,1.0,0.0138,0.8194001819061074,0.8432204301654498,,,68.40052,17.51779,0.48656017,0.8178207874298096,/scicore/home/schwede/barta0000/germinal_ds/templates_originals/nb_s467069_mpnn_5_PDL1/chai_no_constraints/seed_2291/pred.model_idx_4.cif,0.8136690855026245,/scicore/home/schwede/barta0000/germinal_ds/templates_originals/nb_s467069_mpnn_5_PDL1/chai_with_constraints/seed_1013/pred.model_idx_4.cif,0.8178207874298096,0.9021982550621033,0.796726405620575,"[[0.927486777305603, 0.9331491589546204]]","[[[0.927486777305603, 0.796726405620575], [0.7744325399398804, 0.9331491589546204]]]",0.796726405620575,0.764785,0.1863,0.6803,0.6281,0.8136690855026245,0.8987840414047241,0.7923903465270996,"[[0.9266226887702942, 0.9330431818962097]]","[[[0.9266226887702942, 0.7923903465270996], [0.7649096250534058, 0.9330431818962097]]]",0.7923903465270996,0.760006,0.1847,0.6512,0.6217,0.9154908061027527,0.9360092878341675,0.9258626699447632,0.9128978252410889,0.8794464468955994,0.3310472071170807,0.67286616563797,0.8964166641235352,/scicore/home/schwede/barta0000/germinal_ds/templates_originals/nb_s467069_mpnn_5_PDL1/boltz_free/output/boltz_results_nb_s467069_mpnn_5_PDL1/predictions/nb_s467069_mpnn_5_PDL1/nb_s467069_mpnn_5_PDL1_model_0.cif,0.857616,0.3111,0.6252,0.6945,0.9087082147598267,0.9214122295379639,0.8916640877723694,0.9129692316055298,0.8645086884498596,0.33429089188575745,0.8700429797172546,0.8554848432540894,/scicore/home/schwede/barta0000/germinal_ds/templates_originals/nb_s467069_mpnn_5_PDL1/boltz_with_template/output/boltz_results_nb_s467069_mpnn_5_PDL1/predictions/nb_s467069_mpnn_5_PDL1/nb_s467069_mpnn_5_PDL1_model_0.cif,0.790948,0.311,0.5495,0.6802
nb_s2898_mpnn_1_IL3,False,"A,B",5.297408,89.83495135688685,45.01,3.02,4.1499999999999995,89.14620694409348,0.628928,0.2612,0.6226,0.5399,0.8,0.87,-73.77,0.0,0.81,0.0504,0.191,3.5581846400000003,95.9794,21839.16,825.62,2.4057142857142857,96.22851816813152,0.770204,0.3457,0.8649,0.6451,0.87,0.91,16107.1,1.0,0.0033,0.8292909874685501,0.8320354437975312,26.352660942077637,50.43543243408203,53.63421,21.269,0.46565747,0.2471383959054947,/scicore/home/schwede/barta0000/germinal_ds/templates_originals/nb_s2898_mpnn_1_IL3/chai_no_constraints/seed_2095/pred.model_idx_3.cif,0.26240837574005127,/scicore/home/schwede/barta0000/germinal_ds/templates_originals/nb_s2898_mpnn_1_IL3/chai_with_constraints/seed_1772/pred.model_idx_0.cif,0.2471383959054947,0.5917897820472717,0.16097554564476013,"[[0.901265025138855, 0.31788498163223267]]","[[[0.901265025138855, 0.16097554564476013], [0.10821995884180069, 0.31788498163223267]]]",0.16097554564476013,0.030367,0.0746,0.0107,0.0169,0.26240837574005127,0.6026972532272339,0.1773361712694168,"[[0.8975844979286194, 0.31653714179992676]]","[[[0.8975844979286194, 0.1773361712694168], [0.15538249909877777, 0.31653714179992676]]]",0.1773361712694168,0.051766,0.0794,0.0142,0.1226,0.7756685018539429,0.7437355518341064,0.5402187705039978,0.8345308899879456,0.7087720036506653,0.6001811623573303,3.8017935752868652,0.5402187705039978,/scicore/home/schwede/barta0000/germinal_ds/templates_originals/nb_s2898_mpnn_1_IL3/boltz_free/output/boltz_results_nb_s2898_mpnn_1_IL3/predictions/nb_s2898_mpnn_1_IL3/nb_s2898_mpnn_1_IL3_model_0.cif,0.173916,0.1336,0.0329,0.1603,0.8553633689880371,0.8113317489624023,0.662432074546814,0.9035961627960205,0.8325901031494141,0.6672802567481995,4.646371841430664,0.6491041779518127,/scicore/home/schwede/barta0000/germinal_ds/templates_originals/nb_s2898_mpnn_1_IL3/boltz_with_template/output/boltz_results_nb_s2898_mpnn_1_IL3/predictions/nb_s2898_mpnn_1_IL3/nb_s2898_mpnn_1_IL3_model_0.cif,0.295908,0.3629,0.1143,0.3228
nb_s802159_mpnn_2_BHRF,False,"A,B",5.720634403935186,88.89159471365637,31.39,2.03,3.293548387096774,90.02144535046764,0.70239,0.4057,0.7649,0.513,0.84,0.87,-102.69,0.0,0.84,0.9905,0.26,3.661665099344136,95.84229166666667,15518.67,788.25,2.10765625,96.949063539505,0.827428,0.4674,0.9,0.6356,0.9,0.92,15054.09,1.0,0.9922,0.8330321117653974,0.8490068022826224,12.82038892507553,55.62153625488281,74.1896,13.677632,0.5806528,0.8231053948402405,/scicore/home/schwede/barta0000/germinal_ds/templates_originals/nb_s802159_mpnn_2_BHRF/chai_no_constraints/seed_2744/pred.model_idx_0.cif,0.838263213634491,/scicore/home/schwede/barta0000/germinal_ds/templates_originals/nb_s802159_mpnn_2_BHRF/chai_with_constraints/seed_3145/pred.model_idx_1.cif,0.8231053948402405,0.902523398399353,0.8032509088516235,"[[0.9222884774208069, 0.927998423576355]]","[[[0.9222884774208069, 0.8032509088516235], [0.7443603873252869, 0.927998423576355]]]",0.8032509088516235,0.757571,0.3424,0.7335,0.5479,0.838263213634491,0.9086524248123169,0.8206658363342285,"[[0.9239568710327148, 0.9319921731948853]]","[[[0.9239568710327148, 0.8206658363342285], [0.7558350563049316, 0.9319921731948853]]]",0.8206658363342285,0.791781,0.368,0.7971,0.5609,0.9224416017532349,0.8775569200515747,0.9036442637443542,0.9271408915519714,0.9078565239906311,0.38887524604797363,0.9469916224479675,0.7703332304954529,/scicore/home/schwede/barta0000/germinal_ds/templates_originals/nb_s802159_mpnn_2_BHRF/boltz_free/output/boltz_results_nb_s802159_mpnn_2_BHRF/predictions/nb_s802159_mpnn_2_BHRF/nb_s802159_mpnn_2_BHRF_model_0.cif,0.844945,0.2873,0.6927,0.518,0.9436208009719849,0.9120340347290039,0.9345356822013855,0.9458920955657959,0.9369947910308838,0.3551807105541229,0.79526686668396,0.841182291507721,/scicore/home/schwede/barta0000/germinal_ds/templates_originals/nb_s802159_mpnn_2_BHRF/boltz_with_template/output/boltz_results_nb_s802159_mpnn_2_BHRF/predictions/nb_s802159_mpnn_2_BHRF/nb_s802159_mpnn_2_BHRF_model_0.cif,0.892174,0.3147,0.8226,0.6025
nb_s785824_mpnn_3_IL20,False,"A,B",4.179590561224489,90.95691783931004,65.76,3.14,3.998780487804878,90.83666197799009,0.745787,0.4054,0.7572,0.6291,0.87,0.905,87.62,0.0,0.87,0.0514,0.224,3.4060357142857143,96.28960714285715,494.78,29.23,2.8055681818181815,97.00840880654074,0.832947,0.524,0.8911,0.6779,0.9,0.92,2000.08,1.0,,0.8364368772998827,0.8780717579786803,11.00686855316162,64.84719848632812,74.32328,13.974672,0.5674721,0.3230908513069153,/scicore/home/schwede/barta0000/germinal_ds/templates_originals/nb_s785824_mpnn_3_IL20/chai_no_constraints/seed_1035/pred.model_idx_2.cif,0.4891834855079651,/scicore/home/schwede/barta0000/germinal_ds/templates_originals/nb_s785824_mpnn_3_IL20/chai_with_constraints/seed_1116/pred.model_idx_3.cif,0.3230908513069153,0.6403135061264038,0.24378517270088196,"[[0.872059166431427, 0.886475145816803]]","[[[0.872059166431427, 0.24378517270088196], [0.2128644585609436, 0.886475145816803]]]",0.24378517270088196,0.104787,0.0687,0.0187,0.0875,0.4891834855079651,0.7465305924415588,0.42484670877456665,"[[0.8773014545440674, 0.8919269442558289]]","[[[0.8773014545440674, 0.42484670877456665], [0.4024314284324646, 0.8919269442558289]]]",0.42484670877456665,0.292451,0.1112,0.1618,0.2918,0.6161638498306274,0.8119998574256897,0.7117273807525635,0.592272937297821,0.5442513823509216,0.71478670835495,3.2677810192108154,0.7117273807525635,/scicore/home/schwede/barta0000/germinal_ds/templates_originals/nb_s785824_mpnn_3_IL20/boltz_free/output/boltz_results_nb_s785824_mpnn_3_IL20/predictions/nb_s785824_mpnn_3_IL20/nb_s785824_mpnn_3_IL20_model_0.cif,0.327292,0.0369,0.0383,0.2691,0.8567668199539185,0.7914482951164246,0.7416543364524841,0.8855449557304382,0.881278932094574,0.8232640027999878,3.986255407333374,0.7416543364524841,/scicore/home/schwede/barta0000/germinal_ds/templates_originals/nb_s785824_mpnn_3_IL20/boltz_with_template/output/boltz_results_nb_s785824_mpnn_3_IL20/predictions/nb_s785824_mpnn_3_IL20/nb_s785824_mpnn_3_IL20_model_0.cif,0.332052,0.2692,0.3159,0.2728
nb_s201653_mpnn_1_IL20,False,"A,B",7.871502551020408,84.54535698248766,332.72,17.74,6.279999999999999,72.37561068281097,0.181241,0.0894,0.087,0.1646,0.51,0.865,98.85,0.0,0.55,0.6241,0.351,3.7700107142857138,95.68867857142858,3868.56,283.64,2.5611538461538466,95.01277838812933,0.751308,0.2486,0.8213,0.6254,0.85,0.9,5003.7,1.0,0.4914,0.3180083929233311,0.8271852163493782,11.32197348276774,67.75119018554688,74.646935,14.079008,0.5647893,0.4036576747894287,/scicore/home/schwede/barta0000/germinal_ds/templates_originals/nb_s201653_mpnn_1_IL20/chai_no_constraints/seed_2266/pred.model_idx_4.cif,0.44995051622390747,/scicore/home/schwede/barta0000/germinal_ds/templates_originals/nb_s201653_mpnn_1_IL20/chai_with_constraints/seed_3492/pred.model_idx_0.cif,0.4036576747894287,0.6873478889465332,0.3327351212501526,"[[0.9008649587631226, 0.9021403193473816]]","[[[0.9008649587631226, 0.3327351212501526], [0.2972746789455414, 0.9021403193473816]]]",0.3327351212501526,0.18743,0.0934,0.0276,0.1301,0.44995051622390747,0.7026069760322571,0.3867863714694977,"[[0.9125317335128784, 0.889473021030426]]","[[[0.9125317335128784, 0.3867863714694977], [0.3286903202533722, 0.889473021030426]]]",0.3867863714694977,0.247083,0.1314,0.0723,0.2087,0.6764597296714783,0.807415246963501,0.6862689852714539,0.6740074157714844,0.6223084330558777,0.6570478677749634,2.79611873626709,0.6862689852714539,/scicore/home/schwede/barta0000/germinal_ds/templates_originals/nb_s201653_mpnn_1_IL20/boltz_free/output/boltz_results_nb_s201653_mpnn_1_IL20/predictions/nb_s201653_mpnn_1_IL20/nb_s201653_mpnn_1_IL20_model_0.cif,0.375439,0.0318,0.0649,0.314,0.8838445544242859,0.8461361527442932,0.7599199414253235,0.9148256778717041,0.8868362903594971,0.522774875164032,1.8838802576065063,0.7599199414253235,/scicore/home/schwede/barta0000/germinal_ds/templates_originals/nb_s201653_mpnn_1_IL20/boltz_with_template/output/boltz_results_nb_s201653_mpnn_1_IL20/predictions/nb_s201653_mpnn_1_IL20/nb_s201653_mpnn_1_IL20_model_0.cif,0.504782,0.1297,0.4621,0.4446
nb_s410453_mpnn_5_IL20,False,"A,B",5.16240306122449,88.17189562890276,45.23,2.31,3.3780487804878057,87.07955427402565,0.679994,0.2092,0.6768,0.5289,0.82,0.885,-88.82,0.0,0.83,0.6945,0.241,3.5823021683673466,95.70085714285713,548.17,38.57,1.8719230769230768,97.23083347744412,0.806391,0.3201,0.9069,0.6616,0.88,0.91,2150.98,1.0,0.2267,0.8289228890685134,0.9084156012585709,9.434979470570882,65.59342193603516,72.07011,12.971521,0.6144736,0.8134729862213135,/scicore/home/schwede/barta0000/germinal_ds/templates_originals/nb_s410453_mpnn_5_IL20/chai_no_constraints/seed_2939/pred.model_idx_4.cif,0.5231125950813293,/scicore/home/schwede/barta0000/germinal_ds/templates_originals/nb_s410453_mpnn_5_IL20/chai_with_constraints/seed_1113/pred.model_idx_0.cif,0.8134729862213135,0.9018566608428955,0.791377067565918,"[[0.9134790897369385, 0.9100771546363831]]","[[[0.9134790897369385, 0.791377067565918], [0.7620024681091309, 0.9100771546363831]]]",0.791377067565918,0.761713,0.1608,0.5479,0.5568,0.5231125950813293,0.7474218606948853,0.4670352339744568,"[[0.8806321620941162, 0.8748092651367188]]","[[[0.8806321620941162, 0.4670352339744568], [0.45264220237731934, 0.8748092651367188]]]",0.4670352339744568,0.308076,0.08,0.1307,0.2731,0.6634374856948853,0.7589486837387085,0.6562257409095764,0.6652404069900513,0.6130555868148804,1.0005781650543213,2.95389461517334,0.6562257409095764,/scicore/home/schwede/barta0000/germinal_ds/templates_originals/nb_s410453_mpnn_5_IL20/boltz_free/output/boltz_results_nb_s410453_mpnn_5_IL20/predictions/nb_s410453_mpnn_5_IL20/nb_s410453_mpnn_5_IL20_model_0.cif,0.313386,0.0367,0.0733,0.2792,0.8524099588394165,0.8572458624839783,0.8054202795028687,0.8641573190689087,0.8437128663063049,0.5813663005828857,1.6088857650756836,0.8054202795028687,/scicore/home/schwede/barta0000/germinal_ds/templates_originals/nb_s410453_mpnn_5_IL20/boltz_with_template/output/boltz_results_nb_s410453_mpnn_5_IL20/predictions/nb_s410453_mpnn_5_IL20/nb_s410453_mpnn_5_IL20_model_0.cif,0.591307,0.1103,0.4754,0.4779
nb_s908222_mpnn_5_PDL1,False,"A,B",6.505888888888889,88.27866807610994,1.91,0.15,2.710714285714286,86.71850983986081,0.47786,0.2004,0.6209,0.3829,0.75,0.85,-173.15,0.0,0.76,0.0024,0.409,3.1898119791666666,97.09016666666666,118.63,9.12,1.7036538461538462,97.36464391435895,0.793356,0.3104,0.9039,0.6893,0.89,0.91,151.92,1.0,0.8585,0.8109499019050813,0.8973253116812432,22.13165807723999,53.611454010009766,67.77258,17.546722,0.49010918,0.7244576811790466,/scicore/home/schwede/barta0000/germinal_ds/templates_originals/nb_s908222_mpnn_5_PDL1/chai_no_constraints/seed_204/pred.model_idx_1.cif,0.8314255475997925,/scicore/home/schwede/barta0000/germinal_ds/templates_originals/nb_s908222_mpnn_5_PDL1/chai_with_constraints/seed_2121/pred.model_idx_0.cif,0.7244576811790466,0.8644207715988159,0.6894668936729431,"[[0.9309858083724976, 0.8893276453018188]]","[[[0.9309858083724976, 0.6845732927322388], [0.6894668936729431, 0.8893276453018188]]]",0.6845732927322388,0.620601,0.1591,0.395,0.5611,0.8314255475997925,0.9140993356704712,0.810757040977478,"[[0.9337350726127625, 0.9332829117774963]]","[[[0.9337350726127625, 0.810757040977478], [0.7959592342376709, 0.9332829117774963]]]",0.810757040977478,0.795705,0.2263,0.7497,0.6541,0.8258191347122192,0.734809398651123,0.48581019043922424,0.9108213782310486,0.8635054230690002,0.6690112352371216,6.738704204559326,0.42725396156311035,/scicore/home/schwede/barta0000/germinal_ds/templates_originals/nb_s908222_mpnn_5_PDL1/boltz_free/output/boltz_results_nb_s908222_mpnn_5_PDL1/predictions/nb_s908222_mpnn_5_PDL1/nb_s908222_mpnn_5_PDL1_model_0.cif,0.107087,0.1348,0.0367,0.0694,0.9456602334976196,0.935282826423645,0.9053534269332886,0.9557369351387024,0.9460781216621399,0.3007638156414032,0.707176685333252,0.8753378987312317,/scicore/home/schwede/barta0000/germinal_ds/templates_originals/nb_s908222_mpnn_5_PDL1/boltz_with_template/output/boltz_results_nb_s908222_mpnn_5_PDL1/predictions/nb_s908222_mpnn_5_PDL1/nb_s908222_mpnn_5_PDL1_model_0.cif,0.817662,0.2501,0.8336,0.7241
nb_s39537_mpnn_2_BHRF,False,"A,B",6.16307388117284,86.87267256637169,72.39,3.68,3.5900000000000007,84.34030121235583,0.704408,0.3906,0.5092,0.5495,0.82,0.86,59.3,0.0,0.83,0.995,0.264,4.27122745466821,93.81625000000001,12992.14,755.26,2.4422093023255815,93.66575050354004,0.773636,0.5022,0.7743,0.5985,0.87,0.91,14265.26,1.0,0.9946,0.8640443575167287,0.8118799709376467,13.802682399749756,54.56782150268555,73.765144,14.901047,0.5540823,0.8226415514945984,/scicore/home/schwede/barta0000/germinal_ds/templates_originals/nb_s39537_mpnn_2_BHRF/chai_no_constraints/seed_1089/pred.model_idx_4.cif,0.8205583691596985,/scicore/home/schwede/barta0000/germinal_ds/templates_originals/nb_s39537_mpnn_2_BHRF/chai_with_constraints/seed_4299/pred.model_idx_3.cif,0.8226415514945984,0.920729398727417,0.7981196045875549,"[[0.9171784520149231, 0.9315637350082397]]","[[[0.9171784520149231, 0.7981196045875549], [0.7980958223342896, 0.9315637350082397]]]",0.7981196045875549,0.774463,0.4202,0.7305,0.5822,0.8205583691596985,0.9209223985671997,0.7954673171043396,"[[0.9155762791633606, 0.9312960505485535]]","[[[0.9155762791633606, 0.7910293340682983], [0.7954673171043396, 0.9312960505485535]]]",0.7910293340682983,0.777858,0.3916,0.7071,0.5862,0.9286059737205505,0.921631395816803,0.8664422035217285,0.9441468715667725,0.9222424030303955,0.3748185634613037,0.9921136498451233,0.8664422035217285,/scicore/home/schwede/barta0000/germinal_ds/templates_originals/nb_s39537_mpnn_2_BHRF/boltz_free/output/boltz_results_nb_s39537_mpnn_2_BHRF/predictions/nb_s39537_mpnn_2_BHRF/nb_s39537_mpnn_2_BHRF_model_0.cif,0.770192,0.3945,0.7182,0.6238,0.9484812617301941,0.9447358250617981,0.9131640195846558,0.9573105573654175,0.9493221640586853,0.3625212013721466,0.9982152581214905,0.9131640195846558,/scicore/home/schwede/barta0000/germinal_ds/templates_originals/nb_s39537_mpnn_2_BHRF/boltz_with_template/output/boltz_results_nb_s39537_mpnn_2_BHRF/predictions/nb_s39537_mpnn_2_BHRF/nb_s39537_mpnn_2_BHRF_model_0.cif,0.833021,0.4497,0.8217,0.6768
nb_s327664_mpnn_4_BHRF,False,"A,B",7.478450520833334,83.66911971830986,167.46,7.81,8.079268292682928,71.06854540901496,0.417206,0.1415,0.0827,0.3363,0.7,0.845,42.5,0.0,0.72,0.7915,0.344,3.769191984953704,95.24288194444443,5382.17,234.26,3.263780487804878,93.29268348507765,0.779904,0.438,0.7703,0.6307,0.88,0.9,23119.0,1.0,0.5725,0.2984725701163632,0.8649726558653915,19.89199093409947,43.40056228637695,73.27519,14.980039,0.55597496,0.8557754158973694,/scicore/home/schwede/barta0000/germinal_ds/templates_originals/nb_s327664_mpnn_4_BHRF/chai_no_constraints/seed_1876/pred.model_idx_2.cif,0.8450627326965332,/scicore/home/schwede/barta0000/germinal_ds/templates_originals/nb_s327664_mpnn_4_BHRF/chai_with_constraints/seed_1169/pred.model_idx_1.cif,0.8557754158973694,0.9226608872413635,0.8390540480613708,"[[0.9272409677505493, 0.9280273914337158]]","[[[0.9272409677505493, 0.776106059551239], [0.8390540480613708, 0.9280273914337158]]]",0.776106059551239,0.837213,0.319,0.6089,0.5988,0.8450627326965332,0.9225875735282898,0.8256815075874329,"[[0.9195931553840637, 0.9353653788566589]]","[[[0.9195931553840637, 0.7917463779449463], [0.8256815075874329, 0.9353653788566589]]]",0.7917463779449463,0.820635,0.3216,0.6814,0.5964,0.9244275093078613,0.9335821866989136,0.9102377891540527,0.9279749393463135,0.8999320268630981,0.3627394437789917,0.7891236543655396,0.9102377891540527,/scicore/home/schwede/barta0000/germinal_ds/templates_originals/nb_s327664_mpnn_4_BHRF/boltz_free/output/boltz_results_nb_s327664_mpnn_4_BHRF/predictions/nb_s327664_mpnn_4_BHRF/nb_s327664_mpnn_4_BHRF_model_0.cif,0.830936,0.417,0.6744,0.657,0.9169340133666992,0.9298417568206787,0.9067858457565308,0.9194710850715637,0.8777538537979126,0.4139195680618286,1.5767267942428589,0.9067858457565308,/scicore/home/schwede/barta0000/germinal_ds/templates_originals/nb_s327664_mpnn_4_BHRF/boltz_with_template/output/boltz_results_nb_s327664_mpnn_4_BHRF/predictions/nb_s327664_mpnn_4_BHRF/nb_s327664_mpnn_4_BHRF_model_0.cif,0.823201,0.3318,0.4654,0.6392
nb_s874243_mpnn_2_IL20,False,"A,B",4.174823979591837,91.25897263346792,63.37,2.84,3.468478260869565,91.75580525011812,0.809641,0.4056,0.8528,0.6354,0.9,0.905,-87.18,0.0,0.9,0.9973,0.245,3.352624107142857,96.45521428571428,17341.41,861.19,2.1180392156862746,97.68022762645374,0.855494,0.4646,0.9301,0.6885,0.92,0.92,21725.76,1.0,0.9921,0.8444127094515441,0.8717971618967082,11.762784214019776,68.23303985595703,76.16902,12.294629,0.6297065,0.8361831903457642,/scicore/home/schwede/barta0000/germinal_ds/templates_originals/nb_s874243_mpnn_2_IL20/chai_no_constraints/seed_144/pred.model_idx_2.cif,0.4028087258338928,/scicore/home/schwede/barta0000/germinal_ds/templates_originals/nb_s874243_mpnn_2_IL20/chai_with_constraints/seed_1829/pred.model_idx_2.cif,0.8361831903457642,0.9116575717926025,0.817314624786377,"[[0.9313973784446716, 0.9128996729850769]]","[[[0.9313973784446716, 0.7627925276756287], [0.817314624786377, 0.9128996729850769]]]",0.7627925276756287,0.790073,0.2729,0.7202,0.5941,0.4028087258338928,0.6923495531082153,0.3304234743118286,"[[0.9012649059295654, 0.8983733654022217]]","[[[0.9012649059295654, 0.32086238265037537], [0.3304234743118286, 0.8983733654022217]]]",0.32086238265037537,0.154164,0.1575,0.0255,0.1231,0.665693461894989,0.8594996333122253,0.817324697971344,0.6277856826782227,0.5679806470870972,0.45675453543663025,2.3355326652526855,0.817324697971344,/scicore/home/schwede/barta0000/germinal_ds/templates_originals/nb_s874243_mpnn_2_IL20/boltz_free/output/boltz_results_nb_s874243_mpnn_2_IL20/predictions/nb_s874243_mpnn_2_IL20/nb_s874243_mpnn_2_IL20_model_0.cif,0.482762,0.046,0.0614,0.4499,0.824730396270752,0.7965494394302368,0.7152937650680542,0.8520895838737488,0.8263633847236633,0.7774755954742432,3.5497992038726807,0.7152937650680542,/scicore/home/schwede/barta0000/germinal_ds/templates_originals/nb_s874243_mpnn_2_IL20/boltz_with_template/output/boltz_results_nb_s874243_mpnn_2_IL20/predictions/nb_s874243_mpnn_2_IL20/nb_s874243_mpnn_2_IL20_model_0.cif,0.352083,0.32,0.1878,0.3094
nb_s926337_mpnn_2_PDL1,False,"A,B",14.766758680555554,70.97302694136292,377.08,14.24,18.035454545454545,59.75116005964167,0.044576,0.1514,0.0218,0.1214,0.36,0.74,155.51,0.0,0.48,,0.854,8.676020833333334,85.55779166666667,3620.99,288.99,11.432678571428571,77.9424444410536,0.254929,0.3998,0.234,0.2693,0.65,0.69,1919.7,1.0,,0.10868088786667947,0.7896060636780191,21.600627899169922,62.816001892089844,68.43155,17.57074,0.4894477,0.457716166973114,/scicore/home/schwede/barta0000/germinal_ds/templates_originals/nb_s926337_mpnn_2_PDL1/chai_no_constraints/seed_3353/pred.model_idx_1.cif,0.46897345781326294,/scicore/home/schwede/barta0000/germinal_ds/templates_originals/nb_s926337_mpnn_2_PDL1/chai_with_constraints/seed_274/pred.model_idx_1.cif,0.457716166973114,0.752249002456665,0.38408294320106506,"[[0.920881450176239, 0.8868697881698608]]","[[[0.920881450176239, 0.3836609423160553], [0.38408294320106506, 0.8868697881698608]]]",0.3836609423160553,0.245848,0.0873,0.0539,0.2714,0.46897345781326294,0.7587900161743164,0.39651933312416077,"[[0.9219256639480591, 0.900489866733551]]","[[[0.9219256639480591, 0.39651933312416077], [0.3852974474430084, 0.900489866733551]]]",0.39651933312416077,0.269539,0.0971,0.0869,0.2913,0.8420165181159973,0.8759642839431763,0.7666608095169067,0.8608554005622864,0.7914792895317078,0.41431108117103577,1.5890175104141235,0.743337869644165,/scicore/home/schwede/barta0000/germinal_ds/templates_originals/nb_s926337_mpnn_2_PDL1/boltz_free/output/boltz_results_nb_s926337_mpnn_2_PDL1/predictions/nb_s926337_mpnn_2_PDL1/nb_s926337_mpnn_2_PDL1_model_0.cif,0.49933,0.0841,0.247,0.5198,0.8079442977905273,0.7539705038070679,0.5335232019424438,0.8765495419502258,0.8273736238479614,0.760818362236023,6.500346660614014,0.5136284828186035,/scicore/home/schwede/barta0000/germinal_ds/templates_originals/nb_s926337_mpnn_2_PDL1/boltz_with_template/output/boltz_results_nb_s926337_mpnn_2_PDL1/predictions/nb_s926337_mpnn_2_PDL1/nb_s926337_mpnn_2_PDL1_model_0.cif,0.137362,0.1146,0.0562,0.1209
nb_s596199_mpnn_2_BHRF,False,"A,B",5.661106288580248,89.06731441048036,69.24,4.19,2.9140625,88.87932771187324,0.690183,0.3195,0.6911,0.5383,0.82,0.875,16.57,0.0,0.82,0.0401,0.204,3.8008200713734563,95.55916666666667,15021.48,797.67,2.06,95.8849993387858,0.815792,0.3982,0.8686,0.6385,0.89,0.91,18137.11,1.0,0.0281,0.8406484872476823,0.8393198109107575,19.541858832041424,51.42702102661133,73.27489,16.063526,0.53033096,0.4790570139884949,/scicore/home/schwede/barta0000/germinal_ds/templates_originals/nb_s596199_mpnn_2_BHRF/chai_no_constraints/seed_1728/pred.model_idx_0.cif,0.8559402227401733,/scicore/home/schwede/barta0000/germinal_ds/templates_originals/nb_s596199_mpnn_2_BHRF/chai_with_constraints/seed_1356/pred.model_idx_3.cif,0.4790570139884949,0.7337629199028015,0.4153805077075958,"[[0.8846518397331238, 0.9080959558486938]]","[[[0.8846518397331238, 0.4153805077075958], [0.372444748878479, 0.9080959558486938]]]",0.4153805077075958,0.240872,0.1146,0.0453,0.1889,0.8559402227401733,0.9137014746665955,0.841499924659729,"[[0.9293239116668701, 0.929409384727478]]","[[[0.9293239116668701, 0.841499924659729], [0.7770832180976868, 0.929409384727478]]]",0.841499924659729,0.825611,0.3265,0.7889,0.5855,0.8733139038085938,0.8868046998977661,0.8373913764953613,0.8822945356369019,0.782132625579834,0.3848593235015869,1.4245647192001343,0.789781928062439,/scicore/home/schwede/barta0000/germinal_ds/templates_originals/nb_s596199_mpnn_2_BHRF/boltz_free/output/boltz_results_nb_s596199_mpnn_2_BHRF/predictions/nb_s596199_mpnn_2_BHRF/nb_s596199_mpnn_2_BHRF_model_0.cif,0.682008,0.0995,0.2464,0.5309,0.9370934367179871,0.9009588956832886,0.8703399896621704,0.95378178358078,0.9424933791160583,0.36498406529426575,1.1712067127227783,0.8178189396858215,/scicore/home/schwede/barta0000/germinal_ds/templates_originals/nb_s596199_mpnn_2_BHRF/boltz_with_template/output/boltz_results_nb_s596199_mpnn_2_BHRF/predictions/nb_s596199_mpnn_2_BHRF/nb_s596199_mpnn_2_BHRF_model_0.cif,0.770499,0.3508,0.7673,0.5884
nb_s648756_mpnn_3_BHRF,False,"A,B",11.44138213734568,79.16056307289394,374.59,17.79,8.20125,60.583484953058395,0.049417,0.0818,0.0218,0.0815,0.3,0.835,209.28,0.0,0.36,,0.394,4.986874156057099,91.42375,3239.67,161.35,4.218611111111112,82.05783699654243,0.542712,0.2517,0.3875,0.4863,0.76,0.85,1507.45,1.0,0.002,0.1606839209468695,0.8292977582351367,19.973370143345424,41.55775833129883,73.3273,16.167145,0.52387017,0.38640516996383667,/scicore/home/schwede/barta0000/germinal_ds/templates_originals/nb_s648756_mpnn_3_BHRF/chai_no_constraints/seed_2290/pred.model_idx_4.cif,0.749760091304779,/scicore/home/schwede/barta0000/germinal_ds/templates_originals/nb_s648756_mpnn_3_BHRF/chai_with_constraints/seed_1573/pred.model_idx_3.cif,0.38640516996383667,0.6880072951316833,0.3110046088695526,"[[0.8984969854354858, 0.9108719229698181]]","[[[0.8984969854354858, 0.3110046088695526], [0.2734605669975281, 0.9108719229698181]]]",0.3110046088695526,0.139026,0.1206,0.0182,0.0774,0.749760091304779,0.889951765537262,0.7147121429443359,"[[0.914251983165741, 0.9210930466651917]]","[[[0.914251983165741, 0.6787870526313782], [0.7147121429443359, 0.9210930466651917]]]",0.6787870526313782,0.670241,0.2816,0.5231,0.5229,0.8277155160903931,0.8205512762069702,0.6577910780906677,0.8701965808868408,0.7841521501541138,0.535419225692749,3.7522599697113037,0.6577910780906677,/scicore/home/schwede/barta0000/germinal_ds/templates_originals/nb_s648756_mpnn_3_BHRF/boltz_free/output/boltz_results_nb_s648756_mpnn_3_BHRF/predictions/nb_s648756_mpnn_3_BHRF/nb_s648756_mpnn_3_BHRF_model_0.cif,0.31627,0.1607,0.1127,0.2572,0.864493191242218,0.8427591919898987,0.704592227935791,0.9044684171676636,0.8434742093086243,0.5536213517189026,3.7609639167785645,0.704592227935791,/scicore/home/schwede/barta0000/germinal_ds/templates_originals/nb_s648756_mpnn_3_BHRF/boltz_with_template/output/boltz_results_nb_s648756_mpnn_3_BHRF/predictions/nb_s648756_mpnn_3_BHRF/nb_s648756_mpnn_3_BHRF_model_0.cif,0.329622,0.2615,0.2008,0.3267
nb_s204617_mpnn_1_BHRF,False,"A,B",5.674672067901235,88.49716043956043,117.86,6.56,2.7285714285714286,89.41682367139256,0.725338,0.4223,0.765,0.5604,0.84,0.875,59.16,0.0,0.85,0.9517,0.289,3.9449238040123458,94.86652777777778,4164.33,364.89,2.08234375,95.5900006013758,0.793788,0.4853,0.8623,0.6148,0.87,0.91,2408.78,1.0,0.0811,0.8182261478594238,0.8433575522988239,15.90423583984375,55.47465896606445,73.5499,15.445238,0.53423995,0.8429875373840332,/scicore/home/schwede/barta0000/germinal_ds/templates_originals/nb_s204617_mpnn_1_BHRF/chai_no_constraints/seed_1976/pred.model_idx_1.cif,0.42610228061676025,/scicore/home/schwede/barta0000/germinal_ds/templates_originals/nb_s204617_mpnn_1_BHRF/chai_with_constraints/seed_1693/pred.model_idx_1.cif,0.8429875373840332,0.9200417399406433,0.8237239718437195,"[[0.9170098900794983, 0.9296188950538635]]","[[[0.9170098900794983, 0.8237239718437195], [0.7926609516143799, 0.9296188950538635]]]",0.8237239718437195,0.798516,0.4518,0.7057,0.5801,0.42610228061676025,0.7266255617141724,0.3509714603424072,"[[0.8968307971954346, 0.9152271747589111]]","[[[0.8968307971954346, 0.3509714603424072], [0.32223910093307495, 0.9152271747589111]]]",0.3509714603424072,0.223452,0.086,0.0451,0.1838,0.7796754837036133,0.7650402784347534,0.5454950332641602,0.8382205963134766,0.7434093356132507,0.5517680644989014,5.318530082702637,0.5351553559303284,/scicore/home/schwede/barta0000/germinal_ds/templates_originals/nb_s204617_mpnn_1_BHRF/boltz_free/output/boltz_results_nb_s204617_mpnn_1_BHRF/predictions/nb_s204617_mpnn_1_BHRF/nb_s204617_mpnn_1_BHRF_model_0.cif,0.207126,0.0736,0.0324,0.1179,0.8575462698936462,0.8035916090011597,0.6720444560050964,0.9039216637611389,0.8602707386016846,0.6470778584480286,5.6438398361206055,0.6166403889656067,/scicore/home/schwede/barta0000/germinal_ds/templates_originals/nb_s204617_mpnn_1_BHRF/boltz_with_template/output/boltz_results_nb_s204617_mpnn_1_BHRF/predictions/nb_s204617_mpnn_1_BHRF/nb_s204617_mpnn_1_BHRF_model_0.cif,0.314915,0.325,0.1054,0.1842
nb_s606821_mpnn_1_BHRF,False,"A,B",5.550636574074074,89.02551632833186,47.81,2.72,2.877272727272727,87.54188671149905,0.710435,0.2927,0.6614,0.5454,0.82,0.875,-63.0,0.0,0.83,0.9374,0.202,3.7411707899305546,95.44274305555557,11354.62,657.17,2.101612903225806,96.82896502264614,0.828201,0.3824,0.8774,0.64,0.89,0.92,4566.92,1.0,0.0168,0.8406484872476823,0.8502314118088851,16.238407707214357,62.84246063232422,80.4268,14.539237,0.5762894,0.34033405780792236,/scicore/home/schwede/barta0000/germinal_ds/templates_originals/nb_s606821_mpnn_1_BHRF/chai_no_constraints/seed_5573/pred.model_idx_1.cif,0.3546096682548523,/scicore/home/schwede/barta0000/germinal_ds/templates_originals/nb_s606821_mpnn_1_BHRF/chai_with_constraints/seed_2619/pred.model_idx_3.cif,0.34033405780792236,0.6537949442863464,0.26196885108947754,"[[0.8629336953163147, 0.9087575674057007]]","[[[0.8629336953163147, 0.26196885108947754], [0.21089090406894684, 0.9087575674057007]]]",0.26196885108947754,0.119916,0.1069,0.0178,0.0536,0.3546096682548523,0.6799210906028748,0.2732818126678467,"[[0.8702549934387207, 0.9052514433860779]]","[[[0.8702549934387207, 0.2732818126678467], [0.2490227371454239, 0.9052514433860779]]]",0.2732818126678467,0.161284,0.0472,0.0373,0.1454,0.7961626052856445,0.788274884223938,0.6015918850898743,0.8448053002357483,0.7310509085655212,0.5492266416549683,4.2697553634643555,0.6015918850898743,/scicore/home/schwede/barta0000/germinal_ds/templates_originals/nb_s606821_mpnn_1_BHRF/boltz_free/output/boltz_results_nb_s606821_mpnn_1_BHRF/predictions/nb_s606821_mpnn_1_BHRF/nb_s606821_mpnn_1_BHRF_model_0.cif,0.191069,0.1381,0.0379,0.1443,0.8427692651748657,0.8327646255493164,0.6706930994987488,0.8857882618904114,0.8169822096824646,0.5035011172294617,2.738678455352783,0.6706930994987488,/scicore/home/schwede/barta0000/germinal_ds/templates_originals/nb_s606821_mpnn_1_BHRF/boltz_with_template/output/boltz_results_nb_s606821_mpnn_1_BHRF/predictions/nb_s606821_mpnn_1_BHRF/nb_s606821_mpnn_1_BHRF_model_0.cif,0.307542,0.1999,0.1967,0.3281
nb_s353537_mpnn_1_BHRF,False,"A,B",15.860902536651237,72.39885888501742,647.01,27.28,14.13939393939394,52.024720098269874,0.005617,0.0545,0.0108,0.0,0.13,0.785,315.02,0.0,0.22,,1.209,7.088926986882717,85.89888888888889,2747.19,113.55,4.572,72.84409080852161,0.311864,0.2422,0.1301,0.2795,0.55,0.74,1288.92,1.0,0.0541,0.08845280100973839,0.7986385361988658,17.260415077209473,38.850650787353516,73.05678,14.950322,0.54028857,0.283838152885437,/scicore/home/schwede/barta0000/germinal_ds/templates_originals/nb_s353537_mpnn_1_BHRF/chai_no_constraints/seed_1911/pred.model_idx_2.cif,0.8186857104301453,/scicore/home/schwede/barta0000/germinal_ds/templates_originals/nb_s353537_mpnn_1_BHRF/chai_with_constraints/seed_2174/pred.model_idx_3.cif,0.283838152885437,0.6156606078147888,0.20088255405426025,"[[0.8842620849609375, 0.8986625075340271]]","[[[0.8842620849609375, 0.20088255405426025], [0.15792164206504822, 0.8986625075340271]]]",0.20088255405426025,0.008063,0.1391,0.012,0.0004,0.8186857104301453,0.9101297855377197,0.7958246469497681,"[[0.9176243543624878, 0.9169410467147827]]","[[[0.9176243543624878, 0.7271245718002319], [0.7958246469497681, 0.9169410467147827]]]",0.7271245718002319,0.751129,0.4952,0.6128,0.5947,0.8351907134056091,0.7407498955726624,0.5155256986618042,0.9151068925857544,0.8793696761131287,0.6380239725112915,4.806699752807617,0.5146820545196533,/scicore/home/schwede/barta0000/germinal_ds/templates_originals/nb_s353537_mpnn_1_BHRF/boltz_free/output/boltz_results_nb_s353537_mpnn_1_BHRF/predictions/nb_s353537_mpnn_1_BHRF/nb_s353537_mpnn_1_BHRF_model_0.cif,0.172379,0.4241,0.0617,0.1435,0.8513059616088867,0.7961808443069458,0.6177840232849121,0.9096863865852356,0.8628029227256775,0.647518515586853,4.521921157836914,0.6177840232849121,/scicore/home/schwede/barta0000/germinal_ds/templates_originals/nb_s353537_mpnn_1_BHRF/boltz_with_template/output/boltz_results_nb_s353537_mpnn_1_BHRF/predictions/nb_s353537_mpnn_1_BHRF/nb_s353537_mpnn_1_BHRF_model_0.cif,0.266922,0.4098,0.1395,0.2359
nb_s296830_mpnn_3_IL20,False,"A,B",4.652479591836736,89.85504068716094,8.58,0.44,3.0195121951219512,90.7838213036503,0.774782,0.409,0.8125,0.5944,0.88,0.89,-118.38,0.0,0.88,0.0045,0.252,3.317191836734694,96.68092857142857,758.56,49.8,1.9738750000000003,97.9000015258789,0.868371,0.4765,0.9321,0.6836,0.93,0.93,2643.37,1.0,,0.8286311452551218,0.8871634025713364,12.785930305719376,61.484031677246094,73.66842,13.412936,0.5963905,0.7824127078056335,/scicore/home/schwede/barta0000/germinal_ds/templates_originals/nb_s296830_mpnn_3_IL20/chai_no_constraints/seed_1040/pred.model_idx_4.cif,0.38567885756492615,/scicore/home/schwede/barta0000/germinal_ds/templates_originals/nb_s296830_mpnn_3_IL20/chai_with_constraints/seed_1694/pred.model_idx_2.cif,0.7824127078056335,0.8897235989570618,0.7555849552154541,"[[0.9188747406005859, 0.9145373702049255]]","[[[0.9188747406005859, 0.7555849552154541], [0.7483240365982056, 0.9145373702049255]]]",0.7555849552154541,0.703918,0.2872,0.6959,0.5504,0.38567885756492615,0.6855301856994629,0.31071600317955017,"[[0.9067869186401367, 0.8987430334091187]]","[[[0.9067869186401367, 0.31071600317955017], [0.2949652075767517, 0.8987430334091187]]]",0.31071600317955017,0.172701,0.1986,0.0445,0.1718,0.7293679118156433,0.837269127368927,0.7759050130844116,0.71773362159729,0.6978064179420471,0.5537412166595459,2.9841036796569824,0.7759050130844116,/scicore/home/schwede/barta0000/germinal_ds/templates_originals/nb_s296830_mpnn_3_IL20/boltz_free/output/boltz_results_nb_s296830_mpnn_3_IL20/predictions/nb_s296830_mpnn_3_IL20/nb_s296830_mpnn_3_IL20_model_0.cif,0.392738,0.1248,0.117,0.3713,0.8962999582290649,0.8301077485084534,0.7958920001983643,0.9214019775390625,0.9152976870536804,0.6210826635360718,3.4943501949310303,0.7958920001983643,/scicore/home/schwede/barta0000/germinal_ds/templates_originals/nb_s296830_mpnn_3_IL20/boltz_with_template/output/boltz_results_nb_s296830_mpnn_3_IL20/predictions/nb_s296830_mpnn_3_IL20/nb_s296830_mpnn_3_IL20_model_0.cif,0.440961,0.4622,0.4424,0.3731
