sample,binding,interface,af3_pae,af3_plddt,af3_interface_dG,af3_interface_dG_SASA_ratio,af3_ipae,af3_iplddt,af3_ipsae,af3_pdockq,af3_pdockq2,af3_lis,af3_iptm,af3_ptm,af3_pyros_binder_score,af3_rank,af3_ranking_score,af3_rank0_masif,cf_af3_rmsd,cf_pae,cf_plddt,cf_interface_dG,cf_interface_dG_SASA_ratio,cf_ipae,cf_iplddt,cf_ipsae,cf_pdockq,cf_pdockq2,cf_lis,cf_iptm,cf_ptm,cf_pyros_binder_score,cf_rank,cf_rank0_masif,pred_ilddt,pred_lddt,esmfold_ipae,esmfold_iplddt,esmfold_plddt,esmfold_pae,esmfold_ptm,esmfold2_ipae,esmfold2_iplddt,esmfold2_plddt,esmfold2_pae,esmfold2_ptm,esmfold2_iptm,chai_unconstrained_score,chai_unconstrained_model_path,chai_constrained_score,chai_constrained_model_path,chai_unconstrained_aggregate_score,chai_unconstrained_ptm,chai_unconstrained_iptm,chai_unconstrained_per_chain_ptm,chai_unconstrained_per_chain_pair_iptm,chai_unconstrained_interface_iptm,chai_unconstrained_ipsae,chai_unconstrained_pdockq,chai_unconstrained_pdockq2,chai_unconstrained_lis,chai_constrained_aggregate_score,chai_constrained_ptm,chai_constrained_iptm,chai_constrained_per_chain_ptm,chai_constrained_per_chain_pair_iptm,chai_constrained_interface_iptm,chai_constrained_ipsae,chai_constrained_pdockq,chai_constrained_pdockq2,chai_constrained_lis,boltz_free_confidence_score,boltz_free_ptm,boltz_free_iptm,boltz_free_plddt,boltz_free_iplddt,boltz_free_pde,boltz_free_ipde,boltz_free_per_chain_pair_iptm,boltz_free_model_path,boltz_free_ipsae,boltz_free_pdockq,boltz_free_pdockq2,boltz_free_lis,boltz_template_confidence_score,boltz_template_ptm,boltz_template_iptm,boltz_template_plddt,boltz_template_iplddt,boltz_template_pde,boltz_template_ipde,boltz_template_per_chain_pair_iptm,boltz_template_model_path,boltz_template_ipsae,boltz_template_pdockq,boltz_template_pdockq2,boltz_template_lis,af3_esm3dg_dg,af3_esm3dg_dg_a,af3_esm3dg_dg_b,af3_esm3dg_dg_std,af3_mpnn_confidence,af3_mpnn_nll,af3_mpnn_nll_a,af3_mpnn_nll_b,boltz_free_esm3dg_dg,boltz_free_esm3dg_dg_a,boltz_free_esm3dg_dg_b,boltz_free_esm3dg_dg_std,boltz_free_mpnn_confidence,boltz_free_mpnn_nll,boltz_free_mpnn_nll_a,boltz_free_mpnn_nll_b,boltz_template_esm3dg_dg,boltz_template_esm3dg_dg_a,boltz_template_esm3dg_dg_b,boltz_template_esm3dg_dg_std,boltz_template_mpnn_confidence,boltz_template_mpnn_nll,boltz_template_mpnn_nll_a,boltz_template_mpnn_nll_b,cf_esm3dg_dg,cf_esm3dg_dg_a,cf_esm3dg_dg_b,cf_esm3dg_dg_std,cf_mpnn_confidence,cf_mpnn_nll,cf_mpnn_nll_a,cf_mpnn_nll_b,chai_constrained_esm3dg_dg,chai_constrained_esm3dg_dg_a,chai_constrained_esm3dg_dg_b,chai_constrained_esm3dg_dg_std,chai_constrained_mpnn_confidence,chai_constrained_mpnn_nll,chai_constrained_mpnn_nll_a,chai_constrained_mpnn_nll_b,chai_unconstrained_esm3dg_dg,chai_unconstrained_esm3dg_dg_a,chai_unconstrained_esm3dg_dg_b,chai_unconstrained_esm3dg_dg_std,chai_unconstrained_mpnn_confidence,chai_unconstrained_mpnn_nll,chai_unconstrained_mpnn_nll_a,chai_unconstrained_mpnn_nll_b,esmfold_esm3dg_dg,esmfold_esm3dg_dg_a,esmfold_esm3dg_dg_b,esmfold_esm3dg_dg_std,esmfold_mpnn_confidence,esmfold_mpnn_nll,esmfold_mpnn_nll_a,esmfold_mpnn_nll_b
Nb.c202_B2AR,False,"A,B",8.84479277685053,83.01381288863764,284.74,9.67,6.995081967213114,79.77285467572678,0.678307,0.3979,0.2768,0.4004,0.82,0.81,109.07,0.0,0.85,0.9588,0.358,5.299619085443101,93.62417040358746,885.74,31.84,4.256120689655173,91.90909257368608,0.787915,0.5946,0.6752,0.4945,0.88,0.9,854.82,1.0,0.9226,0.6775503955219994,0.8425898636848564,19.786634922027588,52.63935089111328,73.5639,15.193285,0.6488999,,,,,,,0.3260104060173034,/scicore/home/schwede/barta0000/mcmahon_ds/originals/Nb.c202_B2AR/chai_no_constraints/seed_3616/pred.model_idx_4.cif,0.4567323327064514,/scicore/home/schwede/barta0000/mcmahon_ds/originals/Nb.c202_B2AR/chai_with_constraints/seed_4433/pred.model_idx_0.cif,0.3260104060173034,0.7153887748718262,0.2286657840013504,"[[0.8550470471382141, 0.8571233749389648]]","[[[0.8550470471382141, 0.2286657840013504], [0.17600210011005402, 0.8571233749389648]]]",0.2286657840013504,0.012521,0.133,0.011,0.0,0.4567323327064514,0.7774658203125,0.3765489459037781,"[[0.8573092222213745, 0.8519381880760193]]","[[[0.8573092222213745, 0.3765489459037781], [0.35796716809272766, 0.8519381880760193]]]",0.3765489459037781,0.217061,0.1643,0.0299,0.1638,0.8356313705444336,0.9175546169281006,0.883135199546814,0.8237553834915161,0.7012861967086792,0.460429847240448,1.6786741018295288,0.883135199546814,/scicore/home/schwede/barta0000/mcmahon_ds/originals/Nb.c202_B2AR/boltz_free/output/boltz_results_Nb.c202_B2AR/predictions/Nb.c202_B2AR/Nb.c202_B2AR_model_0.cif,0.749055,0.1672,0.1218,0.5323,0.896763265132904,0.9332929253578186,0.901140570640564,0.8956689238548279,0.8397444486618042,0.4566054940223694,2.247907876968384,0.901140570640564,/scicore/home/schwede/barta0000/mcmahon_ds/originals/Nb.c202_B2AR/boltz_with_template/output/boltz_results_Nb.c202_B2AR/predictions/Nb.c202_B2AR/Nb.c202_B2AR_model_0.cif,0.76825,0.4887,0.3096,0.5687,5.702014128367106,5.106817881266276,6.2972103754679365,0.2182019544569082,0.197241557189406,1.6233261227607727,1.2425674200057983,2.004084825515747,5.1627198457717896,4.033620436986287,6.291819254557292,0.2148471532339168,0.187285693421758,1.6751200556755066,1.3707796335220337,1.9794604778289795,5.191323081652324,4.105625549952189,6.277020613352458,0.1996857613605313,0.190214423633587,1.6596032977104187,1.319642186164856,1.9995644092559808,5.667904853820801,5.096600850423177,6.239208857218425,0.219701802729603,0.2084262016201368,1.5681702494621277,1.205872654914856,1.9304678440094,5.500945965449016,4.716703573862712,6.285188357035319,0.2011155067914647,0.1697726374061484,1.7732951641082764,1.544022560119629,2.002567768096924,5.607690334320068,4.897702534993489,6.317678133646647,0.2159380252020742,0.1754089426124704,1.7406352162361145,1.4169718027114868,2.064298629760742,5.710012356440226,5.0914740562438965,6.328550656636556,0.1923205343955784,0.166325032016068,1.7938113808631897,1.4582821130752563,2.129340648651123
Nb.b201_HSA_404-601,False,"A,B",6.893647852908186,87.94335070140279,19.06,1.99,10.440384615384614,92.4403720258233,0.625092,0.2819,0.8276,0.3638,0.84,0.855,-11.8,0.0,0.83,0.2754,0.325,6.114218775036052,93.15727848101264,59596.57,1855.74,9.773269230769232,95.71791553497314,0.713582,0.2929,0.8463,0.3665,0.89,0.8,65086.93,1.0,0.0235,0.6747435345110386,0.8366553185495882,,,75.91107,14.42983,0.6074046,,,,,,,0.2594318389892578,/scicore/home/schwede/barta0000/mcmahon_ds/originals/Nb.b201_HSA_404-601/chai_no_constraints/seed_1039/pred.model_idx_2.cif,0.6475940942764282,/scicore/home/schwede/barta0000/mcmahon_ds/originals/Nb.b201_HSA_404-601/chai_with_constraints/seed_2056/pred.model_idx_1.cif,0.2594318389892578,0.6246131658554077,0.1681365221738815,"[[0.8954976201057434, 0.8623983263969421]]","[[[0.8954976201057434, 0.16813652217388153], [0.1264532059431076, 0.8623983263969421]]]",0.1681365221738815,0.005263,0.1133,0.011,0.0,0.6475940942764282,0.8246555924415588,0.6033287048339844,"[[0.8860877752304077, 0.8743113279342651]]","[[[0.8860877752304077, 0.6033287048339844], [0.5942447185516357, 0.8743113279342651]]]",0.6033287048339844,0.53182,0.1551,0.2987,0.4408,0.8497949838638306,0.7904407382011414,0.6884608864784241,0.890128493309021,0.8722577691078186,0.5976811647415161,3.920082092285156,0.6884608864784241,/scicore/home/schwede/barta0000/mcmahon_ds/originals/Nb.b201_HSA_404-601/boltz_free/output/boltz_results_Nb.b201_HSA_404-601/predictions/Nb.b201_HSA_404-601/Nb.b201_HSA_404-601_model_0.cif,0.284184,0.1543,0.1465,0.2248,0.8579587936401367,0.7199418544769287,0.4548707008361816,0.9587307572364808,0.951998770236969,0.7226955890655518,9.58599853515625,0.4548707008361816,/scicore/home/schwede/barta0000/mcmahon_ds/originals/Nb.b201_HSA_404-601/boltz_with_template/output/boltz_results_Nb.b201_HSA_404-601/predictions/Nb.b201_HSA_404-601/Nb.b201_HSA_404-601_model_0.cif,0.105424,0.3059,0.0374,0.0189,4.091663241386414,5.8722968101501465,2.3110296726226807,0.1482878357624922,0.2166839557782384,1.5293154120445251,1.3517152070999146,1.7069156169891355,3.60262276728948,5.541427771250407,1.6638177633285522,0.1307226573032638,0.1992236640259046,1.613327145576477,1.405144214630127,1.8215100765228271,3.671406626701355,5.4216132164001465,1.921200037002564,0.1469131479220112,0.2153731134174784,1.5353833436965942,1.3261908292770386,1.74457585811615,4.151293396949768,5.945061206817627,2.357525587081909,0.1699555594099285,0.2239342359621053,1.4964028596878052,1.3143857717514038,1.6784199476242063,3.735200663407644,5.521096706390381,1.9493046204249065,0.182905072434179,0.2137893175205646,1.5427642464637756,1.3796473741531372,1.705881118774414,4.051062881946564,5.819049994150798,2.28307576974233,0.19014612685309,0.2262713386851329,1.4860203862190249,1.254708766937256,1.7173320055007937,3.6791932582855225,5.426414648691813,1.931971867879232,0.1692511017957459,0.1994274066079595,1.612304985523224,1.4564179182052612,1.7681920528411863
Nb.c208_B2AR,False,"A,B",10.640798125842064,79.75491697157331,328.15,12.07,11.800943396226412,66.42186521495721,0.215394,0.1657,0.0657,0.1792,0.56,0.79,98.16,0.0,0.62,0.0278,0.384,6.04507550926019,92.23511210762332,1542.87,52.34,5.768536585365854,85.37478223054305,0.528625,0.4319,0.4571,0.3965,0.76,0.87,2062.3,1.0,0.6056,0.1942084754715971,0.8402111092235994,17.651032191056473,55.085636138916016,73.4483,14.678176,0.65965986,,,,,,,0.4438408017158508,/scicore/home/schwede/barta0000/mcmahon_ds/originals/Nb.c208_B2AR/chai_no_constraints/seed_3400/pred.model_idx_2.cif,0.4774547815322876,/scicore/home/schwede/barta0000/mcmahon_ds/originals/Nb.c208_B2AR/chai_with_constraints/seed_3742/pred.model_idx_0.cif,0.4438408017158508,0.7739211916923523,0.3613207042217254,"[[0.8985546827316284, 0.8614351153373718]]","[[[0.8985546827316284, 0.36132070422172546], [0.30567485094070435, 0.8614351153373718]]]",0.3613207042217254,0.209338,0.1189,0.0241,0.1164,0.4774547815322876,0.7906139492988586,0.3991649448871612,"[[0.8862677812576294, 0.8566975593566895]]","[[[0.8862677812576294, 0.39916494488716125], [0.3701508343219757, 0.8566975593566895]]]",0.3991649448871612,0.293163,0.0905,0.0282,0.213,0.8527108430862427,0.9322925806045532,0.8882816433906555,0.8438180685043335,0.7206190228462219,0.3918847441673279,1.1912424564361572,0.8882816433906555,/scicore/home/schwede/barta0000/mcmahon_ds/originals/Nb.c208_B2AR/boltz_free/output/boltz_results_Nb.c208_B2AR/predictions/Nb.c208_B2AR/Nb.c208_B2AR_model_0.cif,0.756765,0.1351,0.1638,0.5698,0.8931237459182739,0.8975825309753418,0.8043473958969116,0.9153178334236144,0.854531466960907,0.5105936527252197,2.78587007522583,0.8043473958969116,/scicore/home/schwede/barta0000/mcmahon_ds/originals/Nb.c208_B2AR/boltz_with_template/output/boltz_results_Nb.c208_B2AR/predictions/Nb.c208_B2AR/Nb.c208_B2AR_model_0.cif,0.611961,0.4015,0.2496,0.4555,5.714349190394083,5.134091377258301,6.294607003529866,0.2276045231695947,0.1698421100646074,1.772886037826538,1.5091123580932615,2.0366597175598145,5.591494480768839,4.767596085866292,6.415392875671387,0.2360057154716162,0.1631178828086608,1.813282132148743,1.5062949657440186,2.120269298553467,5.64735754330953,4.945860068003337,6.348855018615723,0.2137765543189942,0.1754731701312794,1.740269124507904,1.522388935089111,1.9581493139266968,5.683141311009725,5.080605824788411,6.285676797231038,0.2463741645615618,0.1793589122121724,1.7183663845062256,1.4677278995513916,1.96900486946106,5.9061572551727295,5.513178984324138,6.299135526021321,0.231819579495391,0.1850175348210244,1.687304675579071,1.3941447734832764,1.9804645776748653,6.065472920735678,5.833011309305827,6.297934532165527,0.2582689433524464,0.1834488534927561,1.69581937789917,1.3731236457824707,2.018515110015869,5.907783826192221,5.487608591715495,6.327959060668945,0.257020245074673,0.1662563142252057,1.7942246198654177,1.4592416286468506,2.1292076110839844
Nb.c203_B2AR,False,"A,B",10.097912102536805,81.0391834420187,123.43,4.85,7.734883720930233,72.66162881795493,0.286446,0.2292,0.1327,0.2124,0.67,0.8,100.52,0.0,0.73,0.989,0.258,4.906319024999488,95.12778280542986,2520.96,108.24,3.777560975609756,92.54658489692504,0.695575,0.5059,0.7183,0.4845,0.87,0.9,2204.24,1.0,0.983,0.4722349617080841,0.8554386794519355,16.608675003051758,50.09073638916016,73.431435,14.556013,0.66019845,,,,,,,0.3597488105297088,/scicore/home/schwede/barta0000/mcmahon_ds/originals/Nb.c203_B2AR/chai_no_constraints/seed_1964/pred.model_idx_4.cif,0.5888773202896118,/scicore/home/schwede/barta0000/mcmahon_ds/originals/Nb.c203_B2AR/chai_with_constraints/seed_3779/pred.model_idx_1.cif,0.3597488105297088,0.7231412529945374,0.2689006924629211,"[[0.8641464114189148, 0.8515748381614685]]","[[[0.8641464114189148, 0.26890069246292114], [0.1957802176475525, 0.8515748381614685]]]",0.2689006924629211,0.057971,0.1042,0.0122,0.0093,0.5888773202896118,0.8297721743583679,0.5286535620689392,"[[0.869354248046875, 0.8544241189956665]]","[[[0.869354248046875, 0.5286535620689392], [0.5199827551841736, 0.8544241189956665]]]",0.5286535620689392,0.438546,0.3306,0.0505,0.3369,0.8232828974723816,0.8901403546333313,0.8323885202407837,0.8210065364837646,0.7281683087348938,0.5649943351745605,3.1916592121124268,0.8323885202407837,/scicore/home/schwede/barta0000/mcmahon_ds/originals/Nb.c203_B2AR/boltz_free/output/boltz_results_Nb.c203_B2AR/predictions/Nb.c203_B2AR/Nb.c203_B2AR_model_0.cif,0.582944,0.2348,0.1049,0.4324,0.8667492270469666,0.9091265201568604,0.8447051048278809,0.8722602128982544,0.829020619392395,0.5664849877357483,3.0016016960144043,0.8447051048278809,/scicore/home/schwede/barta0000/mcmahon_ds/originals/Nb.c203_B2AR/boltz_with_template/output/boltz_results_Nb.c203_B2AR/predictions/Nb.c203_B2AR/Nb.c203_B2AR_model_0.cif,0.605685,0.4415,0.2366,0.4842,5.716690460840861,5.104534308115642,6.328846613566081,0.2042349060138965,0.1684763785978013,1.7809597253799438,1.5116236209869385,2.050295829772949,5.506230274836222,4.774485905965169,6.237974643707275,0.25659437967218,0.1910346643231983,1.6553003787994385,1.356661081314087,1.95393967628479,5.515988906224569,4.768110275268555,6.263867537180583,0.2654961820974671,0.1954930595833877,1.6322304010391235,1.3265907764434814,1.9378700256347656,5.752633889516195,5.210888544718425,6.294379234313965,0.2060536038573375,0.1773259925081257,1.7297654747962952,1.4683829545974731,1.9911479949951167,5.666376988093058,5.075749397277832,6.257004578908284,0.1947894996541473,0.1755926736863747,1.7395883202552795,1.541882872581482,1.9372937679290767,5.665427525838217,5.133355776468913,6.19749927520752,0.1988530542467045,0.1655925172039968,1.798225224018097,1.509234070777893,2.087216377258301,5.785330295562744,5.237292766571045,6.333367824554443,0.1886667534572763,0.1569709965162309,1.8516942262649536,1.563769817352295,2.1396186351776123
Nb.c200_B2AR,False,"A,B",8.070980835773224,84.81187358276644,130.38,4.16,5.260714285714286,80.77990936395169,0.645289,0.4054,0.2366,0.4274,0.85,0.825,14.32,0.0,0.89,0.9584,0.246,5.042661186298398,94.76323529411764,1224.46,44.99,3.4766666666666666,93.31488867865669,0.755667,0.5679,0.7462,0.5381,0.88,0.91,776.09,1.0,0.9107,0.857684128571168,0.8572865735449728,16.60075719015939,55.34640502929688,73.642426,14.512306,0.6633197,,,,,,,0.3634939789772033,/scicore/home/schwede/barta0000/mcmahon_ds/originals/Nb.c200_B2AR/chai_no_constraints/seed_1178/pred.model_idx_0.cif,0.4942662715911865,/scicore/home/schwede/barta0000/mcmahon_ds/originals/Nb.c200_B2AR/chai_with_constraints/seed_1200/pred.model_idx_1.cif,0.3634939789772033,0.7373694777488708,0.2700251042842865,"[[0.8929339051246643, 0.8626202940940857]]","[[[0.8929339051246643, 0.2700251042842865], [0.20960603654384613, 0.8626202940940857]]]",0.2700251042842865,0.101735,0.1314,0.0127,0.0426,0.4942662715911865,0.7915541529655457,0.4199442863464355,"[[0.8575956225395203, 0.8542185425758362]]","[[[0.8575956225395203, 0.41994428634643555], [0.3795049786567688, 0.8542185425758362]]]",0.4199442863464355,0.274676,0.2298,0.0453,0.1901,0.8397327661514282,0.8895425200462341,0.8046185374259949,0.848511278629303,0.723691999912262,0.5153336524963379,2.689556837081909,0.8046185374259949,/scicore/home/schwede/barta0000/mcmahon_ds/originals/Nb.c200_B2AR/boltz_free/output/boltz_results_Nb.c200_B2AR/predictions/Nb.c200_B2AR/Nb.c200_B2AR_model_0.cif,0.532111,0.1425,0.0993,0.4147,0.8580131530761719,0.9095847010612488,0.8176658153533936,0.8680999875068665,0.7701038718223572,0.4630470275878906,2.4659323692321777,0.8176658153533936,/scicore/home/schwede/barta0000/mcmahon_ds/originals/Nb.c200_B2AR/boltz_with_template/output/boltz_results_Nb.c200_B2AR/predictions/Nb.c200_B2AR/Nb.c200_B2AR_model_0.cif,0.570313,0.246,0.1672,0.4635,6.0163640181223546,5.6734619140625,6.35926612218221,0.2036712257700463,0.1876688450942921,1.673076331615448,1.296578049659729,2.049574613571167,6.0166544119517,5.685524304707845,6.347784519195557,0.2187616995327148,0.1791230291657429,1.7196823954582214,1.5174005031585691,1.921964287757873,5.968064149220785,5.600881099700928,6.335247198740642,0.2275303388379195,0.1820968243312091,1.703216731548309,1.4791969060897827,1.927236557006836,6.076899369557699,5.829773902893066,6.324024836222331,0.2100153900791504,0.1950018925517555,1.634746015071869,1.2821403741836548,1.987351655960083,6.028019030888876,5.826330184936523,6.229707876841228,0.2563118375736483,0.1847850914238909,1.6885617971420288,1.3645660877227783,2.01255750656128,6.110960086186727,5.907184918721517,6.3147352536519366,0.2573347098021514,0.1840007102308445,1.6928156614303589,1.3493998050689695,2.036231517791748,6.03307310740153,5.729268232981364,6.336877981821696,0.2287246189771739,0.1628157905444059,1.815135836601257,1.4970388412475586,2.133232831954956
Nb.AD101_A2AR,False,"A,B",12.034588044700126,77.4113095956548,639.08,22.78,14.755681818181818,63.036935973209765,0.091485,0.1428,0.0242,0.0583,0.47,0.78,371.56,0.0,0.53,0.1643,0.284,5.59089102691265,92.43840375586852,3928.07,343.5,8.2215625,82.78547704787482,0.553068,0.3596,0.4043,0.4297,0.81,0.88,11364.54,1.0,0.0485,0.4578201454038008,0.8069440137105731,15.536882135603165,49.020782470703125,76.228874,13.434536,0.6814283,,,,,,,0.3677914440631866,/scicore/home/schwede/barta0000/mcmahon_ds/originals/Nb.AD101_A2AR/chai_no_constraints/seed_1999/pred.model_idx_4.cif,0.4089440107345581,/scicore/home/schwede/barta0000/mcmahon_ds/originals/Nb.AD101_A2AR/chai_with_constraints/seed_2324/pred.model_idx_1.cif,0.3677914440631866,0.7262497544288635,0.278176873922348,"[[0.8726198673248291, 0.8533979654312134]]","[[[0.8726198673248291, 0.278176873922348], [0.20642191171646118, 0.8533979654312134]]]",0.278176873922348,0.105844,0.1598,0.0131,0.0333,0.4089440107345581,0.758080005645752,0.3216599822044372,"[[0.8754442930221558, 0.8604868650436401]]","[[[0.8754442930221558, 0.32165998220443726], [0.28163209557533264, 0.8604868650436401]]]",0.3216599822044372,0.201931,0.0807,0.0356,0.1485,0.8670752644538879,0.8831198811531067,0.6953683495521545,0.9100019931793212,0.825217604637146,0.4634155631065368,4.816882133483887,0.6953683495521545,/scicore/home/schwede/barta0000/mcmahon_ds/originals/Nb.AD101_A2AR/boltz_free/output/boltz_results_Nb.AD101_A2AR/predictions/Nb.AD101_A2AR/Nb.AD101_A2AR_model_0.cif,0.345114,0.1049,0.0871,0.2317,0.9241684079170228,0.9395983815193176,0.8659490346908569,0.9387232661247252,0.8893744945526123,0.3147880136966705,1.3978668451309204,0.8659490346908569,/scicore/home/schwede/barta0000/mcmahon_ds/originals/Nb.AD101_A2AR/boltz_with_template/output/boltz_results_Nb.AD101_A2AR/predictions/Nb.AD101_A2AR/Nb.AD101_A2AR_model_0.cif,0.66055,0.1915,0.4559,0.5193,5.788234631220499,5.229837258656819,6.34663200378418,0.1575660961084634,0.1737479060575895,1.750149846076965,1.3929204940795898,2.107379198074341,5.34940497080485,4.369221528371175,6.329588413238525,0.2180649699277736,0.1836502554064494,1.6947221159934998,1.4428696632385254,1.946574568748474,5.583840052286784,4.815678755442302,6.352001349131267,0.2022596154806811,0.204036439225089,1.5894566774368286,1.2787293195724487,1.9001840353012085,5.898958524068197,5.450233141581218,6.347683906555176,0.1743915243285157,0.1784257368828496,1.7235828042030334,1.441714644432068,2.005450963973999,5.817362387975058,5.333942413330078,6.300782362620036,0.2121500818047829,0.1943078879813659,1.6383113265037537,1.3102482557296753,1.966374397277832,5.810083945592244,5.303474267323812,6.316693623860677,0.2018449007457659,0.1904877327651491,1.6581674814224243,1.348107933998108,1.9682270288467407,5.944571256637573,5.575085481007894,6.314057032267253,0.1983146617173778,0.1951083419536849,1.6342002749443054,1.2909154891967771,1.9774850606918333
Nb.AQ103_Adiponectin,False,"A,B",14.153656286043828,79.53349462365593,183.77,11.66,5.978260869565216,64.94407104454757,0.005775,0.0752,0.0116,0.0021,0.17,0.825,57.98,0.0,0.24,0.8695,1.19,5.117199538638984,92.7061568627451,18251.2,835.37,3.548409090909091,84.73391358748727,0.421352,0.1907,0.3342,0.4317,0.65,0.81,18606.78,1.0,0.9614,0.102868516384166,0.8307620486904792,,,77.40264,16.598183,0.5018766,,,,,,,0.3115336894989013,/scicore/home/schwede/barta0000/mcmahon_ds/originals/Nb.AQ103_Adiponectin/chai_no_constraints/seed_1014/pred.model_idx_2.cif,0.4199602901935577,/scicore/home/schwede/barta0000/mcmahon_ds/originals/Nb.AQ103_Adiponectin/chai_with_constraints/seed_2349/pred.model_idx_4.cif,0.3115336894989013,0.6346412897109985,0.2307568043470382,"[[0.9022428393363953, 0.890198826789856]]","[[[0.9022428393363953, 0.23075680434703827], [0.20594170689582825, 0.890198826789856]]]",0.2307568043470382,0.091507,0.0587,0.0146,0.0613,0.4199602901935577,0.6828979849815369,0.3542258441448211,"[[0.8977177739143372, 0.8736320734024048]]","[[[0.8977177739143372, 0.35422584414482117], [0.30622607469558716, 0.8736320734024048]]]",0.3542258441448211,0.235164,0.0917,0.0903,0.228,0.6074455976486206,0.6511664986610413,0.3920911252498626,0.6612842082977295,0.5691894292831421,1.3240805864334106,6.027678966522217,0.3586788177490234,/scicore/home/schwede/barta0000/mcmahon_ds/originals/Nb.AQ103_Adiponectin/boltz_free/output/boltz_results_Nb.AQ103_Adiponectin/predictions/Nb.AQ103_Adiponectin/Nb.AQ103_Adiponectin_model_0.cif,0.092068,0.0423,0.0132,0.0656,0.7998393177986145,0.7553316950798035,0.5882114171981812,0.8527462482452393,0.8055101037025452,1.1463136672973633,5.140207290649414,0.5882114171981812,/scicore/home/schwede/barta0000/mcmahon_ds/originals/Nb.AQ103_Adiponectin/boltz_with_template/output/boltz_results_Nb.AQ103_Adiponectin/predictions/Nb.AQ103_Adiponectin/Nb.AQ103_Adiponectin_model_0.cif,0.228659,0.2241,0.0812,0.2223,5.899736086527506,5.532768249511719,6.266703923543294,0.2514043995906394,0.2256270481134448,1.4888718724250791,1.3570351600646973,1.6207085847854614,5.536685307820638,5.108755906422933,5.964614709218343,0.1750509077144045,0.1821710795720127,1.7028090357780457,1.3093701601028442,2.096247911453247,5.4870987733205165,5.077200412750244,5.896997133890788,0.1586741778656059,0.2032288385619619,1.5934226512908936,1.2188810110092163,1.9679642915725708,5.874365329742432,5.471943060557048,6.276787598927816,0.2483799761970382,0.2212772170316908,1.508338987827301,1.3930115699768066,1.6236664056777954,5.78214430809021,5.365912119547526,6.198376496632894,0.2782336121286805,0.2214215137924751,1.5076870918273926,1.3091357946395874,1.7062383890151978,5.865078926086426,5.471352259318034,6.258805592854817,0.2883232189761056,0.2039368971545017,1.5899446606636047,1.359742522239685,1.8201467990875244,5.70533831914266,5.219154993693034,6.191521644592285,0.2348307609769397,0.2099742838534463,1.5607702136039734,1.3910014629364014,1.7305389642715454
Nb.c201_B2AR,False,"A,B",10.98674078939138,80.3560561765549,171.59,7.11,9.62051282051282,72.87685912556971,0.21197,0.235,0.0584,0.1267,0.6,0.805,-2.55,0.0,0.66,0.9603,0.314,4.939267686245074,94.76527397260274,392.25,16.27,4.347285714285714,93.09414598418444,0.718884,0.5394,0.6998,0.5097,0.88,0.9,768.32,1.0,0.955,0.4282841508240294,0.85182923227596,17.278729557991028,51.50891876220703,74.635475,14.640685,0.66041696,,,,,,,0.5397078394889832,/scicore/home/schwede/barta0000/mcmahon_ds/originals/Nb.c201_B2AR/chai_no_constraints/seed_1494/pred.model_idx_0.cif,0.6063684225082397,/scicore/home/schwede/barta0000/mcmahon_ds/originals/Nb.c201_B2AR/chai_with_constraints/seed_128/pred.model_idx_1.cif,0.5397078394889832,0.8031442165374756,0.4738487303256988,"[[0.8868491053581238, 0.8593847155570984]]","[[[0.8868491053581238, 0.47384873032569885], [0.4052010178565979, 0.8593847155570984]]]",0.4738487303256988,0.316554,0.1398,0.0399,0.1921,0.6063684225082397,0.8319629430770874,0.5499697327613831,"[[0.8918420076370239, 0.8633196353912354]]","[[[0.8918420076370239, 0.5499697327613831], [0.5054037570953369, 0.8633196353912354]]]",0.5499697327613831,0.469455,0.2569,0.1044,0.3632,0.8514211773872375,0.9168198108673096,0.8781090378761292,0.8447492122650146,0.7513406872749329,0.4572308361530304,2.103652000427246,0.8781090378761292,/scicore/home/schwede/barta0000/mcmahon_ds/originals/Nb.c201_B2AR/boltz_free/output/boltz_results_Nb.c201_B2AR/predictions/Nb.c201_B2AR/Nb.c201_B2AR_model_0.cif,0.687507,0.202,0.1745,0.5229,0.8833505511283875,0.9162421822547911,0.8849034309387207,0.8829623460769653,0.8275731205940247,0.4530592560768127,2.235991954803467,0.8849034309387207,/scicore/home/schwede/barta0000/mcmahon_ds/originals/Nb.c201_B2AR/boltz_with_template/output/boltz_results_Nb.c201_B2AR/predictions/Nb.c201_B2AR/Nb.c201_B2AR_model_0.cif,0.705283,0.3745,0.2974,0.5714,6.06101139386495,5.810016791025798,6.312005996704102,0.1872310672380676,0.1919742744337912,1.6503939032554626,1.270194411277771,2.0305933952331543,5.820643822352091,5.302012920379639,6.339274724324544,0.253025715894618,0.192246605780777,1.6489763259887695,1.3619312047958374,1.9360214471817017,5.89774759610494,5.424623171488444,6.370872020721436,0.2272864340157672,0.197979172842103,1.6195934414863586,1.3043221235275269,1.9348647594451904,5.998845815658569,5.715740203857422,6.281951427459717,0.1973531808242448,0.2022318049740471,1.5983406901359558,1.2277337312698364,1.9689476490020752,5.738771994908651,5.189127604166667,6.288416385650635,0.2420079463321769,0.1864247819649565,1.6797274351119995,1.3894269466400146,1.9700279235839844,5.8767924308776855,5.503425757090251,6.25015910466512,0.2353087691294622,0.183455884449098,1.6957810521125791,1.3886901140213013,2.0028719902038574,6.260344505310059,6.195874373118083,6.324814637502034,0.211687354047943,0.1722538800161489,1.758785843849182,1.3820722103118896,2.1354994773864746
Nb.c204_B2AR,False,"A,B",10.890106921487604,79.16853749284488,354.54,13.36,12.38625,66.97133542387002,0.187621,0.1826,0.0611,0.162,0.55,0.795,68.87,0.0,0.62,0.9009,0.32,5.292925361570247,93.26893181818184,1038.35,38.91,5.9314634146341465,85.21617077766581,0.529186,0.4168,0.537,0.4347,0.79,0.88,628.06,1.0,0.5787,0.2046499733316482,0.8116817916209195,16.362910454089825,54.92190170288086,73.75889,14.24529,0.6664302,,,,,,,0.459655225276947,/scicore/home/schwede/barta0000/mcmahon_ds/originals/Nb.c204_B2AR/chai_no_constraints/seed_2169/pred.model_idx_2.cif,0.7086514830589294,/scicore/home/schwede/barta0000/mcmahon_ds/originals/Nb.c204_B2AR/chai_with_constraints/seed_1951/pred.model_idx_3.cif,0.459655225276947,0.741823673248291,0.3891130983829498,"[[0.86663818359375, 0.8414572477340698]]","[[[0.86663818359375, 0.38911309838294983], [0.360589861869812, 0.8414572477340698]]]",0.3891130983829498,0.144203,0.273,0.0118,0.0552,0.7086514830589294,0.8545135855674744,0.6721858978271484,"[[0.87934809923172, 0.8612166047096252]]","[[[0.87934809923172, 0.6218267679214478], [0.6721858978271484, 0.8612166047096252]]]",0.6218267679214478,0.548816,0.2744,0.1481,0.3826,0.8825727701187134,0.9102481007575988,0.8486630320549011,0.8910501599311829,0.8393617272377014,0.4624249339103699,1.7489866018295288,0.8486630320549011,/scicore/home/schwede/barta0000/mcmahon_ds/originals/Nb.c204_B2AR/boltz_free/output/boltz_results_Nb.c204_B2AR/predictions/Nb.c204_B2AR/Nb.c204_B2AR_model_0.cif,0.752887,0.4475,0.3913,0.4974,0.9316152930259703,0.9286314249038696,0.8915039300918579,0.9416430592536926,0.924619436264038,0.4393627643585205,1.7169945240020752,0.8915039300918579,/scicore/home/schwede/barta0000/mcmahon_ds/originals/Nb.c204_B2AR/boltz_with_template/output/boltz_results_Nb.c204_B2AR/predictions/Nb.c204_B2AR/Nb.c204_B2AR_model_0.cif,0.733728,0.6002,0.6254,0.568,6.280589262644449,6.235443909962972,6.325734615325928,0.3029496624602082,0.1766182722609684,1.7337645292282104,1.4183385372161863,2.0491905212402344,5.855889081954956,5.396578311920166,6.315199851989746,0.286722543057645,0.1790887926956035,1.719873547554016,1.4973810911178589,1.942366003990173,5.8202972412109375,5.3146866162618,6.325907866160075,0.2865220066256427,0.1957323226132948,1.6310072541236875,1.3580949306488037,1.903919577598572,6.2563893000284825,6.233462651570638,6.279315948486328,0.3008357755279531,0.1816841529684434,1.7054855227470398,1.4238128662109375,1.987158179283142,5.830060084660848,5.365145047505696,6.294975121815999,0.2622579671931503,0.18047881591433,1.7121418714523315,1.4508769512176514,1.973406791687012,5.805542945861816,5.348958174387614,6.262127717336019,0.2779981141317059,0.180215022886153,1.7136045694351196,1.4367783069610596,1.99043083190918,5.893486261367798,5.453553199768066,6.333419322967529,0.2427904910399034,0.1615562588482527,1.8229018449783323,1.4960646629333496,2.1497390270233154
Nb.AQ100_Adiponectin,False,"A,B",12.931578241230753,81.31933848382424,205.51,11.33,5.768421052631578,70.29569727677571,0.006573,0.1487,0.0147,0.0213,0.2,0.84,-56.62,0.0,0.27,0.8517,0.31,5.206715910615524,92.88629343629344,12945.0,596.82,3.546923076923077,84.94366683959962,0.370364,0.2872,0.3299,0.3998,0.62,0.79,26952.43,1.0,0.986,0.1306931707233784,0.8371524050526356,19.922087907791138,56.57594299316406,77.77285,16.847645,0.49774432,,,,,,,0.2544002532958984,/scicore/home/schwede/barta0000/mcmahon_ds/originals/Nb.AQ100_Adiponectin/chai_no_constraints/seed_1110/pred.model_idx_3.cif,0.3525729775428772,/scicore/home/schwede/barta0000/mcmahon_ds/originals/Nb.AQ100_Adiponectin/chai_with_constraints/seed_4436/pred.model_idx_3.cif,0.2544002532958984,0.590380072593689,0.1704052984714508,"[[0.8772791624069214, 0.8879954814910889]]","[[[0.8772791624069214, 0.1704052984714508], [0.14785991609096527, 0.8879954814910889]]]",0.1704052984714508,0.028691,0.0486,0.0108,0.0128,0.3525729775428772,0.6355966329574585,0.281817078590393,"[[0.8828604221343994, 0.8691251873970032]]","[[[0.8828604221343994, 0.28181707859039307], [0.23142395913600922, 0.8691251873970032]]]",0.281817078590393,0.163092,0.0822,0.0268,0.1292,0.6363727450370789,0.6798897385597229,0.4543898105621338,0.6818684339523315,0.5886351466178894,1.324753761291504,5.178491592407227,0.4413303732872009,/scicore/home/schwede/barta0000/mcmahon_ds/originals/Nb.AQ100_Adiponectin/boltz_free/output/boltz_results_Nb.AQ100_Adiponectin/predictions/Nb.AQ100_Adiponectin/Nb.AQ100_Adiponectin_model_0.cif,0.140879,0.0769,0.0173,0.1045,0.8037857413291931,0.7762379050254822,0.6321554183959961,0.8466933369636536,0.7783713936805725,1.1242306232452393,4.794119358062744,0.6321554183959961,/scicore/home/schwede/barta0000/mcmahon_ds/originals/Nb.AQ100_Adiponectin/boltz_with_template/output/boltz_results_Nb.AQ100_Adiponectin/predictions/Nb.AQ100_Adiponectin/Nb.AQ100_Adiponectin_model_0.cif,0.268686,0.2883,0.0783,0.257,6.583101352055868,6.9274360338846845,6.238766670227051,0.2588353357627632,0.233367858310282,1.4551392793655396,1.2925306558609009,1.6177479028701782,5.8871528307596845,5.825245539347331,5.949060122172038,0.2128075581907758,0.1874118900812949,1.6744464635849,1.149470567703247,2.1994223594665527,5.754249970118204,5.759978771209717,5.748521169026692,0.2222857174285912,0.2231107967798924,1.500086784362793,1.10655677318573,1.893616795539856,6.626268068949382,7.014310518900554,6.23822561899821,0.2491763628965014,0.2278830082254954,1.4789229035377502,1.3280974626541138,1.6297483444213867,5.996099233627319,5.9192783037821455,6.072920163472493,0.2395590722163607,0.2373408200747822,1.4382581114768982,1.1362823247909546,1.7402338981628418,6.171622117360433,6.178967316945394,6.164276917775472,0.2748295475787033,0.2227825271554461,1.5015591979026794,1.2636237144470217,1.7394946813583374,6.150929689407349,6.147507031758626,6.154352347056071,0.2531379177425371,0.2120898931309004,1.5507450699806211,1.358124017715454,1.7433661222457886
Nb.AQ104_Adiponectin,False,"A,B",12.59147194219451,81.93641927710844,145.68,11.63,10.914285714285716,58.5750739807614,0.006316,0.0706,0.0157,0.027,0.22,0.8400000000000001,-85.54,0.0,0.29,0.9509,0.474,8.728086358603809,89.57068702290077,717.02,58.12,5.464464285714287,75.30185219093606,0.145388,0.1641,0.0475,0.1362,0.43,0.69,307.39,1.0,0.6255,0.110992612777921,0.8905701373547756,18.09621175130208,50.28127670288086,76.58791,16.708109,0.4931643,,,,,,,0.2355702519416809,/scicore/home/schwede/barta0000/mcmahon_ds/originals/Nb.AQ104_Adiponectin/chai_no_constraints/seed_3061/pred.model_idx_0.cif,0.3432959318161011,/scicore/home/schwede/barta0000/mcmahon_ds/originals/Nb.AQ104_Adiponectin/chai_with_constraints/seed_1887/pred.model_idx_4.cif,0.2355702519416809,0.5755584836006165,0.150573194026947,"[[0.8559679985046387, 0.8897078633308411]]","[[[0.8559679985046387, 0.15057319402694702], [0.13327950239181519, 0.8897078633308411]]]",0.150573194026947,0.005675,0.0685,0.0103,0.0,0.3432959318161011,0.6375021934509277,0.2697443664073944,"[[0.8588204979896545, 0.8878206610679626]]","[[[0.8588204979896545, 0.2697443664073944], [0.24044889211654663, 0.8878206610679626]]]",0.2697443664073944,0.142033,0.1465,0.0204,0.1389,0.5472399592399597,0.5627082586288452,0.238131895661354,0.6245169639587402,0.5465561151504517,1.2182958126068115,6.836391448974609,0.193630114197731,/scicore/home/schwede/barta0000/mcmahon_ds/originals/Nb.AQ104_Adiponectin/boltz_free/output/boltz_results_Nb.AQ104_Adiponectin/predictions/Nb.AQ104_Adiponectin/Nb.AQ104_Adiponectin_model_0.cif,0.025867,0.0391,0.0117,0.042,0.7370933890342712,0.6710206270217896,0.5236323475837708,0.790458619594574,0.7062593102455139,1.177037239074707,4.416706085205078,0.507780909538269,/scicore/home/schwede/barta0000/mcmahon_ds/originals/Nb.AQ104_Adiponectin/boltz_with_template/output/boltz_results_Nb.AQ104_Adiponectin/predictions/Nb.AQ104_Adiponectin/Nb.AQ104_Adiponectin_model_0.cif,0.177027,0.0914,0.0564,0.1967,6.1527682940165205,6.090847174326579,6.214689413706462,0.2065747269034905,0.23273712345285,1.457845687866211,1.216564416885376,1.699126958847046,5.741030216217041,5.343541940053304,6.138518492380778,0.1594445742823899,0.1570595124081031,1.851130485534668,1.445232629776001,2.257028341293335,5.900247097015381,5.620340347290039,6.180153846740723,0.1410498651043453,0.178952616221501,1.7206342220306396,1.4371395111083984,2.004128932952881,6.244973818461101,6.228861014048259,6.261086622873942,0.2228132482503619,0.2328593975073886,1.4573204517364502,1.2226604223251345,1.691980481147766,5.926592350006104,5.65631087621053,6.196873823801677,0.2485659863881139,0.2034128635463507,1.5925175547599792,1.4545748233795166,1.730460286140442,5.968124151229858,5.807355086008708,6.128893216451009,0.2441327611810224,0.2142916559476738,1.5404173135757446,1.4168238639831543,1.664010763168335,6.119168837865194,6.040108839670817,6.19822883605957,0.1902569317711439,0.1982843439596859,1.6180531978607178,1.4995341300964355,1.736572265625
Nb.AQ101_Adiponectin,False,"A,B",13.803495785684335,80.75836483931947,46.76,3.01,13.596875,58.775731063689264,0.00525,0.0573,0.0122,0.0,0.18,0.8400000000000001,-141.05,0.0,0.25,0.3511,0.506,6.670193294684035,92.66920152091257,16936.52,788.4,5.400517241379312,81.20370511655454,0.244249,0.2064,0.2045,0.252,0.55,0.75,15987.81,1.0,0.6636,0.111692818072322,0.835296250753706,19.64353847503662,46.31172943115234,75.884834,17.064777,0.4880656,,,,,,,0.2615404725074768,/scicore/home/schwede/barta0000/mcmahon_ds/originals/Nb.AQ101_Adiponectin/chai_no_constraints/seed_2685/pred.model_idx_2.cif,0.4065141081809997,/scicore/home/schwede/barta0000/mcmahon_ds/originals/Nb.AQ101_Adiponectin/chai_with_constraints/seed_1831/pred.model_idx_4.cif,0.2615404725074768,0.5924381613731384,0.1788160502910614,"[[0.8713318109512329, 0.8909714221954346]]","[[[0.8713318109512329, 0.1788160502910614], [0.1645532101392746, 0.8909714221954346]]]",0.1788160502910614,0.040458,0.0466,0.0114,0.0131,0.4065141081809997,0.6766713857650757,0.3389747738838196,"[[0.8764632344245911, 0.8797900676727295]]","[[[0.8764632344245911, 0.3389747738838196], [0.31436967849731445, 0.8797900676727295]]]",0.3389747738838196,0.201847,0.2525,0.0703,0.1994,0.5993282198905945,0.5947086215019226,0.3977055251598358,0.64973384141922,0.5941382050514221,1.8304121494293213,6.731626510620117,0.3977055251598358,/scicore/home/schwede/barta0000/mcmahon_ds/originals/Nb.AQ101_Adiponectin/boltz_free/output/boltz_results_Nb.AQ101_Adiponectin/predictions/Nb.AQ101_Adiponectin/Nb.AQ101_Adiponectin_model_0.cif,0.030262,0.0759,0.0125,0.041,0.7584099769592285,0.6776349544525146,0.552837610244751,0.8098030686378479,0.7288914322853088,1.135793924331665,4.983984470367432,0.552837610244751,/scicore/home/schwede/barta0000/mcmahon_ds/originals/Nb.AQ101_Adiponectin/boltz_with_template/output/boltz_results_Nb.AQ101_Adiponectin/predictions/Nb.AQ101_Adiponectin/Nb.AQ101_Adiponectin_model_0.cif,0.212057,0.163,0.045,0.1986,6.020633061726889,5.907044887542725,6.134221235911052,0.2345308243217991,0.2082299086444794,1.569112479686737,1.4256421327590942,1.71258282661438,5.598159869511923,5.32457160949707,5.871748129526774,0.2071192100796167,0.1861906482833788,1.6809841394424438,1.3470449447631836,2.014923334121704,5.555142879486084,5.219315052032471,5.890970706939697,0.2276598324785942,0.1708754159056628,1.7668205499649048,1.4468486309051514,2.086792469024658,6.12236475944519,6.096541086832683,6.148188432057698,0.2244309329727631,0.2115658669843537,1.5532189011573792,1.3960736989974976,1.7103641033172607,5.713322877883911,5.231615702311198,6.195030053456624,0.2983298026576491,0.2097421631811741,1.5618762969970703,1.4470412731170654,1.6767113208770752,5.973384221394857,5.754916191101074,6.19185225168864,0.2645726092454319,0.2120887553951054,1.5507504343986511,1.4100292921066284,1.6914715766906738,5.774855931599936,5.365213871002197,6.184497992197673,0.2258266116115174,0.2035687818105939,1.5917513370513916,1.432283878326416,1.7512187957763672
Nb.c207_B2AR,False,"A,B",10.283465223889763,79.85343220338984,598.15,20.39,11.39875,67.09774944300533,0.257839,0.2274,0.0741,0.2141,0.61,0.8,104.67,0.0,0.67,0.8938,0.329,5.117193546405684,93.70701357466064,1754.95,66.13,4.929285714285713,86.591111585829,0.551794,0.4916,0.5242,0.451,0.81,0.89,1336.22,1.0,0.9861,0.2884698271821203,0.84187313878094,21.4160270690918,65.32623291015625,74.157646,15.593741,0.64110446,,,,,,,0.7405050992965698,/scicore/home/schwede/barta0000/mcmahon_ds/originals/Nb.c207_B2AR/chai_no_constraints/seed_1212/pred.model_idx_2.cif,0.7428414225578308,/scicore/home/schwede/barta0000/mcmahon_ds/originals/Nb.c207_B2AR/chai_with_constraints/seed_1668/pred.model_idx_4.cif,0.7405050992965698,0.8483503460884094,0.7135437726974487,"[[0.8865060806274414, 0.857214093208313]]","[[[0.8865060806274414, 0.6309047341346741], [0.7135437726974487, 0.857214093208313]]]",0.6309047341346741,0.570986,0.2383,0.0696,0.3973,0.7428414225578308,0.8637382388114929,0.7126171588897705,"[[0.8898947238922119, 0.8665720224380493]]","[[[0.8898947238922119, 0.6564914584159851], [0.7126171588897705, 0.8665720224380493]]]",0.6564914584159851,0.627895,0.2725,0.1916,0.4278,0.8981760144233704,0.9515024423599244,0.9272969365119934,0.8908957839012146,0.8496279120445251,0.3472011983394623,0.9098510146141052,0.9272969365119934,/scicore/home/schwede/barta0000/mcmahon_ds/originals/Nb.c207_B2AR/boltz_free/output/boltz_results_Nb.c207_B2AR/predictions/Nb.c207_B2AR/Nb.c207_B2AR_model_0.cif,0.833134,0.4634,0.5453,0.63,0.9240022897720336,0.9308826327323914,0.9087961316108704,0.9278037548065186,0.9069917798042296,0.4170475304126739,1.7119204998016355,0.9087961316108704,/scicore/home/schwede/barta0000/mcmahon_ds/originals/Nb.c207_B2AR/boltz_with_template/output/boltz_results_Nb.c207_B2AR/predictions/Nb.c207_B2AR/Nb.c207_B2AR_model_0.cif,0.744652,0.5559,0.5832,0.5676,6.312773784001669,6.302568117777507,6.32297945022583,0.2361257546304198,0.172020020185044,1.7601444125175476,1.4145678281784058,2.105720996856689,5.714004913965861,5.1092549959818525,6.31875483194987,0.2434067728354221,0.1869951761127684,1.6766724586486816,1.3809194564819336,1.9724254608154297,5.711937824885051,5.13491694132487,6.288958708445231,0.2366562240681902,0.1899523754932872,1.6609818935394287,1.3767812252044678,1.9451825618743896,6.362646659215292,6.412870089213054,6.312423229217529,0.2370902392964823,0.1728890229359944,1.7551053762435913,1.5034668445587158,2.006743907928467,5.944130897521973,5.646985212961833,6.241276582082112,0.2205142068789263,0.1981409644701054,1.618776559829712,1.215759515762329,2.0217936038970947,5.759195566177368,5.265611489613851,6.252779642740886,0.2467007880261204,0.1825824300519193,1.7005535364151,1.4225010871887207,1.9786059856414795,6.1295554637908936,5.94245704015096,6.316653887430827,0.2191337938593166,0.1636101980791888,1.810268521308899,1.4678003787994385,2.15273666381836
Nb.AD102_A2AR,False,"A,B",14.297871430216809,76.01814445451798,374.31,13.93,17.014864864864865,62.56536915129632,0.005404,0.1183,0.0118,0.0,0.25,0.775,210.4,0.0,0.33,0.2148,0.347,4.9016616665478345,94.32833723653395,11181.02,587.7,4.649722222222223,90.29555545383027,0.700968,0.4388,0.6723,0.5042,0.84,0.9,4979.12,1.0,0.2827,0.033561385787122,0.7869007522983132,19.833744049072266,49.5527458190918,76.70052,14.318655,0.66481745,,,,,,,0.2890121638774872,/scicore/home/schwede/barta0000/mcmahon_ds/originals/Nb.AD102_A2AR/chai_no_constraints/seed_1343/pred.model_idx_1.cif,0.5142537355422974,/scicore/home/schwede/barta0000/mcmahon_ds/originals/Nb.AD102_A2AR/chai_with_constraints/seed_1150/pred.model_idx_0.cif,0.2890121638774872,0.6930322051048279,0.1880071461200714,"[[0.8982666730880737, 0.8556399345397949]]","[[[0.8982666730880737, 0.1880071461200714], [0.12630602717399597, 0.8556399345397949]]]",0.1880071461200714,0.0,0.2165,0.0107,0.0,0.5142537355422974,0.8076468110084534,0.4409055113792419,"[[0.9018582701683044, 0.8649592995643616]]","[[[0.9018582701683044, 0.44090551137924194], [0.4038063883781433, 0.8649592995643616]]]",0.4409055113792419,0.333846,0.196,0.0959,0.2519,0.854017436504364,0.8866072297096252,0.7091856598854065,0.890225350856781,0.80840665102005,0.4348304271697998,3.852294206619263,0.7091856598854065,/scicore/home/schwede/barta0000/mcmahon_ds/originals/Nb.AD102_A2AR/boltz_free/output/boltz_results_Nb.AD102_A2AR/predictions/Nb.AD102_A2AR/Nb.AD102_A2AR_model_0.cif,0.309592,0.2265,0.087,0.2261,0.8998203277587891,0.93369722366333,0.8399409651756287,0.9147902131080629,0.8514196872711182,0.3746024966239929,2.8031084537506104,0.8399409651756287,/scicore/home/schwede/barta0000/mcmahon_ds/originals/Nb.AD102_A2AR/boltz_with_template/output/boltz_results_Nb.AD102_A2AR/predictions/Nb.AD102_A2AR/Nb.AD102_A2AR_model_0.cif,0.60116,0.3873,0.2947,0.4591,6.171056032180786,5.9725691477457685,6.369542916615804,0.2323760110706824,0.1714898261167079,1.763231337070465,1.3683034181594849,2.1581592559814453,5.619215647379558,4.897113005320231,6.341318289438884,0.1782694042129954,0.1711711374377739,1.7650914192199707,1.5390305519104004,1.991152286529541,5.375320514043172,4.401535828908284,6.34910519917806,0.1833680426656708,0.1761371062883848,1.7364925742149353,1.476970911026001,1.9960142374038696,6.218943675359091,6.095814228057861,6.342073122660319,0.2269240725091192,0.1840163941339105,1.69273042678833,1.3916163444519043,1.993844509124756,5.862545092900594,5.435576756795247,6.2895134290059405,0.1438328841550512,0.1866518894644761,1.6785099506378174,1.3592702150344849,1.99774968624115,5.618981599807739,4.936766624450684,6.301196575164795,0.185618434106542,0.1909484306508396,1.655751883983612,1.3617573976516724,1.949746370315552,5.81654683748881,5.29739507039388,6.33569860458374,0.1417333960348993,0.1916188547094384,1.6522470116615295,1.32741117477417,1.9770828485488887
Nb.c210_B2AR,False,"A,B",10.52221187117381,80.56706248232966,177.13,6.4,9.666666666666666,71.35303265786,0.247872,0.2124,0.083,0.1669,0.62,0.81,116.33,0.0,0.68,0.2087,0.334,4.54798780737495,95.41694570135746,9967.79,619.9,4.37531914893617,92.18620025634766,0.686116,0.5136,0.7214,0.5181,0.87,0.91,12934.85,1.0,0.8822,0.3362383713289092,0.8399763860736117,19.80460484822591,51.05574417114258,73.49415,15.174129,0.64985925,,,,,,,0.7210593223571777,/scicore/home/schwede/barta0000/mcmahon_ds/originals/Nb.c210_B2AR/chai_no_constraints/seed_4269/pred.model_idx_1.cif,0.7283800840377808,/scicore/home/schwede/barta0000/mcmahon_ds/originals/Nb.c210_B2AR/chai_with_constraints/seed_186/pred.model_idx_4.cif,0.7210593223571777,0.8534091114997864,0.687971830368042,"[[0.89391028881073, 0.8586789965629578]]","[[[0.89391028881073, 0.6251551508903503], [0.687971830368042, 0.8586789965629578]]]",0.6251551508903503,0.560097,0.2775,0.212,0.3954,0.7283800840377808,0.8616461753845215,0.6950635313987732,"[[0.8975021243095398, 0.861022412776947]]","[[[0.8975021243095398, 0.6416571736335754], [0.6950635313987732, 0.861022412776947]]]",0.6416571736335754,0.604196,0.2713,0.0867,0.4164,0.8794980049133301,0.9457895755767822,0.9265206456184388,0.8677423596382141,0.80277019739151,0.346879780292511,0.8135189414024353,0.9265206456184388,/scicore/home/schwede/barta0000/mcmahon_ds/originals/Nb.c210_B2AR/boltz_free/output/boltz_results_Nb.c210_B2AR/predictions/Nb.c210_B2AR/Nb.c210_B2AR_model_0.cif,0.818844,0.2998,0.4017,0.6318,0.9013400077819824,0.9142367839813232,0.8674208521842957,0.9098198413848876,0.8721176981925964,0.419826328754425,1.8749059438705444,0.8674208521842957,/scicore/home/schwede/barta0000/mcmahon_ds/originals/Nb.c210_B2AR/boltz_with_template/output/boltz_results_Nb.c210_B2AR/predictions/Nb.c210_B2AR/Nb.c210_B2AR_model_0.cif,0.675325,0.4123,0.458,0.5471,5.556818882624308,4.803271611531575,6.310366153717041,0.1948730486440233,0.1853226746444046,1.6856567859649658,1.3325092792510986,2.038804292678833,5.321054299672445,4.275437037150065,6.366671562194824,0.2129952485911048,0.1944304373324903,1.6376808285713196,1.38097882270813,1.8943828344345093,5.3234868844350185,4.300224463144938,6.346749305725098,0.2154028295312567,0.1995156261687899,1.6118627190589905,1.3357995748519895,1.8879258632659912,5.549494981765747,4.810654799143474,6.2883351643880205,0.201017662425316,0.1838397697702132,1.6936907172203064,1.3969767093658447,1.990404725074768,5.407430648803711,4.548109849294026,6.266751448313396,0.2079844401281023,0.1829178942411654,1.6987178921699524,1.4261150360107422,1.9713207483291624,5.409332911173503,4.557734648386638,6.260931173960368,0.2084260929972909,0.1937975998606841,1.6409409642219543,1.3017791509628296,1.980102777481079,5.421412388483684,4.519376913706462,6.323447863260905,0.1990354761332187,0.1648563499860491,1.802680790424347,1.4662858247756958,2.139075756072998
Nb.c211_B2AR,False,"A,B",9.215542781679328,81.77401134751773,139.0,5.23,6.3023255813953485,77.76418423313565,0.536849,0.3674,0.2622,0.3462,0.74,0.815,-2.24,0.0,0.79,0.4383,0.27,4.884425533875228,94.44400452488688,10968.32,569.08,3.7038461538461536,92.4782218085395,0.748183,0.5305,0.6825,0.51,0.86,0.9,15560.28,1.0,0.0053,0.4863417116681873,0.8331962778972111,,,74.37003,15.509081,0.6440738,,,,,,,0.3849257826805115,/scicore/home/schwede/barta0000/mcmahon_ds/originals/Nb.c211_B2AR/chai_no_constraints/seed_3642/pred.model_idx_0.cif,0.6311547756195068,/scicore/home/schwede/barta0000/mcmahon_ds/originals/Nb.c211_B2AR/chai_with_constraints/seed_1058/pred.model_idx_3.cif,0.3849257826805115,0.7335255146026611,0.2977758646011352,"[[0.8621008992195129, 0.8477658033370972]]","[[[0.8621008992195129, 0.29777586460113525], [0.2755160331726074, 0.8477658033370972]]]",0.2977758646011352,0.076962,0.1904,0.0116,0.0224,0.6311547756195068,0.8416361808776855,0.5785343647003174,"[[0.8817801475524902, 0.8626059889793396]]","[[[0.8817801475524902, 0.5785343647003174], [0.5613062381744385, 0.8626059889793396]]]",0.5785343647003174,0.468352,0.2346,0.1881,0.3534,0.8944274187088013,0.909762442111969,0.8612186312675476,0.9027295708656312,0.8591002821922302,0.4449959397315979,1.6580936908721924,0.8612186312675476,/scicore/home/schwede/barta0000/mcmahon_ds/originals/Nb.c211_B2AR/boltz_free/output/boltz_results_Nb.c211_B2AR/predictions/Nb.c211_B2AR/Nb.c211_B2AR_model_0.cif,0.691584,0.4441,0.4495,0.5187,0.9205089807510376,0.9181755781173706,0.8582351803779602,0.936077356338501,0.9127852320671082,0.4435930550098419,1.8920069932937624,0.8582351803779602,/scicore/home/schwede/barta0000/mcmahon_ds/originals/Nb.c211_B2AR/boltz_with_template/output/boltz_results_Nb.c211_B2AR/predictions/Nb.c211_B2AR/Nb.c211_B2AR_model_0.cif,0.658168,0.5434,0.5462,0.5234,5.7544779777526855,5.194014231363933,6.314941724141439,0.2093922554618669,0.1831915289286479,1.6972230672836304,1.306009292602539,2.0884368419647217,5.493065039316813,4.727592309315999,6.258537769317627,0.2527220688004148,0.1771839853849534,1.7305666208267212,1.4844337701797483,1.9766994714736936,5.535052458445231,4.808000087738037,6.262104829152425,0.2406607183726491,0.1830579501237406,1.6979525089263916,1.4856339693069458,1.9102710485458367,5.775050640106201,5.284552415211995,6.265548865000407,0.2156942830602182,0.1908388932142947,1.6563256978988647,1.302910327911377,2.0097410678863525,5.715681155522664,5.144598325093587,6.286763985951741,0.2218089666917617,0.1915369581227883,1.6526744961738586,1.317115068435669,1.9882339239120483,5.635236104329428,5.032591342926025,6.237880865732829,0.230601292280891,0.1751487493326481,1.7421196699142456,1.4665358066558838,2.0177035331726074,5.713810443878174,5.094998359680176,6.332622528076172,0.2239753805018211,0.1688948142230022,1.7784791588783264,1.4267419576644895,2.130216360092163
Nb.AQ102_Adiponectin,False,"A,B",13.963923106497498,82.51277365032193,219.63,15.39,8.588000000000001,69.17235923721677,0.005555,0.1164,0.0117,0.0,0.15,0.855,-94.22,0.0,0.23,0.5504,1.187,8.873844213763936,89.10427450980393,23655.01,1036.81,4.976666666666667,76.6396666208903,0.123757,0.2245,0.0286,0.0753,0.38,0.67,16335.52,1.0,0.5674,0.120369785909646,0.8373632778832512,19.59961700439453,52.37383270263672,78.686615,16.781624,0.5002769,,,,,,,0.33258056640625,/scicore/home/schwede/barta0000/mcmahon_ds/originals/Nb.AQ102_Adiponectin/chai_no_constraints/seed_4773/pred.model_idx_4.cif,0.634053647518158,/scicore/home/schwede/barta0000/mcmahon_ds/originals/Nb.AQ102_Adiponectin/chai_with_constraints/seed_128/pred.model_idx_1.cif,0.33258056640625,0.6445191502571106,0.254595935344696,"[[0.9005429744720459, 0.8907846808433533]]","[[[0.9005429744720459, 0.25459593534469604], [0.2219793051481247, 0.8907846808433533]]]",0.254595935344696,0.110449,0.0731,0.016,0.0738,0.634053647518158,0.8083392977714539,0.590482234954834,"[[0.9078114032745361, 0.8780038952827454]]","[[[0.9078114032745361, 0.590482234954834], [0.5741620659828186, 0.8780038952827454]]]",0.590482234954834,0.475568,0.1981,0.2825,0.4704,0.6144326329231262,0.6699458956718445,0.4390512704849243,0.6582779288291931,0.6167862415313721,1.5007141828536987,5.394782066345215,0.4390512704849243,/scicore/home/schwede/barta0000/mcmahon_ds/originals/Nb.AQ102_Adiponectin/boltz_free/output/boltz_results_Nb.AQ102_Adiponectin/predictions/Nb.AQ102_Adiponectin/Nb.AQ102_Adiponectin_model_0.cif,0.103592,0.0783,0.0183,0.0769,0.8191514015197754,0.7790490984916687,0.6262546181678772,0.8673755526542664,0.8284158110618591,1.0108481645584106,4.802041530609131,0.6176770329475403,/scicore/home/schwede/barta0000/mcmahon_ds/originals/Nb.AQ102_Adiponectin/boltz_with_template/output/boltz_results_Nb.AQ102_Adiponectin/predictions/Nb.AQ102_Adiponectin/Nb.AQ102_Adiponectin_model_0.cif,0.267673,0.3804,0.1076,0.2468,5.716941277186075,5.260853290557861,6.17302926381429,0.2630350621456849,0.2176031106172443,1.5250824689865112,1.3250184059143066,1.7251465320587158,5.3912670612335205,4.620726426442464,6.161807696024577,0.2270976197671624,0.1721555797586241,1.759356677532196,1.3082693815231323,2.21044397354126,5.5798552831014,4.951151847839356,6.208558718363444,0.2002799979319216,0.1757540624073205,1.7386696338653564,1.408794641494751,2.068544626235962,5.787001132965088,5.409825166066487,6.164177099863688,0.2565857825820198,0.2147201122715654,1.5384199023246763,1.3390675783157349,1.7377722263336182,5.620388189951579,5.107601324717204,6.133175055185954,0.2649232614587661,0.2285370100413933,1.4760571122169497,1.2343376874923706,1.7177765369415283,5.32467277844747,4.602811972300212,6.046533584594727,0.3258197370582433,0.2285726203766091,1.4759013056755066,1.25547456741333,1.696328043937683,5.68298602104187,5.199625333150228,6.166346708933513,0.2440967255813227,0.2190336926780907,1.5185297131538391,1.294480562210083,1.7425788640975952
Nb.c209_B2AR,False,"A,B",9.04101369750824,82.56597273501848,195.16,8.01,8.906521739130433,73.03761436690714,0.531481,0.1952,0.1633,0.3633,0.79,0.8,28.38,0.0,0.83,0.9833,0.307,5.6419333142237065,93.46006787330316,769.36,32.99,4.834878048780488,88.86731701362424,0.698369,0.4089,0.5892,0.484,0.88,0.89,582.83,1.0,0.987,0.4514942320593286,0.8536540119277515,18.5179660320282,48.31283950805664,73.53771,14.874511,0.6529548,,,,,,,0.4453169703483581,/scicore/home/schwede/barta0000/mcmahon_ds/originals/Nb.c209_B2AR/chai_no_constraints/seed_2144/pred.model_idx_4.cif,0.7711206674575806,/scicore/home/schwede/barta0000/mcmahon_ds/originals/Nb.c209_B2AR/chai_with_constraints/seed_4283/pred.model_idx_4.cif,0.4453169703483581,0.7461740970611572,0.3701027035713196,"[[0.8733439445495605, 0.8480914235115051]]","[[[0.8733439445495605, 0.3701027035713196], [0.3650326430797577, 0.8480914235115051]]]",0.3701027035713196,0.123327,0.2726,0.0118,0.0568,0.7711206674575806,0.8630468845367432,0.7481390833854675,"[[0.8899897933006287, 0.8597710132598877]]","[[[0.8899897933006287, 0.658977210521698], [0.7481390833854675, 0.8597710132598877]]]",0.658977210521698,0.664708,0.305,0.0729,0.4241,0.8124025464057922,0.8607017993927002,0.7387252449989319,0.8308218717575073,0.7150148749351501,0.6259243488311768,4.835377216339111,0.7387252449989319,/scicore/home/schwede/barta0000/mcmahon_ds/originals/Nb.c209_B2AR/boltz_free/output/boltz_results_Nb.c209_B2AR/predictions/Nb.c209_B2AR/Nb.c209_B2AR_model_0.cif,0.421706,0.1178,0.0515,0.2772,0.9154903292655944,0.9229640364646912,0.9324846863746644,0.9112417101860046,0.8780624270439148,0.431128591299057,2.112689018249512,0.9324846863746644,/scicore/home/schwede/barta0000/mcmahon_ds/originals/Nb.c209_B2AR/boltz_with_template/output/boltz_results_Nb.c209_B2AR/predictions/Nb.c209_B2AR/Nb.c209_B2AR_model_0.cif,0.817171,0.4987,0.4349,0.5918,5.767918507258097,5.220005035400391,6.315831979115804,0.2023106777337422,0.1820263315870227,1.7036039233207705,1.366686463356018,2.0405213832855225,5.541258255640665,4.785120487213135,6.297396024068196,0.2451826000636824,0.1876395737858039,1.6732323169708252,1.389193058013916,1.9572715759277344,5.512455622355143,4.721555550893148,6.303355693817139,0.2471457582617462,0.1996770904801185,1.6110537648200989,1.314060091972351,1.908047437667847,5.765278259913127,5.228649298350017,6.301907221476237,0.2128672503847946,0.1956546620970923,1.6314041018486023,1.2851581573486328,1.977650046348572,5.542995770772299,4.777751922607422,6.308239618937175,0.2254021907069278,0.1957767538990623,1.630780279636383,1.2086619138717651,2.052898645401001,5.515507062276205,4.7892656326293945,6.241748491923015,0.209617198372269,0.1714837750420878,1.763266623020172,1.4828931093215942,2.04364013671875,5.634864250818888,4.949033101399739,6.320695400238037,0.2271743635770697,0.1628062221123017,1.8151946067810056,1.4709322452545166,2.159456968307495
Nb.c205_B2AR,False,"A,B",11.615447062918443,79.12451768033948,171.04,6.5,9.987179487179487,67.24130468736251,0.2143,0.156,0.0508,0.1514,0.54,0.8,107.2,0.0,0.62,0.0214,0.271,4.860752185663684,95.27816742081448,10617.59,501.14,4.051184210526315,92.02119100661506,0.702643,0.4609,0.6879,0.4899,0.84,0.9,11440.51,1.0,0.1892,0.3975081968302984,0.8119633348464146,18.17447543144226,50.079833984375,73.2075,14.822215,0.65382844,,,,,,,0.439872682094574,/scicore/home/schwede/barta0000/mcmahon_ds/originals/Nb.c205_B2AR/chai_no_constraints/seed_1821/pred.model_idx_0.cif,0.6279908418655396,/scicore/home/schwede/barta0000/mcmahon_ds/originals/Nb.c205_B2AR/chai_with_constraints/seed_2395/pred.model_idx_2.cif,0.439872682094574,0.748561441898346,0.3627004623413086,"[[0.8697823286056519, 0.8478356003761292]]","[[[0.8697823286056519, 0.3627004623413086], [0.33393773436546326, 0.8478356003761292]]]",0.3627004623413086,0.142708,0.1927,0.0121,0.0457,0.6279908418655396,0.8376377820968628,0.5755791068077087,"[[0.8851490020751953, 0.8637861609458923]]","[[[0.8851490020751953, 0.5755791068077087], [0.5544040203094482, 0.8637861609458923]]]",0.5755791068077087,0.493718,0.2696,0.0855,0.3516,0.8732573390007019,0.921339511871338,0.8750873804092407,0.872799813747406,0.8063744902610779,0.4237575232982635,1.647129774093628,0.8750873804092407,/scicore/home/schwede/barta0000/mcmahon_ds/originals/Nb.c205_B2AR/boltz_free/output/boltz_results_Nb.c205_B2AR/predictions/Nb.c205_B2AR/Nb.c205_B2AR_model_0.cif,0.704404,0.2105,0.3178,0.5196,0.9052501916885376,0.9270071983337402,0.8950872421264648,0.9077909588813782,0.8709460496902466,0.4121564328670501,1.482725977897644,0.8950872421264648,/scicore/home/schwede/barta0000/mcmahon_ds/originals/Nb.c205_B2AR/boltz_with_template/output/boltz_results_Nb.c205_B2AR/predictions/Nb.c205_B2AR/Nb.c205_B2AR_model_0.cif,0.719248,0.3376,0.4865,0.553,6.051711241404215,5.760884602864583,6.342537879943848,0.2114141863184151,0.1703775984504132,1.7697381377220154,1.437733769416809,2.1017425060272217,5.943780899047852,5.510612805684407,6.376948992411296,0.2505793147129083,0.1865637087672817,1.678982496261597,1.4100686311721802,1.9478963613510127,5.974159399668376,5.605278650919597,6.343040148417155,0.2389954864468694,0.1896173802286546,1.6627470254898071,1.429381251335144,1.8961127996444704,6.056238333384195,5.79819917678833,6.3142774899800616,0.210452862766575,0.1751437174796579,1.7421483993530271,1.4412884712219238,2.043008327484131,5.925317366917928,5.603711446126302,6.246923287709554,0.2465517643284361,0.1824015937647954,1.701544463634491,1.4164127111434937,1.9866762161254885,5.961783727010091,5.665862878163655,6.257704575856526,0.2208013954436247,0.1731449098008927,1.7536264061927795,1.473145604133606,2.034107208251953,6.169994831085205,6.001114050547282,6.338875611623128,0.2111282692791341,0.1663391200435391,1.793726682662964,1.4332211017608645,2.1542322635650635
Nb.c206_B2AR,False,"A,B",8.543977860001206,83.67354014598541,199.51,6.43,6.376724137931035,78.70326176549143,0.653296,0.4144,0.2965,0.3508,0.76,0.81,17.46,0.0,0.8,0.9868,0.246,5.211453377304993,94.01764573991032,8619.96,531.89,3.2277083333333336,92.7688005065918,0.790303,0.5729,0.7144,0.5058,0.86,0.91,21045.33,1.0,0.6008,0.3732823351450449,0.8425898636848564,18.357300917307537,53.901817321777344,73.45159,14.598019,0.65996313,,,,,,,0.3708329200744629,/scicore/home/schwede/barta0000/mcmahon_ds/originals/Nb.c206_B2AR/chai_no_constraints/seed_1744/pred.model_idx_0.cif,0.5041112303733826,/scicore/home/schwede/barta0000/mcmahon_ds/originals/Nb.c206_B2AR/chai_with_constraints/seed_2850/pred.model_idx_2.cif,0.3708329200744629,0.7182986736297607,0.2839664816856384,"[[0.8461888432502747, 0.8469336628913879]]","[[[0.8461888432502747, 0.2839664816856384], [0.24937185645103455, 0.8469336628913879]]]",0.2839664816856384,0.005823,0.2103,0.0103,0.0,0.5041112303733826,0.7949724793434143,0.4313959181308746,"[[0.8498342633247375, 0.8505550622940063]]","[[[0.8498342633247375, 0.43139591813087463], [0.3970910906791687, 0.8505550622940063]]]",0.4313959181308746,0.3047,0.1856,0.0566,0.2227,0.8646637797355652,0.9380772113800048,0.9136640429496764,0.8524137735366821,0.7666828036308289,0.3733451664447784,0.880247950553894,0.9136640429496764,/scicore/home/schwede/barta0000/mcmahon_ds/originals/Nb.c206_B2AR/boltz_free/output/boltz_results_Nb.c206_B2AR/predictions/Nb.c206_B2AR/Nb.c206_B2AR_model_0.cif,0.833677,0.2297,0.3023,0.6062,0.8730341196060181,0.8965992331504822,0.8042224645614624,0.890237033367157,0.8252900838851929,0.4971277415752411,2.2479264736175537,0.8042224645614624,/scicore/home/schwede/barta0000/mcmahon_ds/originals/Nb.c206_B2AR/boltz_with_template/output/boltz_results_Nb.c206_B2AR/predictions/Nb.c206_B2AR/Nb.c206_B2AR_model_0.cif,0.533013,0.3306,0.2868,0.4517,5.872591654459635,5.443651994069417,6.3015313148498535,0.2298652027030214,0.1895546188842266,1.6630780696868896,1.3370347023010254,1.989121437072754,5.769352595011393,5.1891554196675616,6.349549770355225,0.2350494537548918,0.1825544090930501,1.7007070183753967,1.4680746793746948,1.9333393573760984,5.846819718678792,5.348783810933431,6.344855626424153,0.2319345851855569,0.1914471770425415,1.653143346309662,1.3896238803863523,1.9166628122329712,5.823230266571045,5.392772833506267,6.253687699635823,0.2273609423443017,0.1940179493707118,1.6398046016693115,1.3475505113601685,1.9320586919784544,5.64852515856425,5.041218916575114,6.255831400553386,0.2693312723749316,0.1779059546197536,1.7265002131462095,1.468075394630432,1.9849250316619875,5.562110821406046,4.899647235870361,6.224574406941732,0.1910135555060184,0.1882728711844271,1.6698629260063171,1.331506371498108,2.0082194805145264,5.893205563227336,5.457988897959392,6.32842222849528,0.2124567505504281,0.1643917057675445,1.805503249168396,1.4713759422302246,2.1396305561065674
Nb.b201_HSA_404-609,False,"A,B",6.376024996189607,88.09889194499017,14.46,1.51,9.204166666666667,92.9418647430332,0.669827,0.2994,0.851,0.4072,0.85,0.865,87.29,0.0,0.85,0.3396,0.508,5.8779044734034445,93.753487654321,12758.58,648.33,9.298695652173912,95.8941666285197,0.717862,0.2929,0.8469,0.3705,0.89,0.81,8540.5,1.0,0.0051,0.7486347348882139,0.7850996028563101,,,76.05604,13.992197,0.61089516,,,,,,,0.2777509689331054,/scicore/home/schwede/barta0000/mcmahon_ds/originals/Nb.b201_HSA_404-609/chai_no_constraints/seed_1933/pred.model_idx_4.cif,0.8483550548553467,/scicore/home/schwede/barta0000/mcmahon_ds/originals/Nb.b201_HSA_404-609/chai_with_constraints/seed_1123/pred.model_idx_0.cif,0.2777509689331054,0.6485577821731567,0.1850492656230926,"[[0.8947316408157349, 0.8773423433303833]]","[[[0.8947316408157349, 0.18504926562309265], [0.15852241218090057, 0.8773423433303833]]]",0.1850492656230926,0.00531,0.1053,0.0113,0.0,0.8483550548553467,0.8631307482719421,0.8446611166000366,"[[0.9116538166999817, 0.883705198764801]]","[[[0.9116538166999817, 0.6726003289222717], [0.8446611166000366, 0.883705198764801]]]",0.6726003289222717,0.828829,0.352,0.8567,0.4558,0.8587585687637329,0.6830981373786926,0.7175999879837036,0.8940481543540955,0.9129194021224976,0.8475421071052551,7.498940944671631,0.7175999879837036,/scicore/home/schwede/barta0000/mcmahon_ds/originals/Nb.b201_HSA_404-609/boltz_free/output/boltz_results_Nb.b201_HSA_404-609/predictions/Nb.b201_HSA_404-609/Nb.b201_HSA_404-609_model_0.cif,0.219367,0.3246,0.2348,0.2337,0.954680562019348,0.8788857460021973,0.931016743183136,0.9605964422225952,0.96768981218338,0.3970842957496643,1.0312726497650146,0.931016743183136,/scicore/home/schwede/barta0000/mcmahon_ds/originals/Nb.b201_HSA_404-609/boltz_with_template/output/boltz_results_Nb.b201_HSA_404-609/predictions/Nb.b201_HSA_404-609/Nb.b201_HSA_404-609_model_0.cif,0.821457,0.3654,0.9208,0.4745,4.274028658866882,5.901638031005859,2.6464192867279053,0.1786493395745082,0.2214164195193177,1.507710099220276,1.341863751411438,1.6735564470291138,3.6038859486579895,5.25584093729655,1.9519309600194288,0.1606913550393027,0.2050191382218497,1.5846519470214844,1.4057767391204834,1.7635271549224854,3.942648768424988,5.785799980163574,2.0994975566864014,0.1478874766857915,0.2209808971465828,1.5096790194511414,1.358947515487671,1.6604105234146118,4.440134088198344,6.093557357788086,2.786710818608602,0.1876184585100692,0.2296317706456197,1.4712782502174375,1.3140000104904177,1.628556489944458,4.1253682772318525,5.5956573486328125,2.655079205830892,0.2039073217360781,0.2313304763996723,1.4639079570770264,1.3164889812469482,1.6113269329071045,4.340215802192688,5.698379039764404,2.982052564620972,0.2141333360230363,0.2340431810641071,1.4522496461868286,1.2652236223220823,1.6392756700515747,4.015113155047098,5.41386874516805,2.6163575649261475,0.2186348862186148,0.2052436831034707,1.5835573077201843,1.518683910369873,1.6484307050704956
Nb.c207_B2AR,False,"A,B",10.283465223889763,79.85343220338984,598.15,20.39,11.39875,67.09774944300533,0.257839,0.2274,0.0741,0.2141,0.61,0.8,104.67,0.0,0.67,0.8938,0.329,5.117193546405684,93.70701357466064,1754.95,66.13,4.929285714285713,86.591111585829,0.551794,0.4916,0.5242,0.451,0.81,0.89,1336.22,1.0,0.9861,0.2884698271821203,0.84187313878094,21.4160270690918,65.32623291015625,74.157646,15.593741,0.64110446,,,,,,,0.7405050992965698,/scicore/home/schwede/barta0000/mcmahon_ds/originals/Nb.c207_B2AR/chai_no_constraints/seed_1212/pred.model_idx_2.cif,0.7428414225578308,/scicore/home/schwede/barta0000/mcmahon_ds/originals/Nb.c207_B2AR/chai_with_constraints/seed_1668/pred.model_idx_4.cif,0.7405050992965698,0.8483503460884094,0.7135437726974487,"[[0.8865060806274414, 0.857214093208313]]","[[[0.8865060806274414, 0.6309047341346741], [0.7135437726974487, 0.857214093208313]]]",0.6309047341346741,0.570986,0.2383,0.0696,0.3973,0.7428414225578308,0.8637382388114929,0.7126171588897705,"[[0.8898947238922119, 0.8665720224380493]]","[[[0.8898947238922119, 0.6564914584159851], [0.7126171588897705, 0.8665720224380493]]]",0.6564914584159851,0.627895,0.2725,0.1916,0.4278,0.8981760144233704,0.9515024423599244,0.9272969365119934,0.8908957839012146,0.8496279120445251,0.3472011983394623,0.9098510146141052,0.9272969365119934,/scicore/home/schwede/barta0000/mcmahon_ds/originals/Nb.c207_B2AR/boltz_free/output/boltz_results_Nb.c207_B2AR/predictions/Nb.c207_B2AR/Nb.c207_B2AR_model_0.cif,0.833134,0.4634,0.5453,0.63,0.9240022897720336,0.9308826327323914,0.9087961316108704,0.9278037548065186,0.9069917798042296,0.4170475304126739,1.7119204998016355,0.9087961316108704,/scicore/home/schwede/barta0000/mcmahon_ds/originals/Nb.c207_B2AR/boltz_with_template/output/boltz_results_Nb.c207_B2AR/predictions/Nb.c207_B2AR/Nb.c207_B2AR_model_0.cif,0.744652,0.5559,0.5832,0.5676,6.312773784001669,6.302568117777507,6.32297945022583,0.2361257546304198,0.172020020185044,1.7601444125175476,1.4145678281784058,2.105720996856689,5.714004913965861,5.1092549959818525,6.31875483194987,0.2434067728354221,0.1869951761127684,1.6766724586486816,1.3809194564819336,1.9724254608154297,5.711937824885051,5.13491694132487,6.288958708445231,0.2366562240681902,0.1899523754932872,1.6609818935394287,1.3767812252044678,1.9451825618743896,6.362646659215292,6.412870089213054,6.312423229217529,0.2370902392964823,0.1728890229359944,1.7551053762435913,1.5034668445587158,2.006743907928467,5.944130897521973,5.646985212961833,6.241276582082112,0.2205142068789263,0.1981409644701054,1.618776559829712,1.215759515762329,2.0217936038970947,5.759195566177368,5.265611489613851,6.252779642740886,0.2467007880261204,0.1825824300519193,1.7005535364151,1.4225010871887207,1.9786059856414795,6.1295554637908936,5.94245704015096,6.316653887430827,0.2191337938593166,0.1636101980791888,1.810268521308899,1.4678003787994385,2.15273666381836
Nb.AQ100_Adiponectin,False,"A,B",12.931578241230753,81.31933848382424,205.51,11.33,5.768421052631578,70.29569727677571,0.006573,0.1487,0.0147,0.0213,0.2,0.84,-56.62,0.0,0.27,0.8517,0.31,5.206715910615524,92.88629343629344,12945.0,596.82,3.546923076923077,84.94366683959962,0.370364,0.2872,0.3299,0.3998,0.62,0.79,26952.43,1.0,0.986,0.1306931707233784,0.8371524050526356,19.922087907791138,56.57594299316406,77.77285,16.847645,0.49774432,,,,,,,0.2544002532958984,/scicore/home/schwede/barta0000/mcmahon_ds/originals/Nb.AQ100_Adiponectin/chai_no_constraints/seed_1110/pred.model_idx_3.cif,0.3525729775428772,/scicore/home/schwede/barta0000/mcmahon_ds/originals/Nb.AQ100_Adiponectin/chai_with_constraints/seed_4436/pred.model_idx_3.cif,0.2544002532958984,0.590380072593689,0.1704052984714508,"[[0.8772791624069214, 0.8879954814910889]]","[[[0.8772791624069214, 0.1704052984714508], [0.14785991609096527, 0.8879954814910889]]]",0.1704052984714508,0.028691,0.0486,0.0108,0.0128,0.3525729775428772,0.6355966329574585,0.281817078590393,"[[0.8828604221343994, 0.8691251873970032]]","[[[0.8828604221343994, 0.28181707859039307], [0.23142395913600922, 0.8691251873970032]]]",0.281817078590393,0.163092,0.0822,0.0268,0.1292,0.6363727450370789,0.6798897385597229,0.4543898105621338,0.6818684339523315,0.5886351466178894,1.324753761291504,5.178491592407227,0.4413303732872009,/scicore/home/schwede/barta0000/mcmahon_ds/originals/Nb.AQ100_Adiponectin/boltz_free/output/boltz_results_Nb.AQ100_Adiponectin/predictions/Nb.AQ100_Adiponectin/Nb.AQ100_Adiponectin_model_0.cif,0.140879,0.0769,0.0173,0.1045,0.8037857413291931,0.7762379050254822,0.6321554183959961,0.8466933369636536,0.7783713936805725,1.1242306232452393,4.794119358062744,0.6321554183959961,/scicore/home/schwede/barta0000/mcmahon_ds/originals/Nb.AQ100_Adiponectin/boltz_with_template/output/boltz_results_Nb.AQ100_Adiponectin/predictions/Nb.AQ100_Adiponectin/Nb.AQ100_Adiponectin_model_0.cif,0.268686,0.2883,0.0783,0.257,6.583101352055868,6.9274360338846845,6.238766670227051,0.2588353357627632,0.233367858310282,1.4551392793655396,1.2925306558609009,1.6177479028701782,5.8871528307596845,5.825245539347331,5.949060122172038,0.2128075581907758,0.1874118900812949,1.6744464635849,1.149470567703247,2.1994223594665527,5.754249970118204,5.759978771209717,5.748521169026692,0.2222857174285912,0.2231107967798924,1.500086784362793,1.10655677318573,1.893616795539856,6.626268068949382,7.014310518900554,6.23822561899821,0.2491763628965014,0.2278830082254954,1.4789229035377502,1.3280974626541138,1.6297483444213867,5.996099233627319,5.9192783037821455,6.072920163472493,0.2395590722163607,0.2373408200747822,1.4382581114768982,1.1362823247909546,1.7402338981628418,6.171622117360433,6.178967316945394,6.164276917775472,0.2748295475787033,0.2227825271554461,1.5015591979026794,1.2636237144470217,1.7394946813583374,6.150929689407349,6.147507031758626,6.154352347056071,0.2531379177425371,0.2120898931309004,1.5507450699806211,1.358124017715454,1.7433661222457886
Nb.c206_B2AR,False,"A,B",8.543977860001206,83.67354014598541,199.51,6.43,6.376724137931035,78.70326176549143,0.653296,0.4144,0.2965,0.3508,0.76,0.81,17.46,0.0,0.8,0.9868,0.246,5.211453377304993,94.01764573991032,8619.96,531.89,3.2277083333333336,92.7688005065918,0.790303,0.5729,0.7144,0.5058,0.86,0.91,21045.33,1.0,0.6008,0.3732823351450449,0.8425898636848564,18.357300917307537,53.901817321777344,73.45159,14.598019,0.65996313,,,,,,,0.3708329200744629,/scicore/home/schwede/barta0000/mcmahon_ds/originals/Nb.c206_B2AR/chai_no_constraints/seed_1744/pred.model_idx_0.cif,0.5041112303733826,/scicore/home/schwede/barta0000/mcmahon_ds/originals/Nb.c206_B2AR/chai_with_constraints/seed_2850/pred.model_idx_2.cif,0.3708329200744629,0.7182986736297607,0.2839664816856384,"[[0.8461888432502747, 0.8469336628913879]]","[[[0.8461888432502747, 0.2839664816856384], [0.24937185645103455, 0.8469336628913879]]]",0.2839664816856384,0.005823,0.2103,0.0103,0.0,0.5041112303733826,0.7949724793434143,0.4313959181308746,"[[0.8498342633247375, 0.8505550622940063]]","[[[0.8498342633247375, 0.43139591813087463], [0.3970910906791687, 0.8505550622940063]]]",0.4313959181308746,0.3047,0.1856,0.0566,0.2227,0.8646637797355652,0.9380772113800048,0.9136640429496764,0.8524137735366821,0.7666828036308289,0.3733451664447784,0.880247950553894,0.9136640429496764,/scicore/home/schwede/barta0000/mcmahon_ds/originals/Nb.c206_B2AR/boltz_free/output/boltz_results_Nb.c206_B2AR/predictions/Nb.c206_B2AR/Nb.c206_B2AR_model_0.cif,0.833677,0.2297,0.3023,0.6062,0.8730341196060181,0.8965992331504822,0.8042224645614624,0.890237033367157,0.8252900838851929,0.4971277415752411,2.2479264736175537,0.8042224645614624,/scicore/home/schwede/barta0000/mcmahon_ds/originals/Nb.c206_B2AR/boltz_with_template/output/boltz_results_Nb.c206_B2AR/predictions/Nb.c206_B2AR/Nb.c206_B2AR_model_0.cif,0.533013,0.3306,0.2868,0.4517,5.872591654459635,5.443651994069417,6.3015313148498535,0.2298652027030214,0.1895546188842266,1.6630780696868896,1.3370347023010254,1.989121437072754,5.769352595011393,5.1891554196675616,6.349549770355225,0.2350494537548918,0.1825544090930501,1.7007070183753967,1.4680746793746948,1.9333393573760984,5.846819718678792,5.348783810933431,6.344855626424153,0.2319345851855569,0.1914471770425415,1.653143346309662,1.3896238803863523,1.9166628122329712,5.823230266571045,5.392772833506267,6.253687699635823,0.2273609423443017,0.1940179493707118,1.6398046016693115,1.3475505113601685,1.9320586919784544,5.64852515856425,5.041218916575114,6.255831400553386,0.2693312723749316,0.1779059546197536,1.7265002131462095,1.468075394630432,1.9849250316619875,5.562110821406046,4.899647235870361,6.224574406941732,0.1910135555060184,0.1882728711844271,1.6698629260063171,1.331506371498108,2.0082194805145264,5.893205563227336,5.457988897959392,6.32842222849528,0.2124567505504281,0.1643917057675445,1.805503249168396,1.4713759422302246,2.1396305561065674
Nb.AD101_A2AR,False,"A,B",12.034588044700126,77.4113095956548,639.08,22.78,14.755681818181818,63.036935973209765,0.091485,0.1428,0.0242,0.0583,0.47,0.78,371.56,0.0,0.53,0.1643,0.284,5.59089102691265,92.43840375586852,3928.07,343.5,8.2215625,82.78547704787482,0.553068,0.3596,0.4043,0.4297,0.81,0.88,11364.54,1.0,0.0485,0.4578201454038008,0.8069440137105731,15.536882135603165,49.020782470703125,76.228874,13.434536,0.6814283,,,,,,,0.3677914440631866,/scicore/home/schwede/barta0000/mcmahon_ds/originals/Nb.AD101_A2AR/chai_no_constraints/seed_1999/pred.model_idx_4.cif,0.4089440107345581,/scicore/home/schwede/barta0000/mcmahon_ds/originals/Nb.AD101_A2AR/chai_with_constraints/seed_2324/pred.model_idx_1.cif,0.3677914440631866,0.7262497544288635,0.278176873922348,"[[0.8726198673248291, 0.8533979654312134]]","[[[0.8726198673248291, 0.278176873922348], [0.20642191171646118, 0.8533979654312134]]]",0.278176873922348,0.105844,0.1598,0.0131,0.0333,0.4089440107345581,0.758080005645752,0.3216599822044372,"[[0.8754442930221558, 0.8604868650436401]]","[[[0.8754442930221558, 0.32165998220443726], [0.28163209557533264, 0.8604868650436401]]]",0.3216599822044372,0.201931,0.0807,0.0356,0.1485,0.8670752644538879,0.8831198811531067,0.6953683495521545,0.9100019931793212,0.825217604637146,0.4634155631065368,4.816882133483887,0.6953683495521545,/scicore/home/schwede/barta0000/mcmahon_ds/originals/Nb.AD101_A2AR/boltz_free/output/boltz_results_Nb.AD101_A2AR/predictions/Nb.AD101_A2AR/Nb.AD101_A2AR_model_0.cif,0.345114,0.1049,0.0871,0.2317,0.9241684079170228,0.9395983815193176,0.8659490346908569,0.9387232661247252,0.8893744945526123,0.3147880136966705,1.3978668451309204,0.8659490346908569,/scicore/home/schwede/barta0000/mcmahon_ds/originals/Nb.AD101_A2AR/boltz_with_template/output/boltz_results_Nb.AD101_A2AR/predictions/Nb.AD101_A2AR/Nb.AD101_A2AR_model_0.cif,0.66055,0.1915,0.4559,0.5193,5.788234631220499,5.229837258656819,6.34663200378418,0.1575660961084634,0.1737479060575895,1.750149846076965,1.3929204940795898,2.107379198074341,5.34940497080485,4.369221528371175,6.329588413238525,0.2180649699277736,0.1836502554064494,1.6947221159934998,1.4428696632385254,1.946574568748474,5.583840052286784,4.815678755442302,6.352001349131267,0.2022596154806811,0.204036439225089,1.5894566774368286,1.2787293195724487,1.9001840353012085,5.898958524068197,5.450233141581218,6.347683906555176,0.1743915243285157,0.1784257368828496,1.7235828042030334,1.441714644432068,2.005450963973999,5.817362387975058,5.333942413330078,6.300782362620036,0.2121500818047829,0.1943078879813659,1.6383113265037537,1.3102482557296753,1.966374397277832,5.810083945592244,5.303474267323812,6.316693623860677,0.2018449007457659,0.1904877327651491,1.6581674814224243,1.348107933998108,1.9682270288467407,5.944571256637573,5.575085481007894,6.314057032267253,0.1983146617173778,0.1951083419536849,1.6342002749443054,1.2909154891967771,1.9774850606918333
Nb.c211_B2AR,False,"A,B",9.215542781679328,81.77401134751773,139.0,5.23,6.3023255813953485,77.76418423313565,0.536849,0.3674,0.2622,0.3462,0.74,0.815,-2.24,0.0,0.79,0.4383,0.27,4.884425533875228,94.44400452488688,10968.32,569.08,3.7038461538461536,92.4782218085395,0.748183,0.5305,0.6825,0.51,0.86,0.9,15560.28,1.0,0.0053,0.4863417116681873,0.8331962778972111,,,74.37003,15.509081,0.6440738,,,,,,,0.3849257826805115,/scicore/home/schwede/barta0000/mcmahon_ds/originals/Nb.c211_B2AR/chai_no_constraints/seed_3642/pred.model_idx_0.cif,0.6311547756195068,/scicore/home/schwede/barta0000/mcmahon_ds/originals/Nb.c211_B2AR/chai_with_constraints/seed_1058/pred.model_idx_3.cif,0.3849257826805115,0.7335255146026611,0.2977758646011352,"[[0.8621008992195129, 0.8477658033370972]]","[[[0.8621008992195129, 0.29777586460113525], [0.2755160331726074, 0.8477658033370972]]]",0.2977758646011352,0.076962,0.1904,0.0116,0.0224,0.6311547756195068,0.8416361808776855,0.5785343647003174,"[[0.8817801475524902, 0.8626059889793396]]","[[[0.8817801475524902, 0.5785343647003174], [0.5613062381744385, 0.8626059889793396]]]",0.5785343647003174,0.468352,0.2346,0.1881,0.3534,0.8944274187088013,0.909762442111969,0.8612186312675476,0.9027295708656312,0.8591002821922302,0.4449959397315979,1.6580936908721924,0.8612186312675476,/scicore/home/schwede/barta0000/mcmahon_ds/originals/Nb.c211_B2AR/boltz_free/output/boltz_results_Nb.c211_B2AR/predictions/Nb.c211_B2AR/Nb.c211_B2AR_model_0.cif,0.691584,0.4441,0.4495,0.5187,0.9205089807510376,0.9181755781173706,0.8582351803779602,0.936077356338501,0.9127852320671082,0.4435930550098419,1.8920069932937624,0.8582351803779602,/scicore/home/schwede/barta0000/mcmahon_ds/originals/Nb.c211_B2AR/boltz_with_template/output/boltz_results_Nb.c211_B2AR/predictions/Nb.c211_B2AR/Nb.c211_B2AR_model_0.cif,0.658168,0.5434,0.5462,0.5234,5.7544779777526855,5.194014231363933,6.314941724141439,0.2093922554618669,0.1831915289286479,1.6972230672836304,1.306009292602539,2.0884368419647217,5.493065039316813,4.727592309315999,6.258537769317627,0.2527220688004148,0.1771839853849534,1.7305666208267212,1.4844337701797483,1.9766994714736936,5.535052458445231,4.808000087738037,6.262104829152425,0.2406607183726491,0.1830579501237406,1.6979525089263916,1.4856339693069458,1.9102710485458367,5.775050640106201,5.284552415211995,6.265548865000407,0.2156942830602182,0.1908388932142947,1.6563256978988647,1.302910327911377,2.0097410678863525,5.715681155522664,5.144598325093587,6.286763985951741,0.2218089666917617,0.1915369581227883,1.6526744961738586,1.317115068435669,1.9882339239120483,5.635236104329428,5.032591342926025,6.237880865732829,0.230601292280891,0.1751487493326481,1.7421196699142456,1.4665358066558838,2.0177035331726074,5.713810443878174,5.094998359680176,6.332622528076172,0.2239753805018211,0.1688948142230022,1.7784791588783264,1.4267419576644895,2.130216360092163
Nb.b201_HSA_404-609,False,"A,B",6.376024996189607,88.09889194499017,14.46,1.51,9.204166666666667,92.9418647430332,0.669827,0.2994,0.851,0.4072,0.85,0.865,87.29,0.0,0.85,0.3396,0.508,5.8779044734034445,93.753487654321,12758.58,648.33,9.298695652173912,95.8941666285197,0.717862,0.2929,0.8469,0.3705,0.89,0.81,8540.5,1.0,0.0051,0.7486347348882139,0.7850996028563101,,,76.05604,13.992197,0.61089516,,,,,,,0.2777509689331054,/scicore/home/schwede/barta0000/mcmahon_ds/originals/Nb.b201_HSA_404-609/chai_no_constraints/seed_1933/pred.model_idx_4.cif,0.8483550548553467,/scicore/home/schwede/barta0000/mcmahon_ds/originals/Nb.b201_HSA_404-609/chai_with_constraints/seed_1123/pred.model_idx_0.cif,0.2777509689331054,0.6485577821731567,0.1850492656230926,"[[0.8947316408157349, 0.8773423433303833]]","[[[0.8947316408157349, 0.18504926562309265], [0.15852241218090057, 0.8773423433303833]]]",0.1850492656230926,0.00531,0.1053,0.0113,0.0,0.8483550548553467,0.8631307482719421,0.8446611166000366,"[[0.9116538166999817, 0.883705198764801]]","[[[0.9116538166999817, 0.6726003289222717], [0.8446611166000366, 0.883705198764801]]]",0.6726003289222717,0.828829,0.352,0.8567,0.4558,0.8587585687637329,0.6830981373786926,0.7175999879837036,0.8940481543540955,0.9129194021224976,0.8475421071052551,7.498940944671631,0.7175999879837036,/scicore/home/schwede/barta0000/mcmahon_ds/originals/Nb.b201_HSA_404-609/boltz_free/output/boltz_results_Nb.b201_HSA_404-609/predictions/Nb.b201_HSA_404-609/Nb.b201_HSA_404-609_model_0.cif,0.219367,0.3246,0.2348,0.2337,0.954680562019348,0.8788857460021973,0.931016743183136,0.9605964422225952,0.96768981218338,0.3970842957496643,1.0312726497650146,0.931016743183136,/scicore/home/schwede/barta0000/mcmahon_ds/originals/Nb.b201_HSA_404-609/boltz_with_template/output/boltz_results_Nb.b201_HSA_404-609/predictions/Nb.b201_HSA_404-609/Nb.b201_HSA_404-609_model_0.cif,0.821457,0.3654,0.9208,0.4745,4.274028658866882,5.901638031005859,2.6464192867279053,0.1786493395745082,0.2214164195193177,1.507710099220276,1.341863751411438,1.6735564470291138,3.6038859486579895,5.25584093729655,1.9519309600194288,0.1606913550393027,0.2050191382218497,1.5846519470214844,1.4057767391204834,1.7635271549224854,3.942648768424988,5.785799980163574,2.0994975566864014,0.1478874766857915,0.2209808971465828,1.5096790194511414,1.358947515487671,1.6604105234146118,4.440134088198344,6.093557357788086,2.786710818608602,0.1876184585100692,0.2296317706456197,1.4712782502174375,1.3140000104904177,1.628556489944458,4.1253682772318525,5.5956573486328125,2.655079205830892,0.2039073217360781,0.2313304763996723,1.4639079570770264,1.3164889812469482,1.6113269329071045,4.340215802192688,5.698379039764404,2.982052564620972,0.2141333360230363,0.2340431810641071,1.4522496461868286,1.2652236223220823,1.6392756700515747,4.015113155047098,5.41386874516805,2.6163575649261475,0.2186348862186148,0.2052436831034707,1.5835573077201843,1.518683910369873,1.6484307050704956
Nb.c205_B2AR,False,"A,B",11.615447062918443,79.12451768033948,171.04,6.5,9.987179487179487,67.24130468736251,0.2143,0.156,0.0508,0.1514,0.54,0.8,107.2,0.0,0.62,0.0214,0.271,4.860752185663684,95.27816742081448,10617.59,501.14,4.051184210526315,92.02119100661506,0.702643,0.4609,0.6879,0.4899,0.84,0.9,11440.51,1.0,0.1892,0.3975081968302984,0.8119633348464146,18.17447543144226,50.079833984375,73.2075,14.822215,0.65382844,,,,,,,0.439872682094574,/scicore/home/schwede/barta0000/mcmahon_ds/originals/Nb.c205_B2AR/chai_no_constraints/seed_1821/pred.model_idx_0.cif,0.6279908418655396,/scicore/home/schwede/barta0000/mcmahon_ds/originals/Nb.c205_B2AR/chai_with_constraints/seed_2395/pred.model_idx_2.cif,0.439872682094574,0.748561441898346,0.3627004623413086,"[[0.8697823286056519, 0.8478356003761292]]","[[[0.8697823286056519, 0.3627004623413086], [0.33393773436546326, 0.8478356003761292]]]",0.3627004623413086,0.142708,0.1927,0.0121,0.0457,0.6279908418655396,0.8376377820968628,0.5755791068077087,"[[0.8851490020751953, 0.8637861609458923]]","[[[0.8851490020751953, 0.5755791068077087], [0.5544040203094482, 0.8637861609458923]]]",0.5755791068077087,0.493718,0.2696,0.0855,0.3516,0.8732573390007019,0.921339511871338,0.8750873804092407,0.872799813747406,0.8063744902610779,0.4237575232982635,1.647129774093628,0.8750873804092407,/scicore/home/schwede/barta0000/mcmahon_ds/originals/Nb.c205_B2AR/boltz_free/output/boltz_results_Nb.c205_B2AR/predictions/Nb.c205_B2AR/Nb.c205_B2AR_model_0.cif,0.704404,0.2105,0.3178,0.5196,0.9052501916885376,0.9270071983337402,0.8950872421264648,0.9077909588813782,0.8709460496902466,0.4121564328670501,1.482725977897644,0.8950872421264648,/scicore/home/schwede/barta0000/mcmahon_ds/originals/Nb.c205_B2AR/boltz_with_template/output/boltz_results_Nb.c205_B2AR/predictions/Nb.c205_B2AR/Nb.c205_B2AR_model_0.cif,0.719248,0.3376,0.4865,0.553,6.051711241404215,5.760884602864583,6.342537879943848,0.2114141863184151,0.1703775984504132,1.7697381377220154,1.437733769416809,2.1017425060272217,5.943780899047852,5.510612805684407,6.376948992411296,0.2505793147129083,0.1865637087672817,1.678982496261597,1.4100686311721802,1.9478963613510127,5.974159399668376,5.605278650919597,6.343040148417155,0.2389954864468694,0.1896173802286546,1.6627470254898071,1.429381251335144,1.8961127996444704,6.056238333384195,5.79819917678833,6.3142774899800616,0.210452862766575,0.1751437174796579,1.7421483993530271,1.4412884712219238,2.043008327484131,5.925317366917928,5.603711446126302,6.246923287709554,0.2465517643284361,0.1824015937647954,1.701544463634491,1.4164127111434937,1.9866762161254885,5.961783727010091,5.665862878163655,6.257704575856526,0.2208013954436247,0.1731449098008927,1.7536264061927795,1.473145604133606,2.034107208251953,6.169994831085205,6.001114050547282,6.338875611623128,0.2111282692791341,0.1663391200435391,1.793726682662964,1.4332211017608645,2.1542322635650635
Nb.c202_B2AR,False,"A,B",8.84479277685053,83.01381288863764,284.74,9.67,6.995081967213114,79.77285467572678,0.678307,0.3979,0.2768,0.4004,0.82,0.81,109.07,0.0,0.85,0.9588,0.358,5.299619085443101,93.62417040358746,885.74,31.84,4.256120689655173,91.90909257368608,0.787915,0.5946,0.6752,0.4945,0.88,0.9,854.82,1.0,0.9226,0.6775503955219994,0.8425898636848564,19.786634922027588,52.63935089111328,73.5639,15.193285,0.6488999,,,,,,,0.3260104060173034,/scicore/home/schwede/barta0000/mcmahon_ds/originals/Nb.c202_B2AR/chai_no_constraints/seed_3616/pred.model_idx_4.cif,0.4567323327064514,/scicore/home/schwede/barta0000/mcmahon_ds/originals/Nb.c202_B2AR/chai_with_constraints/seed_4433/pred.model_idx_0.cif,0.3260104060173034,0.7153887748718262,0.2286657840013504,"[[0.8550470471382141, 0.8571233749389648]]","[[[0.8550470471382141, 0.2286657840013504], [0.17600210011005402, 0.8571233749389648]]]",0.2286657840013504,0.012521,0.133,0.011,0.0,0.4567323327064514,0.7774658203125,0.3765489459037781,"[[0.8573092222213745, 0.8519381880760193]]","[[[0.8573092222213745, 0.3765489459037781], [0.35796716809272766, 0.8519381880760193]]]",0.3765489459037781,0.217061,0.1643,0.0299,0.1638,0.8356313705444336,0.9175546169281006,0.883135199546814,0.8237553834915161,0.7012861967086792,0.460429847240448,1.6786741018295288,0.883135199546814,/scicore/home/schwede/barta0000/mcmahon_ds/originals/Nb.c202_B2AR/boltz_free/output/boltz_results_Nb.c202_B2AR/predictions/Nb.c202_B2AR/Nb.c202_B2AR_model_0.cif,0.749055,0.1672,0.1218,0.5323,0.896763265132904,0.9332929253578186,0.901140570640564,0.8956689238548279,0.8397444486618042,0.4566054940223694,2.247907876968384,0.901140570640564,/scicore/home/schwede/barta0000/mcmahon_ds/originals/Nb.c202_B2AR/boltz_with_template/output/boltz_results_Nb.c202_B2AR/predictions/Nb.c202_B2AR/Nb.c202_B2AR_model_0.cif,0.76825,0.4887,0.3096,0.5687,5.702014128367106,5.106817881266276,6.2972103754679365,0.2182019544569082,0.197241557189406,1.6233261227607727,1.2425674200057983,2.004084825515747,5.1627198457717896,4.033620436986287,6.291819254557292,0.2148471532339168,0.187285693421758,1.6751200556755066,1.3707796335220337,1.9794604778289795,5.191323081652324,4.105625549952189,6.277020613352458,0.1996857613605313,0.190214423633587,1.6596032977104187,1.319642186164856,1.9995644092559808,5.667904853820801,5.096600850423177,6.239208857218425,0.219701802729603,0.2084262016201368,1.5681702494621277,1.205872654914856,1.9304678440094,5.500945965449016,4.716703573862712,6.285188357035319,0.2011155067914647,0.1697726374061484,1.7732951641082764,1.544022560119629,2.002567768096924,5.607690334320068,4.897702534993489,6.317678133646647,0.2159380252020742,0.1754089426124704,1.7406352162361145,1.4169718027114868,2.064298629760742,5.710012356440226,5.0914740562438965,6.328550656636556,0.1923205343955784,0.166325032016068,1.7938113808631897,1.4582821130752563,2.129340648651123
Nb.c203_B2AR,False,"A,B",10.097912102536805,81.0391834420187,123.43,4.85,7.734883720930233,72.66162881795493,0.286446,0.2292,0.1327,0.2124,0.67,0.8,100.52,0.0,0.73,0.989,0.258,4.906319024999488,95.12778280542986,2520.96,108.24,3.777560975609756,92.54658489692504,0.695575,0.5059,0.7183,0.4845,0.87,0.9,2204.24,1.0,0.983,0.4722349617080841,0.8554386794519355,16.608675003051758,50.09073638916016,73.431435,14.556013,0.66019845,,,,,,,0.3597488105297088,/scicore/home/schwede/barta0000/mcmahon_ds/originals/Nb.c203_B2AR/chai_no_constraints/seed_1964/pred.model_idx_4.cif,0.5888773202896118,/scicore/home/schwede/barta0000/mcmahon_ds/originals/Nb.c203_B2AR/chai_with_constraints/seed_3779/pred.model_idx_1.cif,0.3597488105297088,0.7231412529945374,0.2689006924629211,"[[0.8641464114189148, 0.8515748381614685]]","[[[0.8641464114189148, 0.26890069246292114], [0.1957802176475525, 0.8515748381614685]]]",0.2689006924629211,0.057971,0.1042,0.0122,0.0093,0.5888773202896118,0.8297721743583679,0.5286535620689392,"[[0.869354248046875, 0.8544241189956665]]","[[[0.869354248046875, 0.5286535620689392], [0.5199827551841736, 0.8544241189956665]]]",0.5286535620689392,0.438546,0.3306,0.0505,0.3369,0.8232828974723816,0.8901403546333313,0.8323885202407837,0.8210065364837646,0.7281683087348938,0.5649943351745605,3.1916592121124268,0.8323885202407837,/scicore/home/schwede/barta0000/mcmahon_ds/originals/Nb.c203_B2AR/boltz_free/output/boltz_results_Nb.c203_B2AR/predictions/Nb.c203_B2AR/Nb.c203_B2AR_model_0.cif,0.582944,0.2348,0.1049,0.4324,0.8667492270469666,0.9091265201568604,0.8447051048278809,0.8722602128982544,0.829020619392395,0.5664849877357483,3.0016016960144043,0.8447051048278809,/scicore/home/schwede/barta0000/mcmahon_ds/originals/Nb.c203_B2AR/boltz_with_template/output/boltz_results_Nb.c203_B2AR/predictions/Nb.c203_B2AR/Nb.c203_B2AR_model_0.cif,0.605685,0.4415,0.2366,0.4842,5.716690460840861,5.104534308115642,6.328846613566081,0.2042349060138965,0.1684763785978013,1.7809597253799438,1.5116236209869385,2.050295829772949,5.506230274836222,4.774485905965169,6.237974643707275,0.25659437967218,0.1910346643231983,1.6553003787994385,1.356661081314087,1.95393967628479,5.515988906224569,4.768110275268555,6.263867537180583,0.2654961820974671,0.1954930595833877,1.6322304010391235,1.3265907764434814,1.9378700256347656,5.752633889516195,5.210888544718425,6.294379234313965,0.2060536038573375,0.1773259925081257,1.7297654747962952,1.4683829545974731,1.9911479949951167,5.666376988093058,5.075749397277832,6.257004578908284,0.1947894996541473,0.1755926736863747,1.7395883202552795,1.541882872581482,1.9372937679290767,5.665427525838217,5.133355776468913,6.19749927520752,0.1988530542467045,0.1655925172039968,1.798225224018097,1.509234070777893,2.087216377258301,5.785330295562744,5.237292766571045,6.333367824554443,0.1886667534572763,0.1569709965162309,1.8516942262649536,1.563769817352295,2.1396186351776123
Nb.c208_B2AR,False,"A,B",10.640798125842064,79.75491697157331,328.15,12.07,11.800943396226412,66.42186521495721,0.215394,0.1657,0.0657,0.1792,0.56,0.79,98.16,0.0,0.62,0.0278,0.384,6.04507550926019,92.23511210762332,1542.87,52.34,5.768536585365854,85.37478223054305,0.528625,0.4319,0.4571,0.3965,0.76,0.87,2062.3,1.0,0.6056,0.1942084754715971,0.8402111092235994,17.651032191056473,55.085636138916016,73.4483,14.678176,0.65965986,,,,,,,0.4438408017158508,/scicore/home/schwede/barta0000/mcmahon_ds/originals/Nb.c208_B2AR/chai_no_constraints/seed_3400/pred.model_idx_2.cif,0.4774547815322876,/scicore/home/schwede/barta0000/mcmahon_ds/originals/Nb.c208_B2AR/chai_with_constraints/seed_3742/pred.model_idx_0.cif,0.4438408017158508,0.7739211916923523,0.3613207042217254,"[[0.8985546827316284, 0.8614351153373718]]","[[[0.8985546827316284, 0.36132070422172546], [0.30567485094070435, 0.8614351153373718]]]",0.3613207042217254,0.209338,0.1189,0.0241,0.1164,0.4774547815322876,0.7906139492988586,0.3991649448871612,"[[0.8862677812576294, 0.8566975593566895]]","[[[0.8862677812576294, 0.39916494488716125], [0.3701508343219757, 0.8566975593566895]]]",0.3991649448871612,0.293163,0.0905,0.0282,0.213,0.8527108430862427,0.9322925806045532,0.8882816433906555,0.8438180685043335,0.7206190228462219,0.3918847441673279,1.1912424564361572,0.8882816433906555,/scicore/home/schwede/barta0000/mcmahon_ds/originals/Nb.c208_B2AR/boltz_free/output/boltz_results_Nb.c208_B2AR/predictions/Nb.c208_B2AR/Nb.c208_B2AR_model_0.cif,0.756765,0.1351,0.1638,0.5698,0.8931237459182739,0.8975825309753418,0.8043473958969116,0.9153178334236144,0.854531466960907,0.5105936527252197,2.78587007522583,0.8043473958969116,/scicore/home/schwede/barta0000/mcmahon_ds/originals/Nb.c208_B2AR/boltz_with_template/output/boltz_results_Nb.c208_B2AR/predictions/Nb.c208_B2AR/Nb.c208_B2AR_model_0.cif,0.611961,0.4015,0.2496,0.4555,5.714349190394083,5.134091377258301,6.294607003529866,0.2276045231695947,0.1698421100646074,1.772886037826538,1.5091123580932615,2.0366597175598145,5.591494480768839,4.767596085866292,6.415392875671387,0.2360057154716162,0.1631178828086608,1.813282132148743,1.5062949657440186,2.120269298553467,5.64735754330953,4.945860068003337,6.348855018615723,0.2137765543189942,0.1754731701312794,1.740269124507904,1.522388935089111,1.9581493139266968,5.683141311009725,5.080605824788411,6.285676797231038,0.2463741645615618,0.1793589122121724,1.7183663845062256,1.4677278995513916,1.96900486946106,5.9061572551727295,5.513178984324138,6.299135526021321,0.231819579495391,0.1850175348210244,1.687304675579071,1.3941447734832764,1.9804645776748653,6.065472920735678,5.833011309305827,6.297934532165527,0.2582689433524464,0.1834488534927561,1.69581937789917,1.3731236457824707,2.018515110015869,5.907783826192221,5.487608591715495,6.327959060668945,0.257020245074673,0.1662563142252057,1.7942246198654177,1.4592416286468506,2.1292076110839844
Nb.AQ103_Adiponectin,False,"A,B",14.153656286043828,79.53349462365593,183.77,11.66,5.978260869565216,64.94407104454757,0.005775,0.0752,0.0116,0.0021,0.17,0.825,57.98,0.0,0.24,0.8695,1.19,5.117199538638984,92.7061568627451,18251.2,835.37,3.548409090909091,84.73391358748727,0.421352,0.1907,0.3342,0.4317,0.65,0.81,18606.78,1.0,0.9614,0.102868516384166,0.8307620486904792,,,77.40264,16.598183,0.5018766,,,,,,,0.3115336894989013,/scicore/home/schwede/barta0000/mcmahon_ds/originals/Nb.AQ103_Adiponectin/chai_no_constraints/seed_1014/pred.model_idx_2.cif,0.4199602901935577,/scicore/home/schwede/barta0000/mcmahon_ds/originals/Nb.AQ103_Adiponectin/chai_with_constraints/seed_2349/pred.model_idx_4.cif,0.3115336894989013,0.6346412897109985,0.2307568043470382,"[[0.9022428393363953, 0.890198826789856]]","[[[0.9022428393363953, 0.23075680434703827], [0.20594170689582825, 0.890198826789856]]]",0.2307568043470382,0.091507,0.0587,0.0146,0.0613,0.4199602901935577,0.6828979849815369,0.3542258441448211,"[[0.8977177739143372, 0.8736320734024048]]","[[[0.8977177739143372, 0.35422584414482117], [0.30622607469558716, 0.8736320734024048]]]",0.3542258441448211,0.235164,0.0917,0.0903,0.228,0.6074455976486206,0.6511664986610413,0.3920911252498626,0.6612842082977295,0.5691894292831421,1.3240805864334106,6.027678966522217,0.3586788177490234,/scicore/home/schwede/barta0000/mcmahon_ds/originals/Nb.AQ103_Adiponectin/boltz_free/output/boltz_results_Nb.AQ103_Adiponectin/predictions/Nb.AQ103_Adiponectin/Nb.AQ103_Adiponectin_model_0.cif,0.092068,0.0423,0.0132,0.0656,0.7998393177986145,0.7553316950798035,0.5882114171981812,0.8527462482452393,0.8055101037025452,1.1463136672973633,5.140207290649414,0.5882114171981812,/scicore/home/schwede/barta0000/mcmahon_ds/originals/Nb.AQ103_Adiponectin/boltz_with_template/output/boltz_results_Nb.AQ103_Adiponectin/predictions/Nb.AQ103_Adiponectin/Nb.AQ103_Adiponectin_model_0.cif,0.228659,0.2241,0.0812,0.2223,5.899736086527506,5.532768249511719,6.266703923543294,0.2514043995906394,0.2256270481134448,1.4888718724250791,1.3570351600646973,1.6207085847854614,5.536685307820638,5.108755906422933,5.964614709218343,0.1750509077144045,0.1821710795720127,1.7028090357780457,1.3093701601028442,2.096247911453247,5.4870987733205165,5.077200412750244,5.896997133890788,0.1586741778656059,0.2032288385619619,1.5934226512908936,1.2188810110092163,1.9679642915725708,5.874365329742432,5.471943060557048,6.276787598927816,0.2483799761970382,0.2212772170316908,1.508338987827301,1.3930115699768066,1.6236664056777954,5.78214430809021,5.365912119547526,6.198376496632894,0.2782336121286805,0.2214215137924751,1.5076870918273926,1.3091357946395874,1.7062383890151978,5.865078926086426,5.471352259318034,6.258805592854817,0.2883232189761056,0.2039368971545017,1.5899446606636047,1.359742522239685,1.8201467990875244,5.70533831914266,5.219154993693034,6.191521644592285,0.2348307609769397,0.2099742838534463,1.5607702136039734,1.3910014629364014,1.7305389642715454
Nb.AQ104_Adiponectin,False,"A,B",12.59147194219451,81.93641927710844,145.68,11.63,10.914285714285716,58.5750739807614,0.006316,0.0706,0.0157,0.027,0.22,0.8400000000000001,-85.54,0.0,0.29,0.9509,0.474,8.728086358603809,89.57068702290077,717.02,58.12,5.464464285714287,75.30185219093606,0.145388,0.1641,0.0475,0.1362,0.43,0.69,307.39,1.0,0.6255,0.110992612777921,0.8905701373547756,18.09621175130208,50.28127670288086,76.58791,16.708109,0.4931643,,,,,,,0.2355702519416809,/scicore/home/schwede/barta0000/mcmahon_ds/originals/Nb.AQ104_Adiponectin/chai_no_constraints/seed_3061/pred.model_idx_0.cif,0.3432959318161011,/scicore/home/schwede/barta0000/mcmahon_ds/originals/Nb.AQ104_Adiponectin/chai_with_constraints/seed_1887/pred.model_idx_4.cif,0.2355702519416809,0.5755584836006165,0.150573194026947,"[[0.8559679985046387, 0.8897078633308411]]","[[[0.8559679985046387, 0.15057319402694702], [0.13327950239181519, 0.8897078633308411]]]",0.150573194026947,0.005675,0.0685,0.0103,0.0,0.3432959318161011,0.6375021934509277,0.2697443664073944,"[[0.8588204979896545, 0.8878206610679626]]","[[[0.8588204979896545, 0.2697443664073944], [0.24044889211654663, 0.8878206610679626]]]",0.2697443664073944,0.142033,0.1465,0.0204,0.1389,0.5472399592399597,0.5627082586288452,0.238131895661354,0.6245169639587402,0.5465561151504517,1.2182958126068115,6.836391448974609,0.193630114197731,/scicore/home/schwede/barta0000/mcmahon_ds/originals/Nb.AQ104_Adiponectin/boltz_free/output/boltz_results_Nb.AQ104_Adiponectin/predictions/Nb.AQ104_Adiponectin/Nb.AQ104_Adiponectin_model_0.cif,0.025867,0.0391,0.0117,0.042,0.7370933890342712,0.6710206270217896,0.5236323475837708,0.790458619594574,0.7062593102455139,1.177037239074707,4.416706085205078,0.507780909538269,/scicore/home/schwede/barta0000/mcmahon_ds/originals/Nb.AQ104_Adiponectin/boltz_with_template/output/boltz_results_Nb.AQ104_Adiponectin/predictions/Nb.AQ104_Adiponectin/Nb.AQ104_Adiponectin_model_0.cif,0.177027,0.0914,0.0564,0.1967,6.1527682940165205,6.090847174326579,6.214689413706462,0.2065747269034905,0.23273712345285,1.457845687866211,1.216564416885376,1.699126958847046,5.741030216217041,5.343541940053304,6.138518492380778,0.1594445742823899,0.1570595124081031,1.851130485534668,1.445232629776001,2.257028341293335,5.900247097015381,5.620340347290039,6.180153846740723,0.1410498651043453,0.178952616221501,1.7206342220306396,1.4371395111083984,2.004128932952881,6.244973818461101,6.228861014048259,6.261086622873942,0.2228132482503619,0.2328593975073886,1.4573204517364502,1.2226604223251345,1.691980481147766,5.926592350006104,5.65631087621053,6.196873823801677,0.2485659863881139,0.2034128635463507,1.5925175547599792,1.4545748233795166,1.730460286140442,5.968124151229858,5.807355086008708,6.128893216451009,0.2441327611810224,0.2142916559476738,1.5404173135757446,1.4168238639831543,1.664010763168335,6.119168837865194,6.040108839670817,6.19822883605957,0.1902569317711439,0.1982843439596859,1.6180531978607178,1.4995341300964355,1.736572265625
Nb.AQ101_Adiponectin,False,"A,B",13.803495785684335,80.75836483931947,46.76,3.01,13.596875,58.775731063689264,0.00525,0.0573,0.0122,0.0,0.18,0.8400000000000001,-141.05,0.0,0.25,0.3511,0.506,6.670193294684035,92.66920152091257,16936.52,788.4,5.400517241379312,81.20370511655454,0.244249,0.2064,0.2045,0.252,0.55,0.75,15987.81,1.0,0.6636,0.111692818072322,0.835296250753706,19.64353847503662,46.31172943115234,75.884834,17.064777,0.4880656,,,,,,,0.2615404725074768,/scicore/home/schwede/barta0000/mcmahon_ds/originals/Nb.AQ101_Adiponectin/chai_no_constraints/seed_2685/pred.model_idx_2.cif,0.4065141081809997,/scicore/home/schwede/barta0000/mcmahon_ds/originals/Nb.AQ101_Adiponectin/chai_with_constraints/seed_1831/pred.model_idx_4.cif,0.2615404725074768,0.5924381613731384,0.1788160502910614,"[[0.8713318109512329, 0.8909714221954346]]","[[[0.8713318109512329, 0.1788160502910614], [0.1645532101392746, 0.8909714221954346]]]",0.1788160502910614,0.040458,0.0466,0.0114,0.0131,0.4065141081809997,0.6766713857650757,0.3389747738838196,"[[0.8764632344245911, 0.8797900676727295]]","[[[0.8764632344245911, 0.3389747738838196], [0.31436967849731445, 0.8797900676727295]]]",0.3389747738838196,0.201847,0.2525,0.0703,0.1994,0.5993282198905945,0.5947086215019226,0.3977055251598358,0.64973384141922,0.5941382050514221,1.8304121494293213,6.731626510620117,0.3977055251598358,/scicore/home/schwede/barta0000/mcmahon_ds/originals/Nb.AQ101_Adiponectin/boltz_free/output/boltz_results_Nb.AQ101_Adiponectin/predictions/Nb.AQ101_Adiponectin/Nb.AQ101_Adiponectin_model_0.cif,0.030262,0.0759,0.0125,0.041,0.7584099769592285,0.6776349544525146,0.552837610244751,0.8098030686378479,0.7288914322853088,1.135793924331665,4.983984470367432,0.552837610244751,/scicore/home/schwede/barta0000/mcmahon_ds/originals/Nb.AQ101_Adiponectin/boltz_with_template/output/boltz_results_Nb.AQ101_Adiponectin/predictions/Nb.AQ101_Adiponectin/Nb.AQ101_Adiponectin_model_0.cif,0.212057,0.163,0.045,0.1986,6.020633061726889,5.907044887542725,6.134221235911052,0.2345308243217991,0.2082299086444794,1.569112479686737,1.4256421327590942,1.71258282661438,5.598159869511923,5.32457160949707,5.871748129526774,0.2071192100796167,0.1861906482833788,1.6809841394424438,1.3470449447631836,2.014923334121704,5.555142879486084,5.219315052032471,5.890970706939697,0.2276598324785942,0.1708754159056628,1.7668205499649048,1.4468486309051514,2.086792469024658,6.12236475944519,6.096541086832683,6.148188432057698,0.2244309329727631,0.2115658669843537,1.5532189011573792,1.3960736989974976,1.7103641033172607,5.713322877883911,5.231615702311198,6.195030053456624,0.2983298026576491,0.2097421631811741,1.5618762969970703,1.4470412731170654,1.6767113208770752,5.973384221394857,5.754916191101074,6.19185225168864,0.2645726092454319,0.2120887553951054,1.5507504343986511,1.4100292921066284,1.6914715766906738,5.774855931599936,5.365213871002197,6.184497992197673,0.2258266116115174,0.2035687818105939,1.5917513370513916,1.432283878326416,1.7512187957763672
Nb.AQ102_Adiponectin,False,"A,B",13.963923106497498,82.51277365032193,219.63,15.39,8.588000000000001,69.17235923721677,0.005555,0.1164,0.0117,0.0,0.15,0.855,-94.22,0.0,0.23,0.5504,1.187,8.873844213763936,89.10427450980393,23655.01,1036.81,4.976666666666667,76.6396666208903,0.123757,0.2245,0.0286,0.0753,0.38,0.67,16335.52,1.0,0.5674,0.120369785909646,0.8373632778832512,19.59961700439453,52.37383270263672,78.686615,16.781624,0.5002769,,,,,,,0.33258056640625,/scicore/home/schwede/barta0000/mcmahon_ds/originals/Nb.AQ102_Adiponectin/chai_no_constraints/seed_4773/pred.model_idx_4.cif,0.634053647518158,/scicore/home/schwede/barta0000/mcmahon_ds/originals/Nb.AQ102_Adiponectin/chai_with_constraints/seed_128/pred.model_idx_1.cif,0.33258056640625,0.6445191502571106,0.254595935344696,"[[0.9005429744720459, 0.8907846808433533]]","[[[0.9005429744720459, 0.25459593534469604], [0.2219793051481247, 0.8907846808433533]]]",0.254595935344696,0.110449,0.0731,0.016,0.0738,0.634053647518158,0.8083392977714539,0.590482234954834,"[[0.9078114032745361, 0.8780038952827454]]","[[[0.9078114032745361, 0.590482234954834], [0.5741620659828186, 0.8780038952827454]]]",0.590482234954834,0.475568,0.1981,0.2825,0.4704,0.6144326329231262,0.6699458956718445,0.4390512704849243,0.6582779288291931,0.6167862415313721,1.5007141828536987,5.394782066345215,0.4390512704849243,/scicore/home/schwede/barta0000/mcmahon_ds/originals/Nb.AQ102_Adiponectin/boltz_free/output/boltz_results_Nb.AQ102_Adiponectin/predictions/Nb.AQ102_Adiponectin/Nb.AQ102_Adiponectin_model_0.cif,0.103592,0.0783,0.0183,0.0769,0.8191514015197754,0.7790490984916687,0.6262546181678772,0.8673755526542664,0.8284158110618591,1.0108481645584106,4.802041530609131,0.6176770329475403,/scicore/home/schwede/barta0000/mcmahon_ds/originals/Nb.AQ102_Adiponectin/boltz_with_template/output/boltz_results_Nb.AQ102_Adiponectin/predictions/Nb.AQ102_Adiponectin/Nb.AQ102_Adiponectin_model_0.cif,0.267673,0.3804,0.1076,0.2468,5.716941277186075,5.260853290557861,6.17302926381429,0.2630350621456849,0.2176031106172443,1.5250824689865112,1.3250184059143066,1.7251465320587158,5.3912670612335205,4.620726426442464,6.161807696024577,0.2270976197671624,0.1721555797586241,1.759356677532196,1.3082693815231323,2.21044397354126,5.5798552831014,4.951151847839356,6.208558718363444,0.2002799979319216,0.1757540624073205,1.7386696338653564,1.408794641494751,2.068544626235962,5.787001132965088,5.409825166066487,6.164177099863688,0.2565857825820198,0.2147201122715654,1.5384199023246763,1.3390675783157349,1.7377722263336182,5.620388189951579,5.107601324717204,6.133175055185954,0.2649232614587661,0.2285370100413933,1.4760571122169497,1.2343376874923706,1.7177765369415283,5.32467277844747,4.602811972300212,6.046533584594727,0.3258197370582433,0.2285726203766091,1.4759013056755066,1.25547456741333,1.696328043937683,5.68298602104187,5.199625333150228,6.166346708933513,0.2440967255813227,0.2190336926780907,1.5185297131538391,1.294480562210083,1.7425788640975952
Nb.b201_HSA_404-601,False,"A,B",6.893647852908186,87.94335070140279,19.06,1.99,10.440384615384614,92.4403720258233,0.625092,0.2819,0.8276,0.3638,0.84,0.855,-11.8,0.0,0.83,0.2754,0.325,6.114218775036052,93.15727848101264,59596.57,1855.74,9.773269230769232,95.71791553497314,0.713582,0.2929,0.8463,0.3665,0.89,0.8,65086.93,1.0,0.0235,0.6747435345110386,0.8366553185495882,,,75.91107,14.42983,0.6074046,,,,,,,0.2594318389892578,/scicore/home/schwede/barta0000/mcmahon_ds/originals/Nb.b201_HSA_404-601/chai_no_constraints/seed_1039/pred.model_idx_2.cif,0.6475940942764282,/scicore/home/schwede/barta0000/mcmahon_ds/originals/Nb.b201_HSA_404-601/chai_with_constraints/seed_2056/pred.model_idx_1.cif,0.2594318389892578,0.6246131658554077,0.1681365221738815,"[[0.8954976201057434, 0.8623983263969421]]","[[[0.8954976201057434, 0.16813652217388153], [0.1264532059431076, 0.8623983263969421]]]",0.1681365221738815,0.005263,0.1133,0.011,0.0,0.6475940942764282,0.8246555924415588,0.6033287048339844,"[[0.8860877752304077, 0.8743113279342651]]","[[[0.8860877752304077, 0.6033287048339844], [0.5942447185516357, 0.8743113279342651]]]",0.6033287048339844,0.53182,0.1551,0.2987,0.4408,0.8497949838638306,0.7904407382011414,0.6884608864784241,0.890128493309021,0.8722577691078186,0.5976811647415161,3.920082092285156,0.6884608864784241,/scicore/home/schwede/barta0000/mcmahon_ds/originals/Nb.b201_HSA_404-601/boltz_free/output/boltz_results_Nb.b201_HSA_404-601/predictions/Nb.b201_HSA_404-601/Nb.b201_HSA_404-601_model_0.cif,0.284184,0.1543,0.1465,0.2248,0.8579587936401367,0.7199418544769287,0.4548707008361816,0.9587307572364808,0.951998770236969,0.7226955890655518,9.58599853515625,0.4548707008361816,/scicore/home/schwede/barta0000/mcmahon_ds/originals/Nb.b201_HSA_404-601/boltz_with_template/output/boltz_results_Nb.b201_HSA_404-601/predictions/Nb.b201_HSA_404-601/Nb.b201_HSA_404-601_model_0.cif,0.105424,0.3059,0.0374,0.0189,4.091663241386414,5.8722968101501465,2.3110296726226807,0.1482878357624922,0.2166839557782384,1.5293154120445251,1.3517152070999146,1.7069156169891355,3.60262276728948,5.541427771250407,1.6638177633285522,0.1307226573032638,0.1992236640259046,1.613327145576477,1.405144214630127,1.8215100765228271,3.671406626701355,5.4216132164001465,1.921200037002564,0.1469131479220112,0.2153731134174784,1.5353833436965942,1.3261908292770386,1.74457585811615,4.151293396949768,5.945061206817627,2.357525587081909,0.1699555594099285,0.2239342359621053,1.4964028596878052,1.3143857717514038,1.6784199476242063,3.735200663407644,5.521096706390381,1.9493046204249065,0.182905072434179,0.2137893175205646,1.5427642464637756,1.3796473741531372,1.705881118774414,4.051062881946564,5.819049994150798,2.28307576974233,0.19014612685309,0.2262713386851329,1.4860203862190249,1.254708766937256,1.7173320055007937,3.6791932582855225,5.426414648691813,1.931971867879232,0.1692511017957459,0.1994274066079595,1.612304985523224,1.4564179182052612,1.7681920528411863
Nb.b201_HSA_25-609,False,"A,B",13.189712044904082,84.28226905829597,154.23,10.06,28.06739130434783,69.38418850756449,0.0,0.1625,0.0096,0.0,0.16,0.8200000000000001,-234.48,0.0,0.27,0.8398,0.234,5.190229720624271,95.68699857752488,5122.4,538.75,7.822954545454547,86.2053847679725,0.538915,0.2902,0.4583,0.3493,0.83,0.91,41598.65,1.0,0.935,0.0630027262878892,0.8545908180435512,25.50298500061035,63.75945663452149,79.077675,13.507862,0.71683085,,,,,,,0.3953602313995361,/scicore/home/schwede/barta0000/mcmahon_ds/originals/Nb.b201_HSA_25-609/chai_no_constraints/seed_2194/pred.model_idx_2.cif,0.7318341732025146,/scicore/home/schwede/barta0000/mcmahon_ds/originals/Nb.b201_HSA_25-609/chai_with_constraints/seed_1416/pred.model_idx_2.cif,0.3953602313995361,0.785788893699646,0.2977530360221863,"[[0.8845064640045166, 0.8698375821113586]]","[[[0.8845064640045166, 0.2977530360221863], [0.21304628252983093, 0.8698375821113586]]]",0.2977530360221863,0.005231,0.2691,0.0118,0.0,0.7318341732025146,0.8825185894966125,0.6941630840301514,"[[0.8777276873588562, 0.8784562945365906]]","[[[0.8777276873588562, 0.6706950664520264], [0.6941630840301514, 0.8784562945365906]]]",0.6706950664520264,0.644171,0.2906,0.4296,0.3756,0.8987299203872681,0.9104254841804504,0.8792439699172974,0.903601348400116,0.8852447867393494,0.4233076274394989,3.498537540435791,0.8792439699172974,/scicore/home/schwede/barta0000/mcmahon_ds/originals/Nb.b201_HSA_25-609/boltz_free/output/boltz_results_Nb.b201_HSA_25-609/predictions/Nb.b201_HSA_25-609/Nb.b201_HSA_25-609_model_0.cif,0.661488,0.4409,0.3746,0.3685,0.9506080746650696,0.9566627740859984,0.9286131262779236,0.9561068415641784,0.9529104232788086,0.3362982869148254,1.967852473258972,0.9286131262779236,/scicore/home/schwede/barta0000/mcmahon_ds/originals/Nb.b201_HSA_25-609/boltz_with_template/output/boltz_results_Nb.b201_HSA_25-609/predictions/Nb.b201_HSA_25-609/Nb.b201_HSA_25-609_model_0.cif,0.819429,0.5921,0.7323,0.5462,4.543032209078471,5.884537855784099,3.201526562372844,0.2065983859768258,0.233550857912917,1.4543554186820984,1.337794065475464,1.570916771888733,4.114139278729756,5.29974889755249,2.928529659907023,0.1696951723152826,0.2186713130591711,1.5201855301856997,1.3836084604263306,1.6567625999450684,4.17184054851532,5.508237838745117,2.8354432582855225,0.1485974485252869,0.2367009979832875,1.4409575462341309,1.308007836341858,1.5739072561264038,4.633594314257304,6.0712095896403,3.195979038874308,0.205753339974606,0.2363634395973601,1.442384660243988,1.3535716533660889,1.5311976671218872,4.287256836891174,5.647580941518148,2.9269327322642007,0.1998499644188314,0.2224999859783285,1.5028282403945925,1.4022293090820312,1.603427171707153,4.374659061431885,5.738718032836914,3.0106000900268555,0.1957051829698367,0.2280069314090853,1.478379249572754,1.3191381692886353,1.6376203298568726,4.335731069246928,5.771463394165039,2.899998744328817,0.1867933225512332,0.208717504710526,1.5667735934257507,1.5327264070510864,1.600820779800415
Nb.c209_B2AR,False,"A,B",9.04101369750824,82.56597273501848,195.16,8.01,8.906521739130433,73.03761436690714,0.531481,0.1952,0.1633,0.3633,0.79,0.8,28.38,0.0,0.83,0.9833,0.307,5.6419333142237065,93.46006787330316,769.36,32.99,4.834878048780488,88.86731701362424,0.698369,0.4089,0.5892,0.484,0.88,0.89,582.83,1.0,0.987,0.4514942320593286,0.8536540119277515,18.5179660320282,48.31283950805664,73.53771,14.874511,0.6529548,,,,,,,0.4453169703483581,/scicore/home/schwede/barta0000/mcmahon_ds/originals/Nb.c209_B2AR/chai_no_constraints/seed_2144/pred.model_idx_4.cif,0.7711206674575806,/scicore/home/schwede/barta0000/mcmahon_ds/originals/Nb.c209_B2AR/chai_with_constraints/seed_4283/pred.model_idx_4.cif,0.4453169703483581,0.7461740970611572,0.3701027035713196,"[[0.8733439445495605, 0.8480914235115051]]","[[[0.8733439445495605, 0.3701027035713196], [0.3650326430797577, 0.8480914235115051]]]",0.3701027035713196,0.123327,0.2726,0.0118,0.0568,0.7711206674575806,0.8630468845367432,0.7481390833854675,"[[0.8899897933006287, 0.8597710132598877]]","[[[0.8899897933006287, 0.658977210521698], [0.7481390833854675, 0.8597710132598877]]]",0.658977210521698,0.664708,0.305,0.0729,0.4241,0.8124025464057922,0.8607017993927002,0.7387252449989319,0.8308218717575073,0.7150148749351501,0.6259243488311768,4.835377216339111,0.7387252449989319,/scicore/home/schwede/barta0000/mcmahon_ds/originals/Nb.c209_B2AR/boltz_free/output/boltz_results_Nb.c209_B2AR/predictions/Nb.c209_B2AR/Nb.c209_B2AR_model_0.cif,0.421706,0.1178,0.0515,0.2772,0.9154903292655944,0.9229640364646912,0.9324846863746644,0.9112417101860046,0.8780624270439148,0.431128591299057,2.112689018249512,0.9324846863746644,/scicore/home/schwede/barta0000/mcmahon_ds/originals/Nb.c209_B2AR/boltz_with_template/output/boltz_results_Nb.c209_B2AR/predictions/Nb.c209_B2AR/Nb.c209_B2AR_model_0.cif,0.817171,0.4987,0.4349,0.5918,5.767918507258097,5.220005035400391,6.315831979115804,0.2023106777337422,0.1820263315870227,1.7036039233207705,1.366686463356018,2.0405213832855225,5.541258255640665,4.785120487213135,6.297396024068196,0.2451826000636824,0.1876395737858039,1.6732323169708252,1.389193058013916,1.9572715759277344,5.512455622355143,4.721555550893148,6.303355693817139,0.2471457582617462,0.1996770904801185,1.6110537648200989,1.314060091972351,1.908047437667847,5.765278259913127,5.228649298350017,6.301907221476237,0.2128672503847946,0.1956546620970923,1.6314041018486023,1.2851581573486328,1.977650046348572,5.542995770772299,4.777751922607422,6.308239618937175,0.2254021907069278,0.1957767538990623,1.630780279636383,1.2086619138717651,2.052898645401001,5.515507062276205,4.7892656326293945,6.241748491923015,0.209617198372269,0.1714837750420878,1.763266623020172,1.4828931093215942,2.04364013671875,5.634864250818888,4.949033101399739,6.320695400238037,0.2271743635770697,0.1628062221123017,1.8151946067810056,1.4709322452545166,2.159456968307495
Nb.c204_B2AR,False,"A,B",10.890106921487604,79.16853749284488,354.54,13.36,12.38625,66.97133542387002,0.187621,0.1826,0.0611,0.162,0.55,0.795,68.87,0.0,0.62,0.9009,0.32,5.292925361570247,93.26893181818184,1038.35,38.91,5.9314634146341465,85.21617077766581,0.529186,0.4168,0.537,0.4347,0.79,0.88,628.06,1.0,0.5787,0.2046499733316482,0.8116817916209195,16.362910454089825,54.92190170288086,73.75889,14.24529,0.6664302,,,,,,,0.459655225276947,/scicore/home/schwede/barta0000/mcmahon_ds/originals/Nb.c204_B2AR/chai_no_constraints/seed_2169/pred.model_idx_2.cif,0.7086514830589294,/scicore/home/schwede/barta0000/mcmahon_ds/originals/Nb.c204_B2AR/chai_with_constraints/seed_1951/pred.model_idx_3.cif,0.459655225276947,0.741823673248291,0.3891130983829498,"[[0.86663818359375, 0.8414572477340698]]","[[[0.86663818359375, 0.38911309838294983], [0.360589861869812, 0.8414572477340698]]]",0.3891130983829498,0.144203,0.273,0.0118,0.0552,0.7086514830589294,0.8545135855674744,0.6721858978271484,"[[0.87934809923172, 0.8612166047096252]]","[[[0.87934809923172, 0.6218267679214478], [0.6721858978271484, 0.8612166047096252]]]",0.6218267679214478,0.548816,0.2744,0.1481,0.3826,0.8825727701187134,0.9102481007575988,0.8486630320549011,0.8910501599311829,0.8393617272377014,0.4624249339103699,1.7489866018295288,0.8486630320549011,/scicore/home/schwede/barta0000/mcmahon_ds/originals/Nb.c204_B2AR/boltz_free/output/boltz_results_Nb.c204_B2AR/predictions/Nb.c204_B2AR/Nb.c204_B2AR_model_0.cif,0.752887,0.4475,0.3913,0.4974,0.9316152930259703,0.9286314249038696,0.8915039300918579,0.9416430592536926,0.924619436264038,0.4393627643585205,1.7169945240020752,0.8915039300918579,/scicore/home/schwede/barta0000/mcmahon_ds/originals/Nb.c204_B2AR/boltz_with_template/output/boltz_results_Nb.c204_B2AR/predictions/Nb.c204_B2AR/Nb.c204_B2AR_model_0.cif,0.733728,0.6002,0.6254,0.568,6.280589262644449,6.235443909962972,6.325734615325928,0.3029496624602082,0.1766182722609684,1.7337645292282104,1.4183385372161863,2.0491905212402344,5.855889081954956,5.396578311920166,6.315199851989746,0.286722543057645,0.1790887926956035,1.719873547554016,1.4973810911178589,1.942366003990173,5.8202972412109375,5.3146866162618,6.325907866160075,0.2865220066256427,0.1957323226132948,1.6310072541236875,1.3580949306488037,1.903919577598572,6.2563893000284825,6.233462651570638,6.279315948486328,0.3008357755279531,0.1816841529684434,1.7054855227470398,1.4238128662109375,1.987158179283142,5.830060084660848,5.365145047505696,6.294975121815999,0.2622579671931503,0.18047881591433,1.7121418714523315,1.4508769512176514,1.973406791687012,5.805542945861816,5.348958174387614,6.262127717336019,0.2779981141317059,0.180215022886153,1.7136045694351196,1.4367783069610596,1.99043083190918,5.893486261367798,5.453553199768066,6.333419322967529,0.2427904910399034,0.1615562588482527,1.8229018449783323,1.4960646629333496,2.1497390270233154
Nb.c210_B2AR,False,"A,B",10.52221187117381,80.56706248232966,177.13,6.4,9.666666666666666,71.35303265786,0.247872,0.2124,0.083,0.1669,0.62,0.81,116.33,0.0,0.68,0.2087,0.334,4.54798780737495,95.41694570135746,9967.79,619.9,4.37531914893617,92.18620025634766,0.686116,0.5136,0.7214,0.5181,0.87,0.91,12934.85,1.0,0.8822,0.3362383713289092,0.8399763860736117,19.80460484822591,51.05574417114258,73.49415,15.174129,0.64985925,,,,,,,0.7210593223571777,/scicore/home/schwede/barta0000/mcmahon_ds/originals/Nb.c210_B2AR/chai_no_constraints/seed_4269/pred.model_idx_1.cif,0.7283800840377808,/scicore/home/schwede/barta0000/mcmahon_ds/originals/Nb.c210_B2AR/chai_with_constraints/seed_186/pred.model_idx_4.cif,0.7210593223571777,0.8534091114997864,0.687971830368042,"[[0.89391028881073, 0.8586789965629578]]","[[[0.89391028881073, 0.6251551508903503], [0.687971830368042, 0.8586789965629578]]]",0.6251551508903503,0.560097,0.2775,0.212,0.3954,0.7283800840377808,0.8616461753845215,0.6950635313987732,"[[0.8975021243095398, 0.861022412776947]]","[[[0.8975021243095398, 0.6416571736335754], [0.6950635313987732, 0.861022412776947]]]",0.6416571736335754,0.604196,0.2713,0.0867,0.4164,0.8794980049133301,0.9457895755767822,0.9265206456184388,0.8677423596382141,0.80277019739151,0.346879780292511,0.8135189414024353,0.9265206456184388,/scicore/home/schwede/barta0000/mcmahon_ds/originals/Nb.c210_B2AR/boltz_free/output/boltz_results_Nb.c210_B2AR/predictions/Nb.c210_B2AR/Nb.c210_B2AR_model_0.cif,0.818844,0.2998,0.4017,0.6318,0.9013400077819824,0.9142367839813232,0.8674208521842957,0.9098198413848876,0.8721176981925964,0.419826328754425,1.8749059438705444,0.8674208521842957,/scicore/home/schwede/barta0000/mcmahon_ds/originals/Nb.c210_B2AR/boltz_with_template/output/boltz_results_Nb.c210_B2AR/predictions/Nb.c210_B2AR/Nb.c210_B2AR_model_0.cif,0.675325,0.4123,0.458,0.5471,5.556818882624308,4.803271611531575,6.310366153717041,0.1948730486440233,0.1853226746444046,1.6856567859649658,1.3325092792510986,2.038804292678833,5.321054299672445,4.275437037150065,6.366671562194824,0.2129952485911048,0.1944304373324903,1.6376808285713196,1.38097882270813,1.8943828344345093,5.3234868844350185,4.300224463144938,6.346749305725098,0.2154028295312567,0.1995156261687899,1.6118627190589905,1.3357995748519895,1.8879258632659912,5.549494981765747,4.810654799143474,6.2883351643880205,0.201017662425316,0.1838397697702132,1.6936907172203064,1.3969767093658447,1.990404725074768,5.407430648803711,4.548109849294026,6.266751448313396,0.2079844401281023,0.1829178942411654,1.6987178921699524,1.4261150360107422,1.9713207483291624,5.409332911173503,4.557734648386638,6.260931173960368,0.2084260929972909,0.1937975998606841,1.6409409642219543,1.3017791509628296,1.980102777481079,5.421412388483684,4.519376913706462,6.323447863260905,0.1990354761332187,0.1648563499860491,1.802680790424347,1.4662858247756958,2.139075756072998
Nb.c200_B2AR,False,"A,B",8.070980835773224,84.81187358276644,130.38,4.16,5.260714285714286,80.77990936395169,0.645289,0.4054,0.2366,0.4274,0.85,0.825,14.32,0.0,0.89,0.9584,0.246,5.042661186298398,94.76323529411764,1224.46,44.99,3.4766666666666666,93.31488867865669,0.755667,0.5679,0.7462,0.5381,0.88,0.91,776.09,1.0,0.9107,0.857684128571168,0.8572865735449728,16.60075719015939,55.34640502929688,73.642426,14.512306,0.6633197,,,,,,,0.3634939789772033,/scicore/home/schwede/barta0000/mcmahon_ds/originals/Nb.c200_B2AR/chai_no_constraints/seed_1178/pred.model_idx_0.cif,0.4942662715911865,/scicore/home/schwede/barta0000/mcmahon_ds/originals/Nb.c200_B2AR/chai_with_constraints/seed_1200/pred.model_idx_1.cif,0.3634939789772033,0.7373694777488708,0.2700251042842865,"[[0.8929339051246643, 0.8626202940940857]]","[[[0.8929339051246643, 0.2700251042842865], [0.20960603654384613, 0.8626202940940857]]]",0.2700251042842865,0.101735,0.1314,0.0127,0.0426,0.4942662715911865,0.7915541529655457,0.4199442863464355,"[[0.8575956225395203, 0.8542185425758362]]","[[[0.8575956225395203, 0.41994428634643555], [0.3795049786567688, 0.8542185425758362]]]",0.4199442863464355,0.274676,0.2298,0.0453,0.1901,0.8397327661514282,0.8895425200462341,0.8046185374259949,0.848511278629303,0.723691999912262,0.5153336524963379,2.689556837081909,0.8046185374259949,/scicore/home/schwede/barta0000/mcmahon_ds/originals/Nb.c200_B2AR/boltz_free/output/boltz_results_Nb.c200_B2AR/predictions/Nb.c200_B2AR/Nb.c200_B2AR_model_0.cif,0.532111,0.1425,0.0993,0.4147,0.8580131530761719,0.9095847010612488,0.8176658153533936,0.8680999875068665,0.7701038718223572,0.4630470275878906,2.4659323692321777,0.8176658153533936,/scicore/home/schwede/barta0000/mcmahon_ds/originals/Nb.c200_B2AR/boltz_with_template/output/boltz_results_Nb.c200_B2AR/predictions/Nb.c200_B2AR/Nb.c200_B2AR_model_0.cif,0.570313,0.246,0.1672,0.4635,6.0163640181223546,5.6734619140625,6.35926612218221,0.2036712257700463,0.1876688450942921,1.673076331615448,1.296578049659729,2.049574613571167,6.0166544119517,5.685524304707845,6.347784519195557,0.2187616995327148,0.1791230291657429,1.7196823954582214,1.5174005031585691,1.921964287757873,5.968064149220785,5.600881099700928,6.335247198740642,0.2275303388379195,0.1820968243312091,1.703216731548309,1.4791969060897827,1.927236557006836,6.076899369557699,5.829773902893066,6.324024836222331,0.2100153900791504,0.1950018925517555,1.634746015071869,1.2821403741836548,1.987351655960083,6.028019030888876,5.826330184936523,6.229707876841228,0.2563118375736483,0.1847850914238909,1.6885617971420288,1.3645660877227783,2.01255750656128,6.110960086186727,5.907184918721517,6.3147352536519366,0.2573347098021514,0.1840007102308445,1.6928156614303589,1.3493998050689695,2.036231517791748,6.03307310740153,5.729268232981364,6.336877981821696,0.2287246189771739,0.1628157905444059,1.815135836601257,1.4970388412475586,2.133232831954956
Nb.AD102_A2AR,False,"A,B",14.297871430216809,76.01814445451798,374.31,13.93,17.014864864864865,62.56536915129632,0.005404,0.1183,0.0118,0.0,0.25,0.775,210.4,0.0,0.33,0.2148,0.347,4.9016616665478345,94.32833723653395,11181.02,587.7,4.649722222222223,90.29555545383027,0.700968,0.4388,0.6723,0.5042,0.84,0.9,4979.12,1.0,0.2827,0.033561385787122,0.7869007522983132,19.833744049072266,49.5527458190918,76.70052,14.318655,0.66481745,,,,,,,0.2890121638774872,/scicore/home/schwede/barta0000/mcmahon_ds/originals/Nb.AD102_A2AR/chai_no_constraints/seed_1343/pred.model_idx_1.cif,0.5142537355422974,/scicore/home/schwede/barta0000/mcmahon_ds/originals/Nb.AD102_A2AR/chai_with_constraints/seed_1150/pred.model_idx_0.cif,0.2890121638774872,0.6930322051048279,0.1880071461200714,"[[0.8982666730880737, 0.8556399345397949]]","[[[0.8982666730880737, 0.1880071461200714], [0.12630602717399597, 0.8556399345397949]]]",0.1880071461200714,0.0,0.2165,0.0107,0.0,0.5142537355422974,0.8076468110084534,0.4409055113792419,"[[0.9018582701683044, 0.8649592995643616]]","[[[0.9018582701683044, 0.44090551137924194], [0.4038063883781433, 0.8649592995643616]]]",0.4409055113792419,0.333846,0.196,0.0959,0.2519,0.854017436504364,0.8866072297096252,0.7091856598854065,0.890225350856781,0.80840665102005,0.4348304271697998,3.852294206619263,0.7091856598854065,/scicore/home/schwede/barta0000/mcmahon_ds/originals/Nb.AD102_A2AR/boltz_free/output/boltz_results_Nb.AD102_A2AR/predictions/Nb.AD102_A2AR/Nb.AD102_A2AR_model_0.cif,0.309592,0.2265,0.087,0.2261,0.8998203277587891,0.93369722366333,0.8399409651756287,0.9147902131080629,0.8514196872711182,0.3746024966239929,2.8031084537506104,0.8399409651756287,/scicore/home/schwede/barta0000/mcmahon_ds/originals/Nb.AD102_A2AR/boltz_with_template/output/boltz_results_Nb.AD102_A2AR/predictions/Nb.AD102_A2AR/Nb.AD102_A2AR_model_0.cif,0.60116,0.3873,0.2947,0.4591,6.171056032180786,5.9725691477457685,6.369542916615804,0.2323760110706824,0.1714898261167079,1.763231337070465,1.3683034181594849,2.1581592559814453,5.619215647379558,4.897113005320231,6.341318289438884,0.1782694042129954,0.1711711374377739,1.7650914192199707,1.5390305519104004,1.991152286529541,5.375320514043172,4.401535828908284,6.34910519917806,0.1833680426656708,0.1761371062883848,1.7364925742149353,1.476970911026001,1.9960142374038696,6.218943675359091,6.095814228057861,6.342073122660319,0.2269240725091192,0.1840163941339105,1.69273042678833,1.3916163444519043,1.993844509124756,5.862545092900594,5.435576756795247,6.2895134290059405,0.1438328841550512,0.1866518894644761,1.6785099506378174,1.3592702150344849,1.99774968624115,5.618981599807739,4.936766624450684,6.301196575164795,0.185618434106542,0.1909484306508396,1.655751883983612,1.3617573976516724,1.949746370315552,5.81654683748881,5.29739507039388,6.33569860458374,0.1417333960348993,0.1916188547094384,1.6522470116615295,1.32741117477417,1.9770828485488887
Nb.c201_B2AR,False,"A,B",10.98674078939138,80.3560561765549,171.59,7.11,9.62051282051282,72.87685912556971,0.21197,0.235,0.0584,0.1267,0.6,0.805,-2.55,0.0,0.66,0.9603,0.314,4.939267686245074,94.76527397260274,392.25,16.27,4.347285714285714,93.09414598418444,0.718884,0.5394,0.6998,0.5097,0.88,0.9,768.32,1.0,0.955,0.4282841508240294,0.85182923227596,17.278729557991028,51.50891876220703,74.635475,14.640685,0.66041696,,,,,,,0.5397078394889832,/scicore/home/schwede/barta0000/mcmahon_ds/originals/Nb.c201_B2AR/chai_no_constraints/seed_1494/pred.model_idx_0.cif,0.6063684225082397,/scicore/home/schwede/barta0000/mcmahon_ds/originals/Nb.c201_B2AR/chai_with_constraints/seed_128/pred.model_idx_1.cif,0.5397078394889832,0.8031442165374756,0.4738487303256988,"[[0.8868491053581238, 0.8593847155570984]]","[[[0.8868491053581238, 0.47384873032569885], [0.4052010178565979, 0.8593847155570984]]]",0.4738487303256988,0.316554,0.1398,0.0399,0.1921,0.6063684225082397,0.8319629430770874,0.5499697327613831,"[[0.8918420076370239, 0.8633196353912354]]","[[[0.8918420076370239, 0.5499697327613831], [0.5054037570953369, 0.8633196353912354]]]",0.5499697327613831,0.469455,0.2569,0.1044,0.3632,0.8514211773872375,0.9168198108673096,0.8781090378761292,0.8447492122650146,0.7513406872749329,0.4572308361530304,2.103652000427246,0.8781090378761292,/scicore/home/schwede/barta0000/mcmahon_ds/originals/Nb.c201_B2AR/boltz_free/output/boltz_results_Nb.c201_B2AR/predictions/Nb.c201_B2AR/Nb.c201_B2AR_model_0.cif,0.687507,0.202,0.1745,0.5229,0.8833505511283875,0.9162421822547911,0.8849034309387207,0.8829623460769653,0.8275731205940247,0.4530592560768127,2.235991954803467,0.8849034309387207,/scicore/home/schwede/barta0000/mcmahon_ds/originals/Nb.c201_B2AR/boltz_with_template/output/boltz_results_Nb.c201_B2AR/predictions/Nb.c201_B2AR/Nb.c201_B2AR_model_0.cif,0.705283,0.3745,0.2974,0.5714,6.06101139386495,5.810016791025798,6.312005996704102,0.1872310672380676,0.1919742744337912,1.6503939032554626,1.270194411277771,2.0305933952331543,5.820643822352091,5.302012920379639,6.339274724324544,0.253025715894618,0.192246605780777,1.6489763259887695,1.3619312047958374,1.9360214471817017,5.89774759610494,5.424623171488444,6.370872020721436,0.2272864340157672,0.197979172842103,1.6195934414863586,1.3043221235275269,1.9348647594451904,5.998845815658569,5.715740203857422,6.281951427459717,0.1973531808242448,0.2022318049740471,1.5983406901359558,1.2277337312698364,1.9689476490020752,5.738771994908651,5.189127604166667,6.288416385650635,0.2420079463321769,0.1864247819649565,1.6797274351119995,1.3894269466400146,1.9700279235839844,5.8767924308776855,5.503425757090251,6.25015910466512,0.2353087691294622,0.183455884449098,1.6957810521125791,1.3886901140213013,2.0028719902038574,6.260344505310059,6.195874373118083,6.324814637502034,0.211687354047943,0.1722538800161489,1.758785843849182,1.3820722103118896,2.1354994773864746
Nb.AQ100_A2AR,False,"A,B",9.728229077123144,81.22569749924675,303.31,9.15,12.145384615384618,70.09803574659135,0.243637,0.3775,0.0649,0.1525,0.58,0.805,-89.09,0.0,0.61,0.6791,0.247,4.193849489739689,95.38488262910798,506.15,15.56,5.138560606060606,92.1643079317533,0.804717,0.6615,0.7421,0.6051,0.89,0.92,378.1,1.0,0.7471,0.4595420125805423,0.8469953013431994,14.755264706081814,50.892799377441406,75.92563,12.258215,0.703087,,,,,,,0.694304347038269,/scicore/home/schwede/barta0000/mcmahon_ds/target_shuffle/Nb.AQ100_A2AR/chai_no_constraints/seed_3233/pred.model_idx_3.cif,0.7335779666900635,/scicore/home/schwede/barta0000/mcmahon_ds/target_shuffle/Nb.AQ100_A2AR/chai_with_constraints/seed_2623/pred.model_idx_4.cif,0.694304347038269,0.8529713153839111,0.6546375751495361,"[[0.898023784160614, 0.8743331432342529]]","[[[0.898023784160614, 0.6546375751495361], [0.594833493232727, 0.8743331432342529]]]",0.6546375751495361,0.555349,0.5412,0.3258,0.408,0.7335779666900635,0.8664403557777405,0.7003623843193054,"[[0.9000504016876221, 0.883384108543396]]","[[[0.9000504016876221, 0.7003623843193054], [0.635901153087616, 0.883384108543396]]]",0.7003623843193054,0.644881,0.5892,0.4191,0.456,0.91569584608078,0.9356455206871032,0.8816150426864624,0.924216091632843,0.8813416957855225,0.3546884953975677,1.265233039855957,0.8816150426864624,/scicore/home/schwede/barta0000/mcmahon_ds/target_shuffle/Nb.AQ100_A2AR/boltz_free/output/boltz_results_Nb.AQ100_A2AR/predictions/Nb.AQ100_A2AR/Nb.AQ100_A2AR_model_0.cif,0.796491,0.547,0.5685,0.5855,0.9426431655883788,0.948631763458252,0.9039525389671326,0.9523158073425292,0.9264081120491028,0.311363011598587,0.7651898264884949,0.9039525389671326,/scicore/home/schwede/barta0000/mcmahon_ds/target_shuffle/Nb.AQ100_A2AR/boltz_with_template/output/boltz_results_Nb.AQ100_A2AR/predictions/Nb.AQ100_A2AR/Nb.AQ100_A2AR_model_0.cif,0.836143,0.6086,0.765,0.6504,6.319113254547119,6.280969778696696,6.357256730397542,0.1966221315693684,0.191334468159694,1.6537322402000427,1.244345784187317,2.063118696212769,6.286527236302694,6.250649452209473,6.322405020395915,0.179718032688549,0.1950722593759058,1.6343852281570437,1.2564713954925537,2.012299060821533,6.134760220845541,5.963076591491699,6.306443850199382,0.18907961646549,0.198380287472779,1.6175694465637207,1.2233397960662842,2.011799097061157,6.36756443977356,6.398988246917725,6.3361406326293945,0.1978706039701832,0.2038406962303034,1.5904164910316467,1.2400599718093872,1.9407730102539065,6.057368914286295,5.813083489735921,6.30165433883667,0.1985484477578019,0.2089265729786752,1.5657724142074585,1.2000365257263184,1.9315083026885984,6.220176935195923,6.185105641682942,6.255248228708903,0.206183454598142,0.2009296199118498,1.604800581932068,1.2904345989227295,1.9191665649414065,6.172927697499593,6.031961758931478,6.313893636067708,0.1902815416058713,0.1877860319624748,1.672452092170715,1.3671308755874634,1.9777733087539675
Nb.c207_HSA,False,"A,B",15.207583984375,73.95256906077348,878.02,29.84,7.379787234042553,58.000298569215495,0.0,0.1223,0.0107,0.0,0.17,0.7949999999999999,446.09,0.0,0.26,0.2153,0.994,6.557346679687501,87.9956875,2214.49,80.92,4.3236842105263165,77.75958434740703,0.376954,0.3459,0.1959,0.334,0.64,0.77,1372.92,1.0,0.9358,0.098623339738064,0.8190185800442461,13.585687380570633,56.2736701965332,74.237755,13.268207,0.6278317,,,,,,,0.302215576171875,/scicore/home/schwede/barta0000/mcmahon_ds/target_shuffle/Nb.c207_HSA/chai_no_constraints/seed_1713/pred.model_idx_3.cif,0.4836859703063965,/scicore/home/schwede/barta0000/mcmahon_ds/target_shuffle/Nb.c207_HSA/chai_with_constraints/seed_1533/pred.model_idx_1.cif,0.302215576171875,0.6289412975311279,0.2205341607332229,"[[0.8865152597427368, 0.847079873085022]]","[[[0.8865152597427368, 0.22053416073322296], [0.13858267664909363, 0.847079873085022]]]",0.2205341607332229,0.022859,0.2027,0.0119,0.0077,0.4836859703063965,0.7423110008239746,0.4190297126770019,"[[0.8744052648544312, 0.8503381609916687]]","[[[0.8744052648544312, 0.41902971267700195], [0.3581695258617401, 0.8503381609916687]]]",0.4190297126770019,0.289083,0.166,0.0853,0.2379,0.7834542989730835,0.7655594348907471,0.6519445776939392,0.816331684589386,0.7558106184005737,0.6628574728965759,4.405190467834473,0.6519445776939392,/scicore/home/schwede/barta0000/mcmahon_ds/target_shuffle/Nb.c207_HSA/boltz_free/output/boltz_results_Nb.c207_HSA/predictions/Nb.c207_HSA/Nb.c207_HSA_model_0.cif,0.220124,0.1644,0.0473,0.1588,0.8439995646476746,0.7121914625167847,0.6395741105079651,0.8951059579849243,0.8672136068344116,0.8168327808380127,5.381232738494873,0.6395741105079651,/scicore/home/schwede/barta0000/mcmahon_ds/target_shuffle/Nb.c207_HSA/boltz_with_template/output/boltz_results_Nb.c207_HSA/predictions/Nb.c207_HSA/Nb.c207_HSA_model_0.cif,0.248575,0.3539,0.1028,0.224,4.182180682818095,6.043074289957683,2.321287075678508,0.2165714339333271,0.19317118588426,1.6441785097122192,1.4533697366714478,1.8349872827529907,3.439587354660034,5.217197736104329,1.661976973215739,0.1979298402560986,0.1773269754699598,1.729759931564331,1.4319260120391846,2.027593851089477,3.44770481189092,5.139261245727539,1.756148378054301,0.1978281651577956,0.1982805147482656,1.618072509765625,1.353002429008484,1.883142590522766,4.256586750348409,6.123488903045654,2.389684597651164,0.2439666713885028,0.1948951875776574,1.6352933645248413,1.4985976219177246,1.771989107131958,3.8766294717788696,5.632180054982503,2.121078888575236,0.2180667465968728,0.2129287211034221,1.546797811985016,1.3700605630874634,1.7235350608825684,3.987078507741292,5.877045472462972,2.097111543019613,0.2543784254327683,0.218024659379467,1.5231471061706543,1.334932804107666,1.7113614082336426,3.946047961711884,5.9287645022074384,1.9633314212163289,0.1923355791366104,0.1964196952175392,1.6275016069412231,1.4791486263275146,1.7758545875549316
Nb.b201_Adiponectin,False,"A,B",13.753347174163784,82.25691707317073,196.43,16.05,7.537499999999999,65.44351678523495,0.005985,0.0568,0.0117,0.0042,0.16,0.855,-110.4,0.0,0.24,0.4639,1.407,7.226136870434448,91.02780392156862,722.5,59.16,4.271190476190476,78.42291609446208,0.185065,0.1211,0.0934,0.1995,0.45,0.71,2722.39,1.0,0.8984,0.1000553648669675,0.8860875969918304,,,77.7262,16.162197,0.5084962,,,,,,,0.2378705739974975,/scicore/home/schwede/barta0000/mcmahon_ds/target_shuffle/Nb.b201_Adiponectin/chai_no_constraints/seed_4216/pred.model_idx_1.cif,0.4245224595069885,/scicore/home/schwede/barta0000/mcmahon_ds/target_shuffle/Nb.b201_Adiponectin/chai_with_constraints/seed_3623/pred.model_idx_4.cif,0.2378705739974975,0.5779507160186768,0.1528505235910415,"[[0.8983994126319885, 0.8899402618408203]]","[[[0.8983994126319885, 0.15285052359104156], [0.11916157603263855, 0.8899402618408203]]]",0.1528505235910415,0.005156,0.1361,0.011,0.0,0.4245224595069885,0.7136120200157166,0.3522500693798065,"[[0.8934324979782104, 0.891068696975708]]","[[[0.8934324979782104, 0.3507102429866791], [0.3522500693798065, 0.891068696975708]]]",0.3507102429866791,0.217905,0.1057,0.0729,0.2464,0.6081554293632507,0.6082115769386292,0.3353553116321563,0.6763554215431213,0.6644503474235535,1.277065634727478,6.864962577819824,0.3353553116321563,/scicore/home/schwede/barta0000/mcmahon_ds/target_shuffle/Nb.b201_Adiponectin/boltz_free/output/boltz_results_Nb.b201_Adiponectin/predictions/Nb.b201_Adiponectin/Nb.b201_Adiponectin_model_0.cif,0.048582,0.0613,0.0164,0.0416,0.7212125062942505,0.6208982467651367,0.357369065284729,0.8121733069419861,0.8049129247665405,1.369107723236084,9.288698196411133,0.357369065284729,/scicore/home/schwede/barta0000/mcmahon_ds/target_shuffle/Nb.b201_Adiponectin/boltz_with_template/output/boltz_results_Nb.b201_Adiponectin/predictions/Nb.b201_Adiponectin/Nb.b201_Adiponectin_model_0.cif,0.065441,0.099,0.0249,0.0375,6.014114141464233,5.777996857961019,6.250231424967448,0.26769630914841,0.2207753595239679,1.5106095671653748,1.3394010066986084,1.6818181276321411,5.668940782546997,5.328146298726399,6.009735266367595,0.2073703855471096,0.1505392215405962,1.893531620502472,1.360597014427185,2.426466226577759,5.830662647883098,5.580333391825358,6.080991903940837,0.1937031710500919,0.1719016980462988,1.7608324885368347,1.3423088788986206,2.179356098175049,6.057122071584066,5.855952739715576,6.258291403452556,0.2909180760742574,0.2211329879456256,1.508991003036499,1.3059958219528198,1.7119861841201782,5.875928004582724,5.527388572692871,6.224467436472575,0.2321740149054518,0.228537064528869,1.4760568737983704,1.2948085069656372,1.6573052406311035,6.003253936767578,5.7842787106831866,6.22222916285197,0.3019904941438039,0.2186350168665833,1.520351529121399,1.334355711936951,1.7063473463058472,5.779088815053304,5.388796170552571,6.169381459554036,0.250984433401806,0.1999482042576892,1.609696924686432,1.4739691019058228,1.745424747467041
Nb.AD101_Adiponectin,False,"A,B",13.210857023598336,82.11986931268152,107.72,6.22,7.2796875,67.12615025890253,0.005943,0.1064,0.0128,0.0028,0.22,0.845,-70.87,0.0,0.29,0.4443,0.601,5.160699154753209,92.29548262548262,10804.41,529.09,5.677741935483872,84.48333320617675,0.442554,0.2894,0.3958,0.4654,0.7,0.81,19902.98,1.0,0.1379,0.0837171417786721,0.855130105526624,,,77.34513,16.463758,0.5008227,,,,,,,0.4008946418762207,/scicore/home/schwede/barta0000/mcmahon_ds/target_shuffle/Nb.AD101_Adiponectin/chai_no_constraints/seed_1106/pred.model_idx_0.cif,0.419704258441925,/scicore/home/schwede/barta0000/mcmahon_ds/target_shuffle/Nb.AD101_Adiponectin/chai_with_constraints/seed_1816/pred.model_idx_0.cif,0.4008946418762207,0.6643573641777039,0.3350289463996887,"[[0.8836641311645508, 0.8874399662017822]]","[[[0.8836641311645508, 0.3350289463996887], [0.2887386083602905, 0.8874399662017822]]]",0.3350289463996887,0.155982,0.1395,0.0178,0.0906,0.419704258441925,0.6749008893966675,0.3559050858020782,"[[0.8786105513572693, 0.8409098982810974]]","[[[0.8786105513572693, 0.35590508580207825], [0.3262193500995636, 0.8409098982810974]]]",0.3559050858020782,0.221397,0.1281,0.0611,0.2109,0.5655222535133362,0.570949137210846,0.2447786778211593,0.6457081437110901,0.5736494660377502,1.520262360572815,7.258554935455322,0.2287272959947586,/scicore/home/schwede/barta0000/mcmahon_ds/target_shuffle/Nb.AD101_Adiponectin/boltz_free/output/boltz_results_Nb.AD101_Adiponectin/predictions/Nb.AD101_Adiponectin/Nb.AD101_Adiponectin_model_0.cif,0.005822,0.0568,0.011,0.0085,0.8072020411491394,0.7494522333145142,0.5911078453063965,0.8612256050109863,0.8232296109199524,1.087083101272583,5.529708385467529,0.5911078453063965,/scicore/home/schwede/barta0000/mcmahon_ds/target_shuffle/Nb.AD101_Adiponectin/boltz_with_template/output/boltz_results_Nb.AD101_Adiponectin/predictions/Nb.AD101_Adiponectin/Nb.AD101_Adiponectin_model_0.cif,0.200232,0.294,0.0779,0.1867,5.928933223088583,5.663353602091472,6.194512844085693,0.2579802683708294,0.2286642873324661,1.4755003452301023,1.2877118587493896,1.6632888317108154,5.624526898066202,5.16350253423055,6.085551261901856,0.1989402915159808,0.1691513023802477,1.7769616842269895,1.3114187717437744,2.242504596710205,5.551515579223633,4.964793841044108,6.138237317403157,0.2076099882550324,0.1702487155810335,1.7704948782920835,1.37079918384552,2.1701905727386475,5.976325432459514,5.806248823801677,6.146402041117351,0.2592911305295591,0.2346155253351523,1.4498071670532229,1.297739028930664,1.6018753051757812,5.56025505065918,5.0277167956034345,6.092793305714925,0.2861098045145505,0.2128651206014451,1.54709655046463,1.304133057594299,1.790060043334961,5.744321982065837,5.290964285532634,6.19767967859904,0.2860295671380103,0.2277587315547098,1.4794684052467346,1.3191288709640503,1.639807939529419,5.911427100499471,5.598400910695394,6.224453290303548,0.2591764921463641,0.2219562450149869,1.505275011062622,1.284398913383484,1.7261511087417605
Nb.AQ103_B2AR,False,"A,B",13.083479806509454,77.44202173291393,248.24,12.2,14.97,63.39557745648976,0.043461,0.0762,0.0187,0.0294,0.39,0.785,79.57,0.0,0.48,0.1437,0.249,5.480784856445862,94.063698630137,1070.67,54.89,6.481481481481482,85.9741949266003,0.482806,0.2813,0.4493,0.3936,0.79,0.88,878.99,1.0,0.2982,0.1213138826538905,0.7961923299025895,19.996448516845703,58.92095565795898,73.52845,15.01172,0.6491201,,,,,,,0.3566000461578369,/scicore/home/schwede/barta0000/mcmahon_ds/target_shuffle/Nb.AQ103_B2AR/chai_no_constraints/seed_1982/pred.model_idx_1.cif,0.5787479877471924,/scicore/home/schwede/barta0000/mcmahon_ds/target_shuffle/Nb.AQ103_B2AR/chai_with_constraints/seed_1828/pred.model_idx_1.cif,0.3566000461578369,0.7369062304496765,0.2615234851837158,"[[0.8800413012504578, 0.8602215051651001]]","[[[0.8800413012504578, 0.2615234851837158], [0.1955908089876175, 0.8602215051651001]]]",0.2615234851837158,0.072326,0.1208,0.0123,0.0286,0.5787479877471924,0.8244525194168091,0.5173218250274658,"[[0.8753964900970459, 0.8619832992553711]]","[[[0.8753964900970459, 0.5173218250274658], [0.46457526087760925, 0.8619832992553711]]]",0.5173218250274658,0.432785,0.2438,0.0597,0.3356,0.8372042775154114,0.906283438205719,0.824079155921936,0.8404855728149414,0.7261196374893188,0.4704649746417999,3.4299840927124023,0.824079155921936,/scicore/home/schwede/barta0000/mcmahon_ds/target_shuffle/Nb.AQ103_B2AR/boltz_free/output/boltz_results_Nb.AQ103_B2AR/predictions/Nb.AQ103_B2AR/Nb.AQ103_B2AR_model_0.cif,0.571578,0.1748,0.0925,0.4125,0.8963634371757507,0.8997385501861572,0.8016474843025208,0.9200424551963806,0.8688602447509766,0.5221829414367676,3.8876917362213135,0.8016474843025208,/scicore/home/schwede/barta0000/mcmahon_ds/target_shuffle/Nb.AQ103_B2AR/boltz_with_template/output/boltz_results_Nb.AQ103_B2AR/predictions/Nb.AQ103_B2AR/Nb.AQ103_B2AR_model_0.cif,0.545249,0.4802,0.1858,0.4206,5.806175549825033,5.314851442972819,6.297499656677246,0.1955125688603901,0.1727269190655918,1.7560434341430664,1.4501707553863523,2.0619161128997803,5.626703341801961,4.889994939168294,6.363411744435628,0.2132368697804908,0.18263763575946,1.700251221656799,1.3970568180084229,2.003445625305176,5.613476912180583,4.856850306193034,6.370103518168132,0.2213954769337656,0.1853068131348393,1.6857423782348633,1.3885726928710938,1.9829120635986328,5.855136315027872,5.415500640869141,6.2947719891866045,0.1903684306576721,0.1778105758171071,1.727036476135254,1.441905498504639,2.012167453765869,5.448938687642415,4.626852830251058,6.2710245450337725,0.2366804435533363,0.1731540950588716,1.7535733580589294,1.4841784238815308,2.022968292236328,5.696800072987875,5.119014898935954,6.274585247039795,0.2156290531934671,0.1789075776528031,1.720885932445526,1.4074610471725464,2.034310817718506,5.833988428115845,5.352350234985352,6.315626621246338,0.1841402661984076,0.1651183968963273,1.801092505455017,1.4378948211669922,2.164290189743042
Nb.c204_A2AR,False,"A,B",13.813680357778567,75.07613795199028,722.55,23.76,16.418999999999997,60.9265356894326,0.00599,0.1511,0.0131,0.0,0.28,0.78,308.11,0.0,0.35,0.9393,0.407,5.715578942684229,91.47856132075472,1676.61,58.82,6.350000000000001,81.77042494428919,0.492238,0.4253,0.4084,0.406,0.76,0.86,863.35,1.0,0.9725,0.0724735257881879,0.8153295814487932,15.050164527893068,52.61026763916016,76.12918,12.774808,0.6915001,,,,,,,0.3818424940109253,/scicore/home/schwede/barta0000/mcmahon_ds/target_shuffle/Nb.c204_A2AR/chai_no_constraints/seed_2406/pred.model_idx_3.cif,0.6576969027519226,/scicore/home/schwede/barta0000/mcmahon_ds/target_shuffle/Nb.c204_A2AR/chai_with_constraints/seed_1951/pred.model_idx_0.cif,0.3818424940109253,0.7300015687942505,0.294802725315094,"[[0.8757262229919434, 0.8540117740631104]]","[[[0.8757262229919434, 0.294802725315094], [0.20858167111873627, 0.8540117740631104]]]",0.294802725315094,0.116345,0.3437,0.0137,0.0292,0.6576969027519226,0.8496316075325012,0.6097131967544556,"[[0.8804041743278503, 0.8803700804710388]]","[[[0.8804041743278503, 0.6097131967544556], [0.5461745262145996, 0.8803700804710388]]]",0.6097131967544556,0.551427,0.4345,0.2453,0.3978,0.8692938685417175,0.9204170107841492,0.8359226584434509,0.877636730670929,0.8052594661712646,0.3863374292850494,1.6875802278518677,0.8359226584434509,/scicore/home/schwede/barta0000/mcmahon_ds/target_shuffle/Nb.c204_A2AR/boltz_free/output/boltz_results_Nb.c204_A2AR/predictions/Nb.c204_A2AR/Nb.c204_A2AR_model_0.cif,0.71904,0.397,0.3295,0.5179,0.9308130145072936,0.9394197463989258,0.8871138691902161,0.9417378306388856,0.9083125591278076,0.3284848630428314,0.9320977926254272,0.8871138691902161,/scicore/home/schwede/barta0000/mcmahon_ds/target_shuffle/Nb.c204_A2AR/boltz_with_template/output/boltz_results_Nb.c204_A2AR/predictions/Nb.c204_A2AR/Nb.c204_A2AR_model_0.cif,0.828968,0.5913,0.6935,0.5908,6.304649432500204,6.292932192484538,6.316366672515869,0.2669519820870696,0.1608246050453499,1.8274409174919128,1.5481959581375122,2.106685876846313,5.9480713208516445,5.580593585968018,6.315549055735271,0.2787686723334806,0.1790979943715664,1.7198221683502195,1.389728307723999,2.0499160289764404,5.960708061854045,5.607107798258464,6.314308325449626,0.2692438360411019,0.1829777165413273,1.6983909010887146,1.4108130931854248,1.9859687089920044,6.312674442927042,6.29233980178833,6.333009084065755,0.263112327224217,0.169763651760833,1.773348093032837,1.5012774467468262,2.045418739318848,6.118533690770468,5.969689846038818,6.267377535502116,0.2559902281219811,0.1817692580716486,1.7050172090530396,1.4713679552078247,1.9386664628982544,5.949974298477173,5.660627841949463,6.239320755004883,0.2673408629173926,0.1758609895601829,1.7380614280700684,1.5587501525878906,1.917372703552246,5.938742240269979,5.547263145446777,6.330221335093181,0.2201620892006329,0.1820177171966889,1.703651249408722,1.4317402839660645,1.97556221485138
Nb.AQ102_B2AR,False,"A,B",9.47335491336711,81.51417291066282,262.94,8.3,10.725,72.83507370650477,0.368663,0.3335,0.1121,0.2802,0.75,0.81,65.42,0.0,0.79,0.9538,0.263,4.298020996226102,95.2066894977169,408.08,13.31,4.772678571428571,91.99499930104902,0.73312,0.612,0.7171,0.5696,0.9,0.91,262.23,1.0,0.9429,0.5114078419658108,0.8547195726065019,19.83769283294678,55.45156478881836,74.64744,15.086357,0.65283906,,,,,,,0.3397407531738281,/scicore/home/schwede/barta0000/mcmahon_ds/target_shuffle/Nb.AQ102_B2AR/chai_no_constraints/seed_1180/pred.model_idx_1.cif,0.6741589307785034,/scicore/home/schwede/barta0000/mcmahon_ds/target_shuffle/Nb.AQ102_B2AR/chai_with_constraints/seed_1230/pred.model_idx_1.cif,0.3397407531738281,0.7312489748001099,0.2418636679649353,"[[0.8886635899543762, 0.8604927062988281]]","[[[0.8886635899543762, 0.2418636679649353], [0.19072164595127106, 0.8604927062988281]]]",0.2418636679649353,0.043945,0.0723,0.0116,0.009,0.6741589307785034,0.8636023998260498,0.6267980337142944,"[[0.8862490057945251, 0.8722435235977173]]","[[[0.8862490057945251, 0.6267980337142944], [0.6147541999816895, 0.8722435235977173]]]",0.6267980337142944,0.572021,0.255,0.1294,0.4295,0.8292251825332642,0.8304443359375,0.6479122638702393,0.8745534420013428,0.7775618433952332,0.7030084729194641,6.95295524597168,0.6479122638702393,/scicore/home/schwede/barta0000/mcmahon_ds/target_shuffle/Nb.AQ102_B2AR/boltz_free/output/boltz_results_Nb.AQ102_B2AR/predictions/Nb.AQ102_B2AR/Nb.AQ102_B2AR_model_0.cif,0.286005,0.1712,0.0322,0.1505,0.9075818061828612,0.9122662544250488,0.8524709939956665,0.9213594794273376,0.8704245090484619,0.4788690507411957,2.908614158630371,0.8524709939956665,/scicore/home/schwede/barta0000/mcmahon_ds/target_shuffle/Nb.AQ102_B2AR/boltz_with_template/output/boltz_results_Nb.AQ102_B2AR/predictions/Nb.AQ102_B2AR/Nb.AQ102_B2AR_model_0.cif,0.647261,0.3883,0.2372,0.5225,5.610234181086222,4.8905056317647295,6.329962730407715,0.2272645505580841,0.1718762587640841,1.760980486869812,1.4540026187896729,2.067958354949951,5.405489444732666,4.525140444437663,6.285838445027669,0.2563631716174919,0.1872870441613934,1.6751128435134888,1.4103962182998655,1.939829468727112,5.3929283618927,4.446849187215169,6.339007536570231,0.2357956377051382,0.2042990414984273,1.5881704688072205,1.2508423328399658,1.925498604774475,5.633183638254801,4.978288014729817,6.288079261779785,0.2155108677612652,0.1847509730479792,1.688746452331543,1.4083530902862549,1.969139814376831,5.338125705718994,4.4360402425130205,6.240211168924968,0.2455505396443175,0.1952033188153787,1.6337136030197144,1.2781411409378052,1.9892860651016235,5.699570099512735,5.095735867818196,6.303404331207275,0.1969447785353887,0.1937940536633403,1.6409592628479004,1.2666690349578855,2.015249490737915,5.641476551691691,4.939755121866862,6.3431979815165205,0.1930013908412469,0.1806591027024421,1.711143434047699,1.2794116735458374,2.1428751945495605
Nb.AQ104_B2AR,False,"A,B",13.979694483019818,76.13211854792968,254.98,9.77,14.032926829268291,60.72485967637713,0.011098,0.1314,0.0173,0.0474,0.32,0.775,83.71,0.0,0.41,0.7031,0.38,6.326194318899129,92.3831011235955,665.94,23.1,6.545441176470588,82.35619127182733,0.430308,0.3949,0.3905,0.3319,0.72,0.86,703.16,1.0,0.5928,0.0924474990979366,0.8168771930057716,17.10418673356374,51.523624420166016,74.04822,14.139686,0.66753054,,,,,,,0.3342896103858948,/scicore/home/schwede/barta0000/mcmahon_ds/target_shuffle/Nb.AQ104_B2AR/chai_no_constraints/seed_1186/pred.model_idx_3.cif,0.4169896245002746,/scicore/home/schwede/barta0000/mcmahon_ds/target_shuffle/Nb.AQ104_B2AR/chai_with_constraints/seed_328/pred.model_idx_1.cif,0.3342896103858948,0.7270647287368774,0.2360958158969879,"[[0.8450877666473389, 0.860161542892456]]","[[[0.8450877666473389, 0.23609581589698792], [0.1921200454235077, 0.860161542892456]]]",0.2360958158969879,0.043775,0.1072,0.0114,0.0172,0.4169896245002746,0.7686399221420288,0.3290770649909973,"[[0.8488719463348389, 0.8542383313179016]]","[[[0.8488719463348389, 0.3290770649909973], [0.30420637130737305, 0.8542383313179016]]]",0.3290770649909973,0.184732,0.1706,0.0251,0.1663,0.8225968480110168,0.9277448654174804,0.901549756526947,0.8028586506843567,0.6816355586051941,0.4435892701148987,1.6206177473068235,0.901549756526947,/scicore/home/schwede/barta0000/mcmahon_ds/target_shuffle/Nb.AQ104_B2AR/boltz_free/output/boltz_results_Nb.AQ104_B2AR/predictions/Nb.AQ104_B2AR/Nb.AQ104_B2AR_model_0.cif,0.767415,0.1329,0.1424,0.5577,0.8713337182998657,0.9264534711837769,0.8865582942962646,0.8675274848937988,0.7978677749633789,0.4777751564979553,2.167585611343384,0.8865582942962646,/scicore/home/schwede/barta0000/mcmahon_ds/target_shuffle/Nb.AQ104_B2AR/boltz_with_template/output/boltz_results_Nb.AQ104_B2AR/predictions/Nb.AQ104_B2AR/Nb.AQ104_B2AR_model_0.cif,0.701267,0.3586,0.2459,0.5631,5.907856464385986,5.514210383097331,6.301502545674642,0.1702810341755935,0.1766583962415464,1.7335373759269714,1.431637167930603,2.03543758392334,5.641087770462036,4.97561502456665,6.306560516357422,0.1950736025268996,0.1855657817111801,1.684345841407776,1.4345356225967407,1.934156060218811,5.662573973337809,4.978105545043945,6.347042401631673,0.1981233429122506,0.1966354076752283,1.6264039874076843,1.353331208229065,1.899476766586304,5.923629999160767,5.538514773050944,6.308745225270589,0.1751943993756567,0.1803160012152126,1.7130444049835205,1.4534451961517334,1.972643613815308,5.777171532313028,5.324546655019124,6.229796409606934,0.1826810664128796,0.174553969039742,1.7455213069915771,1.555114984512329,1.9359276294708248,5.651364008585612,5.016951719919841,6.285776297251384,0.233491773920542,0.1620363853353023,1.819934368133545,1.63816499710083,2.00170373916626,6.012087265650431,5.700623035430908,6.323551495869954,0.165973082256338,0.1603906534283664,1.830142855644226,1.5304861068725586,2.1297996044158936
Nb.c205_Adiponectin,False,"A,B",13.69107645980233,80.06221689059501,291.9,16.37,8.81060606060606,66.12495489208644,0.005534,0.0957,0.0124,0.0,0.19,0.835,2.97,0.0,0.26,,19.379,5.542226263770665,89.9780694980695,2543.19,153.84,7.147758620689655,84.50875043869019,0.570415,0.3368,0.3627,0.5066,0.77,0.85,829.63,1.0,0.9559,0.0600246948176889,0.8506354508694711,19.41841239929199,58.67278289794922,77.03805,16.973658,0.49658054,,,,,,,0.2590688169002533,/scicore/home/schwede/barta0000/mcmahon_ds/target_shuffle/Nb.c205_Adiponectin/chai_no_constraints/seed_4976/pred.model_idx_3.cif,0.2951715290546417,/scicore/home/schwede/barta0000/mcmahon_ds/target_shuffle/Nb.c205_Adiponectin/chai_with_constraints/seed_1416/pred.model_idx_1.cif,0.2590688169002533,0.5866953134536743,0.1771622002124786,"[[0.8861587643623352, 0.883928656578064]]","[[[0.8861587643623352, 0.17716220021247864], [0.14921408891677856, 0.883928656578064]]]",0.1771622002124786,0.019713,0.1687,0.0115,0.0,0.2951715290546417,0.6125174760818481,0.2158350497484207,"[[0.8903898000717163, 0.8812936544418335]]","[[[0.8903898000717163, 0.21583504974842072], [0.19405505061149597, 0.8812936544418335]]]",0.2158350497484207,0.088697,0.1175,0.0157,0.1054,0.692145586013794,0.8580493927001953,0.8237809538841248,0.65923672914505,0.6273512840270996,0.6805398464202881,1.9852632284164429,0.8237809538841248,/scicore/home/schwede/barta0000/mcmahon_ds/target_shuffle/Nb.c205_Adiponectin/boltz_free/output/boltz_results_Nb.c205_Adiponectin/predictions/Nb.c205_Adiponectin/Nb.c205_Adiponectin_model_0.cif,0.5174,0.0779,0.1138,0.4514,0.8036908507347107,0.8011618256568909,0.7552047967910767,0.8158122897148132,0.792578935623169,1.0973509550094604,3.09733247756958,0.7552047967910767,/scicore/home/schwede/barta0000/mcmahon_ds/target_shuffle/Nb.c205_Adiponectin/boltz_with_template/output/boltz_results_Nb.c205_Adiponectin/predictions/Nb.c205_Adiponectin/Nb.c205_Adiponectin_model_0.cif,0.462475,0.2571,0.1975,0.3787,5.881648858388265,5.501864274342855,6.261433442433675,0.2933044547327822,0.2076715467117074,1.5717975497245789,1.4645874500274658,1.679007649421692,5.844715038935344,5.706027189890544,5.983402887980144,0.2002189543171341,0.1695268370843577,1.7747440338134766,1.434126377105713,2.11536169052124,5.989381154378255,5.980784257253011,5.997978051503499,0.1946270768210288,0.1744451539447243,1.7461448907852173,1.4460630416870115,2.046226739883423,5.899588505427042,5.575774192810059,6.223402818044026,0.2917089123277539,0.2167981060463683,1.5287887454032898,1.4337854385375977,1.623792052268982,5.845590273539225,5.58253272374471,6.10864782333374,0.2847659349680265,0.2139319319198011,1.5420973896980286,1.3692072629928589,1.7149875164031982,5.924096345901489,5.754082043965657,6.094110647837321,0.2932091273378389,0.2017969085216752,1.6004934906959534,1.397220015525818,1.8037669658660889,6.018102169036865,5.843384583791097,6.192819754282634,0.2525005224348398,0.2042178237334519,1.588568091392517,1.4411958456039429,1.7359403371810913
Nb.c209_Adiponectin,False,"A,B",12.18703954920171,82.95153140096619,198.93,16.19,7.525806451612904,63.46904358377754,0.006188,0.0724,0.0165,0.0253,0.24,0.855,-138.41,0.0,0.32,0.0004,0.471,10.511029054426736,87.99992277992278,460.74,35.76,5.467758620689654,74.80925863760488,0.06405,0.1201,0.0226,0.0545,0.33,0.64,96.5,1.0,0.0013,0.165920131857072,0.8915371930994941,,,76.940094,16.983833,0.49452627,,,,,,,0.2663639187812805,/scicore/home/schwede/barta0000/mcmahon_ds/target_shuffle/Nb.c209_Adiponectin/chai_no_constraints/seed_2997/pred.model_idx_3.cif,0.4254615604877472,/scicore/home/schwede/barta0000/mcmahon_ds/target_shuffle/Nb.c209_Adiponectin/chai_with_constraints/seed_1778/pred.model_idx_4.cif,0.2663639187812805,0.6012471914291382,0.1826431006193161,"[[0.8751142621040344, 0.8904737830162048]]","[[[0.8751142621040344, 0.1826431006193161], [0.16598603129386902, 0.8904737830162048]]]",0.1826431006193161,0.040688,0.083,0.0118,0.0312,0.4254615604877472,0.6885930895805359,0.3596786558628082,"[[0.8724322319030762, 0.8780698180198669]]","[[[0.8724322319030762, 0.3596786558628082], [0.3261699974536896, 0.8780698180198669]]]",0.3596786558628082,0.232655,0.1987,0.1008,0.2359,0.5765116214752197,0.6701149940490723,0.4316671192646026,0.6127227544784546,0.5515663623809814,1.4683939218521118,5.782055377960205,0.4316671192646026,/scicore/home/schwede/barta0000/mcmahon_ds/target_shuffle/Nb.c209_Adiponectin/boltz_free/output/boltz_results_Nb.c209_Adiponectin/predictions/Nb.c209_Adiponectin/Nb.c209_Adiponectin_model_0.cif,0.081932,0.0604,0.0142,0.0634,0.7346808314323425,0.7229944467544556,0.5528962016105652,0.7801269888877869,0.7143110632896423,1.169531226158142,6.588399887084961,0.5528962016105652,/scicore/home/schwede/barta0000/mcmahon_ds/target_shuffle/Nb.c209_Adiponectin/boltz_with_template/output/boltz_results_Nb.c209_Adiponectin/predictions/Nb.c209_Adiponectin/Nb.c209_Adiponectin_model_0.cif,0.149233,0.1737,0.0301,0.1162,5.553375562032064,4.934412956237793,6.172338167826335,0.2612217920427711,0.2350984617511389,1.4477508664131165,1.2703899145126345,1.6251118183135986,5.417452255884806,4.843995571136475,5.990908940633138,0.2284625578908781,0.1588709236282588,1.839663207530976,1.295695424079895,2.383630990982056,5.213515520095825,4.43599812189738,5.991032918294271,0.2177385707275549,0.1640352311193002,1.807674050331116,1.3291172981262207,2.2862308025360107,5.663804213205974,5.127333799997966,6.200274626413981,0.2515235539710521,0.2128350147001028,1.547237992286682,1.361169934272766,1.733306050300598,5.513546864191691,4.865808169047038,6.161285559336345,0.2760831099175992,0.2262224542339537,1.4862364530563354,1.3655544519424438,1.606918454170227,5.507879257202148,4.8291371663411455,6.186621348063151,0.2796317886468492,0.2160594435879168,1.5322017073631289,1.338735580444336,1.7256678342819214,5.699746290842692,5.23301347096761,6.166479110717773,0.2635131720451688,0.2079662451005214,1.5703794956207275,1.4246227741241455,1.7161362171173096
Nb.AD102_Adiponectin,False,"A,B",14.327878698224852,84.97489568170792,250.03,21.04,7.422222222222222,66.9343067685935,0.0,0.0525,0.0115,0.0,0.16,0.87,-36.96,0.0,0.23,0.0243,0.848,11.630164644970414,90.72442307692307,593.98,48.98,6.033571428571428,78.23304350479789,0.006248,0.0845,0.0184,0.0346,0.26,0.6,491.09,1.0,0.3085,0.1041873480384082,0.8860875969918304,,,77.126564,16.586813,0.4993202,,,,,,,0.2480089366436004,/scicore/home/schwede/barta0000/mcmahon_ds/target_shuffle/Nb.AD102_Adiponectin/chai_no_constraints/seed_103/pred.model_idx_4.cif,0.4322549700736999,/scicore/home/schwede/barta0000/mcmahon_ds/target_shuffle/Nb.AD102_Adiponectin/chai_with_constraints/seed_3235/pred.model_idx_4.cif,0.2480089366436004,0.5862500071525574,0.1634486466646194,"[[0.9161198139190674, 0.8866010904312134]]","[[[0.9161198139190674, 0.16344864666461945], [0.14760950207710266, 0.8866010904312134]]]",0.1634486466646194,0.014734,0.0543,0.0111,0.0,0.4322549700736999,0.7081436514854431,0.3632827699184418,"[[0.8980071544647217, 0.8956856727600098]]","[[[0.8980071544647217, 0.3632827699184418], [0.34991222620010376, 0.8956856727600098]]]",0.3632827699184418,0.246235,0.1413,0.1108,0.2425,0.5970485210418701,0.7096239328384399,0.5104628205299377,0.6186949610710144,0.5428444743156433,1.028520584106445,4.321600437164307,0.5104628205299377,/scicore/home/schwede/barta0000/mcmahon_ds/target_shuffle/Nb.AD102_Adiponectin/boltz_free/output/boltz_results_Nb.AD102_Adiponectin/predictions/Nb.AD102_Adiponectin/Nb.AD102_Adiponectin_model_0.cif,0.148949,0.0547,0.019,0.1167,0.7173396944999695,0.6698921918869019,0.4330597519874573,0.7884096503257751,0.7187047004699707,1.4270721673965454,7.087206840515137,0.4100610613822937,/scicore/home/schwede/barta0000/mcmahon_ds/target_shuffle/Nb.AD102_Adiponectin/boltz_with_template/output/boltz_results_Nb.AD102_Adiponectin/predictions/Nb.AD102_Adiponectin/Nb.AD102_Adiponectin_model_0.cif,0.133106,0.1849,0.0295,0.122,5.882926781972249,5.658469994862874,6.107383569081624,0.2871600968627888,0.2351347721350124,1.4475964307785034,1.2648364305496216,1.6303564310073853,5.41118343671163,4.787374655405681,6.034992218017578,0.2551665556754948,0.1631313977595242,1.8131992816925049,1.337045192718506,2.289353370666504,5.348586082458496,4.53496249516805,6.162209669748942,0.2645251433457383,0.1865306628653396,1.6791596412658691,1.2740020751953125,2.084317207336426,5.991857528686523,5.809450149536133,6.174264907836914,0.2979535791355168,0.2313951115219859,1.463628590106964,1.3291280269622805,1.598129153251648,6.000478823979695,5.778333981831868,6.2226236661275225,0.3424957047577779,0.2117620103146117,1.5522922277450562,1.4551706314086914,1.649413824081421,5.698328574498494,5.36196502049764,6.034692128499349,0.2504570774365096,0.248388158444993,1.3927626013755798,1.1289846897125244,1.6565405130386353,5.660457372665405,5.16395378112793,6.156960964202881,0.2321092637112919,0.2068863267831167,1.5755857825279236,1.425342321395874,1.7258292436599731
Nb.c200_Adiponectin,False,"A,B",14.663979368226473,80.89244583533943,805.88,37.11,10.570454545454549,61.18729295144632,0.0,0.1312,0.0106,0.0,0.16,0.8400000000000001,321.34,0.0,0.24,0.8811,0.569,6.069309193363247,90.41135135135136,7189.17,473.63,6.563974358974359,77.01725034713745,0.312502,0.2588,0.1912,0.3347,0.58,0.77,4913.15,1.0,0.0887,0.0782635233940381,0.8833222366056152,19.479633569717407,52.81739807128906,76.69563,17.05078,0.49703395,,,,,,,0.2493927031755447,/scicore/home/schwede/barta0000/mcmahon_ds/target_shuffle/Nb.c200_Adiponectin/chai_no_constraints/seed_105/pred.model_idx_2.cif,0.3907431364059448,/scicore/home/schwede/barta0000/mcmahon_ds/target_shuffle/Nb.c200_Adiponectin/chai_with_constraints/seed_4291/pred.model_idx_4.cif,0.2493927031755447,0.5823549628257751,0.1661521345376968,"[[0.9221398830413818, 0.8886476755142212]]","[[[0.9221398830413818, 0.16615213453769684], [0.13931795954704285, 0.8886476755142212]]]",0.1661521345376968,0.024974,0.0543,0.0115,0.0128,0.3907431364059448,0.663608193397522,0.3225268423557281,"[[0.8992316126823425, 0.8859411478042603]]","[[[0.8992316126823425, 0.32252684235572815], [0.2678002119064331, 0.8859411478042603]]]",0.3225268423557281,0.198672,0.1272,0.054,0.1652,0.6051899790763855,0.7017726898193359,0.4584077000617981,0.6418855786323547,0.5541573166847229,0.8985715508460999,4.397491931915283,0.4464151561260223,/scicore/home/schwede/barta0000/mcmahon_ds/target_shuffle/Nb.c200_Adiponectin/boltz_free/output/boltz_results_Nb.c200_Adiponectin/predictions/Nb.c200_Adiponectin/Nb.c200_Adiponectin_model_0.cif,0.146081,0.0387,0.0173,0.1235,0.7008700966835022,0.6454669237136841,0.3806149661540985,0.7809338569641113,0.7004917860031128,1.3787052631378174,7.134751796722412,0.3756664991378784,/scicore/home/schwede/barta0000/mcmahon_ds/target_shuffle/Nb.c200_Adiponectin/boltz_with_template/output/boltz_results_Nb.c200_Adiponectin/predictions/Nb.c200_Adiponectin/Nb.c200_Adiponectin_model_0.cif,0.104264,0.0788,0.0197,0.0715,5.828493038813273,5.519307295481364,6.137678782145183,0.2823238982281502,0.1984164497424621,1.6173871755599976,1.4816861152648926,1.7530882358551023,6.186471621195476,6.078518072764079,6.294425169626872,0.2041554911178229,0.1756177523460088,1.7394455075263977,1.1463223695755005,2.332568645477295,6.237477382024129,6.288995583852132,6.185959180196126,0.2563476298869735,0.1780461631888559,1.7257124185562134,1.26918625831604,2.1822385787963867,5.946190516153972,5.721555868784587,6.170825163523356,0.2909058925121539,0.1869776334763185,1.676766276359558,1.610346436500549,1.743186116218567,6.087218284606934,6.006704807281494,6.167731761932373,0.2993206872151065,0.2306005434314176,1.4670683145523071,1.254302740097046,1.6798338890075684,6.245552062988281,6.339192390441895,6.151911735534668,0.3082254205635178,0.2258329027907084,1.487959921360016,1.2830208539962769,1.6928989887237549,5.734224081039429,5.298496246337891,6.169951915740967,0.2694345687864587,0.2016217722072535,1.6013617515563965,1.4613878726959229,1.74133563041687
Nb.c206_HSA,False,"A,B",14.100883655102336,77.88675364543361,486.77,16.15,11.580188679245284,61.60096284399402,0.005324,0.1404,0.0118,0.0,0.24,0.81,175.04,0.0,0.31,0.03,0.473,5.688226792713021,90.18253012048191,1136.54,65.81,6.190600000000001,80.72673478418467,0.522968,0.3437,0.3602,0.4178,0.74,0.81,870.78,1.0,0.004,0.0635311454318189,0.8025336139989749,17.487846791744232,55.12109756469727,74.17233,14.613588,0.5937381,,,,,,,0.2863664031028747,/scicore/home/schwede/barta0000/mcmahon_ds/target_shuffle/Nb.c206_HSA/chai_no_constraints/seed_1168/pred.model_idx_3.cif,0.4268140494823456,/scicore/home/schwede/barta0000/mcmahon_ds/target_shuffle/Nb.c206_HSA/chai_with_constraints/seed_1209/pred.model_idx_1.cif,0.2863664031028747,0.6339980363845825,0.1994584649801254,"[[0.8514087200164795, 0.8658167719841003]]","[[[0.8514087200164795, 0.19945846498012543], [0.1308148056268692, 0.8658167719841003]]]",0.1994584649801254,0.013023,0.0762,0.0113,0.0058,0.4268140494823456,0.7261195778846741,0.3519876599311828,"[[0.8505809903144836, 0.8743900656700134]]","[[[0.8505809903144836, 0.35198765993118286], [0.30744469165802, 0.8743900656700134]]]",0.3519876599311828,0.237913,0.0901,0.0339,0.189,0.7857905626296997,0.7287454009056091,0.5759305953979492,0.8382555246353149,0.7605689764022827,0.7295876741409302,4.7654547691345215,0.5759305953979492,/scicore/home/schwede/barta0000/mcmahon_ds/target_shuffle/Nb.c206_HSA/boltz_free/output/boltz_results_Nb.c206_HSA/predictions/Nb.c206_HSA/Nb.c206_HSA_model_0.cif,0.212929,0.091,0.0404,0.1307,0.8547559976577759,0.8019859790802002,0.6673045754432678,0.9016188383102416,0.8403960466384888,0.5923879742622375,5.243363857269287,0.6673045754432678,/scicore/home/schwede/barta0000/mcmahon_ds/target_shuffle/Nb.c206_HSA/boltz_with_template/output/boltz_results_Nb.c206_HSA/predictions/Nb.c206_HSA/Nb.c206_HSA_model_0.cif,0.29494,0.1743,0.091,0.2179,4.19119401772817,5.48861567179362,2.89377236366272,0.2753082745656129,0.2089685188731737,1.565571665763855,1.3712818622589111,1.7598614692687988,3.720863660176595,5.118495146433513,2.3232321739196777,0.2406548461430991,0.2158921053983037,1.532976508140564,1.3407243490219116,1.7252286672592163,3.850490530331929,5.218011220296224,2.4829698403676352,0.2486387834127479,0.2361345583021215,1.4433534741401672,1.258697271347046,1.6280096769332886,4.29287568728129,5.561552842458089,3.024198532104492,0.3017178934688859,0.2190636047000476,1.5183931589126587,1.3323765993118286,1.7044097185134888,4.164320429166158,5.536716302235921,2.791924556096395,0.2587227671871774,0.2357001762607986,1.4451947212219238,1.2143281698226929,1.6760612726211548,4.123323837916057,5.576381206512451,2.6702664693196616,0.2553154511207566,0.2089687555277001,1.5655705332756042,1.4621211290359497,1.6690199375152588,4.0189883311589565,5.39596430460612,2.642012357711792,0.2247893493341002,0.2107545032523924,1.5570613145828247,1.4608290195465088,1.6532936096191406
Nb.c211_A2AR,False,"A,B",9.264457008089224,81.44805538832028,263.71,7.75,9.477777777777778,70.54953301007848,0.321828,0.2891,0.1056,0.2431,0.68,0.81,17.09,0.0,0.71,0.0577,0.263,4.51669300623774,94.55962441314551,1327.22,40.98,4.622934782608696,88.4271433694022,0.749085,0.5612,0.6145,0.5788,0.89,0.92,266.9,1.0,0.0986,0.4452302658832135,0.8358521058760967,16.858446257455007,46.77467346191406,76.31703,13.678178,0.6736392,,,,,,,0.3192426860332489,/scicore/home/schwede/barta0000/mcmahon_ds/target_shuffle/Nb.c211_A2AR/chai_no_constraints/seed_155/pred.model_idx_1.cif,0.4697208404541015,/scicore/home/schwede/barta0000/mcmahon_ds/target_shuffle/Nb.c211_A2AR/chai_with_constraints/seed_4994/pred.model_idx_1.cif,0.3192426860332489,0.7032062411308289,0.2232517749071121,"[[0.8719794154167175, 0.8562542796134949]]","[[[0.8719794154167175, 0.22325177490711212], [0.17719770967960358, 0.8562542796134949]]]",0.2232517749071121,0.016281,0.1256,0.0119,0.0,0.4697208404541015,0.7937825918197632,0.3887054026126861,"[[0.871832549571991, 0.8651661276817322]]","[[[0.871832549571991, 0.38870540261268616], [0.34773460030555725, 0.8651661276817322]]]",0.3887054026126861,0.284633,0.1796,0.0433,0.2075,0.8672623038291931,0.8708035945892334,0.6698789000511169,0.9166080951690674,0.8318247199058533,0.4190239906311035,3.861168146133423,0.6698789000511169,/scicore/home/schwede/barta0000/mcmahon_ds/target_shuffle/Nb.c211_A2AR/boltz_free/output/boltz_results_Nb.c211_A2AR/predictions/Nb.c211_A2AR/Nb.c211_A2AR_model_0.cif,0.329628,0.1418,0.0963,0.2273,0.9022111296653748,0.9199999570846558,0.810192883014679,0.9252156615257264,0.835677981376648,0.36150923371315,2.5428390502929688,0.810192883014679,/scicore/home/schwede/barta0000/mcmahon_ds/target_shuffle/Nb.c211_A2AR/boltz_with_template/output/boltz_results_Nb.c211_A2AR/predictions/Nb.c211_A2AR/Nb.c211_A2AR_model_0.cif,0.540692,0.1557,0.2052,0.4205,5.792750676472982,5.189772288004558,6.395729064941406,0.1851828524694291,0.1709209691555268,1.7665539979934692,1.4378905296325684,2.09521746635437,5.867521444956461,5.377652645111084,6.357390244801839,0.1541338716272919,0.2035966668363195,1.5916143655776978,1.254969358444214,1.9282593727111816,5.843438545862833,5.337063630421956,6.349813461303711,0.1733130446445431,0.1978529479800867,1.620231211185455,1.2781455516815186,1.962316870689392,5.792961597442627,5.1944301923116045,6.391493002573649,0.1840197523811125,0.1839895897277752,1.6928761005401611,1.4296503067016602,1.956101894378662,5.551293929417929,4.771803379058838,6.3307844797770185,0.1649765389741923,0.1889835928531566,1.6660950779914856,1.4016308784484863,1.9305592775344849,5.592358589172363,4.89158821105957,6.293128967285156,0.1845220025938014,0.1919219204265236,1.6506666541099548,1.3522107601165771,1.9491225481033323,5.687896013259888,5.066714763641357,6.309077262878418,0.2096515115669287,0.1870360744552844,1.6764537692070007,1.3740379810333252,1.9788695573806765
Nb.c203_A2AR,False,"A,B",12.999075359827192,76.58485860409145,549.95,22.15,13.253999999999998,61.20170140994236,0.040355,0.1066,0.023,0.0703,0.37,0.775,301.26,0.0,0.43,0.73,0.533,5.954904339967821,92.414882629108,1958.19,79.16,5.484605263157894,83.27477351101962,0.481332,0.3292,0.4277,0.366,0.73,0.86,1493.02,1.0,0.8245,0.0656361207490275,0.8114597802166668,14.667839472110456,52.0161361694336,75.42898,12.871413,0.68971276,,,,,,,0.3265359401702881,/scicore/home/schwede/barta0000/mcmahon_ds/target_shuffle/Nb.c203_A2AR/chai_no_constraints/seed_1229/pred.model_idx_1.cif,0.5769177675247192,/scicore/home/schwede/barta0000/mcmahon_ds/target_shuffle/Nb.c203_A2AR/chai_with_constraints/seed_2512/pred.model_idx_0.cif,0.3265359401702881,0.6931747198104858,0.2348762154579162,"[[0.863396167755127, 0.839375376701355]]","[[[0.863396167755127, 0.23487621545791626], [0.15832342207431793, 0.839375376701355]]]",0.2348762154579162,0.005054,0.1378,0.0113,0.0,0.5769177675247192,0.8190550804138184,0.5163834095001221,"[[0.8732857704162598, 0.8738192915916443]]","[[[0.8732857704162598, 0.5163834095001221], [0.45561155676841736, 0.8738192915916443]]]",0.5163834095001221,0.434211,0.2992,0.1626,0.3285,0.8950454592704773,0.9383921027183532,0.884772539138794,0.8976136445999146,0.8409253358840942,0.3387422263622284,1.1163872480392456,0.884772539138794,/scicore/home/schwede/barta0000/mcmahon_ds/target_shuffle/Nb.c203_A2AR/boltz_free/output/boltz_results_Nb.c203_A2AR/predictions/Nb.c203_A2AR/Nb.c203_A2AR_model_0.cif,0.830018,0.4114,0.4769,0.601,0.914860725402832,0.9330897331237792,0.8574582934379578,0.9292113780975342,0.894865870475769,0.3702172935009002,1.7264808416366575,0.8574582934379578,/scicore/home/schwede/barta0000/mcmahon_ds/target_shuffle/Nb.c203_A2AR/boltz_with_template/output/boltz_results_Nb.c203_A2AR/predictions/Nb.c203_A2AR/Nb.c203_A2AR_model_0.cif,0.738364,0.5249,0.5723,0.5406,5.688749949137369,5.039491176605225,6.338008721669515,0.1980114724436945,0.1661037855572419,1.7951424717903135,1.5441941022872925,2.046090841293335,5.557742913564047,4.7862091064453125,6.32927672068278,0.2075466280671098,0.1855213677278044,1.6845852136611938,1.384859919548035,1.984310507774353,5.550028244654337,4.788493474324544,6.311563014984131,0.1901042395848437,0.1918319588989532,1.651135504245758,1.2808536291122437,2.0214173793792725,5.782203515370687,5.215508619944255,6.348898410797119,0.2014883642373615,0.174435037235673,1.7462028861045835,1.5559099912643433,1.936495780944824,5.671547889709473,5.02772871653239,6.315367062886556,0.1874095823067055,0.1840049765588263,1.6927924752235413,1.4042428731918335,1.981342077255249,5.664565881093344,5.0688902537028,6.260241508483887,0.181156089985516,0.1726451626408741,1.7565168738365171,1.5208781957626345,1.9921555519104004,5.717044989267984,5.121530055999756,6.312559922536214,0.1866089930548076,0.1733939200147335,1.7521892786026,1.5298298597335815,1.9745486974716189
Nb.c201_Adiponectin,False,"A,B",13.527034217608614,81.54843964671248,241.8,14.24,8.078846153846154,62.04660788098946,0.005985,0.0871,0.0117,0.0074,0.16,0.855,-51.48,0.0,0.24,0.3979,0.669,5.864600692041522,91.96062745098038,756.04,51.32,4.452857142857143,81.01434757398522,0.278316,0.2035,0.2153,0.3131,0.53,0.75,577.9,1.0,0.9388,0.0980179215461372,0.8835662042784728,,,77.72365,16.376701,0.50512916,,,,,,,0.2685447931289673,/scicore/home/schwede/barta0000/mcmahon_ds/target_shuffle/Nb.c201_Adiponectin/chai_no_constraints/seed_2102/pred.model_idx_4.cif,0.3266832232475281,/scicore/home/schwede/barta0000/mcmahon_ds/target_shuffle/Nb.c201_Adiponectin/chai_with_constraints/seed_4386/pred.model_idx_2.cif,0.2685447931289673,0.597177267074585,0.1863866746425628,"[[0.8977813124656677, 0.8900136947631836]]","[[[0.8977813124656677, 0.18638667464256287], [0.15268948674201965, 0.8900136947631836]]]",0.1863866746425628,0.024799,0.1015,0.0117,0.0101,0.3266832232475281,0.6444291472434998,0.2472467571496963,"[[0.8935931324958801, 0.8906953930854797]]","[[[0.8935931324958801, 0.24724675714969635], [0.2225654125213623, 0.8906953930854797]]]",0.2472467571496963,0.131924,0.0536,0.0313,0.1227,0.5954184532165527,0.579551637172699,0.2625247538089752,0.6786418557167053,0.6589031219482422,1.789871335029602,7.762302875518799,0.2542178630828857,/scicore/home/schwede/barta0000/mcmahon_ds/target_shuffle/Nb.c201_Adiponectin/boltz_free/output/boltz_results_Nb.c201_Adiponectin/predictions/Nb.c201_Adiponectin/Nb.c201_Adiponectin_model_0.cif,0.040801,0.0926,0.0163,0.0396,0.8341951370239258,0.8472798466682434,0.8304396271705627,0.835133969783783,0.8204420208930969,0.7395305037498474,2.0346806049346924,0.8304396271705627,/scicore/home/schwede/barta0000/mcmahon_ds/target_shuffle/Nb.c201_Adiponectin/boltz_with_template/output/boltz_results_Nb.c201_Adiponectin/predictions/Nb.c201_Adiponectin/Nb.c201_Adiponectin_model_0.cif,0.582508,0.2614,0.3803,0.4563,5.912924766540527,5.681986649831136,6.143862883249919,0.2455219215184987,0.215050101395176,1.5368842482566831,1.3881049156188965,1.6856635808944702,5.835933685302734,5.719600359598796,5.952267011006673,0.2199065182951359,0.195988991645355,1.629696786403656,1.2682292461395264,1.9911643266677856,6.114375511805217,6.23391071955363,5.994840304056804,0.2297317993202739,0.2111127600924802,1.55536288022995,1.190216302871704,1.920509457588196,6.06948455174764,5.920552571614583,6.218416531880696,0.2567856823139704,0.2152807564614691,1.535812258720398,1.4150619506835938,1.656562566757202,6.1839734713236485,6.225950241088867,6.141996701558431,0.2902528999600786,0.2310215613570319,1.4652442336082458,1.263891339302063,1.6665971279144287,5.776553471883139,5.33592700958252,6.217179934183757,0.296105240890593,0.2189279823046651,1.519012451171875,1.2985708713531494,1.7394540309906006,5.891875743865967,5.613752841949463,6.169998645782471,0.2395036171998296,0.206719488780613,1.5763925313949585,1.4071245193481443,1.7456605434417725
Nb.AQ101_A2AR,False,"A,B",13.478291508923745,76.94612366230677,1009.99,28.4,18.75071428571428,63.98413163911008,0.005262,0.1923,0.0111,0.0,0.33,0.785,221.4,0.0,0.4,0.9189,0.267,4.966712006489995,93.47934883720929,2469.05,69.5,5.987413793103448,86.07929845441852,0.609614,0.5728,0.4752,0.474,0.8,0.89,1711.97,1.0,0.0182,0.2493427755644834,0.8017029927353662,16.89240837097168,46.57476425170898,74.74079,13.354042,0.6781008,,,,,,,0.3594089150428772,/scicore/home/schwede/barta0000/mcmahon_ds/target_shuffle/Nb.AQ101_A2AR/chai_no_constraints/seed_1197/pred.model_idx_4.cif,0.7069836854934692,/scicore/home/schwede/barta0000/mcmahon_ds/target_shuffle/Nb.AQ101_A2AR/chai_with_constraints/seed_2801/pred.model_idx_0.cif,0.3594089150428772,0.7222788333892822,0.2686914205551147,"[[0.8439115881919861, 0.8536041378974915]]","[[[0.8439115881919861, 0.26869142055511475], [0.2181837409734726, 0.8536041378974915]]]",0.2686914205551147,0.077538,0.3695,0.0143,0.0336,0.7069836854934692,0.8290009498596191,0.6764793395996094,"[[0.8816372156143188, 0.8758196234703064]]","[[[0.8816372156143188, 0.6764793395996094], [0.5130569338798523, 0.8758196234703064]]]",0.6764793395996094,0.595899,0.3474,0.3906,0.3305,0.8829447031021118,0.883093535900116,0.8384267091751099,0.8940741419792175,0.8045623898506165,0.3697495460510254,1.926827073097229,0.688489556312561,/scicore/home/schwede/barta0000/mcmahon_ds/target_shuffle/Nb.AQ101_A2AR/boltz_free/output/boltz_results_Nb.AQ101_A2AR/predictions/Nb.AQ101_A2AR/Nb.AQ101_A2AR_model_0.cif,0.752804,0.1398,0.2457,0.3366,0.905228078365326,0.9096832871437072,0.8069438934326172,0.9297990202903748,0.8775457739830017,0.3203438818454742,1.4564456939697266,0.7651386260986328,/scicore/home/schwede/barta0000/mcmahon_ds/target_shuffle/Nb.AQ101_A2AR/boltz_with_template/output/boltz_results_Nb.AQ101_A2AR/predictions/Nb.AQ101_A2AR/Nb.AQ101_A2AR_model_0.cif,0.703898,0.2482,0.4694,0.4475,5.78234084447225,5.211299578348796,6.353382110595703,0.198428527064872,0.1757758009503999,1.7385459542274475,1.459609866142273,2.017482042312622,5.839990695317587,5.3504252433776855,6.329556147257487,0.1816239483267729,0.1800560199405267,1.7144872546195984,1.4175463914871216,2.011428117752075,5.813527266184488,5.28281307220459,6.344241460164388,0.16959560189622,0.185728266400369,1.683470606803894,1.368006467819214,1.9989347457885744,5.843392372131348,5.364622116088867,6.322162628173828,0.2027498792681128,0.1788185683817891,1.721383571624756,1.5294986963272097,1.9132684469223025,5.712444464365642,5.130089441935222,6.2947994867960615,0.1760005899088125,0.1926997612528786,1.6466219425201416,1.402461051940918,1.8907828330993648,5.680220603942871,5.066689332326253,6.293751875559489,0.1921517329504566,0.1633976954174245,1.8115682005882263,1.5431782007217407,2.079958200454712,5.800367116928101,5.287829240163167,6.312904993693034,0.1604554197976274,0.1756097761902301,1.7394909262657166,1.5119456052780151,1.967036247253418
Nb.c208_Adiponectin,False,"A,B",14.595175584438117,81.67634633682206,171.76,14.19,8.986956521739131,62.88564384012856,0.005038,0.0777,0.0113,0.0,0.14,0.845,-81.19,0.0,0.22,0.8384,0.685,10.002465989099164,89.96623574144488,1534.64,128.77,4.981842105263158,76.72799930572509,0.051601,0.1799,0.0312,0.0787,0.31,0.63,825.63,1.0,0.9773,0.1322636024765961,0.8937101466636345,19.0345356464386,41.208763122558594,75.75706,17.124126,0.4932496,,,,,,,0.2374022603034973,/scicore/home/schwede/barta0000/mcmahon_ds/target_shuffle/Nb.c208_Adiponectin/chai_no_constraints/seed_2351/pred.model_idx_1.cif,0.5036677122116089,/scicore/home/schwede/barta0000/mcmahon_ds/target_shuffle/Nb.c208_Adiponectin/chai_with_constraints/seed_308/pred.model_idx_4.cif,0.2374022603034973,0.5683068037033081,0.1546761244535446,"[[0.9102500081062317, 0.8884965777397156]]","[[[0.9102500081062317, 0.15467612445354462], [0.12179023772478104, 0.8884965777397156]]]",0.1546761244535446,0.011545,0.0406,0.0104,0.0,0.5036677122116089,0.741607666015625,0.4441826939582824,"[[0.9139723181724548, 0.8832532167434692]]","[[[0.9139723181724548, 0.44418269395828247], [0.41585469245910645, 0.8832532167434692]]]",0.4441826939582824,0.337167,0.088,0.1634,0.3405,0.6557774543762207,0.7195723056793213,0.5077134370803833,0.6927934885025024,0.6148751974105835,0.8022633790969849,4.321465492248535,0.4521245658397674,/scicore/home/schwede/barta0000/mcmahon_ds/target_shuffle/Nb.c208_Adiponectin/boltz_free/output/boltz_results_Nb.c208_Adiponectin/predictions/Nb.c208_Adiponectin/Nb.c208_Adiponectin_model_0.cif,0.160314,0.0309,0.0217,0.1291,0.7867026925086975,0.7216858267784119,0.5196170806884766,0.8534740805625916,0.7888191938400269,1.109428882598877,5.6522603034973145,0.5196170806884766,/scicore/home/schwede/barta0000/mcmahon_ds/target_shuffle/Nb.c208_Adiponectin/boltz_with_template/output/boltz_results_Nb.c208_Adiponectin/predictions/Nb.c208_Adiponectin/Nb.c208_Adiponectin_model_0.cif,0.17118,0.0888,0.0526,0.1638,6.215341250101725,6.302782376607259,6.127900123596191,0.367906187365204,0.2219236893002489,1.5054216980934143,1.3638125658035278,1.6470308303833008,6.058022578557332,6.1512831052144366,5.964762051900228,0.2909966014719048,0.1703838440720685,1.7697014808654783,1.3736426830291748,2.1657602787017822,5.925768693288168,5.834153811136882,6.017383575439453,0.27696556103536,0.1866018878516042,1.6787778735160828,1.300348877906799,2.057206869125366,6.290469805399576,6.4047878583272295,6.176151752471924,0.3784199853203567,0.2242698169165485,1.494905412197113,1.3297971487045288,1.6600136756896973,6.040505091349284,6.011917273203532,6.069092909495036,0.3401849653536948,0.2347100634161863,1.4494042992591858,1.2623825073242188,1.6364260911941528,6.1641569932301845,6.181143442789714,6.147170543670654,0.3671699153573078,0.219282958033774,1.517392337322235,1.3174444437026978,1.7173402309417725,5.82716178894043,5.463573296864827,6.190750281016032,0.314058300922339,0.2037825067449625,1.5907019972801208,1.4511183500289917,1.73028564453125
Nb.c210_A2AR,False,"A,B",12.577690713923603,76.84875524895021,298.59,11.45,13.732926829268294,61.78585453326109,0.059696,0.097,0.0198,0.0456,0.44,0.78,161.6,0.0,0.49,0.2001,0.263,5.06210705547841,94.1074178403756,5294.38,449.61,5.139512195121951,87.85173930292544,0.65206,0.3927,0.5535,0.4828,0.86,0.9,11340.98,1.0,0.3445,0.4933315137824096,0.803184426848221,16.74681148529053,48.7756462097168,75.71507,13.496609,0.6765629,,,,,,,0.3845035135746002,/scicore/home/schwede/barta0000/mcmahon_ds/target_shuffle/Nb.c210_A2AR/chai_no_constraints/seed_4670/pred.model_idx_4.cif,0.4490451216697693,/scicore/home/schwede/barta0000/mcmahon_ds/target_shuffle/Nb.c210_A2AR/chai_with_constraints/seed_3434/pred.model_idx_3.cif,0.3845035135746002,0.7123669385910034,0.3025376498699188,"[[0.8880070447921753, 0.8469885587692261]]","[[[0.8880070447921753, 0.3025376498699188], [0.28241556882858276, 0.8469885587692261]]]",0.3025376498699188,0.102738,0.0875,0.0155,0.0285,0.4490451216697693,0.7754635214805603,0.3674405217170715,"[[0.8927828073501587, 0.8640075922012329]]","[[[0.8927828073501587, 0.36744052171707153], [0.3615618646144867, 0.8640075922012329]]]",0.3674405217170715,0.262525,0.1559,0.0917,0.2076,0.8482818007469177,0.8268999457359314,0.6664338707923889,0.8937436938285828,0.7933967113494873,0.4447634220123291,5.163620471954346,0.6664338707923889,/scicore/home/schwede/barta0000/mcmahon_ds/target_shuffle/Nb.c210_A2AR/boltz_free/output/boltz_results_Nb.c210_A2AR/predictions/Nb.c210_A2AR/Nb.c210_A2AR_model_0.cif,0.225009,0.0713,0.0575,0.1598,0.8882812857627869,0.8869213461875916,0.7596139907836914,0.920448124408722,0.8317362666130066,0.3491222858428955,2.483424186706543,0.7596139907836914,/scicore/home/schwede/barta0000/mcmahon_ds/target_shuffle/Nb.c210_A2AR/boltz_with_template/output/boltz_results_Nb.c210_A2AR/predictions/Nb.c210_A2AR/Nb.c210_A2AR_model_0.cif,0.398325,0.138,0.198,0.3215,5.541099150975546,4.740836302439372,6.341361999511719,0.1776585954505271,0.1748982927624835,1.7435506582260132,1.4145362377166748,2.072565078735352,5.484207630157471,4.628673394521077,6.339741865793864,0.1758632661503475,0.195373485365629,1.632842242717743,1.3599441051483154,1.9057403802871704,5.49088191986084,4.638405799865723,6.343358039855957,0.1740271751066424,0.192535458042827,1.6474749445915222,1.3529033660888672,1.9420465230941768,5.651667435963949,4.968002955118815,6.335331916809082,0.1681161159631794,0.1803835952378427,1.7126696109771729,1.4380406141281128,1.987298607826233,5.423530260721843,4.526150385538737,6.320910135904948,0.1697989412193012,0.1909232452441091,1.6558837890625,1.4102944135665894,1.9014731645584104,5.412978092829386,4.566858291625977,6.259097894032796,0.1698814125199381,0.1866500649209845,1.6785197257995603,1.371479868888855,1.985559582710266,5.422268231709798,4.53912337621053,6.3054130872090655,0.1782359519024033,0.1787166177194177,1.7219538688659668,1.4649933576583862,1.978914380073548
Nb.c202_A2AR,False,"A,B",10.942554894537588,79.20902848575712,610.83,17.05,13.771323529411765,68.54585281441783,0.147221,0.2753,0.0482,0.13,0.5,0.79,319.0,0.0,0.55,0.9529,0.305,4.88894050838291,93.6037441860465,1729.41,51.66,5.81311320754717,88.01649086935478,0.626001,0.5736,0.6061,0.492,0.85,0.89,1324.38,1.0,0.6985,0.6024839565512886,0.8116817916209195,19.634493827819824,39.90365219116211,75.1257,13.944012,0.66835237,,,,,,,0.2843472957611084,/scicore/home/schwede/barta0000/mcmahon_ds/target_shuffle/Nb.c202_A2AR/chai_no_constraints/seed_1534/pred.model_idx_2.cif,0.6023916006088257,/scicore/home/schwede/barta0000/mcmahon_ds/target_shuffle/Nb.c202_A2AR/chai_with_constraints/seed_1951/pred.model_idx_3.cif,0.2843472957611084,0.6755820512771606,0.1865386068820953,"[[0.8626030683517456, 0.8513020277023315]]","[[[0.8626030683517456, 0.18653860688209534], [0.10444007813930511, 0.8513020277023315]]]",0.1865386068820953,0.0,0.1136,0.0101,0.0,0.6023916006088257,0.8377094268798828,0.543562114238739,"[[0.8896172046661377, 0.8628196716308594]]","[[[0.8896172046661377, 0.5357885360717773], [0.543562114238739, 0.8628196716308594]]]",0.5357885360717773,0.456942,0.217,0.1804,0.3455,0.8624480366706848,0.8922154903411865,0.7471224069595337,0.891279399394989,0.7782966494560242,0.4499483406543731,3.10570764541626,0.7471224069595337,/scicore/home/schwede/barta0000/mcmahon_ds/target_shuffle/Nb.c202_A2AR/boltz_free/output/boltz_results_Nb.c202_A2AR/predictions/Nb.c202_A2AR/Nb.c202_A2AR_model_0.cif,0.458217,0.1636,0.1074,0.3334,0.9166380167007446,0.9366183876991272,0.8654614090919495,0.9294321537017822,0.8654471039772034,0.340653121471405,1.5155370235443115,0.8654614090919495,/scicore/home/schwede/barta0000/mcmahon_ds/target_shuffle/Nb.c202_A2AR/boltz_with_template/output/boltz_results_Nb.c202_A2AR/predictions/Nb.c202_A2AR/Nb.c202_A2AR_model_0.cif,0.663055,0.3644,0.4576,0.5262,5.706067005793253,5.081605752309163,6.330528259277344,0.2198428482172808,0.1817436801078903,1.7051579356193542,1.332581639289856,2.0777342319488525,5.856972614924113,5.369707743326823,6.344237486521403,0.152048397282127,0.2037148261889167,1.591034173965454,1.2702133655548096,1.9118549823760984,5.783094247182211,5.22991418838501,6.336274305979411,0.1664306054343566,0.206009185616194,1.579834520816803,1.238335371017456,1.92133367061615,5.735686858495077,5.139814376831055,6.331559340159099,0.2196962604998208,0.1953080039211756,1.6331774592399595,1.3271784782409668,1.9391764402389529,5.764120817184448,5.258298714955648,6.269942919413249,0.1510401745651535,0.2074518016650571,1.5728562474250791,1.2199013233184814,1.9258111715316768,5.732353607813517,5.156457424163818,6.308249791463216,0.1876353168625084,0.191577411026442,1.6524633169174194,1.362294316291809,1.9426323175430296,5.556589921315512,4.792937755584717,6.320242087046306,0.1488483232707294,0.1770587657687658,1.731273591518402,1.5044506788253784,1.9580965042114256
