sample,binding,interface,af3_pae,af3_plddt,af3_interface_dG,af3_interface_dG_SASA_ratio,af3_ipae,af3_iplddt,af3_ipsae,af3_pdockq,af3_pdockq2,af3_lis,af3_iptm,af3_ptm,af3_pyros_binder_score,af3_rank,af3_ranking_score,af3_rank0_masif,cf_af3_rmsd,cf_pae,cf_plddt,cf_interface_dG,cf_interface_dG_SASA_ratio,cf_ipae,cf_iplddt,cf_ipsae,cf_pdockq,cf_pdockq2,cf_lis,cf_iptm,cf_ptm,cf_pyros_binder_score,cf_rank,cf_rank0_masif,pred_ilddt,pred_lddt,esmfold_ipae,esmfold_iplddt,esmfold_plddt,esmfold_pae,esmfold_ptm,esmfold2_ipae,esmfold2_iplddt,esmfold2_plddt,esmfold2_pae,esmfold2_ptm,esmfold2_iptm,chai_unconstrained_score,chai_unconstrained_model_path,chai_constrained_score,chai_constrained_model_path,chai_unconstrained_aggregate_score,chai_unconstrained_ptm,chai_unconstrained_iptm,chai_unconstrained_per_chain_ptm,chai_unconstrained_per_chain_pair_iptm,chai_unconstrained_interface_iptm,chai_unconstrained_ipsae,chai_unconstrained_pdockq,chai_unconstrained_pdockq2,chai_unconstrained_lis,chai_constrained_aggregate_score,chai_constrained_ptm,chai_constrained_iptm,chai_constrained_per_chain_ptm,chai_constrained_per_chain_pair_iptm,chai_constrained_interface_iptm,chai_constrained_ipsae,chai_constrained_pdockq,chai_constrained_pdockq2,chai_constrained_lis,boltz_free_confidence_score,boltz_free_ptm,boltz_free_iptm,boltz_free_plddt,boltz_free_iplddt,boltz_free_pde,boltz_free_ipde,boltz_free_per_chain_pair_iptm,boltz_free_model_path,boltz_free_ipsae,boltz_free_pdockq,boltz_free_pdockq2,boltz_free_lis,boltz_template_confidence_score,boltz_template_ptm,boltz_template_iptm,boltz_template_plddt,boltz_template_iplddt,boltz_template_pde,boltz_template_ipde,boltz_template_per_chain_pair_iptm,boltz_template_model_path,boltz_template_ipsae,boltz_template_pdockq,boltz_template_pdockq2,boltz_template_lis,af3_esm3dg_dg,af3_esm3dg_dg_a,af3_esm3dg_dg_b,af3_esm3dg_dg_std,af3_mpnn_confidence,af3_mpnn_nll,af3_mpnn_nll_a,af3_mpnn_nll_b,boltz_free_esm3dg_dg,boltz_free_esm3dg_dg_a,boltz_free_esm3dg_dg_b,boltz_free_esm3dg_dg_std,boltz_free_mpnn_confidence,boltz_free_mpnn_nll,boltz_free_mpnn_nll_a,boltz_free_mpnn_nll_b,boltz_template_esm3dg_dg,boltz_template_esm3dg_dg_a,boltz_template_esm3dg_dg_b,boltz_template_esm3dg_dg_std,boltz_template_mpnn_confidence,boltz_template_mpnn_nll,boltz_template_mpnn_nll_a,boltz_template_mpnn_nll_b,cf_esm3dg_dg,cf_esm3dg_dg_a,cf_esm3dg_dg_b,cf_esm3dg_dg_std,cf_mpnn_confidence,cf_mpnn_nll,cf_mpnn_nll_a,cf_mpnn_nll_b,chai_constrained_esm3dg_dg,chai_constrained_esm3dg_dg_a,chai_constrained_esm3dg_dg_b,chai_constrained_esm3dg_dg_std,chai_constrained_mpnn_confidence,chai_constrained_mpnn_nll,chai_constrained_mpnn_nll_a,chai_constrained_mpnn_nll_b,chai_unconstrained_esm3dg_dg,chai_unconstrained_esm3dg_dg_a,chai_unconstrained_esm3dg_dg_b,chai_unconstrained_esm3dg_dg_std,chai_unconstrained_mpnn_confidence,chai_unconstrained_mpnn_nll,chai_unconstrained_mpnn_nll_a,chai_unconstrained_mpnn_nll_b,esmfold_esm3dg_dg,esmfold_esm3dg_dg_a,esmfold_esm3dg_dg_b,esmfold_esm3dg_dg_std,esmfold_mpnn_confidence,esmfold_mpnn_nll,esmfold_mpnn_nll_a,esmfold_mpnn_nll_b
nb_s38254_mpnn_5_IL3,False,"A,B",14.636910434470153,78.88599899849774,249.4,16.56,4.394230769230769,64.66073100878664,0.005493,0.0779,0.0125,0.0,0.17,0.8200000000000001,198.59,0.0,0.24,0.0003,0.445,7.105852458248058,89.77106719367589,6831.26,370.49,1.8922727272727278,79.7582603122877,0.212979,0.1419,0.1584,0.2332,0.51,0.72,3557.14,1.0,0.0266,0.07865343849228836,0.8401573803914143,26.715102513631184,46.824493408203125,51.287518,21.443523,0.4579795,,,,,,,0.379721462726593,/scicore/home/schwede/barta0000/germinal_ds/templates_target_shuffle/nb_s38254_mpnn_5_IL3/chai_no_constraints/seed_4518/pred.model_idx_3.cif,0.6451915502548218,/scicore/home/schwede/barta0000/germinal_ds/templates_target_shuffle/nb_s38254_mpnn_5_IL3/chai_with_constraints/seed_1484/pred.model_idx_0.cif,0.379721462726593,0.618486762046814,0.3200300931930542,"[[0.9221425652503967, 0.3027656674385071]]","[[[0.9221425652503967, 0.19820280373096466], [0.3200300931930542, 0.3027656674385071]]]",0.19820280373096466,0.039218,0.0853,0.0122,0.0647,0.6451915502548218,0.6918896436691284,0.6335170269012451,"[[0.8929632902145386, 0.37267306447029114]]","[[[0.8929632902145386, 0.3474949598312378], [0.6335170269012451, 0.37267306447029114]]]",0.3474949598312378,0.374067,0.1294,0.0622,0.3349,0.833345353603363,0.8321595191955566,0.699278712272644,0.8668619394302368,0.8017016053199768,0.539298951625824,3.244825839996338,0.6730324029922485,/scicore/home/schwede/barta0000/germinal_ds/templates_target_shuffle/nb_s38254_mpnn_5_IL3/boltz_free/output/boltz_results_nb_s38254_mpnn_5_IL3/predictions/nb_s38254_mpnn_5_IL3/nb_s38254_mpnn_5_IL3_model_0.cif,0.301619,0.248,0.121,0.2998,0.9024683237075806,0.8557954430580139,0.7549412250518799,0.9393500089645386,0.920175313949585,0.570816159248352,4.080386638641357,0.7549412250518799,/scicore/home/schwede/barta0000/germinal_ds/templates_target_shuffle/nb_s38254_mpnn_5_IL3/boltz_with_template/output/boltz_results_nb_s38254_mpnn_5_IL3/predictions/nb_s38254_mpnn_5_IL3/nb_s38254_mpnn_5_IL3_model_0.cif,0.36885,0.4704,0.3061,0.3963,3.9997931321461992,4.339520454406738,3.6600658098856607,0.1476557210151715,0.2353656163726519,1.4466151595115662,1.1817889213562012,1.7114413976669312,3.659920891125997,4.207797686258952,3.112044095993042,0.1034072849021222,0.1994388895870789,1.6122474074363708,1.2794523239135742,1.9450424909591677,3.615660230318705,3.911907354990641,3.319413105646769,0.1366949377117065,0.2321955728974372,1.4601752758026123,1.1817102432250977,1.738640308380127,4.1953041553497314,4.643472989400228,3.747135321299235,0.1179216763504512,0.2429803468918886,1.4147747159004211,1.1364396810531616,1.6931097507476809,3.180179238319397,3.8304171562194815,2.5299413204193115,0.0877117291691932,0.1645746476669124,1.8043910264968872,1.332608938217163,2.2761731147766118,3.5398463408152265,4.337138652801514,2.742554028828939,0.0536393459031997,0.1678029475769882,1.784964919090271,1.1670715808868408,2.402858257293701,3.5176103115081787,4.136295159657796,2.898925463358561,0.081906979487005,0.132150595926544,2.0238131284713745,1.5944197177886963,2.4532065391540527
nb_s467069_mpnn_3_IL3,False,"A,B",12.627599243856332,80.28090954522737,498.27,33.86,8.355,66.20819150187064,0.009208,0.0618,0.0187,0.0356,0.23,0.82,223.12,0.0,0.3,0.5974,0.746,8.641854270493212,87.53901185770751,19679.43,892.12,4.723148148148148,75.38833300272624,0.135586,0.1406,0.0508,0.1456,0.38,0.66,11441.39,1.0,0.5916,0.12180213074233834,0.8539278713677831,26.03407108783722,60.95920944213867,58.634518,20.703945,0.48717865,,,,,,,0.23448705673217773,/scicore/home/schwede/barta0000/germinal_ds/templates_target_shuffle/nb_s467069_mpnn_3_IL3/chai_no_constraints/seed_1527/pred.model_idx_0.cif,0.32967275381088257,/scicore/home/schwede/barta0000/germinal_ds/templates_target_shuffle/nb_s467069_mpnn_3_IL3/chai_with_constraints/seed_1266/pred.model_idx_1.cif,0.23448705673217773,0.5886629819869995,0.1459430754184723,"[[0.9128774404525757, 0.3078371584415436]]","[[[0.9128774404525757, 0.14224742352962494], [0.1459430754184723, 0.3078371584415436]]]",0.14224742352962494,0.005435,0.1145,0.0106,0.0,0.32967275381088257,0.6592512726783752,0.2472781091928482,"[[0.9130479693412781, 0.32028356194496155]]","[[[0.9130479693412781, 0.2472781091928482], [0.2114807665348053, 0.32028356194496155]]]",0.2472781091928482,0.132053,0.039,0.0246,0.1415,0.7869009971618652,0.7623808979988098,0.5593169927597046,0.8437970280647278,0.7465103268623352,0.5406318306922913,4.1519904136657715,0.5380347371101379,/scicore/home/schwede/barta0000/germinal_ds/templates_target_shuffle/nb_s467069_mpnn_3_IL3/boltz_free/output/boltz_results_nb_s467069_mpnn_3_IL3/predictions/nb_s467069_mpnn_3_IL3/nb_s467069_mpnn_3_IL3_model_0.cif,0.175438,0.0832,0.0378,0.1443,0.8643515706062317,0.8916326761245728,0.8070536255836487,0.8786760568618774,0.8053427934646606,0.416737824678421,2.375236988067627,0.8070536255836487,/scicore/home/schwede/barta0000/germinal_ds/templates_target_shuffle/nb_s467069_mpnn_3_IL3/boltz_with_template/output/boltz_results_nb_s467069_mpnn_3_IL3/predictions/nb_s467069_mpnn_3_IL3/nb_s467069_mpnn_3_IL3_model_0.cif,0.555825,0.1321,0.2802,0.5435,4.876462459564209,6.220174948374431,3.532749970753988,0.1534810797822972,0.2151532981083907,1.5364044904708862,1.3564728498458862,1.7163361310958862,4.460683862368265,5.923548539479573,2.997819185256958,0.1387322312544847,0.1967168694903157,1.62598979473114,1.2833408117294312,1.968638777732849,4.4317041238149,5.740394592285156,3.123013655344645,0.1410262905756718,0.2271582800904021,1.482108235359192,1.211474061012268,1.7527424097061155,5.050418059031169,6.389950752258301,3.7108853658040366,0.1558407106022721,0.209493079161278,1.5630645751953125,1.3911807537078855,1.7349483966827393,4.32169755299886,6.013616561889648,2.6297785441080728,0.0971655304628262,0.1894830574389016,1.6634556651115415,1.2845929861068726,2.042318344116211,4.030448993047079,5.739431063334147,2.3214669227600098,0.1114752950814509,0.171644528069595,1.762329638004303,1.3405803442001345,2.184078931808472,4.318078398704529,5.878325780232747,2.75783101717631,0.1063941122981857,0.1448751707570916,1.9318827986717224,1.4348500967025757,2.428915500640869
nb_s283003_mpnn_3_PDL1,False,"A,B",6.326973953604301,86.005582010582,77.75,5.29,4.196666666666667,79.18417765660719,0.348627,0.2007,0.3703,0.3536,0.67,0.85,-150.09,0.0,0.69,0.9954,0.4,4.170738485641546,94.73447257383967,17807.91,695.4,2.2601785714285714,90.5811109189634,0.533008,0.2844,0.6806,0.5376,0.76,0.84,32841.77,1.0,0.9182,0.06502250895728792,0.8403928570041509,22.529186248779297,47.84307861328125,65.9854,17.567356,0.47390872,,,,,,,0.34522560238838196,/scicore/home/schwede/barta0000/germinal_ds/templates_target_shuffle/nb_s283003_mpnn_3_PDL1/chai_no_constraints/seed_2095/pred.model_idx_4.cif,0.4422972798347473,/scicore/home/schwede/barta0000/germinal_ds/templates_target_shuffle/nb_s283003_mpnn_3_PDL1/chai_with_constraints/seed_1824/pred.model_idx_0.cif,0.34522560238838196,0.6825418472290039,0.2608965337276459,"[[0.9133821725845337, 0.8829984664916992]]","[[[0.9133821725845337, 0.2608965337276459], [0.2280300259590149, 0.8829984664916992]]]",0.2608965337276459,0.12853,0.0628,0.022,0.0991,0.4422972798347473,0.7444159984588623,0.3667675852775574,"[[0.9173321723937988, 0.8867424130439758]]","[[[0.9173321723937988, 0.3667675852775574], [0.3411303162574768, 0.8867424130439758]]]",0.3667675852775574,0.246156,0.0653,0.0448,0.2535,0.8795814514160156,0.8774291276931763,0.8209351301193237,0.894243061542511,0.8542600274085999,0.36948952078819275,1.344959020614624,0.7724310159683228,/scicore/home/schwede/barta0000/germinal_ds/templates_target_shuffle/nb_s283003_mpnn_3_PDL1/boltz_free/output/boltz_results_nb_s283003_mpnn_3_PDL1/predictions/nb_s283003_mpnn_3_PDL1/nb_s283003_mpnn_3_PDL1_model_0.cif,0.587358,0.176,0.4627,0.5406,0.8883699774742126,0.8482329249382019,0.7474206686019897,0.9236072301864624,0.9079408049583435,0.41619017720222473,2.8962621688842773,0.6983796954154968,/scicore/home/schwede/barta0000/germinal_ds/templates_target_shuffle/nb_s283003_mpnn_3_PDL1/boltz_with_template/output/boltz_results_nb_s283003_mpnn_3_PDL1/predictions/nb_s283003_mpnn_3_PDL1/nb_s283003_mpnn_3_PDL1_model_0.cif,0.360057,0.1996,0.4104,0.4308,4.831006844838461,5.164449373881022,4.497564315795898,0.1017934835926275,0.2655544686994145,1.3259353041648865,1.2286906242370603,1.4231799840927124,4.939744313557943,5.286363283793132,4.593125343322754,0.0971879182023995,0.2367984935373975,1.4405457377433777,1.320164442062378,1.5609270334243774,4.894439140955607,5.319069862365723,4.469808419545491,0.1006160535308729,0.2602328034124044,1.346178650856018,1.257523536682129,1.4348337650299072,5.003137270609537,5.355786641438802,4.650487899780273,0.1164576358895524,0.2705166997921404,1.3074214458465576,1.1999586820602417,1.4148842096328735,5.016257921854654,5.535245895385742,4.497269948323567,0.1135085833830854,0.2461866110452677,1.401665449142456,1.223766207695007,1.5795646905899048,4.810686111450195,5.219910939534505,4.401461283365886,0.1336983197357101,0.2307746740940173,1.4663134813308716,1.2919189929962158,1.6407079696655271,4.715457121531168,4.874372323354085,4.556541919708252,0.0880517345458532,0.2208815932756613,1.5101284980773926,1.4442508220672607,1.5760061740875244
nb_s893078_mpnn_5_IL20,False,"A,B",14.617649115359162,75.56304057066428,749.82,25.6,11.874999999999998,56.83804632932375,0.005755,0.1247,0.0121,0.0,0.17,0.795,502.92,0.0,0.26,0.0042,0.854,6.691985291363359,87.47575971731449,2649.76,101.52,4.398679245283018,76.2099991551152,0.33411,0.3888,0.1947,0.3152,0.57,0.73,3873.19,1.0,0.0095,0.09775744464153638,0.8190168960373834,12.796125173568726,64.90869903564453,73.22438,14.534185,0.54980767,,,,,,,0.2956404685974121,/scicore/home/schwede/barta0000/germinal_ds/templates_target_shuffle/nb_s893078_mpnn_5_IL20/chai_no_constraints/seed_3217/pred.model_idx_2.cif,0.5080713033676147,/scicore/home/schwede/barta0000/germinal_ds/templates_target_shuffle/nb_s893078_mpnn_5_IL20/chai_with_constraints/seed_2825/pred.model_idx_1.cif,0.2956404685974121,0.6047961711883545,0.21835151314735413,"[[0.8724806904792786, 0.8905398845672607]]","[[[0.8724806904792786, 0.21835151314735413], [0.19265106320381165, 0.8905398845672607]]]",0.21835151314735413,0.047623,0.1562,0.0133,0.0159,0.5080713033676147,0.738506555557251,0.4504624605178833,"[[0.8865438103675842, 0.8583366274833679]]","[[[0.8865438103675842, 0.4504624605178833], [0.4286288619041443, 0.8583366274833679]]]",0.4504624605178833,0.337969,0.1877,0.1552,0.3329,0.5565637946128845,0.6113150715827942,0.3674893379211426,0.6038323640823364,0.5495096445083618,1.5110222101211548,7.326014995574951,0.3674893379211426,/scicore/home/schwede/barta0000/germinal_ds/templates_target_shuffle/nb_s893078_mpnn_5_IL20/boltz_free/output/boltz_results_nb_s893078_mpnn_5_IL20/predictions/nb_s893078_mpnn_5_IL20/nb_s893078_mpnn_5_IL20_model_0.cif,0.071963,0.0658,0.014,0.0377,0.8334331512451172,0.838552713394165,0.7350232601165771,0.8580355644226074,0.8279373645782471,0.7825126051902771,3.1207451820373535,0.7105101943016052,/scicore/home/schwede/barta0000/germinal_ds/templates_target_shuffle/nb_s893078_mpnn_5_IL20/boltz_with_template/output/boltz_results_nb_s893078_mpnn_5_IL20/predictions/nb_s893078_mpnn_5_IL20/nb_s893078_mpnn_5_IL20_model_0.cif,0.452334,0.4025,0.2884,0.3976,4.471539696057638,5.251432577768962,3.6916468143463135,0.0875627921910013,0.1733545168210224,1.7524165511131289,1.5060590505599976,1.99877405166626,4.298451900482178,5.133578777313232,3.463325023651123,0.1390581777240375,0.1379663047125081,1.980745792388916,1.3631761074066162,2.598315477371216,4.226762255032857,4.909132480621338,3.5443920294443765,0.1468453250081438,0.1577753068912579,1.846583366394043,1.3324260711669922,2.3607406616210938,4.483383218447368,5.355316321055095,3.61145011583964,0.074470248301011,0.1771654095799696,1.730671465396881,1.444517970085144,2.016824960708618,4.183321158091228,4.640284538269043,3.726357777913412,0.1208619880530225,0.1813044447042388,1.707577645778656,1.3684955835342407,2.0466597080230717,4.257307847340902,4.640147844950358,3.874467849731445,0.0955738682436478,0.187135699164966,1.6759212613105774,1.379794001579285,1.97204852104187,4.708649675051371,5.275450706481934,4.141848643620809,0.1335309955753381,0.181719557135755,1.705290675163269,1.4852570295333862,1.925324320793152
nb_s166775_mpnn_5_IL20,False,"A,B",14.875342431544906,80.11540035587188,384.07,22.58,6.846296296296296,67.53286900063901,0.0054,0.1097,0.0112,0.0,0.14,0.85,264.76,0.0,0.22,0.0266,0.598,6.006752987301627,91.59763250883391,18105.29,892.78,3.5665,81.0200001852853,0.310269,0.1935,0.2322,0.3093,0.57,0.77,24133.02,1.0,0.0002,0.09577484516338933,0.8544560090883249,13.081266749988902,66.19332885742188,73.0252,14.687769,0.5466184,,,,,,,0.6151343584060669,/scicore/home/schwede/barta0000/germinal_ds/templates_target_shuffle/nb_s166775_mpnn_5_IL20/chai_no_constraints/seed_2387/pred.model_idx_2.cif,0.43324023485183716,/scicore/home/schwede/barta0000/germinal_ds/templates_target_shuffle/nb_s166775_mpnn_5_IL20/chai_with_constraints/seed_275/pred.model_idx_2.cif,0.6151343584060669,0.7313832640647888,0.5860720872879028,"[[0.8920544385910034, 0.9047362804412842]]","[[[0.8920544385910034, 0.5860720872879028], [0.42044711112976074, 0.9047362804412842]]]",0.5860720872879028,0.346319,0.1539,0.1874,0.2343,0.43324023485183716,0.7137499451637268,0.36311280727386475,"[[0.9097190499305725, 0.8973602652549744]]","[[[0.9097190499305725, 0.3449915647506714], [0.36311280727386475, 0.8973602652549744]]]",0.3449915647506714,0.228403,0.1638,0.0706,0.2265,0.5816174745559692,0.6338820457458496,0.3466169238090515,0.6403675675392151,0.5978301167488098,1.0783368349075317,7.395366191864014,0.29152530431747437,/scicore/home/schwede/barta0000/germinal_ds/templates_target_shuffle/nb_s166775_mpnn_5_IL20/boltz_free/output/boltz_results_nb_s166775_mpnn_5_IL20/predictions/nb_s166775_mpnn_5_IL20/nb_s166775_mpnn_5_IL20_model_0.cif,0.056177,0.0439,0.0145,0.0419,0.7337727546691895,0.6709458827972412,0.41848793625831604,0.812593936920166,0.7691033482551575,0.9571980834007263,7.441657066345215,0.3886110782623291,/scicore/home/schwede/barta0000/germinal_ds/templates_target_shuffle/nb_s166775_mpnn_5_IL20/boltz_with_template/output/boltz_results_nb_s166775_mpnn_5_IL20/predictions/nb_s166775_mpnn_5_IL20/nb_s166775_mpnn_5_IL20_model_0.cif,0.114835,0.1029,0.0309,0.0692,4.60539166132609,4.877228260040283,4.3335550626118975,0.1413618610332047,0.2108834408189486,1.5564497113227844,1.319313883781433,1.7935855388641355,3.9568856954574585,4.544616222381592,3.369155168533325,0.2292337197623419,0.1556555560637377,1.8601096868515012,1.3621885776519775,2.3580307960510254,3.936840415000916,4.526406923929851,3.347273906071981,0.2212118083861844,0.1656650288363441,1.7977874279022217,1.3307855129241943,2.264789342880249,4.580216010411581,4.79000186920166,4.370430151621501,0.1540164996173126,0.2101801636273186,1.5597901940345764,1.318936824798584,1.8006435632705688,4.3743741909662885,4.735101381937663,4.013646999994914,0.1400439285603862,0.2063407177755424,1.5782265067100525,1.3035573959350586,1.8528956174850464,4.368628462155661,4.76144806543986,3.97580885887146,0.1374744221010861,0.2074503920494783,1.5728630423545835,1.303991436958313,1.8417346477508545,4.512343406677246,4.754443009694417,4.270243803660075,0.1792325421637056,0.1807575286002548,1.7105987668037417,1.481661319732666,1.939536213874817
nb_s299161_mpnn_2_BHRF,False,"A,B",11.291937979003555,80.46801480191554,120.06,11.05,9.802083333333334,72.75065484327797,0.099148,0.0892,0.047,0.1014,0.38,0.825,-26.08,0.0,0.44,0.0004,0.197,5.53639305157001,93.68453608247422,296.98,28.48,4.236428571428571,90.8576191493443,0.440395,0.2078,0.5292,0.3831,0.73,0.84,254.89,1.0,0.8792,0.2026961779988198,0.8507246449214086,20.571910858154297,65.06770324707031,73.78247,16.836304,0.52019763,,,,,,,0.33557456731796265,/scicore/home/schwede/barta0000/germinal_ds/templates_target_shuffle/nb_s299161_mpnn_2_BHRF/chai_no_constraints/seed_3618/pred.model_idx_2.cif,0.4071701467037201,/scicore/home/schwede/barta0000/germinal_ds/templates_target_shuffle/nb_s299161_mpnn_2_BHRF/chai_with_constraints/seed_4526/pred.model_idx_2.cif,0.33557456731796265,0.6392073631286621,0.2596663534641266,"[[0.9163625836372375, 0.905071496963501]]","[[[0.9163625836372375, 0.2596663534641266], [0.21383821964263916, 0.905071496963501]]]",0.2596663534641266,0.105118,0.1843,0.0167,0.055,0.4071701467037201,0.6816154718399048,0.33855879306793213,"[[0.9209064841270447, 0.9097588658332825]]","[[[0.9209064841270447, 0.33855879306793213], [0.2684684693813324, 0.9097588658332825]]]",0.33855879306793213,0.206709,0.1362,0.0323,0.1467,0.8869457244873047,0.9072402715682983,0.8455865383148193,0.8972854614257812,0.8326512575149536,0.3636992573738098,1.40538489818573,0.8455865383148193,/scicore/home/schwede/barta0000/germinal_ds/templates_target_shuffle/nb_s299161_mpnn_2_BHRF/boltz_free/output/boltz_results_nb_s299161_mpnn_2_BHRF/predictions/nb_s299161_mpnn_2_BHRF/nb_s299161_mpnn_2_BHRF_model_0.cif,0.678005,0.3026,0.3694,0.5889,0.8971660733222961,0.8465406894683838,0.7137249112129211,0.9430263042449951,0.9088309407234192,0.5587279796600342,4.651228427886963,0.7137249112129211,/scicore/home/schwede/barta0000/germinal_ds/templates_target_shuffle/nb_s299161_mpnn_2_BHRF/boltz_with_template/output/boltz_results_nb_s299161_mpnn_2_BHRF/predictions/nb_s299161_mpnn_2_BHRF/nb_s299161_mpnn_2_BHRF_model_0.cif,0.373958,0.4478,0.2042,0.3542,4.688367684682211,4.267375469207764,5.109359900156657,0.1486219154753688,0.2035010509410837,1.5920841097831726,1.427850365638733,1.7563178539276123,4.58153478304545,4.36007293065389,4.802996635437012,0.1814957265467877,0.2180947022047895,1.5228258967399595,1.2500503063201904,1.795601487159729,4.551073710123697,4.266244888305664,4.835902531941732,0.195943810237037,0.2261605445965722,1.486510157585144,1.272873044013977,1.700147271156311,4.729770104090372,4.3651712735493975,5.094368934631348,0.1336844220734185,0.2000670962262451,1.609102487564087,1.4487942457199097,1.7694107294082642,4.736770788828531,4.5001223882039385,4.973419189453125,0.1729723080241373,0.2318945558471244,1.461472511291504,1.3070361614227295,1.6159088611602783,4.650850375493367,4.444714864095052,4.856985886891683,0.1450298715370291,0.2228301502847906,1.501345455646515,1.2712421417236328,1.731448769569397,5.047525564829509,4.870981852213542,5.224069277445476,0.1019571089141346,0.2079856205667957,1.5702863335609436,1.4782363176345823,1.662336349487305
nb_s37712_mpnn_2_BHRF,False,"A,B",9.950678428455024,80.28289302728454,304.11,10.84,6.716346153846152,71.73242209537409,0.163186,0.2553,0.0547,0.1266,0.45,0.83,54.14,0.0,0.49,0.9152,0.525,5.003649579008277,90.67810996563574,17470.16,874.09,3.177142857142858,87.02312469482422,0.586064,0.4496,0.5279,0.5155,0.77,0.85,21595.43,1.0,0.6595,0.31231036535189516,0.8292138031624329,14.392612338066101,66.44055938720703,74.5366,15.004133,0.54820246,,,,,,,0.6123310327529907,/scicore/home/schwede/barta0000/germinal_ds/templates_target_shuffle/nb_s37712_mpnn_2_BHRF/chai_no_constraints/seed_4285/pred.model_idx_2.cif,0.7394068241119385,/scicore/home/schwede/barta0000/germinal_ds/templates_target_shuffle/nb_s37712_mpnn_2_BHRF/chai_with_constraints/seed_3101/pred.model_idx_3.cif,0.6123310327529907,0.7884196639060974,0.5683088898658752,"[[0.9043391942977905, 0.9058788418769836]]","[[[0.9043391942977905, 0.5683088898658752], [0.5143426060676575, 0.9058788418769836]]]",0.5683088898658752,0.365874,0.3036,0.1076,0.2919,0.7394068241119385,0.8647716641426086,0.7080656290054321,"[[0.914435863494873, 0.9008683562278748]]","[[[0.914435863494873, 0.6782441735267639], [0.7080656290054321, 0.9008683562278748]]]",0.6782441735267639,0.635738,0.4033,0.4105,0.5285,0.8183159232139587,0.7733741998672485,0.6056101322174072,0.8714922666549683,0.8259149193763733,0.7211060523986816,6.517693519592285,0.5981377959251404,/scicore/home/schwede/barta0000/germinal_ds/templates_target_shuffle/nb_s37712_mpnn_2_BHRF/boltz_free/output/boltz_results_nb_s37712_mpnn_2_BHRF/predictions/nb_s37712_mpnn_2_BHRF/nb_s37712_mpnn_2_BHRF_model_0.cif,0.251097,0.3656,0.0735,0.1544,0.9010060429573059,0.8981152176856995,0.8509145379066467,0.9135289192199707,0.889516294002533,0.4900093674659729,2.0095481872558594,0.8509145379066467,/scicore/home/schwede/barta0000/germinal_ds/templates_target_shuffle/nb_s37712_mpnn_2_BHRF/boltz_with_template/output/boltz_results_nb_s37712_mpnn_2_BHRF/predictions/nb_s37712_mpnn_2_BHRF/nb_s37712_mpnn_2_BHRF_model_0.cif,0.658838,0.4919,0.5458,0.5723,5.000773270924886,5.013838132222493,4.987708409627278,0.0794922457937678,0.2215425570413784,1.507140576839447,1.264209270477295,1.7500718832015991,4.674829562505087,4.581859747568767,4.767799377441406,0.1247862939141086,0.2230652542724362,1.500290930271149,1.203735113143921,1.7968467473983765,4.659731864929199,4.542624155680339,4.77683957417806,0.1255503909727003,0.2254902922462744,1.4894781708717346,1.2429255247116089,1.7360308170318604,5.150789022445679,5.19968843460083,5.101889610290527,0.099437324780626,0.2285605089705243,1.475954294204712,1.231491208076477,1.7204173803329468,4.879281679789225,4.915419896443685,4.843143463134766,0.0985170201256118,0.2252457851338986,1.4905630946159365,1.335344910621643,1.6457812786102295,4.764388799667358,4.637527147928874,4.891250451405843,0.0967612860014307,0.2146091027874281,1.5389370322227478,1.333098292350769,1.7447757720947266,5.062692801157633,4.919823964436849,5.205561637878418,0.0597213195635137,0.2078726782114136,1.5708295106887815,1.4695227146148682,1.672136306762695
nb_s759449_mpnn_4_IL20,False,"A,B",13.812492352258115,81.74700357781754,124.29,8.95,7.157500000000001,68.49401403945635,0.005691,0.066,0.0121,0.0,0.17,0.855,50.12,0.0,0.25,,0.304,5.1458009214748595,93.87929328621907,353.1,26.45,2.51025,91.28649864196777,0.481841,0.2224,0.4521,0.4155,0.7,0.81,3147.65,1.0,0.0855,0.07361379768097584,0.8436481312927565,14.465588760375976,63.16134262084961,72.7857,15.182162,0.5435732,,,,,,,0.29729169607162476,/scicore/home/schwede/barta0000/germinal_ds/templates_target_shuffle/nb_s759449_mpnn_4_IL20/chai_no_constraints/seed_3352/pred.model_idx_3.cif,0.431755006313324,/scicore/home/schwede/barta0000/germinal_ds/templates_target_shuffle/nb_s759449_mpnn_4_IL20/chai_with_constraints/seed_2365/pred.model_idx_1.cif,0.29729169607162476,0.6071562767028809,0.21982555091381073,"[[0.9144450426101685, 0.8952740430831909]]","[[[0.9144450426101685, 0.21982555091381073], [0.21481189131736755, 0.8952740430831909]]]",0.21982555091381073,0.02775,0.0918,0.0137,0.0067,0.431755006313324,0.7093830704689026,0.36234796047210693,"[[0.9118306636810303, 0.9001660943031311]]","[[[0.9118306636810303, 0.36234796047210693], [0.33975425362586975, 0.9001660943031311]]]",0.36234796047210693,0.238855,0.0963,0.0785,0.2034,0.7338628768920898,0.8665786385536194,0.817159116268158,0.7130388021469116,0.7009332180023193,0.5454137325286865,1.8039919137954712,0.817159116268158,/scicore/home/schwede/barta0000/germinal_ds/templates_target_shuffle/nb_s759449_mpnn_4_IL20/boltz_free/output/boltz_results_nb_s759449_mpnn_4_IL20/predictions/nb_s759449_mpnn_4_IL20/nb_s759449_mpnn_4_IL20_model_0.cif,0.581973,0.0848,0.216,0.4637,0.901385486125946,0.8602185845375061,0.8649876713752747,0.9104849100112915,0.9179502129554749,0.6286855936050415,1.3628880977630615,0.8649876713752747,/scicore/home/schwede/barta0000/germinal_ds/templates_target_shuffle/nb_s759449_mpnn_4_IL20/boltz_with_template/output/boltz_results_nb_s759449_mpnn_4_IL20/predictions/nb_s759449_mpnn_4_IL20/nb_s759449_mpnn_4_IL20_model_0.cif,0.715547,0.3211,0.7497,0.4615,4.617995023727417,4.994922002156575,4.241068045298259,0.1445443037194697,0.213620299671748,1.5435551404953003,1.3352158069610596,1.751894474029541,4.023720979690552,4.982078075408936,3.065363883972168,0.0948686853206472,0.1662893661880739,1.7940258383750916,1.280803084373474,2.307248592376709,4.028767267862956,4.928536415100098,3.128998120625814,0.0928628742494946,0.1719006836814664,1.7608383893966677,1.3139431476593018,2.207733631134033,4.657896995544434,4.988676865895589,4.327117125193278,0.1459462730801689,0.2120470805473058,1.5509469509124756,1.3105170726776123,1.7913768291473389,4.3621797164281215,4.7444407145182295,3.9799187183380127,0.1243555255412026,0.2106140446973421,1.5577279925346377,1.276318907737732,1.839137077331543,4.312707940737407,4.7440032958984375,3.881412585576376,0.1370290818690938,0.2241177327296717,1.4955837726593018,1.2360388040542605,1.7551287412643433,4.499993960062662,4.828311284383138,4.171676635742188,0.181705025094253,0.1880456743667449,1.671070396900177,1.4452743530273438,1.8968664407730105
nb_s1683_mpnn_1_IL3,False,"A,B",14.433173459982187,79.94281062124247,174.49,13.33,5.865217391304348,63.48661731129959,0.00565,0.0438,0.013,0.0,0.16,0.815,70.21,0.0,0.24,0.5763,0.455,7.072651814588572,91.82521739130435,3519.98,192.75,2.168611111111111,81.67549991607666,0.21414,0.1152,0.1682,0.2377,0.51,0.73,2610.78,1.0,0.9362,0.0916906706605252,0.8831853862283479,25.87424921989441,54.26426696777344,53.444157,21.497467,0.4579128,,,,,,,0.20783263444900513,/scicore/home/schwede/barta0000/germinal_ds/templates_target_shuffle/nb_s1683_mpnn_1_IL3/chai_no_constraints/seed_2980/pred.model_idx_2.cif,0.5718835592269897,/scicore/home/schwede/barta0000/germinal_ds/templates_target_shuffle/nb_s1683_mpnn_1_IL3/chai_with_constraints/seed_2518/pred.model_idx_2.cif,0.20783263444900513,0.5478933453559875,0.12281744927167892,"[[0.8533692955970764, 0.32832059264183044]]","[[[0.8533692955970764, 0.12281744927167892], [0.08783562481403351, 0.32832059264183044]]]",0.12281744927167892,0.005478,0.1136,0.0099,0.0,0.5718835592269897,0.7209819555282593,0.5346089005470276,"[[0.9055424332618713, 0.4286261200904846]]","[[[0.9055424332618713, 0.3717457354068756], [0.5346089005470276, 0.4286261200904846]]]",0.3717457354068756,0.338766,0.2577,0.272,0.3096,0.8472220301628113,0.8217555284500122,0.7906565070152283,0.8613634705543518,0.7884926199913025,0.5297420024871826,2.176370620727539,0.7906565070152283,/scicore/home/schwede/barta0000/germinal_ds/templates_target_shuffle/nb_s1683_mpnn_1_IL3/boltz_free/output/boltz_results_nb_s1683_mpnn_1_IL3/predictions/nb_s1683_mpnn_1_IL3/nb_s1683_mpnn_1_IL3_model_0.cif,0.508054,0.2315,0.2264,0.3803,0.8342995643615723,0.7376999258995056,0.6144301295280457,0.8892669081687927,0.8386167883872986,0.7839900851249695,5.224770545959473,0.6144301295280457,/scicore/home/schwede/barta0000/germinal_ds/templates_target_shuffle/nb_s1683_mpnn_1_IL3/boltz_with_template/output/boltz_results_nb_s1683_mpnn_1_IL3/predictions/nb_s1683_mpnn_1_IL3/nb_s1683_mpnn_1_IL3_model_0.cif,0.20752,0.3925,0.0973,0.1998,4.223814805348714,4.828464349110921,3.6191652615865073,0.1252916772935381,0.2325352732217545,1.4587133526802063,1.2132307291030884,1.7041959762573242,3.6162731647491455,4.219794591267903,3.012751738230387,0.111647501341471,0.176168363362872,1.736315131187439,1.560897946357727,1.9117323160171509,3.750582218170166,4.226486682891846,3.2746777534484863,0.1451591421339205,0.200396495115439,1.607457399368286,1.443300724029541,1.7716140747070312,4.405811150868733,5.012776374816895,3.7988459269205728,0.1213718308390995,0.2340610796763154,1.4521731734275818,1.1655621528625488,1.7387841939926147,3.383352100849152,4.747851053873698,2.018853147824605,0.1325703399190306,0.1793137072598217,1.7186184525489807,1.3031586408615112,2.13407826423645,3.154001315434773,3.947636524836222,2.360366106033325,0.1656916449940657,0.1583991853094493,1.8426369428634644,1.4161758422851562,2.2690980434417725,3.667560338973999,4.475634892781575,2.8594857851664224,0.1053114604437657,0.1363175689809068,1.9927680492401123,1.5411429405212402,2.4443931579589844
nb_s826150_mpnn_1_BHRF,False,"A,B",12.792236747322303,80.05783121993879,474.66,27.4,5.851612903225805,63.46746342749014,0.025681,0.1065,0.0161,0.04,0.26,0.84,223.19,0.0,0.32,0.0078,0.301,4.971353550383203,91.69659793814432,15467.04,819.13,3.834827586206896,84.0235293893253,0.633132,0.3002,0.4824,0.5189,0.78,0.86,23051.67,1.0,0.9594,0.07547865973054482,0.8429176109563398,15.228743825639997,64.25518035888672,74.802444,14.910932,0.55296457,,,,,,,0.26738134026527405,/scicore/home/schwede/barta0000/germinal_ds/templates_target_shuffle/nb_s826150_mpnn_1_BHRF/chai_no_constraints/seed_2349/pred.model_idx_4.cif,0.414519727230072,/scicore/home/schwede/barta0000/germinal_ds/templates_target_shuffle/nb_s826150_mpnn_1_BHRF/chai_with_constraints/seed_2340/pred.model_idx_1.cif,0.26738134026527405,0.6003053784370422,0.1841503232717514,"[[0.9154317378997803, 0.909096896648407]]","[[[0.9154317378997803, 0.1841503232717514], [0.13016219437122345, 0.909096896648407]]]",0.1841503232717514,0.009097,0.0832,0.0119,0.0151,0.414519727230072,0.7020177841186523,0.34264522790908813,"[[0.9175277948379517, 0.9092416167259216]]","[[[0.9175277948379517, 0.34264522790908813], [0.3123205304145813, 0.9092416167259216]]]",0.34264522790908813,0.224505,0.1287,0.0856,0.193,0.8434085845947266,0.867769718170166,0.7588480710983276,0.8645487427711487,0.75925213098526,0.42780801653862,2.306990623474121,0.7588480710983276,/scicore/home/schwede/barta0000/germinal_ds/templates_target_shuffle/nb_s826150_mpnn_1_BHRF/boltz_free/output/boltz_results_nb_s826150_mpnn_1_BHRF/predictions/nb_s826150_mpnn_1_BHRF/nb_s826150_mpnn_1_BHRF_model_0.cif,0.481471,0.1639,0.1596,0.4536,0.8068163990974426,0.7505297064781189,0.5178733468055725,0.8790521025657654,0.7880390286445618,0.782968282699585,8.452669143676758,0.5178733468055725,/scicore/home/schwede/barta0000/germinal_ds/templates_target_shuffle/nb_s826150_mpnn_1_BHRF/boltz_with_template/output/boltz_results_nb_s826150_mpnn_1_BHRF/predictions/nb_s826150_mpnn_1_BHRF/nb_s826150_mpnn_1_BHRF_model_0.cif,0.144364,0.1907,0.0282,0.0682,5.36701242129008,5.739976565043132,4.994048277537028,0.1209400045743718,0.2287889626620207,1.4749552607536316,1.220647215843201,1.7292633056640625,5.261656999588013,5.738046010335286,4.785267988840739,0.1710057565769888,0.2015169219357765,1.601881921291351,1.421444535255432,1.7823193073272705,5.273426453272501,5.774445533752441,4.7724073727925616,0.1644454566238625,0.2198819754216826,1.514664351940155,1.2895209789276123,1.7398077249526978,5.417747735977173,5.850592295328776,4.984903176625569,0.1316929980850371,0.2393387625199215,1.4298753142356873,1.1632434129714966,1.696507215499878,5.700372536977133,6.227502981821696,5.173242092132568,0.1131959153595282,0.2316073745918811,1.4627116918563845,1.3012629747390747,1.6241604089736938,5.54012656211853,6.06815767288208,5.0120954513549805,0.1053862673938464,0.2322345355820776,1.4600074887275696,1.2024370431900024,1.7175779342651367,5.6972088019053135,6.162665843963623,5.231751759847005,0.1088120102514756,0.2161629571609081,1.5317227244377136,1.3989616632461548,1.6644837856292725
nb_s481672_mpnn_4_IL3,False,"A,B",11.067178053086284,79.97099492385786,577.76,25.69,11.158333333333333,63.524886135354464,0.08571,0.1373,0.0222,0.0768,0.33,0.81,113.15,0.0,0.38,0.7853,0.422,4.838840319330094,90.81600790513833,2772.3,185.5,4.415568181818181,84.56255810759788,0.601215,0.3807,0.428,0.5447,0.77,0.85,2441.61,1.0,0.1772,0.19594911332726536,0.8338458760296392,28.027294158935547,30.211688995361328,53.112766,21.155514,0.46677077,,,,,,,0.23625218868255615,/scicore/home/schwede/barta0000/germinal_ds/templates_target_shuffle/nb_s481672_mpnn_4_IL3/chai_no_constraints/seed_2124/pred.model_idx_2.cif,0.5126549005508423,/scicore/home/schwede/barta0000/germinal_ds/templates_target_shuffle/nb_s481672_mpnn_4_IL3/chai_with_constraints/seed_1230/pred.model_idx_0.cif,0.23625218868255615,0.5913764238357544,0.1474711298942566,"[[0.9272820353507996, 0.30741599202156067]]","[[[0.9272820353507996, 0.1474711298942566], [0.10576117038726807, 0.30741599202156067]]]",0.1474711298942566,0.00571,0.0856,0.0101,0.0,0.5126549005508423,0.711401641368866,0.46296820044517517,"[[0.9252206683158875, 0.3701445162296295]]","[[[0.9252206683158875, 0.34364020824432373], [0.46296820044517517, 0.3701445162296295]]]",0.34364020824432373,0.326825,0.2225,0.0691,0.3776,0.7868805527687073,0.7653589248657227,0.5667964816093445,0.8419015407562256,0.7693849802017212,0.570848286151886,4.579184532165527,0.5667964816093445,/scicore/home/schwede/barta0000/germinal_ds/templates_target_shuffle/nb_s481672_mpnn_4_IL3/boltz_free/output/boltz_results_nb_s481672_mpnn_4_IL3/predictions/nb_s481672_mpnn_4_IL3/nb_s481672_mpnn_4_IL3_model_0.cif,0.153482,0.0737,0.0369,0.1338,0.8263714909553528,0.7399595379829407,0.5356388688087463,0.8990545868873596,0.8667235374450684,0.8445253372192383,7.9478759765625,0.5356388688087463,/scicore/home/schwede/barta0000/germinal_ds/templates_target_shuffle/nb_s481672_mpnn_4_IL3/boltz_with_template/output/boltz_results_nb_s481672_mpnn_4_IL3/predictions/nb_s481672_mpnn_4_IL3/nb_s481672_mpnn_4_IL3_model_0.cif,0.124377,0.2048,0.0474,0.0776,4.264127930005391,5.012534936269124,3.5157209237416587,0.1730221625867397,0.2144035235813371,1.5398954153060913,1.4430514574050903,1.6367393732070925,4.054230372111002,5.117052872975667,2.991407871246338,0.1370589552706032,0.2090657441616215,1.5651065111160278,1.2419919967651367,1.888221025466919,4.157483140627543,5.059816360473633,3.2551499207814536,0.1477101042256556,0.2295802854722787,1.4715024828910828,1.2478939294815063,1.6951110363006592,4.41086733341217,5.067253112792969,3.754481554031372,0.1548583914385208,0.2318001708508412,1.4618796110153198,1.3574968576431274,1.5662623643875122,3.7971117695172634,5.6727226575215655,1.92150088151296,0.1166709546872108,0.1499827612204914,1.897234916687012,1.3103387355804443,2.484131097793579,4.187804937362671,5.8363037109375,2.539306163787842,0.0904399816998345,0.1789658003863448,1.7205605506896973,1.268545627593994,2.1725754737854004,4.192805846532186,5.517510890960693,2.8681008021036782,0.1302642115821707,0.1423153947949755,1.9497095942497251,1.4828706979751587,2.416548490524292
nb_s854077_mpnn_2_IL3,False,"A,B",13.387857957474731,81.30688383838384,315.46,17.6,3.4299999999999997,65.53067786959942,0.005664,0.0969,0.0131,0.0,0.18,0.8400000000000001,86.49,0.0,0.26,0.86,0.682,5.3551413082535255,90.84565217391305,17234.96,936.96,2.184565217391304,82.9744452017325,0.39717,0.198,0.3523,0.4194,0.64,0.79,18055.06,1.0,0.0044,0.10753724886902379,0.8229282844605674,25.849374294281006,59.229888916015625,52.656376,21.642963,0.453625,,,,,,,0.2274942249059677,/scicore/home/schwede/barta0000/germinal_ds/templates_target_shuffle/nb_s854077_mpnn_2_IL3/chai_no_constraints/seed_4953/pred.model_idx_0.cif,0.32295215129852295,/scicore/home/schwede/barta0000/germinal_ds/templates_target_shuffle/nb_s854077_mpnn_2_IL3/chai_with_constraints/seed_3321/pred.model_idx_4.cif,0.2274942249059677,0.583486795425415,0.13849607110023499,"[[0.9239638447761536, 0.31108972430229187]]","[[[0.9239638447761536, 0.13391414284706116], [0.13849607110023499, 0.31108972430229187]]]",0.13391414284706116,0.005839,0.0447,0.0109,0.0154,0.32295215129852295,0.6493754982948303,0.2413463145494461,"[[0.9215571284294128, 0.3591696619987488]]","[[[0.9215571284294128, 0.2413463145494461], [0.19179461896419525, 0.3591696619987488]]]",0.2413463145494461,0.114392,0.1837,0.0191,0.1338,0.8412491679191589,0.8564860224723816,0.7356324195861816,0.8676533699035645,0.7962142825126648,0.4841616153717041,2.7425854206085205,0.7356324195861816,/scicore/home/schwede/barta0000/germinal_ds/templates_target_shuffle/nb_s854077_mpnn_2_IL3/boltz_free/output/boltz_results_nb_s854077_mpnn_2_IL3/predictions/nb_s854077_mpnn_2_IL3/nb_s854077_mpnn_2_IL3_model_0.cif,0.3621,0.2025,0.1497,0.3777,0.880040168762207,0.827999472618103,0.6760377883911133,0.9310407042503357,0.8920581340789795,0.6400609016418457,5.90962028503418,0.6529516577720642,/scicore/home/schwede/barta0000/germinal_ds/templates_target_shuffle/nb_s854077_mpnn_2_IL3/boltz_with_template/output/boltz_results_nb_s854077_mpnn_2_IL3/predictions/nb_s854077_mpnn_2_IL3/nb_s854077_mpnn_2_IL3_model_0.cif,0.252856,0.3674,0.1372,0.2508,4.579920649528503,5.4893692334493,3.6704720656077066,0.1496478391861632,0.2335440090211069,1.454384744167328,1.1626968383789062,1.7460726499557495,4.197933038075765,4.962397416432698,3.4334686597188315,0.1467955028302914,0.2140600702093994,1.541498601436615,1.276883244514465,1.8061139583587649,4.204113562901815,4.936205228169759,3.4720218976338706,0.1671749418750531,0.2322985371536634,1.459731936454773,1.2494045495986938,1.670059323310852,4.515247265497843,5.410965283711751,3.619529247283936,0.1416664080084342,0.2319791342183027,1.461107850074768,1.2236618995666504,1.6985538005828855,3.68567955493927,5.005845387776692,2.365513722101847,0.0918085908682712,0.1673340078873867,1.7877634167671204,1.2237828969955444,2.3517439365386963,4.052182992299398,5.095815340677897,3.0085506439208984,0.1151472821903345,0.1778765945079121,1.7266652584075928,1.2294952869415283,2.223835229873657,3.793197751045227,4.719098409016927,2.867297093073527,0.1253931290291733,0.1266052468984161,2.0666813254356384,1.6480013132095337,2.485361337661743
nb_s854077_mpnn_1_IL3,False,"A,B",12.128411629614584,80.22537917087968,272.05,14.43,4.537878787878788,67.89347086478804,0.028951,0.0839,0.018,0.0279,0.26,0.83,-1.09,0.0,0.33,0.9185,1.153,5.588605039916262,89.5704743083004,1478.97,96.97,2.4504687499999998,81.72125005722046,0.394731,0.1748,0.2505,0.3982,0.62,0.77,2062.14,1.0,0.8553,0.11895633040376816,0.8427373450116373,25.367246627807617,56.96910858154297,53.833984,21.409975,0.45917052,,,,,,,0.23109006881713867,/scicore/home/schwede/barta0000/germinal_ds/templates_target_shuffle/nb_s854077_mpnn_1_IL3/chai_no_constraints/seed_3669/pred.model_idx_1.cif,0.2902641296386719,/scicore/home/schwede/barta0000/germinal_ds/templates_target_shuffle/nb_s854077_mpnn_1_IL3/chai_with_constraints/seed_1528/pred.model_idx_0.cif,0.23109006881713867,0.5830702185630798,0.1430950164794922,"[[0.9221025705337524, 0.3060522675514221]]","[[[0.9221025705337524, 0.13478927314281464], [0.1430950164794922, 0.3060522675514221]]]",0.13478927314281464,0.005949,0.0424,0.0107,0.0,0.2902641296386719,0.628760039806366,0.20564015209674835,"[[0.9240972995758057, 0.316316157579422]]","[[[0.9240972995758057, 0.19617393612861633], [0.20564015209674835, 0.316316157579422]]]",0.19617393612861633,0.076627,0.085,0.0185,0.1713,0.7991941571235657,0.7423986792564392,0.5047243237495422,0.8728116154670715,0.8035788536071777,0.609516978263855,4.876004219055176,0.4903438687324524,/scicore/home/schwede/barta0000/germinal_ds/templates_target_shuffle/nb_s854077_mpnn_1_IL3/boltz_free/output/boltz_results_nb_s854077_mpnn_1_IL3/predictions/nb_s854077_mpnn_1_IL3/nb_s854077_mpnn_1_IL3_model_0.cif,0.139759,0.1268,0.0405,0.1158,0.8431059718132019,0.7414603233337402,0.5365526676177979,0.9197443127632141,0.9006076455116272,0.704818844795227,6.976588726043701,0.5365526676177979,/scicore/home/schwede/barta0000/germinal_ds/templates_target_shuffle/nb_s854077_mpnn_1_IL3/boltz_with_template/output/boltz_results_nb_s854077_mpnn_1_IL3/predictions/nb_s854077_mpnn_1_IL3/nb_s854077_mpnn_1_IL3_model_0.cif,0.129062,0.2607,0.066,0.1025,4.368147412935893,5.245243708292644,3.491051117579142,0.1879934089759066,0.229760451929423,1.4707180261611938,1.1870510578155518,1.754384994506836,4.08201789855957,4.867182890574138,3.2968529065450034,0.1774040548798174,0.2146443724003492,1.538772702217102,1.303698182106018,1.773847222328186,4.095645546913147,4.884766419728597,3.306524674097697,0.1468432869967277,0.2252392737659353,1.4905920028686523,1.267670512199402,1.7135134935379028,4.479374488194783,5.359095096588135,3.599653879801432,0.1755021904745299,0.2317004243331187,1.462310016155243,1.231998324394226,1.6926217079162598,3.785827159881592,5.090360323588054,2.4812939961751304,0.1491442082096737,0.1692940761887706,1.776117980480194,1.2043761014938354,2.3478598594665527,3.758339285850525,5.09594742457072,2.4207311471303306,0.2075150361111247,0.1656722076844591,1.79774409532547,1.245747447013855,2.349740743637085,3.929651339848836,4.984281857808431,2.8750208218892417,0.1585662885453797,0.1254911053995103,2.075520396232605,1.652329444885254,2.498711347579956
nb_s895571_mpnn_3_IL3,False,"A,B",12.817271008764394,80.47664807302232,687.96,30.34,5.691489361702127,69.68026513054137,0.181824,0.1613,0.0402,0.2472,0.53,0.815,207.05,0.0,0.55,0.99,1.344,6.707004015060381,86.99312252964428,3145.92,221.11,3.6103658536585375,78.04275026321412,0.567748,0.2752,0.2202,0.3505,0.76,0.76,2161.46,1.0,0.9683,0.5002651703240281,0.8730882979012781,26.550458908081055,58.020469665527344,54.481926,21.353682,0.46479535,,,,,,,0.22729100286960602,/scicore/home/schwede/barta0000/germinal_ds/templates_target_shuffle/nb_s895571_mpnn_3_IL3/chai_no_constraints/seed_1481/pred.model_idx_1.cif,0.6533756256103516,/scicore/home/schwede/barta0000/germinal_ds/templates_target_shuffle/nb_s895571_mpnn_3_IL3/chai_with_constraints/seed_1046/pred.model_idx_1.cif,0.22729100286960602,0.5819634199142456,0.13862289488315582,"[[0.9093118906021118, 0.31344467401504517]]","[[[0.9093118906021118, 0.13862289488315582], [0.13036440312862396, 0.31344467401504517]]]",0.13862289488315582,0.005564,0.1057,0.0101,0.0,0.6533756256103516,0.7548414468765259,0.6280091404914856,"[[0.9227930307388306, 0.49925845861434937]]","[[[0.9227930307388306, 0.45169734954833984], [0.6280091404914856, 0.49925845861434937]]]",0.45169734954833984,0.522788,0.1688,0.4082,0.4145,0.8847419619560242,0.8307931423187256,0.7284107804298401,0.9238247275352478,0.9216577410697937,0.47790902853012085,2.6471469402313232,0.689271867275238,/scicore/home/schwede/barta0000/germinal_ds/templates_target_shuffle/nb_s895571_mpnn_3_IL3/boltz_free/output/boltz_results_nb_s895571_mpnn_3_IL3/predictions/nb_s895571_mpnn_3_IL3/nb_s895571_mpnn_3_IL3_model_0.cif,0.387217,0.3115,0.4953,0.3732,0.9091746211051941,0.8367629647254944,0.7289391756057739,0.9542334675788879,0.9600330591201782,0.5443480610847473,4.872315883636475,0.6923786997795105,/scicore/home/schwede/barta0000/germinal_ds/templates_target_shuffle/nb_s895571_mpnn_3_IL3/boltz_with_template/output/boltz_results_nb_s895571_mpnn_3_IL3/predictions/nb_s895571_mpnn_3_IL3/nb_s895571_mpnn_3_IL3_model_0.cif,0.332344,0.3801,0.3963,0.316,4.204287528991699,4.767662525177002,3.640912532806397,0.1624786833653137,0.2279822256329097,1.4784876108169556,1.2736653089523315,1.6833099126815796,3.84137515227,4.744482040405273,2.938268264134725,0.1172240942729338,0.2105485754261331,1.558038890361786,1.2243845462799072,1.8916932344436648,4.085833390553792,4.780670483907064,3.390996297200521,0.1333791951876757,0.2257224444698407,1.4884491562843325,1.2349767684936523,1.7419215440750122,4.386135697364807,5.043281555175781,3.728989839553833,0.1488899564797657,0.2311860607349374,1.464532434940338,1.256313443183899,1.6727514266967771,3.659155607223511,5.081068992614746,2.2372422218322754,0.1079867194783289,0.1746275320192753,1.74509996175766,1.205501914024353,2.284698009490967,3.8090491692225137,5.203991731007894,2.414106607437134,0.0982219033769425,0.1704105251020436,1.7695448994636536,1.2688161134719849,2.2702736854553223,3.926671544710795,4.986714680989583,2.866628408432007,0.0824615116484984,0.1543110322154094,1.86878502368927,1.2895457744598389,2.448024272918701
nb_s870186_mpnn_1_IL20,False,"A,B",13.771893768182895,80.90583221175416,149.77,9.15,7.554347826086956,69.46094355190004,0.005514,0.1723,0.0144,0.0,0.2,0.845,49.02,0.0,0.27,0.0416,0.525,6.757303000412041,91.65056537102474,1279.4,56.5,4.688599999999999,82.32892813001361,0.270368,0.3015,0.2647,0.2669,0.57,0.76,2676.47,1.0,0.1886,0.08053135560978633,0.8814066214526286,13.572731018066406,65.25714111328125,72.851395,15.47532,0.537938,,,,,,,0.3546797037124634,/scicore/home/schwede/barta0000/germinal_ds/templates_target_shuffle/nb_s870186_mpnn_1_IL20/chai_no_constraints/seed_2583/pred.model_idx_1.cif,0.3912372589111328,/scicore/home/schwede/barta0000/germinal_ds/templates_target_shuffle/nb_s870186_mpnn_1_IL20/chai_with_constraints/seed_3029/pred.model_idx_0.cif,0.3546797037124634,0.6246892809867859,0.28717732429504395,"[[0.8783168792724609, 0.9015282988548279]]","[[[0.8783168792724609, 0.28717732429504395], [0.2454879730939865, 0.9015282988548279]]]",0.28717732429504395,0.050907,0.1738,0.0142,0.0179,0.3912372589111328,0.6727771759033203,0.32085227966308594,"[[0.8808326721191406, 0.8623332977294922]]","[[[0.8808326721191406, 0.32085227966308594], [0.3094552755355835, 0.8623332977294922]]]",0.32085227966308594,0.188322,0.1582,0.0441,0.1719,0.6437525749206543,0.6437286138534546,0.6195923686027527,0.6497926115989685,0.6415706276893616,1.4849129915237427,5.9246392250061035,0.6195923686027527,/scicore/home/schwede/barta0000/germinal_ds/templates_target_shuffle/nb_s870186_mpnn_1_IL20/boltz_free/output/boltz_results_nb_s870186_mpnn_1_IL20/predictions/nb_s870186_mpnn_1_IL20/nb_s870186_mpnn_1_IL20_model_0.cif,0.196165,0.1219,0.0406,0.2092,0.8843263983726501,0.8467403054237366,0.846075713634491,0.8938890099525452,0.8853439092636108,0.6155894994735718,1.8244584798812866,0.846075713634491,/scicore/home/schwede/barta0000/germinal_ds/templates_target_shuffle/nb_s870186_mpnn_1_IL20/boltz_with_template/output/boltz_results_nb_s870186_mpnn_1_IL20/predictions/nb_s870186_mpnn_1_IL20/nb_s870186_mpnn_1_IL20_model_0.cif,0.655346,0.47,0.5496,0.4535,4.457378387451172,4.645002683003743,4.269754091898601,0.0898218817995725,0.2143792567870415,1.5400086045265198,1.3768560886383057,1.703161120414734,3.7117551962534585,4.304630120595296,3.118880271911621,0.1119057241893096,0.1625225109479018,1.8169387578964236,1.18536376953125,2.4485137462615967,3.7149862448374433,4.2981486320495605,3.1318238576253257,0.0964724930313509,0.1665463547773955,1.7924816012382507,1.233106017112732,2.351857185363769,4.501372496287027,4.787875175476074,4.2148698170979815,0.105511079215136,0.2085463807288828,1.5675938129425049,1.3923498392105105,1.7428377866744995,4.153888424237569,4.171492417653401,4.136284430821736,0.1367065201934134,0.1886989782995148,1.667602241039276,1.441320538520813,1.8938839435577397,3.973946849505107,3.9232842127482095,4.024609486262004,0.100303944339812,0.203022458700803,1.5944386720657349,1.3533008098602295,1.83557653427124,4.222213784853617,4.34780216217041,4.096625407536824,0.1242928735112362,0.1690579870911535,1.7775135040283203,1.605002999305725,1.9500240087509155
nb_s378562_mpnn_3_IL20,False,"A,B",14.617745258400031,81.32265297007594,429.41,31.83,10.506000000000002,65.64116828013864,0.005715,0.1039,0.0119,0.0,0.15,0.85,48.43,0.0,0.23,0.8354,0.579,7.768365193721984,90.06367491166078,708.46,54.57,7.442708333333333,77.00000031789143,0.194382,0.1908,0.1139,0.1835,0.51,0.74,580.85,1.0,0.9399,0.09860351373527325,0.8939790737735536,9.958858052889505,61.343994140625,72.81204,13.299105,0.60263145,,,,,,,0.37412410974502563,/scicore/home/schwede/barta0000/germinal_ds/templates_target_shuffle/nb_s378562_mpnn_3_IL20/chai_no_constraints/seed_139/pred.model_idx_0.cif,0.37102222442626953,/scicore/home/schwede/barta0000/germinal_ds/templates_target_shuffle/nb_s378562_mpnn_3_IL20/chai_with_constraints/seed_3360/pred.model_idx_3.cif,0.37412410974502563,0.6551573872566223,0.30386579036712646,"[[0.9039926528930664, 0.8965121507644653]]","[[[0.9039926528930664, 0.30386579036712646], [0.2947818338871002, 0.8965121507644653]]]",0.30386579036712646,0.105155,0.0842,0.018,0.0457,0.37102222442626953,0.6342636346817017,0.3052118718624115,"[[0.8894137740135193, 0.876270592212677]]","[[[0.8894137740135193, 0.3052118718624115], [0.2452990859746933, 0.876270592212677]]]",0.3052118718624115,0.169436,0.0894,0.018,0.1012,0.646108090877533,0.7197696566581726,0.5274103879928589,0.6757824420928955,0.6072331666946411,0.8422052264213562,5.212432861328125,0.48512306809425354,/scicore/home/schwede/barta0000/germinal_ds/templates_target_shuffle/nb_s378562_mpnn_3_IL20/boltz_free/output/boltz_results_nb_s378562_mpnn_3_IL20/predictions/nb_s378562_mpnn_3_IL20/nb_s378562_mpnn_3_IL20_model_0.cif,0.192026,0.0436,0.0233,0.1257,0.7946454882621765,0.750148355960846,0.5991324782371521,0.8435237407684326,0.7845127582550049,0.7968955636024475,4.1479010581970215,0.5991324782371521,/scicore/home/schwede/barta0000/germinal_ds/templates_target_shuffle/nb_s378562_mpnn_3_IL20/boltz_with_template/output/boltz_results_nb_s378562_mpnn_3_IL20/predictions/nb_s378562_mpnn_3_IL20/nb_s378562_mpnn_3_IL20_model_0.cif,0.261894,0.1482,0.111,0.2346,3.87975017229716,3.490789572397868,4.268710772196452,0.1144971252982845,0.1958439567064152,1.6304370760917664,1.4690183401107788,1.791855812072754,3.4146387179692583,3.867308616638184,2.961968819300333,0.1211487725650528,0.1589911552958163,1.838906705379486,1.352284550666809,2.325528860092163,3.2234338124593096,3.4499282042185464,2.996939420700073,0.1530379229725,0.1689957752808304,1.7778815627098083,1.2777777910232544,2.2779853343963623,4.112110376358032,3.930060545603434,4.29416020711263,0.0990392820455827,0.1899118129416103,1.661195456981659,1.5067036151885986,1.8156872987747192,3.858016610145569,3.5802930990854898,4.135740121205648,0.1061389585054279,0.1965108594581755,1.6270375847816467,1.3137866258621216,1.940288543701172,3.744401335716248,3.4581263860066733,4.030676285425822,0.0810736206217068,0.2108870986137511,1.5564323663711548,1.290295124053955,1.8225696086883545,3.913945357004801,3.521936416625977,4.305954297383626,0.1121814771732968,0.1877944268399101,1.6724073886871338,1.4992563724517822,1.8455584049224851
nb_s185784_mpnn_4_BHRF,False,"A,B",13.764128907310969,77.25476314645807,852.32,37.99,11.728124999999999,57.805942012489616,0.006128,0.0708,0.0126,0.0117,0.19,0.8049999999999999,302.33,0.0,0.26,0.0002,0.439,5.935090634262704,88.88285223367699,25440.31,1253.38,6.954615384615384,78.34419287404707,0.440537,0.2128,0.2737,0.4102,0.68,0.82,28542.37,1.0,0.593,0.07551741759912461,0.7795249653709357,14.309152603149414,49.47212600708008,72.37839,15.427967,0.54669845,,,,,,,0.26571133732795715,/scicore/home/schwede/barta0000/germinal_ds/templates_target_shuffle/nb_s185784_mpnn_4_BHRF/chai_no_constraints/seed_1001/pred.model_idx_3.cif,0.41101890802383423,/scicore/home/schwede/barta0000/germinal_ds/templates_target_shuffle/nb_s185784_mpnn_4_BHRF/chai_with_constraints/seed_2480/pred.model_idx_1.cif,0.26571133732795715,0.6025019884109497,0.18151366710662842,"[[0.8916921019554138, 0.9076927304267883]]","[[[0.8916921019554138, 0.18151366710662842], [0.13439951837062836, 0.9076927304267883]]]",0.18151366710662842,0.012266,0.0794,0.0109,0.0207,0.41101890802383423,0.7085915803909302,0.33662575483322144,"[[0.9068513512611389, 0.9088945388793945]]","[[[0.9068513512611389, 0.33662575483322144], [0.3173760175704956, 0.9088945388793945]]]",0.33662575483322144,0.203649,0.1177,0.0585,0.1789,0.8215212821960449,0.9127761721611023,0.8481976985931396,0.8148521780967712,0.7348020076751709,0.38160714507102966,1.6072890758514404,0.8481976985931396,/scicore/home/schwede/barta0000/germinal_ds/templates_target_shuffle/nb_s185784_mpnn_4_BHRF/boltz_free/output/boltz_results_nb_s185784_mpnn_4_BHRF/predictions/nb_s185784_mpnn_4_BHRF/nb_s185784_mpnn_4_BHRF_model_0.cif,0.647826,0.1544,0.2137,0.5816,0.838752269744873,0.7826170325279236,0.6069813370704651,0.8966949582099915,0.8493521213531494,0.7776275873184204,6.877243995666504,0.6041688919067383,/scicore/home/schwede/barta0000/germinal_ds/templates_target_shuffle/nb_s185784_mpnn_4_BHRF/boltz_with_template/output/boltz_results_nb_s185784_mpnn_4_BHRF/predictions/nb_s185784_mpnn_4_BHRF/nb_s185784_mpnn_4_BHRF_model_0.cif,0.222269,0.3284,0.0609,0.1475,4.868978579839071,4.657825628916423,5.080131530761719,0.1259580477220623,0.1869519466257475,1.6769036650657654,1.5937275886535645,1.7600797414779663,4.574522892634074,4.4123460451761884,4.73669974009196,0.158168385755975,0.1935791851779522,1.64206862449646,1.463514804840088,1.820622444152832,4.725703159968058,4.659997304280599,4.791409015655518,0.1533164597978166,0.2075421112105736,1.5724210143089294,1.4018617868423462,1.7429802417755127,5.028429826100668,4.895926634470622,5.160933017730713,0.1335658523688854,0.1887326670764519,1.6674237251281738,1.6217247247695925,1.7131227254867554,5.004156668980917,4.933362166086833,5.074951171875,0.1555976673081063,0.222690390831793,1.5019728541374209,1.3586572408676147,1.6452884674072266,4.97025982538859,5.006359100341797,4.934160550435384,0.1513061528745719,0.2085946284312826,1.5673624873161316,1.3794381618499756,1.7552868127822876,4.892526229222616,4.628791332244873,5.156261126200358,0.1262106094241552,0.1970629626096466,1.624231994152069,1.5490585565567017,1.6994054317474363
nb_s461534_mpnn_4_BHRF,False,"A,B",9.178909082320711,84.93993037423847,169.52,9.3,6.604054054054054,73.87510637125757,0.161733,0.1837,0.0604,0.1277,0.47,0.87,-36.95,0.0,0.52,0.5454,0.232,4.172593025590156,94.70395189003436,420.15,23.88,2.8264062500000002,93.52031350135803,0.680945,0.4144,0.7651,0.5914,0.82,0.88,240.77,1.0,0.4156,0.32112229882291554,0.858464438964508,17.840562915802003,65.89110565185547,74.46781,15.622893,0.54581416,,,,,,,0.31162387132644653,/scicore/home/schwede/barta0000/germinal_ds/templates_target_shuffle/nb_s461534_mpnn_4_BHRF/chai_no_constraints/seed_1094/pred.model_idx_0.cif,0.5667253732681274,/scicore/home/schwede/barta0000/germinal_ds/templates_target_shuffle/nb_s461534_mpnn_4_BHRF/chai_with_constraints/seed_1628/pred.model_idx_2.cif,0.31162387132644653,0.6278927326202393,0.23255665600299835,"[[0.929587721824646, 0.9108000993728638]]","[[[0.929587721824646, 0.23255665600299835], [0.1935189664363861, 0.9108000993728638]]]",0.23255665600299835,0.039485,0.0616,0.0132,0.0221,0.5667253732681274,0.7979029417037964,0.5089309215545654,"[[0.9235526919364929, 0.9162302017211914]]","[[[0.9235526919364929, 0.5089309215545654], [0.49424463510513306, 0.9162302017211914]]]",0.5089309215545654,0.399343,0.1309,0.2391,0.3857,0.8439178466796875,0.8537479043006897,0.7277344465255737,0.8729637265205383,0.79022216796875,0.4885838031768799,3.711765766143799,0.7277344465255737,/scicore/home/schwede/barta0000/germinal_ds/templates_target_shuffle/nb_s461534_mpnn_4_BHRF/boltz_free/output/boltz_results_nb_s461534_mpnn_4_BHRF/predictions/nb_s461534_mpnn_4_BHRF/nb_s461534_mpnn_4_BHRF_model_0.cif,0.416261,0.1188,0.1233,0.3847,0.9154924750328064,0.9165007472038269,0.8547215461730957,0.9306851625442505,0.895480215549469,0.3903292715549469,1.5133084058761597,0.8547215461730957,/scicore/home/schwede/barta0000/germinal_ds/templates_target_shuffle/nb_s461534_mpnn_4_BHRF/boltz_with_template/output/boltz_results_nb_s461534_mpnn_4_BHRF/predictions/nb_s461534_mpnn_4_BHRF/nb_s461534_mpnn_4_BHRF_model_0.cif,0.703948,0.3056,0.5661,0.6174,5.067957321802775,5.092546621958415,5.043368021647136,0.0907081284006968,0.2250557440812999,1.4914071559906006,1.2935540676116943,1.6892602443695068,4.762372732162476,4.701979637145996,4.822765827178955,0.1566349314126778,0.2226015167341664,1.5023720264434814,1.2944728136062622,1.710271239280701,4.683075586954753,4.533206621805827,4.832944552103679,0.1630640011276782,0.2199945059998831,1.514152705669403,1.3271815776824951,1.701123833656311,5.114766438802083,5.040176232655843,5.189356644948323,0.1084862049146595,0.2294432258902936,1.4720996618270874,1.2419052124023438,1.702294111251831,4.742077191670735,4.575769742329915,4.908384641011556,0.0993013110765426,0.2170218008287302,1.527757465839386,1.3411391973495483,1.7143757343292236,4.909814198811849,4.78391154607137,5.035716851552327,0.0923482611165861,0.2264134399913683,1.4853925704956057,1.358025312423706,1.6127598285675049,4.93999457359314,4.660337766011556,5.219651381174724,0.1001502926230054,0.2143451677950903,1.5401676297187803,1.4163818359375,1.663953423500061
nb_s850749_mpnn_1_IL3,False,"A,B",12.934445156149915,80.72196491228071,319.25,20.59,5.588461538461539,64.57414417757674,0.019613,0.0542,0.0186,0.0344,0.22,0.825,114.25,0.0,0.3,0.9171,0.882,6.861823962255308,88.90276679841898,1645.27,82.67,3.0905555555555555,80.20958391825359,0.302161,0.105,0.2054,0.316,0.62,0.77,1228.19,1.0,0.9041,0.09429216371945998,0.8582972123913721,28.2702054977417,40.28899383544922,52.961525,21.18274,0.4672737,,,,,,,0.22114363312721252,/scicore/home/schwede/barta0000/germinal_ds/templates_target_shuffle/nb_s850749_mpnn_1_IL3/chai_no_constraints/seed_3333/pred.model_idx_2.cif,0.4182652533054352,/scicore/home/schwede/barta0000/germinal_ds/templates_target_shuffle/nb_s850749_mpnn_1_IL3/chai_with_constraints/seed_1120/pred.model_idx_2.cif,0.22114363312721252,0.5741954445838928,0.13288067281246185,"[[0.8986693620681763, 0.31319668889045715]]","[[[0.8986693620681763, 0.13288067281246185], [0.09278658777475357, 0.31319668889045715]]]",0.13288067281246185,0.00535,0.0831,0.0098,0.0,0.4182652533054352,0.6567156314849854,0.35865265130996704,"[[0.9032126665115356, 0.3203171491622925]]","[[[0.9032126665115356, 0.2572053372859955], [0.35865265130996704, 0.3203171491622925]]]",0.2572053372859955,0.135987,0.0931,0.0466,0.1805,0.7752706408500671,0.7355148196220398,0.5087792277336121,0.8418934941291809,0.7580534815788269,0.7071499824523926,5.983678340911865,0.5087792277336121,/scicore/home/schwede/barta0000/germinal_ds/templates_target_shuffle/nb_s850749_mpnn_1_IL3/boltz_free/output/boltz_results_nb_s850749_mpnn_1_IL3/predictions/nb_s850749_mpnn_1_IL3/nb_s850749_mpnn_1_IL3_model_0.cif,0.12296,0.1147,0.025,0.0804,0.8957002758979797,0.8538674116134644,0.7512149810791016,0.9318215847015381,0.8980679512023926,0.47867509722709656,2.7349002361297607,0.7281333804130554,/scicore/home/schwede/barta0000/germinal_ds/templates_target_shuffle/nb_s850749_mpnn_1_IL3/boltz_with_template/output/boltz_results_nb_s850749_mpnn_1_IL3/predictions/nb_s850749_mpnn_1_IL3/nb_s850749_mpnn_1_IL3_model_0.cif,0.452732,0.3428,0.3639,0.4646,4.602457880973816,5.353830655415853,3.851085106531779,0.2017932044161036,0.2110553754568415,1.5556347370147705,1.406827449798584,1.704442024230957,4.183898846308391,5.267007509867351,3.10079018274943,0.1677624826520302,0.2114735418470458,1.5536553859710691,1.2488012313842771,1.858509540557861,4.379756251970926,5.157967408498128,3.6015450954437256,0.1961079198794974,0.2460160717805427,1.4023584127426147,1.116351842880249,1.6883649826049805,4.507981657981873,5.491738001505534,3.5242253144582114,0.2127137658003242,0.2232998210399043,1.4992399215698242,1.337533712387085,1.6609461307525637,3.748315215110779,5.101071675618489,2.395558754603068,0.1387731411081449,0.1695134995543369,1.77482271194458,1.2495346069335938,2.3001108169555664,3.879267056783041,5.265291849772136,2.4932422637939453,0.1143658380707779,0.1701087867787661,1.7713171243667605,1.2955245971679688,2.247109651565552,4.13997487227122,5.381142616271973,2.8988071282704677,0.1465569491497484,0.1439910754639414,1.938003957271576,1.4056071043014526,2.470400810241699
nb_s78562_mpnn_1_IL20,False,"A,B",13.223767308868881,80.94660595290982,292.26,23.09,7.75,68.46889886062698,0.005565,0.0551,0.0153,0.0,0.2,0.8400000000000001,125.67,0.0,0.28,0.8223,0.295,5.974165116308107,92.38925795053004,7054.22,360.94,2.7808333333333333,85.30791759490967,0.323188,0.1078,0.3801,0.3227,0.59,0.77,11799.5,1.0,,0.08170987216665285,0.8689365496218362,11.253756791353226,63.420623779296875,73.3128,13.084118,0.60123146,,,,,,,0.32373613119125366,/scicore/home/schwede/barta0000/germinal_ds/templates_target_shuffle/nb_s78562_mpnn_1_IL20/chai_no_constraints/seed_1237/pred.model_idx_3.cif,0.3647092580795288,/scicore/home/schwede/barta0000/germinal_ds/templates_target_shuffle/nb_s78562_mpnn_1_IL20/chai_with_constraints/seed_2437/pred.model_idx_3.cif,0.32373613119125366,0.6199843883514404,0.24967406690120697,"[[0.8817458152770996, 0.8983810544013977]]","[[[0.8817458152770996, 0.24967406690120697], [0.21731221675872803, 0.8983810544013977]]]",0.24967406690120697,0.051038,0.0889,0.013,0.0188,0.3647092580795288,0.632235050201416,0.297827810049057,"[[0.8518233895301819, 0.8838381171226501]]","[[[0.8518233895301819, 0.297827810049057], [0.2270711362361908, 0.8838381171226501]]]",0.297827810049057,0.171208,0.1167,0.0187,0.1177,0.6657817959785461,0.7188828587532043,0.5270692110061646,0.700459897518158,0.6527187824249268,0.9131436944007874,5.982218265533447,0.5270692110061646,/scicore/home/schwede/barta0000/germinal_ds/templates_target_shuffle/nb_s78562_mpnn_1_IL20/boltz_free/output/boltz_results_nb_s78562_mpnn_1_IL20/predictions/nb_s78562_mpnn_1_IL20/nb_s78562_mpnn_1_IL20_model_0.cif,0.158298,0.0578,0.021,0.0889,0.879213273525238,0.8606662154197693,0.7940096259117126,0.9005141854286194,0.8839157819747925,0.5873093008995056,2.8130433559417725,0.7940096259117126,/scicore/home/schwede/barta0000/germinal_ds/templates_target_shuffle/nb_s78562_mpnn_1_IL20/boltz_with_template/output/boltz_results_nb_s78562_mpnn_1_IL20/predictions/nb_s78562_mpnn_1_IL20/nb_s78562_mpnn_1_IL20_model_0.cif,0.488463,0.2418,0.4288,0.4179,5.0103236834208165,5.871741612752278,4.148905754089356,0.0851953007457214,0.2168745671084361,1.5284361243247986,1.259454607963562,1.7974176406860352,4.392045577367147,5.430569807688396,3.3535213470458984,0.0773219691757253,0.1714113014014693,1.7636893391609192,1.1815565824508667,2.345822095870972,4.202113310496013,5.202721277872722,3.2015053431193032,0.0997561691431217,0.1938621473692742,1.6406079530715942,1.1993403434753418,2.0818755626678467,5.065821488698324,5.959114233652751,4.1725287437438965,0.09850428907583,0.2155699725138173,1.534469723701477,1.2483482360839844,1.8205912113189695,4.592206796010335,5.255316257476807,3.929097334543864,0.0892037294158011,0.1828508872754438,1.6990842819213867,1.4498592615127563,1.948309302330017,4.502896944681804,4.963673273722331,4.042120615641276,0.137779018804843,0.1935302116360752,1.6423216462135315,1.4646579027175903,1.8199853897094729,4.975624084472656,5.700042565663655,4.251205603281657,0.1242177769459685,0.2000434027969946,1.6092209219932556,1.3215049505233765,1.8969368934631348
nb_s80903_mpnn_4_BHRF,False,"A,B",14.402870773845372,78.8383652173913,312.74,14.57,7.075,67.39078986676397,0.00541,0.1693,0.0115,0.0,0.15,0.845,32.61,0.0,0.23,0.5337,1.017,6.383025235885264,89.31281786941581,30449.55,2190.33,3.8180000000000005,78.63344810748923,0.29664,0.2181,0.1554,0.2801,0.54,0.76,22366.35,1.0,0.005,0.10428469136076515,0.8253790325579801,15.57843976020813,54.827640533447266,75.54647,14.726948,0.5464431,,,,,,,0.385286808013916,/scicore/home/schwede/barta0000/germinal_ds/templates_target_shuffle/nb_s80903_mpnn_4_BHRF/chai_no_constraints/seed_1254/pred.model_idx_1.cif,0.4400652050971985,/scicore/home/schwede/barta0000/germinal_ds/templates_target_shuffle/nb_s80903_mpnn_4_BHRF/chai_with_constraints/seed_1797/pred.model_idx_4.cif,0.385286808013916,0.6698300838470459,0.31415098905563354,"[[0.9171203970909119, 0.9021751284599304]]","[[[0.9171203970909119, 0.31415098905563354], [0.2863703668117523, 0.9021751284599304]]]",0.31415098905563354,0.134028,0.1452,0.02,0.0748,0.4400652050971985,0.7152793407440186,0.3712616562843323,"[[0.9171374440193176, 0.900234043598175]]","[[[0.9171374440193176, 0.3712616562843323], [0.3278965950012207, 0.900234043598175]]]",0.3712616562843323,0.249851,0.1422,0.0752,0.2198,0.8657771348953247,0.9132153391838074,0.8730180263519287,0.8639668822288513,0.8081433773040771,0.35669171810150146,1.1078170537948608,0.8730180263519287,/scicore/home/schwede/barta0000/germinal_ds/templates_target_shuffle/nb_s80903_mpnn_4_BHRF/boltz_free/output/boltz_results_nb_s80903_mpnn_4_BHRF/predictions/nb_s80903_mpnn_4_BHRF/nb_s80903_mpnn_4_BHRF_model_0.cif,0.737391,0.216,0.4041,0.6353,0.8799760937690735,0.8646788597106934,0.759467363357544,0.9101032018661499,0.8766429424285889,0.4801623821258545,2.92038631439209,0.759467363357544,/scicore/home/schwede/barta0000/germinal_ds/templates_target_shuffle/nb_s80903_mpnn_4_BHRF/boltz_with_template/output/boltz_results_nb_s80903_mpnn_4_BHRF/predictions/nb_s80903_mpnn_4_BHRF/nb_s80903_mpnn_4_BHRF_model_0.cif,0.457824,0.3552,0.3444,0.4321,4.917651414871216,4.752312660217285,5.0829901695251465,0.0599004733108197,0.2155626101787953,1.5345038771629331,1.3609135150909424,1.7080942392349243,4.510671933492025,4.259705702463786,4.761638164520264,0.1342988954271125,0.2047696580787616,1.585869550704956,1.380734920501709,1.7910041809082031,4.590023994445801,4.357225100199382,4.82282288869222,0.1231654287912341,0.2113410816350346,1.5542819499969482,1.350482702255249,1.7580811977386477,5.030272324879964,4.973456223805745,5.087088425954183,0.0731310505421257,0.2134393801143855,1.5444024205207825,1.3835630416870115,1.7052417993545532,4.815395991007486,4.700958251953125,4.929833730061849,0.0742417680594903,0.2337586613076128,1.4534660577774048,1.2265700101852417,1.680362105369568,4.817811648050943,4.70777161916097,4.927851676940918,0.0694287011943253,0.2053194467722264,1.583188235759735,1.3737554550170898,1.7926210165023804,4.974580685297648,4.749971707661946,5.19918966293335,0.0778546516738502,0.2104700040375906,1.5584121346473694,1.414487361907959,1.7023369073867798
nb_s7171_mpnn_3_IL3,False,"A,B",12.916352387945446,79.88794294294294,193.8,12.07,6.387931034482761,63.88667869666168,0.015096,0.0581,0.015,0.0221,0.24,0.83,21.59,0.0,0.31,0.5548,0.541,6.852584480307456,89.46909090909091,5853.03,405.77,3.219342105263158,79.64181795987216,0.255752,0.1108,0.188,0.262,0.53,0.74,3737.02,1.0,0.0708,0.09079900059096883,0.8713974426215566,25.759408777410332,67.664794921875,57.020008,21.059692,0.47862425,,,,,,,0.24014639854431152,/scicore/home/schwede/barta0000/germinal_ds/templates_target_shuffle/nb_s7171_mpnn_3_IL3/chai_no_constraints/seed_1848/pred.model_idx_3.cif,0.2775510251522064,/scicore/home/schwede/barta0000/germinal_ds/templates_target_shuffle/nb_s7171_mpnn_3_IL3/chai_with_constraints/seed_5425/pred.model_idx_4.cif,0.24014639854431152,0.5974323153495789,0.1508249193429947,"[[0.9196368455886841, 0.3014475405216217]]","[[[0.9196368455886841, 0.1508249193429947], [0.11182346194982529, 0.3014475405216217]]]",0.1508249193429947,0.005653,0.0634,0.011,0.0,0.2775510251522064,0.6258673071861267,0.19047194719314575,"[[0.9211505651473999, 0.3306404650211334]]","[[[0.9211505651473999, 0.19047194719314575], [0.14228682219982147, 0.3306404650211334]]]",0.19047194719314575,0.059986,0.0759,0.013,0.1148,0.8834328055381775,0.9076409935951233,0.8527917265892029,0.8910930752754211,0.877433180809021,0.34169360995292664,1.0852757692337036,0.8527917265892029,/scicore/home/schwede/barta0000/germinal_ds/templates_target_shuffle/nb_s7171_mpnn_3_IL3/boltz_free/output/boltz_results_nb_s7171_mpnn_3_IL3/predictions/nb_s7171_mpnn_3_IL3/nb_s7171_mpnn_3_IL3_model_0.cif,0.680426,0.1307,0.6281,0.6206,0.8404227495193481,0.7763442993164062,0.6002897024154663,0.9004559516906738,0.8831261396408081,0.5909271240234375,5.745692253112793,0.580804169178009,/scicore/home/schwede/barta0000/germinal_ds/templates_target_shuffle/nb_s7171_mpnn_3_IL3/boltz_with_template/output/boltz_results_nb_s7171_mpnn_3_IL3/predictions/nb_s7171_mpnn_3_IL3/nb_s7171_mpnn_3_IL3_model_0.cif,0.188405,0.1167,0.1126,0.1667,4.582161704699199,5.609365622202556,3.5549577871958413,0.1409280319083884,0.2225732707748448,1.5024989247322085,1.3021845817565918,1.7028132677078247,4.117035269737244,5.234210968017578,2.999859571456909,0.117827909631592,0.217962979500399,1.523430049419403,1.2414352893829346,1.805424809455872,4.281028310457866,5.248035430908203,3.314021190007528,0.1452877099601525,0.2276869964512037,1.4797834157943726,1.2210092544555664,1.7385575771331787,4.7739618221918745,5.861823717753093,3.686099926630656,0.1357990094472645,0.222864924519785,1.501189410686493,1.2843502759933472,1.718028545379639,4.345814983050028,6.038471062978108,2.653158903121948,0.073489551460223,0.178127026644197,1.7252583503723145,1.1428837776184082,2.3076329231262207,4.2036339441935215,5.652601559956868,2.754666328430176,0.0702397404149311,0.1935253668709198,1.6423466801643372,1.1655904054641724,2.119102954864502,4.1378105481465655,5.474133332570394,2.801487763722738,0.0824668337423099,0.1436094360769156,1.940657913684845,1.4393595457077026,2.4419562816619877
nb_s499859_mpnn_4_IL3,False,"A,B",15.333310940648971,77.59153961136022,114.13,6.12,5.28625,62.00186417584468,0.005476,0.0912,0.0116,0.0,0.22,0.815,116.55,0.0,0.29,0.9572,0.526,7.182560264962739,88.38177865612647,877.15,35.95,2.714,79.38057087489537,0.290806,0.2393,0.3075,0.2682,0.61,0.74,775.03,1.0,0.9909,0.15279777806476338,0.8350098224711371,21.607616697038925,47.69197082519531,52.597664,19.890951,0.48942715,,,,,,,0.43065690994262695,/scicore/home/schwede/barta0000/germinal_ds/templates_target_shuffle/nb_s499859_mpnn_4_IL3/chai_no_constraints/seed_1716/pred.model_idx_0.cif,0.3915403485298157,/scicore/home/schwede/barta0000/germinal_ds/templates_target_shuffle/nb_s499859_mpnn_4_IL3/chai_with_constraints/seed_1753/pred.model_idx_4.cif,0.43065690994262695,0.6236233115196228,0.3824153244495392,"[[0.8951644897460938, 0.3022969961166382]]","[[[0.8951644897460938, 0.2114759236574173], [0.3824153244495392, 0.3022969961166382]]]",0.2114759236574173,0.142202,0.0918,0.0279,0.1816,0.3915403485298157,0.6324524283409119,0.33131229877471924,"[[0.8911992907524109, 0.32717543840408325]]","[[[0.8911992907524109, 0.23143544793128967], [0.33131229877471924, 0.32717543840408325]]]",0.23143544793128967,0.092688,0.1586,0.0243,0.2078,0.869513988494873,0.9161016345024109,0.8839318156242371,0.8659095168113708,0.7970219254493713,0.3891182243824005,1.1045736074447632,0.867751955986023,/scicore/home/schwede/barta0000/germinal_ds/templates_target_shuffle/nb_s499859_mpnn_4_IL3/boltz_free/output/boltz_results_nb_s499859_mpnn_4_IL3/predictions/nb_s499859_mpnn_4_IL3/nb_s499859_mpnn_4_IL3_model_0.cif,0.741857,0.285,0.3882,0.6556,0.8518385887145996,0.8347282409667969,0.7084749937057495,0.8876795172691345,0.836877167224884,0.6200422644615173,3.7389793395996094,0.7025080323219299,/scicore/home/schwede/barta0000/germinal_ds/templates_target_shuffle/nb_s499859_mpnn_4_IL3/boltz_with_template/output/boltz_results_nb_s499859_mpnn_4_IL3/predictions/nb_s499859_mpnn_4_IL3/nb_s499859_mpnn_4_IL3_model_0.cif,0.351879,0.3951,0.1526,0.373,4.476610620816548,5.330930709838867,3.62229053179423,0.1453791802573757,0.207237155886772,1.5738914608955383,1.3457411527633667,1.80204176902771,3.777431607246399,4.7463938395182295,2.808469374974569,0.1516306666066306,0.1906751878831327,1.6571838855743408,1.390113353729248,1.9242544174194336,4.076290607452393,4.692812124888103,3.459769090016683,0.2038156072837675,0.197899677183955,1.6199950575828552,1.4283488988876345,1.811641216278076,4.52404018243154,5.357729593912761,3.690350770950317,0.151668422540373,0.2047266269854079,1.586079716682434,1.351623773574829,1.820535659790039,3.818838834762573,5.002853711446126,2.63482395807902,0.1333547757191225,0.165943651980322,1.796106994152069,1.3357285261154177,2.2564854621887207,3.868392109870911,4.992898464202881,2.7438857555389404,0.1314691078533731,0.1636891297120993,1.8097862005233765,1.5019464492797852,2.117625951766968,4.096899827321371,5.354310194651286,2.839489459991455,0.1183886052253547,0.1389504921509393,1.973637580871582,1.4939897060394287,2.453285455703736
nb_s919455_mpnn_1_BHRF,False,"A,B",14.596170333368757,80.05665788317962,310.39,19.15,10.9,63.94433328908801,0.0,0.1059,0.0114,0.0,0.16,0.845,90.44,0.0,0.24,0.0005,0.828,6.676978070641583,90.47096219931271,5786.1,323.48,5.9638636363636355,78.74964196341378,0.276732,0.2123,0.1777,0.2609,0.54,0.76,3193.23,1.0,0.0014,0.08458403858833678,0.870493786265199,16.455710411071777,54.0710334777832,73.572296,14.952634,0.5458004,,,,,,,0.29573482275009155,/scicore/home/schwede/barta0000/germinal_ds/templates_target_shuffle/nb_s919455_mpnn_1_BHRF/chai_no_constraints/seed_3188/pred.model_idx_1.cif,0.4991668462753296,/scicore/home/schwede/barta0000/germinal_ds/templates_target_shuffle/nb_s919455_mpnn_1_BHRF/chai_with_constraints/seed_2210/pred.model_idx_4.cif,0.29573482275009155,0.6186473965644836,0.21500669419765472,"[[0.9129685163497925, 0.9114517569541931]]","[[[0.9129685163497925, 0.21500669419765472], [0.1639101356267929, 0.9114517569541931]]]",0.21500669419765472,0.031637,0.079,0.0133,0.0195,0.4991668462753296,0.7526835203170776,0.43578770756721497,"[[0.9162793159484863, 0.9155517816543579]]","[[[0.9162793159484863, 0.43578770756721497], [0.41219568252563477, 0.9155517816543579]]]",0.43578770756721497,0.317398,0.1211,0.1206,0.2976,0.8409892320632935,0.8595873713493347,0.7760286331176758,0.8572293519973755,0.7833753824234009,0.4155048131942749,2.2507171630859375,0.7760286331176758,/scicore/home/schwede/barta0000/germinal_ds/templates_target_shuffle/nb_s919455_mpnn_1_BHRF/boltz_free/output/boltz_results_nb_s919455_mpnn_1_BHRF/predictions/nb_s919455_mpnn_1_BHRF/nb_s919455_mpnn_1_BHRF_model_0.cif,0.471825,0.149,0.186,0.4372,0.8323785066604614,0.7572197318077087,0.5592219829559326,0.9006676077842712,0.8566046357154846,0.7387222647666931,6.329082489013672,0.5592219829559326,/scicore/home/schwede/barta0000/germinal_ds/templates_target_shuffle/nb_s919455_mpnn_1_BHRF/boltz_with_template/output/boltz_results_nb_s919455_mpnn_1_BHRF/predictions/nb_s919455_mpnn_1_BHRF/nb_s919455_mpnn_1_BHRF_model_0.cif,0.209759,0.245,0.0674,0.1382,4.811975320180257,4.384743054707845,5.239207585652669,0.1366806436596042,0.2296507144012149,1.4711957573890686,1.2541098594665527,1.6882816553115845,4.444271802902222,4.128118515014648,4.760425090789795,0.1901302137718353,0.2015698028116071,1.60161954164505,1.3883384466171265,1.8149006366729736,4.591016133626303,4.362150192260742,4.819882074991862,0.173794394228027,0.2116157214063022,1.552983283996582,1.3552052974700928,1.7507612705230713,4.842880805333455,4.530105431874593,5.155656178792317,0.1361769324334612,0.2306457409712914,1.4668723344802856,1.2784569263458252,1.655287742614746,4.599024375279744,4.119521935780843,5.0785268147786455,0.1102052686164991,0.2453806358637549,1.404944658279419,1.166072964668274,1.643816351890564,4.483858029047648,3.9845978418986,4.983118216196696,0.1331616368233867,0.2442256553802582,1.409662663936615,1.1613857746124268,1.6579395532608032,4.876753648122152,4.4892120361328125,5.264295260111491,0.0893407885730474,0.2134388712358548,1.5444048047065737,1.4153823852539062,1.6734272241592407
nb_s718865_mpnn_2_BHRF,False,"A,B",13.435240490783057,78.57958513396716,402.45,15.32,9.052222222222222,67.66979110140221,0.006076,0.21,0.0139,0.0077,0.22,0.835,99.73,0.0,0.29,0.8747,0.634,5.95931472231079,89.27391752577319,8232.03,484.01,4.447941176470588,80.37975044250489,0.346654,0.2784,0.1843,0.3368,0.6,0.79,4421.56,1.0,0.0065,0.0853039620992756,0.8181741004637898,16.675233602523804,60.43215560913086,74.17294,15.378328,0.5344352,,,,,,,0.4339240789413452,/scicore/home/schwede/barta0000/germinal_ds/templates_target_shuffle/nb_s718865_mpnn_2_BHRF/chai_no_constraints/seed_3437/pred.model_idx_1.cif,0.4158623516559601,/scicore/home/schwede/barta0000/germinal_ds/templates_target_shuffle/nb_s718865_mpnn_2_BHRF/chai_with_constraints/seed_1382/pred.model_idx_0.cif,0.4339240789413452,0.7171351313591003,0.36312127113342285,"[[0.8951619267463684, 0.9152463674545288]]","[[[0.8951619267463684, 0.36312127113342285], [0.36151161789894104, 0.9152463674545288]]]",0.36312127113342285,0.160711,0.1735,0.0312,0.1018,0.4158623516559601,0.6968094110488892,0.3456255793571472,"[[0.8866021037101746, 0.9092185497283936]]","[[[0.8866021037101746, 0.3456255793571472], [0.31973981857299805, 0.9092185497283936]]]",0.3456255793571472,0.179428,0.0878,0.0229,0.1328,0.8227271437644958,0.8401924967765808,0.7019104957580566,0.8529312610626221,0.801615834236145,0.48518672585487366,3.507901668548584,0.7019104957580566,/scicore/home/schwede/barta0000/germinal_ds/templates_target_shuffle/nb_s718865_mpnn_2_BHRF/boltz_free/output/boltz_results_nb_s718865_mpnn_2_BHRF/predictions/nb_s718865_mpnn_2_BHRF/nb_s718865_mpnn_2_BHRF_model_0.cif,0.348484,0.121,0.121,0.3167,0.7471975088119507,0.6506783366203308,0.3349425792694092,0.8502612113952637,0.800317645072937,0.8950393199920654,9.633195877075195,0.3349425792694092,/scicore/home/schwede/barta0000/germinal_ds/templates_target_shuffle/nb_s718865_mpnn_2_BHRF/boltz_with_template/output/boltz_results_nb_s718865_mpnn_2_BHRF/predictions/nb_s718865_mpnn_2_BHRF/nb_s718865_mpnn_2_BHRF_model_0.cif,0.034058,0.1011,0.0178,0.0184,5.168360630671183,5.129357814788818,5.207363446553548,0.128878857159025,0.2140080837022634,1.5417414903640747,1.3680500984191897,1.71543288230896,4.614802757898967,4.412302652994792,4.817302862803142,0.1420363466733089,0.2034265402745796,1.5924503207206726,1.4365893602371216,1.7483112812042236,4.523893594741821,4.313579082489014,4.734208106994629,0.1578025889980168,0.2092194233928357,1.5643717050552368,1.417124629020691,1.7116187810897827,5.223157564798991,5.19081179300944,5.255503336588542,0.1402037772327656,0.2169443826937128,1.5281142592430117,1.3302805423736572,1.7259479761123655,4.800269285837809,4.767138957977295,4.833399613698323,0.1546620321534394,0.2183956000290067,1.5214471817016602,1.3293678760528564,1.713526487350464,5.022981087366739,5.184290409088135,4.861671765645345,0.1370680217247412,0.2200711236992298,1.5138044953346252,1.3823577165603638,1.6452512741088867,5.2628173828125,5.37320613861084,5.15242862701416,0.1059887395026337,0.2079699886519721,1.5703614950180054,1.4599366188049316,1.680786371231079
nb_s467069_mpnn_5_IL3,False,"A,B",12.375345654517334,80.40814092953524,143.53,10.74,8.480434782608693,65.81071825288936,0.021957,0.0805,0.0188,0.0308,0.28,0.825,-2.99,0.0,0.34,0.009,0.653,6.4446762174069265,90.58229249011858,12056.55,493.38,3.6191666666666666,80.74592547946506,0.290389,0.1557,0.1959,0.289,0.56,0.75,8492.52,1.0,0.2252,0.09680701127547837,0.8610247412734098,26.120105028152466,60.57040786743164,57.931084,20.820833,0.48441675,,,,,,,0.2358570694923401,/scicore/home/schwede/barta0000/germinal_ds/templates_target_shuffle/nb_s467069_mpnn_5_IL3/chai_no_constraints/seed_1820/pred.model_idx_2.cif,0.4081270694732666,/scicore/home/schwede/barta0000/germinal_ds/templates_target_shuffle/nb_s467069_mpnn_5_IL3/chai_with_constraints/seed_3894/pred.model_idx_4.cif,0.2358570694923401,0.5934858322143555,0.14644986391067505,"[[0.9222058057785034, 0.3101341724395752]]","[[[0.9222058057785034, 0.14644986391067505], [0.13184669613838196, 0.3101341724395752]]]",0.14644986391067505,0.005572,0.1022,0.0106,0.0,0.4081270694732666,0.6567635536193848,0.34596794843673706,"[[0.9217041730880737, 0.3167867958545685]]","[[[0.9217041730880737, 0.2456165850162506], [0.34596794843673706, 0.3167867958545685]]]",0.2456165850162506,0.166742,0.052,0.0503,0.2327,0.837622344493866,0.8971993923187256,0.8405784368515015,0.8368833661079407,0.7559021711349487,0.41690343618392944,1.6400554180145264,0.8405784368515015,/scicore/home/schwede/barta0000/germinal_ds/templates_target_shuffle/nb_s467069_mpnn_5_IL3/boltz_free/output/boltz_results_nb_s467069_mpnn_5_IL3/predictions/nb_s467069_mpnn_5_IL3/nb_s467069_mpnn_5_IL3_model_0.cif,0.592499,0.1452,0.2194,0.5451,0.8365911841392517,0.8485495448112488,0.7395443916320801,0.8608527779579163,0.7982761859893799,0.5250375866889954,3.5917551517486572,0.7395443916320801,/scicore/home/schwede/barta0000/germinal_ds/templates_target_shuffle/nb_s467069_mpnn_5_IL3/boltz_with_template/output/boltz_results_nb_s467069_mpnn_5_IL3/predictions/nb_s467069_mpnn_5_IL3/nb_s467069_mpnn_5_IL3_model_0.cif,0.382748,0.174,0.1402,0.3898,4.869086821873983,6.0989993413289385,3.639174302419027,0.1275329365599742,0.2248507720395711,1.492318332195282,1.270542025566101,1.714094638824463,4.076569477717082,5.148850440979004,3.00428851445516,0.123030968967796,0.2019037216577491,1.5999643206596377,1.2685236930847168,1.931404948234558,4.37252938747406,5.472988923390706,3.2720698515574136,0.130640713037893,0.2306120344235765,1.467018485069275,1.260859131813049,1.6731778383255005,4.9130859375,6.172204812367757,3.6539670626322422,0.1307717032320383,0.2244346856755697,1.4941705465316772,1.267486572265625,1.7208545207977295,4.347443024317423,5.900192578633626,2.7946934700012207,0.1428886779497991,0.2010964476693183,1.603970646858215,1.159766435623169,2.0481748580932617,4.297876834869385,6.01736323038737,2.5783904393514,0.0960123834768749,0.1671483374065529,1.7888736128807068,1.242009520530701,2.335737705230713,4.268499573071797,5.7637565930684405,2.7732425530751548,0.0921315536106341,0.1456226237982706,1.9267367720603945,1.4065717458724976,2.446901798248291
nb_s887286_mpnn_4_BHRF,False,"A,B",10.626778143857535,81.25899398108339,235.04,15.37,8.433823529411764,73.31038316689933,0.176465,0.1315,0.076,0.1478,0.49,0.825,40.35,0.0,0.53,0.0259,1.213,4.981290372102359,93.28195876288659,2475.86,150.3,4.140892857142857,89.9561302431168,0.605947,0.3448,0.6609,0.4599,0.76,0.84,1189.2,1.0,0.0593,0.2931350629651259,0.8559649348065738,16.13714635372162,47.60882568359375,71.99066,15.826306,0.53462666,,,,,,,0.2821834981441498,/scicore/home/schwede/barta0000/germinal_ds/templates_target_shuffle/nb_s887286_mpnn_4_BHRF/chai_no_constraints/seed_167/pred.model_idx_2.cif,0.4706980884075165,/scicore/home/schwede/barta0000/germinal_ds/templates_target_shuffle/nb_s887286_mpnn_4_BHRF/chai_with_constraints/seed_2219/pred.model_idx_3.cif,0.2821834981441498,0.616779625415802,0.19853445887565613,"[[0.8336322903633118, 0.910331666469574]]","[[[0.8336322903633118, 0.19853445887565613], [0.16943955421447754, 0.910331666469574]]]",0.19853445887565613,0.022894,0.1249,0.0108,0.004,0.4706980884075165,0.7524257898330688,0.4002661406993866,"[[0.8711869120597839, 0.9192642569541931]]","[[[0.8711869120597839, 0.4002661406993866], [0.3926558792591095, 0.9192642569541931]]]",0.4002661406993866,0.258285,0.1011,0.0487,0.2428,0.8681970834732056,0.9061535000801086,0.8357079029083252,0.876319408416748,0.7873277068138123,0.3873637020587921,1.5509487390518188,0.8357079029083252,/scicore/home/schwede/barta0000/germinal_ds/templates_target_shuffle/nb_s887286_mpnn_4_BHRF/boltz_free/output/boltz_results_nb_s887286_mpnn_4_BHRF/predictions/nb_s887286_mpnn_4_BHRF/nb_s887286_mpnn_4_BHRF_model_0.cif,0.658893,0.1478,0.2629,0.5816,0.8538458943367004,0.8308451771736145,0.6959009766578674,0.8933321237564087,0.8231722712516785,0.5684154033660889,3.349673271179199,0.6959009766578674,/scicore/home/schwede/barta0000/germinal_ds/templates_target_shuffle/nb_s887286_mpnn_4_BHRF/boltz_with_template/output/boltz_results_nb_s887286_mpnn_4_BHRF/predictions/nb_s887286_mpnn_4_BHRF/nb_s887286_mpnn_4_BHRF_model_0.cif,0.356657,0.1805,0.1516,0.3602,5.406459013621012,5.59143590927124,5.221482117970784,0.20112878477262,0.203432760580181,1.5924197435379028,1.5182732343673706,1.666566252708435,5.113741000493367,5.429031213124593,4.798450787862142,0.2141920743796388,0.1947506486535261,1.6360352635383606,1.5305776596069336,1.7414928674697876,5.164389212926229,5.401833534240723,4.926944891611735,0.2211698765672639,0.2100674193957485,1.5603267550468445,1.3873107433319092,1.7333427667617798,5.478540897369385,5.692297458648682,5.264784336090088,0.2122728695206013,0.2135765161904897,1.5437601208686829,1.4749020338058472,1.6126182079315186,5.169761896133423,5.414677619934082,4.924846172332764,0.1648993191674918,0.2147007109010553,1.538510262966156,1.43684983253479,1.640170693397522,5.133469343185425,5.375197569529216,4.891741116841634,0.2202643812514162,0.1938038838355435,1.6409085392951963,1.619505524635315,1.662311553955078,5.362286965052286,5.512922604878743,5.21165132522583,0.1480508718885059,0.1889847418152411,1.6660889983177185,1.6377559900283811,1.6944220066070557
nb_s834944_mpnn_4_BHRF,False,"A,B",9.412543545777684,81.63433463372344,150.65,7.83,5.322580645161291,71.92735732811201,0.222821,0.1627,0.0704,0.1559,0.54,0.84,51.78,0.0,0.57,0.97,0.394,4.7949725440181385,91.52687285223368,230.91,12.25,2.668214285714286,87.760882433723,0.650769,0.3662,0.5845,0.5485,0.8,0.86,730.03,1.0,0.0349,0.36070473841860506,0.8516089822563181,17.332585430145265,48.17146301269531,73.629486,15.693812,0.527831,,,,,,,0.40301835536956787,/scicore/home/schwede/barta0000/germinal_ds/templates_target_shuffle/nb_s834944_mpnn_4_BHRF/chai_no_constraints/seed_1539/pred.model_idx_0.cif,0.5893365144729614,/scicore/home/schwede/barta0000/germinal_ds/templates_target_shuffle/nb_s834944_mpnn_4_BHRF/chai_with_constraints/seed_1090/pred.model_idx_4.cif,0.40301835536956787,0.6837694644927979,0.3328305780887604,"[[0.9198689460754395, 0.905125617980957]]","[[[0.9198689460754395, 0.3328305780887604], [0.2887418866157532, 0.905125617980957]]]",0.3328305780887604,0.183664,0.1751,0.0291,0.1431,0.5893365144729614,0.7881609797477722,0.5396303534507751,"[[0.9200286269187927, 0.9034765362739563]]","[[[0.9200286269187927, 0.5396303534507751], [0.5080223083496094, 0.9034765362739563]]]",0.5396303534507751,0.372237,0.1876,0.2382,0.3559,0.8658909201622009,0.8476893901824951,0.7279596328735352,0.900373637676239,0.84196937084198,0.47746899724006653,2.9084529876708984,0.7221195101737976,/scicore/home/schwede/barta0000/germinal_ds/templates_target_shuffle/nb_s834944_mpnn_4_BHRF/boltz_free/output/boltz_results_nb_s834944_mpnn_4_BHRF/predictions/nb_s834944_mpnn_4_BHRF/nb_s834944_mpnn_4_BHRF_model_0.cif,0.434696,0.2481,0.2318,0.3836,0.8766801953315735,0.8395996689796448,0.7372013926506042,0.9115498661994934,0.8630363941192627,0.5926576852798462,3.90468430519104,0.7372013926506042,/scicore/home/schwede/barta0000/germinal_ds/templates_target_shuffle/nb_s834944_mpnn_4_BHRF/boltz_with_template/output/boltz_results_nb_s834944_mpnn_4_BHRF/predictions/nb_s834944_mpnn_4_BHRF/nb_s834944_mpnn_4_BHRF_model_0.cif,0.430376,0.2896,0.2493,0.3874,5.068304697672525,5.226304848988851,4.910304546356201,0.1170834393326616,0.2296582567504068,1.4711629152297974,1.2495720386505127,1.692753791809082,4.796078681945801,4.860459327697754,4.731698036193848,0.1799916006174163,0.2163307115969419,1.530946969985962,1.3341885805130005,1.7277053594589231,4.849820931752523,4.930002212524414,4.769639650980632,0.1698866587943257,0.2144468374979236,1.5396934151649475,1.279355525970459,1.800031304359436,5.132554213205973,5.322129249572754,4.942979176839192,0.1235349378536827,0.2388027877015783,1.432117223739624,1.1903316974639893,1.6739027500152588,5.013787905375162,5.161930084228516,4.86564572652181,0.1400043048407367,0.2321744126016129,1.460266411304474,1.1716997623443604,1.7488330602645874,4.950877348581949,5.170451005299886,4.731303691864014,0.1328903340979559,0.2385935578088606,1.432993769645691,1.165724277496338,1.700263261795044,5.146955331166586,5.078319072723389,5.215591589609782,0.1273285280701308,0.2211321443918301,1.5089948177337646,1.3117754459381104,1.706214189529419
nb_s771573_mpnn_5_BHRF,False,"A,B",7.719566372621956,86.59360770577935,23.2,1.57,5.1051724137931025,83.70779453958586,0.315076,0.3435,0.2702,0.2521,0.65,0.87,-123.88,0.0,0.67,0.0138,0.211,4.119184468771035,94.73512027491408,11869.47,632.83,2.6041071428571425,93.12571552821568,0.719798,0.4602,0.7454,0.602,0.83,0.88,13681.09,1.0,0.0343,0.8141945800018723,0.8467225899280941,19.592741012573242,52.394004821777344,74.47321,16.663198,0.5141605,,,,,,,0.28197336196899414,/scicore/home/schwede/barta0000/germinal_ds/templates_target_shuffle/nb_s771573_mpnn_5_BHRF/chai_no_constraints/seed_1878/pred.model_idx_3.cif,0.5148882865905762,/scicore/home/schwede/barta0000/germinal_ds/templates_target_shuffle/nb_s771573_mpnn_5_BHRF/chai_with_constraints/seed_2247/pred.model_idx_4.cif,0.28197336196899414,0.616344153881073,0.19838066399097443,"[[0.8950916528701782, 0.9125533699989319]]","[[[0.8950916528701782, 0.19838066399097443], [0.15346728265285492, 0.9125533699989319]]]",0.19838066399097443,0.019993,0.0601,0.0121,0.0148,0.5148882865905762,0.7773072123527527,0.44928351044654846,"[[0.8993630409240723, 0.9132005572319031]]","[[[0.8993630409240723, 0.4476622939109802], [0.44928351044654846, 0.9132005572319031]]]",0.4476622939109802,0.337386,0.1592,0.1649,0.3333,0.7893779277801514,0.6722001433372498,0.3672780394554138,0.8949028849601746,0.8182389140129089,0.6279999017715454,7.454079627990723,0.33366647362709045,/scicore/home/schwede/barta0000/germinal_ds/templates_target_shuffle/nb_s771573_mpnn_5_BHRF/boltz_free/output/boltz_results_nb_s771573_mpnn_5_BHRF/predictions/nb_s771573_mpnn_5_BHRF/nb_s771573_mpnn_5_BHRF_model_0.cif,0.073206,0.102,0.0187,0.0387,0.8084127306938171,0.7006389498710632,0.447659969329834,0.8986008763313293,0.8338345885276794,0.817726731300354,8.886248588562012,0.447659969329834,/scicore/home/schwede/barta0000/germinal_ds/templates_target_shuffle/nb_s771573_mpnn_5_BHRF/boltz_with_template/output/boltz_results_nb_s771573_mpnn_5_BHRF/predictions/nb_s771573_mpnn_5_BHRF/nb_s771573_mpnn_5_BHRF_model_0.cif,0.110124,0.1047,0.0236,0.0274,4.870755831400554,4.6320821444193525,5.109429518381755,0.11785044410363,0.2266646186488818,1.4842838048934937,1.2878847122192385,1.680682897567749,4.664531628290812,4.520483016967773,4.808580239613851,0.1603653278344941,0.1874154535426765,1.6744274497032166,1.627170443534851,1.721684455871582,4.622675657272339,4.449645360310872,4.795705954233806,0.1507781565075479,0.1984081358576186,1.6174290776252749,1.560680627822876,1.6741775274276731,4.965433994928995,4.708281993865967,5.222585995992024,0.1303026785501077,0.2289497161615734,1.4742528796195984,1.247463583946228,1.7010421752929688,5.25736657778422,5.521823724110921,4.99290943145752,0.1651535333508654,0.2077305619213385,1.5715134143829346,1.529028058052063,1.6139987707138062,5.2120273907979335,5.477846781412761,4.9462080001831055,0.1355047585508071,0.2137465186179102,1.5429644584655762,1.3676273822784424,1.71830153465271,4.98939029375712,4.716883182525635,5.261897404988607,0.1065388460577534,0.2118526177830824,1.5518644452095032,1.4601328372955322,1.643596053123474
nb_s745346_mpnn_4_BHRF,False,"A,B",11.799440252240762,78.03894218415417,656.11,26.77,8.251315789473685,61.96074301481066,0.05638,0.1087,0.0216,0.1112,0.33,0.815,147.54,0.0,0.39,0.7392,0.361,6.338836102549569,88.88367697594502,17031.36,818.05,4.392424242424243,80.35525016784668,0.367984,0.2508,0.2553,0.345,0.64,0.8,17924.8,1.0,0.0811,0.12374151020313233,0.8223709976888238,15.94351589679718,45.27008819580078,71.93243,15.611794,0.5391923,,,,,,,0.2669074237346649,/scicore/home/schwede/barta0000/germinal_ds/templates_target_shuffle/nb_s745346_mpnn_4_BHRF/chai_no_constraints/seed_2873/pred.model_idx_2.cif,0.40064698457717896,/scicore/home/schwede/barta0000/germinal_ds/templates_target_shuffle/nb_s745346_mpnn_4_BHRF/chai_with_constraints/seed_1652/pred.model_idx_3.cif,0.2669074237346649,0.6066514849662781,0.18197138607501984,"[[0.8649740219116211, 0.9074398279190063]]","[[[0.8649740219116211, 0.18197138607501984], [0.1413329541683197, 0.9074398279190063]]]",0.18197138607501984,0.005553,0.0722,0.0107,0.0,0.40064698457717896,0.7021368145942688,0.3252745270729065,"[[0.8687891364097595, 0.9081578254699707]]","[[[0.8687891364097595, 0.3252745270729065], [0.3051426410675049, 0.9081578254699707]]]",0.3252745270729065,0.203181,0.0614,0.0514,0.1663,0.7418888211250305,0.670818030834198,0.3910372257232666,0.8296017050743103,0.7609968781471252,0.6168718934059143,6.508415699005127,0.3732428252696991,/scicore/home/schwede/barta0000/germinal_ds/templates_target_shuffle/nb_s745346_mpnn_4_BHRF/boltz_free/output/boltz_results_nb_s745346_mpnn_4_BHRF/predictions/nb_s745346_mpnn_4_BHRF/nb_s745346_mpnn_4_BHRF_model_0.cif,0.083219,0.0407,0.0219,0.0549,0.7269136309623718,0.6581440567970276,0.3605921268463135,0.8184940218925476,0.7179277539253235,0.7813273072242737,7.341482639312744,0.3505590558052063,/scicore/home/schwede/barta0000/germinal_ds/templates_target_shuffle/nb_s745346_mpnn_4_BHRF/boltz_with_template/output/boltz_results_nb_s745346_mpnn_4_BHRF/predictions/nb_s745346_mpnn_4_BHRF/nb_s745346_mpnn_4_BHRF_model_0.cif,0.063578,0.0399,0.0174,0.0402,4.957885265350342,4.749253908793132,5.166516621907552,0.1496528158728394,0.1922230364933229,1.6490989327430725,1.5695534944534302,1.7286443710327148,4.728440046310425,4.617366631825765,4.839513460795085,0.2174998479028497,0.1799794192410563,1.71491277217865,1.7145097255706787,1.715315818786621,4.772074302037558,4.749159971872966,4.794988632202148,0.2045771571232357,0.2011734023361619,1.603588044643402,1.5907353162765503,1.616440773010254,4.945553223292032,4.753509521484375,5.1375969250996905,0.1413525289892515,0.2018190172574404,1.6003839373588562,1.4752155542373655,1.725552320480347,5.018248319625855,4.976720650990804,5.059775988260905,0.1476275540903422,0.2062574712553261,1.578630030155182,1.4355647563934326,1.7216953039169312,4.731206178665161,4.490742047627767,4.971670309702556,0.1654165454852597,0.1949706988652365,1.634905993938446,1.575952649116516,1.693859338760376,5.016985495885213,4.846391042073567,5.187579949696858,0.1390360651276287,0.1865167657656786,1.6792341470718384,1.6587402820587158,1.699728012084961
nb_s491148_mpnn_3_IL20,False,"A,B",10.446772965076352,83.41748655913977,138.93,13.46,6.446428571428571,73.94235735748066,0.088467,0.1288,0.0475,0.0849,0.45,0.855,7.76,0.0,0.5,0.0089,0.261,4.51838392288579,94.76798586572438,8750.3,521.83,2.7325,93.04999923706055,0.662919,0.258,0.8034,0.536,0.82,0.87,13013.07,1.0,0.0075,0.3318965063297172,0.8568748275566318,11.85030460357666,63.88519287109375,74.54108,13.715107,0.58069646,,,,,,,0.5985785722732544,/scicore/home/schwede/barta0000/germinal_ds/templates_target_shuffle/nb_s491148_mpnn_3_IL20/chai_no_constraints/seed_4849/pred.model_idx_0.cif,0.4116772413253784,/scicore/home/schwede/barta0000/germinal_ds/templates_target_shuffle/nb_s491148_mpnn_3_IL20/chai_with_constraints/seed_2264/pred.model_idx_2.cif,0.5985785722732544,0.7734267115592957,0.5548665523529053,"[[0.9115709066390991, 0.8983253836631775]]","[[[0.9115709066390991, 0.5309823155403137], [0.5548665523529053, 0.8983253836631775]]]",0.5309823155403137,0.341529,0.1183,0.195,0.2987,0.4116772413253784,0.6780739426612854,0.3450780510902405,"[[0.9179716110229492, 0.8808775544166565]]","[[[0.9179716110229492, 0.3450780510902405], [0.2984045743942261, 0.8808775544166565]]]",0.3450780510902405,0.212064,0.1137,0.0355,0.1579,0.5949703454971313,0.6077990531921387,0.31335827708244324,0.6653733253479004,0.6035929918289185,1.2321960926055908,7.257925510406494,0.26486656069755554,/scicore/home/schwede/barta0000/germinal_ds/templates_target_shuffle/nb_s491148_mpnn_3_IL20/boltz_free/output/boltz_results_nb_s491148_mpnn_3_IL20/predictions/nb_s491148_mpnn_3_IL20/nb_s491148_mpnn_3_IL20_model_0.cif,0.055426,0.0506,0.0131,0.0445,0.830622136592865,0.811341404914856,0.7148334383964539,0.8595693111419678,0.8369277715682983,0.7392387390136719,3.6792798042297363,0.7148334383964539,/scicore/home/schwede/barta0000/germinal_ds/templates_target_shuffle/nb_s491148_mpnn_3_IL20/boltz_with_template/output/boltz_results_nb_s491148_mpnn_3_IL20/predictions/nb_s491148_mpnn_3_IL20/nb_s491148_mpnn_3_IL20_model_0.cif,0.379966,0.174,0.256,0.3058,4.521606842676798,4.756855010986328,4.286358674367269,0.1659055193933281,0.2224708379400135,1.5029592514038086,1.2739973068237305,1.7319211959838867,3.872957189877828,4.653525511423747,3.092388868331909,0.1282130817077323,0.1476347802129222,1.913013756275177,1.3489145040512085,2.477113008499145,3.841445843378703,4.617194334665935,3.065697352091471,0.1177180068604108,0.1727521341608689,1.7558974623680117,1.2433644533157349,2.268430471420288,4.443913221359253,4.727445602416992,4.160380840301514,0.2143597754912771,0.2262406717285263,1.486155927181244,1.2308391332626345,1.7414727210998535,4.3532034158706665,4.95827039082845,3.7481364409128815,0.1028704816057679,0.2023342533696649,1.597834229469299,1.296144962310791,1.899523496627808,4.285928130149841,4.5345150629679365,4.037341197331746,0.0991533981942981,0.2125008248152773,1.5488094091415403,1.259097933769226,1.838520884513855,4.5913405418396,4.874802907307942,4.307878176371257,0.1273067935112692,0.192347595701613,1.6484511494636536,1.3997946977615356,1.8971076011657717
nb_s1683_mpnn_2_IL20,False,"A,B",15.051713718488184,77.70780411449016,252.0,12.23,11.930555555555555,65.16274919379696,0.0,0.1627,0.0109,0.0,0.14,0.825,89.23,0.0,0.22,0.7427,0.538,8.159523530072793,86.41137809187279,2951.72,187.2,8.811666666666666,74.89580609721523,0.172419,0.1828,0.0564,0.1695,0.46,0.71,4590.29,1.0,0.0296,0.09635422360251335,0.8398582489743031,14.884786128997803,61.07749557495117,71.87727,15.220741,0.5427538,,,,,,,0.24988162517547607,/scicore/home/schwede/barta0000/germinal_ds/templates_target_shuffle/nb_s1683_mpnn_2_IL20/chai_no_constraints/seed_1928/pred.model_idx_3.cif,0.3424622118473053,/scicore/home/schwede/barta0000/germinal_ds/templates_target_shuffle/nb_s1683_mpnn_2_IL20/chai_with_constraints/seed_1466/pred.model_idx_2.cif,0.24988162517547607,0.5849654674530029,0.16611064970493317,"[[0.8444764614105225, 0.8963204026222229]]","[[[0.8444764614105225, 0.16611064970493317], [0.13506712019443512, 0.8963204026222229]]]",0.16611064970493317,0.005475,0.0391,0.011,0.0,0.3424622118473053,0.6208993792533875,0.27285289764404297,"[[0.8314532041549683, 0.8648417592048645]]","[[[0.8314532041549683, 0.27285289764404297], [0.22400224208831787, 0.8648417592048645]]]",0.27285289764404297,0.128164,0.0715,0.017,0.0841,0.5539023280143738,0.5630536079406738,0.2479015439748764,0.6304025650024414,0.5615987181663513,1.266692876815796,8.146283149719238,0.23711441457271576,/scicore/home/schwede/barta0000/germinal_ds/templates_target_shuffle/nb_s1683_mpnn_2_IL20/boltz_free/output/boltz_results_nb_s1683_mpnn_2_IL20/predictions/nb_s1683_mpnn_2_IL20/nb_s1683_mpnn_2_IL20_model_0.cif,0.005488,0.0413,0.0107,0.0,0.7150890827178955,0.6844263076782227,0.47900980710983276,0.77410888671875,0.7066285014152527,1.0347923040390015,6.321354389190674,0.47900980710983276,/scicore/home/schwede/barta0000/germinal_ds/templates_target_shuffle/nb_s1683_mpnn_2_IL20/boltz_with_template/output/boltz_results_nb_s1683_mpnn_2_IL20/predictions/nb_s1683_mpnn_2_IL20/nb_s1683_mpnn_2_IL20_model_0.cif,0.157423,0.0967,0.0296,0.1059,4.256578842798868,4.207264264424642,4.305893421173096,0.115393616889439,0.1734569444669869,1.7518258690834043,1.6870949268341064,1.8165568113327024,3.8599985043207807,4.37604300181071,3.343954006830851,0.0904697352335719,0.1313240336004535,2.030087471008301,1.5492959022521973,2.5108790397644043,3.818253556887309,4.2000495592753095,3.436457554499308,0.1018961193864621,0.1543878885523252,1.8682870864868164,1.4027512073516846,2.333822965621948,4.317796150843302,4.258509476979573,4.377082824707031,0.1165872985710352,0.1686924194524345,1.779678225517273,1.6956523656845093,1.8637040853500368,4.285255988438924,4.62325652440389,3.9472554524739594,0.0828916888933588,0.1878089452669656,1.67233008146286,1.4790117740631104,1.8656483888626096,4.194917400677999,4.466695308685303,3.923139492670695,0.0790690009455586,0.1836075365442878,1.694954752922058,1.5191867351531982,1.870722770690918,4.171628395716349,4.261713981628418,4.08154280980428,0.1282643061162351,0.17290132753046,1.7550342082977295,1.5787975788116455,1.9312708377838133
nb_s731008_mpnn_2_IL3,False,"A,B",13.843517317877174,80.4591395697849,1379.33,88.39,5.721621621621622,60.727654058126056,0.005747,0.0774,0.013,0.0,0.17,0.8300000000000001,599.27,0.0,0.25,0.0198,2.109,7.44501913793373,87.34268774703557,1017.12,67.89,3.7847500000000003,72.062083085378,0.22641,0.09,0.0558,0.251,0.5,0.72,611.0,1.0,0.0085,0.10750171252908393,0.8708958246929438,25.720417976379395,56.860965728759766,51.753826,21.428856,0.464181,,,,,,,0.3984595835208893,/scicore/home/schwede/barta0000/germinal_ds/templates_target_shuffle/nb_s731008_mpnn_2_IL3/chai_no_constraints/seed_3966/pred.model_idx_3.cif,0.329384446144104,/scicore/home/schwede/barta0000/germinal_ds/templates_target_shuffle/nb_s731008_mpnn_2_IL3/chai_with_constraints/seed_1907/pred.model_idx_3.cif,0.3984595835208893,0.6095393896102905,0.345689594745636,"[[0.9195035696029663, 0.29680657386779785]]","[[[0.9195035696029663, 0.18180091679096222], [0.345689594745636, 0.29680657386779785]]]",0.18180091679096222,0.088337,0.0909,0.0111,0.0765,0.329384446144104,0.6255192160606384,0.2553507685661316,"[[0.9131088256835938, 0.3167615532875061]]","[[[0.9131088256835938, 0.20708243548870087], [0.2553507685661316, 0.3167615532875061]]]",0.20708243548870087,0.118503,0.0356,0.0315,0.1709,0.7997127771377563,0.8145011067390442,0.664142906665802,0.8336052298545837,0.7699658870697021,0.5951372981071472,3.256852626800537,0.664142906665802,/scicore/home/schwede/barta0000/germinal_ds/templates_target_shuffle/nb_s731008_mpnn_2_IL3/boltz_free/output/boltz_results_nb_s731008_mpnn_2_IL3/predictions/nb_s731008_mpnn_2_IL3/nb_s731008_mpnn_2_IL3_model_0.cif,0.284469,0.138,0.0929,0.2885,0.832103431224823,0.7719661593437195,0.6024712920188904,0.8895115256309509,0.8490264415740967,0.7529030442237854,5.88234281539917,0.6024712920188904,/scicore/home/schwede/barta0000/germinal_ds/templates_target_shuffle/nb_s731008_mpnn_2_IL3/boltz_with_template/output/boltz_results_nb_s731008_mpnn_2_IL3/predictions/nb_s731008_mpnn_2_IL3/nb_s731008_mpnn_2_IL3_model_0.cif,0.197164,0.2342,0.0842,0.1951,4.313065886497498,4.946987628936768,3.679144144058228,0.1482063657877134,0.210945946293557,1.5561533570289612,1.312071442604065,1.8002352714538574,3.826686501502991,4.545643965403239,3.1077290376027427,0.1277602111506146,0.212644987853744,1.548131227493286,1.3990041017532349,1.6972583532333374,4.024234175682068,4.604802449544271,3.4436659018198648,0.1174062402449514,0.2218821053624151,1.505609095096588,1.3543328046798706,1.6568853855133057,4.325273315111796,5.0633870760599775,3.5871595541636148,0.1274365923011655,0.2215141813880643,1.5072686672210691,1.3215614557266235,1.6929758787155151,3.521124482154846,4.705221970876058,2.3370269934336343,0.1334170951593556,0.1530201628231304,1.877185583114624,1.2533085346221924,2.501062631607056,3.665916164716085,4.580347061157227,2.751485268274943,0.094164106281362,0.1508065980047596,1.891757071018219,1.2334150075912476,2.5500991344451904,3.6485440731048575,4.423341751098633,2.873746395111084,0.1246184048664043,0.1340003604823637,2.0099127888679504,1.5402320623397827,2.479593515396118
nb_s731008_mpnn_1_IL20,False,"A,B",13.277041791007504,83.16033422459893,124.48,9.45,6.647916666666667,67.95508249420331,0.00588,0.0878,0.0137,0.0,0.22,0.865,20.7,0.0,0.29,0.9169,0.338,4.848038931688496,94.48300353356892,6218.04,409.48,5.7735714285714295,89.2717401255732,0.586789,0.2817,0.6255,0.4813,0.78,0.85,9027.41,1.0,0.8305,0.07671470434673301,0.8449933982617294,20.46934986114502,44.265342712402344,72.54251,15.508063,0.53404415,,,,,,,0.5626331567764282,/scicore/home/schwede/barta0000/germinal_ds/templates_target_shuffle/nb_s731008_mpnn_1_IL20/chai_no_constraints/seed_3159/pred.model_idx_2.cif,0.48139721155166626,/scicore/home/schwede/barta0000/germinal_ds/templates_target_shuffle/nb_s731008_mpnn_1_IL20/chai_with_constraints/seed_1008/pred.model_idx_1.cif,0.5626331567764282,0.7549012899398804,0.5145660638809204,"[[0.8972412347793579, 0.8996766209602356]]","[[[0.8972412347793579, 0.5145660638809204], [0.5100426077842712, 0.8996766209602356]]]",0.5145660638809204,0.290283,0.099,0.114,0.2396,0.48139721155166626,0.707709014415741,0.4248192310333252,"[[0.8770418167114258, 0.8897887468338013]]","[[[0.8770418167114258, 0.41935575008392334], [0.4248192310333252, 0.8897887468338013]]]",0.41935575008392334,0.220772,0.1814,0.0742,0.1821,0.6616540551185608,0.7660890221595764,0.6040427088737488,0.6760568618774414,0.5857884883880615,0.6881203055381775,4.162023067474365,0.5861199498176575,/scicore/home/schwede/barta0000/germinal_ds/templates_target_shuffle/nb_s731008_mpnn_1_IL20/boltz_free/output/boltz_results_nb_s731008_mpnn_1_IL20/predictions/nb_s731008_mpnn_1_IL20/nb_s731008_mpnn_1_IL20_model_0.cif,0.230467,0.048,0.0251,0.1829,0.8145944476127625,0.8402884602546692,0.7695209980010986,0.8258628249168396,0.7900388836860657,0.5701556205749512,2.889439821243286,0.7695209980010986,/scicore/home/schwede/barta0000/germinal_ds/templates_target_shuffle/nb_s731008_mpnn_1_IL20/boltz_with_template/output/boltz_results_nb_s731008_mpnn_1_IL20/predictions/nb_s731008_mpnn_1_IL20/nb_s731008_mpnn_1_IL20_model_0.cif,0.452938,0.1776,0.2142,0.4179,4.765024979909262,5.298272609710693,4.231777350107829,0.1208814266705553,0.2260835721678361,1.4868505597114563,1.233368754386902,1.7403323650360107,3.822790741920471,4.473582108815511,3.171999375025431,0.1151742981124816,0.1506220905435432,1.8929812908172607,1.3280723094940186,2.457890272140503,3.892855207125346,4.769968191782634,3.015742222468058,0.1421914995890534,0.1707837146944398,1.767357349395752,1.2701711654663086,2.2645435333251958,4.86301056543986,5.459035555521647,4.266985575358073,0.1301950656236717,0.2315808707479155,1.462826132774353,1.198904037475586,1.72674822807312,4.148423870404561,4.347170352935791,3.949677387873332,0.1096167951327831,0.1930430901823051,1.6448418498039246,1.4049277305603027,1.8847559690475464,4.520537694295247,5.169716676076253,3.8713587125142417,0.0991634206307732,0.2165241095673525,1.5300533771514893,1.2619470357894895,1.7981597185134888,4.416582624117533,4.653789520263672,4.179375727971395,0.1570779915182353,0.183571786428048,1.6951494812965393,1.4639499187469482,1.9263490438461304
nb_s817878_mpnn_2_IL3,False,"A,B",12.197000421815684,81.47255511022043,202.2,15.78,6.404545454545454,73.56959023768972,0.050401,0.1626,0.0204,0.0494,0.36,0.83,-2.3,0.0,0.42,0.2804,0.473,6.269935009139339,91.94999999999999,13016.85,435.5,3.4078846153846154,87.64043459684953,0.335914,0.2609,0.3983,0.3371,0.64,0.77,9651.36,1.0,0.0429,0.17386311537273946,0.8383169347937272,27.808216094970703,51.21308517456055,52.646317,21.655968,0.45474356,,,,,,,0.26697206497192383,/scicore/home/schwede/barta0000/germinal_ds/templates_target_shuffle/nb_s817878_mpnn_2_IL3/chai_no_constraints/seed_2483/pred.model_idx_1.cif,0.34739166498184204,/scicore/home/schwede/barta0000/germinal_ds/templates_target_shuffle/nb_s817878_mpnn_2_IL3/chai_with_constraints/seed_1333/pred.model_idx_4.cif,0.26697206497192383,0.6161125302314758,0.17968693375587463,"[[0.9166056513786316, 0.3092881143093109]]","[[[0.9166056513786316, 0.17968693375587463], [0.15171325206756592, 0.3092881143093109]]]",0.17968693375587463,0.039326,0.0459,0.0119,0.0238,0.34739166498184204,0.6683766841888428,0.26714539527893066,"[[0.9153071641921997, 0.30940163135528564]]","[[[0.9153071641921997, 0.26431727409362793], [0.26714539527893066, 0.30940163135528564]]]",0.26431727409362793,0.139997,0.0753,0.0199,0.1719,0.8032481074333191,0.7268199324607849,0.549194872379303,0.8667613863945007,0.8139054179191589,0.5484110116958618,4.837119102478027,0.46391984820365906,/scicore/home/schwede/barta0000/germinal_ds/templates_target_shuffle/nb_s817878_mpnn_2_IL3/boltz_free/output/boltz_results_nb_s817878_mpnn_2_IL3/predictions/nb_s817878_mpnn_2_IL3/nb_s817878_mpnn_2_IL3_model_0.cif,0.168404,0.0537,0.0452,0.1265,0.8211098909378052,0.7160102128982544,0.5188902616500854,0.8966647982597351,0.8445987105369568,0.6455535888671875,5.936013221740723,0.4808353781700134,/scicore/home/schwede/barta0000/germinal_ds/templates_target_shuffle/nb_s817878_mpnn_2_IL3/boltz_with_template/output/boltz_results_nb_s817878_mpnn_2_IL3/predictions/nb_s817878_mpnn_2_IL3/nb_s817878_mpnn_2_IL3_model_0.cif,0.133052,0.0539,0.0484,0.1273,4.314916968345642,5.107567310333252,3.522266626358032,0.1372944731758736,0.2291525241940828,1.47336745262146,1.248215675354004,1.698519229888916,3.785679539044698,4.4939446449279785,3.077414433161417,0.1415483093046296,0.1979162980794843,1.6199110746383667,1.4193395376205444,1.820482611656189,3.9713423252105713,4.669466495513916,3.2732181549072266,0.1416543325743837,0.222414860017131,1.5032109022140503,1.3321901559829712,1.6742316484451294,4.305285414059957,5.1136854489644366,3.496885379155477,0.1253944336917121,0.2220520613916964,1.5048434138298037,1.271819233894348,1.7378675937652588,3.807794570922852,4.982897599538167,2.632691542307536,0.050339802673735,0.161400480487267,1.8238665461540224,1.3431469202041626,2.304586172103882,3.7686285575230913,4.979596932729085,2.557660182317098,0.044499494840186,0.1977961730507812,1.6205182075500488,1.3100441694259644,1.9309922456741333,3.73054313659668,4.67907730738322,2.78200896581014,0.1123676657571383,0.1326136388936024,2.0203153491020203,1.6059645414352417,2.434666156768799
nb_s413501_mpnn_3_BHRF,False,"A,B",13.240558094495814,78.46942794759825,617.1,27.8,11.710714285714285,59.399396866768605,0.017112,0.0921,0.014,0.0452,0.21,0.8300000000000001,223.53,0.0,0.29,0.9878,0.857,5.557823124431691,91.88817869415809,14515.76,737.09,4.108636363636364,81.66648555446315,0.386843,0.2902,0.3023,0.3788,0.63,0.8,7514.01,1.0,0.9598,0.09404591899180224,0.8084368033938006,14.157440450456408,45.523651123046875,73.78525,14.390609,0.5539575,,,,,,,0.3092796802520752,/scicore/home/schwede/barta0000/germinal_ds/templates_target_shuffle/nb_s413501_mpnn_3_BHRF/chai_no_constraints/seed_1051/pred.model_idx_3.cif,0.6359551548957825,/scicore/home/schwede/barta0000/germinal_ds/templates_target_shuffle/nb_s413501_mpnn_3_BHRF/chai_with_constraints/seed_1165/pred.model_idx_0.cif,0.3092796802520752,0.6114381551742554,0.23374004662036896,"[[0.9223341941833496, 0.8981116414070129]]","[[[0.9223341941833496, 0.23374004662036896], [0.16053412854671478, 0.8981116414070129]]]",0.23374004662036896,0.064021,0.1425,0.0139,0.0328,0.6359551548957825,0.809260904788971,0.5926287174224854,"[[0.921504020690918, 0.8938863277435303]]","[[[0.921504020690918, 0.5926287174224854], [0.5853016972541809, 0.8938863277435303]]]",0.5926287174224854,0.46818,0.2472,0.2922,0.4307,0.8382862210273743,0.8313843011856079,0.6853734850883484,0.8765144348144531,0.799227237701416,0.4296666979789734,2.2079052925109863,0.6853733658790588,/scicore/home/schwede/barta0000/germinal_ds/templates_target_shuffle/nb_s413501_mpnn_3_BHRF/boltz_free/output/boltz_results_nb_s413501_mpnn_3_BHRF/predictions/nb_s413501_mpnn_3_BHRF/nb_s413501_mpnn_3_BHRF_model_0.cif,0.398535,0.0764,0.1417,0.3597,0.8014706969261169,0.7249495387077332,0.5038701891899109,0.8758708238601685,0.812956690788269,0.7271500825881958,6.386476516723633,0.5038701891899109,/scicore/home/schwede/barta0000/germinal_ds/templates_target_shuffle/nb_s413501_mpnn_3_BHRF/boltz_with_template/output/boltz_results_nb_s413501_mpnn_3_BHRF/predictions/nb_s413501_mpnn_3_BHRF/nb_s413501_mpnn_3_BHRF_model_0.cif,0.16069,0.0991,0.0426,0.1108,4.461387554804484,3.811946233113607,5.110828876495361,0.1482394233336481,0.2149481713074601,1.5373583436012268,1.3445146083831787,1.730202078819275,4.211899399757385,3.696127494176229,4.727671305338542,0.1417786551320715,0.197670771787781,1.621152400970459,1.4779783487319946,1.7643264532089231,4.406823833783468,3.9307515621185294,4.882896105448405,0.181573335300167,0.1991887674693731,1.613502323627472,1.4244098663330078,1.802594780921936,4.539451320966085,3.978505849838257,5.100396792093913,0.1448602116341122,0.2204554141863875,1.5120598077774048,1.310846924781799,1.7132726907730105,4.47449251015981,3.80477770169576,5.14420731862386,0.1170885997469234,0.237229003282472,1.4387293457984924,1.1257634162902832,1.7516952753067017,4.371946056683859,3.796501398086548,4.947390715281169,0.1199656247307254,0.2378575634899309,1.4360832571983335,1.141451716423035,1.7307147979736328,4.91072161992391,4.6137471199035645,5.207696119944255,0.1021672292822816,0.2102718990350855,1.5593538284301758,1.4460442066192627,1.6726634502410889
nb_s319551_mpnn_2_BHRF,False,"A,B",14.287823714882913,79.09355497609735,399.39,27.58,15.235999999999999,59.60124987980472,0.005636,0.0772,0.0129,0.0,0.18,0.8300000000000001,120.74,0.0,0.25,0.9552,1.131,7.379633329790626,89.25398625429554,996.9,67.38,8.62952380952381,72.69913068025008,0.237348,0.1284,0.122,0.2295,0.51,0.75,659.4,1.0,0.2374,0.07257842723246435,0.8266887855129185,15.885492188589913,51.338809967041016,72.38907,15.213276,0.5455345,,,,,,,0.24932023882865906,/scicore/home/schwede/barta0000/germinal_ds/templates_target_shuffle/nb_s319551_mpnn_2_BHRF/chai_no_constraints/seed_3621/pred.model_idx_3.cif,0.5534321665763855,/scicore/home/schwede/barta0000/germinal_ds/templates_target_shuffle/nb_s319551_mpnn_2_BHRF/chai_with_constraints/seed_1191/pred.model_idx_0.cif,0.24932023882865906,0.5954146981239319,0.16279661655426025,"[[0.901191771030426, 0.9093650579452515]]","[[[0.901191771030426, 0.16279661655426025], [0.11853420734405518, 0.9093650579452515]]]",0.16279661655426025,0.005433,0.0659,0.0108,0.0,0.5534321665763855,0.7845388054847717,0.49565550684928894,"[[0.9106888771057129, 0.9173795580863953]]","[[[0.9106888771057129, 0.49565550684928894], [0.4657418131828308, 0.9173795580863953]]]",0.49565550684928894,0.384609,0.1882,0.2418,0.365,0.8680762648582458,0.8649339079856873,0.7602835297584534,0.8950243592262268,0.8312073349952698,0.4362528622150421,2.2387008666992188,0.7602835297584534,/scicore/home/schwede/barta0000/germinal_ds/templates_target_shuffle/nb_s319551_mpnn_2_BHRF/boltz_free/output/boltz_results_nb_s319551_mpnn_2_BHRF/predictions/nb_s319551_mpnn_2_BHRF/nb_s319551_mpnn_2_BHRF_model_0.cif,0.47364,0.2842,0.2284,0.4346,0.8555264472961426,0.7472231388092041,0.5342916250228882,0.9358351826667786,0.9040358662605286,0.7131398320198059,5.731019496917725,0.5303587317466736,/scicore/home/schwede/barta0000/germinal_ds/templates_target_shuffle/nb_s319551_mpnn_2_BHRF/boltz_with_template/output/boltz_results_nb_s319551_mpnn_2_BHRF/predictions/nb_s319551_mpnn_2_BHRF/nb_s319551_mpnn_2_BHRF_model_0.cif,0.194096,0.3167,0.072,0.1342,4.900506575902304,4.64059591293335,5.160417238871257,0.1070270044655684,0.2057311166692496,1.581185221672058,1.4631314277648926,1.6992390155792236,4.40810469786326,4.020370721817017,4.795838673909505,0.1776780280010258,0.1979768245608541,1.619605302810669,1.3982765674591064,1.8409340381622317,4.4066834052403765,4.044218142827352,4.769148667653401,0.181785094093906,0.2046012220863828,1.586692452430725,1.4233784675598145,1.7500064373016355,5.01205070813497,4.84809414545695,5.176007270812988,0.1079625919368589,0.2133870101550334,1.5446478128433228,1.4305317401885986,1.6587638854980469,4.69735304514567,4.325260480244954,5.069445610046387,0.1100178589779838,0.2313519320996857,1.463815212249756,1.3340879678726196,1.593542456626892,4.611388921737671,4.236632347106934,4.986145496368408,0.1290614015665837,0.2063569160167591,1.5781480073928833,1.4217512607574463,1.7345447540283203,4.873036702473959,4.55673090616862,5.189342498779297,0.0736347739839921,0.1922394327116555,1.649013638496399,1.603201389312744,1.6948258876800537
nb_s916275_mpnn_1_BHRF,False,"A,B",13.927125329176556,77.43389644580957,358.28,16.08,5.3112903225806445,63.98762078199103,0.006491,0.1612,0.0121,0.0101,0.2,0.8200000000000001,18.48,0.0,0.27,0.4394,0.518,5.293914573517081,90.80079037800687,5413.07,285.98,2.810483870967742,81.73542742047991,0.42806,0.3431,0.3128,0.4222,0.67,0.82,2766.42,1.0,0.0006,0.06444787244604397,0.8164983556177403,16.12991007891568,52.029335021972656,72.562675,14.76542,0.5447744,,,,,,,0.4285482168197632,/scicore/home/schwede/barta0000/germinal_ds/templates_target_shuffle/nb_s916275_mpnn_1_BHRF/chai_no_constraints/seed_5396/pred.model_idx_3.cif,0.44848451018333435,/scicore/home/schwede/barta0000/germinal_ds/templates_target_shuffle/nb_s916275_mpnn_1_BHRF/chai_with_constraints/seed_1514/pred.model_idx_2.cif,0.4285482168197632,0.6992250084877014,0.36087900400161743,"[[0.887488842010498, 0.9031825065612793]]","[[[0.887488842010498, 0.36087900400161743], [0.3225015103816986, 0.9031825065612793]]]",0.36087900400161743,0.20487,0.3271,0.0443,0.1848,0.44848451018333435,0.7293574213981628,0.37826627492904663,"[[0.887906014919281, 0.903792142868042]]","[[[0.887906014919281, 0.37826627492904663], [0.35631200671195984, 0.903792142868042]]]",0.37826627492904663,0.247718,0.1994,0.0865,0.2178,0.844546914100647,0.8700929284095764,0.773661732673645,0.8622681498527527,0.7900359630584717,0.4801194667816162,2.3551313877105713,0.773661732673645,/scicore/home/schwede/barta0000/germinal_ds/templates_target_shuffle/nb_s916275_mpnn_1_BHRF/boltz_free/output/boltz_results_nb_s916275_mpnn_1_BHRF/predictions/nb_s916275_mpnn_1_BHRF/nb_s916275_mpnn_1_BHRF_model_0.cif,0.458023,0.3106,0.1853,0.4327,0.8454494476318359,0.7562338709831238,0.5474606156349182,0.9199466109275818,0.8876716494560242,0.813848614692688,6.432510852813721,0.5474606156349182,/scicore/home/schwede/barta0000/germinal_ds/templates_target_shuffle/nb_s916275_mpnn_1_BHRF/boltz_with_template/output/boltz_results_nb_s916275_mpnn_1_BHRF/predictions/nb_s916275_mpnn_1_BHRF/nb_s916275_mpnn_1_BHRF_model_0.cif,0.181849,0.5289,0.0531,0.1169,4.624237656593323,4.144606987635295,5.103868325551351,0.1343604113973189,0.197783311047425,1.6205832362174988,1.504272222518921,1.7368942499160769,4.1516488790512085,3.5157155195871987,4.787582238515218,0.1761167555201522,0.192733291222253,1.6464479565620422,1.49640691280365,1.7964890003204346,4.348943869272867,3.9482321739196777,4.749655564626058,0.1607755409400506,0.2098555834133784,1.5613356828689575,1.4016169309616089,1.7210544347763062,4.778858105341593,4.416666507720947,5.141049702962239,0.136389725447123,0.2010518516584049,1.6041924357414246,1.4576032161712646,1.7507816553115845,4.642306725184122,4.297072410583496,4.987541039784749,0.0893380512161684,0.2069983507491179,1.5750444531440737,1.4591220617294312,1.6909668445587158,4.417698860168457,4.036566416422526,4.798831303914388,0.1703775334385003,0.1943321183093329,1.6381866335868835,1.3365974426269531,1.939775824546814,4.894300540288289,4.628062566121419,5.160538514455159,0.0950812630779877,0.194886452046299,1.6353381872177124,1.553952693939209,1.7167236804962158
nb_s887286_mpnn_2_IL20,False,"A,B",11.631953202062707,83.32718073353954,219.87,15.78,8.239285714285716,71.25996634887397,0.042895,0.1157,0.0296,0.0612,0.33,0.86,64.12,0.0,0.39,0.9697,1.12,5.694665434703891,92.76561837455831,11667.28,657.15,4.9687931034482755,84.30107116699219,0.386661,0.2144,0.3918,0.3687,0.66,0.8,14659.33,1.0,0.7252,0.1325951364461422,0.8311832731646476,7.618373934427897,66.37013244628906,73.11871,11.664831,0.6747534,,,,,,,0.2985575795173645,/scicore/home/schwede/barta0000/germinal_ds/templates_target_shuffle/nb_s887286_mpnn_2_IL20/chai_no_constraints/seed_1798/pred.model_idx_4.cif,0.40548640489578247,/scicore/home/schwede/barta0000/germinal_ds/templates_target_shuffle/nb_s887286_mpnn_2_IL20/chai_with_constraints/seed_1280/pred.model_idx_1.cif,0.2985575795173645,0.6112520694732666,0.22038395702838898,"[[0.8505618572235107, 0.8984779119491577]]","[[[0.8505618572235107, 0.22038395702838898], [0.20528258383274078, 0.8984779119491577]]]",0.22038395702838898,0.048981,0.0696,0.0122,0.0088,0.40548640489578247,0.6693364381790161,0.33952388167381287,"[[0.8226106762886047, 0.8845893740653992]]","[[[0.8226106762886047, 0.33952388167381287], [0.31633445620536804, 0.8845893740653992]]]",0.33952388167381287,0.190113,0.085,0.041,0.1642,0.5546866059303284,0.5825567245483398,0.26888376474380493,0.6261373162269592,0.6117578744888306,1.4558353424072266,7.160696029663086,0.26452627778053284,/scicore/home/schwede/barta0000/germinal_ds/templates_target_shuffle/nb_s887286_mpnn_2_IL20/boltz_free/output/boltz_results_nb_s887286_mpnn_2_IL20/predictions/nb_s887286_mpnn_2_IL20/nb_s887286_mpnn_2_IL20_model_0.cif,0.026741,0.0637,0.0125,0.0287,0.773125171661377,0.6894707083702087,0.5243902206420898,0.8353089094161987,0.8145817518234253,1.1143602132797241,6.333212375640869,0.5243902206420898,/scicore/home/schwede/barta0000/germinal_ds/templates_target_shuffle/nb_s887286_mpnn_2_IL20/boltz_with_template/output/boltz_results_nb_s887286_mpnn_2_IL20/predictions/nb_s887286_mpnn_2_IL20/nb_s887286_mpnn_2_IL20_model_0.cif,0.169028,0.2747,0.0665,0.1277,4.656505028406778,5.0398945808410645,4.273115475972493,0.1819355269327634,0.2276617961227658,1.4798941016197205,1.2515647411346436,1.7082234621047974,3.9815224806467695,4.949306964874268,3.013737996419271,0.1994590668990099,0.1470295563529529,1.917121648788452,1.4325685501098633,2.401674747467041,3.988321900367737,4.957778294881185,3.0188655058542886,0.2238484706984765,0.1580021660570844,1.8451465368270876,1.4510612487792969,2.239231824874878,4.684566656748454,5.041727224985759,4.327406088511149,0.1751263859697064,0.2237106432173043,1.4974018335342407,1.2533212900161743,1.7414823770523071,4.565378387769064,5.122118631998698,4.008638143539429,0.1470960923307675,0.1910013957116301,1.6554745435714722,1.4427236318588257,1.8682254552841189,4.684264659881592,5.30548095703125,4.063048362731934,0.1772602596546282,0.2039127697430215,1.590062975883484,1.383569359779358,1.79655659198761,4.640592495600383,5.084229151407878,4.196955839792888,0.1852943970801636,0.1617132863879648,1.8219303488731384,1.6990737915039062,1.9447869062423704
nb_s885633_mpnn_2_IL3,False,"A,B",13.687887640800513,78.84021543086172,203.53,15.09,5.85625,63.76108101394786,0.00589,0.0723,0.0146,0.0,0.2,0.81,43.89,0.0,0.28,0.8873,0.286,6.096265212704463,91.28782608695651,3618.33,248.16,1.9377083333333331,82.54840118408202,0.309382,0.168,0.2768,0.3323,0.57,0.76,2686.43,1.0,0.0359,0.07111132034448187,0.8319544938469638,24.62665843963623,46.50924301147461,54.242565,21.400146,0.46056998,,,,,,,0.2567322850227356,/scicore/home/schwede/barta0000/germinal_ds/templates_target_shuffle/nb_s885633_mpnn_2_IL3/chai_no_constraints/seed_4569/pred.model_idx_2.cif,0.43574047088623047,/scicore/home/schwede/barta0000/germinal_ds/templates_target_shuffle/nb_s885633_mpnn_2_IL3/chai_with_constraints/seed_1226/pred.model_idx_3.cif,0.2567322850227356,0.5959203243255615,0.1719352751970291,"[[0.9203233122825623, 0.320901095867157]]","[[[0.9203233122825623, 0.15628990530967712], [0.1719352751970291, 0.320901095867157]]]",0.15628990530967712,0.015564,0.0476,0.0116,0.0,0.43574047088623047,0.7060016393661499,0.3681751489639282,"[[0.9189188480377197, 0.3660599887371063]]","[[[0.9189188480377197, 0.3233962059020996], [0.3681751489639282, 0.3660599887371063]]]",0.3233962059020996,0.231651,0.0634,0.0985,0.24,0.7537232041358948,0.6489706039428711,0.3491296172142029,0.8548715710639954,0.7829150557518005,0.7068544626235962,7.622462749481201,0.2804434299468994,/scicore/home/schwede/barta0000/germinal_ds/templates_target_shuffle/nb_s885633_mpnn_2_IL3/boltz_free/output/boltz_results_nb_s885633_mpnn_2_IL3/predictions/nb_s885633_mpnn_2_IL3/nb_s885633_mpnn_2_IL3_model_0.cif,0.041194,0.0641,0.0182,0.0282,0.895382821559906,0.8506592512130737,0.7289374470710754,0.9369940757751465,0.9143994450569153,0.4734770953655243,2.9339778423309326,0.7289374470710754,/scicore/home/schwede/barta0000/germinal_ds/templates_target_shuffle/nb_s885633_mpnn_2_IL3/boltz_with_template/output/boltz_results_nb_s885633_mpnn_2_IL3/predictions/nb_s885633_mpnn_2_IL3/nb_s885633_mpnn_2_IL3_model_0.cif,0.367922,0.4177,0.3077,0.416,4.389936884244283,5.080585479736328,3.699288288752238,0.1620868591139458,0.2306844710920793,1.4667044281959534,1.1736304759979248,1.759778380393982,4.058872222900391,4.926826477050781,3.19091796875,0.1158951514137401,0.2259924144309425,1.4872538447380066,1.209591031074524,1.7649166584014893,4.094665090243022,4.757594585418701,3.4317355950673423,0.1539629153955866,0.2206661122594976,1.5111045241355896,1.2995001077651978,1.7227089405059814,4.61332639058431,5.374199390411377,3.8524533907572422,0.1240890545694621,0.2323087973194378,1.4596877694129944,1.174091935157776,1.745283603668213,3.731030146280924,4.705544789632161,2.7565155029296875,0.1032102112838266,0.1743041032509936,1.746953785419464,1.2601152658462524,2.233792304992676,3.6205311218897513,4.6297149658203125,2.611347277959188,0.0934400159222876,0.1938764530916048,1.6405341625213623,1.2570006847381592,2.024067640304565,3.76490863164266,4.744681040445964,2.7851362228393555,0.1158810748139357,0.136650847294817,1.990326166152954,1.493175983428955,2.487476348876953
nb_s7171_mpnn_2_BHRF,False,"A,B",12.229230878237148,79.0153515625,287.72,14.91,7.648529411764706,62.4221376552516,0.030419,0.0872,0.0181,0.0747,0.24,0.835,69.84,0.0,0.31,0.8404,0.767,6.411620670516408,89.64580756013746,3294.38,246.35,3.9600000000000004,78.48899892171224,0.309094,0.168,0.1948,0.3029,0.57,0.77,2081.15,1.0,0.9516,0.11817099448410895,0.8677299344748992,15.59563570022583,56.57253646850586,75.03622,14.339805,0.55253136,,,,,,,0.30331313610076904,/scicore/home/schwede/barta0000/germinal_ds/templates_target_shuffle/nb_s7171_mpnn_2_BHRF/chai_no_constraints/seed_1103/pred.model_idx_1.cif,0.4049041271209717,/scicore/home/schwede/barta0000/germinal_ds/templates_target_shuffle/nb_s7171_mpnn_2_BHRF/chai_with_constraints/seed_1689/pred.model_idx_2.cif,0.30331313610076904,0.6162164211273193,0.22508731484413147,"[[0.8931834101676941, 0.8984923362731934]]","[[[0.8931834101676941, 0.22508731484413147], [0.18302445113658905, 0.8984923362731934]]]",0.22508731484413147,0.039291,0.122,0.0123,0.0203,0.4049041271209717,0.6929364204406738,0.33289605379104614,"[[0.8941187262535095, 0.891424834728241]]","[[[0.8941187262535095, 0.33289605379104614], [0.3051014244556427, 0.891424834728241]]]",0.33289605379104614,0.213751,0.0709,0.0361,0.1775,0.8443765640258789,0.9066632986068726,0.8463104367256165,0.8438930511474609,0.7692290544509888,0.3731088638305664,1.364205241203308,0.8463104367256165,/scicore/home/schwede/barta0000/germinal_ds/templates_target_shuffle/nb_s7171_mpnn_2_BHRF/boltz_free/output/boltz_results_nb_s7171_mpnn_2_BHRF/predictions/nb_s7171_mpnn_2_BHRF/nb_s7171_mpnn_2_BHRF_model_0.cif,0.644684,0.1712,0.2897,0.5789,0.7746054530143738,0.6743061542510986,0.405816912651062,0.8668026328086853,0.7828441262245178,0.886286735534668,8.905012130737305,0.402432382106781,/scicore/home/schwede/barta0000/germinal_ds/templates_target_shuffle/nb_s7171_mpnn_2_BHRF/boltz_with_template/output/boltz_results_nb_s7171_mpnn_2_BHRF/predictions/nb_s7171_mpnn_2_BHRF/nb_s7171_mpnn_2_BHRF_model_0.cif,0.082729,0.1548,0.0218,0.0387,5.271462281545004,5.462956587473552,5.079967975616455,0.1166231980977963,0.1996076443429009,1.611401617527008,1.449279546737671,1.7735236883163452,4.900664885838827,4.97167444229126,4.8296553293863935,0.1808354151533152,0.2141811360636652,1.5409331917762756,1.294350028038025,1.7875163555145264,4.871456464131674,4.901840368906657,4.8410725593566895,0.1723265902165803,0.2219957521853107,1.5050970315933228,1.2746120691299438,1.7355819940567017,5.549116770426433,5.950806776682536,5.147426764170329,0.1324124449877461,0.2121790726756999,1.5503246784210205,1.3376457691192627,1.7630035877227783,4.955913623174032,5.027176380157471,4.884650866190593,0.1602898415288172,0.2210512967893013,1.5093604922294617,1.2811763286590576,1.7375446557998655,5.2918461958567296,5.783878644307454,4.799813747406006,0.1073751446140529,0.2216621338522541,1.5066009759902954,1.2828571796417236,1.7303447723388672,5.5546698570251465,5.794047514597575,5.315292199452718,0.1078333782638187,0.2210254344345935,1.5094774961471558,1.3591933250427246,1.659761667251587
nb_s191527_mpnn_5_IL3,False,"A,B",14.66104610289178,78.01721245605223,171.53,7.56,10.601219512195122,60.84443136898299,0.005954,0.0941,0.0133,0.0167,0.17,0.815,33.57,0.0,0.24,0.9769,0.555,5.88476354887594,89.23181818181818,29750.79,1145.76,6.696875,81.60743586222331,0.491727,0.2979,0.3378,0.4598,0.71,0.8,16243.86,1.0,0.9715,0.11293406512433672,0.8198074475504268,26.781784193856375,62.473758697509766,55.83847,21.393532,0.46612048,,,,,,,0.2292141616344452,/scicore/home/schwede/barta0000/germinal_ds/templates_target_shuffle/nb_s191527_mpnn_5_IL3/chai_no_constraints/seed_1224/pred.model_idx_4.cif,0.5608106255531311,/scicore/home/schwede/barta0000/germinal_ds/templates_target_shuffle/nb_s191527_mpnn_5_IL3/chai_with_constraints/seed_3306/pred.model_idx_3.cif,0.2292141616344452,0.5857744812965393,0.14007408916950226,"[[0.9139910936355591, 0.31336328387260437]]","[[[0.9139910936355591, 0.14007408916950226], [0.10535065829753876, 0.31336328387260437]]]",0.14007408916950226,0.005309,0.0575,0.01,0.0,0.5608106255531311,0.6741212606430054,0.5324829816818237,"[[0.8852702379226685, 0.4044378995895386]]","[[[0.8852702379226685, 0.3085545003414154], [0.5324829816818237, 0.4044378995895386]]]",0.3085545003414154,0.305593,0.1719,0.0279,0.2937,0.8351083993911743,0.8701261878013611,0.8090323209762573,0.8416274189949036,0.7549384236335754,0.4556921124458313,2.1715316772460938,0.8090323209762573,/scicore/home/schwede/barta0000/germinal_ds/templates_target_shuffle/nb_s191527_mpnn_5_IL3/boltz_free/output/boltz_results_nb_s191527_mpnn_5_IL3/predictions/nb_s191527_mpnn_5_IL3/nb_s191527_mpnn_5_IL3_model_0.cif,0.498048,0.1538,0.192,0.461,0.8953220248222351,0.836051344871521,0.7651703357696533,0.9278600215911865,0.9093910455703735,0.5656532049179077,2.6892619132995605,0.7651703357696533,/scicore/home/schwede/barta0000/germinal_ds/templates_target_shuffle/nb_s191527_mpnn_5_IL3/boltz_with_template/output/boltz_results_nb_s191527_mpnn_5_IL3/predictions/nb_s191527_mpnn_5_IL3/nb_s191527_mpnn_5_IL3_model_0.cif,0.448558,0.5338,0.4581,0.4291,4.000759800275167,4.492474397023519,3.509045203526815,0.173916519748041,0.1973491821480662,1.6227806210517883,1.5263315439224243,1.7192296981811523,3.6961262226104736,4.349530061086019,3.042722384134928,0.1987371784198716,0.1920939322155831,1.6497707962989807,1.429106593132019,1.8704349994659424,4.024726231892903,4.498174667358398,3.5512777964274087,0.2187845021479982,0.2043226422204471,1.5880549550056458,1.4095059633255005,1.766603946685791,3.985873977343241,4.471669991811116,3.500077962875366,0.1739623018803028,0.2035438972259386,1.591873586177826,1.4827460050582886,1.7010011672973633,3.335703134536743,4.2248349984486895,2.4465712706247964,0.190132626194977,0.1788250914521184,1.721347093582153,1.3186769485473633,2.124017238616944,3.8417923847834263,4.84597905476888,2.8376057147979736,0.1107342195772649,0.1457326642659523,1.925981402397156,1.3933463096618652,2.4586164951324463,3.6766228278477984,4.578678925832112,2.774566729863485,0.1098905525644759,0.1384619392271509,1.9771597981452944,1.5244401693344116,2.4298794269561768
nb_s358395_mpnn_2_PDL1,False,"A,B",11.949954601292529,80.61934724451578,169.25,11.61,9.053846153846154,62.307534448852664,0.01316,0.0844,0.019,0.0676,0.2,0.83,-69.49,0.0,0.27,0.9888,0.453,5.5530630774982646,91.77493670886075,14209.15,922.41,4.008181818181818,79.59919982910156,0.302684,0.2166,0.242,0.3362,0.56,0.76,15404.93,1.0,0.9804,0.13242494299313684,0.8548897400183466,,,67.770256,17.220255,0.49242994,,,,,,,0.34378063678741455,/scicore/home/schwede/barta0000/germinal_ds/templates_target_shuffle/nb_s358395_mpnn_2_PDL1/chai_no_constraints/seed_409/pred.model_idx_0.cif,0.4786982536315918,/scicore/home/schwede/barta0000/germinal_ds/templates_target_shuffle/nb_s358395_mpnn_2_PDL1/chai_with_constraints/seed_28/pred.model_idx_4.cif,0.34378063678741455,0.6793814301490784,0.2598804235458374,"[[0.9060090184211731, 0.8843039274215698]]","[[[0.9060090184211731, 0.2598804235458374], [0.24634738266468048, 0.8843039274215698]]]",0.2598804235458374,0.125614,0.0978,0.0176,0.1017,0.4786982536315918,0.7545348405838013,0.40973907709121704,"[[0.9025282263755798, 0.8814187049865723]]","[[[0.9025282263755798, 0.3977595865726471], [0.40973907709121704, 0.8814187049865723]]]",0.3977595865726471,0.301224,0.0962,0.0963,0.346,0.8296071887016296,0.8728740215301514,0.7508438229560852,0.8492980599403381,0.7387731671333313,0.3927757143974304,1.8025946617126465,0.7440017461776733,/scicore/home/schwede/barta0000/germinal_ds/templates_target_shuffle/nb_s358395_mpnn_2_PDL1/boltz_free/output/boltz_results_nb_s358395_mpnn_2_PDL1/predictions/nb_s358395_mpnn_2_PDL1/nb_s358395_mpnn_2_PDL1_model_0.cif,0.42799,0.0988,0.1507,0.4861,0.8483763933181763,0.8216613531112671,0.6532322764396667,0.8971623778343201,0.8176709413528442,0.49642518162727356,3.0741701126098633,0.6331108212471008,/scicore/home/schwede/barta0000/germinal_ds/templates_target_shuffle/nb_s358395_mpnn_2_PDL1/boltz_with_template/output/boltz_results_nb_s358395_mpnn_2_PDL1/predictions/nb_s358395_mpnn_2_PDL1/nb_s358395_mpnn_2_PDL1_model_0.cif,0.294897,0.176,0.162,0.3631,4.74496873219808,4.993292490641276,4.496644973754883,0.1075963322866351,0.2646782236103632,1.3292404413223269,1.2049839496612549,1.4534969329833984,4.150903145472209,4.366125106811523,3.935681184132894,0.1400089145056701,0.2166222291023192,1.5296003222465515,1.314761519432068,1.7444391250610352,4.136794288953145,4.326329072316487,3.947259505589803,0.1618110428651237,0.2320190424705009,1.4609358310699463,1.2009503841400146,1.720921277999878,5.053499221801758,5.51979414621989,4.587204297383626,0.143730564423786,0.2525188899691817,1.3762692213058472,1.2970441579818726,1.4554942846298218,4.579286019007365,4.709409395853679,4.449162642161052,0.1448189010706753,0.2362680947316661,1.4427881240844729,1.3274606466293335,1.5581156015396118,4.60432783762614,4.876087824503581,4.332567850748698,0.1501616601128979,0.2208866620778482,1.510105550289154,1.3691171407699585,1.6510939598083496,4.70502750078837,4.882320404052734,4.527734597524007,0.0751575560966218,0.2091881747804594,1.564521074295044,1.4223120212554932,1.7067301273345947
nb_s731266_mpnn_5_IL3,False,"A,B",13.988845318627066,79.8132693279434,209.08,14.58,4.419565217391304,65.19396053051787,0.013802,0.1101,0.0233,0.1185,0.28,0.815,23.68,0.0,0.33,0.8005,0.347,6.55650939711603,90.70245059288538,8779.91,549.1,2.734047619047619,85.54043545930281,0.407926,0.3284,0.4387,0.3119,0.66,0.75,5144.87,1.0,0.0671,0.09050123090382106,0.8382152077216771,28.374077796936035,42.84141540527344,53.16914,21.295877,0.4631471,,,,,,,0.619463324546814,/scicore/home/schwede/barta0000/germinal_ds/templates_target_shuffle/nb_s731266_mpnn_5_IL3/chai_no_constraints/seed_7157/pred.model_idx_0.cif,0.44446900486946106,/scicore/home/schwede/barta0000/germinal_ds/templates_target_shuffle/nb_s731266_mpnn_5_IL3/chai_with_constraints/seed_2129/pred.model_idx_1.cif,0.619463324546814,0.6889476180076599,0.6020922660827637,"[[0.9136825203895569, 0.4013324975967407]]","[[[0.9136825203895569, 0.33498844504356384], [0.6020922660827637, 0.4013324975967407]]]",0.33498844504356384,0.300969,0.2454,0.0702,0.265,0.44446900486946106,0.6249788403511047,0.39934155344963074,"[[0.9070911407470703, 0.3365107476711273]]","[[[0.9070911407470703, 0.20405662059783936], [0.39934155344963074, 0.3365107476711273]]]",0.20405662059783936,0.15635,0.175,0.0167,0.1737,0.8259954452514648,0.8633740544319153,0.8009386658668518,0.8322595953941345,0.7642411589622498,0.4630473554134369,2.3754079341888428,0.8009386658668518,/scicore/home/schwede/barta0000/germinal_ds/templates_target_shuffle/nb_s731266_mpnn_5_IL3/boltz_free/output/boltz_results_nb_s731266_mpnn_5_IL3/predictions/nb_s731266_mpnn_5_IL3/nb_s731266_mpnn_5_IL3_model_0.cif,0.458312,0.181,0.1898,0.4157,0.8860875368118286,0.8426397442817688,0.7504352331161499,0.9200005531311035,0.8953616619110107,0.5548917055130005,3.0195090770721436,0.7504352331161499,/scicore/home/schwede/barta0000/germinal_ds/templates_target_shuffle/nb_s731266_mpnn_5_IL3/boltz_with_template/output/boltz_results_nb_s731266_mpnn_5_IL3/predictions/nb_s731266_mpnn_5_IL3/nb_s731266_mpnn_5_IL3_model_0.cif,0.381808,0.4283,0.3812,0.41,4.067486882209778,4.814550558725993,3.320423205693563,0.1095586015832701,0.2227975460674821,1.5014917850494385,1.3266818523406982,1.6763017177581787,3.861431797345479,4.629813194274902,3.093050400416056,0.1256024891314375,0.1970563380515091,1.6242656111717224,1.3320366144180298,1.916494607925415,3.924795866012573,4.612457116444905,3.2371346155802407,0.1370833189239891,0.2330421928568201,1.4565357565879822,1.204470157623291,1.7086013555526731,4.128924926122029,4.911421616872151,3.346428235371908,0.0910507812957786,0.2176831771472867,1.5247145891189575,1.3340660333633425,1.7153631448745728,3.844755093256632,4.901898701985677,2.787611484527588,0.1177356197438547,0.1757873994320158,1.7384799718856812,1.245116949081421,2.2318429946899414,3.916425665219625,4.796356042226155,3.0364952882130942,0.1041564705347349,0.1672307601833757,1.7883806228637695,1.1999647617340088,2.3767964839935303,3.852320909500122,4.81891139348348,2.885730425516764,0.1086478277113039,0.1387562638270436,1.975036382675171,1.5010292530059814,2.4490435123443604
nb_s37712_mpnn_5_BHRF,False,"A,B",11.591086548340241,79.03611953226505,380.18,12.98,6.473469387755103,68.31007983925228,0.08775,0.2466,0.025,0.0613,0.36,0.835,62.95,0.0,0.41,0.8857,0.315,4.077652247847806,93.69573883161512,8974.12,680.65,3.2270192307692316,91.26185169926396,0.693082,0.5427,0.6951,0.601,0.83,0.89,20121.69,1.0,0.9786,0.2695280861785463,0.8361374638427628,14.364017645517984,61.81101989746094,74.52434,15.187725,0.54325616,,,,,,,0.5604814291000366,/scicore/home/schwede/barta0000/germinal_ds/templates_target_shuffle/nb_s37712_mpnn_5_BHRF/chai_no_constraints/seed_1441/pred.model_idx_3.cif,0.7308238744735718,/scicore/home/schwede/barta0000/germinal_ds/templates_target_shuffle/nb_s37712_mpnn_5_BHRF/chai_with_constraints/seed_1695/pred.model_idx_0.cif,0.5604814291000366,0.7580194473266602,0.5110968947410583,"[[0.901604175567627, 0.904385507106781]]","[[[0.901604175567627, 0.5110968947410583], [0.467487633228302, 0.904385507106781]]]",0.5110968947410583,0.259274,0.2691,0.0699,0.1987,0.7308238744735718,0.8617825508117676,0.6980841755867004,"[[0.9090766906738281, 0.9132107496261597]]","[[[0.9090766906738281, 0.6980841755867004], [0.6753541231155396, 0.9132107496261597]]]",0.6980841755867004,0.606067,0.354,0.4313,0.5162,0.8091147541999817,0.7627532482147217,0.5806079506874084,0.866241455078125,0.8141394853591919,0.7088557481765747,6.381453990936279,0.5717262625694275,/scicore/home/schwede/barta0000/germinal_ds/templates_target_shuffle/nb_s37712_mpnn_5_BHRF/boltz_free/output/boltz_results_nb_s37712_mpnn_5_BHRF/predictions/nb_s37712_mpnn_5_BHRF/nb_s37712_mpnn_5_BHRF_model_0.cif,0.22587,0.3733,0.059,0.1405,0.8873862624168396,0.866857647895813,0.7965136170387268,0.9101043343544006,0.8858901262283325,0.5644449591636658,2.7475359439849854,0.7965136170387268,/scicore/home/schwede/barta0000/germinal_ds/templates_target_shuffle/nb_s37712_mpnn_5_BHRF/boltz_with_template/output/boltz_results_nb_s37712_mpnn_5_BHRF/predictions/nb_s37712_mpnn_5_BHRF/nb_s37712_mpnn_5_BHRF_model_0.cif,0.535235,0.495,0.4222,0.4834,5.04758898417155,4.973124663035075,5.122053305308024,0.0843841037881833,0.2239773526039427,1.4962103366851809,1.2530415058135986,1.7393791675567627,4.701901435852051,4.621775309244792,4.78202756245931,0.1396728333624423,0.2165080940089787,1.5301273465156555,1.2877250909805298,1.7725296020507812,4.717873016993204,4.688705762227376,4.747040271759033,0.1212010770142189,0.2234243147963792,1.4986825585365295,1.2735514640808103,1.7238136529922483,5.046715100606282,5.067743142445882,5.025687058766683,0.1151201767027211,0.228916298404191,1.474398851394653,1.2434289455413818,1.7053687572479248,4.829227050145467,4.7955911954243975,4.862862904866536,0.0888110119055065,0.2311597979984441,1.46464604139328,1.268694281578064,1.660597801208496,4.811355193456015,4.7806822458903,4.8420281410217285,0.0874508100233204,0.230418729365227,1.46785706281662,1.311894774436951,1.623819351196289,5.043362538019816,4.863200982411702,5.22352409362793,0.0723288445150515,0.2063376922768878,1.5782411694526672,1.4791994094848633,1.6772829294204712
nb_s202316_mpnn_3_IL20,False,"A,B",14.141053078450225,81.46076784912438,400.11,27.72,4.864583333333333,65.49752541104161,0.0,0.0703,0.0121,0.0,0.16,0.85,143.95,0.0,0.24,0.8885,0.417,5.640519047559589,93.27402826855123,17733.02,694.93,2.5290740740740745,86.11107090541294,0.355995,0.1799,0.3634,0.3553,0.61,0.78,20318.27,1.0,0.9694,0.11510746954661583,0.8240577348997518,12.134788314501444,71.07434844970703,75.2097,13.535516,0.59536153,,,,,,,0.2547188401222229,/scicore/home/schwede/barta0000/germinal_ds/templates_target_shuffle/nb_s202316_mpnn_3_IL20/chai_no_constraints/seed_4168/pred.model_idx_3.cif,0.40699851512908936,/scicore/home/schwede/barta0000/germinal_ds/templates_target_shuffle/nb_s202316_mpnn_3_IL20/chai_with_constraints/seed_3941/pred.model_idx_0.cif,0.2547188401222229,0.5827099084854126,0.17272107303142548,"[[0.903640866279602, 0.8955854177474976]]","[[[0.903640866279602, 0.17272107303142548], [0.12794266641139984, 0.8955854177474976]]]",0.17272107303142548,0.005386,0.1011,0.0108,0.0,0.40699851512908936,0.6941059827804565,0.33522164821624756,"[[0.9056362509727478, 0.8993360996246338]]","[[[0.9056362509727478, 0.33522164821624756], [0.3332592248916626, 0.8993360996246338]]]",0.33522164821624756,0.205868,0.0918,0.0973,0.1861,0.6078058481216431,0.6900883913040161,0.4677709937095642,0.6428145170211792,0.5745609998703003,1.1412049531936646,5.818939685821533,0.4677681624889374,/scicore/home/schwede/barta0000/germinal_ds/templates_target_shuffle/nb_s202316_mpnn_3_IL20/boltz_free/output/boltz_results_nb_s202316_mpnn_3_IL20/predictions/nb_s202316_mpnn_3_IL20/nb_s202316_mpnn_3_IL20_model_0.cif,0.154295,0.0465,0.0192,0.1043,0.8636857271194458,0.8172995448112488,0.7397485971450806,0.8946699500083923,0.8713059425354004,0.7408713102340698,3.416640520095825,0.7397485971450806,/scicore/home/schwede/barta0000/germinal_ds/templates_target_shuffle/nb_s202316_mpnn_3_IL20/boltz_with_template/output/boltz_results_nb_s202316_mpnn_3_IL20/predictions/nb_s202316_mpnn_3_IL20/nb_s202316_mpnn_3_IL20_model_0.cif,0.383479,0.321,0.3008,0.3532,4.663956960042318,5.098801294962565,4.22911262512207,0.1336726401059149,0.2188234315924294,1.519490122795105,1.2700356245040894,1.7689446210861206,4.068010965983073,4.884897708892822,3.251124223073324,0.1377278078889826,0.1556748365139313,1.8599858283996584,1.2522382736206057,2.467733383178711,4.0490122238794966,4.814716498057048,3.283307949701945,0.1651647430751913,0.1745763499673988,1.7453930974006653,1.1542505025863647,2.336535692214966,4.6817080179850254,5.239603360493978,4.123812675476074,0.1635132372078134,0.2272862932838283,1.481544852256775,1.1955705881118774,1.7675191164016724,4.362098415692648,4.772459189097087,3.951737642288208,0.151305654182315,0.197232222739006,1.6233734488487244,1.3506709337234497,1.896075963973999,4.249873121579489,4.443883101145427,4.05586314201355,0.1445207958243716,0.1871568263305975,1.6758083701133728,1.4238454103469849,1.9277713298797607,4.680875619252523,5.054635206858317,4.3071160316467285,0.1810085798314803,0.2045929417245758,1.5867329239845276,1.2765204906463623,1.8969453573226929
nb_s105046_mpnn_2_PDL1,False,"A,B",13.654754401894284,78.67639935414424,58.34,4.22,9.636363636363635,66.2238456773833,0.005835,0.0814,0.0138,0.0,0.24,0.815,-101.4,0.0,0.31,0.0017,0.34,3.579956559668145,96.23919831223628,17836.48,796.63,3.44547619047619,94.87428610665458,0.730766,0.3713,0.8143,0.627,0.84,0.88,36012.14,1.0,0.0548,0.11549057157777112,0.7957383368069932,20.787364959716797,56.060726165771484,66.126884,17.893887,0.47601032,,,,,,,0.33800816535949707,/scicore/home/schwede/barta0000/germinal_ds/templates_target_shuffle/nb_s105046_mpnn_2_PDL1/chai_no_constraints/seed_1898/pred.model_idx_0.cif,0.49254655838012695,/scicore/home/schwede/barta0000/germinal_ds/templates_target_shuffle/nb_s105046_mpnn_2_PDL1/chai_with_constraints/seed_2854/pred.model_idx_1.cif,0.33800816535949707,0.6824547052383423,0.25189653038978577,"[[0.9250167012214661, 0.8798715472221375]]","[[[0.9250167012214661, 0.25189653038978577], [0.236153244972229, 0.8798715472221375]]]",0.25189653038978577,0.118101,0.0764,0.0168,0.093,0.49254655838012695,0.7690718173980713,0.42341524362564087,"[[0.9146186709403992, 0.8868438601493835]]","[[[0.9146186709403992, 0.42041125893592834], [0.42341524362564087, 0.8868438601493835]]]",0.42041125893592834,0.31632,0.1099,0.1094,0.3587,0.8682993054389954,0.8852604031562805,0.801649272441864,0.8849617838859558,0.800618052482605,0.38016143441200256,1.3146525621414185,0.7859366536140442,/scicore/home/schwede/barta0000/germinal_ds/templates_target_shuffle/nb_s105046_mpnn_2_PDL1/boltz_free/output/boltz_results_nb_s105046_mpnn_2_PDL1/predictions/nb_s105046_mpnn_2_PDL1/nb_s105046_mpnn_2_PDL1_model_0.cif,0.56057,0.1118,0.285,0.5561,0.8776385188102722,0.8514358401298523,0.7274312376976013,0.9151903390884399,0.8466020822525024,0.4547526240348816,3.088763952255249,0.7225772738456726,/scicore/home/schwede/barta0000/germinal_ds/templates_target_shuffle/nb_s105046_mpnn_2_PDL1/boltz_with_template/output/boltz_results_nb_s105046_mpnn_2_PDL1/predictions/nb_s105046_mpnn_2_PDL1/nb_s105046_mpnn_2_PDL1_model_0.cif,0.392358,0.1509,0.2527,0.4364,4.443242311477661,4.463343143463135,4.423141479492188,0.0741291626913856,0.2544512317152786,1.3686460852622986,1.284901142120361,1.4523910284042358,4.252689401308695,3.987387418746948,4.517991383870442,0.090408511017796,0.2219646195244175,1.5052372813224792,1.41633939743042,1.5941351652145386,4.253644943237305,3.9895912806193032,4.517698605855306,0.0934288863007968,0.2571311177392592,1.358169138431549,1.2753846645355225,1.4409536123275757,4.540884733200073,4.561502933502197,4.520266532897949,0.0752421764369126,0.2586215880563583,1.3523893356323242,1.2552616596221924,1.449517011642456,4.642665227254232,4.875465393066406,4.409865061442058,0.0335614798466021,0.2499794511909399,1.3863765597343445,1.1915227174758911,1.581230401992798,4.675285180409749,4.747294743855794,4.603275616963704,0.0657568243137766,0.2478963915272462,1.3947443962097168,1.2248797416687012,1.5646090507507324,4.767057736714682,4.875187873840332,4.65892759958903,0.0671970337571379,0.2099858108924725,1.5607153177261353,1.5114407539367676,1.609989881515503
nb_s358395_mpnn_3_PDL1,False,"A,B",11.901317452687428,81.06924719701016,166.42,10.31,8.114583333333334,62.28379277781252,0.00757,0.0569,0.0182,0.0357,0.21,0.84,-116.87,0.0,0.28,0.5981,0.511,6.096278730260463,91.92059071729958,3574.93,342.05,4.780263157894737,82.86090954867277,0.270039,0.1553,0.2301,0.291,0.52,0.74,1651.83,1.0,0.9469,0.1270558487158951,0.9071649217201742,,,67.75393,17.2777,0.49243298,,,,,,,0.3024004101753235,/scicore/home/schwede/barta0000/germinal_ds/templates_target_shuffle/nb_s358395_mpnn_3_PDL1/chai_no_constraints/seed_2349/pred.model_idx_0.cif,0.4420783519744873,/scicore/home/schwede/barta0000/germinal_ds/templates_target_shuffle/nb_s358395_mpnn_3_PDL1/chai_with_constraints/seed_2582/pred.model_idx_3.cif,0.3024004101753235,0.6501773595809937,0.21545617282390594,"[[0.9000193476676941, 0.8789631724357605]]","[[[0.9000193476676941, 0.21545617282390594], [0.1871049702167511, 0.8789631724357605]]]",0.21545617282390594,0.092132,0.071,0.0159,0.0628,0.4420783519744873,0.737696647644043,0.368173748254776,"[[0.9000207781791687, 0.881980299949646]]","[[[0.9000207781791687, 0.368173748254776], [0.36462247371673584, 0.881980299949646]]]",0.368173748254776,0.24951,0.045,0.0632,0.2959,0.8024398684501648,0.78941410779953,0.5883554816246033,0.8559610247612,0.7663117051124573,0.5635130405426025,3.901034355163574,0.5599403977394104,/scicore/home/schwede/barta0000/germinal_ds/templates_target_shuffle/nb_s358395_mpnn_3_PDL1/boltz_free/output/boltz_results_nb_s358395_mpnn_3_PDL1/predictions/nb_s358395_mpnn_3_PDL1/nb_s358395_mpnn_3_PDL1_model_0.cif,0.197157,0.1128,0.0588,0.2081,0.899528980255127,0.8737943172454834,0.7602779269218445,0.9343417286872864,0.9011021256446838,0.4674651026725769,3.251065731048584,0.7185350060462952,/scicore/home/schwede/barta0000/germinal_ds/templates_target_shuffle/nb_s358395_mpnn_3_PDL1/boltz_with_template/output/boltz_results_nb_s358395_mpnn_3_PDL1/predictions/nb_s358395_mpnn_3_PDL1/nb_s358395_mpnn_3_PDL1_model_0.cif,0.391528,0.3218,0.3541,0.4403,4.831860939661661,5.173754692077637,4.489967187245687,0.0856129424879939,0.2529991966323755,1.374368965625763,1.2894959449768066,1.4592419862747192,4.93007222811381,5.345582008361816,4.514562447865804,0.1157321519914639,0.2724551606109771,1.3002812266349792,1.1012513637542725,1.499311089515686,5.069856802622477,5.538296063741048,4.601417541503906,0.1208768310891284,0.2771163226592441,1.2833179235458374,1.078741192817688,1.4878946542739868,4.916634480158488,5.24839989344279,4.5848690668741865,0.0981119726281626,0.243627485699662,1.412114918231964,1.3435722589492798,1.4806575775146484,5.012040297190349,5.525980631510417,4.49809996287028,0.1470136291515225,0.2290047453267172,1.474012553691864,1.3493385314941406,1.5986865758895874,5.036606868108114,5.662081241607666,4.4111324946085615,0.1663272416958231,0.2429025869306307,1.415094792842865,1.2345755100250244,1.5956140756607056,4.773248910903931,4.9496026039123535,4.596895217895508,0.0832174307969165,0.2275812606287755,1.4802479147911072,1.3252525329589844,1.63524329662323
nb_s859190_mpnn_1_IL20,False,"A,B",13.736857745757844,82.29955803571428,221.54,13.29,6.974074074074075,69.69253143209171,0.005827,0.1004,0.0125,0.0,0.19,0.86,38.98,0.0,0.27,0.8536,0.237,4.8015497758743395,94.04855123674912,2205.0,160.15,3.3684615384615384,90.05034426985115,0.514802,0.2412,0.5672,0.4719,0.73,0.84,1799.04,1.0,0.4163,0.07361379768097584,0.8449933982617294,9.284770131111145,72.909912109375,77.52234,12.164296,0.6444689,,,,,,,0.3381022810935974,/scicore/home/schwede/barta0000/germinal_ds/templates_target_shuffle/nb_s859190_mpnn_1_IL20/chai_no_constraints/seed_4258/pred.model_idx_4.cif,0.4274612069129944,/scicore/home/schwede/barta0000/germinal_ds/templates_target_shuffle/nb_s859190_mpnn_1_IL20/chai_with_constraints/seed_3391/pred.model_idx_2.cif,0.3381022810935974,0.6325588822364807,0.2644881308078766,"[[0.9161855578422546, 0.9000024199485779]]","[[[0.9161855578422546, 0.25832560658454895], [0.2644881308078766, 0.9000024199485779]]]",0.25832560658454895,0.085583,0.0542,0.017,0.0357,0.4274612069129944,0.6764950156211853,0.36520275473594666,"[[0.896797776222229, 0.8625456690788269]]","[[[0.896797776222229, 0.36520275473594666], [0.324171245098114, 0.8625456690788269]]]",0.36520275473594666,0.230128,0.1236,0.0498,0.191,0.6382541060447693,0.7172008156776428,0.5073930025100708,0.6709693670272827,0.5894442200660706,0.8505254983901978,5.756896495819092,0.49894794821739197,/scicore/home/schwede/barta0000/germinal_ds/templates_target_shuffle/nb_s859190_mpnn_1_IL20/boltz_free/output/boltz_results_nb_s859190_mpnn_1_IL20/predictions/nb_s859190_mpnn_1_IL20/nb_s859190_mpnn_1_IL20_model_0.cif,0.163457,0.0376,0.0181,0.0886,0.7467116713523865,0.7213929295539856,0.5328736901283264,0.8001711964607239,0.7249592542648315,0.9259551763534546,6.722048759460449,0.5328736901283264,/scicore/home/schwede/barta0000/germinal_ds/templates_target_shuffle/nb_s859190_mpnn_1_IL20/boltz_with_template/output/boltz_results_nb_s859190_mpnn_1_IL20/predictions/nb_s859190_mpnn_1_IL20/nb_s859190_mpnn_1_IL20_model_0.cif,0.17666,0.0742,0.0366,0.114,4.360123952229817,4.513815244038899,4.206432660420735,0.1875073972215407,0.2268999003341532,1.4832463264465332,1.166254639625549,1.800238013267517,3.233950138092041,3.4533536434173584,3.014546632766724,0.2006734714805473,0.1421342866131283,1.9509829878807068,1.459346890449524,2.4426190853118896,3.277884761492412,3.523576259613037,3.0321932633717856,0.1957785319023758,0.1603868007833853,1.8301668763160703,1.378414750099182,2.281919002532959,4.399296283721924,4.632400830586751,4.166191736857097,0.1756062376559162,0.2308157784187295,1.4661353826522827,1.1531023979187012,1.7791683673858645,3.8406081199646,3.5682713985443115,4.112944841384888,0.1643134293877191,0.1910355183166052,1.6552959084510803,1.4092973470687866,1.901294469833374,4.199003179868063,4.461021105448405,3.93698525428772,0.1586074163220081,0.2162764462314084,1.5311978459358215,1.207746505737305,1.8546491861343384,4.39527690410614,4.69835901260376,4.0921947956085205,0.1851335134232264,0.2039261640542375,1.5899972915649414,1.2896205186843872,1.890374064445496
nb_s166775_mpnn_1_BHRF,False,"A,B",14.215385977964361,78.95304856895055,351.96,17.97,10.93611111111111,65.53498830748798,0.006047,0.1185,0.0114,0.0012,0.18,0.835,3.34,0.0,0.25,0.0031,1.135,6.243689729691431,89.41756013745704,7954.43,404.46,4.778269230769231,76.50485044537169,0.335117,0.2028,0.1447,0.322,0.57,0.77,10991.45,1.0,0.0588,0.14517680740606176,0.8510824056439525,15.57649540901184,48.32194900512695,72.903824,15.632311,0.53081095,,,,,,,0.4228273034095764,/scicore/home/schwede/barta0000/germinal_ds/templates_target_shuffle/nb_s166775_mpnn_1_BHRF/chai_no_constraints/seed_1003/pred.model_idx_2.cif,0.3835732936859131,/scicore/home/schwede/barta0000/germinal_ds/templates_target_shuffle/nb_s166775_mpnn_1_BHRF/chai_with_constraints/seed_1474/pred.model_idx_0.cif,0.4228273034095764,0.7229695320129395,0.34779176115989685,"[[0.8741860389709473, 0.9141115546226501]]","[[[0.8741860389709473, 0.34779176115989685], [0.3353147804737091, 0.9141115546226501]]]",0.34779176115989685,0.210603,0.1057,0.0399,0.1837,0.3835732936859131,0.7028278708457947,0.3037596642971039,"[[0.8781763911247253, 0.9157170653343201]]","[[[0.8781763911247253, 0.3037596642971039], [0.30193471908569336, 0.9157170653343201]]]",0.3037596642971039,0.17469,0.1174,0.0572,0.1634,0.7951161861419678,0.7457268238067627,0.5152183175086975,0.8650906682014465,0.7894085645675659,0.5587378740310669,4.822067737579346,0.5003383159637451,/scicore/home/schwede/barta0000/germinal_ds/templates_target_shuffle/nb_s166775_mpnn_1_BHRF/boltz_free/output/boltz_results_nb_s166775_mpnn_1_BHRF/predictions/nb_s166775_mpnn_1_BHRF/nb_s166775_mpnn_1_BHRF_model_0.cif,0.182964,0.1043,0.0387,0.1202,0.7690296769142151,0.6610244512557983,0.4014604687690735,0.8609219789505005,0.7853310108184814,0.8499104976654053,8.565537452697754,0.39979827404022217,/scicore/home/schwede/barta0000/germinal_ds/templates_target_shuffle/nb_s166775_mpnn_1_BHRF/boltz_with_template/output/boltz_results_nb_s166775_mpnn_1_BHRF/predictions/nb_s166775_mpnn_1_BHRF/nb_s166775_mpnn_1_BHRF_model_0.cif,0.102885,0.1286,0.0215,0.0361,4.955798149108887,4.798231919606526,5.113364378611247,0.1537596839818839,0.2089063876502913,1.5658690333366394,1.3663194179534912,1.7654186487197876,4.81150738398234,4.8080830574035645,4.814931710561116,0.1743636201662769,0.2010945059009559,1.603980302810669,1.444636583328247,1.7633240222930908,4.821683724721273,4.826240698496501,4.817126750946045,0.176979741724898,0.2123333951465553,1.5495976209640503,1.4289885759353638,1.6702066659927368,4.955521186192831,4.774327437082927,5.136714935302734,0.155286720612713,0.2178724857723895,1.5238453149795532,1.359170913696289,1.6885197162628174,4.81854510307312,4.644267241160075,4.992822964986165,0.2015204457308704,0.2068575350003887,1.575724959373474,1.3613593578338623,1.790090560913086,4.9400715827941895,4.774248758951823,5.105894406636556,0.1437307439119584,0.2151174832780387,1.536570966243744,1.3359650373458862,1.7371768951416016,5.106336275736491,4.965613047281901,5.247059504191081,0.1284046161086196,0.1950809450971749,1.6343407034873962,1.5717613697052002,1.6969200372695925
nb_s878765_mpnn_2_BHRF,False,"A,B",13.557121432198487,79.80121357111788,238.84,12.59,7.760256410256411,65.73970366006307,0.006434,0.0888,0.0135,0.0119,0.19,0.84,45.95,0.0,0.26,0.0074,1.142,7.120951216919972,89.82405498281788,1491.55,115.97,3.878833333333333,78.67161338560042,0.238128,0.1732,0.1003,0.2223,0.49,0.73,713.83,1.0,0.0014,0.08053135560978633,0.8691918749765327,18.261433919270832,49.07394027709961,74.95061,16.20906,0.52525073,,,,,,,0.27319464087486267,/scicore/home/schwede/barta0000/germinal_ds/templates_target_shuffle/nb_s878765_mpnn_2_BHRF/chai_no_constraints/seed_2414/pred.model_idx_0.cif,0.3379337787628174,/scicore/home/schwede/barta0000/germinal_ds/templates_target_shuffle/nb_s878765_mpnn_2_BHRF/chai_with_constraints/seed_1917/pred.model_idx_4.cif,0.27319464087486267,0.6106528043746948,0.18883007764816284,"[[0.9175134301185608, 0.9053439497947693]]","[[[0.9175134301185608, 0.18883007764816284], [0.15056321024894714, 0.9053439497947693]]]",0.18883007764816284,0.024766,0.121,0.0124,0.0178,0.3379337787628174,0.6515385508537292,0.2595325708389282,"[[0.9128563404083252, 0.9078086614608765]]","[[[0.9128563404083252, 0.2595325708389282], [0.2145582139492035, 0.9078086614608765]]]",0.2595325708389282,0.129622,0.1462,0.0292,0.1119,0.8512396812438965,0.8441986441612244,0.7222594618797302,0.8834847211837769,0.8055452704429626,0.4356527030467987,2.5927138328552246,0.7222594618797302,/scicore/home/schwede/barta0000/germinal_ds/templates_target_shuffle/nb_s878765_mpnn_2_BHRF/boltz_free/output/boltz_results_nb_s878765_mpnn_2_BHRF/predictions/nb_s878765_mpnn_2_BHRF/nb_s878765_mpnn_2_BHRF_model_0.cif,0.406596,0.1358,0.142,0.3592,0.8102836012840271,0.7769493460655212,0.5658013224601746,0.8714041709899902,0.7814037799835205,0.5696043372154236,5.621544361114502,0.5658013224601746,/scicore/home/schwede/barta0000/germinal_ds/templates_target_shuffle/nb_s878765_mpnn_2_BHRF/boltz_with_template/output/boltz_results_nb_s878765_mpnn_2_BHRF/predictions/nb_s878765_mpnn_2_BHRF/nb_s878765_mpnn_2_BHRF_model_0.cif,0.191239,0.1508,0.037,0.121,4.932590881983439,4.796732902526856,5.068448861440023,0.1347034353434771,0.2108955205818185,1.5563924312591553,1.270211935043335,1.842572927474976,4.680409987767538,4.6187424659729,4.742077509562175,0.1815906851396742,0.2165325372466031,1.530014455318451,1.3159104585647583,1.7441184520721436,4.687466621398926,4.604062398274739,4.770870844523112,0.1817303363493452,0.221862215547019,1.5056987404823303,1.330959439277649,1.6804380416870115,5.058472315470378,5.020765940348308,5.096178690592448,0.1258801233436364,0.22353832516474,1.498172402381897,1.2230267524719238,1.77331805229187,4.574681679407755,4.315937042236328,4.833426316579183,0.1627141561514393,0.2328879771550258,1.4571977257728577,1.2647649049758911,1.6496305465698242,4.714455445607504,4.513199965159099,4.915710926055908,0.1693795079191719,0.2271921047505614,1.481959342956543,1.2010319232940674,1.7628867626190186,5.085245688756308,4.917360782623291,5.253130594889323,0.1200559930989396,0.2213127778369996,1.5081782937049866,1.3505927324295044,1.6657638549804688
nb_s926337_mpnn_1_IL3,False,"A,B",13.446527832023621,80.08146169354839,542.01,38.51,8.336538461538462,61.024845979717156,0.00625,0.0834,0.0137,0.0042,0.19,0.83,123.08,0.0,0.26,0.2132,0.403,7.8157399740661475,89.17395256916997,20361.51,921.18,4.52304347826087,74.87190537225632,0.17189,0.1829,0.0804,0.1886,0.44,0.69,17658.31,1.0,0.6371,0.09613500685817487,0.850559142976287,25.998740832010906,58.97478485107422,55.97608,21.375547,0.46291962,,,,,,,0.22906851768493652,/scicore/home/schwede/barta0000/germinal_ds/templates_target_shuffle/nb_s926337_mpnn_1_IL3/chai_no_constraints/seed_2548/pred.model_idx_4.cif,0.34293800592422485,/scicore/home/schwede/barta0000/germinal_ds/templates_target_shuffle/nb_s926337_mpnn_1_IL3/chai_with_constraints/seed_2030/pred.model_idx_4.cif,0.22906851768493652,0.5864052772521973,0.13973432779312134,"[[0.919482946395874, 0.2989159822463989]]","[[[0.919482946395874, 0.13973432779312134], [0.10832887142896652, 0.2989159822463989]]]",0.13973432779312134,0.005299,0.0609,0.0101,0.0,0.34293800592422485,0.6698181629180908,0.26121795177459717,"[[0.9245709776878357, 0.3742283284664154]]","[[[0.9245709776878357, 0.26121795177459717], [0.2579044699668884, 0.3742283284664154]]]",0.26121795177459717,0.142161,0.071,0.0379,0.1621,0.7562296390533447,0.618229866027832,0.2530035972595215,0.8820361495018005,0.8281970620155334,0.8495923280715942,7.798346996307373,0.18352407217025757,/scicore/home/schwede/barta0000/germinal_ds/templates_target_shuffle/nb_s926337_mpnn_1_IL3/boltz_free/output/boltz_results_nb_s926337_mpnn_1_IL3/predictions/nb_s926337_mpnn_1_IL3/nb_s926337_mpnn_1_IL3_model_0.cif,0.034036,0.1373,0.0199,0.036,0.8337158560752869,0.733363687992096,0.5209763050079346,0.9119007587432861,0.8905613422393799,0.7106685638427734,6.222811698913574,0.4792913496494293,/scicore/home/schwede/barta0000/germinal_ds/templates_target_shuffle/nb_s926337_mpnn_1_IL3/boltz_with_template/output/boltz_results_nb_s926337_mpnn_1_IL3/predictions/nb_s926337_mpnn_1_IL3/nb_s926337_mpnn_1_IL3_model_0.cif,0.141953,0.1987,0.0727,0.1149,4.226034760475159,4.840292135874431,3.611777385075887,0.155319228506089,0.2281517001569055,1.4777445197105408,1.2598681449890137,1.695620894432068,3.982683022816976,4.9725996653238935,2.9927663803100586,0.1269754205028174,0.2044220557767422,1.5875685214996338,1.2686069011688232,1.9065301418304443,4.042640527089437,4.886800448099772,3.1984806060791016,0.12588420354542,0.2223049737265054,1.503705084323883,1.2302438020706177,1.7771663665771484,4.35621964931488,4.890270551045735,3.822168747584025,0.1389880388365428,0.2297030642321371,1.4709678292274475,1.2295056581497192,1.7124300003051758,3.670292933781941,4.783255577087402,2.557330290476481,0.0620451470911943,0.1879964759469815,1.671332061290741,1.1641250848770142,2.178539037704468,3.813965996106466,5.053449630737305,2.5744823614756265,0.1334560634129976,0.1843702290260263,1.690809428691864,1.150771975517273,2.230846881866455,3.8536354700724287,4.8374857902526855,2.869785149892172,0.1242601269701417,0.1393383280014034,1.9708502888679504,1.4862650632858276,2.455435514450073
nb_s255632_mpnn_3_IL20,False,"A,B",14.673676784577156,79.41546222222222,416.6,21.89,9.317241379310344,64.61256246739805,0.0,0.1192,0.0112,0.0,0.15,0.84,201.88,0.0,0.23,0.6236,0.263,4.983065090087277,92.12724381625442,18022.16,1030.28,3.5437499999999997,86.33571325029645,0.526137,0.2664,0.4511,0.4813,0.72,0.82,36510.69,1.0,0.6715,0.07792284497243976,0.8181563327801239,12.569182300567627,63.29014587402344,72.654305,15.13817,0.5455798,,,,,,,0.5529130101203918,/scicore/home/schwede/barta0000/germinal_ds/templates_target_shuffle/nb_s255632_mpnn_3_IL20/chai_no_constraints/seed_4305/pred.model_idx_4.cif,0.3524911403656006,/scicore/home/schwede/barta0000/germinal_ds/templates_target_shuffle/nb_s255632_mpnn_3_IL20/chai_with_constraints/seed_376/pred.model_idx_2.cif,0.5529130101203918,0.7290024161338806,0.5088906288146973,"[[0.8957800269126892, 0.9009079933166504]]","[[[0.8957800269126892, 0.5088906288146973], [0.42794862389564514, 0.9009079933166504]]]",0.5088906288146973,0.260869,0.1552,0.1132,0.2279,0.3524911403656006,0.6525700092315674,0.2774713933467865,"[[0.8956106901168823, 0.8810787200927734]]","[[[0.8956106901168823, 0.2774713933467865], [0.260239839553833, 0.8810787200927734]]]",0.2774713933467865,0.161258,0.0631,0.028,0.1259,0.5876155495643616,0.6154824495315552,0.32566043734550476,0.653104305267334,0.6014358997344971,1.1338649988174438,7.43731164932251,0.2592032849788666,/scicore/home/schwede/barta0000/germinal_ds/templates_target_shuffle/nb_s255632_mpnn_3_IL20/boltz_free/output/boltz_results_nb_s255632_mpnn_3_IL20/predictions/nb_s255632_mpnn_3_IL20/nb_s255632_mpnn_3_IL20_model_0.cif,0.060052,0.0374,0.0139,0.0401,0.8367495536804199,0.7515062093734741,0.6244174838066101,0.889832615852356,0.8596273064613342,0.808881938457489,4.284861087799072,0.6244174838066101,/scicore/home/schwede/barta0000/germinal_ds/templates_target_shuffle/nb_s255632_mpnn_3_IL20/boltz_with_template/output/boltz_results_nb_s255632_mpnn_3_IL20/predictions/nb_s255632_mpnn_3_IL20/nb_s255632_mpnn_3_IL20_model_0.cif,0.242031,0.1911,0.1709,0.2126,4.527239640553792,4.813742001851399,4.240737279256185,0.0950543121472697,0.2130392423307354,1.546278893947601,1.2991989850997925,1.7933588027954102,3.9829686880111694,4.685086727142334,3.280850648880005,0.0646292576610057,0.1682287549431255,1.7824305891990662,1.3013030290603638,2.263558149337769,3.906185706456502,4.519730091094971,3.2926413218180337,0.0980701364095474,0.1762849884758419,1.7356533408164978,1.32005512714386,2.151251554489136,4.579913775126139,4.826259613037109,4.333567937215169,0.1250013276706842,0.2166963032239497,1.52925843000412,1.2675790786743164,1.7909377813339231,4.049375653266907,4.2521646817525225,3.8465866247812905,0.1002964846133172,0.1886767998572253,1.6677197813987732,1.40621018409729,1.9292293787002563,4.105408946673075,4.17337965965271,4.0374382336934405,0.0924751473922707,0.2059884718086264,1.579935073852539,1.339746594429016,1.820123553276062,4.353065292040506,4.523199399312337,4.182931184768677,0.1459085862019588,0.1882409811388515,1.6700323224067688,1.43748676776886,1.9025778770446775
nb_s829439_mpnn_1_IL3,False,"A,B",12.28800949866425,79.59601605619667,382.3,17.08,6.84375,61.47825950086034,0.032107,0.1338,0.0199,0.0456,0.31,0.8200000000000001,139.67,0.0,0.36,0.6899,0.229,5.485689981096408,89.80185770750988,8360.44,526.88,3.5915957446808506,81.42520848910014,0.479943,0.3546,0.2873,0.4627,0.7,0.81,4763.14,1.0,0.6465,0.16631266049977952,0.8360661786322059,26.678001403808594,58.90473937988281,53.8373,21.342552,0.46006393,,,,,,,0.2213742434978485,/scicore/home/schwede/barta0000/germinal_ds/templates_target_shuffle/nb_s829439_mpnn_1_IL3/chai_no_constraints/seed_1813/pred.model_idx_3.cif,0.7334399223327637,/scicore/home/schwede/barta0000/germinal_ds/templates_target_shuffle/nb_s829439_mpnn_1_IL3/chai_with_constraints/seed_1799/pred.model_idx_1.cif,0.2213742434978485,0.5686442852020264,0.13455672562122345,"[[0.8824799656867981, 0.3183003067970276]]","[[[0.8824799656867981, 0.13455672562122345], [0.11791745573282242, 0.3183003067970276]]]",0.13455672562122345,0.005533,0.0961,0.0104,0.0,0.7334399223327637,0.7542392015457153,0.7282400727272034,"[[0.9106308817863464, 0.5166021585464478]]","[[[0.9106308817863464, 0.4406343698501587], [0.7282400727272034, 0.5166021585464478]]]",0.4406343698501587,0.629207,0.1617,0.3984,0.4611,0.7856245040893555,0.8736196756362915,0.7881630659103394,0.7849898934364319,0.6832592487335205,0.4362167418003082,1.7510180473327637,0.7804018259048462,/scicore/home/schwede/barta0000/germinal_ds/templates_target_shuffle/nb_s829439_mpnn_1_IL3/boltz_free/output/boltz_results_nb_s829439_mpnn_1_IL3/predictions/nb_s829439_mpnn_1_IL3/nb_s829439_mpnn_1_IL3_model_0.cif,0.532402,0.1122,0.1406,0.5002,0.7816768288612366,0.7169115543365479,0.52891606092453,0.8448669910430908,0.7516270875930786,0.7191336154937744,4.9616193771362305,0.52891606092453,/scicore/home/schwede/barta0000/germinal_ds/templates_target_shuffle/nb_s829439_mpnn_1_IL3/boltz_with_template/output/boltz_results_nb_s829439_mpnn_1_IL3/predictions/nb_s829439_mpnn_1_IL3/nb_s829439_mpnn_1_IL3_model_0.cif,0.172895,0.1147,0.0605,0.1724,4.270686149597168,4.93165938059489,3.609712918599447,0.1759167300740481,0.1953669641808351,1.6328756213188171,1.5034295320510864,1.762321710586548,3.713517506917317,4.612903912862142,2.8141311009724936,0.1668936845784633,0.1769976608528427,1.7316187620162964,1.486581563949585,1.976655960083008,3.9417704343795776,4.783586025238037,3.099954843521118,0.162535533966907,0.2099027827910646,1.56111079454422,1.3725138902664185,1.7497076988220217,4.396581093470256,5.101408004760742,3.691754182179769,0.1801898731782696,0.2016452679726612,1.6012452244758606,1.467296123504639,1.7351943254470823,3.7327672243118286,5.052072207132976,2.413462241490682,0.1621517587028446,0.1728226818446072,1.7554891705513,1.2922934293746948,2.2186849117279053,3.923537333806356,4.922662417093913,2.924412250518799,0.1415642968502556,0.1738008445680882,1.7498452067375183,1.3225117921829224,2.1771786212921143,4.234450896581015,5.35414997736613,3.1147518157958984,0.1511796721415215,0.1383589721545563,1.977903723716736,1.5195131301879885,2.4362943172454834
nb_s975197_mpnn_2_IL3,False,"A,B",12.79135590307613,78.58477844914403,283.47,10.24,5.0285714285714285,59.95183755029647,0.026477,0.1287,0.0147,0.0535,0.24,0.815,102.9,0.0,0.32,0.8843,1.129,5.557347404271274,89.36537549407116,21865.17,940.55,2.6103260869565217,82.57844509548612,0.568204,0.402,0.2952,0.5064,0.76,0.83,15303.85,1.0,0.5855,0.08022044241742357,0.7903906951651896,25.11757755279541,41.74498748779297,53.91813,20.323738,0.48771822,,,,,,,0.42445701360702515,/scicore/home/schwede/barta0000/germinal_ds/templates_target_shuffle/nb_s975197_mpnn_2_IL3/chai_no_constraints/seed_6285/pred.model_idx_1.cif,0.34920239448547363,/scicore/home/schwede/barta0000/germinal_ds/templates_target_shuffle/nb_s975197_mpnn_2_IL3/chai_with_constraints/seed_240/pred.model_idx_0.cif,0.42445701360702515,0.6358235478401184,0.3716154098510742,"[[0.896335244178772, 0.3141412138938904]]","[[[0.896335244178772, 0.238090381026268], [0.3716154098510742, 0.3141412138938904]]]",0.238090381026268,0.08623,0.1305,0.0146,0.1061,0.34920239448547363,0.6522944569587708,0.27342936396598816,"[[0.8898614048957825, 0.3271764814853668]]","[[[0.8898614048957825, 0.27342936396598816], [0.26063254475593567, 0.3271764814853668]]]",0.27342936396598816,0.129625,0.0997,0.0171,0.1215,0.807623565196991,0.819680392742157,0.7109964489936829,0.8317803740501404,0.7550131678581238,0.6093060970306396,3.073361873626709,0.7109964489936829,/scicore/home/schwede/barta0000/germinal_ds/templates_target_shuffle/nb_s975197_mpnn_2_IL3/boltz_free/output/boltz_results_nb_s975197_mpnn_2_IL3/predictions/nb_s975197_mpnn_2_IL3/nb_s975197_mpnn_2_IL3_model_0.cif,0.33462,0.1837,0.1176,0.2891,0.7686667442321777,0.6972014307975769,0.4415856599807739,0.8504369854927063,0.7845984697341919,0.9215027093887329,6.235312461853027,0.4274291396141052,/scicore/home/schwede/barta0000/germinal_ds/templates_target_shuffle/nb_s975197_mpnn_2_IL3/boltz_with_template/output/boltz_results_nb_s975197_mpnn_2_IL3/predictions/nb_s975197_mpnn_2_IL3/nb_s975197_mpnn_2_IL3_model_0.cif,0.103648,0.1991,0.0404,0.1126,4.408092935880025,5.073330879211426,3.742854992548625,0.1918683540546474,0.2208708504326891,1.5101771354675293,1.3207772970199585,1.6995769739151,3.729200959205627,4.685843626658122,2.7725582917531333,0.155763512585805,0.1877283748932412,1.672759175300598,1.3546277284622192,1.990890622138977,3.860401153564453,4.716272195180257,3.004530111948649,0.157663249718791,0.2272369457593842,1.4817619919776917,1.209507703781128,1.7540162801742554,4.322369972864786,4.9642337163289385,3.6805062294006343,0.189498097487942,0.2332248536753112,1.4557522535324097,1.334439754486084,1.5770647525787354,3.753815015157064,5.108995119730632,2.398634910583496,0.1615449709448277,0.1615790053364884,1.822761058807373,1.2891168594360352,2.356405258178711,3.7745185295740766,4.804077625274658,2.7449594338734946,0.1369470545697108,0.1663834243047277,1.7934603691101074,1.2429659366607666,2.343954801559448,4.127742449442546,5.230218410491943,3.025266488393148,0.1234526980309823,0.1405762967857885,1.9620048999786377,1.4281232357025146,2.4958865642547607
nb_s282075_mpnn_3_IL20,False,"A,B",14.400305909675485,81.42606344950849,155.44,14.5,5.284375,64.00176805299273,0.00497,0.0535,0.0117,0.0,0.15,0.855,13.04,0.0,0.23,0.646,2.752,8.876814543820002,91.56077738515901,30109.49,1522.25,1.8807894736842108,79.82249895731609,0.104353,0.1089,0.0511,0.1279,0.35,0.66,37550.24,1.0,0.6616,0.10816069760863388,0.8420167299371566,10.12091623544693,64.14080047607422,74.26009,13.093212,0.61647666,,,,,,,0.30157241225242615,/scicore/home/schwede/barta0000/germinal_ds/templates_target_shuffle/nb_s282075_mpnn_3_IL20/chai_no_constraints/seed_2686/pred.model_idx_4.cif,0.38748031854629517,/scicore/home/schwede/barta0000/germinal_ds/templates_target_shuffle/nb_s282075_mpnn_3_IL20/chai_with_constraints/seed_2279/pred.model_idx_4.cif,0.30157241225242615,0.6156041622161865,0.22306446731090546,"[[0.8977019190788269, 0.8974779844284058]]","[[[0.8977019190788269, 0.22306446731090546], [0.1842358410358429, 0.8974779844284058]]]",0.22306446731090546,0.060232,0.077,0.0145,0.0316,0.38748031854629517,0.6723017692565918,0.3162749409675598,"[[0.8724618554115295, 0.8807743787765503]]","[[[0.8724618554115295, 0.3162749409675598], [0.2931399345397949, 0.8807743787765503]]]",0.3162749409675598,0.193551,0.1562,0.0511,0.1702,0.614628791809082,0.7070584297180176,0.4896599054336548,0.6458709836006165,0.5791789293289185,0.9709305763244629,5.429208755493164,0.46535778045654297,/scicore/home/schwede/barta0000/germinal_ds/templates_target_shuffle/nb_s282075_mpnn_3_IL20/boltz_free/output/boltz_results_nb_s282075_mpnn_3_IL20/predictions/nb_s282075_mpnn_3_IL20/nb_s282075_mpnn_3_IL20_model_0.cif,0.151164,0.0378,0.0186,0.099,0.7980225086212158,0.7326382994651794,0.5620853900909424,0.8570067882537842,0.8261297345161438,0.9623342752456665,6.7703704833984375,0.5620853900909424,/scicore/home/schwede/barta0000/germinal_ds/templates_target_shuffle/nb_s282075_mpnn_3_IL20/boltz_with_template/output/boltz_results_nb_s282075_mpnn_3_IL20/predictions/nb_s282075_mpnn_3_IL20/nb_s282075_mpnn_3_IL20_model_0.cif,0.186056,0.1832,0.0763,0.1304,4.402285734812418,4.73046875,4.074102719624837,0.0462551297841388,0.2305609616220372,1.4672399759292605,1.2146774530410769,1.7198024988174438,3.8257985512415567,4.6347611745198565,3.016835927963257,0.0925157777181467,0.1493244714646464,1.9016336798667908,1.2485424280166626,2.554724931716919,3.713200330734253,4.447784582773845,2.9786160786946616,0.1359368240677953,0.1648111752898501,1.802954852581024,1.2447715997695925,2.361138105392456,4.455792506535849,4.785470644632976,4.126114368438721,0.0509902867568632,0.2260417611514765,1.4870355129241943,1.235949158668518,1.7381218671798706,4.131105264027914,4.338405291239421,3.9238052368164062,0.0839143896520528,0.189399364278365,1.663897454738617,1.4746320247650146,1.8531628847122192,4.531296968460083,5.142811457316081,3.919782479604085,0.057368079372335,0.200843959449971,1.605226993560791,1.245012879371643,1.965441107749939,4.40952738126119,4.580240249633789,4.238814512888591,0.1452278405898373,0.1867043527179236,1.6782289147377014,1.5111441612243652,1.8453136682510376
nb_s351880_mpnn_3_IL20,False,"A,B",13.004597385408735,81.29412712623098,317.31,24.34,7.3675,68.14873600199338,0.007279,0.1021,0.0177,0.0126,0.22,0.84,184.05,0.0,0.29,0.8721,0.875,6.916743747580816,89.98427561837455,631.88,48.93,5.10975,82.22681739113547,0.250543,0.2252,0.2139,0.2622,0.51,0.73,532.6,1.0,0.4465,0.09186782117694085,0.8874990918340446,12.02674420674642,66.42842102050781,74.668304,14.744953,0.5492645,,,,,,,0.3110682964324951,/scicore/home/schwede/barta0000/germinal_ds/templates_target_shuffle/nb_s351880_mpnn_3_IL20/chai_no_constraints/seed_4642/pred.model_idx_2.cif,0.3267675042152405,/scicore/home/schwede/barta0000/germinal_ds/templates_target_shuffle/nb_s351880_mpnn_3_IL20/chai_with_constraints/seed_1797/pred.model_idx_3.cif,0.3110682964324951,0.6314629316329956,0.2309696525335312,"[[0.8870517611503601, 0.8990017175674438]]","[[[0.8870517611503601, 0.2309696525335312], [0.21054202318191528, 0.8990017175674438]]]",0.2309696525335312,0.065227,0.112,0.0152,0.0243,0.3267675042152405,0.621640682220459,0.25304922461509705,"[[0.885811448097229, 0.8824781179428101]]","[[[0.885811448097229, 0.25304922461509705], [0.21599668264389038, 0.8824781179428101]]]",0.25304922461509705,0.07343,0.1966,0.0138,0.0463,0.676907479763031,0.8225236535072327,0.7105274200439453,0.6685024499893188,0.6291463375091553,0.7113041281700134,3.656635046005249,0.7105274200439453,/scicore/home/schwede/barta0000/germinal_ds/templates_target_shuffle/nb_s351880_mpnn_3_IL20/boltz_free/output/boltz_results_nb_s351880_mpnn_3_IL20/predictions/nb_s351880_mpnn_3_IL20/nb_s351880_mpnn_3_IL20_model_0.cif,0.352918,0.0648,0.0679,0.2925,0.812578022480011,0.7730942368507385,0.6414855718612671,0.8553511500358582,0.8253735303878784,0.7995525598526001,4.224062442779541,0.6414855718612671,/scicore/home/schwede/barta0000/germinal_ds/templates_target_shuffle/nb_s351880_mpnn_3_IL20/boltz_with_template/output/boltz_results_nb_s351880_mpnn_3_IL20/predictions/nb_s351880_mpnn_3_IL20/nb_s351880_mpnn_3_IL20_model_0.cif,0.295592,0.2524,0.1804,0.2543,4.573641220728556,4.75380277633667,4.393479665120442,0.0762578854825132,0.2077232692243106,1.5715485215187073,1.3589569330215454,1.7841401100158691,3.658149758974712,4.221997419993083,3.09430209795634,0.1254825851520281,0.1556491081303743,1.8601511120796204,1.279818415641785,2.440483808517456,3.5666513045628867,4.154067198435466,2.979235410690308,0.1230067088666331,0.1815228367699708,1.7063738107681274,1.2416331768035889,2.171114444732666,4.552705923716227,4.72223170598348,4.383180141448975,0.1011279070461538,0.203552389916292,1.5918318629264832,1.373905062675476,1.8097586631774905,4.18200957775116,4.361924648284912,4.002094507217407,0.0895624260668568,0.2157241124631045,1.5337549448013306,1.2839839458465576,1.7835259437561035,4.001496394475301,3.928980509440104,4.074012279510498,0.1293305171238031,0.2136473457703888,1.5434285402297974,1.3006374835968018,1.786219596862793,4.40338659286499,4.652649402618408,4.154123783111572,0.107148034906905,0.1935207759910965,1.6423704028129578,1.3744245767593384,1.9103162288665767
nb_s389903_mpnn_5_IL20,False,"A,B",6.413628588195632,86.35779804270463,42.49,3.16,6.108928571428572,82.33680025368497,0.590222,0.1657,0.5364,0.4277,0.77,0.855,-16.53,0.0,0.78,,0.257,4.449240095393875,94.50427561837455,4631.6,302.19,3.5770370370370377,92.12576998197116,0.704955,0.2951,0.7551,0.5432,0.83,0.87,6665.41,1.0,,0.8183505082448594,0.8722812061674432,10.54334274927775,65.44204711914062,74.01679,14.30169,0.5571736,,,,,,,0.2992468476295471,/scicore/home/schwede/barta0000/germinal_ds/templates_target_shuffle/nb_s389903_mpnn_5_IL20/chai_no_constraints/seed_4608/pred.model_idx_3.cif,0.4280925989151001,/scicore/home/schwede/barta0000/germinal_ds/templates_target_shuffle/nb_s389903_mpnn_5_IL20/chai_with_constraints/seed_2785/pred.model_idx_1.cif,0.2992468476295471,0.6165469884872437,0.2199217975139618,"[[0.9142508506774902, 0.8921082019805908]]","[[[0.9142508506774902, 0.2199217975139618], [0.2137545794248581, 0.8921082019805908]]]",0.2199217975139618,0.040487,0.0829,0.0146,0.0204,0.4280925989151001,0.6827683448791504,0.36442363262176514,"[[0.8976010084152222, 0.8722720146179199]]","[[[0.8976010084152222, 0.36442363262176514], [0.33116137981414795, 0.8722720146179199]]]",0.36442363262176514,0.229373,0.1137,0.0508,0.1939,0.5699674487113953,0.5759009122848511,0.26796242594718933,0.6454686522483826,0.5847322344779968,1.1343297958374023,8.480448722839355,0.2526630461215973,/scicore/home/schwede/barta0000/germinal_ds/templates_target_shuffle/nb_s389903_mpnn_5_IL20/boltz_free/output/boltz_results_nb_s389903_mpnn_5_IL20/predictions/nb_s389903_mpnn_5_IL20/nb_s389903_mpnn_5_IL20_model_0.cif,0.022255,0.03,0.0117,0.0126,0.8029781579971313,0.732384443283081,0.5887026786804199,0.856546938419342,0.7996293902397156,0.8420165181159973,5.441280841827393,0.5887026786804199,/scicore/home/schwede/barta0000/germinal_ds/templates_target_shuffle/nb_s389903_mpnn_5_IL20/boltz_with_template/output/boltz_results_nb_s389903_mpnn_5_IL20/predictions/nb_s389903_mpnn_5_IL20/nb_s389903_mpnn_5_IL20_model_0.cif,0.214225,0.1035,0.0702,0.1797,4.114730358123779,3.994179566701253,4.235281149546306,0.1487974728903434,0.1960457035693505,1.6294074654579165,1.486616611480713,1.7721983194351196,3.370664079984029,3.615334669748942,3.125993490219116,0.1255319649714969,0.1410860082843598,1.9583855867385864,1.4549345970153809,2.461836576461792,3.2510790427525835,3.4886128107706704,3.013545274734497,0.1286931695491229,0.1575018929667192,1.848317801952362,1.352371096611023,2.344264507293701,4.136959552764893,4.064140478769938,4.209778626759847,0.149192213056745,0.20266040292978,1.5962235927581787,1.463077425956726,1.7293697595596311,3.970121304194133,3.991189479827881,3.949053128560384,0.0981348990216887,0.2033531235164842,1.5928112864494324,1.2975385189056396,1.888084053993225,4.059774080912272,4.305788358052571,3.8137598037719727,0.0944950616776647,0.2075234944825017,1.5725107192993164,1.2841936349868774,1.8608278036117556,4.533601840337118,4.696264902750651,4.370938777923584,0.1112035225893173,0.1830827636560293,1.6978169679641724,1.4807459115982056,1.9148880243301392
nb_s149825_mpnn_4_IL3,False,"A,B",14.284913059101065,76.51911354581674,415.06,14.73,5.226,63.31007672920429,0.005939,0.1737,0.0121,0.0116,0.17,0.8049999999999999,226.73,0.0,0.26,0.1538,0.585,6.535105063350466,86.55229249011859,14287.94,758.97,3.279555555555556,76.988846045274,0.359845,0.3162,0.2296,0.3597,0.62,0.78,12648.67,1.0,0.0028,0.1196761027861242,0.7979120812994398,16.178440868854523,47.925140380859375,53.141518,20.581648,0.48333675,,,,,,,0.24855387210845947,/scicore/home/schwede/barta0000/germinal_ds/templates_target_shuffle/nb_s149825_mpnn_4_IL3/chai_no_constraints/seed_2108/pred.model_idx_3.cif,0.3565853238105774,/scicore/home/schwede/barta0000/germinal_ds/templates_target_shuffle/nb_s149825_mpnn_4_IL3/chai_with_constraints/seed_1179/pred.model_idx_0.cif,0.24855387210845947,0.589938223361969,0.1632077693939209,"[[0.8980194926261902, 0.30323314666748047]]","[[[0.8980194926261902, 0.1632077693939209], [0.13669823110103607, 0.30323314666748047]]]",0.1632077693939209,0.01221,0.103,0.0108,0.0054,0.3565853238105774,0.6324356198310852,0.28762274980545044,"[[0.9062701463699341, 0.33344924449920654]]","[[[0.9062701463699341, 0.2146366387605667], [0.28762274980545044, 0.33344924449920654]]]",0.2146366387605667,0.117855,0.1056,0.0204,0.2084,0.7831802368164062,0.8165459036827087,0.6935073137283325,0.8055984377861023,0.7194669246673584,0.6584156155586243,3.3020055294036865,0.689998209476471,/scicore/home/schwede/barta0000/germinal_ds/templates_target_shuffle/nb_s149825_mpnn_4_IL3/boltz_free/output/boltz_results_nb_s149825_mpnn_4_IL3/predictions/nb_s149825_mpnn_4_IL3/nb_s149825_mpnn_4_IL3_model_0.cif,0.338302,0.1275,0.0774,0.3372,0.8694807291030884,0.8483958840370178,0.7430956363677979,0.9010769128799438,0.8667007684707642,0.5603746771812439,2.447664976119995,0.7430956363677979,/scicore/home/schwede/barta0000/germinal_ds/templates_target_shuffle/nb_s149825_mpnn_4_IL3/boltz_with_template/output/boltz_results_nb_s149825_mpnn_4_IL3/predictions/nb_s149825_mpnn_4_IL3/nb_s149825_mpnn_4_IL3_model_0.cif,0.504762,0.3571,0.3295,0.4851,4.179788986841838,4.651917934417725,3.707660039265951,0.2269724573330796,0.1979825006049425,1.619576632976532,1.4608920812606812,1.7782611846923828,3.86146342754364,4.586189905802409,3.136736949284872,0.2071035673790105,0.1954726807827785,1.6323346495628357,1.5218324661254885,1.742836833000183,3.915038228034973,4.538437843322754,3.2916386127471924,0.2292948706087558,0.2200915482225742,1.51371169090271,1.4617819786071775,1.5656414031982422,4.237695217132568,4.72559118270874,3.749799251556397,0.2267345655951335,0.1956779756773068,1.6312849521636963,1.4361943006515503,1.8263756036758425,3.592014273007711,4.6612168947855634,2.5228116512298584,0.2186869507764151,0.1671520236895929,1.78885155916214,1.357979416847229,2.219723701477051,3.5528537432352705,4.601790428161621,2.5039170583089194,0.2022078425138346,0.1595311282477698,1.8355162143707275,1.4227511882781982,2.248281240463257,3.914690295855205,4.810848712921143,3.018531878789266,0.1665410761077819,0.1272147189695169,2.0618789196014404,1.615725040435791,2.50803279876709
nb_s605394_mpnn_5_IL20,False,"A,B",14.456067624767446,80.7861229946524,110.69,9.24,6.194444444444445,69.6322006076237,0.0,0.0714,0.0122,0.0,0.15,0.85,29.95,0.0,0.23,0.0001,0.351,6.280470851178064,91.94501766784452,2599.8,110.6,2.608636363636364,85.4204548922452,0.347048,0.1656,0.3027,0.2793,0.6,0.76,2925.7,1.0,0.5971,0.10859303946616351,0.8474949568153227,10.941226232619513,63.22785568237305,73.59547,13.049898,0.60563016,,,,,,,0.2540643513202667,/scicore/home/schwede/barta0000/germinal_ds/templates_target_shuffle/nb_s605394_mpnn_5_IL20/chai_no_constraints/seed_3424/pred.model_idx_1.cif,0.3411487340927124,/scicore/home/schwede/barta0000/germinal_ds/templates_target_shuffle/nb_s605394_mpnn_5_IL20/chai_with_constraints/seed_3879/pred.model_idx_2.cif,0.2540643513202667,0.5889800786972046,0.17033541202545166,"[[0.876049280166626, 0.8899450302124023]]","[[[0.876049280166626, 0.17033541202545166], [0.13703174889087677, 0.8899450302124023]]]",0.17033541202545166,0.005475,0.1091,0.0112,0.0,0.3411487340927124,0.6442487835884094,0.26537373661994934,"[[0.8792168498039246, 0.859794020652771]]","[[[0.8792168498039246, 0.26537373661994934], [0.2496325969696045, 0.859794020652771]]]",0.26537373661994934,0.139854,0.1681,0.0263,0.1192,0.6404022574424744,0.6262549757957458,0.513662576675415,0.6720871925354004,0.5862054824829102,1.1371222734451294,6.924139022827148,0.513662576675415,/scicore/home/schwede/barta0000/germinal_ds/templates_target_shuffle/nb_s605394_mpnn_5_IL20/boltz_free/output/boltz_results_nb_s605394_mpnn_5_IL20/predictions/nb_s605394_mpnn_5_IL20/nb_s605394_mpnn_5_IL20_model_0.cif,0.119341,0.0679,0.0177,0.1118,0.8407174944877625,0.7336171269416809,0.6247069835662842,0.894720196723938,0.8687239289283752,0.9506368637084961,4.351102352142334,0.6247069835662842,/scicore/home/schwede/barta0000/germinal_ds/templates_target_shuffle/nb_s605394_mpnn_5_IL20/boltz_with_template/output/boltz_results_nb_s605394_mpnn_5_IL20/predictions/nb_s605394_mpnn_5_IL20/nb_s605394_mpnn_5_IL20_model_0.cif,0.263579,0.5096,0.2003,0.1872,4.815663417180379,5.462090333302816,4.169236501057942,0.087667434595111,0.2130242971578959,1.546349048614502,1.317379355430603,1.7753187417984009,3.744575262069702,4.4195075035095215,3.069643020629883,0.1138346246990054,0.1655169888173106,1.7986814379692078,1.293172001838684,2.3041908740997314,3.798209150632222,4.3459320068359375,3.250486294428508,0.1084351486419618,0.1704327404749863,1.7694145441055298,1.2760570049285889,2.2627720832824707,4.8461967309316005,5.491093635559082,4.201299826304118,0.087506138294697,0.2100381974286448,1.5604658722877502,1.313881516456604,1.8070502281188965,4.141182780265808,4.530095100402832,3.752270460128784,0.1494533428773337,0.1896439419688655,1.662606954574585,1.3901878595352173,1.9350260496139529,4.232905586560567,4.4489701588948565,4.016841014226277,0.1510552023266258,0.1804469768909803,1.7123183012008667,1.5486387014389038,1.8759979009628296,4.588265736897787,4.90362548828125,4.272905985514323,0.1182603158478194,0.1907645728199276,1.656715214252472,1.4618092775344849,1.851621150970459
nb_s632243_mpnn_4_IL20,False,"A,B",12.487517636629251,84.02892050587172,246.12,20.15,3.7818181818181813,71.62467477022312,0.006494,0.1128,0.0213,0.0094,0.24,0.87,64.8,0.0,0.3,0.9686,0.658,7.639549875763214,91.62060070671377,1102.94,85.25,3.0472222222222225,83.99750010172527,0.170515,0.1927,0.1238,0.1553,0.51,0.73,2940.45,1.0,0.0055,0.08879014705809064,0.8874558217217131,15.279600143432617,58.708885192871094,71.677864,15.392079,0.54516155,,,,,,,0.41328662633895874,/scicore/home/schwede/barta0000/germinal_ds/templates_target_shuffle/nb_s632243_mpnn_4_IL20/chai_no_constraints/seed_1060/pred.model_idx_4.cif,0.40479183197021484,/scicore/home/schwede/barta0000/germinal_ds/templates_target_shuffle/nb_s632243_mpnn_4_IL20/chai_with_constraints/seed_5732/pred.model_idx_4.cif,0.41328662633895874,0.6970768570899963,0.34233906865119934,"[[0.8694226741790771, 0.890430212020874]]","[[[0.8694226741790771, 0.34233906865119934], [0.32137757539749146, 0.890430212020874]]]",0.34233906865119934,0.214727,0.068,0.0621,0.2012,0.40479183197021484,0.6954689621925354,0.3321225643157959,"[[0.8586106300354004, 0.9033980965614319]]","[[[0.8586106300354004, 0.3321225643157959], [0.3186427652835846, 0.9033980965614319]]]",0.3321225643157959,0.204027,0.0553,0.0777,0.1687,0.6528724431991577,0.7196453809738159,0.5586563944816589,0.6764264106750488,0.5843056440353394,0.7768781781196594,4.4431633949279785,0.5586563944816589,/scicore/home/schwede/barta0000/germinal_ds/templates_target_shuffle/nb_s632243_mpnn_4_IL20/boltz_free/output/boltz_results_nb_s632243_mpnn_4_IL20/predictions/nb_s632243_mpnn_4_IL20/nb_s632243_mpnn_4_IL20_model_0.cif,0.192531,0.0308,0.022,0.1407,0.8382146954536438,0.7694020867347717,0.639028012752533,0.8880113959312439,0.8412203788757324,0.7103762626647949,3.629789113998413,0.639028012752533,/scicore/home/schwede/barta0000/germinal_ds/templates_target_shuffle/nb_s632243_mpnn_4_IL20/boltz_with_template/output/boltz_results_nb_s632243_mpnn_4_IL20/predictions/nb_s632243_mpnn_4_IL20/nb_s632243_mpnn_4_IL20_model_0.cif,0.284363,0.1723,0.1717,0.2432,4.366536696751913,4.540718078613281,4.192355314890544,0.098750218448294,0.2292855014764493,1.472787320613861,1.192120909690857,1.7534537315368652,3.655069947242737,4.031810283660889,3.278329610824585,0.0823033832684587,0.17030231356684,1.770180106163025,1.2544174194335938,2.285942792892456,3.5165200630823774,3.875779151916504,3.1572609742482505,0.0998767429419614,0.1842451250906801,1.6914882063865662,1.1650155782699585,2.217960834503174,4.401231606801351,4.5198906262715655,4.282572587331136,0.0975207886586184,0.2302324202537924,1.4686659574508667,1.1670756340026855,1.770256280899048,4.081401268641153,3.930331230163574,4.232471307118733,0.1290399826551042,0.2012474116001185,1.6032202243804932,1.3550574779510498,1.8513829708099363,3.8812878131866455,3.863189617792765,3.899386008580526,0.1155764908953374,0.1995972342644736,1.6114537715911863,1.3305776119232178,1.8923299312591555,4.177531321843466,4.122252941131592,4.232809702555339,0.1083021092173103,0.1795882014872399,1.71708881855011,1.4959982633590698,1.93817937374115
nb_s883690_mpnn_4_IL20,False,"A,B",13.662386844635343,82.13589539007091,164.14,12.06,10.066071428571428,69.71552266813116,0.005573,0.0812,0.0134,0.0,0.24,0.855,34.62,0.0,0.3,0.3757,0.97,4.762760179300529,94.50130742049471,11191.13,695.28,3.2205172413793104,90.93586231100149,0.549982,0.2789,0.6534,0.4748,0.75,0.84,12183.32,1.0,0.9038,0.0963579197069665,0.8220819224739448,18.426225503285725,47.006919860839844,70.25098,15.715792,0.5305349,,,,,,,0.32751476764678955,/scicore/home/schwede/barta0000/germinal_ds/templates_target_shuffle/nb_s883690_mpnn_4_IL20/chai_no_constraints/seed_3183/pred.model_idx_1.cif,0.3669888377189636,/scicore/home/schwede/barta0000/germinal_ds/templates_target_shuffle/nb_s883690_mpnn_4_IL20/chai_with_constraints/seed_1036/pred.model_idx_2.cif,0.32751476764678955,0.6305132508277893,0.2517651617527008,"[[0.8474993109703064, 0.8965689539909363]]","[[[0.8474993109703064, 0.2517651617527008], [0.21207764744758606, 0.8965689539909363]]]",0.2517651617527008,0.113927,0.1051,0.015,0.0517,0.3669888377189636,0.6520219445228577,0.2957305312156677,"[[0.8790551424026489, 0.8459552526473999]]","[[[0.8790551424026489, 0.2957305312156677], [0.28426069021224976, 0.8459552526473999]]]",0.2957305312156677,0.173415,0.084,0.0182,0.1302,0.5912805199623108,0.6156305074691772,0.3476932942867279,0.6521773338317871,0.5832711458206177,0.7972404956817627,6.158907890319824,0.3309057056903839,/scicore/home/schwede/barta0000/germinal_ds/templates_target_shuffle/nb_s883690_mpnn_4_IL20/boltz_free/output/boltz_results_nb_s883690_mpnn_4_IL20/predictions/nb_s883690_mpnn_4_IL20/nb_s883690_mpnn_4_IL20_model_0.cif,0.075757,0.0371,0.0154,0.0621,0.7520479559898376,0.7151796817779541,0.5361892580986023,0.8060125708580017,0.7456207275390625,0.9204185009002686,5.3042402267456055,0.5361892580986023,/scicore/home/schwede/barta0000/germinal_ds/templates_target_shuffle/nb_s883690_mpnn_4_IL20/boltz_with_template/output/boltz_results_nb_s883690_mpnn_4_IL20/predictions/nb_s883690_mpnn_4_IL20/nb_s883690_mpnn_4_IL20_model_0.cif,0.195454,0.0865,0.0552,0.1523,4.9111645221710205,5.497294108072917,4.325034936269124,0.0783754331703926,0.2016960906853026,1.6009932160377502,1.3972690105438232,1.8047174215316768,3.942511916160584,5.059293270111084,2.825730562210083,0.104009907357665,0.1551487946630408,1.863370656967163,1.4472436904907229,2.2794976234436035,3.916711290677388,5.013617515563965,2.819805065790812,0.0980683246922415,0.1748850434063312,1.7436264157295227,1.3634709119796753,2.12378191947937,4.919975757598877,5.494085788726807,4.345865726470947,0.0857777123679998,0.2080303906231211,1.5700711011886597,1.3263006210327148,1.8138415813446045,4.49364161491394,5.035983721415202,3.951299508412679,0.0923705902442136,0.1849464846505979,1.6876887679100037,1.4415918588638306,1.9337856769561768,4.552533308664957,4.915454864501953,4.189611752827962,0.1069494711487255,0.191212639298097,1.6543691754341123,1.403528332710266,1.905210018157959,4.491136153539022,4.680270671844482,4.3020016352335615,0.0957881557035021,0.1781350003384685,1.725213587284088,1.5324188470840454,1.9180083274841309
nb_s185784_mpnn_5_BHRF,False,"A,B",6.68990092228481,86.93395389299695,145.37,8.41,7.271875,82.99195972308195,0.489602,0.267,0.3594,0.4186,0.76,0.865,-86.08,0.0,0.78,0.9935,0.28,4.004252902067759,94.67646048109965,273.35,15.89,3.55296875,94.4516126571163,0.768704,0.4173,0.7886,0.6293,0.88,0.91,133.71,1.0,0.2222,0.8289697327790994,0.8808143658312355,15.133330583572388,50.87765121459961,72.38668,15.705707,0.5441842,,,,,,,0.27612587809562683,/scicore/home/schwede/barta0000/germinal_ds/templates_target_shuffle/nb_s185784_mpnn_5_BHRF/chai_no_constraints/seed_1820/pred.model_idx_3.cif,0.4660686254501343,/scicore/home/schwede/barta0000/germinal_ds/templates_target_shuffle/nb_s185784_mpnn_5_BHRF/chai_with_constraints/seed_1460/pred.model_idx_2.cif,0.27612587809562683,0.6120012998580933,0.19215700030326843,"[[0.8874142169952393, 0.909538745880127]]","[[[0.8874142169952393, 0.19215700030326843], [0.1512531340122223, 0.909538745880127]]]",0.19215700030326843,0.018794,0.0948,0.0115,0.0179,0.4660686254501343,0.7210840582847595,0.4023147225379944,"[[0.8906943202018738, 0.8946812748908997]]","[[[0.8906943202018738, 0.4023147225379944], [0.37002840638160706, 0.8946812748908997]]]",0.4023147225379944,0.252381,0.1504,0.0603,0.1946,0.8006696105003357,0.8120235800743103,0.6648878455162048,0.8346150517463684,0.7761980891227722,0.5422750115394592,4.092620372772217,0.6648878455162048,/scicore/home/schwede/barta0000/germinal_ds/templates_target_shuffle/nb_s185784_mpnn_5_BHRF/boltz_free/output/boltz_results_nb_s185784_mpnn_5_BHRF/predictions/nb_s185784_mpnn_5_BHRF/nb_s185784_mpnn_5_BHRF_model_0.cif,0.251694,0.0691,0.0639,0.2243,0.8688148856163025,0.8054402470588684,0.6975787281990051,0.9116238355636597,0.886366069316864,0.6087530255317688,5.691028118133545,0.6975787281990051,/scicore/home/schwede/barta0000/germinal_ds/templates_target_shuffle/nb_s185784_mpnn_5_BHRF/boltz_with_template/output/boltz_results_nb_s185784_mpnn_5_BHRF/predictions/nb_s185784_mpnn_5_BHRF/nb_s185784_mpnn_5_BHRF_model_0.cif,0.278075,0.204,0.133,0.2338,4.942490339279175,4.854436715443929,5.030543963114421,0.1473087201127545,0.221783044253418,1.5060556530952454,1.3308950662612915,1.6812162399291992,4.716899951299031,4.657033761342366,4.776766141255696,0.1608904981206962,0.2168952379371881,1.5283408164978027,1.3409242630004885,1.7157573699951172,4.702945391337077,4.618949095408122,4.786941687266032,0.1638831789307074,0.2192193803263292,1.5176823139190674,1.4113606214523315,1.6240040063858032,5.071123520533244,4.986767927805583,5.155479113260905,0.1495279249185141,0.2256807271422703,1.4886339902877808,1.3185361623764038,1.6587318181991575,4.726803620656332,4.509902000427246,4.943705240885417,0.1521392443624806,0.2186803456870955,1.52014422416687,1.3401648998260498,1.7001235485076904,4.738315661748251,4.435176054636638,5.041455268859863,0.1399933347380925,0.2090729718344146,1.565071940422058,1.42891263961792,1.7012312412261963,4.839685281117758,4.47828737894694,5.201083183288574,0.1219975546058719,0.203193749121807,1.593595325946808,1.5106981992721558,1.67649245262146
nb_s171911_mpnn_1_IL20,False,"A,B",14.834261883654435,79.659285399206,384.99,29.12,4.9825,67.61262125710904,0.005477,0.0584,0.0106,0.0,0.13,0.85,143.03,0.0,0.21,0.0007,0.806,6.580466855623119,91.18936395759718,15638.5,674.36,2.8539473684210526,81.80759796142578,0.276579,0.1016,0.1964,0.2638,0.52,0.74,21499.03,1.0,0.0017,0.08666351925865576,0.8323698842100352,16.16259412765503,62.98684310913086,72.01025,15.511389,0.5330851,,,,,,,0.3232775926589966,/scicore/home/schwede/barta0000/germinal_ds/templates_target_shuffle/nb_s171911_mpnn_1_IL20/chai_no_constraints/seed_2143/pred.model_idx_3.cif,0.3318716585636139,/scicore/home/schwede/barta0000/germinal_ds/templates_target_shuffle/nb_s171911_mpnn_1_IL20/chai_with_constraints/seed_1990/pred.model_idx_1.cif,0.3232775926589966,0.6345453262329102,0.245460644364357,"[[0.9125576019287109, 0.8968087434768677]]","[[[0.9125576019287109, 0.245460644364357], [0.23537690937519073, 0.8968087434768677]]]",0.245460644364357,0.07438,0.1478,0.0181,0.0307,0.3318716585636139,0.6247696876525879,0.2586471438407898,"[[0.8627467155456543, 0.8467234969139099]]","[[[0.8627467155456543, 0.2586471438407898], [0.25517839193344116, 0.8467234969139099]]]",0.2586471438407898,0.133758,0.0709,0.0213,0.1318,0.642586350440979,0.7108228206634521,0.5272631645202637,0.6714171171188354,0.6184795498847961,0.9452835917472839,5.043467998504639,0.4927332103252411,/scicore/home/schwede/barta0000/germinal_ds/templates_target_shuffle/nb_s171911_mpnn_1_IL20/boltz_free/output/boltz_results_nb_s171911_mpnn_1_IL20/predictions/nb_s171911_mpnn_1_IL20/nb_s171911_mpnn_1_IL20_model_0.cif,0.197083,0.062,0.0343,0.1562,0.7782776951789856,0.7327459454536438,0.5687665343284607,0.8306554555892944,0.7569331526756287,0.817898690700531,3.906646490097046,0.5687665343284607,/scicore/home/schwede/barta0000/germinal_ds/templates_target_shuffle/nb_s171911_mpnn_1_IL20/boltz_with_template/output/boltz_results_nb_s171911_mpnn_1_IL20/predictions/nb_s171911_mpnn_1_IL20/nb_s171911_mpnn_1_IL20_model_0.cif,0.249747,0.1488,0.0908,0.2273,5.1787842114766445,6.175093173980713,4.182475248972575,0.1735427127607677,0.1975682823481459,1.6216710209846497,1.4046564102172852,1.8386856317520144,4.522383530934652,5.853469530741374,3.1912975311279297,0.1880651506714306,0.1474368050065099,1.9143556356430051,1.4148788452148438,2.413832426071167,4.49764080842336,5.79885196685791,3.19642964998881,0.2275148989556153,0.1556095450065377,1.8604053258895876,1.4830737113952637,2.237736940383911,5.167435963948568,6.101038138071696,4.23383378982544,0.1614782999939628,0.1973144728004977,1.6229565143585205,1.3792234659194946,1.8666895627975464,4.732261498769124,5.621039390563965,3.843483606974284,0.16255719960661,0.1792515784015542,1.7189649939537048,1.5507346391677856,1.887195348739624,4.865793983141581,5.7950676282246905,3.936520338058472,0.179027518843489,0.2135721116031848,1.5437807440757751,1.314996600151062,1.7725648880004885,5.012160539627075,5.7585469881693525,4.265774091084798,0.2012570176398924,0.1692253622894023,1.7765239477157593,1.6142840385437012,1.9387638568878172
nb_s362656_mpnn_2_IL3,False,"A,B",12.950867846709057,83.536623246493,189.24,8.96,2.621739130434783,78.94642841386958,0.417559,0.373,0.0782,0.4407,0.73,0.8300000000000001,199.08,0.0,0.71,0.998,0.711,6.611299192301083,90.71707509881422,7655.3,361.83,2.203977272727273,88.3984615619366,0.653474,0.4862,0.4829,0.3128,0.82,0.75,7578.26,1.0,0.9983,0.39305465842942294,0.8758627751927283,25.99712610244751,54.90853500366211,54.21589,21.318373,0.45830217,,,,,,,0.2245771288871765,/scicore/home/schwede/barta0000/germinal_ds/templates_target_shuffle/nb_s362656_mpnn_2_IL3/chai_no_constraints/seed_5259/pred.model_idx_1.cif,0.4364992082118988,/scicore/home/schwede/barta0000/germinal_ds/templates_target_shuffle/nb_s362656_mpnn_2_IL3/chai_with_constraints/seed_2905/pred.model_idx_0.cif,0.2245771288871765,0.5830082893371582,0.1349693238735199,"[[0.9183013439178467, 0.3075898289680481]]","[[[0.9183013439178467, 0.1349693238735199], [0.10957182943820953, 0.3075898289680481]]]",0.1349693238735199,0.005228,0.1074,0.0105,0.0,0.4364992082118988,0.711685836315155,0.36770254373550415,"[[0.919206976890564, 0.36698129773139954]]","[[[0.919206976890564, 0.33949971199035645], [0.36770254373550415, 0.36698129773139954]]]",0.33949971199035645,0.224979,0.109,0.1105,0.28,0.803257167339325,0.7743248343467712,0.6069301962852478,0.852338969707489,0.7787012457847595,0.5746133923530579,3.6289007663726807,0.5737008452415466,/scicore/home/schwede/barta0000/germinal_ds/templates_target_shuffle/nb_s362656_mpnn_2_IL3/boltz_free/output/boltz_results_nb_s362656_mpnn_2_IL3/predictions/nb_s362656_mpnn_2_IL3/nb_s362656_mpnn_2_IL3_model_0.cif,0.219143,0.0961,0.0703,0.188,0.8098317980766296,0.7420288324356079,0.5356054902076721,0.8783883452415466,0.8392401337623596,0.687250018119812,6.083206653594971,0.520290732383728,/scicore/home/schwede/barta0000/germinal_ds/templates_target_shuffle/nb_s362656_mpnn_2_IL3/boltz_with_template/output/boltz_results_nb_s362656_mpnn_2_IL3/predictions/nb_s362656_mpnn_2_IL3/nb_s362656_mpnn_2_IL3_model_0.cif,0.154654,0.1622,0.0683,0.1307,3.9641261498133344,4.477874914805095,3.4503773848215737,0.1738338640715022,0.2158280571392438,1.533273220062256,1.330946683883667,1.7355997562408447,3.6888919671376543,4.217182954152425,3.1606009801228843,0.1501799458476517,0.1877151382014144,1.6728296875953674,1.4407325983047483,1.9049267768859863,3.838124910990397,4.348865191141765,3.32738463083903,0.1494976385282512,0.2104508236221675,1.558503270149231,1.3955684900283811,1.7214380502700806,4.057611028353373,4.577823003133138,3.5373990535736084,0.1616058452802314,0.219162221871114,1.5179430842399595,1.330039381980896,1.7058467864990234,3.328759590784709,4.455179850260417,2.2023393313090005,0.1003088447726985,0.1593257754426296,1.836804270744324,1.4027936458587646,2.270814895629883,3.548067291577657,4.611261049906413,2.4848735332489014,0.0963423556105625,0.1589606056362634,1.839098870754242,1.3244117498397827,2.353785991668701,3.6468084653218575,4.488137245178223,2.805479685465494,0.1101674114770375,0.1356536671829348,1.99765020608902,1.5453354120254517,2.449965000152588
nb_s416874_mpnn_3_IL20,False,"A,B",12.705321579742536,80.88686379928315,123.71,7.64,10.273214285714285,71.80263408547061,0.01728,0.1647,0.0197,0.0379,0.24,0.835,62.34,0.0,0.31,0.8035,0.609,6.0371205783565784,90.54462897526503,1133.45,53.61,5.349318181818182,82.62041632334392,0.371898,0.2608,0.3362,0.3599,0.63,0.8,2215.66,1.0,0.0351,0.07695222288128208,0.8584337117615327,13.093811443873815,65.22034454345703,72.908844,14.625715,0.54803944,,,,,,,0.3002864122390747,/scicore/home/schwede/barta0000/germinal_ds/templates_target_shuffle/nb_s416874_mpnn_3_IL20/chai_no_constraints/seed_4870/pred.model_idx_4.cif,0.47222521901130676,/scicore/home/schwede/barta0000/germinal_ds/templates_target_shuffle/nb_s416874_mpnn_3_IL20/chai_with_constraints/seed_2074/pred.model_idx_4.cif,0.3002864122390747,0.6251248121261597,0.21907681226730347,"[[0.8977196216583252, 0.8903167843818665]]","[[[0.8977196216583252, 0.21907681226730347], [0.20470821857452393, 0.8903167843818665]]]",0.21907681226730347,0.056166,0.1079,0.0175,0.0332,0.47222521901130676,0.7244194746017456,0.40917664766311646,"[[0.890764594078064, 0.9026936292648315]]","[[[0.890764594078064, 0.40917664766311646], [0.3679371476173401, 0.9026936292648315]]]",0.40917664766311646,0.287328,0.0716,0.0418,0.2552,0.6234047412872314,0.6521663665771484,0.4115379750728607,0.6763714551925659,0.6518771052360535,1.187794804573059,7.561530590057373,0.4115379750728607,/scicore/home/schwede/barta0000/germinal_ds/templates_target_shuffle/nb_s416874_mpnn_3_IL20/boltz_free/output/boltz_results_nb_s416874_mpnn_3_IL20/predictions/nb_s416874_mpnn_3_IL20/nb_s416874_mpnn_3_IL20_model_0.cif,0.093915,0.106,0.0176,0.036,0.9023875594139099,0.8291628956794739,0.7752359509468079,0.934175431728363,0.9323843121528625,0.7031213641166687,2.9178626537323,0.7752359509468079,/scicore/home/schwede/barta0000/germinal_ds/templates_target_shuffle/nb_s416874_mpnn_3_IL20/boltz_with_template/output/boltz_results_nb_s416874_mpnn_3_IL20/predictions/nb_s416874_mpnn_3_IL20/nb_s416874_mpnn_3_IL20_model_0.cif,0.455874,0.4797,0.5277,0.3879,4.175026694933573,4.094300985336304,4.255752404530843,0.1184368752017784,0.2036617710300697,1.5912946462631226,1.4019006490707395,1.7806886434555054,3.4073210954666138,3.734376033147176,3.0802661577860517,0.1733197593910192,0.1497523307096077,1.8987724781036377,1.5208914279937744,2.276653528213501,3.412071903546652,3.752766211827596,3.0713775952657065,0.1699134631747426,0.1726240993673711,1.7566388845443726,1.424072504043579,2.089205265045166,4.179984291394551,4.158270915349324,4.201697667439778,0.1177619603213882,0.1974439552814904,1.6223005056381226,1.4454219341278076,1.7991790771484375,3.853923797607422,3.680434544881185,4.027413050333659,0.1393950329344714,0.1802631734036811,1.7133374214172363,1.5091192722320557,1.917555570602417,4.074111024538676,4.013894001642863,4.134328047434489,0.1438979000301946,0.1905834365659597,1.657665193080902,1.427535891532898,1.8877944946289065,4.222005049387614,4.238065401713054,4.205944697062175,0.1544335635775423,0.176203658919743,1.7361147999763489,1.5291240215301514,1.9431055784225464
nb_s618542_mpnn_3_IL3,False,"A,B",9.25903701042041,82.91672499999999,227.54,14.17,3.954838709677419,78.98611597168092,0.166531,0.2526,0.0865,0.1608,0.54,0.8300000000000001,7.33,0.0,0.57,0.9805,0.363,4.555637957162275,93.37652173913044,18603.04,838.35,2.374666666666666,94.22605965354226,0.759045,0.462,0.7723,0.606,0.86,0.88,12689.49,1.0,0.6397,0.24013212961611918,0.826458424722446,27.62139654159546,40.10107421875,53.791546,21.175184,0.46724886,,,,,,,0.32887113094329834,/scicore/home/schwede/barta0000/germinal_ds/templates_target_shuffle/nb_s618542_mpnn_3_IL3/chai_no_constraints/seed_1332/pred.model_idx_3.cif,0.3675866723060608,/scicore/home/schwede/barta0000/germinal_ds/templates_target_shuffle/nb_s618542_mpnn_3_IL3/chai_with_constraints/seed_2683/pred.model_idx_1.cif,0.32887113094329834,0.6133463382720947,0.25775232911109924,"[[0.9135969281196594, 0.29684239625930786]]","[[[0.9135969281196594, 0.19070248305797577], [0.25775232911109924, 0.29684239625930786]]]",0.19070248305797577,0.047666,0.0852,0.0144,0.1203,0.3675866723060608,0.6802358627319336,0.2894243597984314,"[[0.9154070615768433, 0.3366941213607788]]","[[[0.9154070615768433, 0.28659042716026306], [0.2894243597984314, 0.3366941213607788]]]",0.28659042716026306,0.162415,0.1116,0.0447,0.1807,0.7844161987304688,0.7824463844299316,0.6173147559165955,0.8261915445327759,0.7393070459365845,0.5875495076179504,4.061156272888184,0.6173147559165955,/scicore/home/schwede/barta0000/germinal_ds/templates_target_shuffle/nb_s618542_mpnn_3_IL3/boltz_free/output/boltz_results_nb_s618542_mpnn_3_IL3/predictions/nb_s618542_mpnn_3_IL3/nb_s618542_mpnn_3_IL3_model_0.cif,0.200276,0.1327,0.0502,0.1895,0.797852635383606,0.70904541015625,0.47466081380844116,0.8786505460739136,0.8097003698348999,0.9159722328186035,8.465836524963379,0.47466081380844116,/scicore/home/schwede/barta0000/germinal_ds/templates_target_shuffle/nb_s618542_mpnn_3_IL3/boltz_with_template/output/boltz_results_nb_s618542_mpnn_3_IL3/predictions/nb_s618542_mpnn_3_IL3/nb_s618542_mpnn_3_IL3_model_0.cif,0.107631,0.2776,0.0282,0.0857,4.728224992752075,5.802445729573567,3.654004255930583,0.1800691763339606,0.2157245882155155,1.533752739429474,1.326025128364563,1.7414803504943848,4.02719263235728,5.09184455871582,2.9625407059987388,0.1100467991408806,0.1899736734517005,1.6608697772026062,1.4100886583328247,1.911650896072388,4.313604791959127,5.1980546315511065,3.429154952367147,0.1400542771184939,0.2125837275231888,1.5484193563461304,1.3628313541412354,1.7340073585510254,4.76741631825765,5.936176458994548,3.598656177520752,0.1770083062967988,0.2198964973348426,1.514598309993744,1.3393088579177856,1.689887762069702,3.915431300799052,5.3645931879679365,2.4662694136301675,0.1342317667462507,0.1700261008246863,1.7718033194541931,1.325910210609436,2.21769642829895,3.765961249669393,5.196415106455485,2.335507392883301,0.1328467817209392,0.1472879689043408,1.9153656363487244,1.3749452829360962,2.4557859897613525,4.153201778729757,5.375232378641765,2.931171178817749,0.1311940816710907,0.1379046838504743,1.981192529201508,1.4695936441421509,2.4927914142608643
nb_s926337_mpnn_2_IL3,False,"A,B",13.541003608867502,79.42715863453815,200.94,13.19,7.455172413793104,64.10909478426554,0.005935,0.0795,0.0135,0.0075,0.21,0.83,44.38,0.0,0.28,0.12,0.362,6.199338061835055,89.36632411067194,4208.97,311.94,3.4709615384615384,81.64862047392747,0.307387,0.2157,0.2728,0.3241,0.57,0.75,3308.3,1.0,0.9571,0.14654427571133474,0.8869182502027232,25.816794554392498,64.8436279296875,55.58234,21.137327,0.47031376,,,,,,,0.26636695861816406,/scicore/home/schwede/barta0000/germinal_ds/templates_target_shuffle/nb_s926337_mpnn_2_IL3/chai_no_constraints/seed_337/pred.model_idx_0.cif,0.35786885023117065,/scicore/home/schwede/barta0000/germinal_ds/templates_target_shuffle/nb_s926337_mpnn_2_IL3/chai_with_constraints/seed_1038/pred.model_idx_2.cif,0.26636695861816406,0.6019354462623596,0.18247483670711517,"[[0.926464319229126, 0.305062860250473]]","[[[0.926464319229126, 0.16065610945224762], [0.18247483670711517, 0.305062860250473]]]",0.16065610945224762,0.011748,0.0719,0.0114,0.0272,0.35786885023117065,0.6706464886665344,0.2796744406223297,"[[0.9130281805992126, 0.35649722814559937]]","[[[0.9130281805992126, 0.27132758498191833], [0.2796744406223297, 0.35649722814559937]]]",0.27132758498191833,0.156969,0.0743,0.0544,0.1916,0.7925278544425964,0.7954112887382507,0.6094063520431519,0.8383082151412964,0.7902843952178955,0.5243058204650879,3.439652919769287,0.6094063520431519,/scicore/home/schwede/barta0000/germinal_ds/templates_target_shuffle/nb_s926337_mpnn_2_IL3/boltz_free/output/boltz_results_nb_s926337_mpnn_2_IL3/predictions/nb_s926337_mpnn_2_IL3/nb_s926337_mpnn_2_IL3_model_0.cif,0.217729,0.1273,0.0812,0.2085,0.7695635557174683,0.731235146522522,0.5035416483879089,0.8360689878463745,0.8091385960578918,0.8255223631858826,7.877518653869629,0.5035416483879089,/scicore/home/schwede/barta0000/germinal_ds/templates_target_shuffle/nb_s926337_mpnn_2_IL3/boltz_with_template/output/boltz_results_nb_s926337_mpnn_2_IL3/predictions/nb_s926337_mpnn_2_IL3/nb_s926337_mpnn_2_IL3_model_0.cif,0.116623,0.2114,0.0365,0.0713,4.294555584589641,4.860599517822266,3.728511651357015,0.1577977782223281,0.2357976531126125,1.444781243801117,1.1379904747009275,1.7515720129013062,3.9782919883728023,4.713094870249431,3.2434891064961757,0.1276192156430294,0.2089138339540313,1.5658333897590635,1.2976397275924685,1.8340270519256592,4.082345048586528,4.865613460540772,3.299076636632284,0.155404556696917,0.2132288716386456,1.545389175415039,1.383800745010376,1.706977605819702,4.2887115478515625,4.934569835662842,3.642853260040283,0.1437434288544606,0.2399595822378708,1.4272847771644592,1.1330305337905884,1.72153902053833,3.5718319416046143,4.659445444742839,2.48421843846639,0.1647054854526797,0.1811217110140107,1.708586037158966,1.2212051153182983,2.195966958999634,3.3864426215489707,4.41617504755656,2.356710195541382,0.1293233477979531,0.1683165259918708,1.7819089889526367,1.2043659687042236,2.35945200920105,3.684887051582336,4.614663918813069,2.755110184351603,0.1257552656942678,0.1383228062533369,1.9781651496887207,1.509235382080078,2.4470949172973637
nb_s68363_mpnn_3_BHRF,False,"A,B",14.098520329235603,78.3671096491228,612.24,31.93,8.441176470588234,59.14145876219271,0.006386,0.1249,0.0127,0.0135,0.18,0.8300000000000001,209.83,0.0,0.25,0.0029,0.842,5.860710785182037,90.07158075601374,1345.28,59.45,4.224827586206897,77.97250069512262,0.37171,0.2246,0.2584,0.3565,0.61,0.79,735.89,1.0,0.2612,0.060413889549389733,0.8005826963870583,15.976637045542398,67.79228973388672,79.60868,14.342915,0.5855111,,,,,,,0.3116964101791382,/scicore/home/schwede/barta0000/germinal_ds/templates_target_shuffle/nb_s68363_mpnn_3_BHRF/chai_no_constraints/seed_1363/pred.model_idx_3.cif,0.38559696078300476,/scicore/home/schwede/barta0000/germinal_ds/templates_target_shuffle/nb_s68363_mpnn_3_BHRF/chai_with_constraints/seed_2825/pred.model_idx_3.cif,0.3116964101791382,0.6157538294792175,0.23568204045295715,"[[0.908669114112854, 0.9089229106903076]]","[[[0.908669114112854, 0.23568204045295715], [0.17187291383743286, 0.9089229106903076]]]",0.23568204045295715,0.041639,0.099,0.0129,0.0164,0.38559696078300476,0.6907134652137756,0.30931782722473145,"[[0.9028459787368774, 0.8885392546653748]]","[[[0.9028459787368774, 0.30931782722473145], [0.30627867579460144, 0.8885392546653748]]]",0.30931782722473145,0.189137,0.0965,0.0483,0.1662,0.8422097563743591,0.8643587231636047,0.7946203947067261,0.8541070222854614,0.7606158256530762,0.47566959261894226,2.4852633476257324,0.7946203947067261,/scicore/home/schwede/barta0000/germinal_ds/templates_target_shuffle/nb_s68363_mpnn_3_BHRF/boltz_free/output/boltz_results_nb_s68363_mpnn_3_BHRF/predictions/nb_s68363_mpnn_3_BHRF/nb_s68363_mpnn_3_BHRF_model_0.cif,0.47358,0.1296,0.1393,0.4399,0.8122225999832153,0.6976962089538574,0.4414481818675995,0.9049162268638611,0.8532245755195618,0.8382064700126648,6.724739074707031,0.4243505001068115,/scicore/home/schwede/barta0000/germinal_ds/templates_target_shuffle/nb_s68363_mpnn_3_BHRF/boltz_with_template/output/boltz_results_nb_s68363_mpnn_3_BHRF/predictions/nb_s68363_mpnn_3_BHRF/nb_s68363_mpnn_3_BHRF_model_0.cif,0.138258,0.3129,0.044,0.1,4.735361099243164,4.36156177520752,5.109160423278809,0.0844649432365647,0.2289941806666253,1.4740586876869202,1.243770956993103,1.7043464183807373,4.110479235649109,3.410559256871541,4.810399214426677,0.1703808277511537,0.1910538288536388,1.6552000641822815,1.4909313917160034,1.81946873664856,4.114793578783671,3.5105146567026773,4.719072500864665,0.162810521642228,0.2254463199748763,1.4896731972694397,1.3472627401351929,1.6320836544036863,4.909175157546997,4.699430465698242,5.118919849395752,0.0836944391519273,0.2312417376808792,1.4642916321754456,1.2286193370819092,1.699963927268982,4.450925946235657,3.8832131226857514,5.0186387697855634,0.0670906863769365,0.2310262707307018,1.4652238488197329,1.234707593917847,1.6957401037216189,4.279703934987386,3.6709655125935874,4.888442357381185,0.1207236996626791,0.235906461087045,1.4443199038505554,1.229228973388672,1.659410834312439,4.474495331446329,3.767706871032715,5.181283791859944,0.1241251187777189,0.1938763028644805,1.6405349373817444,1.5757402181625366,1.705329656600952
nb_s481672_mpnn_2_IL3,False,"A,B",11.371843022075021,82.09042617960425,253.59,12.12,6.1499999999999995,68.19613622162765,0.044632,0.1367,0.0228,0.0664,0.32,0.825,86.59,0.0,0.38,0.939,0.618,5.033769313690263,91.37343873517787,13897.17,604.99,2.49125,83.48515204227331,0.44143,0.3019,0.3592,0.4682,0.67,0.8,15602.36,1.0,,0.1346802156811481,0.823673172737166,,,53.30282,21.047415,0.47174338,,,,,,,0.23273172974586487,/scicore/home/schwede/barta0000/germinal_ds/templates_target_shuffle/nb_s481672_mpnn_2_IL3/chai_no_constraints/seed_4055/pred.model_idx_4.cif,0.3446924090385437,/scicore/home/schwede/barta0000/germinal_ds/templates_target_shuffle/nb_s481672_mpnn_2_IL3/chai_with_constraints/seed_4434/pred.model_idx_2.cif,0.23273172974586487,0.5913228988647461,0.14308393001556396,"[[0.9266560673713684, 0.30852627754211426]]","[[[0.9266560673713684, 0.14308393001556396], [0.10820312052965164, 0.30852627754211426]]]",0.14308393001556396,0.005676,0.1257,0.0103,0.0,0.3446924090385437,0.6493619084358215,0.26852500438690186,"[[0.927164614200592, 0.30269327759742737]]","[[[0.927164614200592, 0.2324320673942566], [0.26852500438690186, 0.30269327759742737]]]",0.2324320673942566,0.10434,0.1081,0.0305,0.1609,0.8060248494148254,0.7508552670478821,0.555596113204956,0.8686320185661316,0.8022469282150269,0.6076349020004272,4.102931499481201,0.555596113204956,/scicore/home/schwede/barta0000/germinal_ds/templates_target_shuffle/nb_s481672_mpnn_2_IL3/boltz_free/output/boltz_results_nb_s481672_mpnn_2_IL3/predictions/nb_s481672_mpnn_2_IL3/nb_s481672_mpnn_2_IL3_model_0.cif,0.164398,0.1626,0.066,0.1585,0.8683850169181824,0.7767997980117798,0.6140846610069275,0.9319601058959961,0.9196118712425232,0.7227932810783386,5.331399440765381,0.6140846610069275,/scicore/home/schwede/barta0000/germinal_ds/templates_target_shuffle/nb_s481672_mpnn_2_IL3/boltz_with_template/output/boltz_results_nb_s481672_mpnn_2_IL3/predictions/nb_s481672_mpnn_2_IL3/nb_s481672_mpnn_2_IL3_model_0.cif,0.208002,0.3978,0.1324,0.2161,4.863198757171631,6.203643004099528,3.522754510243734,0.1627946684962689,0.2327611929879357,1.4577422738075256,1.2363200187683103,1.6791645288467407,4.33474326133728,5.654202938079834,3.0152835845947266,0.145003559158243,0.1975774089490879,1.6216248273849487,1.3485734462738037,1.8946762084960935,4.452248334884644,5.534097194671631,3.370399475097656,0.171652609528728,0.2281818509125866,1.4776123762130735,1.2925735712051392,1.6626511812210083,4.896680156389872,6.183249791463216,3.610110521316528,0.1666931523942025,0.2302736476011705,1.4684869050979614,1.2335009574890137,1.7034728527069092,4.339945157368978,6.150710582733154,2.5291797320048013,0.1206253613357885,0.1679155760154102,1.7842939496040344,1.2105127573013306,2.3580751419067383,4.292207916577657,6.039020856221517,2.5453949769337973,0.0891501493136428,0.1758202607130234,1.7382930517196655,1.2438430786132812,2.23274302482605,4.198607961336772,5.534365336100261,2.8628505865732827,0.121928594675522,0.1366451784748558,1.9903676509857176,1.5191357135772705,2.461599588394165
nb_s53820_mpnn_1_IL3,False,"A,B",10.53834460778953,81.32952692501259,124.67,6.11,7.436666666666667,68.6975742299374,0.108216,0.1623,0.0302,0.0955,0.43,0.825,-35.15,0.0,0.48,0.0312,0.298,4.50567623302973,92.91956521739131,7982.63,458.64,3.928170731707317,89.35894775390625,0.656051,0.4479,0.6526,0.5619,0.8,0.87,4893.12,1.0,0.0057,0.3834785514666783,0.8546338118417056,27.063494205474854,41.722320556640625,54.12011,21.430529,0.46331358,,,,,,,0.2513068914413452,/scicore/home/schwede/barta0000/germinal_ds/templates_target_shuffle/nb_s53820_mpnn_1_IL3/chai_no_constraints/seed_2888/pred.model_idx_3.cif,0.3212648928165436,/scicore/home/schwede/barta0000/germinal_ds/templates_target_shuffle/nb_s53820_mpnn_1_IL3/chai_with_constraints/seed_1568/pred.model_idx_4.cif,0.2513068914413452,0.5973032712936401,0.16480781137943268,"[[0.9037010669708252, 0.3406783938407898]]","[[[0.9037010669708252, 0.16480781137943268], [0.1422039419412613, 0.3406783938407898]]]",0.16480781137943268,0.031538,0.0623,0.0109,0.0219,0.3212648928165436,0.6457995772361755,0.2401312291622162,"[[0.9010019302368164, 0.35724636912345886]]","[[[0.9010019302368164, 0.2401312291622162], [0.22623321413993835, 0.35724636912345886]]]",0.2401312291622162,0.12275,0.097,0.0226,0.1593,0.7789174318313599,0.7404487729072571,0.505588173866272,0.8472496867179871,0.7641399502754211,0.5755216479301453,4.511026382446289,0.4786369502544403,/scicore/home/schwede/barta0000/germinal_ds/templates_target_shuffle/nb_s53820_mpnn_1_IL3/boltz_free/output/boltz_results_nb_s53820_mpnn_1_IL3/predictions/nb_s53820_mpnn_1_IL3/nb_s53820_mpnn_1_IL3_model_0.cif,0.158618,0.0851,0.037,0.1278,0.8015567660331726,0.7466155290603638,0.535209059715271,0.8681436777114868,0.7970401048660278,0.7749937772750854,6.775782108306885,0.5285446047782898,/scicore/home/schwede/barta0000/germinal_ds/templates_target_shuffle/nb_s53820_mpnn_1_IL3/boltz_with_template/output/boltz_results_nb_s53820_mpnn_1_IL3/predictions/nb_s53820_mpnn_1_IL3/nb_s53820_mpnn_1_IL3_model_0.cif,0.160099,0.1671,0.0427,0.1286,4.42157793045044,5.370913664499919,3.4722421964009604,0.1807458869029147,0.2281255373714933,1.4778591990470886,1.3636139631271362,1.592104434967041,4.078690012296041,4.939467430114746,3.2179125944773355,0.1812690239891471,0.194253369210586,1.6385919451713562,1.448638916015625,1.8285449743270876,4.287135601043701,5.157440980275472,3.41683022181193,0.2019994888373733,0.2175794413697185,1.5251912474632263,1.3289000988006592,1.7214823961257937,4.452398419380188,5.444205602010091,3.4605912367502847,0.1809071367230743,0.2276464493088073,1.4799615144729614,1.368517279624939,1.591405749320984,3.5671888192494707,4.927337487538655,2.2070401509602866,0.1049598619022927,0.1524513877650109,1.880909502506256,1.308458924293518,2.453360080718994,3.8765900532404585,5.148950099945068,2.604230006535848,0.0828809684558059,0.1902191174840451,1.6595786213874817,1.249860167503357,2.0692970752716064,4.139332930246988,5.386720975240071,2.8919448852539062,0.1376196664208934,0.1439690715207534,1.93815678358078,1.4087084531784058,2.4676051139831543
nb_s78562_mpnn_2_IL20,False,"A,B",12.979084518473199,83.1051286601597,103.21,8.52,5.368,71.82752740570781,0.005849,0.0802,0.0164,0.0042,0.23,0.855,57.79,0.0,0.3,0.0049,0.534,5.9127323352770045,93.2160777385159,4859.71,306.51,2.309230769230769,88.77760040283204,0.38645,0.1888,0.4883,0.3409,0.66,0.79,13009.71,1.0,0.5438,0.10551011693650027,0.8464185855799204,12.31982736154036,56.93817138671875,72.89249,13.368489,0.59267783,,,,,,,0.46482759714126587,/scicore/home/schwede/barta0000/germinal_ds/templates_target_shuffle/nb_s78562_mpnn_2_IL20/chai_no_constraints/seed_2548/pred.model_idx_4.cif,0.6681692004203796,/scicore/home/schwede/barta0000/germinal_ds/templates_target_shuffle/nb_s78562_mpnn_2_IL20/chai_with_constraints/seed_1438/pred.model_idx_1.cif,0.46482759714126587,0.6871194243431091,0.40925464034080505,"[[0.9036087393760681, 0.8970350623130798]]","[[[0.9036087393760681, 0.3445696234703064], [0.40925464034080505, 0.8970350623130798]]]",0.3445696234703064,0.133381,0.1009,0.0247,0.0728,0.6681692004203796,0.8139657974243164,0.6317200064659119,"[[0.9082045555114746, 0.9040408134460449]]","[[[0.9082045555114746, 0.6317200064659119], [0.5730893015861511, 0.9040408134460449]]]",0.6317200064659119,0.514962,0.099,0.2582,0.4422,0.681134819984436,0.7186787128448486,0.5443463325500488,0.7153319120407104,0.6897011995315552,0.9242037534713745,6.088886737823486,0.5443463325500488,/scicore/home/schwede/barta0000/germinal_ds/templates_target_shuffle/nb_s78562_mpnn_2_IL20/boltz_free/output/boltz_results_nb_s78562_mpnn_2_IL20/predictions/nb_s78562_mpnn_2_IL20/nb_s78562_mpnn_2_IL20_model_0.cif,0.155108,0.0782,0.0271,0.0983,0.8284288644790649,0.768951952457428,0.6509109735488892,0.8728082776069641,0.8713296055793762,0.9083277583122253,4.6754841804504395,0.6509109735488892,/scicore/home/schwede/barta0000/germinal_ds/templates_target_shuffle/nb_s78562_mpnn_2_IL20/boltz_with_template/output/boltz_results_nb_s78562_mpnn_2_IL20/predictions/nb_s78562_mpnn_2_IL20/nb_s78562_mpnn_2_IL20_model_0.cif,0.262871,0.2521,0.196,0.2107,4.93198815981547,5.524643898010254,4.339332421620687,0.0968171522672796,0.2299539722923538,1.4698761105537417,1.1776018142700195,1.7621504068374634,4.328603307406107,5.430973370869954,3.2262332439422607,0.0606895563478402,0.1708229306404004,1.7671277523040771,1.165088415145874,2.3691670894622803,4.21224856376648,5.233936150868733,3.190560976664225,0.0556192655011551,0.1814584607233509,1.7067285180091858,1.1678839921951294,2.245573043823242,4.770238359769186,5.405379295349121,4.13509742418925,0.1101394989457725,0.2247718070363413,1.4926695823669434,1.1794999837875366,1.80583918094635,5.061119993527731,6.199544588724772,3.922695398330689,0.092286763908879,0.2095866383701441,1.5626180768013,1.3034861087799072,1.8217500448226929,5.0656198263168335,6.1081282297770185,4.0231114228566485,0.0828068622678852,0.2171732249382349,1.5270599722862244,1.2201528549194336,1.8339670896530151,4.961769024531046,5.657917499542236,4.2656205495198565,0.1136142599174667,0.1976408828697998,1.6213036179542542,1.3240301609039309,1.9185770750045776
nb_s829439_mpnn_5_BHRF,False,"A,B",13.655633495116968,78.4867695652174,196.99,9.5,12.123529411764707,64.44166317233449,0.006005,0.1307,0.0125,0.0058,0.19,0.8300000000000001,-45.35,0.0,0.27,0.0989,0.239,5.129922178528831,91.68666666666667,1301.89,59.75,4.4143103448275856,84.29999983938117,0.466944,0.3585,0.3639,0.4561,0.69,0.83,663.37,1.0,0.5532,0.06285950413608964,0.8201854169193493,16.569693565368652,64.18742370605469,73.37386,16.510405,0.5262321,,,,,,,0.29222989082336426,/scicore/home/schwede/barta0000/germinal_ds/templates_target_shuffle/nb_s829439_mpnn_5_BHRF/chai_no_constraints/seed_1933/pred.model_idx_1.cif,0.5577716827392578,/scicore/home/schwede/barta0000/germinal_ds/templates_target_shuffle/nb_s829439_mpnn_5_BHRF/chai_with_constraints/seed_2481/pred.model_idx_0.cif,0.29222989082336426,0.6285096406936646,0.2081599235534668,"[[0.885124921798706, 0.9083220958709717]]","[[[0.885124921798706, 0.2081599235534668], [0.18363429605960846, 0.9083220958709717]]]",0.2081599235534668,0.023867,0.1557,0.0121,0.014,0.5577716827392578,0.7860085964202881,0.5007124543190002,"[[0.8968446254730225, 0.9077672362327576]]","[[[0.8968446254730225, 0.5007124543190002], [0.49504318833351135, 0.9077672362327576]]]",0.5007124543190002,0.386534,0.1339,0.1815,0.3792,0.8393399119377136,0.8860688805580139,0.8086228966712952,0.8470191359519958,0.763438880443573,0.4196636974811554,1.8755871057510376,0.8086228966712952,/scicore/home/schwede/barta0000/germinal_ds/templates_target_shuffle/nb_s829439_mpnn_5_BHRF/boltz_free/output/boltz_results_nb_s829439_mpnn_5_BHRF/predictions/nb_s829439_mpnn_5_BHRF/nb_s829439_mpnn_5_BHRF_model_0.cif,0.55054,0.1925,0.2142,0.5184,0.8153116106987,0.7617736458778381,0.5530990958213806,0.8808647990226746,0.8066778779029846,0.7144939303398132,5.541943550109863,0.5530990958213806,/scicore/home/schwede/barta0000/germinal_ds/templates_target_shuffle/nb_s829439_mpnn_5_BHRF/boltz_with_template/output/boltz_results_nb_s829439_mpnn_5_BHRF/predictions/nb_s829439_mpnn_5_BHRF/nb_s829439_mpnn_5_BHRF_model_0.cif,0.193484,0.2653,0.0528,0.1483,5.17794148127238,5.042554537455241,5.313328425089519,0.1351180412365743,0.2032732510751786,1.593204140663147,1.5057445764541626,1.6806637048721311,4.453214605649312,4.12278135617574,4.783647855122884,0.2130923995258358,0.2105584648007361,1.5579919219017029,1.4253344535827637,1.690649390220642,4.360983729362488,3.954922437667847,4.767045021057129,0.2240203501074953,0.1997038829637425,1.6109195947647097,1.532238483428955,1.689600706100464,5.243776718775431,5.195750713348389,5.291802724202474,0.1378734851732978,0.2061072330308541,1.579358696937561,1.4887237548828125,1.6699936389923096,4.72820003827413,4.625777721405029,4.8306223551432295,0.1778944509967912,0.2154425355490704,1.5350610613822937,1.354662299156189,1.7154598236083984,4.942771752675375,4.964731216430664,4.920812288920085,0.1253969520088933,0.2103253473142512,1.5590996742248535,1.4626506567001345,1.6555486917495728,5.163400729497274,5.122611045837402,5.2041904131571455,0.1354678894109578,0.2034487911722393,1.5923409461975098,1.511509895324707,1.6731719970703125
nb_s919455_mpnn_4_IL3,False,"A,B",12.76448624412192,80.56000507099391,163.47,10.3,5.989655172413793,63.88051141816046,0.006028,0.1015,0.0157,0.0104,0.23,0.83,23.44,0.0,0.3,0.0084,0.336,5.673412957552844,90.83660079051383,19301.95,1298.97,2.9345652173913037,82.64769157996544,0.383758,0.2614,0.3261,0.3965,0.65,0.8,9630.05,1.0,0.0057,0.09279954193158185,0.8245912726850615,26.313750743865967,69.4852066040039,57.456795,21.353113,0.4682775,,,,,,,0.21895965933799744,/scicore/home/schwede/barta0000/germinal_ds/templates_target_shuffle/nb_s919455_mpnn_4_IL3/chai_no_constraints/seed_4135/pred.model_idx_2.cif,0.34715890884399414,/scicore/home/schwede/barta0000/germinal_ds/templates_target_shuffle/nb_s919455_mpnn_4_IL3/chai_with_constraints/seed_2081/pred.model_idx_3.cif,0.21895965933799744,0.5767751932144165,0.12950576841831207,"[[0.9087084531784058, 0.3021840453147888]]","[[[0.9087084531784058, 0.12950576841831207], [0.09732326865196228, 0.3021840453147888]]]",0.12950576841831207,0.0,0.069,0.0101,0.0,0.34715890884399414,0.6571492552757263,0.2696613073348999,"[[0.9119935631752014, 0.3469412326812744]]","[[[0.9119935631752014, 0.24774593114852905], [0.2696613073348999, 0.3469412326812744]]]",0.24774593114852905,0.135452,0.0914,0.0422,0.1746,0.8320962190628052,0.8423521518707275,0.7191166281700134,0.8603410720825195,0.8066651225090027,0.47482597827911377,2.302316904067993,0.7191166281700134,/scicore/home/schwede/barta0000/germinal_ds/templates_target_shuffle/nb_s919455_mpnn_4_IL3/boltz_free/output/boltz_results_nb_s919455_mpnn_4_IL3/predictions/nb_s919455_mpnn_4_IL3/nb_s919455_mpnn_4_IL3_model_0.cif,0.371036,0.1575,0.2248,0.3904,0.8387584090232849,0.7419800758361816,0.5598503947257996,0.9084853529930115,0.8959230780601501,0.7835124731063843,6.2421112060546875,0.5598503947257996,/scicore/home/schwede/barta0000/germinal_ds/templates_target_shuffle/nb_s919455_mpnn_4_IL3/boltz_with_template/output/boltz_results_nb_s919455_mpnn_4_IL3/predictions/nb_s919455_mpnn_4_IL3/nb_s919455_mpnn_4_IL3_model_0.cif,0.155376,0.2878,0.0829,0.1349,3.8487075964609785,4.233087221781413,3.4643279711405435,0.1713232704293339,0.237827424214067,1.4362099766731262,1.179000735282898,1.6934192180633545,3.3849958578745527,3.6904661655426025,3.0795255502065024,0.1804197934128792,0.1841702659453513,1.6918945908546448,1.5972604751586914,1.786528706550598,3.373465816179911,3.59514586130778,3.1517857710520425,0.1662271186904341,0.2089321021812485,1.5657459497451782,1.4457145929336548,1.6857773065567017,3.9010671377182007,4.234066804250081,3.56806747118632,0.1590323093912934,0.2424217383228049,1.4170763492584229,1.1458947658538818,1.688257932662964,3.510728081067403,4.182882626851399,2.8385735352834067,0.1821775381647428,0.1682586888432748,1.7822526693344116,1.3184595108032229,2.2460458278656006,3.215026656786601,3.903977473576864,2.526075839996338,0.1874682416901706,0.1862445138302352,1.6806948781013489,1.0903185606002808,2.271071195602417,3.495641072591145,4.197588920593262,2.79369322458903,0.1137177547201415,0.1412322053900747,1.9573498964309688,1.4873323440551758,2.4273674488067627
nb_s272990_mpnn_1_BHRF,False,"A,B",13.689544289746221,80.83412461605967,303.45,21.42,14.774074074074075,66.18811635450777,0.005932,0.0939,0.0133,0.0069,0.18,0.85,-18.81,0.0,0.26,0.009,0.716,8.333902055951157,89.20646048109967,6490.44,501.28,5.97391304347826,76.05319915771484,0.169268,0.2006,0.044,0.1526,0.43,0.71,3647.87,1.0,0.0124,0.0961629840822754,0.8799590195271525,16.13268722806658,50.99808120727539,72.6501,15.254474,0.55487406,,,,,,,0.31682974100112915,/scicore/home/schwede/barta0000/germinal_ds/templates_target_shuffle/nb_s272990_mpnn_1_BHRF/chai_no_constraints/seed_1527/pred.model_idx_0.cif,0.3550271987915039,/scicore/home/schwede/barta0000/germinal_ds/templates_target_shuffle/nb_s272990_mpnn_1_BHRF/chai_with_constraints/seed_2622/pred.model_idx_4.cif,0.31682974100112915,0.6425619125366211,0.23539668321609497,"[[0.9156520962715149, 0.9144507646560669]]","[[[0.9156520962715149, 0.23539668321609497], [0.20008054375648499, 0.9144507646560669]]]",0.23539668321609497,0.059034,0.0603,0.0158,0.0347,0.3550271987915039,0.6861217021942139,0.27225354313850403,"[[0.9017735719680786, 0.9107757210731506]]","[[[0.9017735719680786, 0.27225354313850403], [0.2712445855140686, 0.9107757210731506]]]",0.27225354313850403,0.153658,0.0876,0.0248,0.1191,0.7264973521232605,0.63880455493927,0.27781403064727783,0.8386682271957397,0.7801504135131836,0.792071521282196,8.274950981140137,0.2683733105659485,/scicore/home/schwede/barta0000/germinal_ds/templates_target_shuffle/nb_s272990_mpnn_1_BHRF/boltz_free/output/boltz_results_nb_s272990_mpnn_1_BHRF/predictions/nb_s272990_mpnn_1_BHRF/nb_s272990_mpnn_1_BHRF_model_0.cif,0.004878,0.1168,0.0128,0.0,0.7867845296859741,0.6734297275543213,0.3941112458705902,0.8849528431892395,0.850386381149292,0.9086006879806519,9.747882843017578,0.3941112458705902,/scicore/home/schwede/barta0000/germinal_ds/templates_target_shuffle/nb_s272990_mpnn_1_BHRF/boltz_with_template/output/boltz_results_nb_s272990_mpnn_1_BHRF/predictions/nb_s272990_mpnn_1_BHRF/nb_s272990_mpnn_1_BHRF_model_0.cif,0.021511,0.2188,0.0203,0.0,5.2491135597229,5.363377888997396,5.134849230448405,0.1015662129038712,0.2213297820366057,1.508101463317871,1.2485030889511108,1.7676998376846311,4.953779697418213,5.125668207804362,4.781891187032064,0.1495618050558101,0.2116858123945896,1.55265212059021,1.2830058336257937,1.8222984075546265,4.982112407684326,5.135358333587647,4.828866481781006,0.1327068491951108,0.2233062231005089,1.4992112517356873,1.2135173082351685,1.784905195236206,5.366941293080648,5.555041948954265,5.178840637207031,0.1334542511997131,0.2149318367436683,1.5374343395233154,1.2471156120300293,1.8277530670166016,5.157938798268636,5.275063832600911,5.04081376393636,0.1178952472059373,0.2300024429646729,1.4696653485298157,1.257372260093689,1.6819584369659424,5.005473534266153,4.954165776570638,5.05678129196167,0.0733332566653477,0.2386983774706725,1.432554543018341,1.2331249713897705,1.6319841146469116,4.688295602798462,4.12415091196696,5.252440293629964,0.1108951345724663,0.1893833118842973,1.6639822125434875,1.6568844318389893,1.6710799932479858
nb_s850749_mpnn_2_IL20,False,"A,B",10.967315111937967,84.42461195361284,106.82,8.01,5.262499999999999,74.62797987970532,0.057842,0.1061,0.0346,0.0566,0.37,0.86,0.99,0.0,0.43,0.0306,0.426,5.427752250621183,93.42077738515901,13575.29,627.61,2.6279999999999997,87.95239959716797,0.411252,0.1879,0.5328,0.3868,0.67,0.81,28514.65,1.0,0.0149,0.1194174833794149,0.8222270246247768,15.543982072310014,61.2493896484375,73.62414,14.855467,0.550102,,,,,,,0.38701221346855164,/scicore/home/schwede/barta0000/germinal_ds/templates_target_shuffle/nb_s850749_mpnn_2_IL20/chai_no_constraints/seed_1188/pred.model_idx_2.cif,0.3434112071990967,/scicore/home/schwede/barta0000/germinal_ds/templates_target_shuffle/nb_s850749_mpnn_2_IL20/chai_with_constraints/seed_1893/pred.model_idx_3.cif,0.38701221346855164,0.6550073623657227,0.3200134038925171,"[[0.91750168800354, 0.8981133103370667]]","[[[0.91750168800354, 0.3063468635082245], [0.3200134038925171, 0.8981133103370667]]]",0.3063468635082245,0.09311,0.0892,0.0202,0.0439,0.3434112071990967,0.6515290141105652,0.26638174057006836,"[[0.917309582233429, 0.8921788334846497]]","[[[0.917309582233429, 0.26638174057006836], [0.2542610466480255, 0.8921788334846497]]]",0.26638174057006836,0.126189,0.1172,0.0344,0.1281,0.5765206217765808,0.6039338111877441,0.31891223788261414,0.6409227252006531,0.577942967414856,1.085900902748108,7.223094463348389,0.27604156732559204,/scicore/home/schwede/barta0000/germinal_ds/templates_target_shuffle/nb_s850749_mpnn_2_IL20/boltz_free/output/boltz_results_nb_s850749_mpnn_2_IL20/predictions/nb_s850749_mpnn_2_IL20/nb_s850749_mpnn_2_IL20_model_0.cif,0.051261,0.0335,0.0138,0.0381,0.8270316123962402,0.7431737780570984,0.6075631976127625,0.8818987011909485,0.8643099665641785,0.7446393966674805,4.863336086273193,0.6075631976127625,/scicore/home/schwede/barta0000/germinal_ds/templates_target_shuffle/nb_s850749_mpnn_2_IL20/boltz_with_template/output/boltz_results_nb_s850749_mpnn_2_IL20/predictions/nb_s850749_mpnn_2_IL20/nb_s850749_mpnn_2_IL20_model_0.cif,0.230458,0.1521,0.1698,0.2052,4.845451911290487,5.508809248606364,4.182094573974609,0.1271200545949341,0.2229705024725472,1.5007157921791077,1.2561559677124023,1.745275616645813,4.39974037806193,5.4894178708394366,3.310062885284424,0.1084441350760862,0.1611092413321992,1.825672626495361,1.2799558639526367,2.371389389038086,4.398284912109375,5.511408964792888,3.285160859425863,0.0958805781081245,0.1800992113926705,1.7142474055290222,1.1942654848098757,2.234229326248169,4.858396689097086,5.484005451202393,4.23278792699178,0.1285785120358573,0.2209253599622128,1.5099303722381592,1.2366467714309692,1.7832139730453491,4.817364772160849,5.646902720133464,3.987826824188232,0.1270088071974575,0.2219146285225946,1.5054625272750854,1.1863720417022705,1.8245530128479004,4.808929324150085,5.537687142690023,4.080171505610148,0.1578808262655213,0.2300389946330205,1.4695064425468445,1.1984704732894895,1.7405424118041992,4.739693323771158,5.219655513763428,4.25973113377889,0.1244109599390702,0.187232207498676,1.6754056811332705,1.4556396007537842,1.8951717615127563
nb_s494235_mpnn_5_IL20,False,"A,B",12.304402602105158,81.80575446428571,510.13,32.17,3.8481481481481485,72.56960984599932,0.012392,0.0847,0.019,0.024,0.26,0.845,236.07,0.0,0.32,0.2297,2.912,6.755834883691893,91.02229681978798,12051.84,684.04,1.9434482758620693,84.32482831231479,0.249485,0.1467,0.1866,0.243,0.54,0.74,13916.14,1.0,0.0033,0.11298942615929898,0.8550490175739892,13.63593833586749,59.90055465698242,72.86866,13.614395,0.57122445,,,,,,,0.3135475516319275,/scicore/home/schwede/barta0000/germinal_ds/templates_target_shuffle/nb_s494235_mpnn_5_IL20/chai_no_constraints/seed_3300/pred.model_idx_3.cif,0.39809346199035645,/scicore/home/schwede/barta0000/germinal_ds/templates_target_shuffle/nb_s494235_mpnn_5_IL20/chai_with_constraints/seed_39/pred.model_idx_1.cif,0.3135475516319275,0.6199907064437866,0.2369367480278015,"[[0.9150165319442749, 0.8865132927894592]]","[[[0.9150165319442749, 0.2369367480278015], [0.20677605271339417, 0.8865132927894592]]]",0.2369367480278015,0.075956,0.0891,0.0143,0.0221,0.39809346199035645,0.6823626756668091,0.3270261287689209,"[[0.915280818939209, 0.8876911997795105]]","[[[0.915280818939209, 0.3270261287689209], [0.2989945113658905, 0.8876911997795105]]]",0.3270261287689209,0.209223,0.1124,0.0933,0.2014,0.5834242701530457,0.6537535786628723,0.4340963661670685,0.620756208896637,0.5505255460739136,1.1216925382614136,7.43024206161499,0.4340963661670685,/scicore/home/schwede/barta0000/germinal_ds/templates_target_shuffle/nb_s494235_mpnn_5_IL20/boltz_free/output/boltz_results_nb_s494235_mpnn_5_IL20/predictions/nb_s494235_mpnn_5_IL20/nb_s494235_mpnn_5_IL20_model_0.cif,0.095854,0.0605,0.0138,0.0496,0.8005272746086121,0.7682005167007446,0.6118755340576172,0.847690224647522,0.7973150014877319,0.8563576936721802,4.1832966804504395,0.6118755340576172,/scicore/home/schwede/barta0000/germinal_ds/templates_target_shuffle/nb_s494235_mpnn_5_IL20/boltz_with_template/output/boltz_results_nb_s494235_mpnn_5_IL20/predictions/nb_s494235_mpnn_5_IL20/nb_s494235_mpnn_5_IL20_model_0.cif,0.279744,0.3447,0.1496,0.2328,4.58168355623881,4.856669267018636,4.306697845458984,0.1357412084118139,0.2271074171755569,1.482332170009613,1.2095948457717896,1.7550694942474363,3.870339433352153,4.715010166168213,3.0256687005360923,0.0949856966444407,0.1791245452443213,1.719673931598663,1.1694351434707642,2.2699127197265625,3.9487089713414503,4.904471397399902,2.9929465452829995,0.0898878051017158,0.1855550864361297,1.6844034790992737,1.183031678199768,2.1857752799987797,4.64204740524292,5.031498273213704,4.252596537272136,0.123081307297502,0.2255143381691214,1.4893715381622314,1.207738757133484,1.771004319190979,4.257901628812155,4.532834211985271,3.982969045639038,0.0985315815207969,0.2101565126340923,1.5599027276039124,1.1629934310913086,1.956812024116516,4.427117029825846,4.851949214935303,4.00228484471639,0.099251664353687,0.1970274697935708,1.6244121193885803,1.2400697469711304,2.0087544918060303,4.528077761332193,4.695731163024902,4.360424359639485,0.1690046997221908,0.2041849732549609,1.588728964328766,1.290358543395996,1.887099385261536
nb_s878765_mpnn_1_IL20,False,"A,B",14.645174743098302,81.28449508489723,338.75,22.83,7.0211538461538465,70.65894222904784,0.005738,0.1158,0.0118,0.0,0.17,0.85,-13.6,0.0,0.24,0.74,0.401,6.116084481014871,93.43466431095406,713.38,47.1,3.552272727272727,85.31260847008747,0.294457,0.2151,0.3032,0.2776,0.56,0.76,3164.33,1.0,0.7648,0.0896743749185387,0.8786024067407178,14.054764906565348,63.73222732543945,74.07318,14.249324,0.556021,,,,,,,0.3092571794986725,/scicore/home/schwede/barta0000/germinal_ds/templates_target_shuffle/nb_s878765_mpnn_1_IL20/chai_no_constraints/seed_1337/pred.model_idx_0.cif,0.7147418856620789,/scicore/home/schwede/barta0000/germinal_ds/templates_target_shuffle/nb_s878765_mpnn_1_IL20/chai_with_constraints/seed_2532/pred.model_idx_3.cif,0.3092571794986725,0.6064906120300293,0.2349487990140915,"[[0.9192165732383728, 0.896976113319397]]","[[[0.9192165732383728, 0.2349487990140915], [0.18450191617012024, 0.896976113319397]]]",0.2349487990140915,0.033745,0.0845,0.0133,0.0133,0.7147418856620789,0.8566445112228394,0.6792662143707275,"[[0.9245784282684326, 0.9024138450622559]]","[[[0.9245784282684326, 0.6519057750701904], [0.6792662143707275, 0.9024138450622559]]]",0.6519057750701904,0.593092,0.1611,0.5831,0.5175,0.5855667591094971,0.6141104698181152,0.3110157549381256,0.6542044878005981,0.6046685576438904,1.2072190046310425,7.126462936401367,0.26589006185531616,/scicore/home/schwede/barta0000/germinal_ds/templates_target_shuffle/nb_s878765_mpnn_1_IL20/boltz_free/output/boltz_results_nb_s878765_mpnn_1_IL20/predictions/nb_s878765_mpnn_1_IL20/nb_s878765_mpnn_1_IL20_model_0.cif,0.056119,0.0555,0.0132,0.0413,0.8388147354125977,0.7724025845527649,0.6755068302154541,0.8796417713165283,0.8505043983459473,0.7514680027961731,4.167917728424072,0.6755068302154541,/scicore/home/schwede/barta0000/germinal_ds/templates_target_shuffle/nb_s878765_mpnn_1_IL20/boltz_with_template/output/boltz_results_nb_s878765_mpnn_1_IL20/predictions/nb_s878765_mpnn_1_IL20/nb_s878765_mpnn_1_IL20_model_0.cif,0.306482,0.2412,0.2019,0.2559,4.484646797180176,4.74688704808553,4.222406546274821,0.1369427517295206,0.2312549698178166,1.4642344117164612,1.1688162088394165,1.759652614593506,3.837210496266682,4.425263404846191,3.2491575876871743,0.1723967936013006,0.1582298795634745,1.8437063694000244,1.329141616821289,2.35827112197876,3.79260249932607,4.358372211456299,3.2268327871958413,0.1520996521951875,0.1579966850722971,1.845181226730347,1.3554143905639648,2.3349480628967285,4.522031466166179,4.847265402475993,4.196797529856364,0.148305578908264,0.2302992468557572,1.468375742435455,1.1702989339828491,1.7664525508880615,4.290182193120321,4.516292254130046,4.064072132110596,0.1354186059462633,0.2042343179078019,1.5884873270988464,1.289309859275818,1.887664794921875,4.355498552322388,4.76587438583374,3.945122718811035,0.1172866851492035,0.2153815604856747,1.535344123840332,1.2466083765029907,1.8240798711776731,4.419904112815857,4.670900662740071,4.1689075628916425,0.1738596942982928,0.1957358926118528,1.6309890151023865,1.350709080696106,1.911268949508667
nb_s618542_mpnn_2_IL3,False,"A,B",11.354903216735147,81.08475262368815,78.55,4.85,4.322857142857143,74.79956672765019,0.075867,0.1976,0.0243,0.0674,0.37,0.825,-4.35,0.0,0.42,0.9577,0.769,5.336176787639237,91.86442687747035,5473.68,326.58,2.8540740740740738,91.14999973072725,0.642435,0.4061,0.6064,0.5386,0.82,0.85,3626.48,1.0,0.7433,0.2171147225624612,0.8525689497557033,,,53.542652,21.132915,0.46697333,,,,,,,0.34927240014076233,/scicore/home/schwede/barta0000/germinal_ds/templates_target_shuffle/nb_s618542_mpnn_2_IL3/chai_no_constraints/seed_3848/pred.model_idx_2.cif,0.30016112327575684,/scicore/home/schwede/barta0000/germinal_ds/templates_target_shuffle/nb_s618542_mpnn_2_IL3/chai_with_constraints/seed_1252/pred.model_idx_3.cif,0.34927240014076233,0.6397359371185303,0.27665650844573975,"[[0.9177770018577576, 0.29971742630004883]]","[[[0.9177770018577576, 0.22606095671653748], [0.27665650844573975, 0.29971742630004883]]]",0.22606095671653748,0.084942,0.0762,0.0174,0.1334,0.30016112327575684,0.6308157444000244,0.21749745309352875,"[[0.9149504899978638, 0.31474006175994873]]","[[[0.9149504899978638, 0.21749745309352875], [0.17015893757343292, 0.31474006175994873]]]",0.21749745309352875,0.086721,0.0706,0.0246,0.126,0.7999100089073181,0.8020763397216797,0.6628649234771729,0.8341712951660156,0.7521709203720093,0.5920805931091309,3.8096325397491455,0.6628649234771729,/scicore/home/schwede/barta0000/germinal_ds/templates_target_shuffle/nb_s618542_mpnn_2_IL3/boltz_free/output/boltz_results_nb_s618542_mpnn_2_IL3/predictions/nb_s618542_mpnn_2_IL3/nb_s618542_mpnn_2_IL3_model_0.cif,0.230838,0.203,0.0615,0.2331,0.8487443923950195,0.839905321598053,0.7373147010803223,0.8766018748283386,0.812403678894043,0.6155779957771301,4.094905376434326,0.7373147010803223,/scicore/home/schwede/barta0000/germinal_ds/templates_target_shuffle/nb_s618542_mpnn_2_IL3/boltz_with_template/output/boltz_results_nb_s618542_mpnn_2_IL3/predictions/nb_s618542_mpnn_2_IL3/nb_s618542_mpnn_2_IL3_model_0.cif,0.358467,0.2464,0.1584,0.3847,4.63403860727946,5.653739929199219,3.6143372853597007,0.1744235777242103,0.2248760767233031,1.492205798625946,1.2835075855255127,1.7009040117263794,4.212934613227844,5.291412353515625,3.1344568729400635,0.1452491690317101,0.1927346352994647,1.6464409828186035,1.4451584815979004,1.8477234840393064,4.027132352193197,4.630115191141765,3.424149513244629,0.1789896055618104,0.2160511630984702,1.5322400331497192,1.3535597324371338,1.710920333862305,4.68584660689036,5.713672478993733,3.6580207347869873,0.1741358209516473,0.2317062247827469,1.4622849822044373,1.236240029335022,1.6883299350738523,4.287699778874715,5.890123685201009,2.6852758725484214,0.1893043631111458,0.1649443867952905,1.8021469116210935,1.304074764251709,2.3002190589904785,4.176011244455973,5.684943040211995,2.667079448699951,0.0978706052711637,0.1543889652176042,1.8682801127433777,1.3420690298080444,2.394491195678711,4.306810418764751,5.642038504282634,2.9715823332468667,0.1246449553808946,0.14158400570505,1.9548620581626888,1.4028090238571167,2.5069150924682617
nb_s916275_mpnn_4_BHRF,False,"A,B",13.81021008254508,78.15957074025404,186.43,9.8,6.800000000000001,64.038641335704,0.005884,0.1293,0.0127,0.0042,0.22,0.825,24.91,0.0,0.29,0.5677,0.414,5.221430072861681,91.54137457044673,5288.63,269.65,3.354833333333333,83.13722292582194,0.461178,0.3377,0.4015,0.4435,0.69,0.83,2727.59,1.0,0.0767,0.06603147179525302,0.8164983556177403,14.603587297292856,54.72908020019531,72.69306,14.500542,0.54721093,,,,,,,0.38315707445144653,/scicore/home/schwede/barta0000/germinal_ds/templates_target_shuffle/nb_s916275_mpnn_4_BHRF/chai_no_constraints/seed_2960/pred.model_idx_2.cif,0.40707704424858093,/scicore/home/schwede/barta0000/germinal_ds/templates_target_shuffle/nb_s916275_mpnn_4_BHRF/chai_with_constraints/seed_3678/pred.model_idx_4.cif,0.38315707445144653,0.6734021902084351,0.3105958104133606,"[[0.8817291855812073, 0.9071786999702454]]","[[[0.8817291855812073, 0.3105958104133606], [0.27998489141464233, 0.9071786999702454]]]",0.3105958104133606,0.167909,0.3033,0.0305,0.1518,0.40707704424858093,0.7006127834320068,0.33369308710098267,"[[0.8829168081283569, 0.8894416689872742]]","[[[0.8829168081283569, 0.33369308710098267], [0.31528401374816895, 0.8894416689872742]]]",0.33369308710098267,0.192723,0.1898,0.0459,0.1746,0.8405470252037048,0.8393906950950623,0.7214004993438721,0.8703336119651794,0.7993126511573792,0.5319974422454834,3.0145821571350098,0.7214004993438721,/scicore/home/schwede/barta0000/germinal_ds/templates_target_shuffle/nb_s916275_mpnn_4_BHRF/boltz_free/output/boltz_results_nb_s916275_mpnn_4_BHRF/predictions/nb_s916275_mpnn_4_BHRF/nb_s916275_mpnn_4_BHRF_model_0.cif,0.354606,0.3372,0.1319,0.3248,0.8274098634719849,0.7133869528770447,0.4692405164241791,0.9169521331787109,0.8837916254997253,0.8745982646942139,7.447226524353027,0.4633977711200714,/scicore/home/schwede/barta0000/germinal_ds/templates_target_shuffle/nb_s916275_mpnn_4_BHRF/boltz_with_template/output/boltz_results_nb_s916275_mpnn_4_BHRF/predictions/nb_s916275_mpnn_4_BHRF/nb_s916275_mpnn_4_BHRF_model_0.cif,0.130342,0.4824,0.0384,0.0791,4.69364062945048,4.319698174794515,5.067583084106445,0.1340572574540716,0.2078858617779362,1.5707660913467407,1.4168471097946167,1.7246850728988647,4.199109395345052,3.662987550099691,4.735231240590413,0.1882048725944194,0.197859540351579,1.620197892189026,1.428915023803711,1.8114807605743408,4.2628067334493,3.7701452573140464,4.755468209584554,0.2010733458213875,0.203823468467807,1.5905010104179382,1.3773868083953855,1.8036152124404907,4.74754524230957,4.346022129058838,5.149068355560303,0.1473262896298308,0.2114633952221745,1.5537033677101135,1.3946728706359863,1.7127338647842407,4.449491818745932,4.117343584696452,4.78164005279541,0.1513215725171684,0.2155375955369266,1.534619927406311,1.3796547651290894,1.6895850896835327,4.607145706812541,4.3129550615946455,4.9013363520304365,0.1235321123888358,0.2084690162598173,1.5679648518562317,1.4444688558578491,1.6914608478546145,4.866749127705892,4.570064862569173,5.16343339284261,0.1059247126668095,0.1946937195237973,1.636327624320984,1.574462890625,1.6981923580169678
nb_s556135_mpnn_1_IL20,False,"A,B",9.460483418367348,84.57661246612466,121.89,10.9,6.094444444444445,75.69107655374339,0.235425,0.103,0.1353,0.1628,0.58,0.86,-52.19,0.0,0.6,0.5497,0.225,4.86200025510204,94.74210714285715,1840.48,145.36,2.9752777777777784,90.41380964006696,0.448175,0.1874,0.62,0.4399,0.72,0.83,1978.57,1.0,0.5674,0.1753491469354156,0.8568313923763397,15.582212448120117,57.88922119140625,72.90238,15.152065,0.5397191,,,,,,,0.2908920645713806,/scicore/home/schwede/barta0000/germinal_ds/templates_target_shuffle/nb_s556135_mpnn_1_IL20/chai_no_constraints/seed_1087/pred.model_idx_2.cif,0.39684271812438965,/scicore/home/schwede/barta0000/germinal_ds/templates_target_shuffle/nb_s556135_mpnn_1_IL20/chai_with_constraints/seed_2595/pred.model_idx_0.cif,0.2908920645713806,0.6109228134155273,0.21088436245918274,"[[0.8950762748718262, 0.9021466970443726]]","[[[0.8950762748718262, 0.21088436245918274], [0.15974004566669464, 0.9021466970443726]]]",0.21088436245918274,0.053523,0.1198,0.0123,0.0132,0.39684271812438965,0.6551784873008728,0.33225879073143005,"[[0.891257107257843, 0.8586559295654297]]","[[[0.891257107257843, 0.33225879073143005], [0.266710102558136, 0.8586559295654297]]]",0.33225879073143005,0.188337,0.1329,0.0344,0.1346,0.6195046305656433,0.6539856791496277,0.39631038904190063,0.6753031611442566,0.6160807609558105,0.7373405694961548,6.6396636962890625,0.35812848806381226,/scicore/home/schwede/barta0000/germinal_ds/templates_target_shuffle/nb_s556135_mpnn_1_IL20/boltz_free/output/boltz_results_nb_s556135_mpnn_1_IL20/predictions/nb_s556135_mpnn_1_IL20/nb_s556135_mpnn_1_IL20_model_0.cif,0.116501,0.0339,0.0178,0.0662,0.7609546780586243,0.6786370277404785,0.4894265830516815,0.8288366794586182,0.7848548889160156,0.8697224259376526,6.526560306549072,0.4894265830516815,/scicore/home/schwede/barta0000/germinal_ds/templates_target_shuffle/nb_s556135_mpnn_1_IL20/boltz_with_template/output/boltz_results_nb_s556135_mpnn_1_IL20/predictions/nb_s556135_mpnn_1_IL20/nb_s556135_mpnn_1_IL20_model_0.cif,0.135816,0.0899,0.0427,0.0893,4.28686261177063,4.7317250569661455,3.842000166575114,0.1296125875509196,0.2206192277754657,1.511317014694214,1.2382993698120115,1.784334659576416,3.946384151776632,4.71428648630778,3.1784818172454834,0.1386772059827464,0.172517741836864,1.75725519657135,1.194333791732788,2.320176601409912,3.914551536242168,4.622016429901123,3.2070866425832114,0.1320584864284667,0.1998768886962768,1.6100536584854126,1.1577188968658447,2.0623884201049805,4.545244097709656,5.038550059000651,4.05193813641866,0.1882329568327731,0.2211364808198075,1.5089752078056335,1.2496802806854248,1.7682701349258425,4.280275106430054,4.502093474070231,4.058456738789876,0.1757471636009831,0.1981682241062033,1.6186389923095703,1.315077781677246,1.9222002029418943,4.556233326594034,4.864660739898682,4.247805913289388,0.1345792093441591,0.2103377461472671,1.5590407252311709,1.261685132980347,1.8563963174819944,4.705819288889567,4.983690579732259,4.427947998046875,0.1302563978266817,0.1877276587676887,1.6727629899978638,1.3983744382858276,1.9471515417099
nb_s251319_mpnn_2_IL20,False,"A,B",12.456945398244452,79.21234185733513,217.57,13.27,10.020000000000001,63.55575977045843,0.021221,0.0739,0.0233,0.0879,0.24,0.8300000000000001,133.92,0.0,0.31,0.0781,0.42,6.362263232154228,89.41335689045937,1510.14,49.3,6.437954545454544,78.60615436847394,0.334806,0.1795,0.2407,0.3211,0.61,0.78,1296.17,1.0,,0.10473215438794682,0.8250729473657494,12.88473635561326,62.272789001464844,72.09809,14.177997,0.5806821,,,,,,,0.23658156394958496,/scicore/home/schwede/barta0000/germinal_ds/templates_target_shuffle/nb_s251319_mpnn_2_IL20/chai_no_constraints/seed_3012/pred.model_idx_3.cif,0.33882462978363037,/scicore/home/schwede/barta0000/germinal_ds/templates_target_shuffle/nb_s251319_mpnn_2_IL20/chai_with_constraints/seed_3235/pred.model_idx_1.cif,0.23658156394958496,0.5816909670829773,0.15030419826507568,"[[0.882672131061554, 0.889552891254425]]","[[[0.882672131061554, 0.15030419826507568], [0.12455858290195465, 0.889552891254425]]]",0.15030419826507568,0.004803,0.1302,0.0105,0.0,0.33882462978363037,0.609494149684906,0.27115726470947266,"[[0.8632710576057434, 0.6912581920623779]]","[[[0.8632710576057434, 0.27115726470947266], [0.22828765213489532, 0.6912581920623779]]]",0.27115726470947266,0.143277,0.136,0.0183,0.0974,0.6289255023002625,0.7671234011650085,0.7233098745346069,0.6053294539451599,0.5528565049171448,1.1226422786712646,5.194547176361084,0.7233098745346069,/scicore/home/schwede/barta0000/germinal_ds/templates_target_shuffle/nb_s251319_mpnn_2_IL20/boltz_free/output/boltz_results_nb_s251319_mpnn_2_IL20/predictions/nb_s251319_mpnn_2_IL20/nb_s251319_mpnn_2_IL20_model_0.cif,0.256048,0.0835,0.0297,0.2253,0.7743078470230103,0.7576432228088379,0.6153842210769653,0.8140386939048767,0.7490759491920471,0.8560009598731995,4.538393020629883,0.6153842210769653,/scicore/home/schwede/barta0000/germinal_ds/templates_target_shuffle/nb_s251319_mpnn_2_IL20/boltz_with_template/output/boltz_results_nb_s251319_mpnn_2_IL20/predictions/nb_s251319_mpnn_2_IL20/nb_s251319_mpnn_2_IL20_model_0.cif,0.291325,0.3154,0.0834,0.2559,4.632630189259848,4.936625957489014,4.328634421030681,0.1066944544077448,0.203772923473388,1.5907490253448486,1.4278274774551392,1.753670573234558,3.623161196708679,4.084907213846843,3.161415179570516,0.1401348374271643,0.1406507052354885,1.9614757299423216,1.5118556022644043,2.4110958576202397,3.624306321144104,4.170745690663655,3.0778669516245523,0.1312172167918635,0.1523854045414551,1.88134241104126,1.5327494144439695,2.22993540763855,4.745509068171183,5.188312848409017,4.30270528793335,0.0982516555432621,0.1989487893016446,1.6147078275680542,1.4644596576690674,1.764955997467041,3.93796435991923,4.181084235509236,3.694844484329224,0.1459126230226995,0.1404581857702401,1.9628454446792605,1.57450532913208,2.3511855602264404,4.18303390343984,4.369655768076579,3.9964120388031006,0.125837454891232,0.2011472639395636,1.6037179827690125,1.372296929359436,1.8351390361785889,4.378243207931519,4.405872186024983,4.350614229838054,0.1374107048619658,0.1811824901781276,1.7082505226135254,1.5540616512298584,1.8624393939971924
nb_s834944_mpnn_1_IL20,False,"A,B",15.273410830451123,78.05052491103204,153.92,8.68,8.674193548387098,69.92525756340437,0.005399,0.1114,0.0106,0.0,0.14,0.835,109.5,0.0,0.22,0.3598,0.354,6.406473048733285,91.29339222614841,832.97,23.32,5.112105263157895,83.99679962158203,0.289989,0.1609,0.2331,0.2802,0.54,0.74,1154.43,1.0,0.9914,0.10033921321140603,0.8604846502377206,13.764141368865968,65.9318618774414,74.17776,14.606395,0.54158735,,,,,,,0.2910146713256836,/scicore/home/schwede/barta0000/germinal_ds/templates_target_shuffle/nb_s834944_mpnn_1_IL20/chai_no_constraints/seed_1576/pred.model_idx_1.cif,0.3452067971229553,/scicore/home/schwede/barta0000/germinal_ds/templates_target_shuffle/nb_s834944_mpnn_1_IL20/chai_with_constraints/seed_174/pred.model_idx_0.cif,0.2910146713256836,0.5996654629707336,0.21385198831558228,"[[0.9198756217956543, 0.8826023936271667]]","[[[0.9198756217956543, 0.21385198831558228], [0.185896098613739, 0.8826023936271667]]]",0.21385198831558228,0.021433,0.1256,0.0129,0.0129,0.3452067971229553,0.6245503425598145,0.27537089586257935,"[[0.9088016152381897, 0.7135477066040039]]","[[[0.9088016152381897, 0.27537089586257935], [0.23698419332504272, 0.7135477066040039]]]",0.27537089586257935,0.125734,0.1464,0.0252,0.0841,0.6142428517341614,0.7490569949150085,0.5611128211021423,0.6275253295898438,0.5682323575019836,1.0291310548782349,5.794530868530273,0.5570639371871948,/scicore/home/schwede/barta0000/germinal_ds/templates_target_shuffle/nb_s834944_mpnn_1_IL20/boltz_free/output/boltz_results_nb_s834944_mpnn_1_IL20/predictions/nb_s834944_mpnn_1_IL20/nb_s834944_mpnn_1_IL20_model_0.cif,0.188471,0.1029,0.0188,0.1152,0.8935980200767517,0.8925291299819946,0.8321740031242371,0.9089539647102356,0.8902540802955627,0.6799970269203186,2.6572675704956055,0.8203585147857666,/scicore/home/schwede/barta0000/germinal_ds/templates_target_shuffle/nb_s834944_mpnn_1_IL20/boltz_with_template/output/boltz_results_nb_s834944_mpnn_1_IL20/predictions/nb_s834944_mpnn_1_IL20/nb_s834944_mpnn_1_IL20_model_0.cif,0.646442,0.6236,0.4549,0.5368,4.729857285817464,5.152732690175374,4.306981881459554,0.1319944334462047,0.2135664977955443,1.543807029724121,1.29585599899292,1.7917580604553225,3.874975204467773,4.6348090171813965,3.1151413917541504,0.176564506264979,0.1687202535780973,1.779513239860535,1.2714970111846924,2.287529468536377,3.929426153500875,4.718562285105388,3.1402900218963623,0.15645972700306,0.1764720458912137,1.7345927953720093,1.260814905166626,2.2083706855773926,4.767193078994751,5.134206295013428,4.400179862976074,0.1357654402731406,0.2173551458897426,1.5262226462364197,1.2545781135559082,1.7978671789169312,3.981107632319132,4.857752164204915,3.1044631004333496,0.0972348622578321,0.168518801239082,1.7807079553604126,1.2089695930480957,2.352446317672729,4.401674866676331,4.907392660776774,3.895957072575887,0.1126078895137563,0.2078297259054426,1.571036159992218,1.2241584062576294,1.9179139137268064,4.688401540120442,5.122690041859944,4.2541130383809405,0.1432942773674919,0.2022282731961019,1.598358154296875,1.2768381834030151,1.9198781251907349
nb_s609713_mpnn_4_BHRF,False,"A,B",12.62684944058642,83.68917398945518,238.8,15.58,5.320689655172414,71.41193330740917,0.023218,0.1307,0.0162,0.0369,0.32,0.87,77.4,0.0,0.37,0.0168,0.41,4.6821108217592595,94.48086805555555,18857.88,770.44,2.8699999999999997,89.17482889109644,0.52925,0.2881,0.5796,0.4807,0.73,0.85,17988.3,1.0,0.0014,0.12972932039693202,0.8195568681995183,17.86694633960724,63.58346176147461,75.557945,14.814846,0.55822337,,,,,,,0.27761536836624146,/scicore/home/schwede/barta0000/germinal_ds/templates_target_shuffle/nb_s609713_mpnn_4_BHRF/chai_no_constraints/seed_1364/pred.model_idx_2.cif,0.43496084213256836,/scicore/home/schwede/barta0000/germinal_ds/templates_target_shuffle/nb_s609713_mpnn_4_BHRF/chai_with_constraints/seed_1251/pred.model_idx_3.cif,0.27761536836624146,0.6105058193206787,0.19439275562763214,"[[0.9263151288032532, 0.9032411575317383]]","[[[0.9263151288032532, 0.19439275562763214], [0.13708828389644623, 0.9032411575317383]]]",0.19439275562763214,0.029399,0.1151,0.0126,0.0175,0.43496084213256836,0.714677095413208,0.36503177881240845,"[[0.9231283664703369, 0.8932523727416992]]","[[[0.9231283664703369, 0.36503177881240845], [0.3257236182689667, 0.8932523727416992]]]",0.36503177881240845,0.248562,0.127,0.0849,0.2127,0.8348720669746399,0.8158915638923645,0.6433752775192261,0.8827462196350098,0.8373836278915405,0.45631489157676697,4.025406837463379,0.6433752775192261,/scicore/home/schwede/barta0000/germinal_ds/templates_target_shuffle/nb_s609713_mpnn_4_BHRF/boltz_free/output/boltz_results_nb_s609713_mpnn_4_BHRF/predictions/nb_s609713_mpnn_4_BHRF/nb_s609713_mpnn_4_BHRF_model_0.cif,0.222728,0.2037,0.0779,0.1772,0.8131193518638611,0.741828203201294,0.51548171043396,0.8875287771224976,0.8315930962562561,0.6535432934761047,7.848969459533691,0.51548171043396,/scicore/home/schwede/barta0000/germinal_ds/templates_target_shuffle/nb_s609713_mpnn_4_BHRF/boltz_with_template/output/boltz_results_nb_s609713_mpnn_4_BHRF/predictions/nb_s609713_mpnn_4_BHRF/nb_s609713_mpnn_4_BHRF_model_0.cif,0.123695,0.1756,0.0351,0.0549,5.066592137018839,4.972988446553548,5.160195827484131,0.0910448910466855,0.2301335815481924,1.4690953493118286,1.257706642150879,1.6804840564727783,4.687540690104166,4.6425323486328125,4.7325490315755205,0.127710366854859,0.2100844361156658,1.5602457523345947,1.3143093585968018,1.806182146072388,4.671328465143839,4.605851491292317,4.736805438995361,0.1333423803904388,0.2208221060816796,1.5103978514671326,1.257230281829834,1.7635654211044312,5.166631460189819,5.1406300862630205,5.192632834116618,0.0839001195335279,0.242071808421931,1.4185208678245544,1.2200064659118652,1.6170352697372437,4.961181879043579,4.941564083099365,4.980799674987793,0.0766218282976893,0.2197776896090557,1.5151387453079224,1.3356008529663086,1.694676637649536,4.875499169031778,4.6391065915425616,5.111891746520996,0.0994272889729987,0.219803392862886,1.515021800994873,1.2867662906646729,1.7432773113250732,4.804241418838501,4.46279509862264,5.145687739054362,0.0983511299600084,0.2155370688088557,1.5346223711967468,1.3928909301757812,1.6763538122177124
nb_s465730_mpnn_4_BHRF,False,"A,B",13.638058124018373,78.85421121251629,386.91,21.21,5.75,63.236811833077184,0.007136,0.0789,0.0141,0.0138,0.22,0.835,70.93,0.0,0.28,0.2961,0.341,5.684125246513386,89.97635738831615,1468.75,81.09,2.698548387096774,84.1658821105957,0.490881,0.2468,0.416,0.4404,0.7,0.83,728.96,1.0,0.001,0.05880106774791767,0.81281883171534,17.590673836794767,50.66681671142578,72.86482,15.757904,0.5236143,,,,,,,0.4304172992706299,/scicore/home/schwede/barta0000/germinal_ds/templates_target_shuffle/nb_s465730_mpnn_4_BHRF/chai_no_constraints/seed_5656/pred.model_idx_4.cif,0.4601486921310425,/scicore/home/schwede/barta0000/germinal_ds/templates_target_shuffle/nb_s465730_mpnn_4_BHRF/chai_with_constraints/seed_5892/pred.model_idx_4.cif,0.4304172992706299,0.7187901735305786,0.3583240807056427,"[[0.8962427377700806, 0.9133507013320923]]","[[[0.8962427377700806, 0.3583240807056427], [0.3301006853580475, 0.9133507013320923]]]",0.3583240807056427,0.222087,0.1149,0.0534,0.1882,0.4601486921310425,0.7255614995956421,0.3937954902648926,"[[0.8858383297920227, 0.895858108997345]]","[[[0.8858383297920227, 0.3937954902648926], [0.3595367968082428, 0.895858108997345]]]",0.3937954902648926,0.274242,0.1918,0.0601,0.253,0.8499059677124023,0.8947306871414185,0.8361757397651672,0.8533384799957275,0.7619563341140747,0.4111514985561371,1.4534574747085571,0.8361757397651672,/scicore/home/schwede/barta0000/germinal_ds/templates_target_shuffle/nb_s465730_mpnn_4_BHRF/boltz_free/output/boltz_results_nb_s465730_mpnn_4_BHRF/predictions/nb_s465730_mpnn_4_BHRF/nb_s465730_mpnn_4_BHRF_model_0.cif,0.645013,0.1418,0.2254,0.5659,0.7568714022636414,0.708366870880127,0.4765365421772003,0.8269551396369934,0.7111772298812866,0.8193141222000122,6.853239059448242,0.4765365421772003,/scicore/home/schwede/barta0000/germinal_ds/templates_target_shuffle/nb_s465730_mpnn_4_BHRF/boltz_with_template/output/boltz_results_nb_s465730_mpnn_4_BHRF/predictions/nb_s465730_mpnn_4_BHRF/nb_s465730_mpnn_4_BHRF_model_0.cif,0.15135,0.0801,0.0227,0.087,5.1144684950510655,5.183909734090169,5.045027256011963,0.1450572896184049,0.1936096600117397,1.6419112086296082,1.5181623697280884,1.765660047531128,4.703753709793091,4.707969983418782,4.699537436167399,0.210180760299059,0.1908294636680639,1.6563751101493835,1.531662940979004,1.7810872793197632,4.645143985748291,4.552535851796468,4.737752119700114,0.2156420558516976,0.1980259200546822,1.619357347488403,1.5632531642913818,1.6754615306854248,5.192081530888876,5.279603004455566,5.1045600573221845,0.163168065131231,0.199494364302033,1.6119692921638489,1.4535080194473269,1.770430564880371,4.846156517664591,4.75707467397054,4.935238361358643,0.1252308172769894,0.2109086947227933,1.5563299655914309,1.4286115169525146,1.684048414230347,4.835016886393229,4.756536483764648,4.91349728902181,0.1581256455086206,0.2048080837248108,1.5856819152832031,1.4785373210906982,1.692826509475708,5.054789384206137,4.924436569213867,5.185142199198405,0.1194797293242833,0.1925296512705563,1.6475051045417786,1.6028581857681274,1.6921520233154297
nb_s465730_mpnn_3_BHRF,False,"A,B",13.627548092252098,79.34785993910397,398.13,21.45,5.319696969696969,63.56167313587365,0.007819,0.0891,0.0132,0.0178,0.21,0.84,12.18,0.0,0.28,0.0181,0.335,5.3880976842503046,90.98079037800689,12617.11,598.05,2.58234375,83.81750064425998,0.467489,0.3139,0.3815,0.442,0.7,0.83,6277.16,1.0,0.0443,0.06819643564840056,0.8252338150417509,17.376742521921795,52.02412414550781,74.06787,15.446889,0.5233303,,,,,,,0.3616410791873932,/scicore/home/schwede/barta0000/germinal_ds/templates_target_shuffle/nb_s465730_mpnn_3_BHRF/chai_no_constraints/seed_2414/pred.model_idx_0.cif,0.2879396080970764,/scicore/home/schwede/barta0000/germinal_ds/templates_target_shuffle/nb_s465730_mpnn_3_BHRF/chai_with_constraints/seed_5151/pred.model_idx_0.cif,0.3616410791873932,0.6688563823699951,0.2848372459411621,"[[0.8878574967384338, 0.9066202044487]]","[[[0.8878574967384338, 0.2848372459411621], [0.24688291549682617, 0.9066202044487]]]",0.2848372459411621,0.155227,0.1208,0.0277,0.1209,0.2879396080970764,0.6180481910705566,0.20541244745254517,"[[0.8955960273742676, 0.9081302881240845]]","[[[0.8955960273742676, 0.20541244745254517], [0.15681517124176025, 0.9081302881240845]]]",0.20541244745254517,0.042274,0.1534,0.0133,0.0755,0.8330497741699219,0.8674617409706116,0.7875781059265137,0.8444176316261292,0.7668055295944214,0.45688897371292114,2.2886247634887695,0.7875781059265137,/scicore/home/schwede/barta0000/germinal_ds/templates_target_shuffle/nb_s465730_mpnn_3_BHRF/boltz_free/output/boltz_results_nb_s465730_mpnn_3_BHRF/predictions/nb_s465730_mpnn_3_BHRF/nb_s465730_mpnn_3_BHRF_model_0.cif,0.474095,0.1587,0.1754,0.4506,0.7463504076004028,0.6669710874557495,0.3735252618789673,0.8395566344261169,0.7428344488143921,0.8898797035217285,8.197442054748535,0.37083590030670166,/scicore/home/schwede/barta0000/germinal_ds/templates_target_shuffle/nb_s465730_mpnn_3_BHRF/boltz_with_template/output/boltz_results_nb_s465730_mpnn_3_BHRF/predictions/nb_s465730_mpnn_3_BHRF/nb_s465730_mpnn_3_BHRF_model_0.cif,0.064672,0.1087,0.0177,0.0242,5.4041595458984375,5.619062582651774,5.189256509145101,0.1238767754301984,0.2016175901278762,1.6013824939727783,1.5221951007843018,1.6805698871612549,4.667743047078451,4.58534049987793,4.750145594278972,0.1998545744198315,0.1926179308159216,1.647046685218811,1.4960103034973145,1.7980830669403076,4.680197318394979,4.615096092224121,4.745298544565837,0.2049561594380943,0.2009671692415577,1.604613721370697,1.4863253831863403,1.7229020595550537,5.501776933670044,5.770343621571858,5.2332102457682295,0.146711689817893,0.2051334279345859,1.5840946435928345,1.503620743751526,1.664568543434143,5.021475315093994,5.208290417989095,4.8346602121988935,0.1745463910472746,0.2070372316372302,1.5748566389083862,1.445751667022705,1.7039616107940674,5.212310632069906,5.40773868560791,5.016882578531901,0.1484032780316455,0.2090858078002532,1.5650105476379397,1.4029531478881836,1.727067947387695,5.402198314666748,5.6279802322387695,5.176416397094727,0.1274715823977508,0.1957976078769759,1.6306737661361694,1.5593186616897583,1.7020288705825806
nb_s302651_mpnn_3_BHRF,False,"A,B",13.879001192711472,77.88723896898209,506.26,30.97,11.346000000000002,59.88665372010291,0.010388,0.0652,0.0124,0.0234,0.2,0.83,233.15,0.0,0.27,,0.77,5.96144554268372,89.96147766323024,1489.57,95.33,5.2683333333333335,80.8575869593127,0.465173,0.2192,0.2434,0.4222,0.68,0.8,1242.57,1.0,0.0014,0.05613912191045094,0.8038405152417752,17.526005744934082,44.766845703125,72.073265,15.78608,0.5310911,,,,,,,0.31405216455459595,/scicore/home/schwede/barta0000/germinal_ds/templates_target_shuffle/nb_s302651_mpnn_3_BHRF/chai_no_constraints/seed_3273/pred.model_idx_1.cif,0.6818220615386963,/scicore/home/schwede/barta0000/germinal_ds/templates_target_shuffle/nb_s302651_mpnn_3_BHRF/chai_with_constraints/seed_4181/pred.model_idx_1.cif,0.31405216455459595,0.6270138621330261,0.2358117401599884,"[[0.9186951518058777, 0.9013087153434753]]","[[[0.9186951518058777, 0.2358117401599884], [0.18331032991409302, 0.9013087153434753]]]",0.2358117401599884,0.083285,0.1607,0.016,0.0424,0.6818220615386963,0.8481980562210083,0.6402279734611511,"[[0.9209600687026978, 0.918854832649231]]","[[[0.9209600687026978, 0.6265154480934143], [0.6402279734611511, 0.918854832649231]]]",0.6265154480934143,0.561247,0.2138,0.5283,0.4897,0.8430364727973938,0.8756542205810547,0.8004636168479919,0.8536796569824219,0.7938067317008972,0.40703466534614563,1.7216796875,0.8004636168479919,/scicore/home/schwede/barta0000/germinal_ds/templates_target_shuffle/nb_s302651_mpnn_3_BHRF/boltz_free/output/boltz_results_nb_s302651_mpnn_3_BHRF/predictions/nb_s302651_mpnn_3_BHRF/nb_s302651_mpnn_3_BHRF_model_0.cif,0.587349,0.1604,0.2835,0.5108,0.8725923895835876,0.8164544701576233,0.7076946496963501,0.9138168096542358,0.8838872313499451,0.5999416708946228,4.821510314941406,0.6654811501502991,/scicore/home/schwede/barta0000/germinal_ds/templates_target_shuffle/nb_s302651_mpnn_3_BHRF/boltz_with_template/output/boltz_results_nb_s302651_mpnn_3_BHRF/predictions/nb_s302651_mpnn_3_BHRF/nb_s302651_mpnn_3_BHRF_model_0.cif,0.357739,0.2974,0.1858,0.267,5.161960601806641,5.287954966227214,5.035966237386067,0.0730398052231223,0.2027561797616217,1.5957511067390442,1.402517557144165,1.7889846563339231,4.831226110458374,4.8348708152771,4.827581405639648,0.1238567934420073,0.227458192447023,1.4807888269424438,1.338338851928711,1.6232388019561768,4.812676270802816,4.868697007497151,4.75665553410848,0.1240096544546241,0.2456396642247658,1.4038895964622498,1.2006659507751465,1.607113242149353,5.16799791653951,5.344389756520589,4.991606076558431,0.0812083605535479,0.2155195333529843,1.5347037315368652,1.3121801614761353,1.7572273015975952,5.08419648806254,5.098021348317464,5.070371627807617,0.1075836509448135,0.2459173462353615,1.4027597904205322,1.1683433055877686,1.637176275253296,5.144863128662109,5.24413267771403,5.0455935796101885,0.0775653118891618,0.2263709338099707,1.485580325126648,1.2060977220535278,1.765062928199768,4.966369072596232,4.687423388163249,5.245314757029216,0.1150386588871579,0.1985123151902357,1.6169041395187378,1.5587836503982544,1.6750246286392212
nb_s892360_mpnn_4_BHRF,False,"A,B",12.111157166306493,82.52053995680345,123.46,7.55,10.21,68.5978490346759,0.030123,0.109,0.0194,0.0287,0.29,0.855,-28.82,0.0,0.35,0.3824,0.403,5.564367685785478,92.51398625429553,432.44,26.86,4.689285714285714,86.04607009887695,0.438493,0.2552,0.4152,0.3958,0.64,0.8,416.68,1.0,0.091,0.1125144506369927,0.8432412578409421,16.50038120481703,48.57040023803711,73.05053,15.448712,0.5396911,,,,,,,0.3422669768333435,/scicore/home/schwede/barta0000/germinal_ds/templates_target_shuffle/nb_s892360_mpnn_4_BHRF/chai_no_constraints/seed_1040/pred.model_idx_2.cif,0.4002777338027954,/scicore/home/schwede/barta0000/germinal_ds/templates_target_shuffle/nb_s892360_mpnn_4_BHRF/chai_with_constraints/seed_4568/pred.model_idx_2.cif,0.3422669768333435,0.6465813517570496,0.266188383102417,"[[0.8885393142700195, 0.9051262140274048]]","[[[0.8885393142700195, 0.266188383102417], [0.21614599227905273, 0.9051262140274048]]]",0.266188383102417,0.103742,0.0511,0.0135,0.0527,0.4002777338027954,0.6895912289619446,0.3279493451118469,"[[0.8895823359489441, 0.8944544792175293]]","[[[0.8895823359489441, 0.3279493451118469], [0.2885114550590515, 0.8944544792175293]]]",0.3279493451118469,0.185533,0.0796,0.0269,0.143,0.834044873714447,0.818132221698761,0.6650363206863403,0.8762969970703125,0.8203187584877014,0.4565356969833374,3.352682590484619,0.6650363206863403,/scicore/home/schwede/barta0000/germinal_ds/templates_target_shuffle/nb_s892360_mpnn_4_BHRF/boltz_free/output/boltz_results_nb_s892360_mpnn_4_BHRF/predictions/nb_s892360_mpnn_4_BHRF/nb_s892360_mpnn_4_BHRF_model_0.cif,0.306575,0.1108,0.1188,0.2645,0.8544467091560364,0.7744808793067932,0.6065167784690857,0.9164291620254517,0.8829560875892639,0.6123358011245728,6.6372971534729,0.5822020769119263,/scicore/home/schwede/barta0000/germinal_ds/templates_target_shuffle/nb_s892360_mpnn_4_BHRF/boltz_with_template/output/boltz_results_nb_s892360_mpnn_4_BHRF/predictions/nb_s892360_mpnn_4_BHRF/nb_s892360_mpnn_4_BHRF_model_0.cif,0.217096,0.2025,0.0755,0.1361,5.530478159586588,5.9123382568359375,5.148618062337239,0.1119429667946094,0.2231457079154001,1.4999303221702576,1.3175244331359863,1.6823362112045288,5.474510590235392,6.066562016805013,4.882459163665772,0.159630517382337,0.22241549635206,1.503208041191101,1.2941312789916992,1.712284803390503,5.353668371836345,5.870807806650798,4.836528937021892,0.1557219112311149,0.2225429723779656,1.5026350617408752,1.3107434511184692,1.6945266723632812,5.719613552093506,6.216230233510335,5.222996870676677,0.1172595010294058,0.2262324460311936,1.4861922860145569,1.2808057069778442,1.6915788650512695,5.275560935338338,5.614731152852376,4.9363907178243,0.0973897564134799,0.2278364236894787,1.4791273474693298,1.3712584972381592,1.5869961977005005,5.194111665089925,5.482418378194173,4.905804951985677,0.1263548867006693,0.2175996346431694,1.525098443031311,1.3958446979522705,1.6543521881103516,5.294687747955322,5.388823827107747,5.200551668802897,0.1328508221017215,0.211248590172202,1.5547196865081787,1.4519377946853638,1.6575015783309937
nb_s81839_mpnn_3_IL20,False,"A,B",13.527184948979592,83.01491891891892,193.99,13.22,4.513461538461538,67.77963485713697,0.006207,0.1058,0.0121,0.0069,0.2,0.875,95.4,0.0,0.27,0.0188,0.523,6.414386096938776,92.19667857142856,27292.02,1518.69,2.9589130434782605,79.35039962768555,0.269191,0.1378,0.1733,0.2624,0.51,0.73,47136.55,1.0,0.029,0.11269953287801152,0.8450178361872471,15.506067037582397,58.20829391479492,73.32215,14.569136,0.5577811,,,,,,,0.2952757477760315,/scicore/home/schwede/barta0000/germinal_ds/templates_target_shuffle/nb_s81839_mpnn_3_IL20/chai_no_constraints/seed_1121/pred.model_idx_3.cif,0.4491417407989502,/scicore/home/schwede/barta0000/germinal_ds/templates_target_shuffle/nb_s81839_mpnn_3_IL20/chai_with_constraints/seed_142/pred.model_idx_2.cif,0.2952757477760315,0.6076005697250366,0.2171945422887802,"[[0.9299207925796509, 0.8888375759124756]]","[[[0.9299207925796509, 0.2171945422887802], [0.16372288763523102, 0.8888375759124756]]]",0.2171945422887802,0.039814,0.0717,0.0131,0.0227,0.4491417407989502,0.7148091793060303,0.3827248811721802,"[[0.8984809517860413, 0.890215277671814]]","[[[0.8984809517860413, 0.3827248811721802], [0.3463423252105713, 0.890215277671814]]]",0.3827248811721802,0.263226,0.0761,0.1015,0.2392,0.7071756720542908,0.8528132438659668,0.7589008808135986,0.6942443251609802,0.6225990056991577,0.57120281457901,2.051596164703369,0.7589008808135986,/scicore/home/schwede/barta0000/germinal_ds/templates_target_shuffle/nb_s81839_mpnn_3_IL20/boltz_free/output/boltz_results_nb_s81839_mpnn_3_IL20/predictions/nb_s81839_mpnn_3_IL20/nb_s81839_mpnn_3_IL20_model_0.cif,0.478443,0.0569,0.088,0.429,0.8441565632820129,0.8365902900695801,0.7587448358535767,0.8655095100402832,0.8274516463279724,0.601058304309845,2.1642701625823975,0.7587448358535767,/scicore/home/schwede/barta0000/germinal_ds/templates_target_shuffle/nb_s81839_mpnn_3_IL20/boltz_with_template/output/boltz_results_nb_s81839_mpnn_3_IL20/predictions/nb_s81839_mpnn_3_IL20/nb_s81839_mpnn_3_IL20_model_0.cif,0.476484,0.2171,0.3307,0.4186,4.4397802750269575,5.1583358446757,3.7212247053782144,0.0504587566621102,0.2137851124259328,1.5427839159965515,1.2272212505340576,1.8583465814590452,4.10583233833313,5.078051249186198,3.133613427480062,0.112441774131401,0.1487524089335314,1.905472040176392,1.407569169998169,2.4033749103546143,4.17413322130839,5.101316293080648,3.246950149536133,0.1225987174776323,0.1721275687646251,1.7595193982124329,1.2692772150039673,2.2497615814208984,4.586479067802429,5.2747446695963545,3.898213466008504,0.0536397641333736,0.2253442438424195,1.4901260733604431,1.2042419910430908,1.7760101556777954,4.341440995534262,4.651749769846599,4.031132221221924,0.1109433110141704,0.1957369776243165,1.6309834718704224,1.3434873819351196,1.918479561805725,4.532824556032816,5.026264985402425,4.039384126663208,0.0726353297770309,0.2031289156140148,1.5939144492149353,1.3002066612243652,1.8876222372055051,4.747998952865601,5.191635926564534,4.304361979166667,0.0846715511515437,0.187407656464462,1.6744690537452698,1.433323621749878,1.9156144857406616
nb_s892360_mpnn_1_IL3,False,"A,B",12.527058694871034,81.53686723023372,146.34,9.47,5.765,71.88573137824676,0.021175,0.1742,0.0162,0.0298,0.31,0.835,-52.35,0.0,0.37,0.9972,0.218,4.8673249074348925,93.54098814229249,23821.94,948.11,3.1563333333333343,92.94413809940733,0.57735,0.4443,0.7328,0.5385,0.79,0.86,15500.07,1.0,0.9924,0.3964221438923625,0.8324179063875016,26.025539875030518,43.435665130615234,51.434677,21.537409,0.45998514,,,,,,,0.3503888249397278,/scicore/home/schwede/barta0000/germinal_ds/templates_target_shuffle/nb_s892360_mpnn_1_IL3/chai_no_constraints/seed_1710/pred.model_idx_2.cif,0.2633397579193115,/scicore/home/schwede/barta0000/germinal_ds/templates_target_shuffle/nb_s892360_mpnn_1_IL3/chai_with_constraints/seed_5379/pred.model_idx_3.cif,0.3503888249397278,0.5867559313774109,0.2912970185279846,"[[0.916169285774231, 0.30691903829574585]]","[[[0.916169285774231, 0.14384354650974274], [0.2912970185279846, 0.30691903829574585]]]",0.14384354650974274,0.028255,0.1301,0.0106,0.0317,0.2633397579193115,0.6063117980957031,0.17759674787521362,"[[0.899133563041687, 0.32150864601135254]]","[[[0.899133563041687, 0.17759674787521362], [0.1515103131532669, 0.32150864601135254]]]",0.17759674787521362,0.055769,0.0983,0.0127,0.1004,0.8802081942558289,0.8742741942405701,0.7886772155761719,0.9030908942222595,0.8873165249824524,0.4638606309890747,2.1835012435913086,0.7798557281494141,/scicore/home/schwede/barta0000/germinal_ds/templates_target_shuffle/nb_s892360_mpnn_1_IL3/boltz_free/output/boltz_results_nb_s892360_mpnn_1_IL3/predictions/nb_s892360_mpnn_1_IL3/nb_s892360_mpnn_1_IL3_model_0.cif,0.469935,0.2969,0.421,0.4709,0.887943685054779,0.8447861075401306,0.7265638113021851,0.9282886385917664,0.9196579456329346,0.6068434119224548,5.771128177642822,0.7220160365104675,/scicore/home/schwede/barta0000/germinal_ds/templates_target_shuffle/nb_s892360_mpnn_1_IL3/boltz_with_template/output/boltz_results_nb_s892360_mpnn_1_IL3/predictions/nb_s892360_mpnn_1_IL3/nb_s892360_mpnn_1_IL3_model_0.cif,0.299514,0.3632,0.2465,0.3208,4.696097413698832,5.943369706471761,3.4488251209259038,0.1621192096600451,0.2265059016204891,1.484984278678894,1.2115081548690796,1.7584604024887085,4.574551860491435,5.92915153503418,3.21995218594869,0.1367325277050662,0.2068014179562287,1.5759962797164917,1.2547653913497925,1.897227168083191,4.457099795341492,5.756213506062825,3.1579860846201577,0.1494031025794241,0.2262614800324688,1.4860639572143557,1.1980187892913818,1.774109125137329,4.798649787902832,6.103878180185954,3.4934213956197104,0.1377276572628045,0.2339295714530992,1.452735185623169,1.1720811128616333,1.7333892583847046,3.967609564463298,5.108573913574219,2.8266452153523765,0.1739724028473808,0.1322119703629939,2.023348808288574,1.4634521007537842,2.5832455158233643,4.021732767422995,5.330806414286296,2.7126591205596924,0.1226691439352763,0.1592378900694893,1.8373560309410093,1.3547929525375366,2.3199191093444824,4.07877763112386,5.248106479644775,2.909448782602946,0.1369792449786208,0.1335439292585004,2.013324797153473,1.6350139379501345,2.3916356563568115
nb_s286378_mpnn_1_IL3,False,"A,B",12.550010154821978,81.01683417085427,461.23,19.0,3.992105263157895,70.96257132425968,0.149494,0.2572,0.048,0.2075,0.51,0.8200000000000001,173.51,0.0,0.54,0.9522,0.5,6.101040166226624,89.98035573122529,18903.82,799.58,2.466666666666667,84.60249909487638,0.602022,0.4159,0.4238,0.3868,0.79,0.78,10045.23,1.0,0.9694,0.4784076189225661,0.8478948713540543,25.37160015106201,39.185848236083984,51.70743,21.548979,0.4552312,,,,,,,0.4415033459663391,/scicore/home/schwede/barta0000/germinal_ds/templates_target_shuffle/nb_s286378_mpnn_1_IL3/chai_no_constraints/seed_5869/pred.model_idx_0.cif,0.4266331195831299,/scicore/home/schwede/barta0000/germinal_ds/templates_target_shuffle/nb_s286378_mpnn_1_IL3/chai_with_constraints/seed_4527/pred.model_idx_3.cif,0.4415033459663391,0.6393452882766724,0.3920428454875946,"[[0.9218178391456604, 0.31943070888519287]]","[[[0.9218178391456604, 0.22048601508140564], [0.3920428454875946, 0.31943070888519287]]]",0.22048601508140564,0.115584,0.1805,0.0349,0.1685,0.4266331195831299,0.6556279063224792,0.36938440799713135,"[[0.9088341593742371, 0.3251522183418274]]","[[[0.9088341593742371, 0.25037622451782227], [0.36938440799713135, 0.3251522183418274]]]",0.25037622451782227,0.114536,0.1626,0.042,0.1793,0.7629575133323669,0.6454446911811829,0.4338749349117279,0.8452281355857849,0.7408290505409241,0.9357274174690247,7.280139923095703,0.4338749349117279,/scicore/home/schwede/barta0000/germinal_ds/templates_target_shuffle/nb_s286378_mpnn_1_IL3/boltz_free/output/boltz_results_nb_s286378_mpnn_1_IL3/predictions/nb_s286378_mpnn_1_IL3/nb_s286378_mpnn_1_IL3_model_0.cif,0.077033,0.1518,0.024,0.0605,0.8499761819839478,0.7509200572967529,0.6882786750793457,0.8904005289077759,0.8354073762893677,0.6307297348976135,3.6820805072784424,0.6882786750793457,/scicore/home/schwede/barta0000/germinal_ds/templates_target_shuffle/nb_s286378_mpnn_1_IL3/boltz_with_template/output/boltz_results_nb_s286378_mpnn_1_IL3/predictions/nb_s286378_mpnn_1_IL3/nb_s286378_mpnn_1_IL3_model_0.cif,0.320929,0.3409,0.2021,0.2149,4.721430381139119,5.80019744237264,3.642663319905599,0.1870311148537903,0.2251034908800304,1.491195023059845,1.287578582763672,1.694811463356018,4.217118302981059,5.269862810770671,3.164373795191447,0.1343480098454635,0.2040852127467691,1.5892176628112793,1.3447465896606443,1.833688735961914,4.299565553665161,5.44120438893636,3.157926718393961,0.1422131268156121,0.2242231290198647,1.4951136112213137,1.2611165046691897,1.7291107177734375,4.841189503669739,5.972290992736816,3.710088014602661,0.1734368001812244,0.2248520184430124,1.492312788963318,1.3171095848083496,1.667515993118286,3.682990352312724,5.164050102233887,2.201930602391561,0.164214854730868,0.1824479577884644,1.7012903094291687,1.350462794303894,2.052117824554444,4.07892648379008,5.74174706141154,2.41610590616862,0.1149487317515032,0.1564256468545284,1.855174481868744,1.204534888267517,2.5058140754699707,4.270259579022725,5.455058574676514,3.085460583368937,0.1225860433602512,0.1455582947667374,1.9271786212921145,1.4386699199676514,2.415687322616577
nb_s817878_mpnn_1_BHRF,False,"A,B",14.198431761552177,77.4274098218166,499.62,29.99,9.17741935483871,59.303046718315755,0.007533,0.0611,0.0125,0.0463,0.19,0.815,148.35,0.0,0.26,0.1267,1.68,9.587678936243078,86.7624054982818,6495.19,454.55,5.75142857142857,72.59666633605957,0.099997,0.1191,0.0474,0.1302,0.37,0.68,3365.3,1.0,0.0066,0.11043748774130555,0.8248156523051583,18.11222062792097,61.507808685302734,79.5744,15.16504,0.5712224,,,,,,,0.35401421785354614,/scicore/home/schwede/barta0000/germinal_ds/templates_target_shuffle/nb_s817878_mpnn_1_BHRF/chai_no_constraints/seed_1088/pred.model_idx_0.cif,0.40021491050720215,/scicore/home/schwede/barta0000/germinal_ds/templates_target_shuffle/nb_s817878_mpnn_1_BHRF/chai_with_constraints/seed_1951/pred.model_idx_4.cif,0.35401421785354614,0.6528117060661316,0.2793148458003998,"[[0.9078053832054138, 0.9057915210723877]]","[[[0.9078053832054138, 0.2793148458003998], [0.24168570339679718, 0.9057915210723877]]]",0.2793148458003998,0.13096,0.1666,0.0193,0.0701,0.40021491050720215,0.6911571025848389,0.32747936248779297,"[[0.9089359045028687, 0.8986713290214539]]","[[[0.9089359045028687, 0.32747936248779297], [0.29435113072395325, 0.8986713290214539]]]",0.32747936248779297,0.203444,0.1021,0.0414,0.1717,0.7800431847572327,0.7441651821136475,0.5332078337669373,0.8417519927024841,0.7428845763206482,0.5663930773735046,4.887265682220459,0.5156245827674866,/scicore/home/schwede/barta0000/germinal_ds/templates_target_shuffle/nb_s817878_mpnn_1_BHRF/boltz_free/output/boltz_results_nb_s817878_mpnn_1_BHRF/predictions/nb_s817878_mpnn_1_BHRF/nb_s817878_mpnn_1_BHRF_model_0.cif,0.20815,0.0787,0.0367,0.1434,0.7561352252960205,0.7133650779724121,0.46859651803970337,0.828019917011261,0.7284148931503296,0.7656079530715942,8.192216873168945,0.45105504989624023,/scicore/home/schwede/barta0000/germinal_ds/templates_target_shuffle/nb_s817878_mpnn_1_BHRF/boltz_with_template/output/boltz_results_nb_s817878_mpnn_1_BHRF/predictions/nb_s817878_mpnn_1_BHRF/nb_s817878_mpnn_1_BHRF_model_0.cif,0.129318,0.0607,0.0218,0.0509,4.967390696207683,4.772078196207683,5.162703196207683,0.1184017848759071,0.1994934724947224,1.611973762512207,1.4919685125350952,1.7319790124893188,4.884084860483806,4.916970888773601,4.851198832194011,0.1506276120164529,0.227034926412739,1.48265141248703,1.2333165407180786,1.7319862842559814,4.742314020792643,4.6481032371521,4.8365248044331866,0.1735589500630311,0.2183612107867215,1.5216046571731567,1.3321186304092407,1.7110906839370728,4.995391050974527,4.854390939076741,5.1363911628723145,0.1224166190974093,0.200344244470107,1.6077181696891785,1.4798288345336914,1.7356075048446655,4.871068716049194,4.649286429087321,5.092851003011067,0.131734665124191,0.2244691617535003,1.494016945362091,1.2223519086837769,1.7656819820404053,4.615733464558919,4.50780709584554,4.723659833272298,0.1182661756721147,0.2158997234906819,1.532941222190857,1.3128234148025513,1.7530590295791626,4.895593245824179,4.593175888061523,5.198010603586833,0.1139799497674674,0.1955276466523353,1.6320534944534302,1.5830429792404177,1.6810640096664429
nb_s202316_mpnn_2_IL3,False,"A,B",13.353259697854988,79.60012121212121,485.35,30.24,6.665217391304348,61.85964258971285,0.006,0.0631,0.0142,0.0065,0.19,0.815,204.25,0.0,0.27,,1.032,6.928219312909122,88.37687747035572,15665.31,797.14,4.2976,76.84448255341628,0.264645,0.1647,0.1252,0.2662,0.51,0.72,12643.59,1.0,0.7496,0.11618086155833811,0.8470192283368564,24.619637489318848,66.44385528564453,55.3546,20.896372,0.47910544,,,,,,,0.22177956998348236,/scicore/home/schwede/barta0000/germinal_ds/templates_target_shuffle/nb_s202316_mpnn_2_IL3/chai_no_constraints/seed_5732/pred.model_idx_0.cif,0.316104918718338,/scicore/home/schwede/barta0000/germinal_ds/templates_target_shuffle/nb_s202316_mpnn_2_IL3/chai_with_constraints/seed_1205/pred.model_idx_0.cif,0.22177956998348236,0.5767129063606262,0.1330462396144867,"[[0.9028217792510986, 0.31827759742736816]]","[[[0.9028217792510986, 0.1330462396144867], [0.096474289894104, 0.31827759742736816]]]",0.1330462396144867,0.00561,0.0808,0.0099,0.0,0.316104918718338,0.618377149105072,0.2405368685722351,"[[0.9025218486785889, 0.32547321915626526]]","[[[0.9025218486785889, 0.19376209378242493], [0.2405368685722351, 0.32547321915626526]]]",0.19376209378242493,0.103565,0.0576,0.0346,0.1753,0.8108693957328796,0.8537955284118652,0.7586271166801453,0.823930025100708,0.7483355402946472,0.47604426741600037,2.692283868789673,0.7586271166801453,/scicore/home/schwede/barta0000/germinal_ds/templates_target_shuffle/nb_s202316_mpnn_2_IL3/boltz_free/output/boltz_results_nb_s202316_mpnn_2_IL3/predictions/nb_s202316_mpnn_2_IL3/nb_s202316_mpnn_2_IL3_model_0.cif,0.348321,0.1609,0.1079,0.3668,0.8019399642944336,0.7450939416885376,0.5336210131645203,0.8690197467803955,0.7947596907615662,0.7739582657814026,7.145650386810303,0.5336210131645203,/scicore/home/schwede/barta0000/germinal_ds/templates_target_shuffle/nb_s202316_mpnn_2_IL3/boltz_with_template/output/boltz_results_nb_s202316_mpnn_2_IL3/predictions/nb_s202316_mpnn_2_IL3/nb_s202316_mpnn_2_IL3_model_0.cif,0.140732,0.2343,0.0365,0.1123,4.407100200653076,5.260853290557861,3.553347110748291,0.1902062794037151,0.2057133858147913,1.581271409988403,1.4221752882003784,1.7403675317764282,4.079404234886169,5.1416646639506025,3.017143805821737,0.1498937383209909,0.2033783726908858,1.5926871299743652,1.3047746419906616,1.8805996179580688,4.2984529336293535,5.324321746826172,3.272584120432536,0.1601628547890293,0.2242602593414276,1.4949480295181274,1.3021693229675293,1.6877267360687256,4.480992674827576,5.430162270863851,3.5318230787913003,0.2096357415225377,0.211522340677972,1.5534246563911438,1.3425363302230835,1.764312982559204,3.600021918614705,4.759820779164632,2.440223058064779,0.1633985502158122,0.1705374974880857,1.7688000798225405,1.3828181028366089,2.154782056808472,3.8670092821121216,5.247463544209798,2.486555020014445,0.1821465340195833,0.1519569238437101,1.884158194065094,1.4372323751449585,2.331084012985229,4.013775984446207,5.206850369771321,2.8207015991210938,0.1142126094211034,0.1449357336667018,1.9314648509025572,1.4283784627914429,2.434551239013672
nb_s206217_mpnn_2_IL3,False,"A,B",9.490527894514834,84.29556439582298,70.45,3.75,3.637878787878788,74.14929531691621,0.144975,0.1374,0.0374,0.1597,0.47,0.85,-40.58,0.0,0.52,0.8913,0.281,4.58611617116343,92.85889328063243,22652.66,1210.3,2.465,88.77916664547391,0.690449,0.3239,0.4433,0.5741,0.83,0.87,13662.2,1.0,0.5772,0.35347749194299993,0.8234120439797769,26.648627440134685,40.734580993652344,53.44594,21.07988,0.47074065,,,,,,,0.23263466358184814,/scicore/home/schwede/barta0000/germinal_ds/templates_target_shuffle/nb_s206217_mpnn_2_IL3/chai_no_constraints/seed_1569/pred.model_idx_4.cif,0.4893842935562134,/scicore/home/schwede/barta0000/germinal_ds/templates_target_shuffle/nb_s206217_mpnn_2_IL3/chai_with_constraints/seed_1003/pred.model_idx_2.cif,0.23263466358184814,0.5871443152427673,0.14400725066661835,"[[0.918999433517456, 0.30788153409957886]]","[[[0.918999433517456, 0.14400725066661835], [0.12388600409030914, 0.30788153409957886]]]",0.14400725066661835,0.004925,0.1089,0.0101,0.0,0.4893842935562134,0.6515207290649414,0.44885018467903137,"[[0.9218726754188538, 0.3157723546028137]]","[[[0.9218726754188538, 0.23708200454711914], [0.44885018467903137, 0.3157723546028137]]]",0.23708200454711914,0.22099,0.0461,0.0372,0.2612,0.8616847395896912,0.8754794001579285,0.8032797574996948,0.8762859106063843,0.8304502964019775,0.4051188826560974,2.2020106315612793,0.8032797574996948,/scicore/home/schwede/barta0000/germinal_ds/templates_target_shuffle/nb_s206217_mpnn_2_IL3/boltz_free/output/boltz_results_nb_s206217_mpnn_2_IL3/predictions/nb_s206217_mpnn_2_IL3/nb_s206217_mpnn_2_IL3_model_0.cif,0.470868,0.1859,0.2767,0.4912,0.9041573405265808,0.8413312435150146,0.7477090954780579,0.9432694315910339,0.9223618507385254,0.5418691039085388,3.5843539237976074,0.7477090954780579,/scicore/home/schwede/barta0000/germinal_ds/templates_target_shuffle/nb_s206217_mpnn_2_IL3/boltz_with_template/output/boltz_results_nb_s206217_mpnn_2_IL3/predictions/nb_s206217_mpnn_2_IL3/nb_s206217_mpnn_2_IL3_model_0.cif,0.42404,0.3623,0.3033,0.4418,4.53005035718282,5.626653512318929,3.4334472020467124,0.1385098885894129,0.2240079798054684,1.496073603630066,1.2932523488998413,1.6988948583602903,4.161279400189717,5.321131706237793,3.001427094141642,0.1059120852579453,0.2003284584984341,1.6077969670295715,1.3563339710235596,1.8592599630355835,4.435369253158569,5.378421306610107,3.4923171997070312,0.1039714603847643,0.2145843011156477,1.5390526056289673,1.354931354522705,1.7231738567352295,4.6082916259765625,5.820577303568522,3.396005948384603,0.1274080531875566,0.2371747262227493,1.4389581680297852,1.2460415363311768,1.6318747997283936,3.8725332021713257,5.548639456431071,2.196426947911581,0.0651043135846729,0.1875416370318481,1.6737543940544128,1.1712781190872192,2.1762306690216064,4.173684795697531,5.65527884165446,2.6920907497406006,0.0421061363930438,0.1547048439701039,1.8662362098693848,1.2968952655792236,2.435577154159546,4.293788035710652,5.879166920979817,2.708409150441488,0.0970836347297118,0.1470877234005429,1.9167261123657229,1.3496816158294678,2.483770608901977
nb_s462498_mpnn_2_IL20,False,"A,B",10.722258986877101,83.40122845779938,125.77,7.7,7.8,71.66235788812311,0.063185,0.1243,0.032,0.0802,0.39,0.845,-52.29,0.0,0.44,0.9961,0.422,4.116347563335789,95.12409893992933,22626.48,1127.04,2.515735294117647,93.73656344413757,0.719441,0.3986,0.7772,0.5953,0.84,0.89,52497.63,1.0,0.9941,0.19232596028740742,0.8331950749664236,15.12598518371582,55.76820373535156,70.98267,13.417599,0.6068711,,,,,,,0.32705751061439514,/scicore/home/schwede/barta0000/germinal_ds/templates_target_shuffle/nb_s462498_mpnn_2_IL20/chai_no_constraints/seed_1702/pred.model_idx_2.cif,0.4029080271720886,/scicore/home/schwede/barta0000/germinal_ds/templates_target_shuffle/nb_s462498_mpnn_2_IL20/chai_with_constraints/seed_191/pred.model_idx_0.cif,0.32705751061439514,0.6266332864761353,0.2521635591983795,"[[0.9016977548599243, 0.896169126033783]]","[[[0.9016977548599243, 0.2521635591983795], [0.24325373768806458, 0.896169126033783]]]",0.2521635591983795,0.052002,0.0848,0.0135,0.0179,0.4029080271720886,0.6897786855697632,0.3311903774738312,"[[0.8989466428756714, 0.8990927934646606]]","[[[0.8989466428756714, 0.3311903774738312], [0.30837482213974, 0.8990927934646606]]]",0.3311903774738312,0.199751,0.1419,0.0469,0.1839,0.5719818472862244,0.5351842045783997,0.1925113946199417,0.6668494939804077,0.6178494095802307,1.0816961526870728,8.79922103881836,0.15182295441627502,/scicore/home/schwede/barta0000/germinal_ds/templates_target_shuffle/nb_s462498_mpnn_2_IL20/boltz_free/output/boltz_results_nb_s462498_mpnn_2_IL20/predictions/nb_s462498_mpnn_2_IL20/nb_s462498_mpnn_2_IL20_model_0.cif,0.006169,0.0428,0.0103,0.0,0.7871686816215515,0.6539450287818909,0.468599796295166,0.8668108582496643,0.8175197839736938,1.1304012537002563,8.316240310668945,0.468599796295166,/scicore/home/schwede/barta0000/germinal_ds/templates_target_shuffle/nb_s462498_mpnn_2_IL20/boltz_with_template/output/boltz_results_nb_s462498_mpnn_2_IL20/predictions/nb_s462498_mpnn_2_IL20/nb_s462498_mpnn_2_IL20_model_0.cif,0.093401,0.1206,0.0271,0.0284,5.028286735216776,5.945834954579671,4.110738515853882,0.1985852158201654,0.2278402804731065,1.4791104197502136,1.210407018661499,1.7478138208389282,4.148545702298483,4.983779112497966,3.313312292098999,0.2119995681439532,0.1454657778176298,1.9278144240379331,1.429853081703186,2.4257757663726807,4.046522816022238,4.811808745066325,3.2812368869781494,0.2389088060377598,0.1553384027711959,1.8621492981910703,1.4296051263809204,2.2946934700012207,5.098231871922812,6.151870886484782,4.04459285736084,0.2125267848965017,0.2297794747803488,1.4706352353096008,1.1782876253128052,1.7629828453063965,4.569730480511984,5.120505809783936,4.018955151240031,0.1844205586151789,0.2094759854834836,1.56314617395401,1.2793480157852173,1.8469443321228027,4.760121504465738,5.348383903503418,4.17185910542806,0.1515096008233931,0.2171060143810191,1.527369499206543,1.2355239391326904,1.8192150592803955,4.4997923374176025,4.836195151011149,4.163389523824056,0.1292571524884039,0.1733416530440023,1.752490758895874,1.5081868171691897,1.9967947006225584
nb_s68363_mpnn_1_BHRF,False,"A,B",14.209214581783401,77.90662862159789,382.64,19.02,8.911538461538461,59.84285891247632,0.006239,0.1118,0.0129,0.0112,0.18,0.825,212.91,0.0,0.25,0.9066,0.459,5.699414390477203,89.83151202749141,3097.91,254.69,3.9699999999999993,80.55264686135685,0.44685,0.2524,0.2769,0.3978,0.65,0.81,1677.79,1.0,0.6188,0.06396398700508169,0.7998812339057595,15.65243771496941,63.54326248168945,73.40368,15.220411,0.56256765,,,,,,,0.3103448748588562,/scicore/home/schwede/barta0000/germinal_ds/templates_target_shuffle/nb_s68363_mpnn_1_BHRF/chai_no_constraints/seed_4978/pred.model_idx_1.cif,0.4111611545085907,/scicore/home/schwede/barta0000/germinal_ds/templates_target_shuffle/nb_s68363_mpnn_1_BHRF/chai_with_constraints/seed_4251/pred.model_idx_0.cif,0.3103448748588562,0.6133992671966553,0.23458127677440643,"[[0.907880425453186, 0.9081475138664246]]","[[[0.907880425453186, 0.23458127677440643], [0.16659146547317505, 0.9081475138664246]]]",0.23458127677440643,0.041719,0.1196,0.0127,0.0179,0.4111611545085907,0.7039442658424377,0.33796536922454834,"[[0.9130890965461731, 0.9102303385734558]]","[[[0.9130890965461731, 0.33796536922454834], [0.31143030524253845, 0.9102303385734558]]]",0.33796536922454834,0.198418,0.0938,0.0389,0.1579,0.8273443579673767,0.8639918565750122,0.7497899532318115,0.8467329740524292,0.7711259126663208,0.4219699501991272,1.9863327741622925,0.7420329451560974,/scicore/home/schwede/barta0000/germinal_ds/templates_target_shuffle/nb_s68363_mpnn_1_BHRF/boltz_free/output/boltz_results_nb_s68363_mpnn_1_BHRF/predictions/nb_s68363_mpnn_1_BHRF/nb_s68363_mpnn_1_BHRF_model_0.cif,0.496501,0.1055,0.1764,0.4427,0.7683033347129822,0.6843919157981873,0.4062426686286926,0.8588184714317322,0.7855087518692017,0.7606310844421387,7.779735088348389,0.4062426686286926,/scicore/home/schwede/barta0000/germinal_ds/templates_target_shuffle/nb_s68363_mpnn_1_BHRF/boltz_with_template/output/boltz_results_nb_s68363_mpnn_1_BHRF/predictions/nb_s68363_mpnn_1_BHRF/nb_s68363_mpnn_1_BHRF_model_0.cif,0.10261,0.0862,0.0234,0.0615,4.86782431602478,4.550049463907878,5.185599168141683,0.0839952549222202,0.2175230476058796,1.5254504680633545,1.2521789073944092,1.7987220287322998,3.88540788491567,3.0217506885528564,4.749065081278483,0.1831930010659189,0.2078129165889995,1.5711170434951782,1.394257426261902,1.7479766607284546,3.992630322774252,3.149074077606201,4.836186567942302,0.192763536631263,0.2193224599859952,1.517212212085724,1.356357455253601,1.678066968917847,4.912111123402913,4.6473649342854815,5.176857312520345,0.0868192287462435,0.2242625317349667,1.4949378967285156,1.2004613876342771,1.789414405822754,4.583290735880534,4.189967314402263,4.976614157358806,0.0787755155719618,0.2288483180829271,1.474695861339569,1.2156702280044556,1.7337214946746826,4.379499316215515,3.801472584406535,4.957526048024495,0.0769745117534815,0.2137270905657961,1.5430553555488586,1.359743356704712,1.7263673543930054,4.383211771647136,3.548960526784261,5.21746301651001,0.133551553016442,0.2023891582167576,1.5975629091262815,1.520127534866333,1.6749982833862305
nb_s233025_mpnn_2_BHRF,False,"A,B",13.105299961419753,79.8265552133744,271.62,15.24,8.05625,64.01081949572628,0.007462,0.1089,0.0186,0.0437,0.2,0.835,47.66,0.0,0.27,0.829,1.151,6.840387852044753,88.83722222222224,7836.99,410.63,7.2683333333333335,71.714137636382,0.244462,0.1322,0.1221,0.2435,0.5,0.74,3737.24,1.0,0.03,0.06992172484232678,0.8633094926544406,13.297362089157104,50.7031364440918,74.03687,14.15781,0.55786365,,,,,,,0.37676191329956055,/scicore/home/schwede/barta0000/germinal_ds/templates_target_shuffle/nb_s233025_mpnn_2_BHRF/chai_no_constraints/seed_3749/pred.model_idx_2.cif,0.4904176592826843,/scicore/home/schwede/barta0000/germinal_ds/templates_target_shuffle/nb_s233025_mpnn_2_BHRF/chai_with_constraints/seed_10/pred.model_idx_1.cif,0.37676191329956055,0.6797733306884766,0.30100905895233154,"[[0.9145016074180603, 0.9118978977203369]]","[[[0.9145016074180603, 0.30100905895233154], [0.26920777559280396, 0.9118978977203369]]]",0.30100905895233154,0.139996,0.1179,0.0193,0.0716,0.4904176592826843,0.7668331861495972,0.42131373286247253,"[[0.8863490223884583, 0.9171295166015625]]","[[[0.8863490223884583, 0.42131373286247253], [0.41448813676834106, 0.9171295166015625]]]",0.42131373286247253,0.301543,0.1185,0.0909,0.2941,0.8288196921348572,0.7811546325683594,0.5808113217353821,0.8908217549324036,0.7907761335372925,0.5259164571762085,4.680899143218994,0.5635104775428772,/scicore/home/schwede/barta0000/germinal_ds/templates_target_shuffle/nb_s233025_mpnn_2_BHRF/boltz_free/output/boltz_results_nb_s233025_mpnn_2_BHRF/predictions/nb_s233025_mpnn_2_BHRF/nb_s233025_mpnn_2_BHRF_model_0.cif,0.246586,0.0958,0.0483,0.1698,0.8649870157241821,0.8269819021224976,0.6758683323860168,0.9122666120529175,0.8417916893959045,0.5449113249778748,3.6683945655822754,0.6758683323860168,/scicore/home/schwede/barta0000/germinal_ds/templates_target_shuffle/nb_s233025_mpnn_2_BHRF/boltz_with_template/output/boltz_results_nb_s233025_mpnn_2_BHRF/predictions/nb_s233025_mpnn_2_BHRF/nb_s233025_mpnn_2_BHRF_model_0.cif,0.329784,0.1514,0.1418,0.3156,5.609821478525797,6.054103374481201,5.165539582570394,0.1149902495888254,0.20681818243778,1.5759152173995972,1.3875033855438232,1.764327049255371,5.250050147374472,5.6892625490824384,4.810837745666504,0.1939399842037692,0.2154017551995973,1.5352503657341003,1.2979108095169067,1.772589921951294,5.299786488215128,5.815709908803304,4.783863067626953,0.190759572958952,0.2363201782068462,1.4425677061080933,1.2074795961380005,1.677655816078186,5.65265933672587,6.065695762634277,5.239622910817464,0.1424108615356821,0.2153859510379849,1.5353237390518188,1.370375156402588,1.7002723217010498,5.478443940480551,6.011701583862305,4.945186297098796,0.1176008854621492,0.2410986845804413,1.4225489497184751,1.2225958108901978,1.622502088546753,5.640424331029257,6.456331253051758,4.824517409006755,0.1111788127788245,0.2292203079663309,1.4730716943740845,1.3202472925186155,1.6258960962295532,5.7237097422281895,6.240863641103108,5.206555843353272,0.0918475775091866,0.2284534687802607,1.4764227271080017,1.2433454990386963,1.7094999551773071
nb_s282075_mpnn_1_IL20,False,"A,B",14.752816241930853,81.61415846016116,296.71,26.99,4.778947368421053,66.83742423079448,0.0,0.0741,0.0112,0.0,0.14,0.85,124.1,0.0,0.22,0.0007,1.096,9.194792043851216,91.27989399293286,35813.2,1607.76,2.0804761904761904,79.80954569036311,0.089421,0.1343,0.055,0.1206,0.34,0.66,45325.78,1.0,0.7147,0.10319105415533611,0.8420167299371566,16.532256444295246,61.94321823120117,73.057686,15.617719,0.5452131,,,,,,,0.29989126324653625,/scicore/home/schwede/barta0000/germinal_ds/templates_target_shuffle/nb_s282075_mpnn_1_IL20/chai_no_constraints/seed_1040/pred.model_idx_4.cif,0.36836111545562744,/scicore/home/schwede/barta0000/germinal_ds/templates_target_shuffle/nb_s282075_mpnn_1_IL20/chai_with_constraints/seed_1783/pred.model_idx_1.cif,0.29989126324653625,0.6127367615699768,0.22167988121509552,"[[0.8992629647254944, 0.8969506621360779]]","[[[0.8992629647254944, 0.22167988121509552], [0.17317749559879303, 0.8969506621360779]]]",0.22167988121509552,0.061582,0.0894,0.0143,0.0206,0.36836111545562744,0.6525555849075317,0.29731249809265137,"[[0.8771110773086548, 0.885764479637146]]","[[[0.8771110773086548, 0.29731249809265137], [0.26768672466278076, 0.885764479637146]]]",0.29731249809265137,0.173473,0.0775,0.0425,0.1387,0.5857757925987244,0.6333626508712769,0.36125802993774414,0.6419052481651306,0.5776246786117554,1.248404622077942,7.1577677726745605,0.30068546533584595,/scicore/home/schwede/barta0000/germinal_ds/templates_target_shuffle/nb_s282075_mpnn_1_IL20/boltz_free/output/boltz_results_nb_s282075_mpnn_1_IL20/predictions/nb_s282075_mpnn_1_IL20/nb_s282075_mpnn_1_IL20_model_0.cif,0.07348,0.046,0.0132,0.0344,0.7718048095703125,0.7138906121253967,0.5624788999557495,0.8241362571716309,0.7827838659286499,1.1492226123809814,7.005216598510742,0.5624788999557495,/scicore/home/schwede/barta0000/germinal_ds/templates_target_shuffle/nb_s282075_mpnn_1_IL20/boltz_with_template/output/boltz_results_nb_s282075_mpnn_1_IL20/predictions/nb_s282075_mpnn_1_IL20/nb_s282075_mpnn_1_IL20_model_0.cif,0.168396,0.1967,0.0537,0.1218,4.073505918184916,3.978649854660034,4.168361981709798,0.0847547721579323,0.223052344496813,1.5003488063812256,1.2175657749176023,1.7831318378448486,3.766242146492005,4.313470840454102,3.2190134525299072,0.126214948805903,0.1559225584946834,1.8583958148956297,1.2757375240325928,2.441054105758667,3.8624654610951743,4.558404127756755,3.1665267944335938,0.0927642208778579,0.1583690608993384,1.8428271412849424,1.3883289098739624,2.297325372695923,4.273273706436157,4.2463429768880205,4.300204435984294,0.0558521195110516,0.217284900237853,1.5265458822250366,1.2608327865600586,1.7922589778900146,3.885285894076029,3.635309934616089,4.13526185353597,0.1209005844395389,0.1720183489228345,1.760154128074646,1.520571231842041,1.999737024307251,4.122342785199484,4.236090183258057,4.00859538714091,0.0751623250982684,0.1927166576065936,1.646534264087677,1.3868671655654907,1.9062013626098635,4.241472323735555,4.132124265034993,4.350820382436116,0.0967717977040495,0.1830880781611281,1.6977879405021667,1.5227702856063845,1.8728055953979488
nb_s908222_mpnn_5_IL3,False,"A,B",13.546634067084316,79.43087393269714,188.07,10.3,6.1816666666666675,63.43448042290054,0.011344,0.0836,0.014,0.0404,0.21,0.8200000000000001,65.43,0.0,0.28,,0.653,5.412202346545016,90.41577075098814,13268.4,680.04,2.602222222222222,83.62714320591517,0.519684,0.2338,0.3574,0.4936,0.73,0.83,24053.76,1.0,0.0325,0.08021699049856472,0.8252338150417509,28.611209869384766,40.704715728759766,53.675396,21.080688,0.46897003,,,,,,,0.25089365243911743,/scicore/home/schwede/barta0000/germinal_ds/templates_target_shuffle/nb_s908222_mpnn_5_IL3/chai_no_constraints/seed_1732/pred.model_idx_4.cif,0.4278194308280945,/scicore/home/schwede/barta0000/germinal_ds/templates_target_shuffle/nb_s908222_mpnn_5_IL3/chai_with_constraints/seed_1209/pred.model_idx_1.cif,0.25089365243911743,0.5990375280380249,0.16385769844055176,"[[0.9215000867843628, 0.3073309659957886]]","[[[0.9215000867843628, 0.16333672404289246], [0.16385769844055176, 0.3073309659957886]]]",0.16333672404289246,0.019495,0.2171,0.0105,0.0127,0.4278194308280945,0.6858782172203064,0.3633047044277191,"[[0.9247440695762634, 0.35826560854911804]]","[[[0.9247440695762634, 0.2916700839996338], [0.3633047044277191, 0.35826560854911804]]]",0.2916700839996338,0.196512,0.0636,0.0252,0.2141,0.7570714950561523,0.6241356730461121,0.27323347330093384,0.8780310153961182,0.8123963475227356,0.851248025894165,8.77742862701416,0.22212646901607513,/scicore/home/schwede/barta0000/germinal_ds/templates_target_shuffle/nb_s908222_mpnn_5_IL3/boltz_free/output/boltz_results_nb_s908222_mpnn_5_IL3/predictions/nb_s908222_mpnn_5_IL3/nb_s908222_mpnn_5_IL3_model_0.cif,0.009057,0.1751,0.0133,0.0214,0.9190756678581238,0.8663960695266724,0.7614079713821411,0.9584925770759583,0.945191502571106,0.5127454996109009,3.7384419441223145,0.7614079713821411,/scicore/home/schwede/barta0000/germinal_ds/templates_target_shuffle/nb_s908222_mpnn_5_IL3/boltz_with_template/output/boltz_results_nb_s908222_mpnn_5_IL3/predictions/nb_s908222_mpnn_5_IL3/nb_s908222_mpnn_5_IL3_model_0.cif,0.430548,0.4246,0.3972,0.4595,4.117002526919047,4.675127983093262,3.5588770707448325,0.1533206409702899,0.2304659929971695,1.4676519632339478,1.193860650062561,1.7414432764053345,3.753742456436157,4.403764724731445,3.103720188140869,0.1243574156959928,0.207806376559153,1.5711485147476196,1.2499767541885376,1.8923202753067017,3.997021277745565,4.472077051798503,3.521965503692627,0.145291806970323,0.2329029832212287,1.4571332931518557,1.1917849779129028,1.722481608390808,4.215036789576213,4.865482330322266,3.56459124883016,0.1170214967560603,0.2409357052177189,1.423225164413452,1.1358660459518433,1.710584282875061,3.5166643857955933,4.778989473978679,2.2543392976125083,0.0490756202036184,0.1983610146589235,1.6176666021347046,1.1506757736206057,2.084657430648804,3.589648326237996,4.640783309936523,2.5385133425394693,0.1010869883896142,0.1764202075556779,1.7348865866661072,1.2647029161453247,2.2050702571868896,3.6519678831100464,4.442417144775391,2.861518621444702,0.1162433408378434,0.1435491193512773,1.941078007221222,1.418779969215393,2.463376045227051
nb_s467146_mpnn_5_BHRF,False,"A,B",7.06953744051204,85.08480802792322,110.47,4.99,3.0957142857142856,79.7560890041931,0.551733,0.2542,0.3054,0.3984,0.75,0.86,-75.41,0.0,0.76,0.0998,0.251,4.067267037470034,94.28268041237114,1063.83,63.24,2.5333783783783788,92.5597505569458,0.779379,0.4328,0.7755,0.6149,0.87,0.9,266.6,1.0,,0.795812782888669,0.8743078127432101,18.187007999420167,43.051883697509766,72.04218,16.58602,0.52825826,,,,,,,0.26148590445518494,/scicore/home/schwede/barta0000/germinal_ds/templates_target_shuffle/nb_s467146_mpnn_5_BHRF/chai_no_constraints/seed_1258/pred.model_idx_1.cif,0.6262093782424927,/scicore/home/schwede/barta0000/germinal_ds/templates_target_shuffle/nb_s467146_mpnn_5_BHRF/chai_with_constraints/seed_2480/pred.model_idx_1.cif,0.26148590445518494,0.5999079942703247,0.1768803745508194,"[[0.8756818175315857, 0.9056629538536072]]","[[[0.8756818175315857, 0.1768803745508194], [0.13222287595272064, 0.9056629538536072]]]",0.1768803745508194,0.019085,0.1285,0.0112,0.0133,0.6262093782424927,0.8259202241897583,0.5762816071510315,"[[0.9003415107727051, 0.9180148839950562]]","[[[0.9003415107727051, 0.5606352090835571], [0.5762816071510315, 0.9180148839950562]]]",0.5606352090835571,0.446002,0.122,0.2604,0.4211,0.8097016215324402,0.8538522720336914,0.7889110445976257,0.8148993253707886,0.708599865436554,0.4989290237426758,2.235616683959961,0.7889110445976257,/scicore/home/schwede/barta0000/germinal_ds/templates_target_shuffle/nb_s467146_mpnn_5_BHRF/boltz_free/output/boltz_results_nb_s467146_mpnn_5_BHRF/predictions/nb_s467146_mpnn_5_BHRF/nb_s467146_mpnn_5_BHRF_model_0.cif,0.465493,0.1086,0.1183,0.4391,0.7873151302337646,0.6829286813735962,0.42877450585365295,0.8769502639770508,0.8127976059913635,0.978794515132904,8.359694480895996,0.42801210284233093,/scicore/home/schwede/barta0000/germinal_ds/templates_target_shuffle/nb_s467146_mpnn_5_BHRF/boltz_with_template/output/boltz_results_nb_s467146_mpnn_5_BHRF/predictions/nb_s467146_mpnn_5_BHRF/nb_s467146_mpnn_5_BHRF_model_0.cif,0.091793,0.2148,0.0234,0.0405,4.701691389083862,4.510461648305257,4.892921129862468,0.0869405179343702,0.2346361249292803,1.4497193694114685,1.200708031654358,1.698730707168579,4.307506163914998,3.829545815785726,4.785466512044271,0.1689747144059223,0.2020825477415128,1.5990790128707886,1.4791797399520874,1.7189782857894895,4.241327881813049,3.745465199152629,4.73719056447347,0.1803239971146604,0.2250525246560838,1.491421461105347,1.3317065238952637,1.6511363983154297,4.809420585632324,4.667861461639404,4.950979709625244,0.0814746743512684,0.2437063928597974,1.4117910861968994,1.1651469469070437,1.6584352254867554,4.797970533370972,4.609681765238444,4.986259301503499,0.1096205545462743,0.2282152158642809,1.4774661660194397,1.271393895149231,1.6835384368896484,4.763892571131388,4.407428741455078,5.120356400807698,0.1490133069886709,0.208890549572511,1.5659448504447937,1.3811368942260742,1.7507528066635132,4.668348153432211,4.1233541170756025,5.213342189788818,0.0962579241503696,0.1984079229888966,1.6174301505088806,1.5578161478042605,1.677044153213501
nb_s759449_mpnn_1_IL3,False,"A,B",10.451406833414051,82.5892663316583,329.35,19.21,3.7852941176470587,66.78883870159973,0.117708,0.1093,0.0255,0.109,0.43,0.835,28.19,0.0,0.48,0.6296,0.32,5.6909339311659295,90.18256916996049,8597.72,343.04,2.593965517241379,81.42645214449975,0.465585,0.2051,0.2565,0.4307,0.72,0.81,10612.31,1.0,0.2749,0.11154760064064714,0.8518265595815945,26.039758682250977,59.813087463378906,53.50685,21.183899,0.46563524,,,,,,,0.704297661781311,/scicore/home/schwede/barta0000/germinal_ds/templates_target_shuffle/nb_s759449_mpnn_1_IL3/chai_no_constraints/seed_1658/pred.model_idx_2.cif,0.544566810131073,/scicore/home/schwede/barta0000/germinal_ds/templates_target_shuffle/nb_s759449_mpnn_1_IL3/chai_with_constraints/seed_1045/pred.model_idx_4.cif,0.704297661781311,0.7189993858337402,0.7006222009658813,"[[0.9215196967124939, 0.3936835527420044]]","[[[0.9215196967124939, 0.37238141894340515], [0.7006222009658813, 0.3936835527420044]]]",0.37238141894340515,0.618911,0.2531,0.0845,0.4017,0.544566810131073,0.7220451831817627,0.500197172164917,"[[0.9233378171920776, 0.4228447675704956]]","[[[0.9233378171920776, 0.3723553419113159], [0.500197172164917, 0.4228447675704956]]]",0.3723553419113159,0.362909,0.0896,0.2719,0.366,0.8517397046089172,0.9024668335914612,0.8765286803245544,0.8455424308776855,0.7863030433654785,0.385786235332489,1.1906418800354004,0.8564996123313904,/scicore/home/schwede/barta0000/germinal_ds/templates_target_shuffle/nb_s759449_mpnn_1_IL3/boltz_free/output/boltz_results_nb_s759449_mpnn_1_IL3/predictions/nb_s759449_mpnn_1_IL3/nb_s759449_mpnn_1_IL3_model_0.cif,0.737878,0.1239,0.3508,0.6268,0.807797908782959,0.718905508518219,0.5161868929862976,0.8807006478309631,0.821862518787384,0.8136556148529053,6.290735244750977,0.5064597725868225,/scicore/home/schwede/barta0000/germinal_ds/templates_target_shuffle/nb_s759449_mpnn_1_IL3/boltz_with_template/output/boltz_results_nb_s759449_mpnn_1_IL3/predictions/nb_s759449_mpnn_1_IL3/nb_s759449_mpnn_1_IL3_model_0.cif,0.164767,0.1628,0.0581,0.1465,4.405016541481018,5.225149790445964,3.5848832925160727,0.1594849801324347,0.2254985044000286,1.4894417524337769,1.23005473613739,1.7488287687301636,4.026004195213318,5.0794633229573565,2.972545067469279,0.1379238975622038,0.1716237300907174,1.7624508142471311,1.4571740627288818,2.067727565765381,4.032782594362895,5.129663467407227,2.935901721318563,0.1160985860553971,0.1988492758636182,1.6152081489562988,1.3874022960662842,1.8430140018463133,4.429241180419922,5.231454054514567,3.627028306325277,0.1482046683439818,0.224820512020332,1.4924529194831848,1.256037354469299,1.7288684844970703,3.569438099861145,4.970479329427083,2.1683968702952066,0.1000833751968333,0.1683371941010052,1.7817862033843994,1.303966045379639,2.25960636138916,3.716438968976339,5.084360758463542,2.348517179489136,0.1472242169138454,0.1870685185855567,1.6762803196907043,1.2187026739120483,2.1338579654693604,3.913675904273987,5.052667617797852,2.774684190750122,0.1453741150167288,0.1297061686609936,2.042483627796173,1.5841702222824097,2.5007970333099365
nb_s286378_mpnn_3_BHRF,False,"A,B",13.562456749447925,81.27501525054467,215.11,11.47,10.5140625,64.46894898523453,0.006434,0.1297,0.0132,0.0127,0.22,0.85,-32.58,0.0,0.29,0.8159,0.571,6.164714753014254,90.40807560137458,7990.61,399.79,5.208928571428572,78.25866737365723,0.368337,0.2674,0.2251,0.3473,0.58,0.77,10272.86,1.0,0.0923,0.16274786367837077,0.8933109662527947,16.835428873697918,49.25807571411133,74.86933,15.160358,0.520538,,,,,,,0.4285658597946167,/scicore/home/schwede/barta0000/germinal_ds/templates_target_shuffle/nb_s286378_mpnn_3_BHRF/chai_no_constraints/seed_2850/pred.model_idx_0.cif,0.5696234703063965,/scicore/home/schwede/barta0000/germinal_ds/templates_target_shuffle/nb_s286378_mpnn_3_BHRF/chai_with_constraints/seed_2511/pred.model_idx_4.cif,0.4285658597946167,0.7231783270835876,0.35491272807121277,"[[0.9095606803894043, 0.9147096276283264]]","[[[0.9095606803894043, 0.35491272807121277], [0.34055760502815247, 0.9147096276283264]]]",0.35491272807121277,0.226746,0.0956,0.0794,0.1978,0.5696234703063965,0.7715345025062561,0.519145667552948,"[[0.9169864654541016, 0.8902015686035156]]","[[[0.9169864654541016, 0.519145667552948], [0.4589518904685974, 0.8902015686035156]]]",0.519145667552948,0.407896,0.0812,0.1667,0.3635,0.848479688167572,0.8336737751960754,0.7417240738868713,0.8751685619354248,0.8113501071929932,0.45597773790359497,2.469951868057251,0.7256959080696106,/scicore/home/schwede/barta0000/germinal_ds/templates_target_shuffle/nb_s286378_mpnn_3_BHRF/boltz_free/output/boltz_results_nb_s286378_mpnn_3_BHRF/predictions/nb_s286378_mpnn_3_BHRF/nb_s286378_mpnn_3_BHRF_model_0.cif,0.47343,0.1786,0.1682,0.3934,0.843873918056488,0.7726060748100281,0.6294451951980591,0.8974810838699341,0.8421472311019897,0.6340537071228027,6.046396255493164,0.5874899625778198,/scicore/home/schwede/barta0000/germinal_ds/templates_target_shuffle/nb_s286378_mpnn_3_BHRF/boltz_with_template/output/boltz_results_nb_s286378_mpnn_3_BHRF/predictions/nb_s286378_mpnn_3_BHRF/nb_s286378_mpnn_3_BHRF_model_0.cif,0.248078,0.2448,0.072,0.1545,5.695441961288452,6.344912211100261,5.045971711476644,0.154388421720897,0.2283771588715079,1.4767568111419678,1.2302954196929932,1.7232182025909424,5.382411082585653,6.021872679392497,4.742949485778809,0.2039914517627563,0.2178150553267447,1.5241089463233948,1.3508037328720093,1.6974141597747805,5.321253061294556,5.847420851389567,4.795085271199544,0.1970286345388485,0.2320270083489054,1.4609014987945557,1.281737208366394,1.6400657892227173,5.791170040766398,6.469724337259929,5.112615744272868,0.1665336749567999,0.2355263721118204,1.445932388305664,1.1789462566375732,1.7129185199737549,5.412645022074382,5.947942892710368,4.877347151438396,0.1725329726518918,0.2341142115994403,1.451946198940277,1.25797700881958,1.645915389060974,5.364123264948527,5.837989489237468,4.890257040659587,0.1371382713047768,0.2309612292799739,1.4655054211616516,1.2379497289657593,1.693061113357544,5.824953079223633,6.392394383748372,5.2575117746988935,0.1484526002529402,0.2156269780879759,1.5342053174972534,1.3718513250350952,1.6965593099594116
nb_s53820_mpnn_2_BHRF,False,"A,B",10.606021421570365,82.29686573670445,373.11,16.22,7.002222222222223,69.95003400938393,0.116424,0.223,0.0262,0.0793,0.42,0.845,37.94,0.0,0.47,0.9688,0.21,4.680591868305759,92.43659793814435,19484.16,971.06,4.183829787234043,87.15673516721142,0.642804,0.4998,0.5712,0.5345,0.82,0.89,18462.87,1.0,0.0548,0.3301912436330335,0.8209311551535351,20.432504812876385,45.18191146850586,72.873825,16.300556,0.5148053,,,,,,,0.3245552182197571,/scicore/home/schwede/barta0000/germinal_ds/templates_target_shuffle/nb_s53820_mpnn_2_BHRF/chai_no_constraints/seed_3035/pred.model_idx_0.cif,0.38234278559684753,/scicore/home/schwede/barta0000/germinal_ds/templates_target_shuffle/nb_s53820_mpnn_2_BHRF/chai_with_constraints/seed_5335/pred.model_idx_1.cif,0.3245552182197571,0.6364645957946777,0.2465778887271881,"[[0.8903931379318237, 0.9018120765686035]]","[[[0.8903931379318237, 0.2465778887271881], [0.21503408253192902, 0.9018120765686035]]]",0.2465778887271881,0.09739,0.0713,0.014,0.0561,0.38234278559684753,0.6856922507286072,0.306505411863327,"[[0.8881313800811768, 0.9084486961364746]]","[[[0.8881313800811768, 0.306505411863327], [0.2784438133239746, 0.9084486961364746]]]",0.306505411863327,0.175643,0.1025,0.0258,0.1422,0.8460065126419067,0.8646240234375,0.7599053382873535,0.8675317764282227,0.7995050549507141,0.4757356643676758,2.723205804824829,0.7599053382873535,/scicore/home/schwede/barta0000/germinal_ds/templates_target_shuffle/nb_s53820_mpnn_2_BHRF/boltz_free/output/boltz_results_nb_s53820_mpnn_2_BHRF/predictions/nb_s53820_mpnn_2_BHRF/nb_s53820_mpnn_2_BHRF_model_0.cif,0.48742,0.2111,0.1842,0.4432,0.8931774497032166,0.8846393823623657,0.8238606452941895,0.910506546497345,0.8819151520729065,0.5638372302055359,3.01716947555542,0.8238606452941895,/scicore/home/schwede/barta0000/germinal_ds/templates_target_shuffle/nb_s53820_mpnn_2_BHRF/boltz_with_template/output/boltz_results_nb_s53820_mpnn_2_BHRF/predictions/nb_s53820_mpnn_2_BHRF/nb_s53820_mpnn_2_BHRF_model_0.cif,0.595519,0.4008,0.3578,0.5166,5.426756461461385,5.719310124715169,5.134202798207601,0.1190278449743008,0.2163024619969488,1.5310775637626648,1.3298074007034302,1.7323477268218994,5.095478137334188,5.416292508443196,4.774663766225179,0.1726462566566947,0.2035696918359975,1.5917468667030334,1.3607999086380005,1.8226938247680664,5.128762563069662,5.485889116923015,4.771636009216309,0.1806881947038184,0.221292200413261,1.5082712769508362,1.297971248626709,1.7185713052749634,5.510545333226522,5.776116053263347,5.244974613189697,0.1459871262352468,0.2165347313363632,1.5300043225288391,1.3183008432388306,1.7417078018188477,5.282947858174642,5.578254540761312,4.987641175587972,0.1915391623782797,0.2133111810875769,1.5450032353401184,1.3395404815673828,1.750465989112854,5.227018276850382,5.617575168609619,4.8364613850911455,0.1809956902815032,0.2221648153509339,1.5043357610702517,1.248678207397461,1.759993314743042,5.268406550089518,5.290664037068685,5.246149063110352,0.1402755791560933,0.2202350192904873,1.5130600333213806,1.358413577079773,1.6677064895629885
nb_s351880_mpnn_1_BHRF,False,"A,B",14.095696791488054,78.47041448516579,922.77,43.56,15.504166666666666,64.37100628555365,0.006589,0.1524,0.0121,0.011,0.18,0.84,355.47,0.0,0.25,0.3674,0.678,6.033386001582409,89.99261168384879,10665.9,714.41,6.702173913043477,77.9968964149212,0.334395,0.2408,0.1967,0.3244,0.55,0.76,22067.41,1.0,0.1411,0.08205352870638835,0.8452819905406453,16.6036864194003,51.29092788696289,73.439095,15.320657,0.54208493,,,,,,,0.36892449855804443,/scicore/home/schwede/barta0000/germinal_ds/templates_target_shuffle/nb_s351880_mpnn_1_BHRF/chai_no_constraints/seed_2283/pred.model_idx_2.cif,0.3945397138595581,/scicore/home/schwede/barta0000/germinal_ds/templates_target_shuffle/nb_s351880_mpnn_1_BHRF/chai_with_constraints/seed_1842/pred.model_idx_1.cif,0.36892449855804443,0.6874507665634155,0.2892929017543793,"[[0.8919870257377625, 0.9112770557403564]]","[[[0.8919870257377625, 0.2892929017543793], [0.27364403009414673, 0.9112770557403564]]]",0.2892929017543793,0.144196,0.0544,0.0282,0.1065,0.3945397138595581,0.7115093469619751,0.31529727578163147,"[[0.8798891305923462, 0.9131598472595215]]","[[[0.8798891305923462, 0.31529727578163147], [0.31193307042121887, 0.9131598472595215]]]",0.31529727578163147,0.192538,0.1465,0.0657,0.1908,0.8778602480888367,0.9057334065437317,0.8487688899040222,0.8851330876350403,0.8219144344329834,0.3978036046028137,1.6658397912979126,0.8487688899040222,/scicore/home/schwede/barta0000/germinal_ds/templates_target_shuffle/nb_s351880_mpnn_1_BHRF/boltz_free/output/boltz_results_nb_s351880_mpnn_1_BHRF/predictions/nb_s351880_mpnn_1_BHRF/nb_s351880_mpnn_1_BHRF_model_0.cif,0.601651,0.2966,0.3552,0.5505,0.877483069896698,0.8389609456062317,0.7218366265296936,0.9163947105407715,0.8903656601905823,0.5710203051567078,3.881744146347046,0.7218366265296936,/scicore/home/schwede/barta0000/germinal_ds/templates_target_shuffle/nb_s351880_mpnn_1_BHRF/boltz_with_template/output/boltz_results_nb_s351880_mpnn_1_BHRF/predictions/nb_s351880_mpnn_1_BHRF/nb_s351880_mpnn_1_BHRF_model_0.cif,0.323716,0.4405,0.2164,0.3216,4.858928442001343,4.531312147776286,5.186544736226399,0.113244069111319,0.201571881330217,1.601609230041504,1.377010941505432,1.826207518577576,3.847973148028056,2.8796379566192627,4.816308339436849,0.1968211066155931,0.2042848190568453,1.588240087032318,1.48985493183136,1.6866252422332764,3.808595577875773,2.824125607808431,4.793065547943115,0.2096152470840379,0.1904920359621856,1.6581448912620544,1.5662795305252075,1.7500102519989014,4.928982337315877,4.740314801534017,5.117649873097737,0.1289255230277964,0.212112598556948,1.5506380200386047,1.337592363357544,1.7636836767196655,4.392456412315369,3.9278275966644287,4.857085227966309,0.1348712798112179,0.2118274149918559,1.5519834160804749,1.357336163520813,1.7466306686401367,4.405260403951009,3.920552412668864,4.889968395233154,0.1225689496770215,0.2307810703704067,1.466285765171051,1.213805079460144,1.718766450881958,4.863336165746054,4.522995471954346,5.203676859537761,0.0724601741430579,0.208023124597581,1.570106029510498,1.4148263931274414,1.725385665893555
nb_s133952_mpnn_4_BHRF,False,"A,B",11.10899040316358,81.5453442188879,235.93,13.8,8.327142857142857,68.4291409280023,0.063257,0.1358,0.0246,0.07,0.41,0.8300000000000001,-21.43,0.0,0.47,0.97,0.217,4.245837553047839,93.97434027777778,12126.55,680.45,2.8868965517241376,92.12733332316081,0.710258,0.4471,0.7062,0.5868,0.85,0.9,10237.03,1.0,0.9561,0.5439036127612462,0.841655258922376,16.872756958007812,44.41182327270508,72.56761,15.73392,0.53855455,,,,,,,0.34277552366256714,/scicore/home/schwede/barta0000/germinal_ds/templates_target_shuffle/nb_s133952_mpnn_4_BHRF/chai_no_constraints/seed_2325/pred.model_idx_2.cif,0.4577323794364929,/scicore/home/schwede/barta0000/germinal_ds/templates_target_shuffle/nb_s133952_mpnn_4_BHRF/chai_with_constraints/seed_1262/pred.model_idx_2.cif,0.34277552366256714,0.6589211821556091,0.26373910903930664,"[[0.8788495063781738, 0.9124905467033386]]","[[[0.8788495063781738, 0.26373910903930664], [0.2190956473350525, 0.9124905467033386]]]",0.26373910903930664,0.134238,0.0461,0.019,0.1212,0.4577323794364929,0.7529597878456116,0.38392555713653564,"[[0.8997340202331543, 0.9159249067306519]]","[[[0.8997340202331543, 0.38392555713653564], [0.3817704916000366, 0.9159249067306519]]]",0.38392555713653564,0.258199,0.1448,0.0919,0.2421,0.8145157098770142,0.7173275351524353,0.43700680136680603,0.9088929295539856,0.8326583504676819,0.6435099840164185,5.612096309661865,0.4297923147678375,/scicore/home/schwede/barta0000/germinal_ds/templates_target_shuffle/nb_s133952_mpnn_4_BHRF/boltz_free/output/boltz_results_nb_s133952_mpnn_4_BHRF/predictions/nb_s133952_mpnn_4_BHRF/nb_s133952_mpnn_4_BHRF_model_0.cif,0.148457,0.1951,0.0443,0.1168,0.8396880030632019,0.7313982248306274,0.4843757152557373,0.9285160899162292,0.8805449604988098,0.7876136302947998,6.8572096824646,0.4843757152557373,/scicore/home/schwede/barta0000/germinal_ds/templates_target_shuffle/nb_s133952_mpnn_4_BHRF/boltz_with_template/output/boltz_results_nb_s133952_mpnn_4_BHRF/predictions/nb_s133952_mpnn_4_BHRF/nb_s133952_mpnn_4_BHRF_model_0.cif,0.153777,0.281,0.051,0.1014,5.368003924687704,5.663537661234538,5.072470188140869,0.116817189601447,0.232970279478504,1.4568443894386292,1.2004477977752686,1.7132409811019895,4.721621672312419,4.671235720316569,4.7720076243082685,0.194861669109428,0.2012230746476825,1.6033411622047424,1.476429104804993,1.7302532196044922,4.716537237167358,4.6392107009887695,4.793863773345947,0.1681636871277951,0.2082667863862246,1.5689353942871094,1.4033715724945068,1.734499216079712,5.377290566762289,5.602845827738444,5.151735305786133,0.1202137359144417,0.2384840790449438,1.4334527254104614,1.210505723953247,1.6563997268676758,4.936289310455322,5.050537427266439,4.822041193644206,0.1035600005644559,0.227230634167156,1.481789767742157,1.2829875946044922,1.6805919408798218,4.747539599736532,4.497385501861572,4.997693697611491,0.1791950221532654,0.1963604406596695,1.6278033256530762,1.496909499168396,1.7586971521377563,5.046388785044352,4.887335300445557,5.205442269643148,0.0864217628710003,0.1931083417293467,1.644503891468048,1.5845346450805664,1.7044731378555298
nb_s807208_mpnn_5_PDL1,False,"A,B",9.69380975271057,82.92277926242652,111.75,6.84,4.906451612903226,67.35750596955626,0.071215,0.1938,0.0369,0.1565,0.34,0.85,-117.88,0.0,0.4,0.9428,0.359,4.3043545372002345,93.43101265822786,18142.54,789.55,2.982580645161291,86.6842850276402,0.508898,0.4134,0.5161,0.5118,0.71,0.82,26784.64,1.0,0.1604,0.1081670155295987,0.8128414603490813,22.111133575439453,52.66981506347656,68.14853,17.327288,0.49291885,,,,,,,0.3463124632835388,/scicore/home/schwede/barta0000/germinal_ds/templates_target_shuffle/nb_s807208_mpnn_5_PDL1/chai_no_constraints/seed_1133/pred.model_idx_3.cif,0.5099813938140869,/scicore/home/schwede/barta0000/germinal_ds/templates_target_shuffle/nb_s807208_mpnn_5_PDL1/chai_with_constraints/seed_186/pred.model_idx_2.cif,0.3463124632835388,0.6805039048194885,0.262764573097229,"[[0.9005363583564758, 0.8723607063293457]]","[[[0.9005363583564758, 0.262764573097229], [0.2604053318500519, 0.8723607063293457]]]",0.262764573097229,0.132611,0.1297,0.0226,0.1376,0.5099813938140869,0.7603598833084106,0.4473867416381836,"[[0.9026788473129272, 0.8570306301116943]]","[[[0.9026788473129272, 0.4086952805519104], [0.4473867416381836, 0.8570306301116943]]]",0.4086952805519104,0.340431,0.2105,0.0576,0.3594,0.8236746788024902,0.8162428140640259,0.682172954082489,0.8590500950813293,0.7723819613456726,0.4926643669605255,2.9421608448028564,0.6374258399009705,/scicore/home/schwede/barta0000/germinal_ds/templates_target_shuffle/nb_s807208_mpnn_5_PDL1/boltz_free/output/boltz_results_nb_s807208_mpnn_5_PDL1/predictions/nb_s807208_mpnn_5_PDL1/nb_s807208_mpnn_5_PDL1_model_0.cif,0.284502,0.1573,0.118,0.2971,0.8268213272094727,0.7932313680648804,0.6272650361061096,0.8767104148864746,0.792439877986908,0.5106462836265564,4.141583442687988,0.58793705701828,/scicore/home/schwede/barta0000/germinal_ds/templates_target_shuffle/nb_s807208_mpnn_5_PDL1/boltz_with_template/output/boltz_results_nb_s807208_mpnn_5_PDL1/predictions/nb_s807208_mpnn_5_PDL1/nb_s807208_mpnn_5_PDL1_model_0.cif,0.21733,0.2107,0.0806,0.2441,4.666187524795532,4.886664072672526,4.445710976918538,0.1476377947561561,0.2216976243742827,1.5064408779144287,1.588148832321167,1.4247329235076904,4.61088784535726,4.734609285990397,4.487166404724121,0.1585595365982709,0.2203436591241558,1.512566864490509,1.5132176876068115,1.5119160413742063,4.540903806686401,4.629685084025065,4.452122529347737,0.165168472677536,0.2194273014424137,1.5167343020439148,1.4621286392211914,1.5713399648666382,4.827881177266439,5.073792934417725,4.581969420115153,0.1750889088163549,0.2183522433999425,1.521645724773407,1.583120584487915,1.460170865058899,4.763695478439331,5.294932047526042,4.23245890935262,0.1551141576133919,0.2196115687262567,1.515894889831543,1.4475314617156982,1.5842583179473877,4.767627159754435,5.108502864837647,4.426751454671224,0.127752494374395,0.2275132021381075,1.48054701089859,1.4341773986816406,1.5269166231155396,4.833956797917684,5.168136914571126,4.499776681264241,0.1337100536587042,0.1961985826440238,1.6286279559135437,1.6113286018371582,1.6459273099899292
nb_s206830_mpnn_1_PDL1,False,"A,B",8.631262796204313,85.2742780172414,10.64,0.92,3.7568181818181814,76.29882486724922,0.131566,0.1194,0.1373,0.1593,0.47,0.85,-164.41,0.0,0.52,0.6056,0.4,3.4139952642916915,96.65135021097048,2208.19,215.76,1.6228846153846157,95.01666683620877,0.682697,0.2819,0.8291,0.625,0.84,0.89,2597.56,1.0,0.1307,0.2759551354238244,0.8348334701328545,22.9969539642334,39.662235260009766,67.48249,17.202482,0.49045104,,,,,,,0.33886611461639404,/scicore/home/schwede/barta0000/germinal_ds/templates_target_shuffle/nb_s206830_mpnn_1_PDL1/chai_no_constraints/seed_626/pred.model_idx_4.cif,0.6780077219009399,/scicore/home/schwede/barta0000/germinal_ds/templates_target_shuffle/nb_s206830_mpnn_1_PDL1/chai_with_constraints/seed_3558/pred.model_idx_0.cif,0.33886611461639404,0.6634244918823242,0.2577264904975891,"[[0.8867719173431396, 0.8811416029930115]]","[[[0.8867719173431396, 0.2531697750091553], [0.2577264904975891, 0.8811416029930115]]]",0.2531697750091553,0.12779,0.0587,0.0198,0.1014,0.6780077219009399,0.8464499115943909,0.635897159576416,"[[0.9276860356330872, 0.9284685850143433]]","[[[0.9276860356330872, 0.6341004371643066], [0.635897159576416, 0.9284685850143433]]]",0.6341004371643066,0.560802,0.1453,0.6231,0.528,0.8167160153388977,0.767533540725708,0.5604283809661865,0.8807879686355591,0.8193574547767639,0.5142194032669067,3.734299898147583,0.5266934633255005,/scicore/home/schwede/barta0000/germinal_ds/templates_target_shuffle/nb_s206830_mpnn_1_PDL1/boltz_free/output/boltz_results_nb_s206830_mpnn_1_PDL1/predictions/nb_s206830_mpnn_1_PDL1/nb_s206830_mpnn_1_PDL1_model_0.cif,0.171356,0.088,0.096,0.1841,0.8941810727119446,0.8637077808380127,0.7797189354896545,0.9227966070175171,0.8921819925308228,0.4004461467266083,1.7526402473449707,0.7321112155914307,/scicore/home/schwede/barta0000/germinal_ds/templates_target_shuffle/nb_s206830_mpnn_1_PDL1/boltz_with_template/output/boltz_results_nb_s206830_mpnn_1_PDL1/predictions/nb_s206830_mpnn_1_PDL1/nb_s206830_mpnn_1_PDL1_model_0.cif,0.478646,0.1991,0.4725,0.5011,4.105258862177531,3.80429474512736,4.406222979227702,0.1145170636969874,0.2758997181807175,1.2877178192138672,1.1758673191070557,1.3995683193206787,3.675059358278911,3.4856844743092856,3.864434242248535,0.1631166560422582,0.2236977627572789,1.4974594116210938,1.2822009325027466,1.712717890739441,3.6771700382232666,3.3747312227884927,3.979608853658041,0.1563199876206555,0.2156874955340316,1.5339246988296509,1.3228318691253662,1.7450175285339355,4.274624983469645,4.043320178985596,4.505929787953694,0.1176506748358811,0.2699305009806533,1.309590756893158,1.1994805335998535,1.4197009801864624,4.119885285695394,3.9483300844828286,4.291440486907959,0.1321277965651613,0.2625677382980176,1.3372461795806885,1.1854251623153689,1.4890671968460083,4.464628537495932,4.452077070871989,4.477180004119873,0.0747820235762031,0.2295478976074641,1.471643567085266,1.239689826965332,1.7035973072052002,4.368327617645264,4.153566837310791,4.583088397979736,0.1307898273338673,0.2192991396409213,1.5173185467720032,1.3842887878417969,1.6503483057022097
nb_s652766_mpnn_5_BHRF,False,"A,B",7.294938753858025,85.02156112576957,67.55,4.24,5.636666666666666,80.4101646729448,0.55403,0.2532,0.3688,0.399,0.76,0.85,-91.97,0.0,0.77,0.0399,0.49,4.85420826099537,92.8645138888889,14181.54,729.55,3.64774193548387,87.51757627544981,0.520349,0.2903,0.5376,0.4712,0.75,0.85,26827.33,1.0,0.013,0.39251895875828685,0.842554215345761,14.990903886159261,59.32598876953125,74.54038,14.178704,0.5758176,,,,,,,0.38113948702812195,/scicore/home/schwede/barta0000/germinal_ds/templates_target_shuffle/nb_s652766_mpnn_5_BHRF/chai_no_constraints/seed_1862/pred.model_idx_0.cif,0.5318459868431091,/scicore/home/schwede/barta0000/germinal_ds/templates_target_shuffle/nb_s652766_mpnn_5_BHRF/chai_with_constraints/seed_2154/pred.model_idx_2.cif,0.38113948702812195,0.6719659566879272,0.30843284726142883,"[[0.8897646069526672, 0.9089173078536987]]","[[[0.8897646069526672, 0.30843284726142883], [0.258788138628006, 0.9089173078536987]]]",0.30843284726142883,0.135773,0.2365,0.0171,0.064,0.5318459868431091,0.7866950035095215,0.46813371777534485,"[[0.8845171928405762, 0.918702244758606]]","[[[0.8845171928405762, 0.46813371777534485], [0.44331789016723633, 0.918702244758606]]]",0.46813371777534485,0.35921,0.1809,0.1949,0.342,0.8005083203315735,0.7484400272369385,0.5095070004463196,0.8732585906982422,0.7904778122901917,0.612649142742157,5.334218502044678,0.5095070004463196,/scicore/home/schwede/barta0000/germinal_ds/templates_target_shuffle/nb_s652766_mpnn_5_BHRF/boltz_free/output/boltz_results_nb_s652766_mpnn_5_BHRF/predictions/nb_s652766_mpnn_5_BHRF/nb_s652766_mpnn_5_BHRF_model_0.cif,0.150469,0.1384,0.0301,0.1004,0.8286423087120056,0.7309232950210571,0.4932750463485718,0.9124840497970581,0.8467438817024231,0.8057317733764648,8.385826110839844,0.4932750463485718,/scicore/home/schwede/barta0000/germinal_ds/templates_target_shuffle/nb_s652766_mpnn_5_BHRF/boltz_with_template/output/boltz_results_nb_s652766_mpnn_5_BHRF/predictions/nb_s652766_mpnn_5_BHRF/nb_s652766_mpnn_5_BHRF_model_0.cif,0.132201,0.2399,0.0239,0.0615,5.24793561299642,5.331988493601481,5.163882732391357,0.1161859434300515,0.2207781229810076,1.510597050189972,1.3323436975479126,1.6888504028320312,4.491648117701213,4.210827032725017,4.772469202677409,0.1645734120239779,0.2031551056665484,1.593785524368286,1.4500149488449097,1.7375560998916626,4.621079603830974,4.402695814768474,4.839463392893474,0.1558786964716327,0.215481101652024,1.5348820686340332,1.335791826248169,1.7339723110198977,5.384454647699991,5.530540307362874,5.238368988037109,0.1434577465603617,0.2272052134988764,1.4819016456604004,1.3050962686538696,1.6587070226669312,4.7942393620808925,4.849190870920817,4.739287853240967,0.0901711571481316,0.1994206312472097,1.6123389601707458,1.5227599143981934,1.7019180059432983,5.142691930135091,5.209790070851644,5.075593789418538,0.0796989012528967,0.225099680423616,1.4912119507789612,1.3359735012054443,1.646450400352478,5.262321869532267,5.342942555745442,5.181701183319092,0.0460605292105801,0.2092878474647278,1.564044713973999,1.4616286754608154,1.6664607524871826
nb_s52054_mpnn_3_BHRF,False,"A,B",9.309618450419812,81.54503012048194,232.53,10.27,8.232051282051284,70.04305629999229,0.183,0.1967,0.0784,0.161,0.5,0.8300000000000001,-14.28,0.0,0.54,0.994,0.255,5.425176249690013,90.87872852233677,13821.87,760.83,4.1225609756097565,86.55568192221902,0.527156,0.3952,0.4881,0.4679,0.75,0.85,22506.09,1.0,0.9948,0.3301739386296222,0.8318296060470065,15.789779901504517,57.81575393676758,79.80093,14.410664,0.57436305,,,,,,,0.5646636486053467,/scicore/home/schwede/barta0000/germinal_ds/templates_target_shuffle/nb_s52054_mpnn_3_BHRF/chai_no_constraints/seed_1456/pred.model_idx_1.cif,0.5068016052246094,/scicore/home/schwede/barta0000/germinal_ds/templates_target_shuffle/nb_s52054_mpnn_3_BHRF/chai_with_constraints/seed_3596/pred.model_idx_1.cif,0.5646636486053467,0.7692732214927673,0.5135112404823303,"[[0.8856893181800842, 0.9147400259971619]]","[[[0.8856893181800842, 0.4712930917739868], [0.5135112404823303, 0.9147400259971619]]]",0.4712930917739868,0.279956,0.1667,0.0608,0.2114,0.5068016052246094,0.7584094405174255,0.44389963150024414,"[[0.8792811632156372, 0.8880905508995056]]","[[[0.8792811632156372, 0.44389963150024414], [0.43681928515434265, 0.8880905508995056]]]",0.44389963150024414,0.314066,0.2187,0.088,0.2994,0.8352571725845337,0.8585508465766907,0.7633941173553467,0.8532228469848633,0.7688705921173096,0.47025248408317566,2.2595975399017334,0.7633941173553467,/scicore/home/schwede/barta0000/germinal_ds/templates_target_shuffle/nb_s52054_mpnn_3_BHRF/boltz_free/output/boltz_results_nb_s52054_mpnn_3_BHRF/predictions/nb_s52054_mpnn_3_BHRF/nb_s52054_mpnn_3_BHRF_model_0.cif,0.459091,0.2366,0.1783,0.437,0.8355409502983093,0.8288455605506897,0.6820824146270752,0.8739055395126343,0.7984757423400879,0.6237326264381409,4.023080348968506,0.6820824146270752,/scicore/home/schwede/barta0000/germinal_ds/templates_target_shuffle/nb_s52054_mpnn_3_BHRF/boltz_with_template/output/boltz_results_nb_s52054_mpnn_3_BHRF/predictions/nb_s52054_mpnn_3_BHRF/nb_s52054_mpnn_3_BHRF_model_0.cif,0.336003,0.2862,0.1207,0.3167,5.4730377197265625,5.954389890034993,4.991685549418132,0.0989334923986827,0.2308825403960229,1.4658461809158323,1.2125341892242432,1.719158172607422,4.835124651590983,4.91844113667806,4.751808166503906,0.151528685633154,0.2079420499959489,1.570495843887329,1.4018266201019287,1.7391650676727295,4.956531604131063,5.09352429707845,4.819538911183675,0.1735317774756912,0.2067254154790275,1.5763638615608215,1.3808656930923462,1.7718620300292969,5.645512183507284,6.188024679819743,5.102999687194824,0.1177326183579307,0.2283499494260193,1.4768759608268738,1.2258025407791138,1.7279493808746338,4.898081064224243,4.990918477376302,4.8052436510721845,0.1253223546906764,0.1955103173930543,1.6321421265602112,1.471874117851257,1.792410135269165,5.075629552205404,5.18321418762207,4.968044916788737,0.1297528187395784,0.2100179923275797,1.5605620741844175,1.4177660942077637,1.7033580541610718,5.453860282897949,5.702783902486165,5.204936663309733,0.1114773405948059,0.2070623211511814,1.574735462665558,1.449776291847229,1.6996946334838867
nb_s622643_mpnn_2_IL3,False,"A,B",12.82049086847162,80.97313953488371,182.21,15.44,5.9275,67.95362994378733,0.006844,0.0765,0.0175,0.0335,0.25,0.835,-0.42,0.0,0.32,0.5757,0.613,4.93535502819916,92.65897233201582,26709.36,1059.0,2.5880952380952382,87.77439880371094,0.525257,0.2362,0.4783,0.4848,0.74,0.84,15554.15,1.0,0.6649,0.07130918334937074,0.8086642885058964,24.958208401997883,58.2033805847168,53.04513,21.046516,0.46781865,,,,,,,0.21169915795326233,/scicore/home/schwede/barta0000/germinal_ds/templates_target_shuffle/nb_s622643_mpnn_2_IL3/chai_no_constraints/seed_4319/pred.model_idx_0.cif,0.3036263585090637,/scicore/home/schwede/barta0000/germinal_ds/templates_target_shuffle/nb_s622643_mpnn_2_IL3/chai_with_constraints/seed_7417/pred.model_idx_1.cif,0.21169915795326233,0.5620825290679932,0.12410330772399902,"[[0.8858988285064697, 0.3173397183418274]]","[[[0.8858988285064697, 0.12410330772399902], [0.08420836180448532, 0.3173397183418274]]]",0.12410330772399902,0.005132,0.077,0.0097,0.0,0.3036263585090637,0.6282120943069458,0.2224799245595932,"[[0.9245070815086365, 0.3281972408294678]]","[[[0.9245070815086365, 0.20184224843978882], [0.2224799245595932, 0.3281972408294678]]]",0.20184224843978882,0.082793,0.0615,0.0169,0.1622,0.8178285956382751,0.7601190805435181,0.5487675666809082,0.8850938677787781,0.8098364472389221,0.5488289594650269,3.875526189804077,0.5440028309822083,/scicore/home/schwede/barta0000/germinal_ds/templates_target_shuffle/nb_s622643_mpnn_2_IL3/boltz_free/output/boltz_results_nb_s622643_mpnn_2_IL3/predictions/nb_s622643_mpnn_2_IL3/nb_s622643_mpnn_2_IL3_model_0.cif,0.183579,0.0978,0.0571,0.153,0.8947182893753052,0.8469040989875793,0.7419735789299011,0.9329044818878174,0.9021030068397522,0.43394383788108826,2.065995216369629,0.7419735789299011,/scicore/home/schwede/barta0000/germinal_ds/templates_target_shuffle/nb_s622643_mpnn_2_IL3/boltz_with_template/output/boltz_results_nb_s622643_mpnn_2_IL3/predictions/nb_s622643_mpnn_2_IL3/nb_s622643_mpnn_2_IL3_model_0.cif,0.49658,0.2457,0.4712,0.4864,4.199717720349629,4.872147083282471,3.5272883574167886,0.1124872356901736,0.2409629637233218,1.4231120347976685,1.157554030418396,1.688670039176941,3.544334252675374,4.146016359329224,2.942652146021525,0.1011572322445311,0.1983519937335998,1.6177120804786682,1.3862619400024414,1.849162220954895,3.5253038009007773,3.775774558385213,3.2748330434163413,0.1595869153057826,0.2076764361538301,1.5717740058898926,1.414817214012146,1.7287307977676392,4.298690954844157,5.049209753672282,3.548172156016032,0.0923998168062876,0.2424364194203158,1.417015790939331,1.1628497838974,1.6711817979812622,3.5171927213668823,4.414444446563721,2.619940996170044,0.0881283834685545,0.1703621427906121,1.7698288559913635,1.2760146856307983,2.2636430263519287,3.4941368103027344,4.508843898773193,2.4794297218322754,0.0878468664097443,0.1695176320556059,1.774798333644867,1.3674756288528442,2.1821210384368896,3.7115635474522906,4.550460815429688,2.872666279474894,0.1145967598707557,0.1359994750347573,1.995104253292084,1.4897924661636353,2.500416040420532
nb_s792926_mpnn_4_BHRF,False,"A,B",12.494127363040123,79.91826948480846,471.12,27.96,8.783333333333333,63.13081591392215,0.022821,0.1031,0.0176,0.0426,0.24,0.8300000000000001,285.55,0.0,0.31,0.3606,1.174,5.753457995756173,90.97138888888888,13290.33,730.32,5.307142857142857,80.48961624732384,0.394064,0.1548,0.2947,0.3834,0.63,0.8,6485.78,1.0,0.0494,0.07289953990273162,0.8251331751459383,17.6609970501491,47.933982849121094,73.41653,15.647565,0.52056694,,,,,,,0.32510945200920105,/scicore/home/schwede/barta0000/germinal_ds/templates_target_shuffle/nb_s792926_mpnn_4_BHRF/chai_no_constraints/seed_6399/pred.model_idx_1.cif,0.37530767917633057,/scicore/home/schwede/barta0000/germinal_ds/templates_target_shuffle/nb_s792926_mpnn_4_BHRF/chai_with_constraints/seed_1601/pred.model_idx_0.cif,0.32510945200920105,0.6563442349433899,0.24230074882507324,"[[0.8855748772621155, 0.9106225967407227]]","[[[0.8855748772621155, 0.24230074882507324], [0.2046339362859726, 0.9106225967407227]]]",0.24230074882507324,0.098171,0.0753,0.0169,0.0816,0.37530767917633057,0.6861683130264282,0.29759252071380615,"[[0.8857873678207397, 0.904313862323761]]","[[[0.8857873678207397, 0.29759252071380615], [0.26341429352760315, 0.904313862323761]]]",0.29759252071380615,0.179612,0.0615,0.0337,0.1397,0.8032771944999695,0.748337984085083,0.5167340040206909,0.8749129772186279,0.8140631914138794,0.5315589308738708,5.247109413146973,0.5167340040206909,/scicore/home/schwede/barta0000/germinal_ds/templates_target_shuffle/nb_s792926_mpnn_4_BHRF/boltz_free/output/boltz_results_nb_s792926_mpnn_4_BHRF/predictions/nb_s792926_mpnn_4_BHRF/nb_s792926_mpnn_4_BHRF_model_0.cif,0.171977,0.1024,0.0457,0.1097,0.7831246852874756,0.6439095735549927,0.3036697804927826,0.9029884338378906,0.8552142977714539,0.7738919258117676,9.522102355957031,0.30321019887924194,/scicore/home/schwede/barta0000/germinal_ds/templates_target_shuffle/nb_s792926_mpnn_4_BHRF/boltz_with_template/output/boltz_results_nb_s792926_mpnn_4_BHRF/predictions/nb_s792926_mpnn_4_BHRF/nb_s792926_mpnn_4_BHRF_model_0.cif,0.019653,0.1209,0.0184,0.006,5.004992485046387,4.771701653798421,5.2382833162943525,0.1373810740484463,0.2090929364633668,1.564976453781128,1.3738726377487185,1.7560802698135376,4.491956949234009,4.18860403696696,4.795309861501058,0.154134061130406,0.2211302068663898,1.5090035796165466,1.3095930814743042,1.708414077758789,4.561753749847412,4.293966293334961,4.829541206359863,0.1385810678049971,0.2241264158954773,1.4955450296401978,1.2795488834381104,1.7115411758422852,5.121727466583252,4.955118497212728,5.288336435953776,0.1422863997808048,0.2224828388309057,1.5029053092002869,1.256297588348389,1.749513030052185,4.8834404945373535,4.698578357696533,5.068302631378174,0.1021204110961923,0.2168147375223355,1.528712034225464,1.3850629329681396,1.672361135482788,4.722231388092041,4.548616727193196,4.895846048990886,0.0905587101757662,0.2071950264843373,1.5740947723388672,1.4356591701507568,1.7125303745269775,4.843045552571614,4.529817899068196,5.156273206075032,0.0750846064209572,0.2130433311673058,1.5462597012519836,1.3883037567138672,1.7042156457901
nb_s754136_mpnn_1_IL20,False,"A,B",14.123091836734696,79.34377807726864,357.61,21.02,11.973437500000001,64.5021418066646,0.00519,0.0708,0.0119,0.0,0.19,0.845,190.96,0.0,0.26,,1.072,4.478256887755102,93.49017857142857,18954.26,1314.97,3.4790625000000004,89.72307792076698,0.60903,0.2775,0.5854,0.5428,0.79,0.87,82808.31,1.0,0.0004,0.06160379732412163,0.8233496932374945,13.158760945002237,66.52268981933594,73.079216,14.72095,0.5650062,,,,,,,0.27242451906204224,/scicore/home/schwede/barta0000/germinal_ds/templates_target_shuffle/nb_s754136_mpnn_1_IL20/chai_no_constraints/seed_2525/pred.model_idx_3.cif,0.34979939460754395,/scicore/home/schwede/barta0000/germinal_ds/templates_target_shuffle/nb_s754136_mpnn_1_IL20/chai_with_constraints/seed_1119/pred.model_idx_0.cif,0.27242451906204224,0.5963293313980103,0.19144833087921143,"[[0.9177654981613159, 0.89375239610672]]","[[[0.9177654981613159, 0.19144833087921143], [0.136997789144516, 0.89375239610672]]]",0.19144833087921143,0.014266,0.1819,0.0126,0.0,0.34979939460754395,0.6335627436637878,0.27885857224464417,"[[0.8751411437988281, 0.848368763923645]]","[[[0.8751411437988281, 0.27885857224464417], [0.2424725890159607, 0.848368763923645]]]",0.27885857224464417,0.160093,0.0775,0.0179,0.1292,0.6051260828971863,0.5764104723930359,0.260906845331192,0.6911808252334595,0.6360788941383362,1.1860514879226685,7.436867713928223,0.20917314291000366,/scicore/home/schwede/barta0000/germinal_ds/templates_target_shuffle/nb_s754136_mpnn_1_IL20/boltz_free/output/boltz_results_nb_s754136_mpnn_1_IL20/predictions/nb_s754136_mpnn_1_IL20/nb_s754136_mpnn_1_IL20_model_0.cif,0.035717,0.0693,0.0123,0.0483,0.8126521110534668,0.7742735743522644,0.6329478621482849,0.8575781583786011,0.8315531611442566,0.7317109704017639,5.036325454711914,0.6329478621482849,/scicore/home/schwede/barta0000/germinal_ds/templates_target_shuffle/nb_s754136_mpnn_1_IL20/boltz_with_template/output/boltz_results_nb_s754136_mpnn_1_IL20/predictions/nb_s754136_mpnn_1_IL20/nb_s754136_mpnn_1_IL20_model_0.cif,0.27608,0.2629,0.108,0.2034,4.8157477378845215,5.422316074371338,4.209179401397705,0.1324525684713023,0.2203412557057515,1.512577772140503,1.302620768547058,1.7225347757339478,4.093658208847046,5.178449630737305,3.008866786956787,0.1185337040094121,0.1421825759653145,1.950643301010132,1.3807969093322754,2.5204896926879883,3.967827161153157,5.039143085479736,2.896511236826578,0.1281597004443113,0.1589329321825264,1.8392729759216309,1.4212257862091064,2.2573201656341557,4.923937877019247,5.545263290405273,4.30261246363322,0.1416879934984105,0.2287122135131592,1.4752907752990725,1.2459259033203125,1.704655647277832,4.565496484438579,5.165771961212158,3.9652210076649994,0.1379719431965153,0.1943315739045421,1.638189435005188,1.3321306705474854,1.9442481994628904,4.8036114772160845,5.682767868041992,3.924455086390177,0.1534463484015326,0.2100956937026402,1.5601921677589417,1.2883844375610352,1.831999897956848,4.6067742506663,4.969218095143636,4.244330406188965,0.1516054485136213,0.1934113653457558,1.642935931682587,1.4120558500289917,1.8738160133361816
nb_s214428_mpnn_1_IL20,False,"A,B",15.442618836544343,80.54449443207128,187.82,11.52,5.84375,77.01051337903388,0.0,0.1814,0.0104,0.0,0.15,0.85,-12.35,0.0,0.23,0.0907,0.351,4.068302014009414,95.00406360424029,19374.42,926.18,2.936333333333334,93.64133326212566,0.679007,0.3455,0.7814,0.5718,0.83,0.88,24554.97,1.0,0.0254,0.033970259303511906,0.817120886648719,16.800263583660126,56.95009231567383,73.86763,14.676197,0.5606358,,,,,,,0.29656362533569336,/scicore/home/schwede/barta0000/germinal_ds/templates_target_shuffle/nb_s214428_mpnn_1_IL20/chai_no_constraints/seed_3811/pred.model_idx_1.cif,0.4342729151248932,/scicore/home/schwede/barta0000/germinal_ds/templates_target_shuffle/nb_s214428_mpnn_1_IL20/chai_with_constraints/seed_2176/pred.model_idx_2.cif,0.29656362533569336,0.6125134825706482,0.21757613122463226,"[[0.876763641834259, 0.9002991318702698]]","[[[0.876763641834259, 0.21757613122463226], [0.18376785516738892, 0.9002991318702698]]]",0.21757613122463226,0.044122,0.068,0.0117,0.0156,0.4342729151248932,0.7124785780906677,0.36472147703170776,"[[0.8822166919708252, 0.8946493864059448]]","[[[0.8822166919708252, 0.36472147703170776], [0.3612785339355469, 0.8946493864059448]]]",0.36472147703170776,0.245601,0.0723,0.0826,0.2443,0.6319515109062195,0.7160667181015015,0.5507356524467468,0.6522554159164429,0.5985647439956665,1.1470592021942139,5.220581531524658,0.5507356524467468,/scicore/home/schwede/barta0000/germinal_ds/templates_target_shuffle/nb_s214428_mpnn_1_IL20/boltz_free/output/boltz_results_nb_s214428_mpnn_1_IL20/predictions/nb_s214428_mpnn_1_IL20/nb_s214428_mpnn_1_IL20_model_0.cif,0.190507,0.0593,0.023,0.1411,0.8234448432922363,0.7826114296913147,0.7013713717460632,0.8539631962776184,0.8310810923576355,0.8542672991752625,3.358109951019287,0.7013713717460632,/scicore/home/schwede/barta0000/germinal_ds/templates_target_shuffle/nb_s214428_mpnn_1_IL20/boltz_with_template/output/boltz_results_nb_s214428_mpnn_1_IL20/predictions/nb_s214428_mpnn_1_IL20/nb_s214428_mpnn_1_IL20_model_0.cif,0.346674,0.2831,0.2337,0.3172,4.595310846964518,4.896471977233887,4.294149716695149,0.1252342864512897,0.222046489385892,1.504868507385254,1.3521496057510376,1.6575874090194702,3.848121881484986,4.541406313578288,3.154837449391683,0.0931095141405509,0.1440769951172643,1.937407433986664,1.4263945817947388,2.448420286178589,3.7083173592885337,4.396854559580485,3.019780158996582,0.1055430424442317,0.1528430135182526,1.878343939781189,1.4487812519073486,2.3079066276550293,4.62037714322408,4.9673646291097,4.27338965733846,0.1206098604664456,0.219428439308477,1.5167291164398191,1.3384230136871338,1.6950352191925049,4.178153872489929,4.263121445973714,4.0931862990061445,0.1489481633264891,0.1738082412925289,1.749802649021149,1.6618032455444336,1.837802052497864,4.171815554300944,4.455047766367595,3.8885833422342935,0.1091927710281837,0.1765098641431131,1.7343785166740415,1.5757697820663452,1.8929872512817385,4.609549125035604,4.956086794535319,4.263011455535889,0.1106995873153658,0.1848330418026936,1.6883023381233215,1.480953335762024,1.8956513404846191
nb_s645924_mpnn_3_BHRF,False,"A,B",10.663715277777778,83.09277262693156,81.09,5.96,5.522916666666667,72.82458093802249,0.114604,0.1267,0.0436,0.1101,0.42,0.85,10.73,0.0,0.47,0.0951,0.519,5.46305362654321,91.68239583333333,672.61,49.49,2.5999999999999996,87.04960052490235,0.522307,0.2532,0.5046,0.4419,0.74,0.84,361.44,1.0,0.5845,0.08325840053596144,0.8519279841155644,20.31301212310791,42.781524658203125,72.70731,16.511757,0.5279359,,,,,,,0.6389933228492737,/scicore/home/schwede/barta0000/germinal_ds/templates_target_shuffle/nb_s645924_mpnn_3_BHRF/chai_no_constraints/seed_1003/pred.model_idx_0.cif,0.6841193437576294,/scicore/home/schwede/barta0000/germinal_ds/templates_target_shuffle/nb_s645924_mpnn_3_BHRF/chai_with_constraints/seed_1799/pred.model_idx_1.cif,0.6389933228492737,0.8386706113815308,0.5890739560127258,"[[0.9269050359725952, 0.9174658060073853]]","[[[0.9269050359725952, 0.5890739560127258], [0.5801381468772888, 0.9174658060073853]]]",0.5890739560127258,0.461663,0.1881,0.3281,0.4266,0.6841193437576294,0.8553881049156189,0.6413021683692932,"[[0.9266232252120972, 0.9200248122215271]]","[[[0.9266232252120972, 0.6413021683692932], [0.6185387372970581, 0.9200248122215271]]]",0.6413021683692932,0.534659,0.1702,0.4287,0.4734,0.881368100643158,0.8701009154319763,0.7576417922973633,0.9122996926307678,0.8401501178741455,0.40462198853492737,1.9615464210510254,0.7576417922973633,/scicore/home/schwede/barta0000/germinal_ds/templates_target_shuffle/nb_s645924_mpnn_3_BHRF/boltz_free/output/boltz_results_nb_s645924_mpnn_3_BHRF/predictions/nb_s645924_mpnn_3_BHRF/nb_s645924_mpnn_3_BHRF_model_0.cif,0.508836,0.1803,0.2816,0.4678,0.8597219586372375,0.7918316125869751,0.6065077781677246,0.9230255484580994,0.8615154027938843,0.5554618835449219,4.417953014373779,0.6065077781677246,/scicore/home/schwede/barta0000/germinal_ds/templates_target_shuffle/nb_s645924_mpnn_3_BHRF/boltz_with_template/output/boltz_results_nb_s645924_mpnn_3_BHRF/predictions/nb_s645924_mpnn_3_BHRF/nb_s645924_mpnn_3_BHRF_model_0.cif,0.259309,0.1955,0.1532,0.2398,4.998086929321289,4.809468110402425,5.186705748240153,0.0537179746020934,0.2282598778549204,1.477270483970642,1.2179489135742188,1.7365920543670654,4.629335085550944,4.466780821482341,4.791889349619548,0.1435033743594959,0.2166096922131392,1.5296581983566284,1.3066155910491943,1.7527008056640625,4.61582088470459,4.426282564798991,4.8053592046101885,0.1475395819650233,0.2355010761550609,1.446039795875549,1.2489601373672483,1.64311945438385,5.072403033574423,4.938501834869385,5.20630423227946,0.039239585804026,0.2286786532278325,1.4754375219345093,1.2078962326049805,1.742978811264038,5.065305948257446,5.070014476776123,5.0605974197387695,0.1232556094790031,0.246466204112193,1.4005303978919983,1.1471316814422607,1.6539291143417358,4.885316371917725,4.714938640594482,5.055694103240967,0.1403153275822458,0.2384887131013401,1.4334332942962646,1.2359907627105713,1.630875825881958,4.905163208643595,4.64562972386678,5.16469669342041,0.1109792328619565,0.2039987419975457,1.5896414518356323,1.49676513671875,1.6825177669525146
nb_s206217_mpnn_5_IL20,False,"A,B",13.910372210915357,81.74053144375553,498.76,34.13,5.707407407407408,69.1581840865761,0.005107,0.1021,0.0121,0.0,0.18,0.855,188.46,0.0,0.25,0.1882,1.243,5.212320793117657,93.20219081272086,4177.58,236.72,2.9063636363636363,86.83615288367638,0.436259,0.2144,0.4409,0.4181,0.65,0.8,7049.12,1.0,0.0015,0.09597185469024594,0.8442702444236191,6.409979479653495,60.00336456298828,75.196655,10.905936,0.693992,,,,,,,0.3336247205734253,/scicore/home/schwede/barta0000/germinal_ds/templates_target_shuffle/nb_s206217_mpnn_5_IL20/chai_no_constraints/seed_1671/pred.model_idx_2.cif,0.391365110874176,/scicore/home/schwede/barta0000/germinal_ds/templates_target_shuffle/nb_s206217_mpnn_5_IL20/chai_with_constraints/seed_1766/pred.model_idx_2.cif,0.3336247205734253,0.6265921592712402,0.26038286089897156,"[[0.9145457148551941, 0.8979718685150146]]","[[[0.9145457148551941, 0.26038286089897156], [0.2243914157152176, 0.8979718685150146]]]",0.26038286089897156,0.055971,0.1065,0.0149,0.0249,0.391365110874176,0.661767303943634,0.3237645626068115,"[[0.9117593765258789, 0.8506922721862793]]","[[[0.9117593765258789, 0.32037052512168884], [0.3237645626068115, 0.8506922721862793]]]",0.32037052512168884,0.188038,0.0555,0.0431,0.1697,0.6751618385314941,0.7509745955467224,0.607178807258606,0.6921575665473938,0.6377732157707214,0.8057360649108887,5.225276947021484,0.5897671580314636,/scicore/home/schwede/barta0000/germinal_ds/templates_target_shuffle/nb_s206217_mpnn_5_IL20/boltz_free/output/boltz_results_nb_s206217_mpnn_5_IL20/predictions/nb_s206217_mpnn_5_IL20/nb_s206217_mpnn_5_IL20_model_0.cif,0.242237,0.0524,0.0351,0.1582,0.8456236124038696,0.8031451106071472,0.7323484420776367,0.8739423155784607,0.8472934365272522,0.6996989250183105,2.994283437728882,0.7323484420776367,/scicore/home/schwede/barta0000/germinal_ds/templates_target_shuffle/nb_s206217_mpnn_5_IL20/boltz_with_template/output/boltz_results_nb_s206217_mpnn_5_IL20/predictions/nb_s206217_mpnn_5_IL20/nb_s206217_mpnn_5_IL20_model_0.cif,0.431982,0.2022,0.3096,0.3541,5.016737302144368,5.736112912495931,4.297361691792806,0.0932628275144439,0.2131746728041294,1.545643389225006,1.2957360744476318,1.7955507040023804,4.3799714644749965,5.608257452646892,3.1516854763031006,0.0942290444226178,0.1605106192611093,1.829395174980164,1.2957255840301514,2.363064765930176,4.36161740620931,5.523687362670898,3.199547449747721,0.1239459206376476,0.1674972202801389,1.786788523197174,1.272106051445007,2.301470994949341,5.141878207524618,5.895199775695801,4.3885566393534345,0.1017653910158773,0.2174166019258977,1.52593994140625,1.2701576948165894,1.7817221879959106,4.96221391359965,5.869975725809733,4.054452101389567,0.0824285724890847,0.2180278952287907,1.5231322646141052,1.151107907295227,1.8951566219329836,4.831571062405904,5.679270108540853,3.983872016270956,0.0787564421476169,0.2223713019165665,1.5034067630767822,1.22108793258667,1.7857255935668943,4.735695203145346,5.23765770594279,4.2337327003479,0.1302879005670283,0.1711876460322637,1.764994978904724,1.5353859663009644,1.994603991508484
nb_s556135_mpnn_2_IL20,False,"A,B",11.137119897959186,83.46348636363636,163.9,15.01,6.050000000000001,70.26033884305475,0.066389,0.0968,0.0321,0.0434,0.38,0.86,-2.84,0.0,0.44,0.005,0.496,5.20358443877551,93.63264285714286,19906.14,1355.99,3.5264705882352945,87.48428417387463,0.439123,0.1864,0.5703,0.4206,0.71,0.82,44208.73,1.0,0.0155,0.12407192665421912,0.8139427019333033,11.592020034790039,69.38668823242188,77.1967,13.636516,0.5672309,,,,,,,0.28098607063293457,/scicore/home/schwede/barta0000/germinal_ds/templates_target_shuffle/nb_s556135_mpnn_2_IL20/chai_no_constraints/seed_2493/pred.model_idx_1.cif,0.4491007328033447,/scicore/home/schwede/barta0000/germinal_ds/templates_target_shuffle/nb_s556135_mpnn_2_IL20/chai_with_constraints/seed_2006/pred.model_idx_2.cif,0.28098607063293457,0.6035065054893494,0.20035596191883087,"[[0.8838401436805725, 0.893842339515686]]","[[[0.8838401436805725, 0.20035596191883087], [0.16412353515625, 0.893842339515686]]]",0.20035596191883087,0.019723,0.102,0.0127,0.0094,0.4491007328033447,0.6933276653289795,0.38804399967193604,"[[0.8918613195419312, 0.8411028981208801]]","[[[0.8918613195419312, 0.38804399967193604], [0.3490801751613617, 0.8411028981208801]]]",0.38804399967193604,0.267885,0.1749,0.0271,0.2409,0.5472880601882935,0.5445182919502258,0.23210041224956512,0.6260849237442017,0.5882723927497864,1.3212823867797852,8.548809051513672,0.22848299145698547,/scicore/home/schwede/barta0000/germinal_ds/templates_target_shuffle/nb_s556135_mpnn_2_IL20/boltz_free/output/boltz_results_nb_s556135_mpnn_2_IL20/predictions/nb_s556135_mpnn_2_IL20/nb_s556135_mpnn_2_IL20_model_0.cif,0.005912,0.0749,0.0107,0.0,0.864035427570343,0.8448541760444641,0.8048166036605835,0.8788400888442993,0.8557484745979309,0.7223563194274902,3.0050740242004395,0.8048166036605835,/scicore/home/schwede/barta0000/germinal_ds/templates_target_shuffle/nb_s556135_mpnn_2_IL20/boltz_with_template/output/boltz_results_nb_s556135_mpnn_2_IL20/predictions/nb_s556135_mpnn_2_IL20/nb_s556135_mpnn_2_IL20_model_0.cif,0.493207,0.4057,0.3348,0.4456,4.565836429595947,4.964342753092448,4.167330106099446,0.0754634705876013,0.2185530239927695,1.5207266211509705,1.2923798561096191,1.7490733861923218,3.663858453432719,4.036481062571208,3.29123584429423,0.1196095845333057,0.131689271793142,2.0273101329803467,1.5599169731140137,2.49470329284668,3.6182320912679033,3.9413384596506753,3.295125722885132,0.1216466394792216,0.1460470663651366,1.9238263368606567,1.453805923461914,2.3938467502593994,4.60627802213033,4.9947465260823565,4.217809518178304,0.0670672279083227,0.2225462354922133,1.5026203989982605,1.203033685684204,1.802207112312317,4.133358359336853,4.723563035329183,3.543153683344523,0.1175409369492244,0.2089212929758679,1.5657976865768433,1.2124300003051758,1.9191653728485107,4.402817408243815,4.924669901529948,3.880964914957682,0.0885330435768908,0.1848103263347596,1.6884252429008484,1.4107558727264404,1.9660946130752563,4.703046957651774,5.009402910868327,4.396691004435222,0.1211846841326885,0.1937410532550914,1.6412327885627749,1.3477270603179932,1.934738516807556
nb_s666722_mpnn_1_BHRF,False,"A,B",10.178724199459877,82.12019911504424,288.8,14.85,8.726470588235294,66.6790412136575,0.119748,0.1786,0.0339,0.1219,0.42,0.835,62.48,0.0,0.48,0.6724,1.074,5.345215808256174,91.19156249999999,1908.39,128.75,3.2423076923076914,81.8362949512623,0.431629,0.2687,0.2665,0.3992,0.68,0.81,1190.35,1.0,0.0012,0.15499999837734016,0.8546472149138812,15.947413762410482,66.5046615600586,73.215904,15.487758,0.5515941,,,,,,,0.6452264785766602,/scicore/home/schwede/barta0000/germinal_ds/templates_target_shuffle/nb_s666722_mpnn_1_BHRF/chai_no_constraints/seed_1560/pred.model_idx_2.cif,0.43068617582321167,/scicore/home/schwede/barta0000/germinal_ds/templates_target_shuffle/nb_s666722_mpnn_1_BHRF/chai_with_constraints/seed_2786/pred.model_idx_4.cif,0.6452264785766602,0.8368099331855774,0.597330629825592,"[[0.9234157204627991, 0.9200664162635803]]","[[[0.9234157204627991, 0.5887104272842407], [0.597330629825592, 0.9200664162635803]]]",0.5887104272842407,0.459088,0.2279,0.2878,0.4277,0.43068617582321167,0.7269290685653687,0.35662543773651123,"[[0.9212293028831482, 0.9126895666122437]]","[[[0.9212293028831482, 0.35662543773651123], [0.32963356375694275, 0.9126895666122437]]]",0.35662543773651123,0.231545,0.2327,0.0519,0.2028,0.8206247687339783,0.8130441308021545,0.6400429606437683,0.865770161151886,0.7674064040184021,0.513921320438385,3.1470553874969482,0.6400429606437683,/scicore/home/schwede/barta0000/germinal_ds/templates_target_shuffle/nb_s666722_mpnn_1_BHRF/boltz_free/output/boltz_results_nb_s666722_mpnn_1_BHRF/predictions/nb_s666722_mpnn_1_BHRF/nb_s666722_mpnn_1_BHRF_model_0.cif,0.279369,0.1853,0.0757,0.2502,0.8230041861534119,0.7769031524658203,0.5724754929542542,0.8856363296508789,0.7848421335220337,0.6081914305686951,4.7779541015625,0.5724754929542542,/scicore/home/schwede/barta0000/germinal_ds/templates_target_shuffle/nb_s666722_mpnn_1_BHRF/boltz_with_template/output/boltz_results_nb_s666722_mpnn_1_BHRF/predictions/nb_s666722_mpnn_1_BHRF/nb_s666722_mpnn_1_BHRF_model_0.cif,0.19826,0.1213,0.0467,0.1588,4.918007850646973,4.661187966664632,5.1748277346293134,0.1194926446247291,0.2224849208193078,1.5028959512710571,1.3211712837219238,1.6846206188201904,4.830885728200276,4.899329503377278,4.762441953023274,0.1998825035982643,0.2158565278338203,1.533141314983368,1.3187322616577148,1.747550368309021,4.779505252838135,4.78805939356486,4.770951112111409,0.2033920496202381,0.2305465874107219,1.467302322387695,1.2486854791641235,1.685919165611267,4.996636946996054,4.688662528991699,5.304611365000407,0.1407819326795318,0.2285325284909926,1.4760767221450806,1.315515160560608,1.6366382837295532,4.782113790512085,4.7075575192769366,4.856670061747233,0.167707537328954,0.2191603799836738,1.517951488494873,1.3233497142791748,1.7125532627105713,5.031120936075846,5.072480996449788,4.989760875701904,0.1637878668030407,0.2480433358303147,1.39415180683136,1.1975808143615725,1.5907227993011477,4.938271999359131,4.649564425150554,5.226979573567708,0.0958904576344228,0.2154434729715433,1.535056710243225,1.402672290802002,1.6674411296844482
nb_s289628_mpnn_1_PDL1,False,"A,B",10.194048318467482,82.65091297383876,160.92,11.91,6.553703703703703,68.31319786153507,0.049587,0.0946,0.0272,0.0844,0.29,0.84,-132.82,0.0,0.35,0.0485,0.54,5.806906122594313,91.05308016877636,23420.39,1026.39,4.285499999999999,81.14045472578569,0.305822,0.1741,0.2407,0.3365,0.54,0.74,32221.61,1.0,0.8889,0.13757941028896528,0.8322031774998025,,,68.44123,16.875162,0.50000715,,,,,,,0.3455161452293396,/scicore/home/schwede/barta0000/germinal_ds/templates_target_shuffle/nb_s289628_mpnn_1_PDL1/chai_no_constraints/seed_1419/pred.model_idx_4.cif,0.5003677606582642,/scicore/home/schwede/barta0000/germinal_ds/templates_target_shuffle/nb_s289628_mpnn_1_PDL1/chai_with_constraints/seed_2979/pred.model_idx_1.cif,0.3455161452293396,0.6741790771484375,0.26335039734840393,"[[0.9069128036499023, 0.881165623664856]]","[[[0.9069128036499023, 0.26335039734840393], [0.24543841183185577, 0.881165623664856]]]",0.26335039734840393,0.124144,0.0713,0.0199,0.0936,0.5003677606582642,0.7744236588478088,0.4318537414073944,"[[0.9108213782310486, 0.8775404095649719]]","[[[0.9108213782310486, 0.4318537414073944], [0.41107335686683655, 0.8775404095649719]]]",0.4318537414073944,0.316468,0.0836,0.0797,0.3819,0.8657868504524231,0.8873050808906555,0.7842004895210266,0.8861834406852722,0.7963775396347046,0.3675060272216797,1.522653341293335,0.7731633186340332,/scicore/home/schwede/barta0000/germinal_ds/templates_target_shuffle/nb_s289628_mpnn_1_PDL1/boltz_free/output/boltz_results_nb_s289628_mpnn_1_PDL1/predictions/nb_s289628_mpnn_1_PDL1/nb_s289628_mpnn_1_PDL1_model_0.cif,0.53944,0.1493,0.2737,0.5626,0.8745852708816528,0.8325614333152771,0.6849384307861328,0.9219969511032104,0.8554943203926086,0.534047544002533,4.260547161102295,0.6700779795646667,/scicore/home/schwede/barta0000/germinal_ds/templates_target_shuffle/nb_s289628_mpnn_1_PDL1/boltz_with_template/output/boltz_results_nb_s289628_mpnn_1_PDL1/predictions/nb_s289628_mpnn_1_PDL1/nb_s289628_mpnn_1_PDL1_model_0.cif,0.288875,0.2356,0.1452,0.3435,4.559272289276123,4.704962730407715,4.413581848144531,0.1056874154866293,0.2463798682986708,1.400880753993988,1.325838327407837,1.4759231805801392,4.836178700129191,5.033820947011312,4.63853645324707,0.1245515880764222,0.2479544080131194,1.3945103883743286,1.2508697509765625,1.5381510257720947,4.878315051396688,5.135249614715576,4.6213804880778,0.1373965666537324,0.274865369812624,1.2914738655090332,1.1315853595733645,1.451362371444702,4.596495866775513,4.753960927327474,4.439030806223552,0.1039807213291243,0.2526436659504386,1.3757752180099487,1.3469414710998535,1.404608964920044,4.552082141240438,4.719897905985515,4.384266376495361,0.1279031513864034,0.2326177836622691,1.4583585858345032,1.2958378791809082,1.620879292488098,4.650709231694539,4.75065549214681,4.550762971242269,0.1170819704208391,0.2356594241420513,1.4453676342964172,1.3135030269622805,1.5772322416305542,4.781354427337647,4.9559257825215655,4.606783072153728,0.102160392323583,0.2110455004815312,1.5556815266609192,1.40382182598114,1.7075412273406982
nb_s81839_mpnn_1_BHRF,False,"A,B",12.517749324845678,83.13740350877192,276.21,18.93,10.314285714285713,70.09644135824385,0.019894,0.0942,0.0179,0.0506,0.25,0.865,-33.19,0.0,0.32,0.6995,0.466,5.7003657889660495,92.43572916666666,2552.13,150.11,5.285740740740741,84.03769038273738,0.359722,0.1769,0.3424,0.3481,0.59,0.78,1227.79,1.0,0.0158,0.08799879516714913,0.878020025982979,16.03262300491333,47.462345123291016,74.00629,15.172737,0.53991926,,,,,,,0.35950207710266113,/scicore/home/schwede/barta0000/germinal_ds/templates_target_shuffle/nb_s81839_mpnn_1_BHRF/chai_no_constraints/seed_360/pred.model_idx_0.cif,0.5645352602005005,/scicore/home/schwede/barta0000/germinal_ds/templates_target_shuffle/nb_s81839_mpnn_1_BHRF/chai_with_constraints/seed_1390/pred.model_idx_4.cif,0.35950207710266113,0.6507108211517334,0.28669989109039307,"[[0.9312925934791565, 0.8988433480262756]]","[[[0.9312925934791565, 0.28669989109039307], [0.2586599588394165, 0.8988433480262756]]]",0.28669989109039307,0.10705,0.1468,0.0173,0.0721,0.5645352602005005,0.7888864874839783,0.5084474682807922,"[[0.930778443813324, 0.9134499430656433]]","[[[0.930778443813324, 0.5084474682807922], [0.4628736674785614, 0.9134499430656433]]]",0.5084474682807922,0.39384,0.1503,0.2696,0.3657,0.8541454672813416,0.8305938243865967,0.6990652680397034,0.8929154276847839,0.8173381090164185,0.48851123452186584,3.1401870250701904,0.6990652680397034,/scicore/home/schwede/barta0000/germinal_ds/templates_target_shuffle/nb_s81839_mpnn_1_BHRF/boltz_free/output/boltz_results_nb_s81839_mpnn_1_BHRF/predictions/nb_s81839_mpnn_1_BHRF/nb_s81839_mpnn_1_BHRF_model_0.cif,0.358678,0.1593,0.1211,0.2902,0.8604493141174316,0.7913084030151367,0.610723078250885,0.9228808879852295,0.8708531856536865,0.6137478947639465,5.839566707611084,0.610723078250885,/scicore/home/schwede/barta0000/germinal_ds/templates_target_shuffle/nb_s81839_mpnn_1_BHRF/boltz_with_template/output/boltz_results_nb_s81839_mpnn_1_BHRF/predictions/nb_s81839_mpnn_1_BHRF/nb_s81839_mpnn_1_BHRF_model_0.cif,0.248009,0.2602,0.0833,0.1749,5.045485099156698,5.0963436762491865,4.994626522064209,0.112007345743192,0.238645499592013,1.4327760934829712,1.1473655700683594,1.718186616897583,4.770431439081827,4.674465179443359,4.866397698720296,0.1396372524883073,0.2114040629712185,1.553983986377716,1.3920542001724243,1.7159137725830078,4.843679984410604,4.786360899607341,4.900999069213867,0.1200129811343024,0.2258593142086916,1.4878429770469666,1.306465983390808,1.669219970703125,5.205348173777263,5.324621359507243,5.086074988047282,0.094781294039525,0.2478602673863607,1.3948901295661926,1.1028177738189695,1.6869624853134155,4.9371672471364345,4.990054130554199,4.884280363718669,0.084717017975506,0.2483647230963959,1.3928569555282593,1.213468313217163,1.5722455978393557,4.98805276552836,4.8954668045043945,5.080638726552327,0.1083553284289168,0.2397633578766339,1.4281028509140017,1.1773288249969482,1.678876876831055,5.041513999303183,4.87684981028239,5.206178188323975,0.0777209107432864,0.2117115157161747,1.5525307059288025,1.4347935914993286,1.6702678203582764
nb_s141576_mpnn_4_PDL1,False,"A,B",9.322532001637915,84.83043733333334,77.27,6.63,3.4875000000000003,74.06619220102856,0.102809,0.12,0.0633,0.1652,0.41,0.87,-136.08,0.0,0.46,0.0569,0.282,4.3838284462959995,94.1753164556962,1694.76,170.0,2.3420454545454543,92.14913011633831,0.550359,0.2803,0.7113,0.5307,0.77,0.84,919.61,1.0,0.2056,0.23701120619753474,0.8603821193757487,20.155234336853027,43.46638107299805,65.91777,17.109287,0.4929032,,,,,,,0.4242236018180847,/scicore/home/schwede/barta0000/germinal_ds/templates_target_shuffle/nb_s141576_mpnn_4_PDL1/chai_no_constraints/seed_1019/pred.model_idx_2.cif,0.5105231404304504,/scicore/home/schwede/barta0000/germinal_ds/templates_target_shuffle/nb_s141576_mpnn_4_PDL1/chai_with_constraints/seed_1048/pred.model_idx_2.cif,0.4242236018180847,0.734157383441925,0.34674015641212463,"[[0.9225329160690308, 0.8840442895889282]]","[[[0.9225329160690308, 0.34674015641212463], [0.33077913522720337, 0.8840442895889282]]]",0.34674015641212463,0.202946,0.1081,0.0413,0.1897,0.5105231404304504,0.7870321273803711,0.4413958787918091,"[[0.932966411113739, 0.8863349556922913]]","[[[0.932966411113739, 0.4413958787918091], [0.4280722737312317, 0.8863349556922913]]]",0.4413958787918091,0.320489,0.1101,0.1525,0.3736,0.8010105490684509,0.7311528921127319,0.5998507142066956,0.8513004183769226,0.7494065761566162,0.593273401260376,4.00552225112915,0.47257429361343384,/scicore/home/schwede/barta0000/germinal_ds/templates_target_shuffle/nb_s141576_mpnn_4_PDL1/boltz_free/output/boltz_results_nb_s141576_mpnn_4_PDL1/predictions/nb_s141576_mpnn_4_PDL1/nb_s141576_mpnn_4_PDL1_model_0.cif,0.182272,0.0857,0.0404,0.1728,0.8323176503181458,0.7444140911102295,0.5400139093399048,0.9053936004638672,0.8409059643745422,0.5911350250244141,5.670670986175537,0.5185997486114502,/scicore/home/schwede/barta0000/germinal_ds/templates_target_shuffle/nb_s141576_mpnn_4_PDL1/boltz_with_template/output/boltz_results_nb_s141576_mpnn_4_PDL1/predictions/nb_s141576_mpnn_4_PDL1/nb_s141576_mpnn_4_PDL1_model_0.cif,0.142535,0.1679,0.0568,0.1431,4.648707787195842,4.777868429819743,4.51954714457194,0.0893197142605536,0.26202080015347,1.3393313884735107,1.2956472635269165,1.383015513420105,4.453826904296875,4.328221956888835,4.579431851704915,0.0944281829789061,0.2482561913498994,1.3932940363883972,1.2365877628326416,1.5500003099441528,4.375843922297159,4.1099623044331866,4.641725540161133,0.111099482623493,0.2530241702243837,1.374270260334015,1.2564496994018557,1.4920908212661743,4.659966627756754,4.695589065551758,4.624344189961751,0.0813273247167195,0.2703326902282699,1.3081018924713137,1.2709786891937256,1.3452250957489014,4.431694904963175,4.44950008392334,4.413889726003011,0.0997513883655894,0.2305562067646086,1.4672605991363523,1.2945375442504885,1.6399836540222168,4.488369703292847,4.442943890889485,4.533795515696208,0.1075618525605082,0.2160463082778997,1.5322625041007996,1.3998174667358398,1.6647075414657593,4.380736589431763,4.224258263905843,4.537214914957683,0.0888910152388104,0.2094159751205948,1.563432693481445,1.4712926149368286,1.655572772026062
nb_s807688_mpnn_3_IL20,False,"A,B",8.145461734693878,83.87575317604356,89.49,5.68,6.621875,76.07870056286289,0.25227,0.1363,0.1494,0.192,0.65,0.86,41.65,0.0,0.68,0.0144,0.278,4.379839158163265,93.75592857142857,16802.55,759.56,3.8638571428571433,91.46375179290771,0.688344,0.2703,0.7307,0.54,0.84,0.88,18574.1,1.0,,0.33350540670244005,0.8241289983228643,12.037306785583496,68.1067123413086,74.1805,14.172372,0.56333524,,,,,,,0.3106444776058197,/scicore/home/schwede/barta0000/germinal_ds/templates_target_shuffle/nb_s807688_mpnn_3_IL20/chai_no_constraints/seed_3519/pred.model_idx_4.cif,0.40903139114379883,/scicore/home/schwede/barta0000/germinal_ds/templates_target_shuffle/nb_s807688_mpnn_3_IL20/chai_with_constraints/seed_2008/pred.model_idx_3.cif,0.3106444776058197,0.6122126579284668,0.23525241017341614,"[[0.9232256412506104, 0.8915451169013977]]","[[[0.9232256412506104, 0.23525241017341614], [0.2161247879266739, 0.8915451169013977]]]",0.23525241017341614,0.024655,0.1067,0.013,0.0116,0.40903139114379883,0.6672208905220032,0.34448403120040894,"[[0.916406512260437, 0.881165623664856]]","[[[0.916406512260437, 0.34448403120040894], [0.2911642789840698, 0.881165623664856]]]",0.34448403120040894,0.158011,0.1159,0.0265,0.1195,0.631016194820404,0.6813130378723145,0.44924619793891907,0.6764586567878723,0.5795530676841736,0.9328198432922363,5.854108810424805,0.4148762822151184,/scicore/home/schwede/barta0000/germinal_ds/templates_target_shuffle/nb_s807688_mpnn_3_IL20/boltz_free/output/boltz_results_nb_s807688_mpnn_3_IL20/predictions/nb_s807688_mpnn_3_IL20/nb_s807688_mpnn_3_IL20_model_0.cif,0.151883,0.039,0.0169,0.0911,0.8457449078559875,0.8441911339759827,0.7742590308189392,0.8636163473129272,0.8081175088882446,0.5476034879684448,2.3636269569396973,0.7742590308189392,/scicore/home/schwede/barta0000/germinal_ds/templates_target_shuffle/nb_s807688_mpnn_3_IL20/boltz_with_template/output/boltz_results_nb_s807688_mpnn_3_IL20/predictions/nb_s807688_mpnn_3_IL20/nb_s807688_mpnn_3_IL20_model_0.cif,0.505923,0.1583,0.2462,0.4362,4.589836359024048,4.916562557220459,4.263110160827637,0.0994111373645149,0.2074743568170062,1.572747528553009,1.40628981590271,1.739205241203308,3.856076677640279,4.657995065053304,3.0541582902272544,0.1236887323867493,0.1597308618275636,1.8342649936676023,1.2621345520019531,2.406395435333252,3.839759747187297,4.678194681803386,3.0013248125712075,0.1197044079387753,0.1776698644213471,1.7278281450271606,1.2585647106170654,2.197091579437256,4.619554599126181,4.98390547434489,4.255203723907471,0.1010519290531412,0.212701815807484,1.547864019870758,1.3356945514678955,1.7600334882736206,4.446484486262004,5.002913475036621,3.890055497487386,0.0884813401848517,0.2063339904059551,1.5782591104507446,1.2679083347320557,1.8886098861694336,4.656333367029825,5.204163551330566,4.108503182729085,0.076480343650195,0.2000153010438968,1.6093614101409912,1.3082566261291504,1.910466194152832,4.597944696744284,5.067309856414795,4.128579537073772,0.1302829197688345,0.1840184013312778,1.6927195191383362,1.4862562417984009,1.8991827964782717
nb_s233025_mpnn_1_BHRF,False,"A,B",13.548503809799378,79.45672663448882,767.43,49.63,5.734375,63.57347344815889,0.008781,0.0771,0.0141,0.0185,0.21,0.835,271.85,0.0,0.28,0.0133,1.331,7.925236786265431,88.83763888888888,5010.65,251.86,3.0043478260869563,77.64407334504304,0.202885,0.1575,0.0645,0.1651,0.47,0.71,2844.06,1.0,0.0325,0.10319997086865396,0.8673187417687725,14.656108125050862,64.65978240966797,74.22794,14.193049,0.57695293,,,,,,,0.3109968304634094,/scicore/home/schwede/barta0000/germinal_ds/templates_target_shuffle/nb_s233025_mpnn_1_BHRF/chai_no_constraints/seed_3742/pred.model_idx_4.cif,0.47257253527641296,/scicore/home/schwede/barta0000/germinal_ds/templates_target_shuffle/nb_s233025_mpnn_1_BHRF/chai_with_constraints/seed_1390/pred.model_idx_3.cif,0.3109968304634094,0.6388345956802368,0.22903738915920258,"[[0.8943967819213867, 0.9066675305366516]]","[[[0.8943967819213867, 0.22903738915920258], [0.18405187129974365, 0.9066675305366516]]]",0.22903738915920258,0.071543,0.121,0.0143,0.0181,0.47257253527641296,0.7337800860404968,0.4072706401348114,"[[0.8738195300102234, 0.8841803073883057]]","[[[0.8738195300102234, 0.4072706401348114], [0.3691192865371704, 0.8841803073883057]]]",0.4072706401348114,0.280679,0.1762,0.0678,0.2604,0.8360065817832947,0.8097712993621826,0.6924925446510315,0.8718850612640381,0.804643988609314,0.5511189699172974,4.113083839416504,0.6924925446510315,/scicore/home/schwede/barta0000/germinal_ds/templates_target_shuffle/nb_s233025_mpnn_1_BHRF/boltz_free/output/boltz_results_nb_s233025_mpnn_1_BHRF/predictions/nb_s233025_mpnn_1_BHRF/nb_s233025_mpnn_1_BHRF_model_0.cif,0.266177,0.2575,0.0793,0.2153,0.8122966885566711,0.7764764428138733,0.577998697757721,0.8708711266517639,0.7980146408081055,0.7021768093109131,5.350365161895752,0.577998697757721,/scicore/home/schwede/barta0000/germinal_ds/templates_target_shuffle/nb_s233025_mpnn_1_BHRF/boltz_with_template/output/boltz_results_nb_s233025_mpnn_1_BHRF/predictions/nb_s233025_mpnn_1_BHRF/nb_s233025_mpnn_1_BHRF_model_0.cif,0.212195,0.2172,0.056,0.1666,5.373099406560263,5.737108866373698,5.009089946746826,0.1387601141295738,0.2159812616317014,1.5325636267662048,1.2996819019317627,1.765445351600647,5.255544900894165,5.590478738149007,4.920611063639323,0.2079550611540497,0.1923474122647386,1.64845210313797,1.4637625217437744,1.8331416845321653,5.118905544281006,5.454519589742024,4.783291498819987,0.1888707234362443,0.2180176290450534,1.5231793522834778,1.3024656772613523,1.743893027305603,5.493802229563396,5.828002134958903,5.159602324167888,0.144845709968475,0.2250696686257011,1.4913452863693235,1.2648711204528809,1.7178194522857666,4.864806890487671,4.935198783874512,4.79441499710083,0.1944518679789368,0.2123621263386763,1.5494623184204102,1.3698478937149048,1.7290767431259155,5.190752188364664,5.5698347091674805,4.811669667561849,0.1742107165456371,0.2150740339045916,1.5367729663848877,1.2780368328094482,1.7955090999603271,5.33821447690328,5.433266321818034,5.243162631988525,0.0904303069553912,0.2207493715608015,1.5107272863388062,1.3790671825408936,1.6423873901367188
nb_s72302_mpnn_3_IL20,False,"A,B",11.307548469387756,83.68639039855071,61.86,5.41,4.090000000000001,74.45331102728328,0.035251,0.1148,0.0247,0.0568,0.37,0.87,-56.98,0.0,0.42,0.9226,0.554,4.878976403061224,94.48496428571428,22326.78,1002.53,2.1588095238095244,90.98590885509144,0.473711,0.2362,0.6175,0.4382,0.73,0.83,58114.44,1.0,0.6837,0.127606575458129,0.8253702903549266,11.220730781555176,68.51775360107422,75.93855,13.421311,0.5679471,,,,,,,0.3008544147014618,/scicore/home/schwede/barta0000/germinal_ds/templates_target_shuffle/nb_s72302_mpnn_3_IL20/chai_no_constraints/seed_330/pred.model_idx_3.cif,0.5482105016708374,/scicore/home/schwede/barta0000/germinal_ds/templates_target_shuffle/nb_s72302_mpnn_3_IL20/chai_with_constraints/seed_1510/pred.model_idx_1.cif,0.3008544147014618,0.6153130531311035,0.22223974764347076,"[[0.933245062828064, 0.8961525559425354]]","[[[0.933245062828064, 0.22223974764347076], [0.21045224368572235, 0.8961525559425354]]]",0.22223974764347076,0.042014,0.0974,0.0164,0.0159,0.5482105016708374,0.7775049209594727,0.4908868968486786,"[[0.9323873519897461, 0.8988282680511475]]","[[[0.9323873519897461, 0.4908868968486786], [0.4764223098754883, 0.8988282680511475]]]",0.4908868968486786,0.37613,0.0754,0.357,0.3559,0.5809940695762634,0.5893931984901428,0.2818353772163391,0.6557837724685669,0.599873423576355,1.1537284851074219,7.9386162757873535,0.23257960379123688,/scicore/home/schwede/barta0000/germinal_ds/templates_target_shuffle/nb_s72302_mpnn_3_IL20/boltz_free/output/boltz_results_nb_s72302_mpnn_3_IL20/predictions/nb_s72302_mpnn_3_IL20/nb_s72302_mpnn_3_IL20_model_0.cif,0.04162,0.0401,0.012,0.0492,0.8797953724861145,0.8131335973739624,0.7019925713539124,0.9242460131645203,0.9013951420783997,0.5330814123153687,2.351180076599121,0.7019925713539124,/scicore/home/schwede/barta0000/germinal_ds/templates_target_shuffle/nb_s72302_mpnn_3_IL20/boltz_with_template/output/boltz_results_nb_s72302_mpnn_3_IL20/predictions/nb_s72302_mpnn_3_IL20/nb_s72302_mpnn_3_IL20_model_0.cif,0.440816,0.3047,0.4735,0.4155,5.203073501586914,6.239182790120442,4.166964213053386,0.1754394821100814,0.2292134767706083,1.4731014966964722,1.2378277778625488,1.7083752155303955,4.67426594098409,6.215133666992188,3.1333982149759927,0.1490099681471066,0.1763386159143672,1.735349178314209,1.209047794342041,2.261650562286377,4.711129943529765,6.270538806915283,3.1517210801442466,0.1466049869683814,0.1895814656308889,1.662936449050903,1.1979985237121582,2.1278743743896484,5.271777788798014,6.342930793762207,4.200624783833821,0.1961613480802969,0.2343180469370553,1.4510759115219116,1.157464861869812,1.7446869611740112,5.0788034200668335,6.210759003957112,3.946847836176554,0.1727938184127448,0.2331332483037581,1.4561451077461245,1.100890874862671,1.8113993406295776,5.181718031565349,6.381866137186687,3.9815699259440094,0.1934479656121987,0.2078482214405475,1.5709471702575684,1.234628677368164,1.9072656631469729,5.365840514500936,6.44079049428304,4.290890534718831,0.2053934576230928,0.2082262597043486,1.569130003452301,1.1795053482055664,1.958754658699036
nb_s450006_mpnn_3_IL20,False,"A,B",9.377125,83.16039927404718,202.15,11.19,6.4390625,68.86227042597179,0.131817,0.1258,0.0424,0.1057,0.42,0.86,124.2,0.0,0.47,0.9525,0.528,5.767004719387755,91.11146428571428,4403.32,279.04,3.1996774193548396,82.09636387680516,0.336624,0.218,0.3111,0.3348,0.6,0.77,4547.3,1.0,0.006,0.1850528817058156,0.8509676910114808,10.425288779394966,59.771278381347656,73.791695,11.98222,0.6328643,,,,,,,0.3913846015930176,/scicore/home/schwede/barta0000/germinal_ds/templates_target_shuffle/nb_s450006_mpnn_3_IL20/chai_no_constraints/seed_1704/pred.model_idx_1.cif,0.34392476081848145,/scicore/home/schwede/barta0000/germinal_ds/templates_target_shuffle/nb_s450006_mpnn_3_IL20/chai_with_constraints/seed_1955/pred.model_idx_3.cif,0.3913846015930176,0.6694411039352417,0.32187044620513916,"[[0.9246132373809814, 0.8847168684005737]]","[[[0.9246132373809814, 0.32187044620513916], [0.2949119210243225, 0.8847168684005737]]]",0.32187044620513916,0.155303,0.1109,0.0288,0.1127,0.34392476081848145,0.6521645784378052,0.2668648064136505,"[[0.8943764567375183, 0.8786514401435852]]","[[[0.8943764567375183, 0.2668648064136505], [0.2450614869594574, 0.8786514401435852]]]",0.2668648064136505,0.126415,0.1235,0.0184,0.107,0.5545163154602051,0.5784829258918762,0.25470855832099915,0.6294682621955872,0.5692236423492432,0.8387625813484192,7.817806243896484,0.2127462476491928,/scicore/home/schwede/barta0000/germinal_ds/templates_target_shuffle/nb_s450006_mpnn_3_IL20/boltz_free/output/boltz_results_nb_s450006_mpnn_3_IL20/predictions/nb_s450006_mpnn_3_IL20/nb_s450006_mpnn_3_IL20_model_0.cif,0.017478,0.0319,0.011,0.0399,0.7702616453170776,0.7099844813346863,0.522256076335907,0.8322629928588867,0.7684915065765381,0.7980661392211914,6.651886940002441,0.522256076335907,/scicore/home/schwede/barta0000/germinal_ds/templates_target_shuffle/nb_s450006_mpnn_3_IL20/boltz_with_template/output/boltz_results_nb_s450006_mpnn_3_IL20/predictions/nb_s450006_mpnn_3_IL20/nb_s450006_mpnn_3_IL20_model_0.cif,0.165276,0.0981,0.0391,0.1029,4.499401251475016,5.10327132542928,3.895531177520752,0.1062983000404371,0.233111488458226,1.4562384486198423,1.1833734512329102,1.729103446006775,4.09494411945343,4.936348597208659,3.2535396416982016,0.1111460116348211,0.1778726187006343,1.7266876101493835,1.2700742483139038,2.1833009719848637,4.088495810826619,4.866018136342366,3.3109734853108725,0.1165096648748508,0.2074031754621886,1.573090672492981,1.1202001571655271,2.0259811878204346,4.884419997533162,5.564290364583333,4.204549630482991,0.1251414267884005,0.2320868026554778,1.4606438279151917,1.1818077564239502,1.739479899406433,4.782633543014526,5.501609643300374,4.063657442728679,0.1269997358708162,0.2015162252789969,1.6018853783607483,1.3166189193725586,1.887151837348938,4.670300165812174,5.358330090840657,3.9822702407836914,0.1196168504782925,0.1969587221202309,1.6247611045837402,1.276042938232422,1.9734792709350584,4.762469132741292,5.208539326985677,4.316398938496907,0.1609918869761517,0.1834258052176566,1.6959450244903564,1.4484241008758545,1.9434659481048584
nb_s877988_mpnn_3_IL20,False,"A,B",13.99034693877551,77.96607577807848,375.18,20.22,9.280263157894739,59.42988259955837,0.005555,0.0837,0.0126,0.0,0.21,0.8200000000000001,164.76,0.0,0.28,0.0007,0.692,7.14400676020408,89.80257142857143,24619.18,1498.83,5.252205882352941,77.73416699303522,0.257225,0.1806,0.1483,0.2417,0.53,0.75,73026.5,1.0,0.6281,0.1072885787602467,0.8148313364086947,10.008553600311279,65.95735168457031,73.2076,13.430684,0.58922493,,,,,,,0.27639633417129517,/scicore/home/schwede/barta0000/germinal_ds/templates_target_shuffle/nb_s877988_mpnn_3_IL20/chai_no_constraints/seed_1808/pred.model_idx_0.cif,0.3232976794242859,/scicore/home/schwede/barta0000/germinal_ds/templates_target_shuffle/nb_s877988_mpnn_3_IL20/chai_with_constraints/seed_3932/pred.model_idx_0.cif,0.27639633417129517,0.5977362394332886,0.196061372756958,"[[0.906462550163269, 0.8909662961959839]]","[[[0.906462550163269, 0.196061372756958], [0.15036641061306, 0.8909662961959839]]]",0.196061372756958,0.023841,0.0844,0.0123,0.0061,0.3232976794242859,0.640597403049469,0.24397273361682892,"[[0.9075758457183838, 0.8957079648971558]]","[[[0.9075758457183838, 0.24397273361682892], [0.21188560128211975, 0.8957079648971558]]]",0.24397273361682892,0.121384,0.0227,0.0423,0.1439,0.6025099158287048,0.600041389465332,0.3572087585926056,0.6638352274894714,0.5924868583679199,0.9944227933883667,8.328390121459961,0.3572087585926056,/scicore/home/schwede/barta0000/germinal_ds/templates_target_shuffle/nb_s877988_mpnn_3_IL20/boltz_free/output/boltz_results_nb_s877988_mpnn_3_IL20/predictions/nb_s877988_mpnn_3_IL20/nb_s877988_mpnn_3_IL20_model_0.cif,0.034315,0.0747,0.0137,0.0282,0.7811688184738159,0.697402834892273,0.571479856967926,0.8335910439491272,0.7803440690040588,0.8811908960342407,4.960489273071289,0.571479856967926,/scicore/home/schwede/barta0000/germinal_ds/templates_target_shuffle/nb_s877988_mpnn_3_IL20/boltz_with_template/output/boltz_results_nb_s877988_mpnn_3_IL20/predictions/nb_s877988_mpnn_3_IL20/nb_s877988_mpnn_3_IL20_model_0.cif,0.183527,0.2949,0.0971,0.1709,4.465658823649088,4.6400430997212725,4.291274547576904,0.1270787759471575,0.2013020455219945,1.602948784828186,1.3929558992385864,1.8129416704177856,4.142583966255188,5.140230178833008,3.144937753677368,0.0490534123574545,0.1719233802450825,1.76070636510849,1.2158104181289673,2.3056023120880127,4.042719841003418,5.153014659881592,2.932425022125244,0.0498921262716378,0.1794534636250444,1.7178393602371216,1.11266827583313,2.3230104446411133,4.636836846669515,4.84257157643636,4.431102116902669,0.1049539542584424,0.2027021660684339,1.5960175395011902,1.3630952835083008,1.82893979549408,4.5457695325215655,5.207098007202148,3.884441057840983,0.1354250389119536,0.2084296925600598,1.5681535005569458,1.2787847518920898,1.8575222492218015,4.628720959027609,5.264740626017253,3.992701292037964,0.1131873475763493,0.2079062583034713,1.5706679821014404,1.2638487815856934,1.8774871826171875,4.685730775197348,5.111347357432048,4.260114192962647,0.1205306468130482,0.1808191232093292,1.710258066654205,1.4974653720855713,1.9230507612228396
nb_s283003_mpnn_2_IL20,False,"A,B",6.4606568877551025,86.92683385579937,81.0,4.7,5.554166666666666,79.45085079336235,0.368215,0.1661,0.1914,0.306,0.68,0.885,-35.89,0.0,0.7,0.0567,0.55,3.7606776785714287,96.08985714285714,17246.47,622.96,2.805806451612903,94.65500044822693,0.688187,0.3474,0.7695,0.5864,0.82,0.87,17103.37,1.0,0.0702,0.16537816082998552,0.8362014032292726,14.720268181392125,57.6512565612793,72.12861,14.323533,0.556433,,,,,,,0.2687051594257355,/scicore/home/schwede/barta0000/germinal_ds/templates_target_shuffle/nb_s283003_mpnn_2_IL20/chai_no_constraints/seed_1594/pred.model_idx_2.cif,0.42370128631591797,/scicore/home/schwede/barta0000/germinal_ds/templates_target_shuffle/nb_s283003_mpnn_2_IL20/chai_with_constraints/seed_757/pred.model_idx_1.cif,0.2687051594257355,0.5975903868675232,0.18648383021354675,"[[0.8994404673576355, 0.8927097916603088]]","[[[0.8994404673576355, 0.18648383021354675], [0.13754118978977203, 0.8927097916603088]]]",0.18648383021354675,0.026356,0.087,0.013,0.0101,0.42370128631591797,0.6974122524261475,0.3552735149860382,"[[0.8790081739425659, 0.8536159992218018]]","[[[0.8790081739425659, 0.3552735149860382], [0.35013508796691895, 0.8536159992218018]]]",0.3552735149860382,0.229637,0.2602,0.0269,0.2098,0.6489980816841125,0.752677857875824,0.592415988445282,0.6631435751914978,0.587075412273407,0.6159232258796692,3.8158276081085205,0.5663987994194031,/scicore/home/schwede/barta0000/germinal_ds/templates_target_shuffle/nb_s283003_mpnn_2_IL20/boltz_free/output/boltz_results_nb_s283003_mpnn_2_IL20/predictions/nb_s283003_mpnn_2_IL20/nb_s283003_mpnn_2_IL20_model_0.cif,0.248237,0.0425,0.0295,0.1893,0.8263956904411316,0.7986301183700562,0.6956551671028137,0.8590807914733887,0.8310009241104126,0.7576004862785339,2.8955910205841064,0.6956551671028137,/scicore/home/schwede/barta0000/germinal_ds/templates_target_shuffle/nb_s283003_mpnn_2_IL20/boltz_with_template/output/boltz_results_nb_s283003_mpnn_2_IL20/predictions/nb_s283003_mpnn_2_IL20/nb_s283003_mpnn_2_IL20_model_0.cif,0.365386,0.2467,0.2946,0.3242,4.823185205459595,5.461810906728108,4.184559504191081,0.1042255936539141,0.2188656294191721,1.5192973017692566,1.208922266960144,1.8296723365783687,4.133465131123861,5.316138903299968,2.950791358947754,0.1347414932481895,0.1588636133849345,1.839709222316742,1.248257040977478,2.431161403656006,4.2178469101587925,5.394583066304524,3.041110754013061,0.1212221199227032,0.1749116265267551,1.7434744238853457,1.2068556547164917,2.280093193054199,4.926994800567627,5.533884525299072,4.320105075836182,0.1269567359641507,0.2195491781822467,1.5161790251731873,1.2092528343200684,1.8231052160263064,4.4365762869517,4.787518342336019,4.085634231567383,0.1043988327851807,0.1815127315409293,1.7064294815063477,1.4200901985168457,1.9927687644958496,4.478661775588989,4.934646288553874,4.0226772626241045,0.1203499076949842,0.2033311012323446,1.5929195880889893,1.3016204833984375,1.884218692779541,4.540146668752034,4.90845521291097,4.171838124593099,0.1290934180615465,0.1808174203471295,1.7102674841880798,1.489147663116455,1.9313873052597048
nb_s483532_mpnn_3_BHRF,False,"A,B",13.861604214891978,78.1525597874225,736.87,46.53,10.04423076923077,55.827256026578965,0.006884,0.0626,0.0119,0.0319,0.18,0.815,184.08,0.0,0.26,0.2918,0.707,6.614560546875001,87.98920138888889,7850.04,520.26,6.133333333333333,72.30517288734173,0.310814,0.1525,0.1768,0.3083,0.58,0.78,4000.05,1.0,0.0783,0.09370476166298593,0.8339261620665868,17.414691274816338,61.53963088989258,73.96094,15.426173,0.5531091,,,,,,,0.27781248092651367,/scicore/home/schwede/barta0000/germinal_ds/templates_target_shuffle/nb_s483532_mpnn_3_BHRF/chai_no_constraints/seed_6602/pred.model_idx_3.cif,0.4477255344390869,/scicore/home/schwede/barta0000/germinal_ds/templates_target_shuffle/nb_s483532_mpnn_3_BHRF/chai_with_constraints/seed_163/pred.model_idx_0.cif,0.27781248092651367,0.6163148880004883,0.19318687915802002,"[[0.9030324816703796, 0.9065077900886536]]","[[[0.9030324816703796, 0.19318687915802002], [0.14778456091880798, 0.9065077900886536]]]",0.19318687915802002,0.026156,0.1437,0.0116,0.0103,0.4477255344390869,0.7294161915779114,0.3773028254508972,"[[0.880144476890564, 0.9023133516311646]]","[[[0.880144476890564, 0.3773028254508972], [0.3411201536655426, 0.9023133516311646]]]",0.3773028254508972,0.259026,0.1297,0.0805,0.2314,0.8246310353279114,0.8306882977485657,0.7021979689598083,0.8552393317222595,0.7712962031364441,0.49836358428001404,2.678421974182129,0.7021979689598083,/scicore/home/schwede/barta0000/germinal_ds/templates_target_shuffle/nb_s483532_mpnn_3_BHRF/boltz_free/output/boltz_results_nb_s483532_mpnn_3_BHRF/predictions/nb_s483532_mpnn_3_BHRF/nb_s483532_mpnn_3_BHRF_model_0.cif,0.389581,0.1644,0.116,0.3386,0.792890191078186,0.7306251525878906,0.5132968425750732,0.8627884984016418,0.7652465105056763,0.8049550652503967,7.202411651611328,0.5132968425750732,/scicore/home/schwede/barta0000/germinal_ds/templates_target_shuffle/nb_s483532_mpnn_3_BHRF/boltz_with_template/output/boltz_results_nb_s483532_mpnn_3_BHRF/predictions/nb_s483532_mpnn_3_BHRF/nb_s483532_mpnn_3_BHRF_model_0.cif,0.171986,0.1532,0.0339,0.1039,5.044127305348715,4.958729267120361,5.129525343577067,0.173928422529304,0.2057882679963891,1.5809074640274048,1.434626817703247,1.7271881103515625,4.660698175430298,4.534829139709473,4.786567211151123,0.2153932757867322,0.2063793521275046,1.578039288520813,1.4206421375274658,1.7354364395141602,4.714763482411702,4.573525746663411,4.856001218159993,0.1985590644171756,0.2104800653599099,1.5583643317222595,1.3946232795715332,1.7221053838729858,5.114159425099691,5.018847942352295,5.209470907847087,0.1857592199958763,0.2086400643236649,1.5671446919441223,1.4239284992218018,1.7103608846664429,4.998625437418619,4.920718669891357,5.076532204945882,0.1472591050848088,0.2231161561154939,1.5000627636909485,1.28997540473938,1.710150122642517,4.998512506484985,5.052990913391113,4.944034099578857,0.1463650076691395,0.2272683437952535,1.4816238284111023,1.2789230346679688,1.6843246221542358,5.097365856170654,4.963855743408203,5.2308759689331055,0.1173447119986001,0.2169102736800017,1.528271496295929,1.4090951681137085,1.6474478244781494
nb_s327251_mpnn_4_IL20,False,"A,B",5.949483418367346,86.46773224043716,57.15,3.13,5.02051282051282,78.84418985382105,0.472658,0.184,0.3278,0.4431,0.75,0.875,-42.0,0.0,0.76,0.921,0.296,3.4825964285714295,95.962,3137.51,168.19,2.0927142857142855,95.3645468047171,0.771677,0.3921,0.8227,0.6428,0.86,0.9,4414.01,1.0,0.9779,0.41479326689527024,0.8822313830539809,15.808240294456482,62.82996368408203,73.92873,15.1445675,0.54197556,,,,,,,0.7660150527954102,/scicore/home/schwede/barta0000/germinal_ds/templates_target_shuffle/nb_s327251_mpnn_4_IL20/chai_no_constraints/seed_2118/pred.model_idx_0.cif,0.36653029918670654,/scicore/home/schwede/barta0000/germinal_ds/templates_target_shuffle/nb_s327251_mpnn_4_IL20/chai_with_constraints/seed_1189/pred.model_idx_3.cif,0.7660150527954102,0.8782735466957092,0.7379503846168518,"[[0.9282293915748596, 0.9052861332893372]]","[[[0.9282293915748596, 0.7379503846168518], [0.7048869132995605, 0.9052861332893372]]]",0.7379503846168518,0.656227,0.2464,0.5381,0.5476,0.36653029918670654,0.6506142616271973,0.2955092787742615,"[[0.9285115599632263, 0.884376049041748]]","[[[0.9285115599632263, 0.2955092787742615], [0.23668931424617767, 0.884376049041748]]]",0.2955092787742615,0.157327,0.1633,0.0345,0.1376,0.6555723547935486,0.7670817375183105,0.5980824828147888,0.6699447631835938,0.6103276014328003,0.7284175157546997,4.539931297302246,0.5914161801338196,/scicore/home/schwede/barta0000/germinal_ds/templates_target_shuffle/nb_s327251_mpnn_4_IL20/boltz_free/output/boltz_results_nb_s327251_mpnn_4_IL20/predictions/nb_s327251_mpnn_4_IL20/nb_s327251_mpnn_4_IL20_model_0.cif,0.229828,0.0527,0.0293,0.1581,0.7925922274589539,0.7708461284637451,0.6237068772315979,0.8348135948181152,0.7769283056259155,0.8024021983146667,5.492373943328857,0.6237068772315979,/scicore/home/schwede/barta0000/germinal_ds/templates_target_shuffle/nb_s327251_mpnn_4_IL20/boltz_with_template/output/boltz_results_nb_s327251_mpnn_4_IL20/predictions/nb_s327251_mpnn_4_IL20/nb_s327251_mpnn_4_IL20_model_0.cif,0.253058,0.1655,0.078,0.1856,4.656110684076945,5.616145133972168,3.696076234181722,0.0321170408207897,0.2148959306902053,1.5376014113426208,1.256037950515747,1.8191648721694944,4.189627806345621,5.196518262227376,3.182737350463867,0.0838490482397984,0.149209495467916,1.9024039506912231,1.4096307754516602,2.395177125930786,4.098626494407654,5.182462533315023,3.0147904555002847,0.0927969679949426,0.1842353405085787,1.691541314125061,1.26788067817688,2.115201950073242,4.805372397104899,5.723076979319255,3.887667814890544,0.0224950617427729,0.2230554156527364,1.5003350377082825,1.2215242385864258,1.7791458368301392,4.666106541951498,5.309361457824707,4.022851626078288,0.0833169355032636,0.2106316204360953,1.557644546031952,1.1768033504486084,1.9384857416152956,4.611381649971008,5.565053304036458,3.657709995905558,0.0815345935288597,0.2059813016575214,1.579969882965088,1.3178216218948364,1.8421181440353396,4.758582949638367,5.330592791239421,4.1865731080373125,0.0904102852304572,0.1952399958577507,1.6335257291793823,1.3526291847229004,1.9144222736358645
nb_s666722_mpnn_2_IL20,False,"A,B",12.444536989795917,81.19061874431301,88.29,5.55,5.6049999999999995,64.50484672700024,0.00608,0.0831,0.0156,0.0181,0.21,0.85,-95.5,0.0,0.29,0.0008,0.273,4.890504336734693,94.07057142857141,1528.88,106.78,2.4571875,89.02200012207031,0.47419,0.3012,0.5124,0.4396,0.74,0.81,2071.05,1.0,0.1262,0.08127566003661416,0.8502484206303075,14.713512420654297,56.22043228149414,72.062416,14.711609,0.552218,,,,,,,0.31200504302978516,/scicore/home/schwede/barta0000/germinal_ds/templates_target_shuffle/nb_s666722_mpnn_2_IL20/chai_no_constraints/seed_3740/pred.model_idx_0.cif,0.3817408084869385,/scicore/home/schwede/barta0000/germinal_ds/templates_target_shuffle/nb_s666722_mpnn_2_IL20/chai_with_constraints/seed_3132/pred.model_idx_2.cif,0.31200504302978516,0.6236966848373413,0.23408213257789612,"[[0.9213464260101318, 0.8884910345077515]]","[[[0.9213464260101318, 0.23408213257789612], [0.19342376291751862, 0.8884910345077515]]]",0.23408213257789612,0.08074,0.076,0.015,0.0276,0.3817408084869385,0.6859601140022278,0.30568596720695496,"[[0.9205281734466553, 0.8903020620346069]]","[[[0.9205281734466553, 0.3032233715057373], [0.30568596720695496, 0.8903020620346069]]]",0.3032233715057373,0.181028,0.113,0.0657,0.1768,0.6190293431282043,0.7678053975105286,0.6118593215942383,0.6208218336105347,0.5379505753517151,0.7849335074424744,4.049159049987793,0.6118593215942383,/scicore/home/schwede/barta0000/germinal_ds/templates_target_shuffle/nb_s666722_mpnn_2_IL20/boltz_free/output/boltz_results_nb_s666722_mpnn_2_IL20/predictions/nb_s666722_mpnn_2_IL20/nb_s666722_mpnn_2_IL20_model_0.cif,0.239874,0.0433,0.0214,0.1669,0.7623816132545471,0.7145770192146301,0.5231884121894836,0.822179913520813,0.7358725666999817,0.9195111393928528,6.235840320587158,0.5231884121894836,/scicore/home/schwede/barta0000/germinal_ds/templates_target_shuffle/nb_s666722_mpnn_2_IL20/boltz_with_template/output/boltz_results_nb_s666722_mpnn_2_IL20/predictions/nb_s666722_mpnn_2_IL20/nb_s666722_mpnn_2_IL20_model_0.cif,0.178679,0.1486,0.0408,0.1287,4.121775825818379,4.492794831593831,3.750756820042928,0.1270867095861638,0.2264874467735433,1.485065758228302,1.202772617340088,1.767358899116516,3.962248921394348,4.692410469055176,3.2320873737335205,0.1430482631569176,0.1488154708015171,1.9050481915473936,1.327301859855652,2.482794523239136,3.761243224143982,4.462947845458984,3.0595386028289795,0.1311338843151996,0.1712613521413888,1.7645645141601562,1.283191442489624,2.2459375858306885,4.496324261029561,5.006861527760823,3.9857869942982993,0.1440069688942578,0.2287424792442686,1.475158452987671,1.1723933219909668,1.777923583984375,4.506107727686564,5.101901690165202,3.9103137652079263,0.1530448266624232,0.2123299021036679,1.5496140718460083,1.216034770011902,1.8831933736801147,4.580076495806376,5.151996453603108,4.008156538009644,0.1773976353313208,0.2229372797539059,1.500864803791046,1.1923929452896118,1.8093366622924805,4.456559340159099,4.535195986429851,4.377922693888347,0.1213513555385458,0.1815583393627458,1.7061782479286194,1.49770188331604,1.9146546125411987
nb_s327251_mpnn_3_PDL1,False,"A,B",6.2484858195801944,88.38354347826089,98.36,7.72,3.0152173913043483,81.85212808783253,0.331025,0.2482,0.2973,0.3105,0.67,0.86,-118.91,0.0,0.69,0.9927,0.324,3.3291721412166857,96.64299578059071,1716.27,151.34,1.7683333333333335,95.39291795094807,0.705113,0.4029,0.8162,0.6433,0.85,0.89,1176.84,1.0,0.9052,0.7861737070395637,0.8980573610267705,,,69.47792,17.105448,0.49637145,,,,,,,0.3863975405693054,/scicore/home/schwede/barta0000/germinal_ds/templates_target_shuffle/nb_s327251_mpnn_3_PDL1/chai_no_constraints/seed_1497/pred.model_idx_1.cif,0.4421241879463196,/scicore/home/schwede/barta0000/germinal_ds/templates_target_shuffle/nb_s327251_mpnn_3_PDL1/chai_with_constraints/seed_2765/pred.model_idx_4.cif,0.3863975405693054,0.715401828289032,0.3041464388370514,"[[0.9440889954566956, 0.8832200169563293]]","[[[0.9440889954566956, 0.3041464388370514], [0.2928885817527771, 0.8832200169563293]]]",0.3041464388370514,0.158875,0.12,0.0305,0.1327,0.4421241879463196,0.7503414154052734,0.3650698661804199,"[[0.9436497092247009, 0.8782756328582764]]","[[[0.9436497092247009, 0.3650698661804199], [0.35532039403915405, 0.8782756328582764]]]",0.3650698661804199,0.227244,0.1259,0.0748,0.2398,0.8967637419700623,0.8855972290039062,0.8087698221206665,0.91876220703125,0.8769067525863647,0.4249870479106903,1.8093159198760986,0.7779285907745361,/scicore/home/schwede/barta0000/germinal_ds/templates_target_shuffle/nb_s327251_mpnn_3_PDL1/boltz_free/output/boltz_results_nb_s327251_mpnn_3_PDL1/predictions/nb_s327251_mpnn_3_PDL1/nb_s327251_mpnn_3_PDL1_model_0.cif,0.550896,0.2317,0.4402,0.5351,0.9018661379814148,0.8538416624069214,0.7191738486289978,0.9475392699241638,0.913597047328949,0.41952207684516907,2.965521812438965,0.7020882964134216,/scicore/home/schwede/barta0000/germinal_ds/templates_target_shuffle/nb_s327251_mpnn_3_PDL1/boltz_with_template/output/boltz_results_nb_s327251_mpnn_3_PDL1/predictions/nb_s327251_mpnn_3_PDL1/nb_s327251_mpnn_3_PDL1_model_0.cif,0.367002,0.3348,0.3952,0.4489,5.010789712270101,5.640996774037679,4.3805826505025225,0.0345251054563333,0.2717803818017629,1.3027609586715698,1.1523454189300537,1.453176498413086,4.840179443359375,5.1967058181762695,4.4836530685424805,0.0944736879753516,0.2450571358972497,1.4062638878822329,1.1768540143966677,1.635673761367798,4.851857741673788,5.133187770843506,4.570527712504069,0.080782143219374,0.2836253562165849,1.260101079940796,1.0330320596694946,1.4871701002120972,5.1205662091573085,5.7452012697855634,4.495931148529053,0.0572279380533801,0.2771924288619123,1.2830433249473572,1.164369821548462,1.4017168283462524,4.941712856292725,5.521616776784261,4.3618089358011884,0.0506600233104507,0.2567187599116747,1.359774112701416,1.138880729675293,1.580667495727539,5.104857285817464,5.728134473164876,4.481580098470052,0.0298446568583051,0.2504287299274625,1.384580910205841,1.1868219375610352,1.582339882850647,4.884549458821614,5.134030659993489,4.635068257649739,0.0567936537443786,0.2349181701052569,1.4485180377960205,1.312057375907898,1.584978699684143
nb_s216967_mpnn_4_BHRF,False,"A,B",13.578068279779409,80.03931758530184,114.31,9.45,12.70909090909091,64.93049493723619,0.005883,0.0851,0.0144,0.0031,0.2,0.84,33.01,0.0,0.27,0.0007,0.471,7.723860842455805,89.82986254295533,1215.82,72.39,7.010681818181819,78.50320098876954,0.199101,0.1902,0.0941,0.1815,0.49,0.73,744.16,1.0,0.3146,0.07479643260462374,0.8712893248702654,14.583200005924,52.47262954711914,73.47257,14.013948,0.5720997,,,,,,,0.27151089906692505,/scicore/home/schwede/barta0000/germinal_ds/templates_target_shuffle/nb_s216967_mpnn_4_BHRF/chai_no_constraints/seed_1047/pred.model_idx_1.cif,0.6011918187141418,/scicore/home/schwede/barta0000/germinal_ds/templates_target_shuffle/nb_s216967_mpnn_4_BHRF/chai_with_constraints/seed_3879/pred.model_idx_0.cif,0.27151089906692505,0.6031826734542847,0.18859295547008514,"[[0.9003112316131592, 0.9040384292602539]]","[[[0.9003112316131592, 0.18859295547008514], [0.14150375127792358, 0.9040384292602539]]]",0.18859295547008514,0.011723,0.0721,0.0111,0.0152,0.6011918187141418,0.7977441549301147,0.5520537495613098,"[[0.9004713296890259, 0.9001650214195251]]","[[[0.9004713296890259, 0.5326219797134399], [0.5520537495613098, 0.9001650214195251]]]",0.5326219797134399,0.414053,0.1359,0.1017,0.3856,0.7475937008857727,0.6623527407646179,0.3984593152999878,0.8348772525787354,0.7607372999191284,0.7834274172782898,9.603859901428223,0.37648409605026245,/scicore/home/schwede/barta0000/germinal_ds/templates_target_shuffle/nb_s216967_mpnn_4_BHRF/boltz_free/output/boltz_results_nb_s216967_mpnn_4_BHRF/predictions/nb_s216967_mpnn_4_BHRF/nb_s216967_mpnn_4_BHRF_model_0.cif,0.082409,0.1013,0.0167,0.0369,0.8824209570884705,0.8273434638977051,0.7430465817451477,0.917264461517334,0.8852666020393372,0.6068335771560669,4.263085842132568,0.7430465817451477,/scicore/home/schwede/barta0000/germinal_ds/templates_target_shuffle/nb_s216967_mpnn_4_BHRF/boltz_with_template/output/boltz_results_nb_s216967_mpnn_4_BHRF/predictions/nb_s216967_mpnn_4_BHRF/nb_s216967_mpnn_4_BHRF_model_0.cif,0.403549,0.3289,0.1615,0.39,5.322813987731934,5.408948103586833,5.236679871877034,0.1198040587651469,0.2143195790595417,1.5402870178222656,1.2795177698135376,1.8010562658309937,4.990773836771647,5.189762115478516,4.791785558064778,0.1561188352904053,0.2085939943386011,1.5673655271530151,1.352121114730835,1.782609939575195,4.93118969599406,5.056103388468425,4.806276003519694,0.183935498119825,0.2152127846727655,1.536128044128418,1.3254883289337158,1.74676775932312,5.404933214187622,5.552328904469808,5.2575375239054365,0.1314783581058876,0.2122162323988364,1.5501495599746704,1.286104440689087,1.814194679260254,5.205582777659099,5.445159117380778,4.966006437937419,0.1148447413510117,0.2172593490438157,1.5266634821891785,1.3555768728256226,1.6977500915527344,4.954277753829956,4.9845225016276045,4.924033006032308,0.0973289392066886,0.2362889239273487,1.44269996881485,1.2243876457214355,1.6610122919082642,5.34597110748291,5.508645693461101,5.18329652150472,0.1137964902459488,0.2125714750409902,1.5484769940376282,1.3925637006759644,1.704390287399292
nb_s24110_mpnn_5_BHRF,False,"A,B",12.029322193287038,79.79017613386173,597.94,34.35,9.780000000000001,61.55962380692242,0.04065,0.0692,0.018,0.0641,0.27,0.835,185.54,0.0,0.34,0.3229,0.345,6.03234893422068,90.93861111111111,10833.2,515.07,5.4596,76.3764529074392,0.351458,0.1672,0.2704,0.3344,0.61,0.79,11625.82,1.0,0.16,0.11279820044011005,0.8510643414233935,16.99708843231201,44.248897552490234,73.364944,16.120419,0.5310247,,,,,,,0.4388142228126526,/scicore/home/schwede/barta0000/germinal_ds/templates_target_shuffle/nb_s24110_mpnn_5_BHRF/chai_no_constraints/seed_1498/pred.model_idx_3.cif,0.6254787445068359,/scicore/home/schwede/barta0000/germinal_ds/templates_target_shuffle/nb_s24110_mpnn_5_BHRF/chai_with_constraints/seed_2601/pred.model_idx_2.cif,0.4388142228126526,0.7283959984779358,0.3664187788963318,"[[0.8851436376571655, 0.9157605171203613]]","[[[0.8851436376571655, 0.3664187788963318], [0.34656819701194763, 0.9157605171203613]]]",0.3664187788963318,0.223044,0.1409,0.0348,0.1719,0.6254787445068359,0.8403403162956238,0.5717633366584778,"[[0.8976579308509827, 0.9190750122070312]]","[[[0.8976579308509827, 0.541994035243988], [0.5717633366584778, 0.9190750122070312]]]",0.541994035243988,0.500622,0.1897,0.2064,0.4423,0.8175312876701355,0.7521858215332031,0.5050541162490845,0.8956506252288818,0.7879432439804077,0.572072446346283,4.738682270050049,0.5021591782569885,/scicore/home/schwede/barta0000/germinal_ds/templates_target_shuffle/nb_s24110_mpnn_5_BHRF/boltz_free/output/boltz_results_nb_s24110_mpnn_5_BHRF/predictions/nb_s24110_mpnn_5_BHRF/nb_s24110_mpnn_5_BHRF_model_0.cif,0.207454,0.1028,0.0441,0.1687,0.8618258833885193,0.8222187757492065,0.6567475199699402,0.9130954742431641,0.8351109027862549,0.5716140270233154,4.8053107261657715,0.6567475199699402,/scicore/home/schwede/barta0000/germinal_ds/templates_target_shuffle/nb_s24110_mpnn_5_BHRF/boltz_with_template/output/boltz_results_nb_s24110_mpnn_5_BHRF/predictions/nb_s24110_mpnn_5_BHRF/nb_s24110_mpnn_5_BHRF_model_0.cif,0.297933,0.1687,0.0918,0.2527,5.202884991963705,5.253597895304362,5.152172088623047,0.1611340215454605,0.2171378504110694,1.5272228717803955,1.3764631748199463,1.6779825687408447,4.609890460968018,4.462902863820394,4.756878058115642,0.1880542704332297,0.2173348198548464,1.5263161659240725,1.3633558750152588,1.6892764568328855,4.746642510096232,4.68080488840739,4.812480131785075,0.1922874026647253,0.2167960514304226,1.528798222541809,1.4083118438720703,1.649284601211548,5.267936706542969,5.278601328531901,5.257272084554036,0.1537499611206199,0.2209497751124855,1.5098198652267456,1.3688993453979492,1.650740385055542,5.14254363377889,5.330031236012776,4.955056031545003,0.133519682347053,0.2223396925089056,1.5035489201545715,1.3479551076889038,1.6591427326202393,5.060515562693277,5.1424479484558105,4.978583176930745,0.1135617046016796,0.2262440025467784,1.4861412048339844,1.3415184020996094,1.6307640075683594,5.059340874354044,4.890803654988607,5.227878093719482,0.0983298626918442,0.2089741986557783,1.5655444860458374,1.488849639892578,1.642239332199097
nb_s792926_mpnn_5_IL20,False,"A,B",14.789002551020408,79.45753964657906,164.56,12.26,10.820000000000002,65.46406426106638,0.005371,0.0636,0.0118,0.0,0.16,0.8400000000000001,59.84,0.0,0.24,0.018,0.736,5.750366326530614,92.63942857142858,3858.42,213.76,5.2938,85.25519958496093,0.363387,0.1857,0.4098,0.3328,0.63,0.8,4217.05,1.0,0.1611,0.07826352339403819,0.8299168895280438,11.175680024283272,65.09272003173828,73.882835,14.060622,0.562508,,,,,,,0.3839908242225647,/scicore/home/schwede/barta0000/germinal_ds/templates_target_shuffle/nb_s792926_mpnn_5_IL20/chai_no_constraints/seed_1038/pred.model_idx_1.cif,0.37495964765548706,/scicore/home/schwede/barta0000/germinal_ds/templates_target_shuffle/nb_s792926_mpnn_5_IL20/chai_with_constraints/seed_3041/pred.model_idx_4.cif,0.3839908242225647,0.6690446138381958,0.31272733211517334,"[[0.907727837562561, 0.8871829509735107]]","[[[0.907727837562561, 0.30522680282592773], [0.31272733211517334, 0.8871829509735107]]]",0.30522680282592773,0.159402,0.0781,0.0314,0.1137,0.37495964765548706,0.6490305066108704,0.30644193291664124,"[[0.8855195045471191, 0.8664417266845703]]","[[[0.8855195045471191, 0.30644193291664124], [0.2728782892227173, 0.8664417266845703]]]",0.30644193291664124,0.151171,0.0701,0.0218,0.1345,0.587060809135437,0.6259737610816956,0.34899041056632996,0.6465783715248108,0.5820143818855286,1.1002368927001953,7.191595077514648,0.3046134412288666,/scicore/home/schwede/barta0000/germinal_ds/templates_target_shuffle/nb_s792926_mpnn_5_IL20/boltz_free/output/boltz_results_nb_s792926_mpnn_5_IL20/predictions/nb_s792926_mpnn_5_IL20/nb_s792926_mpnn_5_IL20_model_0.cif,0.088868,0.0405,0.0133,0.0458,0.8280728459358215,0.8062747120857239,0.6777024865150452,0.8656654357910156,0.8336447477340698,0.7505106329917908,3.0454366207122803,0.6777024865150452,/scicore/home/schwede/barta0000/germinal_ds/templates_target_shuffle/nb_s792926_mpnn_5_IL20/boltz_with_template/output/boltz_results_nb_s792926_mpnn_5_IL20/predictions/nb_s792926_mpnn_5_IL20/nb_s792926_mpnn_5_IL20_model_0.cif,0.387531,0.1745,0.2181,0.3409,4.520939747492472,4.847973187764485,4.193906307220459,0.1293100713045874,0.2117533770430095,1.5523329973220823,1.3681700229644775,1.7364959716796875,3.7278960943222046,4.361882050832112,3.0939101378122964,0.0786025663921619,0.172570356963825,1.7569502592086792,1.212514877319336,2.3013856410980225,3.7354858716328936,4.440907001495361,3.0300647417704263,0.0596293089239913,0.2010469264491869,1.6042169332504272,1.0933210849761963,2.115112781524658,4.51338275273641,4.899832248687744,4.126933256785075,0.1355826000626524,0.2267316664937232,1.4839880466461182,1.25349760055542,1.7144784927368164,4.246796528498331,4.638365109761556,3.8552279472351074,0.0862780851454299,0.2008063373892168,1.60541433095932,1.2994303703308103,1.9113982915878296,4.384174307187399,4.707307020823161,4.061041593551636,0.1143632918344237,0.2216891013738614,1.5064793229103088,1.1977581977844238,1.8152004480361936,4.366316080093384,4.388831456502278,4.343800703684489,0.1296420857003729,0.195808835168742,1.6306164264678955,1.3512687683105469,1.909964084625244
nb_s604314_mpnn_3_BHRF,False,"A,B",12.860850694444446,81.30162126537785,405.83,19.99,13.294736842105262,65.70546521724495,0.030277,0.1499,0.0227,0.0525,0.31,0.835,77.39,0.0,0.36,,0.958,6.009064067322531,91.34524305555556,16604.93,824.79,5.611666666666667,81.15448405824858,0.382677,0.2434,0.2618,0.3447,0.62,0.78,25049.26,1.0,,0.1077897024565106,0.8316223517312936,17.626640379428864,50.194515228271484,73.31482,15.440496,0.54354864,,,,,,,0.31136393547058105,/scicore/home/schwede/barta0000/germinal_ds/templates_target_shuffle/nb_s604314_mpnn_3_BHRF/chai_no_constraints/seed_1423/pred.model_idx_0.cif,0.3959379196166992,/scicore/home/schwede/barta0000/germinal_ds/templates_target_shuffle/nb_s604314_mpnn_3_BHRF/chai_with_constraints/seed_2932/pred.model_idx_2.cif,0.31136393547058105,0.6320527791976929,0.2311917245388031,"[[0.9060673713684082, 0.8875997066497803]]","[[[0.9060673713684082, 0.2311917245388031], [0.1893397718667984, 0.8875997066497803]]]",0.2311917245388031,0.069769,0.1106,0.0145,0.0394,0.3959379196166992,0.6984659433364868,0.32030588388442993,"[[0.9020085334777832, 0.9024872779846191]]","[[[0.9020085334777832, 0.32030588388442993], [0.28310444951057434, 0.9024872779846191]]]",0.32030588388442993,0.197431,0.0684,0.0618,0.1725,0.758259117603302,0.6094835996627808,0.26352185010910034,0.88194340467453,0.8113563060760498,0.6883795261383057,9.117347717285156,0.1872491091489792,/scicore/home/schwede/barta0000/germinal_ds/templates_target_shuffle/nb_s604314_mpnn_3_BHRF/boltz_free/output/boltz_results_nb_s604314_mpnn_3_BHRF/predictions/nb_s604314_mpnn_3_BHRF/nb_s604314_mpnn_3_BHRF_model_0.cif,0.006314,0.1475,0.0138,0.0155,0.7721468210220337,0.6562904715538025,0.3797398805618286,0.8702484965324402,0.8068084120750427,0.7937861084938049,9.129251480102539,0.3477846086025238,/scicore/home/schwede/barta0000/germinal_ds/templates_target_shuffle/nb_s604314_mpnn_3_BHRF/boltz_with_template/output/boltz_results_nb_s604314_mpnn_3_BHRF/predictions/nb_s604314_mpnn_3_BHRF/nb_s604314_mpnn_3_BHRF_model_0.cif,0.072299,0.1476,0.0214,0.0218,5.181329568227133,5.286741256713867,5.075917879740397,0.0763311718276473,0.2130259097131694,1.5463414788246157,1.329893946647644,1.762789011001587,4.827146053314209,4.982603708902995,4.671688397725423,0.1176814896680364,0.2094783453019576,1.5631349086761477,1.287934422492981,1.838335394859314,4.871143579483032,5.0081868171691895,4.734100341796875,0.1344038425094069,0.2290390770123504,1.473862648010254,1.2144855260849,1.733239769935608,5.250906149546306,5.401796499888103,5.100015799204509,0.107287713429855,0.2246228098806151,1.4933326840400696,1.2557262182235718,1.7309391498565674,5.024760484695435,5.120769341786702,4.928751627604167,0.0759628899852349,0.222705191144125,1.501906394958496,1.274606704711914,1.729206085205078,4.961719433466593,4.933335145314534,4.990103721618652,0.0831788493935577,0.2299134462613024,1.4700523614883425,1.2405319213867188,1.6995728015899658,5.124685446421306,5.064996878306071,5.18437401453654,0.0740029750593648,0.2061904189141911,1.5789551734924316,1.4772775173187256,1.6806328296661377
nb_s983700_mpnn_2_IL3,False,"A,B",13.493486400000002,77.8641789527199,253.89,17.81,7.486363636363637,60.481630948236216,0.006794,0.0441,0.0142,0.052,0.19,0.81,66.9,0.0,0.26,0.0072,1.229,7.7609993600000005,87.72796,6919.99,358.73,4.060652173913043,71.97833331425984,0.208489,0.0905,0.0732,0.1992,0.45,0.68,3305.8,1.0,0.0147,0.10208914660767598,0.8246691200233421,24.859928766886394,50.06636428833008,50.79673,21.369036,0.45471197,,,,,,,0.23399853706359863,/scicore/home/schwede/barta0000/germinal_ds/templates_target_shuffle/nb_s983700_mpnn_2_IL3/chai_no_constraints/seed_4631/pred.model_idx_3.cif,0.24020478129386902,/scicore/home/schwede/barta0000/germinal_ds/templates_target_shuffle/nb_s983700_mpnn_2_IL3/chai_with_constraints/seed_1098/pred.model_idx_4.cif,0.23399853706359863,0.5685937404632568,0.1503497213125229,"[[0.864924967288971, 0.3165361285209656]]","[[[0.864924967288971, 0.1503497213125229], [0.11321919411420822, 0.3165361285209656]]]",0.1503497213125229,0.00833,0.1073,0.0106,0.008,0.24020478129386902,0.5755741596221924,0.15636242926120758,"[[0.8685654997825623, 0.302077054977417]]","[[[0.8685654997825623, 0.15636242926120758], [0.11429604887962341, 0.302077054977417]]]",0.15636242926120758,0.018346,0.0697,0.0105,0.0581,0.8246874809265137,0.7197692394256592,0.5920946598052979,0.8828356862068176,0.8063275218009949,0.6543138027191162,3.935011863708496,0.49520957469940186,/scicore/home/schwede/barta0000/germinal_ds/templates_target_shuffle/nb_s983700_mpnn_2_IL3/boltz_free/output/boltz_results_nb_s983700_mpnn_2_IL3/predictions/nb_s983700_mpnn_2_IL3/nb_s983700_mpnn_2_IL3_model_0.cif,0.176971,0.1394,0.0568,0.141,0.8170071840286255,0.692107617855072,0.43897515535354614,0.9115151762962341,0.8540082573890686,0.7505767345428467,5.578176975250244,0.43897515535354614,/scicore/home/schwede/barta0000/germinal_ds/templates_target_shuffle/nb_s983700_mpnn_2_IL3/boltz_with_template/output/boltz_results_nb_s983700_mpnn_2_IL3/predictions/nb_s983700_mpnn_2_IL3/nb_s983700_mpnn_2_IL3_model_0.cif,0.127846,0.2468,0.0664,0.1479,4.253472407658895,4.927186806996663,3.5797580083211265,0.2019038063798456,0.2189544083767874,1.5188917517662048,1.3115040063858032,1.7262794971466064,3.758958379427592,4.509066581726074,3.00885017712911,0.1430565737633815,0.1941667357662338,1.6390380263328552,1.3451896905899048,1.9328863620758057,3.8853472471237183,4.479764620463054,3.2909298737843837,0.1374477584633001,0.202125300175734,1.5988674759864807,1.3530023097991943,1.844732642173767,4.31902281443278,4.861985842386882,3.7760597864786782,0.1829565344524129,0.2180664952067671,1.5229552388191223,1.3643791675567627,1.681531310081482,3.612109978993733,4.762216567993164,2.4620033899943032,0.1653276122765912,0.1492627241365813,1.9020472764968872,1.2971444129943848,2.5069501399993896,3.4325852394104004,4.285225709279378,2.5799447695414224,0.1403166915038751,0.1468247000272167,1.918515920639038,1.397690773010254,2.4393410682678223,3.781889994939168,4.685446898142497,2.87833309173584,0.1259595837157106,0.1316184431354665,2.0278481245040894,1.5530281066894531,2.5026681423187256
nb_s874243_mpnn_2_IL3,False,"A,B",12.965744,80.24282542885973,180.38,10.96,6.489473684210526,61.15591132487742,0.015241,0.0579,0.0157,0.0133,0.22,0.83,7.15,0.0,0.3,0.0726,0.395,7.7711507200000005,88.44720000000001,31138.9,1015.93,5.760555555555555,73.00399826049805,0.182202,0.0965,0.0846,0.2003,0.45,0.69,20308.96,1.0,0.1091,0.11912292491997178,0.8524464372549283,,,53.897472,20.692427,0.47439402,,,,,,,0.4143418073654175,/scicore/home/schwede/barta0000/germinal_ds/templates_target_shuffle/nb_s874243_mpnn_2_IL3/chai_no_constraints/seed_5455/pred.model_idx_4.cif,0.4146396815776825,/scicore/home/schwede/barta0000/germinal_ds/templates_target_shuffle/nb_s874243_mpnn_2_IL3/chai_with_constraints/seed_1907/pred.model_idx_3.cif,0.4143418073654175,0.6071249842643738,0.3661459982395172,"[[0.9092526435852051, 0.30815839767456055]]","[[[0.9092526435852051, 0.19688111543655396], [0.3661459982395172, 0.30815839767456055]]]",0.19688111543655396,0.051157,0.0736,0.0108,0.0683,0.4146396815776825,0.6790304183959961,0.3485420048236847,"[[0.9223120808601379, 0.338603675365448]]","[[[0.9223120808601379, 0.28842484951019287], [0.3485420048236847, 0.338603675365448]]]",0.28842484951019287,0.167567,0.0918,0.0293,0.1798,0.7932825088500977,0.7866508364677429,0.6653199195861816,0.8252731561660767,0.722865104675293,0.5899944305419922,3.9098169803619385,0.6653199195861816,/scicore/home/schwede/barta0000/germinal_ds/templates_target_shuffle/nb_s874243_mpnn_2_IL3/boltz_free/output/boltz_results_nb_s874243_mpnn_2_IL3/predictions/nb_s874243_mpnn_2_IL3/nb_s874243_mpnn_2_IL3_model_0.cif,0.213684,0.1354,0.0495,0.2034,0.837636411190033,0.8360218405723572,0.7393127083778381,0.8622173070907593,0.7870377898216248,0.5116533637046814,2.6757731437683105,0.7393127083778381,/scicore/home/schwede/barta0000/germinal_ds/templates_target_shuffle/nb_s874243_mpnn_2_IL3/boltz_with_template/output/boltz_results_nb_s874243_mpnn_2_IL3/predictions/nb_s874243_mpnn_2_IL3/nb_s874243_mpnn_2_IL3_model_0.cif,0.42721,0.2296,0.2194,0.4492,4.6792971690495815,5.638593355814616,3.720000982284546,0.1911710112125822,0.2146576015988341,1.5387110710144043,1.3629652261734009,1.7144569158554075,3.991175413131714,5.152563412984212,2.829787413279216,0.165530524772224,0.1960779925310554,1.629242777824402,1.4102931022644043,1.8481924533843996,4.388253966967265,5.467267036437988,3.309240897496541,0.1871010800571916,0.2225311804655951,1.5026880502700806,1.2996020317077637,1.7057740688323977,4.690302054087321,5.660874525705974,3.719729582468669,0.2008943079333232,0.2143241268092782,1.5402657985687256,1.3478105068206787,1.7327210903167725,4.000196933746338,5.59203592936198,2.4083579381306968,0.1416144320359423,0.1721308416089666,1.7595003843307495,1.2565972805023191,2.26240348815918,4.0036524931589765,5.409173170725505,2.598131815592448,0.164879023639926,0.1756863077891933,1.7390552163124084,1.274356484413147,2.20375394821167,4.376486698786418,5.817398071289063,2.935575326283773,0.1805941303759385,0.1548836526710754,1.8650810718536377,1.3858163356781006,2.344345808029175
nb_s310510_mpnn_2_BHRF,False,"A,B",11.631868489583333,82.31922569291686,247.13,14.88,5.435416666666666,72.5085900355555,0.04696,0.0903,0.0276,0.0737,0.3,0.85,70.62,0.0,0.36,0.0396,1.111,6.635716989776234,90.3265625,2031.31,119.85,4.405681818181819,77.2633337797942,0.251592,0.135,0.1896,0.2495,0.51,0.75,1005.27,1.0,0.0122,0.11943672612754506,0.8892003786837602,14.025735139846802,58.238529205322266,74.59913,14.58539,0.5566032,,,,,,,0.36441537737846375,/scicore/home/schwede/barta0000/germinal_ds/templates_target_shuffle/nb_s310510_mpnn_2_BHRF/chai_no_constraints/seed_1716/pred.model_idx_3.cif,0.7111167907714844,/scicore/home/schwede/barta0000/germinal_ds/templates_target_shuffle/nb_s310510_mpnn_2_BHRF/chai_with_constraints/seed_2244/pred.model_idx_0.cif,0.36441537737846375,0.6686013340950012,0.2883688807487488,"[[0.9054093360900879, 0.9096938371658325]]","[[[0.9054093360900879, 0.2883688807487488], [0.2587358057498932, 0.9096938371658325]]]",0.2883688807487488,0.125071,0.1248,0.017,0.0457,0.7111167907714844,0.8666906356811523,0.6722233295440674,"[[0.9151861667633057, 0.9153876900672913]]","[[[0.9151861667633057, 0.6323151588439941], [0.6722233295440674, 0.9153876900672913]]]",0.6323151588439941,0.608891,0.3248,0.3747,0.5098,0.8285292983055115,0.844351053237915,0.7088116407394409,0.8584586381912231,0.7744796872138977,0.5097460150718689,3.0921146869659424,0.7088116407394409,/scicore/home/schwede/barta0000/germinal_ds/templates_target_shuffle/nb_s310510_mpnn_2_BHRF/boltz_free/output/boltz_results_nb_s310510_mpnn_2_BHRF/predictions/nb_s310510_mpnn_2_BHRF/nb_s310510_mpnn_2_BHRF_model_0.cif,0.405826,0.1206,0.1112,0.3617,0.833300769329071,0.8014891743659973,0.6361204981803894,0.8825958371162415,0.8175336122512817,0.6706100702285767,5.250258922576904,0.6361204981803894,/scicore/home/schwede/barta0000/germinal_ds/templates_target_shuffle/nb_s310510_mpnn_2_BHRF/boltz_with_template/output/boltz_results_nb_s310510_mpnn_2_BHRF/predictions/nb_s310510_mpnn_2_BHRF/nb_s310510_mpnn_2_BHRF_model_0.cif,0.265875,0.1696,0.0734,0.2215,5.2412292162577305,5.443600495656331,5.038857936859131,0.1723835276954688,0.2137073076167089,1.5431479215621948,1.3188334703445437,1.7674623727798462,4.495107412338257,4.213768641153972,4.776446183522542,0.1649675554547384,0.202858688247162,1.5952456593513489,1.3957090377807615,1.794782280921936,5.142245769500732,5.496958573659261,4.787532965342204,0.1889330981559832,0.2224530565946981,1.5030391812324524,1.3118165731430054,1.6942617893218994,5.287741184234619,5.454118887583415,5.121363480885823,0.1599210035814367,0.2155518690729831,1.5345537066459656,1.327233910560608,1.7418735027313232,5.079795598983765,5.180776119232178,4.978815078735352,0.1269413411233529,0.237658680833127,1.4369197487831116,1.1999605894088743,1.6738789081573486,5.273277362187704,5.609441916147868,4.937112808227539,0.1660491558610954,0.2393100473846695,1.42999529838562,1.2337981462478638,1.6261924505233765,5.321929295857748,5.413169542948405,5.23068904876709,0.1223409841604201,0.2229537443144912,1.5007909536361694,1.3181548118591309,1.683427095413208
nb_s201653_mpnn_1_BHRF,False,"A,B",14.6490234375,78.61548118985127,241.26,12.28,11.306896551724137,59.966195026358314,0.005822,0.0765,0.0105,0.0,0.15,0.84,44.76,0.0,0.23,0.0722,0.644,5.687396556712963,91.64090277777777,9935.0,394.12,4.6371153846153845,79.4372408636685,0.361073,0.2489,0.2043,0.3418,0.6,0.78,18721.63,1.0,0.1082,0.09043791365107841,0.798550738180021,18.41356074810028,64.99669647216797,74.37128,15.603464,0.54257506,,,,,,,0.3482377529144287,/scicore/home/schwede/barta0000/germinal_ds/templates_target_shuffle/nb_s201653_mpnn_1_BHRF/chai_no_constraints/seed_4172/pred.model_idx_0.cif,0.4851537048816681,/scicore/home/schwede/barta0000/germinal_ds/templates_target_shuffle/nb_s201653_mpnn_1_BHRF/chai_with_constraints/seed_1036/pred.model_idx_2.cif,0.3482377529144287,0.6435335874557495,0.2744137942790985,"[[0.9138327240943909, 0.9060790538787842]]","[[[0.9138327240943909, 0.2744137942790985], [0.2549241781234741, 0.9060790538787842]]]",0.2744137942790985,0.092913,0.1417,0.0132,0.0337,0.4851537048816681,0.7664344906806946,0.4148334860801697,"[[0.891059398651123, 0.9147844314575195]]","[[[0.891059398651123, 0.4148334860801697], [0.4017814099788666, 0.9147844314575195]]]",0.4148334860801697,0.301612,0.0986,0.0713,0.2918,0.818480908870697,0.7657265067100525,0.5625930428504944,0.8824528455734253,0.7857592701911926,0.5889366865158081,6.0062055587768555,0.5303731560707092,/scicore/home/schwede/barta0000/germinal_ds/templates_target_shuffle/nb_s201653_mpnn_1_BHRF/boltz_free/output/boltz_results_nb_s201653_mpnn_1_BHRF/predictions/nb_s201653_mpnn_1_BHRF/nb_s201653_mpnn_1_BHRF_model_0.cif,0.230811,0.1536,0.0391,0.137,0.8307598233222961,0.7814992070198059,0.6118323802947998,0.885491669178009,0.7882625460624695,0.7164398431777954,6.240917205810547,0.6118323802947998,/scicore/home/schwede/barta0000/germinal_ds/templates_target_shuffle/nb_s201653_mpnn_1_BHRF/boltz_with_template/output/boltz_results_nb_s201653_mpnn_1_BHRF/predictions/nb_s201653_mpnn_1_BHRF/nb_s201653_mpnn_1_BHRF_model_0.cif,0.238041,0.1581,0.0453,0.1981,5.594197432200114,6.142834345499675,5.045560518900554,0.151179448125702,0.2180117684404616,1.5232062339782717,1.2634432315826416,1.7829692363739014,5.162650028864542,5.545185089111328,4.780114968617757,0.2128036342743998,0.2216528987918074,1.5066426396369934,1.3261085748672483,1.6871767044067385,5.133648236592611,5.493745962778728,4.773550510406494,0.2237840573956583,0.2262960883583742,1.4859110116958618,1.3639668226242063,1.607855200767517,5.746276219685873,6.31640640894572,5.176146030426025,0.1764138105965962,0.2207084812544889,1.510912537574768,1.2458704710006714,1.7759546041488647,5.054830630620321,5.2090020179748535,4.900659243265788,0.1819418748874909,0.2255763129296681,1.489096760749817,1.3399107456207275,1.6382827758789062,5.39022453625997,5.890281677246094,4.890167395273845,0.1204079930913793,0.2394834319114175,1.4292710423469543,1.2127716541290283,1.6457704305648804,5.4152921835581465,5.620124022165935,5.210460344950358,0.1193454040615749,0.225814852726865,1.4880398511886597,1.3307609558105469,1.6453187465667725
nb_s33838_mpnn_3_BHRF,False,"A,B",6.750610050154321,86.21409857904084,75.69,4.5,5.70735294117647,80.59584400998737,0.412078,0.3667,0.3204,0.3997,0.71,0.86,35.73,0.0,0.73,0.9897,0.332,4.254789014274691,93.87020833333334,11018.29,666.99,3.008833333333333,91.92142868041992,0.657457,0.4883,0.7151,0.5593,0.82,0.88,20979.29,1.0,0.9765,0.7155958106006923,0.8582671956377164,17.017840794154576,48.597442626953125,74.27307,14.974747,0.54398465,,,,,,,0.37431392073631287,/scicore/home/schwede/barta0000/germinal_ds/templates_target_shuffle/nb_s33838_mpnn_3_BHRF/chai_no_constraints/seed_1744/pred.model_idx_3.cif,0.5153870582580566,/scicore/home/schwede/barta0000/germinal_ds/templates_target_shuffle/nb_s33838_mpnn_3_BHRF/chai_with_constraints/seed_2460/pred.model_idx_0.cif,0.37431392073631287,0.684536337852478,0.2967583239078522,"[[0.9219543933868408, 0.9117918610572815]]","[[[0.9219543933868408, 0.2967583239078522], [0.2648933231830597, 0.9117918610572815]]]",0.2967583239078522,0.160042,0.0703,0.0288,0.1201,0.5153870582580566,0.7801912426948547,0.4491859972476959,"[[0.8890894055366516, 0.9145990014076233]]","[[[0.8890894055366516, 0.4491859972476959], [0.4357282817363739, 0.9145990014076233]]]",0.4491859972476959,0.33012,0.1435,0.0979,0.3282,0.8390440940856934,0.8648387789726257,0.7571269869804382,0.859523355960846,0.7399347424507141,0.4505949318408966,2.184159994125366,0.7571269869804382,/scicore/home/schwede/barta0000/germinal_ds/templates_target_shuffle/nb_s33838_mpnn_3_BHRF/boltz_free/output/boltz_results_nb_s33838_mpnn_3_BHRF/predictions/nb_s33838_mpnn_3_BHRF/nb_s33838_mpnn_3_BHRF_model_0.cif,0.490805,0.1236,0.1303,0.4346,0.8438741564750671,0.8041752576828003,0.6232480406761169,0.8990306854248047,0.8220961093902588,0.6041720509529114,4.034269332885742,0.6232480406761169,/scicore/home/schwede/barta0000/germinal_ds/templates_target_shuffle/nb_s33838_mpnn_3_BHRF/boltz_with_template/output/boltz_results_nb_s33838_mpnn_3_BHRF/predictions/nb_s33838_mpnn_3_BHRF/nb_s33838_mpnn_3_BHRF_model_0.cif,0.296618,0.2555,0.111,0.2637,5.091351906458536,4.907373428344727,5.275330384572347,0.0847323972578476,0.2406013574724289,1.4246138334274292,1.232919454574585,1.6163082122802734,4.438209136327108,4.1439212163289385,4.732497056325276,0.1418957286039164,0.2075143660925157,1.5725547075271606,1.3965606689453125,1.7485487461090088,4.375310262044271,3.910402297973633,4.840218226114909,0.1789237214231853,0.2222267173378414,1.5040571689605713,1.3218235969543457,1.6862907409667969,5.177740891774495,5.048275788625081,5.307205994923909,0.0854588960666472,0.242327343923181,1.4174658060073853,1.2496308088302612,1.5853008031845093,4.5468385219573975,4.275844891866048,4.817832152048747,0.1154742715550185,0.2103007022595378,1.559216856956482,1.450735569000244,1.6676981449127195,5.117790381113688,5.2217356363932295,5.013845125834147,0.1308534783024908,0.2366842941336847,1.441028118133545,1.225341796875,1.6567144393920898,5.3517539501190186,5.470731735229492,5.232776165008545,0.0818516711026246,0.2109821606733766,1.555981695652008,1.4205574989318848,1.6914058923721311
nb_s204617_mpnn_1_IL20,False,"A,B",15.06043112244898,79.40144404332129,194.15,10.35,9.701666666666666,69.66566221068302,0.0,0.1585,0.0105,0.0,0.14,0.85,24.71,0.0,0.22,0.3752,1.229,5.691525382653062,90.29132142857142,37882.63,1995.86,5.290441176470587,79.98906219005585,0.400851,0.2395,0.2596,0.4009,0.63,0.79,56739.94,1.0,0.0568,0.08767449065837116,0.8235793448326281,15.604117325374059,56.98667907714844,72.6623,14.89553,0.5512585,,,,,,,0.28180718421936035,/scicore/home/schwede/barta0000/germinal_ds/templates_target_shuffle/nb_s204617_mpnn_1_IL20/chai_no_constraints/seed_3619/pred.model_idx_0.cif,0.4736490845680237,/scicore/home/schwede/barta0000/germinal_ds/templates_target_shuffle/nb_s204617_mpnn_1_IL20/chai_with_constraints/seed_2284/pred.model_idx_1.cif,0.28180718421936035,0.6021173000335693,0.2017296552658081,"[[0.8846163749694824, 0.8859371542930603]]","[[[0.8846163749694824, 0.2017296552658081], [0.18275097012519836, 0.8859371542930603]]]",0.2017296552658081,0.012828,0.1014,0.0121,0.0,0.4736490845680237,0.7356969118118286,0.40813708305358887,"[[0.8962458968162537, 0.8942217826843262]]","[[[0.8962458968162537, 0.40813708305358887], [0.3863987326622009, 0.8942217826843262]]]",0.40813708305358887,0.268947,0.0887,0.1332,0.253,0.664604127407074,0.804358720779419,0.6673404574394226,0.6639200448989868,0.6005457043647766,0.647554874420166,3.379197120666504,0.6673404574394226,/scicore/home/schwede/barta0000/germinal_ds/templates_target_shuffle/nb_s204617_mpnn_1_IL20/boltz_free/output/boltz_results_nb_s204617_mpnn_1_IL20/predictions/nb_s204617_mpnn_1_IL20/nb_s204617_mpnn_1_IL20_model_0.cif,0.328235,0.0452,0.0476,0.2618,0.8079447150230408,0.7286652326583862,0.5942899584770203,0.8613583445549011,0.8263592720031738,0.897513747215271,4.992600917816162,0.5942899584770203,/scicore/home/schwede/barta0000/germinal_ds/templates_target_shuffle/nb_s204617_mpnn_1_IL20/boltz_with_template/output/boltz_results_nb_s204617_mpnn_1_IL20/predictions/nb_s204617_mpnn_1_IL20/nb_s204617_mpnn_1_IL20_model_0.cif,0.220698,0.1719,0.1093,0.1925,4.6733926932017,5.196181774139404,4.150603612263997,0.1720185017757395,0.2058755586434978,1.580483376979828,1.341095209121704,1.819871544837952,4.161453286806743,5.046525478363037,3.276381095250448,0.1639695105141255,0.1346069555628425,2.0053961873054504,1.469698786735535,2.541093587875366,4.184041897455851,5.157387574513753,3.210696220397949,0.1526008643126874,0.1459409899383399,1.9245529174804688,1.4483225345611572,2.4007833003997803,4.889940977096558,5.478450934092204,4.301431020100911,0.1619202659327331,0.1966709939796594,1.6262230277061462,1.4269490242004397,1.825497031211853,4.528916676839193,5.041161219278972,4.016672134399414,0.1735885257816841,0.2015414986452701,1.6017599701881409,1.3600404262542725,1.8434795141220093,4.409139196077983,4.910019556681315,3.90825883547465,0.1537542439420814,0.1734864540249763,1.7516557574272156,1.5349574089050293,1.9683541059494016,4.659282684326172,4.994966189066569,4.323599179585774,0.1659621935892813,0.1802113922442065,1.7136247158050537,1.4807748794555664,1.946474552154541
nb_s506400_mpnn_4_PDL1,False,"A,B",12.176588509676156,81.22960042621204,164.37,14.05,10.056000000000001,62.2902925430247,0.007659,0.0551,0.0204,0.0643,0.2,0.835,-30.12,0.0,0.27,0.8765,0.309,3.8634082857091987,96.11075949367088,1056.93,90.29,2.616346153846154,94.46499933515277,0.572836,0.2713,0.7956,0.5602,0.78,0.85,576.05,1.0,0.0514,0.08107298934104532,0.8485538283315107,19.210172653198242,56.74626159667969,67.96657,17.415844,0.4744113,,,,,,,0.3100643754005432,/scicore/home/schwede/barta0000/germinal_ds/templates_target_shuffle/nb_s506400_mpnn_4_PDL1/chai_no_constraints/seed_507/pred.model_idx_1.cif,0.4212486147880554,/scicore/home/schwede/barta0000/germinal_ds/templates_target_shuffle/nb_s506400_mpnn_4_PDL1/chai_with_constraints/seed_3735/pred.model_idx_2.cif,0.3100643754005432,0.6545758247375488,0.22393649816513062,"[[0.8949377536773682, 0.8815885186195374]]","[[[0.8949377536773682, 0.22393649816513062], [0.21317581832408905, 0.8815885186195374]]]",0.22393649816513062,0.096898,0.069,0.0151,0.0696,0.4212486147880554,0.7168683409690857,0.34734368324279785,"[[0.8919042944908142, 0.8806934952735901]]","[[[0.8919042944908142, 0.33281248807907104], [0.34734368324279785, 0.8806934952735901]]]",0.33281248807907104,0.230782,0.0693,0.0746,0.2504,0.8172454833984375,0.8234831094741821,0.6523755192756653,0.858462929725647,0.7667041420936584,0.4443180561065674,3.0028328895568848,0.6523755192756653,/scicore/home/schwede/barta0000/germinal_ds/templates_target_shuffle/nb_s506400_mpnn_4_PDL1/boltz_free/output/boltz_results_nb_s506400_mpnn_4_PDL1/predictions/nb_s506400_mpnn_4_PDL1/nb_s506400_mpnn_4_PDL1_model_0.cif,0.243373,0.0828,0.0852,0.3011,0.8086361289024353,0.7683985233306885,0.5654177069664001,0.8694406747817993,0.778149425983429,0.5879501700401306,5.084982395172119,0.5654177069664001,/scicore/home/schwede/barta0000/germinal_ds/templates_target_shuffle/nb_s506400_mpnn_4_PDL1/boltz_with_template/output/boltz_results_nb_s506400_mpnn_4_PDL1/predictions/nb_s506400_mpnn_4_PDL1/nb_s506400_mpnn_4_PDL1_model_0.cif,0.149596,0.1158,0.0382,0.1383,4.849180857340494,5.074867566426595,4.6234941482543945,0.1234629989976024,0.2479149653739241,1.394669473171234,1.292287826538086,1.4970511198043823,4.759784460067749,4.991637388865153,4.527931531270345,0.105109916782374,0.2242385791915287,1.4950447082519531,1.4027929306030271,1.587296485900879,4.663660049438477,4.8017152150472,4.525604883829753,0.0963735750551755,0.2365546395649934,1.441576063632965,1.3679214715957642,1.515230655670166,4.938238461812338,5.219522953033447,4.656953970591228,0.1037908662899915,0.2590081006171836,1.3508959412574768,1.2353438138961792,1.4664480686187744,4.7817610899607335,5.160785675048828,4.40273650487264,0.0597699721738186,0.2092831570948325,1.5640671253204346,1.4615795612335205,1.6665546894073486,4.794045368830362,5.0551347732543945,4.532955964406331,0.0626886665647227,0.2087137352631484,1.5667916536331177,1.528916597366333,1.6046667098999023,4.848440885543823,5.181972980499268,4.514908790588379,0.0551209711919483,0.2114600047194063,1.553719401359558,1.5050203800201416,1.6024184226989746
nb_s390940_mpnn_4_PDL1,False,"A,B",14.583035126137194,76.25873397435898,210.17,17.72,12.288095238095242,60.10690417364524,0.005324,0.0537,0.0114,0.0,0.14,0.8049999999999999,3.27,0.0,0.22,0.2789,0.283,8.395795723619791,86.8283122362869,1617.58,112.85,8.965,71.71652304607889,0.150625,0.0923,0.0569,0.1518,0.42,0.67,779.79,1.0,0.0401,0.09469022088346199,0.826891857121605,23.855806986490887,44.66913604736328,64.42243,18.039448,0.4676063,,,,,,,0.276479572057724,/scicore/home/schwede/barta0000/germinal_ds/templates_target_shuffle/nb_s390940_mpnn_4_PDL1/chai_no_constraints/seed_1006/pred.model_idx_2.cif,0.4559003710746765,/scicore/home/schwede/barta0000/germinal_ds/templates_target_shuffle/nb_s390940_mpnn_4_PDL1/chai_with_constraints/seed_1261/pred.model_idx_4.cif,0.276479572057724,0.6069350242614746,0.19386570155620575,"[[0.8568333387374878, 0.877371609210968]]","[[[0.8568333387374878, 0.19386570155620575], [0.15997308492660522, 0.877371609210968]]]",0.19386570155620575,0.054601,0.087,0.0127,0.019,0.4559003710746765,0.7245888710021973,0.38872823119163513,"[[0.8644354939460754, 0.8882511854171753]]","[[[0.8644354939460754, 0.38200312852859497], [0.38872823119163513, 0.8882511854171753]]]",0.38200312852859497,0.270947,0.1378,0.1385,0.3014,0.7889606356620789,0.8242349624633789,0.6928614974021912,0.812985360622406,0.8012762069702148,0.6007300615310669,3.9958791732788086,0.6195749044418335,/scicore/home/schwede/barta0000/germinal_ds/templates_target_shuffle/nb_s390940_mpnn_4_PDL1/boltz_free/output/boltz_results_nb_s390940_mpnn_4_PDL1/predictions/nb_s390940_mpnn_4_PDL1/nb_s390940_mpnn_4_PDL1_model_0.cif,0.212379,0.2606,0.0999,0.2275,0.7962217926979065,0.7427060008049011,0.5176940560340881,0.8658537268638611,0.8368077874183655,0.6916344165802002,7.618342876434326,0.5176940560340881,/scicore/home/schwede/barta0000/germinal_ds/templates_target_shuffle/nb_s390940_mpnn_4_PDL1/boltz_with_template/output/boltz_results_nb_s390940_mpnn_4_PDL1/predictions/nb_s390940_mpnn_4_PDL1/nb_s390940_mpnn_4_PDL1_model_0.cif,0.122654,0.3163,0.0309,0.0563,4.653256813685099,4.7618435223897295,4.544670104980469,0.1844601402027803,0.2254910852235261,1.4894746541976929,1.473967671394348,1.5049816370010376,4.580917199452718,4.601190408070882,4.560643990834554,0.1085656171406463,0.227249745556537,1.481705665588379,1.3914461135864258,1.571965217590332,4.756894747416178,4.848243077596028,4.665546417236328,0.1850904523972396,0.251452775561372,1.380500078201294,1.342275619506836,1.418724536895752,4.756450970967611,4.980934143066406,4.531967798868815,0.1886496573112231,0.2438222219116446,1.41131591796875,1.3688344955444336,1.4537973403930664,4.667757193247477,4.899714310963948,4.435800075531006,0.2170030863839608,0.2317453401767684,1.4621161818504331,1.4146021604537964,1.5096302032470703,4.591198444366455,4.705583254496257,4.476813634236653,0.1663717221340203,0.2137596669967418,1.542902946472168,1.350407958030701,1.7353979349136353,4.626122077306112,4.7226996421813965,4.529544512430827,0.1344401039490396,0.2002263215698762,1.6083069443702698,1.566906213760376,1.6497076749801636
nb_s80543_mpnn_1_IL20,False,"A,B",12.382540816326529,80.93398828301038,546.19,47.6,7.53888888888889,69.29494028574395,0.006252,0.0324,0.019,0.0139,0.23,0.845,220.61,0.0,0.31,0.0227,1.416,9.044682015306122,89.37042857142858,4240.89,184.82,4.837894736842106,79.68349952697754,0.113922,0.0498,0.111,0.135,0.38,0.68,4087.49,1.0,0.045,0.1047660209764261,0.8871073927391393,,,71.425385,16.613792,0.5155609,,,,,,,0.33530834317207336,/scicore/home/schwede/barta0000/germinal_ds/templates_target_shuffle/nb_s80543_mpnn_1_IL20/chai_no_constraints/seed_2907/pred.model_idx_4.cif,0.4504096508026123,/scicore/home/schwede/barta0000/germinal_ds/templates_target_shuffle/nb_s80543_mpnn_1_IL20/chai_with_constraints/seed_1327/pred.model_idx_3.cif,0.33530834317207336,0.6515566110610962,0.25624626874923706,"[[0.8932135701179504, 0.902681291103363]]","[[[0.8932135701179504, 0.25624626874923706], [0.23234760761260986, 0.902681291103363]]]",0.25624626874923706,0.107833,0.0661,0.015,0.0667,0.4504096508026123,0.6994019746780396,0.3881615400314331,"[[0.8838487267494202, 0.8942214250564575]]","[[[0.8838487267494202, 0.3881615400314331], [0.3683784604072571, 0.8942214250564575]]]",0.3881615400314331,0.22958,0.2126,0.0447,0.1717,0.6165422201156616,0.7614548802375793,0.6376249194145203,0.6112715005874634,0.56634122133255,0.8565930724143982,4.561437129974365,0.6376249194145203,/scicore/home/schwede/barta0000/germinal_ds/templates_target_shuffle/nb_s80543_mpnn_1_IL20/boltz_free/output/boltz_results_nb_s80543_mpnn_1_IL20/predictions/nb_s80543_mpnn_1_IL20/nb_s80543_mpnn_1_IL20_model_0.cif,0.183856,0.0785,0.0211,0.1144,0.7385360598564148,0.6849273443222046,0.4634472131729126,0.8073083162307739,0.7529769539833069,1.072044849395752,7.898364067077637,0.46036553382873535,/scicore/home/schwede/barta0000/germinal_ds/templates_target_shuffle/nb_s80543_mpnn_1_IL20/boltz_with_template/output/boltz_results_nb_s80543_mpnn_1_IL20/predictions/nb_s80543_mpnn_1_IL20/nb_s80543_mpnn_1_IL20_model_0.cif,0.129936,0.2405,0.0299,0.0789,4.3371693690617885,4.665987491607666,4.00835124651591,0.097834843751774,0.2009531907286776,1.60468327999115,1.5071165561676023,1.7022500038146973,3.5646065076192217,3.9452850818634033,3.1839279333750405,0.0744646414317713,0.1317835755429828,2.0265942811965942,1.579783916473389,2.4734046459198,3.589226007461548,3.959039290746053,3.2194127241770425,0.0830833638388825,0.1522916436010284,1.8819578886032104,1.58081316947937,2.183102607727051,4.5962769985198975,5.045204480489095,4.1473495165507,0.0683292392301654,0.1938822889276787,1.6405040621757507,1.5307238101959229,1.7502843141555786,4.049376686414083,4.15474287668864,3.9440104961395264,0.0932744812995635,0.1814153109438485,1.7069663405418396,1.5409207344055176,1.8730119466781616,4.242566029230753,4.392029603322347,4.09310245513916,0.1112768211457364,0.1983685698517657,1.6176285147666931,1.372114896774292,1.8631421327590945,4.340903997421265,4.423600673675537,4.258207321166992,0.0995548446000721,0.1762897694095447,1.735626220703125,1.549302339553833,1.921950101852417
nb_s1156_mpnn_5_PDL1,False,"A,B",7.201467001370862,86.77044913419913,85.21,6.62,5.085714285714286,76.96966925889268,0.215026,0.0742,0.179,0.2291,0.51,0.855,-110.69,0.0,0.55,0.4315,0.351,4.505515675906639,94.39392405063292,1557.09,122.16,3.235208333333333,90.47000061035156,0.48767,0.1348,0.6238,0.5031,0.68,0.81,913.3,1.0,0.8367,0.05745889807168399,0.8787695732547262,,,67.30782,17.784245,0.4768908,,,,,,,0.5576169490814209,/scicore/home/schwede/barta0000/germinal_ds/templates_target_shuffle/nb_s1156_mpnn_5_PDL1/chai_no_constraints/seed_3179/pred.model_idx_3.cif,0.5471417903900146,/scicore/home/schwede/barta0000/germinal_ds/templates_target_shuffle/nb_s1156_mpnn_5_PDL1/chai_with_constraints/seed_1382/pred.model_idx_1.cif,0.5576169490814209,0.7908052206039429,0.49931982159614563,"[[0.9153305292129517, 0.8904058337211609]]","[[[0.9153305292129517, 0.46892574429512024], [0.49931982159614563, 0.8904058337211609]]]",0.46892574429512024,0.372767,0.0688,0.1319,0.3917,0.5471417903900146,0.7907167077064514,0.48624807596206665,"[[0.9222665429115295, 0.9258347749710083]]","[[[0.9222665429115295, 0.45861050486564636], [0.48624807596206665, 0.9258347749710083]]]",0.45861050486564636,0.380779,0.0679,0.2836,0.4183,0.8865494728088379,0.8771374821662903,0.8013516068458557,0.9078488945960999,0.8588873744010925,0.39257049560546875,1.4686388969421387,0.7724156379699707,/scicore/home/schwede/barta0000/germinal_ds/templates_target_shuffle/nb_s1156_mpnn_5_PDL1/boltz_free/output/boltz_results_nb_s1156_mpnn_5_PDL1/predictions/nb_s1156_mpnn_5_PDL1/nb_s1156_mpnn_5_PDL1_model_0.cif,0.552911,0.1569,0.4362,0.5318,0.9186879992485046,0.8964167833328247,0.8102131485939026,0.9458066821098328,0.9290515780448914,0.3523734211921692,1.2687549591064453,0.8008126616477966,/scicore/home/schwede/barta0000/germinal_ds/templates_target_shuffle/nb_s1156_mpnn_5_PDL1/boltz_with_template/output/boltz_results_nb_s1156_mpnn_5_PDL1/predictions/nb_s1156_mpnn_5_PDL1/nb_s1156_mpnn_5_PDL1_model_0.cif,0.610777,0.2412,0.7108,0.6049,4.738094727198282,4.8995208740234375,4.576668580373128,0.0900215257868873,0.2495922487314186,1.387926697731018,1.314137578010559,1.461715817451477,4.363743185997009,4.024845838546753,4.702640533447266,0.1217620977877406,0.2247348331330409,1.4928340911865234,1.4134750366210938,1.5721931457519531,4.229931831359863,3.846001625061035,4.613862037658691,0.1211237941383486,0.234133692604927,1.4518629908561709,1.3805011510849,1.5232248306274414,4.780332883199056,4.924146970113118,4.636518796284993,0.1116115869797295,0.2524865618490388,1.3763972520828247,1.302793025970459,1.4500014781951904,4.53294316927592,4.673976103464763,4.391910235087077,0.0821278999349358,0.2707108385089456,1.306704044342041,1.1474940776824951,1.465914011001587,4.622503678003946,4.783036708831787,4.4619706471761065,0.0965881937381234,0.238497213843784,1.433397650718689,1.297281265258789,1.5695140361785889,4.66212542851766,4.723203182220459,4.60104767481486,0.0814562225553784,0.2102999752366726,1.559220314025879,1.5352575778961182,1.5831830501556396
nb_s752383_mpnn_5_PDL1,False,"A,B",14.443338852391888,81.02385964912281,14.51,1.54,5.4300000000000015,68.29432778600096,0.0,0.0932,0.0121,0.0,0.16,0.84,-135.79,0.0,0.24,0.0063,0.519,7.999525004895939,91.50405063291139,538.85,36.85,2.8453333333333335,82.88666585286458,0.135087,0.1657,0.083,0.1535,0.43,0.69,346.67,1.0,0.7716,0.08076576519435474,0.8805555182066447,20.220752716064453,51.99320983886719,67.26646,17.382675,0.4881355,,,,,,,0.24699530005455017,/scicore/home/schwede/barta0000/germinal_ds/templates_target_shuffle/nb_s752383_mpnn_5_PDL1/chai_no_constraints/seed_1768/pred.model_idx_4.cif,0.5998703837394714,/scicore/home/schwede/barta0000/germinal_ds/templates_target_shuffle/nb_s752383_mpnn_5_PDL1/chai_with_constraints/seed_4748/pred.model_idx_2.cif,0.24699530005455017,0.603904128074646,0.15776808559894562,"[[0.9031116962432861, 0.8776677846908569]]","[[[0.9031116962432861, 0.14268767833709717], [0.15776808559894562, 0.8776677846908569]]]",0.14268767833709717,0.006629,0.0724,0.0124,0.0145,0.5998703837394714,0.8126403093338013,0.5466778874397278,"[[0.9100141525268555, 0.8803142309188843]]","[[[0.9100141525268555, 0.5466778874397278], [0.5309488773345947, 0.8803142309188843]]]",0.5466778874397278,0.366336,0.1545,0.1773,0.4133,0.806230366230011,0.8113538026809692,0.6354261040687561,0.8489313721656799,0.7903245687484741,0.5231996774673462,4.2643890380859375,0.6295470595359802,/scicore/home/schwede/barta0000/germinal_ds/templates_target_shuffle/nb_s752383_mpnn_5_PDL1/boltz_free/output/boltz_results_nb_s752383_mpnn_5_PDL1/predictions/nb_s752383_mpnn_5_PDL1/nb_s752383_mpnn_5_PDL1_model_0.cif,0.178248,0.137,0.0504,0.1857,0.848903477191925,0.8014541268348694,0.6233993172645569,0.9052795171737671,0.8588716983795166,0.6669826507568359,6.90281867980957,0.592914342880249,/scicore/home/schwede/barta0000/germinal_ds/templates_target_shuffle/nb_s752383_mpnn_5_PDL1/boltz_with_template/output/boltz_results_nb_s752383_mpnn_5_PDL1/predictions/nb_s752383_mpnn_5_PDL1/nb_s752383_mpnn_5_PDL1_model_0.cif,0.154693,0.2665,0.0634,0.1433,5.150177717208862,5.8536445299784345,4.44671090443929,0.1983878687515074,0.2557692179517697,1.363479733467102,1.2937803268432615,1.4331791400909424,5.347602844238281,6.045497258504232,4.649708429972331,0.2027179484799388,0.2349231829513807,1.448496699333191,1.357238531112671,1.539754867553711,5.294514894485474,5.989030679066976,4.599999109903972,0.1884713674587246,0.2350588784709633,1.447919249534607,1.358040690422058,1.5377978086471558,5.19852073987325,5.805513699849446,4.591527779897054,0.1833213207850511,0.2401674046776146,1.4264190793037417,1.3406412601470947,1.5121968984603882,5.161505142847697,5.982511202494304,4.340499083201091,0.1921621179151204,0.2425962639147227,1.4163566827774048,1.2667747735977173,1.5659385919570925,5.27514123916626,6.151394367218018,4.398888111114502,0.1847488420888426,0.2193391413055591,1.5171361565589905,1.376542329788208,1.657729983329773,5.297759612401326,6.027645428975423,4.5678737958272295,0.160343343006406,0.2053062179283173,1.5832526683807373,1.4650285243988037,1.701476812362671
nb_s293208_mpnn_4_PDL1,False,"A,B",7.18610265448913,85.38286937901499,111.35,8.62,4.7796875,76.47132940820993,0.238265,0.1207,0.2019,0.2244,0.58,0.855,-152.49,0.0,0.61,0.5394,0.674,4.103450301767878,95.52746835443037,28060.46,1452.46,2.32859375,92.84448321112271,0.539773,0.2567,0.7291,0.5278,0.76,0.83,39322.98,1.0,0.7704,0.10517846076996581,0.8435083059657338,20.414915084838867,57.90939712524414,67.17475,17.744518,0.47799817,,,,,,,0.5619221925735474,/scicore/home/schwede/barta0000/germinal_ds/templates_target_shuffle/nb_s293208_mpnn_4_PDL1/chai_no_constraints/seed_2282/pred.model_idx_1.cif,0.6061795949935913,/scicore/home/schwede/barta0000/germinal_ds/templates_target_shuffle/nb_s293208_mpnn_4_PDL1/chai_with_constraints/seed_2241/pred.model_idx_2.cif,0.5619221925735474,0.7869355082511902,0.5056688189506531,"[[0.9127800464630127, 0.8850393295288086]]","[[[0.9127800464630127, 0.48478955030441284], [0.5056688189506531, 0.8850393295288086]]]",0.48478955030441284,0.322542,0.1351,0.1085,0.338,0.6061795949935913,0.779047429561615,0.5629625916481018,"[[0.8850526213645935, 0.8787868618965149]]","[[[0.8850526213645935, 0.4756799340248108], [0.5629625916481018, 0.8787868618965149]]]",0.4756799340248108,0.478076,0.2404,0.2679,0.4324,0.8528094291687012,0.8159504532814026,0.7245073318481445,0.8848849534988403,0.8509478569030762,0.5124969482421875,2.780668258666992,0.7129940390586853,/scicore/home/schwede/barta0000/germinal_ds/templates_target_shuffle/nb_s293208_mpnn_4_PDL1/boltz_free/output/boltz_results_nb_s293208_mpnn_4_PDL1/predictions/nb_s293208_mpnn_4_PDL1/nb_s293208_mpnn_4_PDL1_model_0.cif,0.364451,0.2479,0.3204,0.356,0.883796215057373,0.8332127332687378,0.7469052672386169,0.9180189967155457,0.9115595817565918,0.46852025389671326,2.971841335296631,0.7469052672386169,/scicore/home/schwede/barta0000/germinal_ds/templates_target_shuffle/nb_s293208_mpnn_4_PDL1/boltz_with_template/output/boltz_results_nb_s293208_mpnn_4_PDL1/predictions/nb_s293208_mpnn_4_PDL1/nb_s293208_mpnn_4_PDL1_model_0.cif,0.392213,0.3368,0.4482,0.3929,4.710113684336344,4.98982572555542,4.430401643117269,0.1014944483711932,0.2554354629547122,1.3647854924201963,1.2419347763061523,1.4876362085342407,4.528814713160197,4.451698462168376,4.6059309641520185,0.1360023114765859,0.2231440320560907,1.4999378323554993,1.4979248046875,1.5019508600234983,4.540645599365234,4.528469403584798,4.552821795145671,0.1352509013159266,0.2405463518444124,1.4248424768447876,1.378260612487793,1.4714243412017822,4.889601071675619,5.335635821024577,4.44356632232666,0.0894138796890473,0.2717445673477787,1.3028927445411682,1.2059276103973389,1.3998578786849976,4.384974797566732,4.388722578684489,4.381227016448975,0.0975216811962167,0.2181776415091122,1.5224456787109375,1.4361176490783691,1.608773708343506,4.532295544942221,4.683440208435059,4.381150881449382,0.1559052571218578,0.2270489598790166,1.482589602470398,1.420323371887207,1.5448558330535889,4.369505445162456,4.091305176417033,4.647705713907878,0.1279523718837483,0.2126444174962055,1.548133909702301,1.4827258586883545,1.6135419607162476
nb_s541171_mpnn_1_PDL1,False,"A,B",13.193751001442076,79.10160402329277,86.83,6.38,9.775,62.22329027749483,0.006193,0.0568,0.0155,0.0154,0.2,0.825,-118.09,0.0,0.27,,0.582,5.838241734764727,92.71316455696203,15323.02,891.3,3.6783333333333332,85.77384713979868,0.287663,0.1348,0.3316,0.3128,0.6,0.78,32826.75,1.0,0.9863,0.11156658265771457,0.8121361038271433,,,68.84331,17.470547,0.48701173,,,,,,,0.28007304668426514,/scicore/home/schwede/barta0000/germinal_ds/templates_target_shuffle/nb_s541171_mpnn_1_PDL1/chai_no_constraints/seed_3437/pred.model_idx_1.cif,0.46021586656570435,/scicore/home/schwede/barta0000/germinal_ds/templates_target_shuffle/nb_s541171_mpnn_1_PDL1/chai_with_constraints/seed_3704/pred.model_idx_2.cif,0.28007304668426514,0.6428037881851196,0.18939033150672913,"[[0.9209213256835938, 0.8749040365219116]]","[[[0.9209213256835938, 0.18939033150672913], [0.17580673098564148, 0.8749040365219116]]]",0.18939033150672913,0.05278,0.0492,0.0138,0.033,0.46021586656570435,0.7435855269432068,0.38937345147132874,"[[0.8867659568786621, 0.8884553909301758]]","[[[0.8867659568786621, 0.38937345147132874], [0.3853130340576172, 0.8884553909301758]]]",0.38937345147132874,0.274603,0.0503,0.094,0.3211,0.8174102902412415,0.8097622394561768,0.6418749094009399,0.861294150352478,0.7972299456596375,0.5867840051651001,3.5243120193481445,0.624488115310669,/scicore/home/schwede/barta0000/germinal_ds/templates_target_shuffle/nb_s541171_mpnn_1_PDL1/boltz_free/output/boltz_results_nb_s541171_mpnn_1_PDL1/predictions/nb_s541171_mpnn_1_PDL1/nb_s541171_mpnn_1_PDL1_model_0.cif,0.232378,0.1409,0.0829,0.2609,0.8210757374763489,0.7506939768791199,0.5352288484573364,0.8925374150276184,0.8617479801177979,0.7971382141113281,7.271082401275635,0.5089035630226135,/scicore/home/schwede/barta0000/germinal_ds/templates_target_shuffle/nb_s541171_mpnn_1_PDL1/boltz_with_template/output/boltz_results_nb_s541171_mpnn_1_PDL1/predictions/nb_s541171_mpnn_1_PDL1/nb_s541171_mpnn_1_PDL1_model_0.cif,0.131467,0.1959,0.0454,0.1144,4.8380824724833165,5.160302480061849,4.515862464904785,0.0904093526368652,0.2387018063305112,1.4325401782989502,1.3796879053115845,1.485392451286316,4.626785675684611,4.554480234781901,4.699091116587321,0.1009132594779765,0.2183066833112821,1.5218544006347656,1.3969521522521973,1.646756649017334,4.4448559284210205,4.299135684967041,4.590576171875,0.1115047793865592,0.2331816663832813,1.4559374451637268,1.357046365737915,1.5548285245895386,4.900824069976807,5.182845115661621,4.618803024291992,0.0896942016883367,0.2440431208273437,1.4104103446006775,1.3432068824768066,1.4776138067245483,4.954475164413452,5.440394878387451,4.468555450439453,0.0398132549782816,0.2284121044201789,1.4766038060188291,1.2778526544570925,1.6753549575805664,4.546725749969482,4.678428967793782,4.415022532145183,0.0560293881099475,0.2391931967848803,1.4304836988449097,1.2233490943908691,1.6376183032989502,4.594339609146118,4.582040627797444,4.606638590494792,0.0768672516722047,0.2234905906479028,1.4983859658241272,1.43310809135437,1.5636638402938845
nb_s949322_mpnn_4_IL3,False,"A,B",14.530560000000001,73.86471679197994,517.86,28.88,9.1625,57.52752393677967,0.005801,0.0456,0.0118,0.0,0.15,0.7749999999999999,131.27,0.0,0.23,0.1047,0.643,7.1260912,86.63516,4761.01,266.87,5.945185185185187,75.53241335112473,0.27579,0.1417,0.1057,0.292,0.55,0.73,2737.13,1.0,0.5935,0.09370476166298593,0.8226183845559092,28.733783721923828,48.838897705078125,52.83295,21.34122,0.4583866,,,,,,,0.21390438079833984,/scicore/home/schwede/barta0000/germinal_ds/templates_target_shuffle/nb_s949322_mpnn_4_IL3/chai_no_constraints/seed_2924/pred.model_idx_1.cif,0.2638261020183563,/scicore/home/schwede/barta0000/germinal_ds/templates_target_shuffle/nb_s949322_mpnn_4_IL3/chai_with_constraints/seed_1270/pred.model_idx_2.cif,0.21390438079833984,0.5486428141593933,0.13021977245807648,"[[0.8550662994384766, 0.3096354901790619]]","[[[0.8550662994384766, 0.13021977245807648], [0.08817499876022339, 0.3096354901790619]]]",0.13021977245807648,0.005238,0.0923,0.0096,0.0,0.2638261020183563,0.5931606292724609,0.18149247765541077,"[[0.8519356846809387, 0.3502098619937897]]","[[[0.8519356846809387, 0.18149247765541077], [0.1274857074022293, 0.3502098619937897]]]",0.18149247765541077,0.062841,0.0473,0.0157,0.0725,0.839134693145752,0.8505994081497192,0.8167747259140015,0.844724714756012,0.7614645957946777,0.4510160982608795,1.8296579122543335,0.7574419975280762,/scicore/home/schwede/barta0000/germinal_ds/templates_target_shuffle/nb_s949322_mpnn_4_IL3/boltz_free/output/boltz_results_nb_s949322_mpnn_4_IL3/predictions/nb_s949322_mpnn_4_IL3/nb_s949322_mpnn_4_IL3_model_0.cif,0.527682,0.1862,0.2158,0.4537,0.8088507056236267,0.7831250429153442,0.6327586770057678,0.852873682975769,0.7940543293952942,0.6549188494682312,4.190095901489258,0.6130877137184143,/scicore/home/schwede/barta0000/germinal_ds/templates_target_shuffle/nb_s949322_mpnn_4_IL3/boltz_with_template/output/boltz_results_nb_s949322_mpnn_4_IL3/predictions/nb_s949322_mpnn_4_IL3/nb_s949322_mpnn_4_IL3_model_0.cif,0.216387,0.292,0.0762,0.2076,4.598826249440511,5.638358116149902,3.55929438273112,0.1959806392747133,0.1837822836861465,1.6940034627914429,1.6546200513839722,1.7333868741989136,4.234753489494324,5.602042039235433,2.8674649397532144,0.1680524746446943,0.1833949329393802,1.696113348007202,1.5646491050720217,1.8275775909423828,4.343171675999959,5.489482720692952,3.1968606313069663,0.2165520844913633,0.1829480973688612,1.6985527873039246,1.608931064605713,1.7881745100021362,4.802417556444804,5.805189291636149,3.7996458212534585,0.1917497444452618,0.1849292995482796,1.6877816915512085,1.643974781036377,1.73158860206604,3.775426586469014,5.155733108520508,2.395120064417521,0.1403466444601233,0.145055119786046,1.93064147233963,1.5636218786239624,2.297661066055298,3.9031161864598594,5.319296995798747,2.486935377120972,0.1371641859904431,0.139133829495829,1.9723190069198608,1.4714851379394531,2.473152875900269,4.17514705657959,5.289561589558919,3.0607325236002603,0.1824725656218719,0.1359149455386349,1.995725989341736,1.6384294033050537,2.353022575378418
nb_s614599_mpnn_3_IL20,False,"A,B",10.395107142857142,84.57231045311799,48.82,4.4,5.280952380952381,76.79375324762572,0.130214,0.1276,0.0454,0.0983,0.51,0.86,64.3,0.0,0.54,0.0265,0.481,4.466424744897959,94.88139285714286,36409.08,1774.87,3.146590909090909,92.06900024414062,0.623822,0.3002,0.6744,0.5191,0.8,0.86,51959.43,1.0,0.0619,0.23844466004502451,0.8270577083724995,11.45586773482236,70.26776123046875,73.63579,13.419603,0.5966834,,,,,,,0.36921772360801697,/scicore/home/schwede/barta0000/germinal_ds/templates_target_shuffle/nb_s614599_mpnn_3_IL20/chai_no_constraints/seed_3177/pred.model_idx_2.cif,0.3975867033004761,/scicore/home/schwede/barta0000/germinal_ds/templates_target_shuffle/nb_s614599_mpnn_3_IL20/chai_with_constraints/seed_1179/pred.model_idx_3.cif,0.36921772360801697,0.6390225291252136,0.3017665147781372,"[[0.8922369480133057, 0.8958549499511719]]","[[[0.8922369480133057, 0.3017665147781372], [0.27046340703964233, 0.8958549499511719]]]",0.3017665147781372,0.092191,0.0979,0.017,0.0281,0.3975867033004761,0.689145565032959,0.32469701766967773,"[[0.9008670449256897, 0.8965417146682739]]","[[[0.9008670449256897, 0.32469701766967773], [0.29414060711860657, 0.8965417146682739]]]",0.32469701766967773,0.187023,0.1032,0.0663,0.1735,0.5944716334342957,0.6309989094734192,0.34511804580688477,0.6568100452423096,0.6122920513153076,0.8857739567756653,6.8217058181762695,0.31221726536750793,/scicore/home/schwede/barta0000/germinal_ds/templates_target_shuffle/nb_s614599_mpnn_3_IL20/boltz_free/output/boltz_results_nb_s614599_mpnn_3_IL20/predictions/nb_s614599_mpnn_3_IL20/nb_s614599_mpnn_3_IL20_model_0.cif,0.071311,0.0558,0.0139,0.0439,0.8517158627510071,0.8255440592765808,0.7215502858161926,0.8842571973800659,0.8548904657363892,0.6109058260917664,3.4319794178009033,0.7215502858161926,/scicore/home/schwede/barta0000/germinal_ds/templates_target_shuffle/nb_s614599_mpnn_3_IL20/boltz_with_template/output/boltz_results_nb_s614599_mpnn_3_IL20/predictions/nb_s614599_mpnn_3_IL20/nb_s614599_mpnn_3_IL20_model_0.cif,0.389033,0.2644,0.2968,0.335,4.04681952794393,4.045124212900798,4.0485148429870605,0.1276721573684796,0.2236945627580024,1.4974737167358398,1.2598845958709717,1.735062837600708,3.70887815952301,4.232133388519287,3.1856229305267334,0.0551396871745351,0.1513539896443576,1.888133883476257,1.314333200454712,2.4619345664978027,3.714241862297058,4.175070126851399,3.2534135977427163,0.0527048133612233,0.1731379334586316,1.7536666989326477,1.3043609857559204,2.202972412109375,4.190077980359395,4.329973061879476,4.0501828988393145,0.1127232863698105,0.2253351374262996,1.4901664853096008,1.2187025547027588,1.7616304159164429,3.863678415616353,3.751201311747233,3.9761555194854736,0.0938645816601558,0.1976302690913329,1.6213573217391968,1.3242863416671753,1.9184283018112185,4.049227595329285,4.055062770843506,4.043392419815064,0.080510035151387,0.2069231392451139,1.575407862663269,1.3374905586242676,1.8133251667022705,4.114578326543172,3.9289938608805337,4.3001627922058105,0.1265363591427385,0.1844244143443393,1.6905155777931211,1.4969351291656494,1.8840960264205933
nb_s830050_mpnn_4_PDL1,False,"A,B",7.81143335291709,85.84774959525095,43.15,3.78,6.2318181818181815,76.31310187245906,0.19997,0.1283,0.1815,0.2005,0.57,0.845,-133.12,0.0,0.59,0.0003,0.271,4.6451556908615075,93.21362869198312,841.77,61.42,5.1234090909090915,84.90956513778023,0.508122,0.1743,0.5556,0.5118,0.72,0.83,99.43,1.0,0.0097,0.15870683281820017,0.8713123955001785,20.56377379099528,50.5864143371582,67.3073,16.86473,0.5001568,,,,,,,0.572044849395752,/scicore/home/schwede/barta0000/germinal_ds/templates_target_shuffle/nb_s830050_mpnn_4_PDL1/chai_no_constraints/seed_1132/pred.model_idx_4.cif,0.7516629695892334,/scicore/home/schwede/barta0000/germinal_ds/templates_target_shuffle/nb_s830050_mpnn_4_PDL1/chai_with_constraints/seed_1493/pred.model_idx_0.cif,0.572044849395752,0.7898407578468323,0.5175958871841431,"[[0.9203143119812012, 0.9235373139381409]]","[[[0.9203143119812012, 0.48738110065460205], [0.5175958871841431, 0.9235373139381409]]]",0.48738110065460205,0.393137,0.12,0.3305,0.4152,0.7516629695892334,0.8452692627906799,0.728261411190033,"[[0.9131640791893005, 0.885397732257843]]","[[[0.9131640791893005, 0.728261411190033], [0.7244744896888733, 0.885397732257843]]]",0.728261411190033,0.650172,0.31,0.5456,0.5245,0.766360878944397,0.7160645127296448,0.5606644153594971,0.8177849650382996,0.7467201352119446,0.7624928951263428,5.775152206420898,0.5210548043251038,/scicore/home/schwede/barta0000/germinal_ds/templates_target_shuffle/nb_s830050_mpnn_4_PDL1/boltz_free/output/boltz_results_nb_s830050_mpnn_4_PDL1/predictions/nb_s830050_mpnn_4_PDL1/nb_s830050_mpnn_4_PDL1_model_0.cif,0.135079,0.1458,0.043,0.1161,0.9067836999893188,0.8689741492271423,0.8466984033584595,0.9218049645423889,0.890923023223877,0.4325975775718689,1.7324672937393188,0.8129404783248901,/scicore/home/schwede/barta0000/germinal_ds/templates_target_shuffle/nb_s830050_mpnn_4_PDL1/boltz_with_template/output/boltz_results_nb_s830050_mpnn_4_PDL1/predictions/nb_s830050_mpnn_4_PDL1/nb_s830050_mpnn_4_PDL1_model_0.cif,0.571456,0.3806,0.5787,0.5375,4.009797096252441,3.613901138305664,4.405693054199219,0.1521613784211125,0.2554821322717495,1.36460280418396,1.3301856517791748,1.3990199565887451,3.980597376823425,3.492230494817098,4.468964258829753,0.1051590880484786,0.2364088507396816,1.442192554473877,1.2957642078399658,1.588620901107788,3.9467244545618696,3.4074920813242597,4.48595682779948,0.1294413504674055,0.2408323146594201,1.4236543774604795,1.3326704502105713,1.5146383047103882,4.1400941212972,3.7050603230794272,4.575127919514974,0.164348954326236,0.2531025453968005,1.373960554599762,1.369202971458435,1.3787181377410889,4.062082568804423,3.597269137700399,4.526895999908447,0.1114398159017186,0.2235170878412236,1.498267412185669,1.400520920753479,1.5960139036178589,4.157933354377747,3.863788366317749,4.452078342437744,0.1252463863084019,0.2583519037660678,1.3534326553344729,1.2024867534637451,1.5043785572052002,4.201679587364197,3.824599981307984,4.57875919342041,0.1349126576406372,0.2392813642191317,1.4301151633262634,1.2856676578521729,1.574562668800354
nb_s607831_mpnn_5_PDL1,False,"A,B",13.666013281347363,79.61209745762712,253.57,26.93,5.961111111111111,66.60342973584929,0.005496,0.0728,0.0139,0.0,0.19,0.825,-94.04,0.0,0.26,0.0294,1.786,5.269493848920222,92.33316455696202,22556.1,1147.18,4.4503125,84.60158056961863,0.384721,0.186,0.3729,0.4316,0.65,0.79,24609.33,1.0,0.9647,0.10721891843220192,0.842973790123854,22.14031219482422,51.39410400390625,65.638145,17.67808,0.47677433,,,,,,,0.4009898900985718,/scicore/home/schwede/barta0000/germinal_ds/templates_target_shuffle/nb_s607831_mpnn_5_PDL1/chai_no_constraints/seed_1494/pred.model_idx_2.cif,0.40338438749313354,/scicore/home/schwede/barta0000/germinal_ds/templates_target_shuffle/nb_s607831_mpnn_5_PDL1/chai_with_constraints/seed_1700/pred.model_idx_0.cif,0.4009898900985718,0.7044111490249634,0.3251345753669739,"[[0.8784809708595276, 0.8859650492668152]]","[[[0.8784809708595276, 0.32230275869369507], [0.3251345753669739, 0.8859650492668152]]]",0.32230275869369507,0.184127,0.055,0.0334,0.1754,0.40338438749313354,0.7043563723564148,0.32814136147499084,"[[0.8721086382865906, 0.875968337059021]]","[[[0.8721086382865906, 0.32814136147499084], [0.2977413535118103, 0.875968337059021]]]",0.32814136147499084,0.197843,0.1348,0.0239,0.1999,0.8068140149116516,0.7666066288948059,0.5582535862922668,0.868954062461853,0.7938123941421509,0.5519738793373108,3.704058885574341,0.5229344964027405,/scicore/home/schwede/barta0000/germinal_ds/templates_target_shuffle/nb_s607831_mpnn_5_PDL1/boltz_free/output/boltz_results_nb_s607831_mpnn_5_PDL1/predictions/nb_s607831_mpnn_5_PDL1/nb_s607831_mpnn_5_PDL1_model_0.cif,0.194922,0.0803,0.0701,0.2032,0.8773272633552551,0.8103981614112854,0.645130455493927,0.9353764057159424,0.9013957381248474,0.6572314500808716,4.104969501495361,0.627255380153656,/scicore/home/schwede/barta0000/germinal_ds/templates_target_shuffle/nb_s607831_mpnn_5_PDL1/boltz_with_template/output/boltz_results_nb_s607831_mpnn_5_PDL1/predictions/nb_s607831_mpnn_5_PDL1/nb_s607831_mpnn_5_PDL1_model_0.cif,0.274306,0.2589,0.1598,0.3121,4.515263557434082,4.5702972412109375,4.460229873657227,0.1374806066993194,0.2366118773952441,1.4413341283798218,1.4245240688323977,1.458144187927246,4.197727084159851,4.491073767344157,3.9043804009755454,0.1304308814482426,0.1942152915753802,1.6387879848480225,1.536238431930542,1.741337537765503,4.207186420758565,4.449931462605794,3.964441378911336,0.1444938339315649,0.2156058883811583,1.5343031287193298,1.4431064128875732,1.6254998445510864,4.690266211827597,4.801972548166911,4.578559875488281,0.1413279629188366,0.2342063141005123,1.4515528678894043,1.43665874004364,1.4664469957351685,4.61453906695048,4.749194939931233,4.479883193969727,0.1212337258660165,0.2129876687769209,1.546521008014679,1.4510595798492432,1.6419824361801147,4.743515332539877,5.025228500366211,4.461802164713542,0.119046069680838,0.2252803320962004,1.4904097318649292,1.3549538850784302,1.6258655786514282,4.625316937764485,4.645722230275472,4.604911645253499,0.0985116589582394,0.202683077422134,1.5961117148399353,1.5683887004852295,1.6238347291946411
nb_s566504_mpnn_5_PDL1,False,"A,B",9.697852908187789,84.83826737967914,36.7,2.63,6.137037037037037,71.0111423963171,0.103023,0.1321,0.0404,0.1856,0.36,0.855,-126.37,0.0,0.41,0.9682,0.294,5.050928804144635,93.76303797468353,8977.32,754.5,3.381166666666667,84.10645208051127,0.351655,0.3112,0.3403,0.3951,0.64,0.79,19229.68,1.0,0.8826,0.22233897223622245,0.8602737770127667,20.881545861562092,53.61485290527344,69.55465,16.835789,0.50680536,,,,,,,0.3489376902580261,/scicore/home/schwede/barta0000/germinal_ds/templates_target_shuffle/nb_s566504_mpnn_5_PDL1/chai_no_constraints/seed_1362/pred.model_idx_0.cif,0.6072574853897095,/scicore/home/schwede/barta0000/germinal_ds/templates_target_shuffle/nb_s566504_mpnn_5_PDL1/chai_with_constraints/seed_1200/pred.model_idx_3.cif,0.3489376902580261,0.6802359819412231,0.2661131024360657,"[[0.9191077947616577, 0.8743299245834351]]","[[[0.9191077947616577, 0.2661131024360657], [0.265617698431015, 0.8743299245834351]]]",0.2661131024360657,0.133917,0.1033,0.0239,0.1228,0.6072574853897095,0.804659366607666,0.557906985282898,"[[0.9238049983978271, 0.9221221208572388]]","[[[0.9238049983978271, 0.557906985282898], [0.5369457602500916, 0.9221221208572388]]]",0.557906985282898,0.440976,0.221,0.4056,0.4629,0.798089861869812,0.7624427080154419,0.5322971343994141,0.8645380139350891,0.7764977216720581,0.6082401871681213,5.114663600921631,0.5122466683387756,/scicore/home/schwede/barta0000/germinal_ds/templates_target_shuffle/nb_s566504_mpnn_5_PDL1/boltz_free/output/boltz_results_nb_s566504_mpnn_5_PDL1/predictions/nb_s566504_mpnn_5_PDL1/nb_s566504_mpnn_5_PDL1_model_0.cif,0.148914,0.1005,0.047,0.1593,0.8792908787727356,0.8501318097114563,0.725050151348114,0.9178510308265686,0.8684356212615967,0.3900969624519348,2.592501640319824,0.6857622861862183,/scicore/home/schwede/barta0000/germinal_ds/templates_target_shuffle/nb_s566504_mpnn_5_PDL1/boltz_with_template/output/boltz_results_nb_s566504_mpnn_5_PDL1/predictions/nb_s566504_mpnn_5_PDL1/nb_s566504_mpnn_5_PDL1_model_0.cif,0.386125,0.2085,0.3061,0.4505,4.988684018452962,5.504018147786458,4.473349889119466,0.1546428405820737,0.2667488260708407,1.3214477896690369,1.2451238632202148,1.3977717161178589,4.973133166631063,5.434804121653239,4.511462211608887,0.1373790038438811,0.2521181513789046,1.3778574466705322,1.1705738306045532,1.5851410627365112,5.093576987584432,5.585203965504964,4.601950009663899,0.1524063591628656,0.2670740888601238,1.320229172706604,1.118582248687744,1.521876096725464,5.130275885264078,5.69707187016805,4.563479900360107,0.1717664427398252,0.2671142710756337,1.320078730583191,1.2282991409301758,1.411858320236206,5.366274992624918,6.250167687733968,4.482382297515869,0.2017875577568639,0.2701714946753852,1.3086983561515808,1.1715720891952517,1.4458246231079102,5.287872473398844,6.21616268157959,4.359582265218099,0.1773504772485108,0.2498525359614103,1.3868843913078308,1.1765021085739136,1.597266674041748,5.360898574193318,6.106845696767171,4.614951451619466,0.1377533221198446,0.2337775832258778,1.4533851146697998,1.3147597312927246,1.592010498046875
nb_s664067_mpnn_1_IL20,False,"A,B",13.832843112244896,79.0627878513146,177.49,11.16,7.604347826086954,67.7365002710926,0.00582,0.085,0.014,0.0,0.2,0.8300000000000001,121.5,0.0,0.28,0.0042,0.579,5.919821173469387,90.01732142857142,16637.52,1010.43,4.731896551724137,81.56833267211914,0.387234,0.1885,0.3766,0.377,0.65,0.79,53073.94,1.0,,0.08638523067252796,0.8048145382787075,12.028275857369104,69.70137786865234,74.418434,13.474882,0.5991297,,,,,,,0.42486101388931274,/scicore/home/schwede/barta0000/germinal_ds/templates_target_shuffle/nb_s664067_mpnn_1_IL20/chai_no_constraints/seed_1713/pred.model_idx_0.cif,0.39514946937561035,/scicore/home/schwede/barta0000/germinal_ds/templates_target_shuffle/nb_s664067_mpnn_1_IL20/chai_with_constraints/seed_1122/pred.model_idx_1.cif,0.42486101388931274,0.6759166121482849,0.3620971441268921,"[[0.8981952667236328, 0.8880448937416077]]","[[[0.8981952667236328, 0.3269115686416626], [0.3620971441268921, 0.8880448937416077]]]",0.3269115686416626,0.148788,0.0646,0.0278,0.0703,0.39514946937561035,0.6738758683204651,0.3254678249359131,"[[0.884169340133667, 0.8750073909759521]]","[[[0.884169340133667, 0.3254678249359131], [0.29186031222343445, 0.8750073909759521]]]",0.3254678249359131,0.197468,0.0765,0.0657,0.1513,0.6048533916473389,0.6902257800102234,0.4653226435184479,0.6397360563278198,0.5800703167915344,1.0193604230880737,5.692102432250977,0.44730043411254883,/scicore/home/schwede/barta0000/germinal_ds/templates_target_shuffle/nb_s664067_mpnn_1_IL20/boltz_free/output/boltz_results_nb_s664067_mpnn_1_IL20/predictions/nb_s664067_mpnn_1_IL20/nb_s664067_mpnn_1_IL20_model_0.cif,0.139638,0.0481,0.0172,0.094,0.8359780311584473,0.8418776392936707,0.7375654578208923,0.8605812191963196,0.8374216556549072,0.5387374758720398,2.136451005935669,0.7375654578208923,/scicore/home/schwede/barta0000/germinal_ds/templates_target_shuffle/nb_s664067_mpnn_1_IL20/boltz_with_template/output/boltz_results_nb_s664067_mpnn_1_IL20/predictions/nb_s664067_mpnn_1_IL20/nb_s664067_mpnn_1_IL20_model_0.cif,0.510096,0.2628,0.3761,0.452,4.64781634012858,5.034815788269043,4.260816891988118,0.1618929996982415,0.2163388867472565,1.5309091806411743,1.3373792171478271,1.7244391441345217,3.9259074926376334,4.655043601989746,3.1967713832855225,0.2149621466758091,0.1478438422171466,1.9115986824035645,1.2948477268218994,2.528349637985229,3.732845664024353,4.286074002583821,3.1796173254648843,0.1949838920641507,0.1551047916291862,1.8636543154716487,1.3006535768508911,2.4266550540924072,4.805955251057943,5.288812796274821,4.3230977058410645,0.1806715186141181,0.2185764343618055,1.520619511604309,1.2896409034729004,1.7515981197357178,4.3993711074193325,4.804068724314372,3.994673490524292,0.1675392865142947,0.20518797941045,1.5838287472724917,1.2738789319992063,1.8937785625457764,4.43561585744222,4.6381791432698565,4.233052571614583,0.1540315057973096,0.2079973235781645,1.5702300667762756,1.2974501848220823,1.8430099487304688,4.808573087056478,5.265044053395589,4.352102120717366,0.1665432163419117,0.1957831603968069,1.6307475566864014,1.3338840007781982,1.9276111125946045
nb_s558025_mpnn_1_IL20,False,"A,B",12.672801020408164,80.05846431797652,51.9,3.79,9.348,66.36011126574144,0.013756,0.0685,0.0227,0.0449,0.3,0.8300000000000001,15.39,0.0,0.36,0.9319,0.285,5.6672714285714285,92.58978571428571,17748.2,1019.8,4.330961538461539,87.3448161372432,0.398944,0.1847,0.5352,0.3762,0.68,0.8,16948.49,1.0,0.1136,0.18630538915588496,0.8216680037241969,14.997404336929321,64.59793853759766,73.66654,14.64915,0.5526463,,,,,,,0.3750455379486084,/scicore/home/schwede/barta0000/germinal_ds/templates_target_shuffle/nb_s558025_mpnn_1_IL20/chai_no_constraints/seed_6406/pred.model_idx_1.cif,0.3161596357822418,/scicore/home/schwede/barta0000/germinal_ds/templates_target_shuffle/nb_s558025_mpnn_1_IL20/chai_with_constraints/seed_1819/pred.model_idx_4.cif,0.3750455379486084,0.6719460487365723,0.30082041025161743,"[[0.8776758909225464, 0.8974651098251343]]","[[[0.8776758909225464, 0.30082041025161743], [0.2769066393375397, 0.8974651098251343]]]",0.30082041025161743,0.150318,0.097,0.0275,0.1057,0.3161596357822418,0.6428017616271973,0.23449911177158356,"[[0.8713894486427307, 0.8947133421897888]]","[[[0.8713894486427307, 0.23449911177158356], [0.22779150307178497, 0.8947133421897888]]]",0.23449911177158356,0.110043,0.0861,0.0334,0.1016,0.5560569167137146,0.5333558917045593,0.18946075439453125,0.6477059721946716,0.5543137788772583,1.1141258478164673,8.068086624145508,0.12943466007709503,/scicore/home/schwede/barta0000/germinal_ds/templates_target_shuffle/nb_s558025_mpnn_1_IL20/boltz_free/output/boltz_results_nb_s558025_mpnn_1_IL20/predictions/nb_s558025_mpnn_1_IL20/nb_s558025_mpnn_1_IL20_model_0.cif,0.006086,0.0298,0.0106,0.0112,0.7519347667694092,0.6763532161712646,0.46328574419021606,0.8240970373153687,0.7650406956672668,0.9162387251853943,6.16016149520874,0.46328574419021606,/scicore/home/schwede/barta0000/germinal_ds/templates_target_shuffle/nb_s558025_mpnn_1_IL20/boltz_with_template/output/boltz_results_nb_s558025_mpnn_1_IL20/predictions/nb_s558025_mpnn_1_IL20/nb_s558025_mpnn_1_IL20_model_0.cif,0.16026,0.0964,0.0445,0.1182,4.859024922053019,5.384454727172852,4.3335951169331866,0.1927791766167123,0.2232117414683619,1.4996344447135923,1.2919814586639404,1.7072874307632446,4.168442328770956,5.1357528368632,3.201131820678711,0.2392205664494774,0.1495181368382054,1.90033757686615,1.3595311641693115,2.4411439895629883,4.202779213587443,5.150127092997233,3.255431334177653,0.2354776787850052,0.1774373555084567,1.729137659072876,1.308412790298462,2.14986252784729,4.877040465672812,5.448376814524333,4.305704116821289,0.2046685116277619,0.2184196444758263,1.52133709192276,1.294895887374878,1.747778296470642,4.615866820017497,5.104434649149577,4.127298990885417,0.1546026713207275,0.1824405957341551,1.7013306617736816,1.4822282791137695,1.9204330444335935,4.417437156041463,4.858145078023274,3.976729234059652,0.1257190828497008,0.1948303309508078,1.635626196861267,1.402299880981445,1.8689525127410889,4.702460726102194,5.225199381510417,4.17972207069397,0.1995441789121279,0.1877201843702921,1.6728028059005735,1.4267547130584717,1.918850898742676
nb_s175477_mpnn_2_IL20,False,"A,B",12.422619897959182,79.66788974243109,107.06,5.93,11.1,60.369069955042995,0.008128,0.0791,0.0154,0.017,0.23,0.8400000000000001,3.03,0.0,0.3,0.9682,0.497,5.090005484693877,92.76042857142856,27829.61,1332.82,5.498382352941175,84.81548247798797,0.445597,0.2179,0.423,0.4303,0.68,0.82,45865.4,1.0,0.0797,0.07512205867731195,0.8176131278753062,11.303443431854248,64.85499572753906,74.32546,12.276857,0.64363396,,,,,,,0.36680740118026733,/scicore/home/schwede/barta0000/germinal_ds/templates_target_shuffle/nb_s175477_mpnn_2_IL20/chai_no_constraints/seed_1810/pred.model_idx_3.cif,0.34373652935028076,/scicore/home/schwede/barta0000/germinal_ds/templates_target_shuffle/nb_s175477_mpnn_2_IL20/chai_with_constraints/seed_3238/pred.model_idx_1.cif,0.36680740118026733,0.6645968556404114,0.2923600375652313,"[[0.8827996253967285, 0.8973776698112488]]","[[[0.8827996253967285, 0.2923600375652313], [0.2668519914150238, 0.8973776698112488]]]",0.2923600375652313,0.151094,0.0599,0.0188,0.0855,0.34373652935028076,0.6401175856590271,0.269641250371933,"[[0.8781729340553284, 0.8722115159034729]]","[[[0.8781729340553284, 0.269641250371933], [0.21377716958522797, 0.8722115159034729]]]",0.269641250371933,0.139439,0.0506,0.0208,0.094,0.6415140628814697,0.710779070854187,0.5964774489402771,0.6527732014656067,0.567305326461792,1.1398109197616577,4.168334007263184,0.5964774489402771,/scicore/home/schwede/barta0000/germinal_ds/templates_target_shuffle/nb_s175477_mpnn_2_IL20/boltz_free/output/boltz_results_nb_s175477_mpnn_2_IL20/predictions/nb_s175477_mpnn_2_IL20/nb_s175477_mpnn_2_IL20_model_0.cif,0.221926,0.0601,0.0235,0.223,0.8453702330589294,0.8218644261360168,0.7369045615196228,0.8724865913391113,0.8282073736190796,0.646916925907135,2.3920180797576904,0.7369045615196228,/scicore/home/schwede/barta0000/germinal_ds/templates_target_shuffle/nb_s175477_mpnn_2_IL20/boltz_with_template/output/boltz_results_nb_s175477_mpnn_2_IL20/predictions/nb_s175477_mpnn_2_IL20/nb_s175477_mpnn_2_IL20_model_0.cif,0.501247,0.3627,0.3034,0.4429,4.39421272277832,4.687247276306152,4.101178169250488,0.1044937682293593,0.2056399894708538,1.5816282629966736,1.3723697662353516,1.7908867597579956,3.963773012161255,4.905811150868733,3.021734873453776,0.0746673293905058,0.170231891667985,1.7705937027931211,1.256877303123474,2.284310102462769,3.9489807685216265,4.87578821182251,3.022173325220744,0.0796297310470473,0.1949340375550471,1.6350940465927124,1.2228593826293943,2.0473287105560303,4.470026731491089,4.749485333760579,4.190568129221599,0.1223019666008006,0.2059907063930303,1.57992422580719,1.3384649753570557,1.821383476257324,4.571277856826782,5.05181344350179,4.090742270151774,0.1383936592664078,0.2087096300018663,1.5668113231658936,1.2987456321716309,1.834877014160156,4.548035184542338,5.140114466349284,3.955955902735392,0.0926794595578957,0.2012809412019154,1.603053629398346,1.3525047302246094,1.8536025285720823,4.65311598777771,5.035421053568522,4.2708109219868975,0.1331827184541553,0.1788937046875837,1.720963478088379,1.5031815767288208,1.938745379447937
nb_s563170_mpnn_3_PDL1,False,"A,B",8.792976552902847,85.50276842105264,43.14,3.25,4.721739130434782,74.87532227226907,0.125935,0.0624,0.0662,0.1364,0.45,0.855,-135.56,0.0,0.5,0.5252,0.333,3.6806083426801255,96.57092827004222,2452.1,217.96,1.7950000000000004,94.74279998779296,0.617206,0.1469,0.7582,0.5837,0.8,0.87,1246.34,1.0,0.0002,0.2578158060631968,0.858464438964508,,,69.80385,17.039757,0.5030521,,,,,,,0.33940020203590393,/scicore/home/schwede/barta0000/germinal_ds/templates_target_shuffle/nb_s563170_mpnn_3_PDL1/chai_no_constraints/seed_3520/pred.model_idx_1.cif,0.5034279227256775,/scicore/home/schwede/barta0000/germinal_ds/templates_target_shuffle/nb_s563170_mpnn_3_PDL1/chai_with_constraints/seed_2466/pred.model_idx_3.cif,0.33940020203590393,0.682712197303772,0.2535721957683563,"[[0.9229153394699097, 0.882253885269165]]","[[[0.9229153394699097, 0.2535721957683563], [0.22213977575302124, 0.882253885269165]]]",0.2535721957683563,0.120511,0.0577,0.0186,0.0821,0.5034279227256775,0.7568786144256592,0.4400652050971985,"[[0.8869327902793884, 0.8816085457801819]]","[[[0.8869327902793884, 0.41974568367004395], [0.4400652050971985, 0.8816085457801819]]]",0.41974568367004395,0.329599,0.1394,0.0804,0.3732,0.8211016058921814,0.856505274772644,0.7466756105422974,0.8397080302238464,0.7432441711425781,0.39632177352905273,1.8212085962295532,0.7309533953666687,/scicore/home/schwede/barta0000/germinal_ds/templates_target_shuffle/nb_s563170_mpnn_3_PDL1/boltz_free/output/boltz_results_nb_s563170_mpnn_3_PDL1/predictions/nb_s563170_mpnn_3_PDL1/nb_s563170_mpnn_3_PDL1_model_0.cif,0.416054,0.1098,0.1479,0.4519,0.8246726393699646,0.8339008688926697,0.683675229549408,0.8599219918251038,0.7850562930107117,0.44023868441581726,3.0590267181396484,0.683675229549408,/scicore/home/schwede/barta0000/germinal_ds/templates_target_shuffle/nb_s563170_mpnn_3_PDL1/boltz_with_template/output/boltz_results_nb_s563170_mpnn_3_PDL1/predictions/nb_s563170_mpnn_3_PDL1/nb_s563170_mpnn_3_PDL1_model_0.cif,0.301908,0.1554,0.1348,0.3632,5.049628098805746,5.663586775461833,4.435669422149658,0.1351344568175005,0.2520325096746921,1.378197193145752,1.270236253738403,1.4861581325531006,5.346258401870728,5.984783331553142,4.7077334721883135,0.2169317825019212,0.2395322979103261,1.4290670156478882,1.32814621925354,1.5299878120422363,5.273698409398397,5.967508792877197,4.579888025919597,0.2207531674397816,0.2314527012200689,1.4633797407150269,1.3885633945465088,1.538196086883545,5.291214466094971,6.015767574310303,4.566661357879639,0.1641743249548509,0.2511054795926766,1.3818821907043457,1.3096797466278076,1.4540846347808838,4.996678829193115,5.439741929372151,4.553615729014079,0.1359856787293686,0.2229063472093793,1.5010035634040833,1.449409246444702,1.5525978803634644,5.365573962529501,6.345949808756511,4.38519811630249,0.1893055438146716,0.2356987432849761,1.445200800895691,1.3125560283660889,1.577845573425293,5.455011208852133,6.272820472717285,4.63720194498698,0.1356406461033139,0.2163554572030372,1.530832588672638,1.448974370956421,1.612690806388855
nb_s183327_mpnn_2_PDL1,False,"A,B",10.782833947551138,83.61584795321639,179.51,16.41,6.126086956521738,67.67707873990076,0.034341,0.0649,0.0283,0.0667,0.28,0.86,-91.63,0.0,0.34,0.807,0.64,6.959165019850807,92.27206751054851,13345.4,613.72,3.238636363636364,80.1131820678711,0.171786,0.1098,0.1184,0.1946,0.4,0.68,42455.99,1.0,0.8325,0.13831289432357105,0.8488224090316308,,,70.03313,17.31925,0.491407,,,,,,,0.3975009620189667,/scicore/home/schwede/barta0000/germinal_ds/templates_target_shuffle/nb_s183327_mpnn_2_PDL1/chai_no_constraints/seed_359/pred.model_idx_0.cif,0.45783156156539917,/scicore/home/schwede/barta0000/germinal_ds/templates_target_shuffle/nb_s183327_mpnn_2_PDL1/chai_with_constraints/seed_2889/pred.model_idx_1.cif,0.3975009620189667,0.7198631763458252,0.31691041588783264,"[[0.9292711615562439, 0.8817214369773865]]","[[[0.9292711615562439, 0.31691041588783264], [0.3080470860004425, 0.8817214369773865]]]",0.31691041588783264,0.168518,0.0577,0.0209,0.1414,0.45783156156539917,0.7572250962257385,0.38298317790031433,"[[0.9294103384017944, 0.8844172358512878]]","[[[0.9294103384017944, 0.38298317790031433], [0.36598458886146545, 0.8844172358512878]]]",0.38298317790031433,0.259105,0.0744,0.0754,0.2965,0.8053706288337708,0.7820378541946411,0.5730465054512024,0.8634516596794128,0.7777038812637329,0.5029897093772888,3.618333101272583,0.5392976999282837,/scicore/home/schwede/barta0000/germinal_ds/templates_target_shuffle/nb_s183327_mpnn_2_PDL1/boltz_free/output/boltz_results_nb_s183327_mpnn_2_PDL1/predictions/nb_s183327_mpnn_2_PDL1/nb_s183327_mpnn_2_PDL1_model_0.cif,0.202572,0.0714,0.0748,0.2164,0.8647307753562927,0.8215277194976807,0.6496903300285339,0.9184908866882324,0.8648558855056763,0.4863710105419159,4.266458511352539,0.6382010579109192,/scicore/home/schwede/barta0000/germinal_ds/templates_target_shuffle/nb_s183327_mpnn_2_PDL1/boltz_with_template/output/boltz_results_nb_s183327_mpnn_2_PDL1/predictions/nb_s183327_mpnn_2_PDL1/nb_s183327_mpnn_2_PDL1_model_0.cif,0.239533,0.1771,0.1454,0.2792,5.172933260599772,5.852587064107259,4.493279457092285,0.0781391422030248,0.2555911569916152,1.3641761541366575,1.3128697872161863,1.415482521057129,5.372069040934244,6.244073390960693,4.500064690907796,0.1364331919355735,0.252004464585746,1.3783084750175476,1.2177693843841553,1.53884756565094,5.501649061838786,6.487962404886882,4.51533571879069,0.1138370854079293,0.2800770000596136,1.2726907134056091,1.0854922533035278,1.4598891735076904,5.435297012329102,6.200619538625081,4.669974486033122,0.1312441740026313,0.2571316694833728,1.3581669926643372,1.2569339275360107,1.4594000577926636,5.497243801752726,6.658056735992432,4.3364308675130205,0.1117394625152507,0.2517416654656008,1.3793518543243408,1.2190632820129397,1.5396404266357422,5.477890173594157,6.42521874109904,4.530561606089274,0.1205267520660156,0.2557540953257445,1.3635388612747192,1.1497223377227783,1.5773553848266602,5.525197903315226,6.413977146148682,4.6364186604817705,0.1323242241903732,0.2405112987714331,1.4249882102012634,1.283599615097046,1.566376805305481
nb_s837885_mpnn_1_BHRF,False,"A,B",10.83273654513889,82.75109258446686,359.41,16.51,9.575000000000001,67.39508468818889,0.060573,0.1622,0.0225,0.0694,0.37,0.855,11.95,0.0,0.42,0.9678,0.255,4.161344280478394,93.73288194444444,14992.27,890.86,4.06093023255814,88.15450038909913,0.664323,0.393,0.6042,0.5695,0.83,0.89,18274.82,1.0,0.9779,0.30345824196478977,0.8341917169089551,17.236359323774064,51.999237060546875,75.56506,15.031635,0.53445065,,,,,,,0.3522496819496155,/scicore/home/schwede/barta0000/germinal_ds/templates_target_shuffle/nb_s837885_mpnn_1_BHRF/chai_no_constraints/seed_3388/pred.model_idx_0.cif,0.6085505485534668,/scicore/home/schwede/barta0000/germinal_ds/templates_target_shuffle/nb_s837885_mpnn_1_BHRF/chai_with_constraints/seed_1319/pred.model_idx_3.cif,0.3522496819496155,0.6572063565254211,0.27601051330566406,"[[0.9216437935829163, 0.9079442024230957]]","[[[0.9216437935829163, 0.27601051330566406], [0.2393648624420166, 0.9079442024230957]]]",0.27601051330566406,0.117523,0.208,0.0179,0.0719,0.6085505485534668,0.8244560956954956,0.5545741319656372,"[[0.901344895362854, 0.9087697267532349]]","[[[0.901344895362854, 0.5350329875946045], [0.5545741319656372, 0.9087697267532349]]]",0.5350329875946045,0.454032,0.1158,0.1403,0.4151,0.8828116655349731,0.8703052401542664,0.7599176168441772,0.9135351181030273,0.8580463528633118,0.470681756734848,3.370059013366699,0.7599176168441772,/scicore/home/schwede/barta0000/germinal_ds/templates_target_shuffle/nb_s837885_mpnn_1_BHRF/boltz_free/output/boltz_results_nb_s837885_mpnn_1_BHRF/predictions/nb_s837885_mpnn_1_BHRF/nb_s837885_mpnn_1_BHRF_model_0.cif,0.476829,0.2595,0.2667,0.414,0.8736292123794556,0.8672634363174438,0.7702223062515259,0.899480938911438,0.8576704859733582,0.5521855354309082,3.586826801300049,0.7702223062515259,/scicore/home/schwede/barta0000/germinal_ds/templates_target_shuffle/nb_s837885_mpnn_1_BHRF/boltz_with_template/output/boltz_results_nb_s837885_mpnn_1_BHRF/predictions/nb_s837885_mpnn_1_BHRF/nb_s837885_mpnn_1_BHRF_model_0.cif,0.456455,0.3372,0.2461,0.4269,4.948638757069905,4.882887681325276,5.014389832814534,0.1196441324040502,0.2363984094906754,1.4422367215156555,1.1379787921905518,1.7464946508407593,4.556405385335287,4.312293529510498,4.800517241160075,0.1709887434371824,0.2330399426233503,1.4565454125404358,1.29689359664917,1.6161972284317017,4.590258042017618,4.362820625305176,4.8176954587300616,0.1643151259508672,0.2345149587238579,1.450235903263092,1.2827162742614746,1.6177555322647097,4.985343933105469,4.895246505737305,5.075441360473633,0.1251555345707707,0.2407044480200852,1.4241854548454285,1.117934226989746,1.7304366827011108,4.891809066136678,4.702938397725423,5.080679734547933,0.1099519680675634,0.2454426718307725,1.4046918749809263,1.189544677734375,1.619839072227478,4.569932381312052,4.230328877766927,4.909535884857178,0.1215850822839508,0.2177218328909302,1.5245370268821716,1.3099249601364136,1.7391490936279297,5.066434780756632,4.874650319417317,5.258219242095947,0.0780589916706042,0.2380184464770545,1.4354071021080017,1.219823956489563,1.6509902477264404
nb_s785824_mpnn_3_PDL1,False,"A,B",12.689850273282415,82.96523963381799,116.23,13.32,4.5441176470588225,72.40195180783195,0.006306,0.0759,0.0167,0.0143,0.27,0.85,-37.96,0.0,0.33,0.118,13.087,8.756527265929604,88.46675105485234,12119.59,889.16,7.296666666666665,77.05789345189145,0.106842,0.0951,0.0454,0.1232,0.36,0.65,6128.73,1.0,0.0303,0.12154111217317601,0.8541821623572711,,,68.10413,17.538158,0.48454297,,,,,,,0.264109343290329,/scicore/home/schwede/barta0000/germinal_ds/templates_target_shuffle/nb_s785824_mpnn_3_PDL1/chai_no_constraints/seed_1038/pred.model_idx_0.cif,0.621350884437561,/scicore/home/schwede/barta0000/germinal_ds/templates_target_shuffle/nb_s785824_mpnn_3_PDL1/chai_with_constraints/seed_2156/pred.model_idx_2.cif,0.264109343290329,0.606427788734436,0.17852972447872162,"[[0.880375862121582, 0.876335859298706]]","[[[0.880375862121582, 0.17852972447872162], [0.13787320256233215, 0.876335859298706]]]",0.17852972447872162,0.037423,0.0396,0.0117,0.022,0.621350884437561,0.813520610332489,0.5733084082603455,"[[0.9071606397628784, 0.8851900696754456]]","[[[0.9071606397628784, 0.5351803302764893], [0.5733084082603455, 0.8851900696754456]]]",0.5351803302764893,0.489037,0.1685,0.2793,0.4657,0.8683663606643677,0.9445078372955322,0.9250087141990662,0.8542057871818542,0.7975735068321228,0.3440997004508972,0.7043878436088562,0.9250087141990662,/scicore/home/schwede/barta0000/germinal_ds/templates_target_shuffle/nb_s785824_mpnn_3_PDL1/boltz_free/output/boltz_results_nb_s785824_mpnn_3_PDL1/predictions/nb_s785824_mpnn_3_PDL1/nb_s785824_mpnn_3_PDL1_model_0.cif,0.871139,0.2697,0.4337,0.7064,0.8059736490249634,0.794218122959137,0.6177337169647217,0.8530336022377014,0.7616263031959534,0.6378320455551147,4.815589904785156,0.6048253774642944,/scicore/home/schwede/barta0000/germinal_ds/templates_target_shuffle/nb_s785824_mpnn_3_PDL1/boltz_with_template/output/boltz_results_nb_s785824_mpnn_3_PDL1/predictions/nb_s785824_mpnn_3_PDL1/nb_s785824_mpnn_3_PDL1_model_0.cif,0.205073,0.1793,0.066,0.2343,4.668035586675008,4.852941354115804,4.483129819234212,0.1727058699009709,0.229596186890627,1.4714332222938538,1.3674259185791016,1.575440526008606,4.312431534131369,4.168568849563599,4.456294218699138,0.193664820016362,0.2072659510915549,1.573752522468567,1.4428163766860962,1.7046886682510376,4.305923938751221,4.1815565427144366,4.430291334788005,0.18673275125548,0.2401002190309917,1.4266988635063171,1.325261116027832,1.5281366109848022,4.780561129252115,5.064630508422852,4.49649175008138,0.1988835260196968,0.2410079082139309,1.4229255318641665,1.3554465770721436,1.490404486656189,4.584012746810913,4.767439047495524,4.400586446126302,0.1798647787336053,0.2350188535920662,1.4480895400047302,1.164960265159607,1.7312188148498535,4.434223810831705,4.441634019215901,4.42681360244751,0.1501669720271389,0.2279628080652763,1.4785727858543396,1.3414523601531982,1.615693211555481,4.69641129175822,4.84944216410319,4.543380419413249,0.1529422218655683,0.2230503635572012,1.5003576874732971,1.3863492012023926,1.6143661737442017
nb_s299548_mpnn_5_PDL1,False,"A,B",11.248008688066372,83.03747723620783,86.3,6.85,7.60925925925926,67.77867784986364,0.030156,0.0755,0.0212,0.0432,0.27,0.835,-123.74,0.0,0.34,0.9377,0.661,4.325521016931048,95.2494936708861,7194.07,364.8,3.005,90.04346025907077,0.502426,0.2543,0.6056,0.4999,0.71,0.83,7718.17,1.0,0.6388,0.09003910716475821,0.8524415576344255,,,67.79865,16.867094,0.49846497,,,,,,,0.2831130921840668,/scicore/home/schwede/barta0000/germinal_ds/templates_target_shuffle/nb_s299548_mpnn_5_PDL1/chai_no_constraints/seed_188/pred.model_idx_0.cif,0.6006597280502319,/scicore/home/schwede/barta0000/germinal_ds/templates_target_shuffle/nb_s299548_mpnn_5_PDL1/chai_with_constraints/seed_2150/pred.model_idx_1.cif,0.2831130921840668,0.6442665457725525,0.19282473623752594,"[[0.9216934442520142, 0.8773463368415833]]","[[[0.9216934442520142, 0.19282473623752594], [0.16472752392292023, 0.8773463368415833]]]",0.19282473623752594,0.058405,0.0618,0.0133,0.0317,0.6006597280502319,0.8239550590515137,0.5448359251022339,"[[0.9259772896766663, 0.8797323703765869]]","[[[0.9259772896766663, 0.5283856987953186], [0.5448359251022339, 0.8797323703765869]]]",0.5283856987953186,0.460665,0.103,0.1779,0.4889,0.7785295844078064,0.8315909504890442,0.665294349193573,0.8068383932113647,0.6823972463607788,0.4839994013309479,3.099581003189087,0.6521949172019958,/scicore/home/schwede/barta0000/germinal_ds/templates_target_shuffle/nb_s299548_mpnn_5_PDL1/boltz_free/output/boltz_results_nb_s299548_mpnn_5_PDL1/predictions/nb_s299548_mpnn_5_PDL1/nb_s299548_mpnn_5_PDL1_model_0.cif,0.258334,0.1028,0.0547,0.2883,0.8452877402305603,0.8406804203987122,0.7034540772438049,0.880746066570282,0.7813962697982788,0.5479221940040588,3.973682165145874,0.6834622025489807,/scicore/home/schwede/barta0000/germinal_ds/templates_target_shuffle/nb_s299548_mpnn_5_PDL1/boltz_with_template/output/boltz_results_nb_s299548_mpnn_5_PDL1/predictions/nb_s299548_mpnn_5_PDL1/nb_s299548_mpnn_5_PDL1_model_0.cif,0.309904,0.2114,0.1174,0.3899,4.462048530578613,4.417356173197429,4.506740887959798,0.1066605631224085,0.2236031821022858,1.4978823065757751,1.4562127590179443,1.539551854133606,4.412278652191162,4.279111226399739,4.545446077982585,0.1255366576289739,0.2205217294394653,1.5117590427398682,1.4329290390014648,1.5905890464782717,4.472587029139201,4.304000536600749,4.641173521677653,0.1481892134566212,0.2434315991474586,1.412919282913208,1.3524773120880127,1.473361253738403,4.657414436340332,4.754242420196533,4.560586452484131,0.1316458815395938,0.2328411605563657,1.457398772239685,1.3960764408111572,1.518721103668213,4.362544775009155,4.329045295715332,4.3960442543029785,0.1281393613838827,0.2414685943005347,1.4210158586502075,1.286945343017578,1.555086374282837,4.608933210372925,4.556397438049316,4.661468982696533,0.1085887035151619,0.2219709833044673,1.5052086114883425,1.3690531253814695,1.6413640975952148,4.584251801172892,4.625676155090332,4.542827447255452,0.0534283385905161,0.2048321827733399,1.5855642557144165,1.4657485485076904,1.7053799629211426
nb_s689267_mpnn_2_BHRF,False,"A,B",12.160070650077161,82.91706555213374,92.15,6.5,5.230434782608696,73.1529866239668,0.032864,0.1564,0.0227,0.0236,0.29,0.855,-87.36,0.0,0.35,0.3485,1.381,4.783091362847222,92.85944444444446,15785.04,809.88,2.1613157894736843,86.32679931640625,0.525788,0.2589,0.4596,0.48,0.71,0.83,21473.5,1.0,0.9465,0.19212185302844256,0.8286711612763908,12.233350118001303,67.27522277832031,76.05149,13.2540455,0.5818461,,,,,,,0.44257503747940063,/scicore/home/schwede/barta0000/germinal_ds/templates_target_shuffle/nb_s689267_mpnn_2_BHRF/chai_no_constraints/seed_1414/pred.model_idx_0.cif,0.6018441915512085,/scicore/home/schwede/barta0000/germinal_ds/templates_target_shuffle/nb_s689267_mpnn_2_BHRF/chai_with_constraints/seed_1520/pred.model_idx_2.cif,0.44257503747940063,0.7152405977249146,0.37440866231918335,"[[0.9186047315597534, 0.90703284740448]]","[[[0.9186047315597534, 0.37440866231918335], [0.3539641499519348, 0.90703284740448]]]",0.37440866231918335,0.199756,0.1748,0.0319,0.1122,0.6018441915512085,0.8129301071166992,0.5490727424621582,"[[0.9161545634269714, 0.9092687368392944]]","[[[0.9161545634269714, 0.5428578853607178], [0.5490727424621582, 0.9092687368392944]]]",0.5428578853607178,0.449576,0.1984,0.3114,0.4333,0.8925883173942566,0.8829094767570496,0.7961281538009644,0.9167033433914185,0.8734941482543945,0.4183818995952606,2.7362687587738037,0.7961281538009644,/scicore/home/schwede/barta0000/germinal_ds/templates_target_shuffle/nb_s689267_mpnn_2_BHRF/boltz_free/output/boltz_results_nb_s689267_mpnn_2_BHRF/predictions/nb_s689267_mpnn_2_BHRF/nb_s689267_mpnn_2_BHRF_model_0.cif,0.524714,0.244,0.3657,0.4781,0.9242302775382996,0.8969146013259888,0.8214902281761169,0.94991534948349,0.9365602731704712,0.4458443820476532,2.9184296131134033,0.8214902281761169,/scicore/home/schwede/barta0000/germinal_ds/templates_target_shuffle/nb_s689267_mpnn_2_BHRF/boltz_with_template/output/boltz_results_nb_s689267_mpnn_2_BHRF/predictions/nb_s689267_mpnn_2_BHRF/nb_s689267_mpnn_2_BHRF_model_0.cif,0.593274,0.3647,0.5661,0.5188,5.464797894159952,5.688206513722737,5.241389274597168,0.1665086897775505,0.239366896137495,1.4297577738761902,1.163348913192749,1.6961666345596311,5.178160985310873,5.607871691385905,4.74845027923584,0.2115056339564746,0.2335084314248159,1.4545370936393738,1.1543588638305664,1.7547153234481812,5.101709286371866,5.443128108978272,4.760290463765462,0.1840492836114813,0.2483390400203647,1.3929603695869446,1.1074211597442627,1.6784995794296265,5.683405796686808,6.004445552825928,5.3623660405476885,0.1809609082608083,0.2443728271372844,1.40906023979187,1.1130874156951904,1.7050330638885498,5.196041822433472,5.409231185913086,4.982852458953857,0.1468389839183157,0.2302014085397065,1.468800663948059,1.2947704792022705,1.6428308486938477,5.163906653722128,5.47376028696696,4.854053020477295,0.1609326979456793,0.2382027502421082,1.4346330761909485,1.1381902694702148,1.731075882911682,5.354540665944418,5.544535319010417,5.164546012878418,0.0999524098591624,0.2240920058165923,1.4956985712051392,1.3307290077209473,1.660668134689331
nb_s417721_mpnn_3_PDL1,False,"A,B",8.935790204561235,83.56542933333333,91.33,8.78,7.640000000000001,73.94957191982691,0.153199,0.0704,0.1176,0.1802,0.46,0.835,-119.13,0.0,0.49,0.9752,0.889,5.069157186348342,91.95253164556964,3956.99,357.22,3.75225,85.63304337211277,0.407744,0.2009,0.4158,0.4373,0.62,0.78,625.28,1.0,0.9649,0.10531595790088884,0.861160331807219,,,67.9608,17.398893,0.4941981,,,,,,,0.40403974056243896,/scicore/home/schwede/barta0000/germinal_ds/templates_target_shuffle/nb_s417721_mpnn_3_PDL1/chai_no_constraints/seed_3192/pred.model_idx_1.cif,0.46027541160583496,/scicore/home/schwede/barta0000/germinal_ds/templates_target_shuffle/nb_s417721_mpnn_3_PDL1/chai_with_constraints/seed_2432/pred.model_idx_4.cif,0.40403974056243896,0.7154345512390137,0.3261910378932953,"[[0.9044948816299438, 0.8872318267822266]]","[[[0.9044948816299438, 0.32567861676216125], [0.3261910378932953, 0.8872318267822266]]]",0.32567861676216125,0.17945,0.0905,0.0557,0.1751,0.46027541160583496,0.743421733379364,0.3894888162612915,"[[0.9026796221733093, 0.9240380525588989]]","[[[0.9026796221733093, 0.3781498670578003], [0.3894888162612915, 0.9240380525588989]]]",0.3781498670578003,0.259939,0.1238,0.1537,0.3006,0.8166632056236267,0.7665192484855652,0.5981149673461914,0.8713002800941467,0.8009297847747803,0.5695198774337769,3.3538248538970947,0.52430260181427,/scicore/home/schwede/barta0000/germinal_ds/templates_target_shuffle/nb_s417721_mpnn_3_PDL1/boltz_free/output/boltz_results_nb_s417721_mpnn_3_PDL1/predictions/nb_s417721_mpnn_3_PDL1/nb_s417721_mpnn_3_PDL1_model_0.cif,0.221426,0.084,0.09,0.2272,0.8738228678703308,0.8101181387901306,0.6409414410591125,0.9320432543754578,0.9032751321792603,0.4727010130882263,3.024264335632324,0.6279107332229614,/scicore/home/schwede/barta0000/germinal_ds/templates_target_shuffle/nb_s417721_mpnn_3_PDL1/boltz_with_template/output/boltz_results_nb_s417721_mpnn_3_PDL1/predictions/nb_s417721_mpnn_3_PDL1/nb_s417721_mpnn_3_PDL1_model_0.cif,0.304011,0.1696,0.3445,0.3684,4.510900417963664,4.557575861612956,4.464224974314372,0.1302003801521716,0.2277132039514829,1.4796683192253113,1.4787726402282717,1.480563998222351,4.328815460205078,4.064165910085042,4.593465010325114,0.1503188501618867,0.2381837256948468,1.4347129464149475,1.4122283458709717,1.4571975469589231,4.282985687255859,4.058671474456787,4.507299900054932,0.1425781749979139,0.2365405966255955,1.4416354298591614,1.4315612316131592,1.4517096281051636,4.583855311075846,4.568970203399658,4.598740418752034,0.1378599376424153,0.2327785911930101,1.4576675295829773,1.4239487648010254,1.4913862943649292,4.337124546368917,4.095679521560669,4.578569571177165,0.1213158358532454,0.244412288954925,1.4088987708091736,1.3892850875854492,1.428512454032898,4.220137516657512,4.137015024820964,4.30326000849406,0.082837788723725,0.2331902837429507,1.455900490283966,1.2692372798919678,1.6425637006759644,4.3692563374837246,4.151534716288249,4.586977958679199,0.08416508044185,0.212675979579771,1.5479854941368103,1.399296760559082,1.6966742277145386
nb_s390940_mpnn_2_PDL1,False,"A,B",13.323384785201803,78.66606951871658,112.77,7.7,8.225999999999999,63.500089317663985,0.008421,0.075,0.013,0.0177,0.2,0.815,-109.2,0.0,0.27,0.9025,0.469,4.936939949082235,93.11886075949366,29653.66,1423.44,3.4544230769230775,86.45466690063476,0.365091,0.182,0.3866,0.4111,0.61,0.79,39509.02,1.0,0.9894,0.11429684144111119,0.8092407873414855,,,65.16451,17.842402,0.47330445,,,,,,,0.2726297080516815,/scicore/home/schwede/barta0000/germinal_ds/templates_target_shuffle/nb_s390940_mpnn_2_PDL1/chai_no_constraints/seed_1239/pred.model_idx_1.cif,0.3151061534881592,/scicore/home/schwede/barta0000/germinal_ds/templates_target_shuffle/nb_s390940_mpnn_2_PDL1/chai_with_constraints/seed_1472/pred.model_idx_3.cif,0.2726297080516815,0.6024021506309509,0.19018658995628357,"[[0.8551658987998962, 0.8777616620063782]]","[[[0.8551658987998962, 0.19018658995628357], [0.15192075073719025, 0.8777616620063782]]]",0.19018658995628357,0.045921,0.0734,0.013,0.0187,0.3151061534881592,0.6368929743766785,0.23465946316719055,"[[0.8615000247955322, 0.8573126792907715]]","[[[0.8615000247955322, 0.22835519909858704], [0.23465946316719055, 0.8573126792907715]]]",0.22835519909858704,0.11683,0.0747,0.0183,0.1202,0.7400941252708435,0.7096019983291626,0.4627147316932678,0.809438943862915,0.7707270979881287,0.6949114799499512,5.8356523513793945,0.4627147316932678,/scicore/home/schwede/barta0000/germinal_ds/templates_target_shuffle/nb_s390940_mpnn_2_PDL1/boltz_free/output/boltz_results_nb_s390940_mpnn_2_PDL1/predictions/nb_s390940_mpnn_2_PDL1/nb_s390940_mpnn_2_PDL1_model_0.cif,0.088143,0.1468,0.0257,0.0663,0.8117847442626953,0.7420889735221863,0.5699098706245422,0.87225341796875,0.8340493440628052,0.6771141290664673,6.93117094039917,0.5224105715751648,/scicore/home/schwede/barta0000/germinal_ds/templates_target_shuffle/nb_s390940_mpnn_2_PDL1/boltz_with_template/output/boltz_results_nb_s390940_mpnn_2_PDL1/predictions/nb_s390940_mpnn_2_PDL1/nb_s390940_mpnn_2_PDL1_model_0.cif,0.135312,0.2413,0.0597,0.1199,4.974087317784628,5.454832077026367,4.493342558542888,0.1463981853343368,0.2513750311179475,1.380809307098389,1.2836146354675293,1.478003978729248,4.312807202339172,4.730055332183838,3.895559072494507,0.1602666398905043,0.2198776635942247,1.514683961868286,1.227992296218872,1.8013756275177002,4.173660198847453,4.494379997253418,3.852940400441488,0.1650134573204602,0.2454455831231685,1.4046800136566162,1.1223595142364502,1.6870005130767822,5.005780299504599,5.483793258666992,4.527767340342204,0.1324891739413263,0.255914239317303,1.362912893295288,1.2572362422943115,1.4685895442962646,4.606714963912964,4.891984462738037,4.321445465087891,0.1745220428343863,0.2092757350487433,1.564102590084076,1.4675278663635254,1.6606773138046265,4.5421076615651454,4.498294989267985,4.585920333862305,0.1729883948686804,0.2097708438286839,1.5617395639419556,1.4403241872787476,1.6831549406051636,4.6268223126729335,4.689576784769694,4.564067840576172,0.1379771469137509,0.2040231835994619,1.5895216464996338,1.535880446434021,1.6431628465652466
nb_s353537_mpnn_1_IL20,False,"A,B",15.257179846938778,76.86234689316049,217.26,11.48,13.483823529411765,62.673702398560465,0.0,0.1109,0.0109,0.0,0.14,0.8300000000000001,29.39,0.0,0.22,0.5381,0.406,5.071894642857143,92.30942857142857,1566.41,65.13,4.776206896551725,85.8084839329575,0.446008,0.3275,0.4173,0.4309,0.7,0.82,3574.86,1.0,0.0089,0.059869063580336744,0.8060916857386591,10.85558557510376,64.70265197753906,72.67741,14.189282,0.5730826,,,,,,,0.2430267333984375,/scicore/home/schwede/barta0000/germinal_ds/templates_target_shuffle/nb_s353537_mpnn_1_IL20/chai_no_constraints/seed_1454/pred.model_idx_0.cif,0.3846484422683716,/scicore/home/schwede/barta0000/germinal_ds/templates_target_shuffle/nb_s353537_mpnn_1_IL20/chai_with_constraints/seed_3782/pred.model_idx_3.cif,0.2430267333984375,0.5852226614952087,0.15747776627540588,"[[0.8920755386352539, 0.8890992403030396]]","[[[0.8920755386352539, 0.15747776627540588], [0.12238699942827225, 0.8890992403030396]]]",0.15747776627540588,0.005067,0.2975,0.0115,0.0,0.3846484422683716,0.6807286739349365,0.31062838435173035,"[[0.8909605741500854, 0.8995304107666016]]","[[[0.8909605741500854, 0.31062838435173035], [0.27156394720077515, 0.8995304107666016]]]",0.31062838435173035,0.17413,0.1311,0.0237,0.1446,0.6591124534606934,0.7279360890388489,0.5371209979057312,0.6896103024482727,0.6369727253913879,0.7875682711601257,5.212550163269043,0.5371209979057312,/scicore/home/schwede/barta0000/germinal_ds/templates_target_shuffle/nb_s353537_mpnn_1_IL20/boltz_free/output/boltz_results_nb_s353537_mpnn_1_IL20/predictions/nb_s353537_mpnn_1_IL20/nb_s353537_mpnn_1_IL20_model_0.cif,0.173989,0.0781,0.0255,0.1115,0.8374053239822388,0.8480545878410339,0.7430471181869507,0.860994815826416,0.8314115405082703,0.5500141978263855,2.4121103286743164,0.735958993434906,/scicore/home/schwede/barta0000/germinal_ds/templates_target_shuffle/nb_s353537_mpnn_1_IL20/boltz_with_template/output/boltz_results_nb_s353537_mpnn_1_IL20/predictions/nb_s353537_mpnn_1_IL20/nb_s353537_mpnn_1_IL20_model_0.cif,0.48736,0.3191,0.3413,0.4458,4.667011539141337,5.236409346262614,4.0976137320200605,0.1592795321669509,0.1894643779673596,1.6635542511940002,1.5445046424865725,1.7826038599014282,4.063187956809998,5.064570585886638,3.061805327733358,0.1386112097761693,0.1377557483093107,1.9822731018066408,1.4065728187561035,2.5579733848571777,3.98604945341746,5.154151280721028,2.817947626113892,0.1015214919344388,0.1470924401821589,1.9166940450668333,1.51320481300354,2.320183277130127,4.764447768529257,5.32425610224406,4.204639434814453,0.1578055567755595,0.1873967098247198,1.6745274662971497,1.5418696403503418,1.8071852922439573,4.62710162003835,5.31102180480957,3.9431814352671295,0.1225789684403395,0.1870655861184079,1.6762959957122805,1.449724197387695,1.9028677940368648,4.511520822842916,5.027864297231038,3.9951773484547934,0.1713335276831286,0.175137850646887,1.7421818971633911,1.5332794189453125,1.9510843753814695,4.904940287272135,5.491983413696289,4.3178971608479815,0.1598650711454624,0.1763951825268833,1.7350284457206726,1.5196044445037842,1.950452446937561
nb_s175477_mpnn_4_IL3,False,"A,B",10.918008,80.77598982188296,491.32,24.0,6.918055555555556,64.01448789007034,0.063601,0.1241,0.022,0.0853,0.35,0.825,206.21,0.0,0.4,0.486,0.334,5.4333431999999995,90.18060000000001,17241.82,697.53,4.727285714285714,81.22837829589844,0.506492,0.2673,0.2974,0.4748,0.73,0.82,14895.15,1.0,0.0329,0.10916099426539731,0.8304905692150522,27.813054084777832,34.71608352661133,53.34602,21.371653,0.45928758,,,,,,,0.24054814875125885,/scicore/home/schwede/barta0000/germinal_ds/templates_target_shuffle/nb_s175477_mpnn_4_IL3/chai_no_constraints/seed_2729/pred.model_idx_3.cif,0.3734774589538574,/scicore/home/schwede/barta0000/germinal_ds/templates_target_shuffle/nb_s175477_mpnn_4_IL3/chai_with_constraints/seed_2626/pred.model_idx_3.cif,0.24054814875125885,0.5834596157073975,0.1548202782869339,"[[0.9018414616584778, 0.313780814409256]]","[[[0.9018414616584778, 0.1548202782869339], [0.09714652597904205, 0.313780814409256]]]",0.1548202782869339,0.01584,0.0709,0.0101,0.0,0.3734774589538574,0.6592321991920471,0.3020387887954712,"[[0.9180217981338501, 0.3248445391654968]]","[[[0.9180217981338501, 0.25828564167022705], [0.3020387887954712, 0.3248445391654968]]]",0.25828564167022705,0.161679,0.1465,0.03,0.2097,0.863735020160675,0.883843719959259,0.7961274981498718,0.8806369304656982,0.8173502087593079,0.46597665548324585,1.6830631494522095,0.7961274981498718,/scicore/home/schwede/barta0000/germinal_ds/templates_target_shuffle/nb_s175477_mpnn_4_IL3/boltz_free/output/boltz_results_nb_s175477_mpnn_4_IL3/predictions/nb_s175477_mpnn_4_IL3/nb_s175477_mpnn_4_IL3_model_0.cif,0.517379,0.2843,0.2833,0.5052,0.8536586165428162,0.7897540926933289,0.6285664439201355,0.9099316596984863,0.8445698022842407,0.7115883827209473,5.009203910827637,0.6285664439201355,/scicore/home/schwede/barta0000/germinal_ds/templates_target_shuffle/nb_s175477_mpnn_4_IL3/boltz_with_template/output/boltz_results_nb_s175477_mpnn_4_IL3/predictions/nb_s175477_mpnn_4_IL3/nb_s175477_mpnn_4_IL3_model_0.cif,0.242765,0.3781,0.0839,0.267,4.452097654342651,5.415997823079427,3.4881974856058755,0.197445629592745,0.2096179839877822,1.5624685287475586,1.343693494796753,1.7812435626983645,4.14348840713501,5.090318202972412,3.1966586112976074,0.1490104536540556,0.205317990456261,1.5831953287124634,1.3708839416503906,1.795506715774536,4.220357378323873,5.039063453674316,3.401651302973429,0.1300956846613123,0.2157360323058871,1.5336996912956238,1.3090401887893677,1.75835919380188,4.327867150306702,5.283904234568278,3.371830066045125,0.1731549190694071,0.2223916085269816,1.5033154487609863,1.284718036651611,1.721912860870361,3.677030046780904,5.137680848439534,2.216379245122274,0.0641743046119014,0.167787105418088,1.7850593328475952,1.277587890625,2.2925307750701904,3.84673813978831,5.060781160990397,2.632695118586222,0.0912378820404302,0.147270245074794,1.9154859781265257,1.3823165893554688,2.448655366897583,4.029235760370891,5.019436518351237,3.0390350023905435,0.095434828799519,0.1460552145505944,1.923770546913147,1.4518201351165771,2.395720958709717
nb_s64546_mpnn_1_IL3,False,"A,B",10.371598399999998,83.77653246099648,241.0,17.11,5.957142857142857,68.61983258934076,0.072668,0.074,0.0309,0.0708,0.34,0.84,32.43,0.0,0.4,0.6643,0.362,5.042414080000001,93.58727999999999,1087.75,84.54,2.4321739130434783,87.9747998046875,0.389973,0.1928,0.4764,0.4276,0.64,0.8,904.46,1.0,0.5142,0.11083762243385208,0.8494139159097618,26.662606239318848,42.02643585205078,55.55118,20.832502,0.47713548,,,,,,,0.23832155764102936,/scicore/home/schwede/barta0000/germinal_ds/templates_target_shuffle/nb_s64546_mpnn_1_IL3/chai_no_constraints/seed_1821/pred.model_idx_1.cif,0.2649034261703491,/scicore/home/schwede/barta0000/germinal_ds/templates_target_shuffle/nb_s64546_mpnn_1_IL3/chai_with_constraints/seed_1247/pred.model_idx_1.cif,0.23832155764102936,0.5972470641136169,0.14859017729759216,"[[0.9268293976783752, 0.32198554277420044]]","[[[0.9268293976783752, 0.14859017729759216], [0.09713228791952133, 0.32198554277420044]]]",0.14859017729759216,0.007778,0.0426,0.0102,0.003,0.2649034261703491,0.6092492341995239,0.17881695926189423,"[[0.9246681928634644, 0.3140082061290741]]","[[[0.9246681928634644, 0.17881695926189423], [0.13447393476963043, 0.3140082061290741]]]",0.17881695926189423,0.051388,0.1032,0.0134,0.0985,0.8121513724327087,0.7596279382705688,0.5447695851325989,0.8789967894554138,0.7940415143966675,0.5835782289505005,4.999543190002441,0.5447695851325989,/scicore/home/schwede/barta0000/germinal_ds/templates_target_shuffle/nb_s64546_mpnn_1_IL3/boltz_free/output/boltz_results_nb_s64546_mpnn_1_IL3/predictions/nb_s64546_mpnn_1_IL3/nb_s64546_mpnn_1_IL3_model_0.cif,0.158237,0.2278,0.0296,0.1267,0.8757417798042297,0.8052597045898438,0.635122537612915,0.9358965158462524,0.900863528251648,0.6803606152534485,5.8905158042907715,0.6337082982063293,/scicore/home/schwede/barta0000/germinal_ds/templates_target_shuffle/nb_s64546_mpnn_1_IL3/boltz_with_template/output/boltz_results_nb_s64546_mpnn_1_IL3/predictions/nb_s64546_mpnn_1_IL3/nb_s64546_mpnn_1_IL3_model_0.cif,0.218616,0.4058,0.105,0.2032,4.76915736993154,5.97838846842448,3.559926271438598,0.217274811588245,0.2269822646689859,1.4828833937644958,1.2724395990371704,1.6933271884918213,4.491414109865825,5.784022967020671,3.198805252710978,0.1898586375137671,0.220738108867302,1.510778307914734,1.2449159622192385,1.7766406536102295,4.404608686765035,5.531177520751953,3.2780398527781167,0.1550513831530552,0.2238974532166069,1.4965671300888062,1.2670135498046875,1.7261207103729248,4.817785382270813,6.041714032491048,3.5938567320505777,0.2223879934393429,0.2263481456869405,1.4856809973716736,1.2685554027557373,1.70280659198761,4.319524447123209,5.923691113789876,2.715357780456543,0.1483232628509297,0.1619555284091779,1.820433497428894,1.4798405170440674,2.1610264778137207,4.376152674357096,5.979825814565023,2.77247953414917,0.1507899109768006,0.1876880747014142,1.672973871231079,1.296574354171753,2.0493733882904053,4.541630705197653,5.864627520243327,3.218633890151977,0.1371039993287668,0.1520106161723699,1.8838049173355105,1.3507986068725586,2.416811227798462
nb_s473012_mpnn_5_PDL1,False,"A,B",13.612996492727305,81.12062566277837,161.21,11.22,5.319565217391306,66.17248308896262,0.005671,0.0454,0.0121,0.0,0.15,0.845,-66.46,0.0,0.23,0.326,0.292,3.74897114066478,96.51607594936708,19364.89,977.38,2.2065217391304346,92.55730731670673,0.50744,0.1206,0.6671,0.5516,0.73,0.85,33179.9,1.0,0.0015,0.07318932098123472,0.8092584392506517,24.835891723632812,55.8604850769043,66.877335,17.483124,0.49094003,,,,,,,0.27081298828125,/scicore/home/schwede/barta0000/germinal_ds/templates_target_shuffle/nb_s473012_mpnn_5_PDL1/chai_no_constraints/seed_2144/pred.model_idx_3.cif,0.5161674618721008,/scicore/home/schwede/barta0000/germinal_ds/templates_target_shuffle/nb_s473012_mpnn_5_PDL1/chai_with_constraints/seed_4568/pred.model_idx_2.cif,0.27081298828125,0.6412761211395264,0.17819717526435852,"[[0.9351683259010315, 0.8757816553115845]]","[[[0.9351683259010315, 0.17819717526435852], [0.14690592885017395, 0.8757816553115845]]]",0.17819717526435852,0.042504,0.0457,0.0142,0.0301,0.5161674618721008,0.7885628938674927,0.4480685889720917,"[[0.9255459308624268, 0.8759971857070923]]","[[[0.9255459308624268, 0.44750145077705383], [0.4480685889720917, 0.8759971857070923]]]",0.44750145077705383,0.348416,0.0895,0.1948,0.4036,0.8835161328315735,0.9064030051231384,0.8460476398468018,0.89288330078125,0.8394979238510132,0.32953938841819763,1.0653489828109741,0.8214157223701477,/scicore/home/schwede/barta0000/germinal_ds/templates_target_shuffle/nb_s473012_mpnn_5_PDL1/boltz_free/output/boltz_results_nb_s473012_mpnn_5_PDL1/predictions/nb_s473012_mpnn_5_PDL1/nb_s473012_mpnn_5_PDL1_model_0.cif,0.668564,0.0931,0.4078,0.6216,0.8046979904174805,0.756401538848877,0.5051485896110535,0.8795853853225708,0.8167833089828491,0.4676983654499054,5.240796089172363,0.4825095534324646,/scicore/home/schwede/barta0000/germinal_ds/templates_target_shuffle/nb_s473012_mpnn_5_PDL1/boltz_with_template/output/boltz_results_nb_s473012_mpnn_5_PDL1/predictions/nb_s473012_mpnn_5_PDL1/nb_s473012_mpnn_5_PDL1_model_0.cif,0.137294,0.0597,0.0351,0.1072,5.082552671432495,5.740180651346843,4.424924691518148,0.1291590914603606,0.2519393735544822,1.3785668015480042,1.2004555463790894,1.556678056716919,4.937554518381754,5.368361790974935,4.506747245788574,0.1147556051089893,0.2174229260290632,1.5259108543395996,1.4599101543426514,1.591911554336548,5.075684309005737,5.60165548324585,4.549713134765625,0.1292503493075062,0.2490931537803942,1.3899283409118652,1.197665452957153,1.5821912288665771,5.205947717030843,5.89621623357137,4.515679200490316,0.1416155648745843,0.2585125958107391,1.3528108596801758,1.1693518161773682,1.5362699031829834,4.835160652796427,5.370522816975911,4.299798488616943,0.1063869544760833,0.238128790196957,1.4349436163902285,1.2664706707000732,1.6034165620803833,4.834745009740193,5.273367722829183,4.396122296651204,0.0985066761987718,0.2281714602157736,1.477657914161682,1.3231792449951172,1.632136583328247,4.9665192763010655,5.425537904103597,4.507500648498535,0.1471254019729587,0.2089441822544796,1.565688133239746,1.4233670234680176,1.7080092430114746
nb_s785824_mpnn_2_BHRF,False,"A,B",14.477762104552466,78.57585462555066,227.95,12.4,10.821428571428571,63.447327896573796,0.005555,0.0879,0.0116,0.0,0.15,0.825,-9.92,0.0,0.23,0.8517,0.356,6.031455198688271,89.298125,10425.6,544.6,6.275535714285714,78.78437566757202,0.427024,0.1901,0.2748,0.4002,0.65,0.81,18714.43,1.0,0.011,0.08903496525272349,0.820321479892885,17.022565762201946,59.334571838378906,74.49231,15.345187,0.54790866,,,,,,,0.2725979685783386,/scicore/home/schwede/barta0000/germinal_ds/templates_target_shuffle/nb_s785824_mpnn_2_BHRF/chai_no_constraints/seed_1575/pred.model_idx_1.cif,0.5376191735267639,/scicore/home/schwede/barta0000/germinal_ds/templates_target_shuffle/nb_s785824_mpnn_2_BHRF/chai_with_constraints/seed_1335/pred.model_idx_4.cif,0.2725979685783386,0.6076356768608093,0.18883851170539856,"[[0.8739387392997742, 0.9058183431625366]]","[[[0.8739387392997742, 0.18883851170539856], [0.13157398998737335, 0.9058183431625366]]]",0.18883851170539856,0.030088,0.0784,0.0112,0.0137,0.5376191735267639,0.7769464254379272,0.4777873456478119,"[[0.8835837841033936, 0.9128548502922058]]","[[[0.8835837841033936, 0.4777873456478119], [0.44848325848579407, 0.9128548502922058]]]",0.4777873456478119,0.345582,0.1617,0.1808,0.3344,0.8097441792488098,0.8124054670333862,0.6389073729515076,0.852453351020813,0.780357837677002,0.475580632686615,3.572404384613037,0.6389073729515076,/scicore/home/schwede/barta0000/germinal_ds/templates_target_shuffle/nb_s785824_mpnn_2_BHRF/boltz_free/output/boltz_results_nb_s785824_mpnn_2_BHRF/predictions/nb_s785824_mpnn_2_BHRF/nb_s785824_mpnn_2_BHRF_model_0.cif,0.282374,0.1086,0.0696,0.2135,0.8179890513420105,0.756225049495697,0.5661083459854126,0.8809592723846436,0.852550208568573,0.7233490347862244,6.649013996124268,0.5661083459854126,/scicore/home/schwede/barta0000/germinal_ds/templates_target_shuffle/nb_s785824_mpnn_2_BHRF/boltz_with_template/output/boltz_results_nb_s785824_mpnn_2_BHRF/predictions/nb_s785824_mpnn_2_BHRF/nb_s785824_mpnn_2_BHRF_model_0.cif,0.170069,0.2272,0.0537,0.1199,4.915241877237955,4.780563354492188,5.049920399983724,0.172157633899452,0.2065444013551826,1.5772398710250854,1.4797086715698242,1.674771070480347,4.929528474807739,5.04478661219279,4.8142703374226885,0.2672768772139236,0.2223668219871826,1.5034269094467163,1.2555171251296997,1.751336693763733,4.962554216384888,5.136087735493978,4.789020697275798,0.2348335418647173,0.2201642759627207,1.51338130235672,1.2931292057037354,1.7336333990097046,5.016072114308676,4.912185351053874,5.119958877563477,0.1873946533901945,0.2154145174890894,1.5351911187171936,1.4273269176483154,1.6430553197860718,4.82398502031962,4.885330041249593,4.762639999389648,0.1951239222419181,0.2240762452000519,1.495768904685974,1.3039745092391968,1.6875633001327517,4.920315821965535,4.813824494679769,5.026807149251302,0.1810892894837295,0.2269070683199909,1.4832147359848022,1.2815066576004028,1.6849228143692017,5.212587038675944,5.226141611735026,5.199032465616862,0.1578288443168768,0.2204131725980878,1.5122514367103577,1.367700457572937,1.6568024158477783
nb_s663598_mpnn_2_IL3,False,"A,B",6.2321056,87.94265816326529,116.17,7.15,2.9578125,81.87655608398657,0.516963,0.2434,0.3774,0.4243,0.77,0.865,-1.82,0.0,0.79,0.9919,0.22,3.86616048,95.22331999999999,11051.81,678.8,2.047241379310345,92.76999994913737,0.74969,0.3985,0.7388,0.6043,0.87,0.89,30306.12,1.0,0.0004,0.8800642239076742,0.8489575225345349,,,53.25072,21.51226,0.457165,,,,,,,0.6579996347427368,/scicore/home/schwede/barta0000/germinal_ds/templates_target_shuffle/nb_s663598_mpnn_2_IL3/chai_no_constraints/seed_105/pred.model_idx_0.cif,0.6570340991020203,/scicore/home/schwede/barta0000/germinal_ds/templates_target_shuffle/nb_s663598_mpnn_2_IL3/chai_with_constraints/seed_1498/pred.model_idx_4.cif,0.6579996347427368,0.7223067879676819,0.6419228911399841,"[[0.9434641599655151, 0.38908740878105164]]","[[[0.9434641599655151, 0.36698365211486816], [0.6419228911399841, 0.38908740878105164]]]",0.36698365211486816,0.404172,0.1611,0.048,0.3171,0.6570340991020203,0.7499808669090271,0.6337974071502686,"[[0.9420354962348938, 0.41971611976623535]]","[[[0.9420354962348938, 0.4171094298362732], [0.6337974071502686, 0.41971611976623535]]]",0.4171094298362732,0.375154,0.1727,0.0574,0.3112,0.8222238421440125,0.872351348400116,0.7753468751907349,0.8339430689811707,0.7327679991722107,0.45463037490844727,1.6516691446304321,0.7658860683441162,/scicore/home/schwede/barta0000/germinal_ds/templates_target_shuffle/nb_s663598_mpnn_2_IL3/boltz_free/output/boltz_results_nb_s663598_mpnn_2_IL3/predictions/nb_s663598_mpnn_2_IL3/nb_s663598_mpnn_2_IL3_model_0.cif,0.505626,0.1653,0.1885,0.5154,0.8781260848045349,0.8651918172836304,0.781889796257019,0.9021850824356079,0.8704670667648315,0.5352205634117126,2.508349657058716,0.781889796257019,/scicore/home/schwede/barta0000/germinal_ds/templates_target_shuffle/nb_s663598_mpnn_2_IL3/boltz_with_template/output/boltz_results_nb_s663598_mpnn_2_IL3/predictions/nb_s663598_mpnn_2_IL3/nb_s663598_mpnn_2_IL3_model_0.cif,0.537802,0.3999,0.4342,0.5125,4.748927632967631,5.930334726969401,3.567520538965861,0.1400495448139939,0.2466988502516495,1.3995869159698486,1.1092529296875,1.6899209022521973,3.595568418502808,4.300307909647624,2.890828927357992,0.0978479419792024,0.2116636068338709,1.5527570247650146,1.3466731309890747,1.7588409185409546,3.806330601374309,4.179176330566406,3.4334848721822104,0.1240398765839084,0.2207608322044325,1.5106753706932068,1.2820451259613037,1.73930561542511,4.713775237401327,5.919770399729411,3.507780075073242,0.1334475318511445,0.2479055822305083,1.3947073221206665,1.111743450164795,1.677671194076538,4.404531518618265,5.726331075032552,3.0827319622039795,0.0793534027143072,0.1846462234211581,1.6893135905265808,1.1525391340255735,2.226088047027588,4.458850661913554,5.874786059061687,3.0429152647654214,0.1095258099177267,0.1911432090017331,1.654732346534729,1.1354894638061523,2.1739752292633057,4.399976094563802,5.8291497230529785,2.970802466074625,0.0727676300166232,0.1538608120706909,1.8717069029808044,1.254425883293152,2.488987922668457
nb_s55152_mpnn_1_PDL1,False,"A,B",9.484608947996227,81.56664309031555,181.35,12.56,6.642592592592593,69.49668851498352,0.135024,0.1189,0.062,0.1759,0.43,0.8200000000000001,-148.49,0.0,0.47,0.9833,0.421,5.09503765422208,92.00523206751053,21133.65,1105.27,3.35921875,84.58999904509514,0.396466,0.2607,0.3788,0.4089,0.65,0.78,35158.75,1.0,,0.1713155913297636,0.8213372261431007,,,64.7003,18.175354,0.45434695,,,,,,,0.3140389919281006,/scicore/home/schwede/barta0000/germinal_ds/templates_target_shuffle/nb_s55152_mpnn_1_PDL1/chai_no_constraints/seed_1839/pred.model_idx_1.cif,0.463828444480896,/scicore/home/schwede/barta0000/germinal_ds/templates_target_shuffle/nb_s55152_mpnn_1_PDL1/chai_with_constraints/seed_1887/pred.model_idx_2.cif,0.3140389919281006,0.6281865239143372,0.23550209403038025,"[[0.8266425728797913, 0.8823826313018799]]","[[[0.8266425728797913, 0.23550209403038025], [0.22674642503261566, 0.8823826313018799]]]",0.23550209403038025,0.11085,0.0586,0.0154,0.0949,0.463828444480896,0.7267674207687378,0.39809373021125793,"[[0.8671063780784607, 0.8855786323547363]]","[[[0.8671063780784607, 0.3790462017059326], [0.39809373021125793, 0.8855786323547363]]]",0.3790462017059326,0.287733,0.0839,0.0671,0.3115,0.8125743865966797,0.8470892906188965,0.706972062587738,0.8389749526977539,0.7443650960922241,0.4629627764225006,2.232750177383423,0.6988223791122437,/scicore/home/schwede/barta0000/germinal_ds/templates_target_shuffle/nb_s55152_mpnn_1_PDL1/boltz_free/output/boltz_results_nb_s55152_mpnn_1_PDL1/predictions/nb_s55152_mpnn_1_PDL1/nb_s55152_mpnn_1_PDL1_model_0.cif,0.363829,0.1029,0.1314,0.4282,0.8842472434043884,0.8552595973014832,0.7288697361946106,0.9230915307998657,0.8732385635375977,0.4655361473560333,2.8100545406341553,0.7288697361946106,/scicore/home/schwede/barta0000/germinal_ds/templates_target_shuffle/nb_s55152_mpnn_1_PDL1/boltz_with_template/output/boltz_results_nb_s55152_mpnn_1_PDL1/predictions/nb_s55152_mpnn_1_PDL1/nb_s55152_mpnn_1_PDL1_model_0.cif,0.41828,0.3284,0.3415,0.4931,4.453551371892294,4.500725905100505,4.406376838684082,0.0453788551582321,0.2698930803010826,1.3097293972969055,1.2126840353012085,1.4067747592926023,4.284714261690775,3.968156099319458,4.601272424062093,0.1270799817069715,0.2483498754380544,1.392916738986969,1.3149948120117188,1.4708386659622192,4.540300766626994,4.533269087473552,4.5473324457804365,0.0842462392569325,0.2470558516974358,1.3981408476829529,1.317705512046814,1.4785761833190918,4.613206227620443,4.649387359619141,4.577025095621745,0.0433701768789257,0.2737198871061975,1.2956500053405762,1.2246696949005127,1.3666303157806396,4.227333347002665,4.187727212905884,4.266939481099446,0.1033758312866276,0.2320591235698275,1.4607630968093872,1.3343487977981567,1.5871773958206177,4.254065831502279,4.134190718332927,4.373940944671631,0.1229262509333332,0.2174275785092817,1.5258894562721252,1.4315005540847778,1.6202783584594729,4.319329142570496,4.021325985590617,4.617332299550374,0.1187465635498362,0.1986877111679717,1.6160209774971008,1.586913824081421,1.6451281309127808
nb_s717713_mpnn_2_BHRF,False,"A,B",6.531610484182099,87.12842429577465,45.51,2.85,4.030645161290322,84.92267364709379,0.537813,0.2931,0.3319,0.4155,0.76,0.86,-87.4,0.0,0.77,,0.284,4.245579065393518,94.08569444444444,4261.81,249.91,3.0589062499999997,91.95468831062317,0.690746,0.4071,0.7043,0.5742,0.84,0.9,2393.27,1.0,0.2001,0.8035287203057373,0.8792144962657819,18.812555040631974,65.87089538574219,74.50914,16.090302,0.5338821,,,,,,,0.33836886286735535,/scicore/home/schwede/barta0000/germinal_ds/templates_target_shuffle/nb_s717713_mpnn_2_BHRF/chai_no_constraints/seed_2221/pred.model_idx_3.cif,0.5295073986053467,/scicore/home/schwede/barta0000/germinal_ds/templates_target_shuffle/nb_s717713_mpnn_2_BHRF/chai_with_constraints/seed_3671/pred.model_idx_0.cif,0.33836886286735535,0.6532490849494934,0.25964879989624023,"[[0.8941509127616882, 0.9034110307693481]]","[[[0.8941509127616882, 0.25964879989624023], [0.24400867521762848, 0.9034110307693481]]]",0.25964879989624023,0.095964,0.2595,0.016,0.039,0.5295073986053467,0.7752565145492554,0.4680700898170471,"[[0.90666663646698, 0.9081364274024963]]","[[[0.90666663646698, 0.4680700898170471], [0.44401150941848755, 0.9081364274024963]]]",0.4680700898170471,0.347437,0.1195,0.1383,0.316,0.8028661608695984,0.7296686172485352,0.4961874485015869,0.8795359134674072,0.7937211394309998,0.6596741080284119,6.378600120544434,0.48200690746307373,/scicore/home/schwede/barta0000/germinal_ds/templates_target_shuffle/nb_s717713_mpnn_2_BHRF/boltz_free/output/boltz_results_nb_s717713_mpnn_2_BHRF/predictions/nb_s717713_mpnn_2_BHRF/nb_s717713_mpnn_2_BHRF_model_0.cif,0.170995,0.1301,0.0388,0.1233,0.8736069798469543,0.8256561756134033,0.6929811835289001,0.9187634587287903,0.8787429928779602,0.6035924553871155,4.4729180335998535,0.6929811835289001,/scicore/home/schwede/barta0000/germinal_ds/templates_target_shuffle/nb_s717713_mpnn_2_BHRF/boltz_with_template/output/boltz_results_nb_s717713_mpnn_2_BHRF/predictions/nb_s717713_mpnn_2_BHRF/nb_s717713_mpnn_2_BHRF_model_0.cif,0.357096,0.3282,0.1929,0.3234,5.308879216512045,5.578874270121257,5.038884162902832,0.1365615042486793,0.2311405506576845,1.4647293090820312,1.2193114757537842,1.7101471424102783,5.024251858393351,5.210992336273193,4.837511380513509,0.1714417097560044,0.2207015353914574,1.5109440088272097,1.3199083805084229,1.701979637145996,5.067872206370036,5.218257586161296,4.917486826578776,0.1648067656281452,0.2333457705800494,1.4552339315414429,1.2884469032287598,1.622020959854126,5.428414821624756,5.779696782430013,5.077132860819499,0.1666644174331898,0.2450224332071774,1.406405508518219,1.1660809516906738,1.6467300653457642,5.303864240646362,5.592883110046387,5.014845371246338,0.1626956403419681,0.2346981723789504,1.4494549632072449,1.249763250350952,1.6491466760635376,5.106287479400635,5.2476887702941895,4.96488618850708,0.1501892437325056,0.2147550929183303,1.5382570028305054,1.3735084533691406,1.70300555229187,5.301003297170004,5.361798445383708,5.240208148956299,0.0922009654380894,0.2143715517918401,1.5400445461273191,1.420193791389465,1.6598953008651731
nb_s530943_mpnn_3_BHRF,False,"A,B",14.648947482638889,78.68234491860979,592.5,34.58,7.066666666666666,64.16474043489964,0.0,0.1074,0.0115,0.0,0.14,0.835,190.09,0.0,0.22,0.8654,0.348,5.686770109953704,90.79531250000001,9376.12,500.89,3.4207142857142854,82.15290315689579,0.403657,0.2082,0.341,0.3864,0.64,0.8,20466.56,1.0,0.0002,0.07320014508692234,0.8055480109466453,19.72231674194336,56.78810501098633,73.88899,16.683292,0.5241202,,,,,,,0.3097476363182068,/scicore/home/schwede/barta0000/germinal_ds/templates_target_shuffle/nb_s530943_mpnn_3_BHRF/chai_no_constraints/seed_1523/pred.model_idx_2.cif,0.7427912950515747,/scicore/home/schwede/barta0000/germinal_ds/templates_target_shuffle/nb_s530943_mpnn_3_BHRF/chai_with_constraints/seed_2269/pred.model_idx_1.cif,0.3097476363182068,0.647645890712738,0.22527308762073517,"[[0.8887408375740051, 0.9058637022972107]]","[[[0.8887408375740051, 0.22527308762073517], [0.19244036078453064, 0.9058637022972107]]]",0.22527308762073517,0.073642,0.094,0.0153,0.0319,0.7427912950515747,0.8785462975502014,0.7088525295257568,"[[0.9208150506019592, 0.911820113658905]]","[[[0.9208150506019592, 0.6906395554542542], [0.7088525295257568, 0.911820113658905]]]",0.6906395554542542,0.666902,0.2808,0.4769,0.5643,0.7890953421592712,0.7379763126373291,0.5227760672569275,0.8556751012802124,0.8092207908630371,0.6163582801818848,5.88572883605957,0.5227760672569275,/scicore/home/schwede/barta0000/germinal_ds/templates_target_shuffle/nb_s530943_mpnn_3_BHRF/boltz_free/output/boltz_results_nb_s530943_mpnn_3_BHRF/predictions/nb_s530943_mpnn_3_BHRF/nb_s530943_mpnn_3_BHRF_model_0.cif,0.120676,0.1794,0.028,0.0798,0.7791181802749634,0.6461668014526367,0.36344581842422485,0.8830362558364868,0.8323373794555664,0.9114314913749695,8.185430526733398,0.36344581842422485,/scicore/home/schwede/barta0000/germinal_ds/templates_target_shuffle/nb_s530943_mpnn_3_BHRF/boltz_with_template/output/boltz_results_nb_s530943_mpnn_3_BHRF/predictions/nb_s530943_mpnn_3_BHRF/nb_s530943_mpnn_3_BHRF_model_0.cif,0.023844,0.1925,0.0195,0.0136,5.19769581158956,5.348073482513428,5.04731814066569,0.1804741254396872,0.196028538711321,1.6294950246810913,1.4720664024353027,1.78692364692688,4.7969214121500645,4.7546000480651855,4.839242776234944,0.2386818089175476,0.2132965346740014,1.5450718998908997,1.3557785749435425,1.7343652248382568,4.718525330225626,4.603627522786458,4.833423137664795,0.2212440316286205,0.2197373853094111,1.5153221487998962,1.326344609260559,1.7042996883392334,5.330476601918539,5.515774250030518,5.14517895380656,0.1970640054658796,0.1984663521974511,1.6171357035636902,1.5040751695632937,1.730196237564087,5.119858821233113,5.378920873006185,4.860796769460042,0.1963899020483672,0.2183188889950713,1.5217984914779663,1.2949435710906982,1.7486534118652344,5.015239079793295,5.077581882476807,4.952896277109782,0.2184732302117108,0.2206086686338075,1.5113648772239685,1.3384613990783691,1.684268355369568,5.147271235783895,5.087310155232747,5.207232316335042,0.1478095201235729,0.2075617317094209,1.5723264813423157,1.4742611646652222,1.6703917980194092
nb_s140867_mpnn_3_PDL1,False,"A,B",11.469472484822587,80.59929292929293,163.59,10.75,7.082758620689655,61.91685505978473,0.01572,0.0861,0.0215,0.0591,0.25,0.825,-112.09,0.0,0.31,0.9604,0.441,5.298723317132227,93.66957805907174,1907.52,139.28,2.7392307692307694,85.04793075035359,0.329633,0.2477,0.3672,0.3593,0.55,0.75,990.0,1.0,,0.107225816154699,0.8680174106315303,,,67.336586,17.824928,0.48026878,,,,,,,0.37079718708992004,/scicore/home/schwede/barta0000/germinal_ds/templates_target_shuffle/nb_s140867_mpnn_3_PDL1/chai_no_constraints/seed_4690/pred.model_idx_2.cif,0.5707361102104187,/scicore/home/schwede/barta0000/germinal_ds/templates_target_shuffle/nb_s140867_mpnn_3_PDL1/chai_with_constraints/seed_5804/pred.model_idx_4.cif,0.37079718708992004,0.6882447004318237,0.2914353013038635,"[[0.8887251019477844, 0.8836802840232849]]","[[[0.8887251019477844, 0.2914353013038635], [0.29097503423690796, 0.8836802840232849]]]",0.2914353013038635,0.156934,0.0466,0.0253,0.1442,0.5707361102104187,0.8084743022918701,0.511301577091217,"[[0.9084246158599854, 0.8863793611526489]]","[[[0.9084246158599854, 0.511301577091217], [0.5061299204826355, 0.8863793611526489]]]",0.511301577091217,0.414776,0.0758,0.1204,0.4475,0.8373144268989563,0.8882685303688049,0.8012409210205078,0.8463327288627625,0.7509423494338989,0.3872918486595154,1.3880454301834106,0.7878419160842896,/scicore/home/schwede/barta0000/germinal_ds/templates_target_shuffle/nb_s140867_mpnn_3_PDL1/boltz_free/output/boltz_results_nb_s140867_mpnn_3_PDL1/predictions/nb_s140867_mpnn_3_PDL1/nb_s140867_mpnn_3_PDL1_model_0.cif,0.579995,0.0668,0.1892,0.5635,0.8428718447685242,0.8528668284416199,0.745554506778717,0.8672011494636536,0.7768032550811768,0.4594593942165375,2.6012752056121826,0.7289988398551941,/scicore/home/schwede/barta0000/germinal_ds/templates_target_shuffle/nb_s140867_mpnn_3_PDL1/boltz_with_template/output/boltz_results_nb_s140867_mpnn_3_PDL1/predictions/nb_s140867_mpnn_3_PDL1/nb_s140867_mpnn_3_PDL1_model_0.cif,0.409762,0.137,0.1728,0.4597,4.640845934549968,4.891675631205241,4.390016237894694,0.1262848711146016,0.2496060250814827,1.387871503829956,1.3748373985290527,1.4009056091308594,4.435170968373616,4.392911752065023,4.47743018468221,0.1368135108969166,0.2076284627063636,1.572005033493042,1.534963607788086,1.609046459197998,4.558819929758707,4.566909313201904,4.550730546315511,0.1333759661892068,0.2242358392477925,1.495056927204132,1.3554260730743408,1.6346877813339231,4.765737771987915,5.06889009475708,4.46258544921875,0.1168703145650546,0.2525409862424193,1.376181721687317,1.2996139526367188,1.452749490737915,4.582857370376587,4.8755232493082685,4.290191491444905,0.0933648375303771,0.2256499519352237,1.4887703657150269,1.4168469905853271,1.5606937408447266,4.579737027486166,4.757351398468018,4.4021226565043134,0.0752094173808202,0.2202023616611822,1.5132083296775818,1.3806986808776855,1.645717978477478,4.903526862462362,5.292909145355225,4.514144579569499,0.0905758263942379,0.2123364073093892,1.5495834350585938,1.4699896574020386,1.629177212715149
nb_s877334_mpnn_2_IL20,False,"A,B",13.100465561224489,79.63015787099684,257.98,17.2,8.816071428571428,63.48313105172179,0.009278,0.0657,0.0168,0.0358,0.19,0.8300000000000001,55.37,0.0,0.27,0.032,1.106,6.07578443877551,90.97010714285713,14815.54,880.54,4.1075,83.54333368937175,0.321131,0.1843,0.2514,0.316,0.61,0.77,39633.93,1.0,0.0029,0.07939682631625078,0.8373837140864406,8.386060623022226,69.21784973144531,74.13956,12.813294,0.6121813,,,,,,,0.29839393496513367,/scicore/home/schwede/barta0000/germinal_ds/templates_target_shuffle/nb_s877334_mpnn_2_IL20/chai_no_constraints/seed_2946/pred.model_idx_2.cif,0.350011944770813,/scicore/home/schwede/barta0000/germinal_ds/templates_target_shuffle/nb_s877334_mpnn_2_IL20/chai_with_constraints/seed_1084/pred.model_idx_1.cif,0.29839393496513367,0.6156023740768433,0.21909181773662567,"[[0.8936129808425903, 0.8955930471420288]]","[[[0.8936129808425903, 0.21909181773662567], [0.16678263247013092, 0.8955930471420288]]]",0.21909181773662567,0.064984,0.077,0.0132,0.0174,0.350011944770813,0.6300621628761292,0.27999937534332275,"[[0.8657656908035278, 0.8457366824150085]]","[[[0.8657656908035278, 0.27999937534332275], [0.23565524816513062, 0.8457366824150085]]]",0.27999937534332275,0.151235,0.0713,0.0213,0.1144,0.635947048664093,0.713701069355011,0.5186819434165955,0.665263295173645,0.593028724193573,0.9152119755744934,4.490768909454346,0.5186819434165955,/scicore/home/schwede/barta0000/germinal_ds/templates_target_shuffle/nb_s877334_mpnn_2_IL20/boltz_free/output/boltz_results_nb_s877334_mpnn_2_IL20/predictions/nb_s877334_mpnn_2_IL20/nb_s877334_mpnn_2_IL20_model_0.cif,0.201243,0.0351,0.0269,0.1577,0.8836343884468079,0.8211448192596436,0.7489694952964783,0.9173006415367126,0.8887385725975037,0.6354327201843262,2.8106420040130615,0.7489694952964783,/scicore/home/schwede/barta0000/germinal_ds/templates_target_shuffle/nb_s877334_mpnn_2_IL20/boltz_with_template/output/boltz_results_nb_s877334_mpnn_2_IL20/predictions/nb_s877334_mpnn_2_IL20/nb_s877334_mpnn_2_IL20_model_0.cif,0.461633,0.1912,0.3761,0.3738,4.938986460367838,5.579256852467855,4.298716068267822,0.201443469480686,0.2058886523657518,1.5804197788238523,1.3780817985534668,1.7827577590942385,4.192639072736104,5.360093911488851,3.025184233983358,0.2176556395877156,0.1653032707079383,1.799973487854004,1.3249177932739258,2.275029182434082,4.214280207951863,5.366272767384847,3.0622876485188804,0.2060827245912843,0.1967324881288333,1.625910401344299,1.1920955181121826,2.059725284576416,4.996260086695353,5.72472620010376,4.267793973286946,0.2026053315424771,0.2059972383941266,1.5798925161361694,1.3431519269943235,1.8166331052780151,4.689427495002747,5.485892136891683,3.89296285311381,0.1807494670864236,0.1994932941337387,1.6119746565818789,1.3623182773590088,1.8616310358047483,4.74758513768514,5.613083203633626,3.882087071736654,0.2233177659861345,0.1945877978927502,1.6368718147277832,1.327854871749878,1.9458887577056885,4.8703161875406895,5.42843755086263,4.31219482421875,0.2150269976908927,0.18688482087318,1.677262783050537,1.4551546573638916,1.8993709087371824
nb_s410453_mpnn_2_PDL1,False,"A,B",13.146908437038222,79.70798208640674,198.82,12.94,8.05,64.67411473557226,0.006645,0.0723,0.0151,0.0103,0.2,0.825,-89.95,0.0,0.27,0.8874,0.335,6.021907813918709,91.44510548523206,23799.59,1355.61,3.7308,81.5538456256573,0.240717,0.1322,0.1712,0.2681,0.53,0.74,18470.67,1.0,0.9467,0.0888921386479383,0.8624118162757479,22.995676040649414,41.32798385620117,65.02432,17.575087,0.48398268,,,,,,,0.28412744402885437,/scicore/home/schwede/barta0000/germinal_ds/templates_target_shuffle/nb_s410453_mpnn_2_PDL1/chai_no_constraints/seed_162/pred.model_idx_2.cif,0.42453688383102417,/scicore/home/schwede/barta0000/germinal_ds/templates_target_shuffle/nb_s410453_mpnn_2_PDL1/chai_with_constraints/seed_3469/pred.model_idx_0.cif,0.28412744402885437,0.6350245475769043,0.19640317559242249,"[[0.8928380012512207, 0.8727468252182007]]","[[[0.8928380012512207, 0.19640317559242249], [0.1546129435300827, 0.8727468252182007]]]",0.19640317559242249,0.057232,0.0509,0.0131,0.0304,0.42453688383102417,0.7286112308502197,0.3485182523727417,"[[0.9003751277923584, 0.8539321422576904]]","[[[0.9003751277923584, 0.3485182523727417], [0.34006044268608093, 0.8539321422576904]]]",0.3485182523727417,0.229344,0.0497,0.0433,0.2532,0.8032755851745605,0.8291434645652771,0.6925511956214905,0.8309566974639893,0.7539924383163452,0.4274703562259674,2.2428741455078125,0.6569233536720276,/scicore/home/schwede/barta0000/germinal_ds/templates_target_shuffle/nb_s410453_mpnn_2_PDL1/boltz_free/output/boltz_results_nb_s410453_mpnn_2_PDL1/predictions/nb_s410453_mpnn_2_PDL1/nb_s410453_mpnn_2_PDL1_model_0.cif,0.306993,0.0727,0.1173,0.3554,0.8228497505187988,0.8098631501197815,0.6679220199584961,0.8615816831588745,0.7984646558761597,0.51988285779953,3.8948440551757812,0.6550388932228088,/scicore/home/schwede/barta0000/germinal_ds/templates_target_shuffle/nb_s410453_mpnn_2_PDL1/boltz_with_template/output/boltz_results_nb_s410453_mpnn_2_PDL1/predictions/nb_s410453_mpnn_2_PDL1/nb_s410453_mpnn_2_PDL1_model_0.cif,0.250262,0.1387,0.1235,0.2804,4.821690559387207,5.25216007232666,4.391221046447754,0.1935686798986611,0.2464038360119315,1.4007834792137146,1.339038372039795,1.4625285863876345,4.632861574490865,5.4083607991536455,3.857362349828085,0.1642844568280796,0.1973984161416643,1.622531175613403,1.390986680984497,1.8540756702423096,4.694615642229715,5.385871410369873,4.003359874089559,0.1752444945937729,0.2227186383793268,1.5018460154533386,1.3377251625061035,1.6659668684005735,4.991139014561971,5.41795285542806,4.564325173695882,0.2026413999986931,0.2473151890708531,1.3970916867256165,1.3755873441696167,1.4185960292816162,4.88306450843811,5.18357785542806,4.582551161448161,0.1813541369350118,0.2301376006731887,1.4690778851509094,1.3436988592147827,1.594456911087036,4.642325401306152,4.867911179860433,4.416739622751872,0.1831404413523842,0.2283481255971417,1.4768839478492737,1.328659176826477,1.6251087188720703,4.956932624181112,5.387048721313477,4.526816527048747,0.1451864526267138,0.2109287466407774,1.556234896183014,1.4577922821044922,1.6546775102615356
nb_s566504_mpnn_1_BHRF,False,"A,B",13.423210841049384,81.39675604395605,280.75,16.42,7.717307692307693,64.53353964639547,0.00618,0.0839,0.0131,0.0219,0.18,0.855,25.85,0.0,0.26,0.9063,0.378,5.511808690200617,90.9095138888889,20375.57,1342.58,3.871,79.478517320421,0.406856,0.2035,0.2198,0.3825,0.62,0.79,16800.89,1.0,0.1723,0.08739014912135717,0.8183898919880535,16.632020115852356,57.952850341796875,75.40599,15.049196,0.5462791,,,,,,,0.534866213798523,/scicore/home/schwede/barta0000/germinal_ds/templates_target_shuffle/nb_s566504_mpnn_1_BHRF/chai_no_constraints/seed_1937/pred.model_idx_1.cif,0.6776357889175415,/scicore/home/schwede/barta0000/germinal_ds/templates_target_shuffle/nb_s566504_mpnn_1_BHRF/chai_with_constraints/seed_1795/pred.model_idx_2.cif,0.534866213798523,0.7536497712135315,0.4801703691482544,"[[0.9081736207008362, 0.9077101945877075]]","[[[0.9081736207008362, 0.4801703691482544], [0.40442997217178345, 0.9077101945877075]]]",0.4801703691482544,0.344318,0.1593,0.125,0.2667,0.6776357889175415,0.8457359075546265,0.6356106996536255,"[[0.9131377935409546, 0.9107585549354553]]","[[[0.9131377935409546, 0.6356106996536255], [0.628612220287323, 0.9107585549354553]]]",0.6356106996536255,0.534755,0.2084,0.2769,0.4696,0.9152805209159851,0.9356005191802979,0.8900631666183472,0.9215848445892334,0.8719637393951416,0.3398374915122986,1.0259367227554321,0.8900631666183472,/scicore/home/schwede/barta0000/germinal_ds/templates_target_shuffle/nb_s566504_mpnn_1_BHRF/boltz_free/output/boltz_results_nb_s566504_mpnn_1_BHRF/predictions/nb_s566504_mpnn_1_BHRF/nb_s566504_mpnn_1_BHRF_model_0.cif,0.784154,0.3496,0.5523,0.6737,0.883165180683136,0.8286238312721252,0.6907392144203186,0.9312716722488403,0.8907157778739929,0.6318363547325134,4.337282180786133,0.6907392144203186,/scicore/home/schwede/barta0000/germinal_ds/templates_target_shuffle/nb_s566504_mpnn_1_BHRF/boltz_with_template/output/boltz_results_nb_s566504_mpnn_1_BHRF/predictions/nb_s566504_mpnn_1_BHRF/nb_s566504_mpnn_1_BHRF_model_0.cif,0.334927,0.3987,0.1854,0.3209,5.841593424479166,6.472948392232259,5.210238456726074,0.2474528910105163,0.2258658031132433,1.4878142476081848,1.223109483718872,1.7525190114974976,4.838410218556723,4.910257816314697,4.766562620798747,0.1895652715925401,0.2067857887666816,1.576071858406067,1.330638408660889,1.821505308151245,4.846785545349121,4.881016572316487,4.812554518381755,0.1655711966038236,0.2230353276025914,1.500425100326538,1.2766058444976809,1.7242443561553955,5.800384044647217,6.377195676167806,5.223572413126628,0.2520860366120754,0.2377225052552022,1.4366512298583984,1.199387550354004,1.673914909362793,5.422275702158609,5.855576356252034,4.9889750480651855,0.2082575467912998,0.2557514276165574,1.363549292087555,1.1188193559646606,1.6082792282104492,5.482032457987467,6.122874736785889,4.841190179189046,0.1928214948152882,0.2428549006768733,1.4152911305427551,1.2283363342285156,1.6022459268569946,5.618231058120728,6.033745447794597,5.202716668446858,0.1579922895898255,0.2194528459942326,1.5166178941726685,1.363841533660889,1.6693942546844482
nb_s849285_mpnn_4_PDL1,False,"A,B",7.457499688440244,87.51940138963121,26.92,2.37,2.977777777777778,78.95901152527432,0.225664,0.1104,0.1644,0.1911,0.57,0.86,-134.91,0.0,0.59,0.9412,0.48,3.8490973668749664,96.13962025316455,20145.0,1086.77,1.9577083333333334,94.14960021972657,0.586798,0.2645,0.7537,0.5641,0.79,0.86,25656.68,1.0,0.6749,0.22028853030224604,0.8475820037958463,19.89707088470459,55.988182067871094,66.57682,17.550417,0.4794979,,,,,,,0.474978506565094,/scicore/home/schwede/barta0000/germinal_ds/templates_target_shuffle/nb_s849285_mpnn_4_PDL1/chai_no_constraints/seed_2314/pred.model_idx_4.cif,0.7388215661048889,/scicore/home/schwede/barta0000/germinal_ds/templates_target_shuffle/nb_s849285_mpnn_4_PDL1/chai_with_constraints/seed_1286/pred.model_idx_3.cif,0.474978506565094,0.7570757865905762,0.40445417165756226,"[[0.9264557361602783, 0.884110689163208]]","[[[0.9264557361602783, 0.39380478858947754], [0.40445417165756226, 0.884110689163208]]]",0.39380478858947754,0.251659,0.0798,0.0685,0.2736,0.7388215661048889,0.8719649314880371,0.7055357098579407,"[[0.928979754447937, 0.9207842946052551]]","[[[0.928979754447937, 0.7055357098579407], [0.6836830377578735, 0.9207842946052551]]]",0.7055357098579407,0.655522,0.1451,0.6005,0.5764,0.8558833003044128,0.8401756286621094,0.6981476545333862,0.8953172564506531,0.8419656157493591,0.45461422204971313,2.4952030181884766,0.6817304491996765,/scicore/home/schwede/barta0000/germinal_ds/templates_target_shuffle/nb_s849285_mpnn_4_PDL1/boltz_free/output/boltz_results_nb_s849285_mpnn_4_PDL1/predictions/nb_s849285_mpnn_4_PDL1/nb_s849285_mpnn_4_PDL1_model_0.cif,0.343818,0.0876,0.1988,0.3833,0.8630478978157043,0.7823506593704224,0.5803655982017517,0.9337185025215149,0.8977020382881165,0.5270751118659973,5.006052017211914,0.5803655982017517,/scicore/home/schwede/barta0000/germinal_ds/templates_target_shuffle/nb_s849285_mpnn_4_PDL1/boltz_with_template/output/boltz_results_nb_s849285_mpnn_4_PDL1/predictions/nb_s849285_mpnn_4_PDL1/nb_s849285_mpnn_4_PDL1_model_0.cif,0.193057,0.1386,0.1147,0.1976,4.86880381902059,5.362122535705566,4.375485102335612,0.1001044042976316,0.2701684833421613,1.3087095022201538,1.2121031284332275,1.40531587600708,4.661265850067139,4.720622221628825,4.601909478505452,0.1199659691189795,0.2412838202308361,1.421781361103058,1.345926284790039,1.4976364374160769,4.770627578099569,4.87352720896403,4.667727947235107,0.13841115666602,0.2532509001828703,1.373374581336975,1.2654542922973633,1.481294870376587,5.102104028066,5.623286724090576,4.580921332041423,0.1128253503722099,0.2722956370885646,1.3008669018745422,1.1951804161071775,1.4065533876419067,4.895556608835856,5.3233106931050616,4.46780252456665,0.1205215639876764,0.2386030435940199,1.4329540133476255,1.3851683139801023,1.480739712715149,4.6898516813913975,4.905859470367432,4.473843892415364,0.1053425466800698,0.2398653459165443,1.427677571773529,1.2528152465820312,1.6025398969650269,4.5914922555287685,4.582780838012695,4.600203673044841,0.1159108248748226,0.2194050161517988,1.516835868358612,1.4524750709533691,1.581196665763855
nb_s913468_mpnn_5_BHRF,False,"A,B",12.786939380787036,81.61274700930439,370.16,20.52,9.44090909090909,68.68747792365394,0.005327,0.1934,0.0145,0.0,0.28,0.845,78.62,0.0,0.35,0.0875,0.282,4.629095052083334,92.67645833333333,17701.05,718.23,3.6697297297297298,85.97942810058593,0.591686,0.4309,0.545,0.5185,0.78,0.87,16688.38,1.0,0.0681,0.06552042478451951,0.8122475690279619,17.10071849822998,65.91281127929688,74.36027,15.442535,0.5463067,,,,,,,0.3422420620918274,/scicore/home/schwede/barta0000/germinal_ds/templates_target_shuffle/nb_s913468_mpnn_5_BHRF/chai_no_constraints/seed_1885/pred.model_idx_0.cif,0.43356388807296753,/scicore/home/schwede/barta0000/germinal_ds/templates_target_shuffle/nb_s913468_mpnn_5_BHRF/chai_with_constraints/seed_1116/pred.model_idx_0.cif,0.3422420620918274,0.6609073281288147,0.2625757157802582,"[[0.9014302492141724, 0.910304844379425]]","[[[0.9014302492141724, 0.2625757157802582], [0.2177780270576477, 0.910304844379425]]]",0.2625757157802582,0.114831,0.1516,0.0169,0.0554,0.43356388807296753,0.7264065146446228,0.3603532314300537,"[[0.8956723213195801, 0.9154284596443176]]","[[[0.8956723213195801, 0.3603532314300537], [0.3375706970691681, 0.9154284596443176]]]",0.3603532314300537,0.227166,0.2073,0.0541,0.1955,0.8279544711112976,0.7293696999549866,0.4904819428920746,0.9123225808143616,0.8498794436454773,0.6990840435028076,5.845788955688477,0.48257559537887573,/scicore/home/schwede/barta0000/germinal_ds/templates_target_shuffle/nb_s913468_mpnn_5_BHRF/boltz_free/output/boltz_results_nb_s913468_mpnn_5_BHRF/predictions/nb_s913468_mpnn_5_BHRF/nb_s913468_mpnn_5_BHRF_model_0.cif,0.175685,0.358,0.0429,0.1221,0.9006695747375488,0.8295615315437317,0.6880226731300354,0.9538312554359436,0.939626932144165,0.6461542248725891,4.828804016113281,0.6880226731300354,/scicore/home/schwede/barta0000/germinal_ds/templates_target_shuffle/nb_s913468_mpnn_5_BHRF/boltz_with_template/output/boltz_results_nb_s913468_mpnn_5_BHRF/predictions/nb_s913468_mpnn_5_BHRF/nb_s913468_mpnn_5_BHRF_model_0.cif,0.298648,0.5484,0.2034,0.2806,5.001487175623575,5.000326156616211,5.0026481946309405,0.1504200206530377,0.2275520843988273,1.480376124382019,1.2076115608215332,1.7531406879425049,4.566461404164633,4.285041332244873,4.847881476084392,0.2327034897321944,0.2006930349957746,1.6059787273406982,1.4513148069381714,1.760642647743225,4.6447913646698,4.412479082743327,4.8771036465962725,0.2247576502634289,0.2124458613276648,1.5490680932998655,1.3936665058135986,1.7044696807861328,5.154984076817831,5.191878954569499,5.118089199066162,0.1719625572069089,0.2297069799972034,1.4709507822990415,1.2164669036865234,1.72543466091156,4.803656975428264,4.666945616404216,4.940368334452312,0.1946432678093998,0.2191461156774536,1.5180165767669678,1.342576503753662,1.6934566497802734,5.1791567007700605,5.318439642588298,5.039873758951823,0.2227453458138186,0.2229662098188058,1.50073504447937,1.3383971452713013,1.663072943687439,5.163914680480957,5.133394400278728,5.1944349606831866,0.127135980539619,0.2228314917417357,1.5013394355773926,1.3451459407806396,1.6575329303741455
nb_s33838_mpnn_1_BHRF,False,"A,B",14.059407552083334,79.32261429205502,241.54,13.89,16.931818181818183,65.62803408948584,0.005635,0.0948,0.0127,0.0,0.19,0.835,9.38,0.0,0.27,0.6698,14.664,6.023528043016975,90.96791666666667,8373.28,427.12,5.049714285714286,82.87666621352687,0.332734,0.3789,0.2462,0.325,0.65,0.81,19181.0,1.0,0.9007,0.0993436427009775,0.8254226521832709,16.37039049466451,48.12823486328125,74.47359,14.883837,0.54651517,,,,,,,0.3020320534706116,/scicore/home/schwede/barta0000/germinal_ds/templates_target_shuffle/nb_s33838_mpnn_1_BHRF/chai_no_constraints/seed_1645/pred.model_idx_4.cif,0.49574336409568787,/scicore/home/schwede/barta0000/germinal_ds/templates_target_shuffle/nb_s33838_mpnn_1_BHRF/chai_with_constraints/seed_2785/pred.model_idx_0.cif,0.3020320534706116,0.6211770176887512,0.22224581241607666,"[[0.9145212769508362, 0.8988972902297974]]","[[[0.9145212769508362, 0.22224581241607666], [0.19206079840660095, 0.8988972902297974]]]",0.22224581241607666,0.05263,0.091,0.0132,0.0212,0.49574336409568787,0.758213996887207,0.43012571334838867,"[[0.918455958366394, 0.9144561886787415]]","[[[0.918455958366394, 0.43012571334838867], [0.39446133375167847, 0.9144561886787415]]]",0.43012571334838867,0.323728,0.1343,0.1906,0.3097,0.7861802577972412,0.6948878765106201,0.4306960701942444,0.8750513195991516,0.8001449108123779,0.6576106548309326,5.712749481201172,0.41928601264953613,/scicore/home/schwede/barta0000/germinal_ds/templates_target_shuffle/nb_s33838_mpnn_1_BHRF/boltz_free/output/boltz_results_nb_s33838_mpnn_1_BHRF/predictions/nb_s33838_mpnn_1_BHRF/nb_s33838_mpnn_1_BHRF_model_0.cif,0.131696,0.0919,0.0233,0.0598,0.7519022226333618,0.593418300151825,0.23101083934307098,0.8821250200271606,0.8247367143630981,0.9953488111495972,10.462472915649414,0.22840650379657745,/scicore/home/schwede/barta0000/germinal_ds/templates_target_shuffle/nb_s33838_mpnn_1_BHRF/boltz_with_template/output/boltz_results_nb_s33838_mpnn_1_BHRF/predictions/nb_s33838_mpnn_1_BHRF/nb_s33838_mpnn_1_BHRF_model_0.cif,0.005367,0.1273,0.0135,0.0,4.979595343271891,4.940693696339925,5.018496990203857,0.0881595842117561,0.2119541790429495,1.5513851642608645,1.2917745113372805,1.810995817184448,4.688246329625448,4.717752933502197,4.658739725748698,0.1431307885913848,0.1933451701331065,1.6432782411575315,1.5139341354370115,1.7726223468780518,4.5195893446604405,4.274205048878987,4.764973640441895,0.1592512857590575,0.2019510584996627,1.5997298955917358,1.413235425949097,1.786224365234375,4.989847977956137,4.951297283172607,5.028398672739665,0.084510382848386,0.2390257781240979,1.4311838746070862,1.1770046949386597,1.6853630542755127,4.998695611953735,4.975239594777425,5.022151629130046,0.1126444555605047,0.2295548345475734,1.471613347530365,1.195685863494873,1.747540831565857,4.878342390060425,4.921716054280599,4.834968725840251,0.0983797004425278,0.2139652792643481,1.541941523551941,1.2446088790893557,1.8392741680145264,5.29893143971761,5.37552531560262,5.222337563832601,0.088601088789657,0.2151015332999143,1.5366451144218445,1.381111741065979,1.69217848777771
nb_s689267_mpnn_1_IL3,False,"A,B",12.0188704,80.25983681795002,313.57,10.81,5.493220338983051,64.98071858513407,0.040532,0.1894,0.0132,0.0493,0.31,0.825,29.4,0.0,0.39,0.5678,0.49,4.916542399999999,91.76635999999999,7028.13,538.32,3.446509433962264,85.39129553900824,0.530319,0.5013,0.4304,0.5083,0.74,0.84,9508.72,1.0,0.9272,0.17947408694853192,0.8536731261269288,,,54.768265,20.94875,0.47529238,,,,,,,0.2912430763244629,/scicore/home/schwede/barta0000/germinal_ds/templates_target_shuffle/nb_s689267_mpnn_1_IL3/chai_no_constraints/seed_2266/pred.model_idx_1.cif,0.34159308671951294,/scicore/home/schwede/barta0000/germinal_ds/templates_target_shuffle/nb_s689267_mpnn_1_IL3/chai_with_constraints/seed_2382/pred.model_idx_4.cif,0.2912430763244629,0.5956907272338867,0.21513116359710693,"[[0.92665696144104, 0.32710960507392883]]","[[[0.92665696144104, 0.1571502983570099], [0.21513116359710693, 0.32710960507392883]]]",0.1571502983570099,0.008833,0.0995,0.0124,0.0,0.34159308671951294,0.6647850275039673,0.26079511642456055,"[[0.9221262335777283, 0.3276813328266144]]","[[[0.9221262335777283, 0.26079511642456055], [0.20594896376132965, 0.3276813328266144]]]",0.26079511642456055,0.14045,0.0639,0.0313,0.1614,0.8207547068595886,0.677652895450592,0.408722847700119,0.9237626791000366,0.9113183617591858,0.5769380331039429,5.698849201202393,0.346101850271225,/scicore/home/schwede/barta0000/germinal_ds/templates_target_shuffle/nb_s689267_mpnn_1_IL3/boltz_free/output/boltz_results_nb_s689267_mpnn_1_IL3/predictions/nb_s689267_mpnn_1_IL3/nb_s689267_mpnn_1_IL3_model_0.cif,0.097205,0.1874,0.0348,0.077,0.7783628702163696,0.6214825510978699,0.28137287497520447,0.9026103615760803,0.8802671432495117,0.9804897308349609,11.35297679901123,0.24575501680374146,/scicore/home/schwede/barta0000/germinal_ds/templates_target_shuffle/nb_s689267_mpnn_1_IL3/boltz_with_template/output/boltz_results_nb_s689267_mpnn_1_IL3/predictions/nb_s689267_mpnn_1_IL3/nb_s689267_mpnn_1_IL3_model_0.cif,0.005254,0.1259,0.0149,0.0,4.439775864283243,5.5349500974019366,3.344601631164551,0.1766642545960181,0.2297549466897505,1.4707419872283936,1.2435706853866575,1.6979132890701294,4.265169342358908,5.571580092112224,2.958758592605591,0.1434483831609307,0.2151069694940115,1.5366198420524595,1.2670223712921145,1.8062173128128047,4.322625994682312,5.370126406351726,3.275125583012899,0.1780979976357401,0.2412455537311552,1.4219399690628052,1.1818933486938477,1.6619865894317627,4.486482501029968,5.498349666595459,3.474615335464477,0.2012555042866062,0.2310584127037621,1.465084731578827,1.2504329681396484,1.6797364950180054,3.9167601267496734,5.488694032033284,2.3448262214660645,0.1829012658416248,0.1666914008062762,1.7916110754013062,1.3419451713562012,2.241276979446411,4.13474162419637,5.783463795979817,2.4860194524129238,0.1570359010728816,0.1836889112416203,1.694511651992798,1.231722116470337,2.157301187515259,4.310145974159241,5.719018936157227,2.901273012161255,0.1088641755436521,0.1529888728582827,1.8773900866508484,1.3607138395309448,2.394066333770752
nb_s752383_mpnn_3_IL3,False,"A,B",14.843438399999998,80.9248385469223,14.41,1.28,3.7624999999999997,69.61262533171477,0.0,0.1042,0.0114,0.0,0.15,0.8300000000000001,-38.16,0.0,0.23,0.0109,0.711,5.419976159999999,94.52508,5645.52,327.36,2.026578947368421,92.82823540182675,0.500728,0.2813,0.6927,0.3935,0.73,0.8,31186.56,1.0,0.0153,0.06425712942908651,0.8246683051526242,,,54.984123,20.72394,0.47670636,,,,,,,0.46422576904296875,/scicore/home/schwede/barta0000/germinal_ds/templates_target_shuffle/nb_s752383_mpnn_3_IL3/chai_no_constraints/seed_1184/pred.model_idx_2.cif,0.7291682958602905,/scicore/home/schwede/barta0000/germinal_ds/templates_target_shuffle/nb_s752383_mpnn_3_IL3/chai_with_constraints/seed_227/pred.model_idx_0.cif,0.46422576904296875,0.6226758360862732,0.42461323738098145,"[[0.9211798906326294, 0.3115439713001251]]","[[[0.9211798906326294, 0.19894938170909882], [0.42461323738098145, 0.3115439713001251]]]",0.19894938170909882,0.110602,0.1193,0.0163,0.1403,0.7291682958602905,0.7487000226974487,0.7242853045463562,"[[0.9278408885002136, 0.4311337172985077]]","[[[0.9278408885002136, 0.41439351439476013], [0.7242853045463562, 0.4311337172985077]]]",0.41439351439476013,0.591552,0.2776,0.3536,0.3055,0.822655200958252,0.7368800044059753,0.534205973148346,0.8947674632072449,0.8453510999679565,0.6916393637657166,5.02047872543335,0.534205973148346,/scicore/home/schwede/barta0000/germinal_ds/templates_target_shuffle/nb_s752383_mpnn_3_IL3/boltz_free/output/boltz_results_nb_s752383_mpnn_3_IL3/predictions/nb_s752383_mpnn_3_IL3/nb_s752383_mpnn_3_IL3_model_0.cif,0.138098,0.2493,0.0618,0.1307,0.9387292861938477,0.9040312170982361,0.8580160140991211,0.9589075446128845,0.9506705403327942,0.38960495591163635,1.3518444299697876,0.8580021858215332,/scicore/home/schwede/barta0000/germinal_ds/templates_target_shuffle/nb_s752383_mpnn_3_IL3/boltz_with_template/output/boltz_results_nb_s752383_mpnn_3_IL3/predictions/nb_s752383_mpnn_3_IL3/nb_s752383_mpnn_3_IL3_model_0.cif,0.713449,0.4686,0.8152,0.6234,5.078764120737712,6.640181223551433,3.5173470179239907,0.2761376971798283,0.2184424546487706,1.5212326645851135,1.3059015274047852,1.736563801765442,4.560657660166422,6.242358048756917,2.878957271575928,0.1792346958988119,0.1938161751400905,1.6408451199531555,1.3275686502456665,1.9541215896606443,4.692914207776388,6.1933333079020185,3.192495107650757,0.2109014339655743,0.2330159692625971,1.456648290157318,1.347865343093872,1.5654312372207642,5.1400400797526045,6.683920383453369,3.59615977605184,0.2718835833353148,0.2196930289987989,1.5155240297317505,1.2848844528198242,1.7461636066436768,4.683185815811157,6.635183016459147,2.7311886151631675,0.2416665780506727,0.1831107347429657,1.697664201259613,1.27519690990448,2.120131492614746,4.351356585820516,6.166316509246826,2.5363966623942056,0.1735059582790074,0.1668101037037106,1.7908992171287537,1.256413817405701,2.325384616851806,4.797115484873454,6.477173487345378,3.11705748240153,0.1912944205710922,0.1581683432878405,1.8440953493118288,1.3163659572601318,2.3718247413635254
nb_s596199_mpnn_3_IL20,False,"A,B",14.295076530612246,80.68837813620073,371.78,18.14,11.96931818181818,66.01934623870383,0.005484,0.0744,0.0113,0.0,0.17,0.855,114.94,0.0,0.25,0.3269,0.551,7.197394642857143,91.7284642857143,997.75,44.41,5.633714285714286,82.39363606770833,0.194297,0.1237,0.1086,0.1866,0.45,0.71,2827.04,1.0,0.0242,0.08458403858833678,0.8790999735947412,11.235061585903168,63.296531677246094,73.95965,12.797865,0.6062994,,,,,,,0.31905636191368103,/scicore/home/schwede/barta0000/germinal_ds/templates_target_shuffle/nb_s596199_mpnn_3_IL20/chai_no_constraints/seed_1362/pred.model_idx_3.cif,0.37030524015426636,/scicore/home/schwede/barta0000/germinal_ds/templates_target_shuffle/nb_s596199_mpnn_3_IL20/chai_with_constraints/seed_3134/pred.model_idx_2.cif,0.31905636191368103,0.6178407073020935,0.24436026811599731,"[[0.8896135687828064, 0.8977805376052856]]","[[[0.8896135687828064, 0.24436026811599731], [0.19600439071655273, 0.8977805376052856]]]",0.24436026811599731,0.048346,0.1771,0.0139,0.0186,0.37030524015426636,0.6513732671737671,0.30003821849823,"[[0.888641893863678, 0.8710862994194031]]","[[[0.888641893863678, 0.30003821849823], [0.2436184138059616, 0.8710862994194031]]]",0.30003821849823,0.167687,0.1101,0.0211,0.1362,0.5731827616691589,0.5952276587486267,0.2997973561286926,0.6415290832519531,0.5788009762763977,1.2675797939300537,7.25507926940918,0.28514188528060913,/scicore/home/schwede/barta0000/germinal_ds/templates_target_shuffle/nb_s596199_mpnn_3_IL20/boltz_free/output/boltz_results_nb_s596199_mpnn_3_IL20/predictions/nb_s596199_mpnn_3_IL20/nb_s596199_mpnn_3_IL20_model_0.cif,0.034747,0.0518,0.0123,0.0319,0.8222567439079285,0.7935313582420349,0.6551598906517029,0.8640310168266296,0.7996996641159058,0.6902555823326111,3.716122627258301,0.6551598906517029,/scicore/home/schwede/barta0000/germinal_ds/templates_target_shuffle/nb_s596199_mpnn_3_IL20/boltz_with_template/output/boltz_results_nb_s596199_mpnn_3_IL20/predictions/nb_s596199_mpnn_3_IL20/nb_s596199_mpnn_3_IL20_model_0.cif,0.347397,0.203,0.1437,0.3322,4.856918891270956,5.44610611597697,4.267731666564941,0.1198095625172938,0.2166602961117993,1.5294246077537537,1.309315204620361,1.749534010887146,4.083476980527242,4.9452284177144366,3.221725543340048,0.1652186463769322,0.1444261537217432,1.93498694896698,1.4896345138549805,2.3803393840789795,3.9554078181584673,4.786722977956136,3.1240926583607997,0.1479425717966127,0.162858243899557,1.8148751258850095,1.435924768447876,2.193825483322144,4.958008845647177,5.659798304239909,4.256219387054443,0.1654464340047384,0.211480058631816,1.5536245703697205,1.3085575103759766,1.7986916303634644,4.549962083498636,5.126578648885091,3.973345518112183,0.1515477355438338,0.1772799896483047,1.7300249338150024,1.534144163131714,1.925905704498291,4.60060465335846,5.231558640797933,3.969650665918986,0.164282413893027,0.199983055063666,1.6095226407051086,1.3769581317901611,1.842087149620056,4.823459148406982,5.349999904632568,4.2969183921813965,0.1499786253993228,0.1747223802236,1.744556963443756,1.5741214752197266,1.9149924516677856
nb_s664067_mpnn_3_IL3,False,"A,B",10.251527999999999,80.8072193877551,341.08,19.54,6.758064516129032,67.41175461995051,0.125633,0.1256,0.0432,0.1125,0.4,0.815,92.39,0.0,0.46,0.0727,0.294,5.09347008,90.95844,1790.29,109.05,3.9609677419354834,83.32551811481345,0.466517,0.2581,0.4429,0.4664,0.68,0.8,2654.1,1.0,0.0289,0.218113310771557,0.8503480333972446,26.812029361724854,44.6463623046875,53.990948,21.36593,0.45732033,,,,,,,0.265697717666626,/scicore/home/schwede/barta0000/germinal_ds/templates_target_shuffle/nb_s664067_mpnn_3_IL3/chai_no_constraints/seed_1880/pred.model_idx_3.cif,0.6888120174407959,/scicore/home/schwede/barta0000/germinal_ds/templates_target_shuffle/nb_s664067_mpnn_3_IL3/chai_with_constraints/seed_1984/pred.model_idx_2.cif,0.265697717666626,0.6003263592720032,0.1820405274629593,"[[0.8941321969032288, 0.3112298846244812]]","[[[0.8941321969032288, 0.1820405274629593], [0.11963105201721191, 0.3112298846244812]]]",0.1820405274629593,0.046603,0.066,0.0109,0.0294,0.6888120174407959,0.8175848126411438,0.6566188335418701,"[[0.9222757816314697, 0.618835985660553]]","[[[0.9222757816314697, 0.5675128698348999], [0.6566188335418701, 0.618835985660553]]]",0.5675128698348999,0.553134,0.3016,0.3515,0.4996,0.8819405436515808,0.8972066640853882,0.8213483691215515,0.8970885872840881,0.8634286522865295,0.4293754994869232,1.3536455631256104,0.8213483691215515,/scicore/home/schwede/barta0000/germinal_ds/templates_target_shuffle/nb_s664067_mpnn_3_IL3/boltz_free/output/boltz_results_nb_s664067_mpnn_3_IL3/predictions/nb_s664067_mpnn_3_IL3/nb_s664067_mpnn_3_IL3_model_0.cif,0.596689,0.3134,0.4719,0.5598,0.8903549313545227,0.8434376120567322,0.7737967371940613,0.9194944500923157,0.9013507962226868,0.7344887852668762,3.2617387771606445,0.7737967371940613,/scicore/home/schwede/barta0000/germinal_ds/templates_target_shuffle/nb_s664067_mpnn_3_IL3/boltz_with_template/output/boltz_results_nb_s664067_mpnn_3_IL3/predictions/nb_s664067_mpnn_3_IL3/nb_s664067_mpnn_3_IL3_model_0.cif,0.482116,0.367,0.3813,0.452,4.408596634864807,5.20574951171875,3.611443758010864,0.2449156488551019,0.2250236994384715,1.491549551486969,1.2841185331344604,1.6989805698394775,3.382983684539795,4.335152467091878,2.4308149019877114,0.2024590337646137,0.2009215480217594,1.6048407554626465,1.2674802541732788,1.9422012567520144,3.5741163094838457,4.755255063374837,2.392977555592855,0.2493552012013458,0.2099036335530835,1.5611067414283752,1.260270118713379,1.861943364143372,4.589991529782614,5.58869997660319,3.591283082962036,0.2539396349763204,0.2275783441939201,1.480260729789734,1.2603695392608645,1.7001519203186035,3.6051059166590376,4.435377279917399,2.7748345534006758,0.190542638518853,0.2013509334968665,1.602705955505371,1.124910593032837,2.0805013179779053,3.656997879346212,4.751629670461019,2.5623660882314048,0.1773456318591203,0.1743517032890403,1.746680736541748,1.2638278007507324,2.229533672332764,4.037771979967753,4.913483619689941,3.162060340245565,0.1231415401944475,0.1444638120764798,1.9347262382507324,1.4096527099609375,2.459799766540528
nb_s717713_mpnn_4_IL3,False,"A,B",12.6960448,79.98607215447154,473.41,25.25,6.1097222222222225,65.00030253329147,0.013086,0.1004,0.0162,0.032,0.22,0.8200000000000001,184.59,0.0,0.29,0.5264,0.473,6.342641759999999,90.30968000000001,3957.43,180.78,2.8,80.93416733211942,0.27299,0.2222,0.1835,0.2995,0.55,0.75,2945.55,1.0,0.6075,0.08271321822552136,0.8728788767344114,26.413588523864746,44.85009765625,53.678226,21.20633,0.46356118,,,,,,,0.2306714951992035,/scicore/home/schwede/barta0000/germinal_ds/templates_target_shuffle/nb_s717713_mpnn_4_IL3/chai_no_constraints/seed_1846/pred.model_idx_3.cif,0.46998000144958496,/scicore/home/schwede/barta0000/germinal_ds/templates_target_shuffle/nb_s717713_mpnn_4_IL3/chai_with_constraints/seed_2511/pred.model_idx_0.cif,0.2306714951992035,0.5730165243148804,0.14508523046970367,"[[0.8919900059700012, 0.305711030960083]]","[[[0.8919900059700012, 0.14508523046970367], [0.09371732920408249, 0.305711030960083]]]",0.14508523046970367,0.005516,0.1124,0.0101,0.0,0.46998000144958496,0.6559767723083496,0.4234808087348938,"[[0.8994894027709961, 0.3859972655773163]]","[[[0.8994894027709961, 0.2631487250328064], [0.4234808087348938, 0.3859972655773163]]]",0.2631487250328064,0.216467,0.1472,0.0439,0.2601,0.7309443354606628,0.6293049454689026,0.33440980315208435,0.8300780057907104,0.7134746313095093,0.819808304309845,7.718606948852539,0.33440980315208435,/scicore/home/schwede/barta0000/germinal_ds/templates_target_shuffle/nb_s717713_mpnn_4_IL3/boltz_free/output/boltz_results_nb_s717713_mpnn_4_IL3/predictions/nb_s717713_mpnn_4_IL3/nb_s717713_mpnn_4_IL3_model_0.cif,0.042548,0.114,0.014,0.0317,0.7617931365966797,0.655912458896637,0.4137616455554962,0.8488010168075562,0.7523473501205444,0.853347659111023,7.641821384429932,0.4137616455554962,/scicore/home/schwede/barta0000/germinal_ds/templates_target_shuffle/nb_s717713_mpnn_4_IL3/boltz_with_template/output/boltz_results_nb_s717713_mpnn_4_IL3/predictions/nb_s717713_mpnn_4_IL3/nb_s717713_mpnn_4_IL3_model_0.cif,0.078672,0.1905,0.0217,0.0526,4.304783781369527,4.762840747833252,3.846726814905802,0.1633510608524673,0.208211776276711,1.569199562072754,1.3587095737457275,1.7796895503997805,3.9690955479939776,5.044723987579346,2.89346710840861,0.1197329567318928,0.1939826696829057,1.6399864554405212,1.428750991821289,1.8512219190597532,4.18784483273824,5.024198532104492,3.351491133371989,0.1615646634241575,0.223237287486684,1.4995200037956238,1.2712695598602295,1.727770447731018,4.435731967290242,4.9411468505859375,3.9303170839945474,0.1524717336831906,0.2103652042028813,1.5589101910591123,1.3576189279556274,1.7602014541625977,3.798613985379537,5.192133108774821,2.405094861984253,0.107167551128337,0.1823134976301844,1.7020275592803955,1.2175273895263672,2.186527729034424,3.771517952283223,4.934980710347493,2.6080551942189536,0.1263988821034601,0.1894262229082594,1.6637556552886963,1.2319188117980957,2.095592498779297,4.215742150942485,5.232710838317871,3.198773463567098,0.1097765660302133,0.1408881566667224,1.9597889184951784,1.4570205211639404,2.462557315826416
nb_s453654_mpnn_1_IL3,False,"A,B",8.387024000000002,81.90458480120785,506.33,27.36,7.546428571428571,73.5751057343376,0.385277,0.2132,0.0947,0.2726,0.65,0.83,95.56,0.0,0.67,0.5718,0.7,5.34774288,90.53528,3970.47,241.6,4.829393939393938,85.45000076293945,0.619598,0.3262,0.4308,0.5124,0.79,0.82,2307.34,1.0,0.7056,0.4311458734259601,0.8512048302774541,23.88304546901158,45.818912506103516,51.778084,20.819632,0.46916816,,,,,,,0.35037875175476074,/scicore/home/schwede/barta0000/germinal_ds/templates_target_shuffle/nb_s453654_mpnn_1_IL3/chai_no_constraints/seed_1911/pred.model_idx_1.cif,0.3911982774734497,/scicore/home/schwede/barta0000/germinal_ds/templates_target_shuffle/nb_s453654_mpnn_1_IL3/chai_with_constraints/seed_1423/pred.model_idx_3.cif,0.35037875175476074,0.5841958522796631,0.29192447662353516,"[[0.89301598072052, 0.30973324179649353]]","[[[0.89301598072052, 0.16177429258823395], [0.29192447662353516, 0.30973324179649353]]]",0.16177429258823395,0.007066,0.1232,0.0107,0.0161,0.3911982774734497,0.671896755695343,0.3210236430168152,"[[0.897498607635498, 0.37202420830726624]]","[[[0.897498607635498, 0.300693541765213], [0.3210236430168152, 0.37202420830726624]]]",0.300693541765213,0.155124,0.1886,0.0248,0.1894,0.7809996008872986,0.8092343211174011,0.6548160314559937,0.8125454783439636,0.7092381119728088,0.6012127995491028,3.844477415084839,0.6427095532417297,/scicore/home/schwede/barta0000/germinal_ds/templates_target_shuffle/nb_s453654_mpnn_1_IL3/boltz_free/output/boltz_results_nb_s453654_mpnn_1_IL3/predictions/nb_s453654_mpnn_1_IL3/nb_s453654_mpnn_1_IL3_model_0.cif,0.257064,0.1075,0.0565,0.2493,0.8193928599357605,0.8381553292274475,0.7194693684577942,0.8443737030029297,0.7333276271820068,0.5876708626747131,3.338935613632202,0.7188721299171448,/scicore/home/schwede/barta0000/germinal_ds/templates_target_shuffle/nb_s453654_mpnn_1_IL3/boltz_with_template/output/boltz_results_nb_s453654_mpnn_1_IL3/predictions/nb_s453654_mpnn_1_IL3/nb_s453654_mpnn_1_IL3_model_0.cif,0.391315,0.1422,0.0972,0.4213,3.984746336936951,4.4142584800720215,3.55523419380188,0.168946706071954,0.2156240092110757,1.5342190861701963,1.3452273607254028,1.7232108116149902,3.576012134552002,3.979894638061523,3.1721296310424805,0.1592611308339095,0.2013658038435718,1.6026321053504944,1.363245129585266,1.8420190811157229,3.660678585370381,3.921579599380493,3.39977757136027,0.1605014217297973,0.2117538819030041,1.5523306131362915,1.3398785591125488,1.7647826671600342,3.9234584967295327,4.350242932637532,3.496674060821533,0.1843285465961167,0.2197084420307104,1.51545387506485,1.3267658948898315,1.7041418552398682,3.497827728589376,4.530620257059733,2.4650352001190186,0.0749591659796119,0.1661804434536157,1.7946810722351074,1.3972623348236084,2.1920998096466064,3.323173562685649,4.202438036600749,2.4439090887705484,0.1428154742272809,0.1520698111343373,1.8834155797958372,1.3533575534820557,2.413473606109619,3.6908929347991934,4.546054045359294,2.835731824239095,0.1114344495707521,0.1381517113403025,1.9794028401374817,1.4790939092636108,2.4797117710113525
nb_s2975_mpnn_1_PDL1,False,"A,B",14.17664904128612,76.16201385189132,458.37,27.82,6.705555555555556,67.30155982280613,0.005573,0.127,0.0126,0.0,0.16,0.8049999999999999,149.72,0.0,0.23,,1.402,9.809557941213125,84.53540084388186,964.2,56.16,4.632777777777778,71.75151501279889,0.073538,0.1848,0.0224,0.1324,0.29,0.62,459.7,1.0,0.0657,0.11043748774130555,0.8286397031248351,22.82276725769043,44.561622619628906,68.2172,17.653894,0.4871735,,,,,,,0.2396939992904663,/scicore/home/schwede/barta0000/germinal_ds/templates_target_shuffle/nb_s2975_mpnn_1_PDL1/chai_no_constraints/seed_191/pred.model_idx_1.cif,0.5392193794250488,/scicore/home/schwede/barta0000/germinal_ds/templates_target_shuffle/nb_s2975_mpnn_1_PDL1/chai_with_constraints/seed_2528/pred.model_idx_0.cif,0.2396939992904663,0.5999723672866821,0.14962439239025116,"[[0.890999436378479, 0.8682103157043457]]","[[[0.890999436378479, 0.14962439239025116], [0.12623107433319092, 0.8682103157043457]]]",0.14962439239025116,0.005667,0.1865,0.0117,0.0029,0.5392193794250488,0.7748117446899414,0.4803212881088257,"[[0.897987425327301, 0.9211429357528687]]","[[[0.897987425327301, 0.45189982652664185], [0.4803212881088257, 0.9211429357528687]]]",0.45189982652664185,0.359427,0.18,0.2368,0.4025,0.7724807262420654,0.7094571590423584,0.44591274857521057,0.8541226983070374,0.8003314137458801,0.7206248044967651,6.55094051361084,0.43425819277763367,/scicore/home/schwede/barta0000/germinal_ds/templates_target_shuffle/nb_s2975_mpnn_1_PDL1/boltz_free/output/boltz_results_nb_s2975_mpnn_1_PDL1/predictions/nb_s2975_mpnn_1_PDL1/nb_s2975_mpnn_1_PDL1_model_0.cif,0.084109,0.1863,0.0255,0.0691,0.8451887369155884,0.8027388453483582,0.6281157732009888,0.8994569182395935,0.8656783699989319,0.5772973299026489,4.836978435516357,0.6177291870117188,/scicore/home/schwede/barta0000/germinal_ds/templates_target_shuffle/nb_s2975_mpnn_1_PDL1/boltz_with_template/output/boltz_results_nb_s2975_mpnn_1_PDL1/predictions/nb_s2975_mpnn_1_PDL1/nb_s2975_mpnn_1_PDL1_model_0.cif,0.206879,0.3528,0.1117,0.2204,4.439130067825317,4.333091417948405,4.5451687177022295,0.1231061674684694,0.2238563266928201,1.496750831604004,1.4048361778259275,1.58866548538208,4.0459565321604405,4.154680093129476,3.9372329711914062,0.1240348595335798,0.2116342763544625,1.5528956055641174,1.4080654382705688,1.697725772857666,4.062076052029928,4.187460581461589,3.9366915225982666,0.1220747611954544,0.2288762008054077,1.4745740294456482,1.3087666034698486,1.6403814554214478,4.470347086588541,4.3351419766743975,4.6055521965026855,0.1249874130668588,0.2184882774849534,1.521022915840149,1.44636869430542,1.595677137374878,4.26395308971405,4.134025812149048,4.393880367279053,0.1133213804352912,0.2497416273082386,1.3873283863067627,1.26636803150177,1.5082887411117554,4.182263533274332,3.983419418334961,4.381107648213704,0.0742142084708632,0.2106889903197114,1.5573722124099731,1.456456422805786,1.6582880020141602,4.520010789235433,4.49914534886678,4.540876229604085,0.0623849723227434,0.2077276274776595,1.5715275406837463,1.5132631063461304,1.6297919750213623
nb_s169413_mpnn_5_IL3,False,"A,B",13.7876816,76.7980716112532,156.66,7.86,7.6684210526315795,61.660329484037845,0.005856,0.1086,0.014,0.0,0.2,0.8,-18.73,0.0,0.27,0.0358,0.407,6.58688224,87.23912,5969.21,372.21,4.4793055555555545,78.8948726164989,0.32011,0.2325,0.2056,0.3401,0.58,0.75,3749.84,1.0,0.083,0.09743470333287174,0.8381266962648779,26.492155075073242,38.41029739379883,53.373768,21.346088,0.4570132,,,,,,,0.26288163661956787,/scicore/home/schwede/barta0000/germinal_ds/templates_target_shuffle/nb_s169413_mpnn_5_IL3/chai_no_constraints/seed_1084/pred.model_idx_0.cif,0.35839807987213135,/scicore/home/schwede/barta0000/germinal_ds/templates_target_shuffle/nb_s169413_mpnn_5_IL3/chai_with_constraints/seed_5210/pred.model_idx_2.cif,0.26288163661956787,0.5929729342460632,0.18035882711410522,"[[0.8792465925216675, 0.31901711225509644]]","[[[0.8792465925216675, 0.18035882711410522], [0.15414991974830627, 0.31901711225509644]]]",0.18035882711410522,0.030274,0.0647,0.0109,0.0287,0.35839807987213135,0.6517443656921387,0.28506147861480713,"[[0.8803467154502869, 0.3185407519340515]]","[[[0.8803467154502869, 0.2681860625743866], [0.28506147861480713, 0.3185407519340515]]]",0.2681860625743866,0.153803,0.0939,0.0221,0.1907,0.7800766825675964,0.8216160535812378,0.7022772431373596,0.799526572227478,0.733135461807251,0.6308087706565857,3.4258079528808594,0.7022772431373596,/scicore/home/schwede/barta0000/germinal_ds/templates_target_shuffle/nb_s169413_mpnn_5_IL3/boltz_free/output/boltz_results_nb_s169413_mpnn_5_IL3/predictions/nb_s169413_mpnn_5_IL3/nb_s169413_mpnn_5_IL3_model_0.cif,0.279879,0.1855,0.0651,0.2923,0.769014298915863,0.6856517791748047,0.46461910009384155,0.8451130390167236,0.7924239039421082,1.097414493560791,9.267724990844727,0.46461910009384155,/scicore/home/schwede/barta0000/germinal_ds/templates_target_shuffle/nb_s169413_mpnn_5_IL3/boltz_with_template/output/boltz_results_nb_s169413_mpnn_5_IL3/predictions/nb_s169413_mpnn_5_IL3/nb_s169413_mpnn_5_IL3_model_0.cif,0.096227,0.2598,0.0221,0.0367,3.978097081184387,4.322739283243815,3.63345487912496,0.1658856329231259,0.2166638733082462,1.5294080972671509,1.318904161453247,1.739912033081055,3.1886476278305054,3.5013999938964844,2.8758952617645264,0.154713499632339,0.1979188107990616,1.6198983788490295,1.3944056034088137,1.8453911542892456,3.3511807123819985,3.4789995352427163,3.2233618895212808,0.1642602145325655,0.2052868840560986,1.5833468437194824,1.4737426042556765,1.6929510831832886,4.020790417989096,4.350162665049235,3.691418170928955,0.1658747968796788,0.2110685595835697,1.555572271347046,1.3875598907470703,1.7235846519470217,3.083028515179952,3.581470330556234,2.5845866998036704,0.0987415088388126,0.1692862560666046,1.776164174079895,1.2156729698181152,2.336655378341675,3.009130040804545,3.3552939097086587,2.662966171900431,0.1228030760249299,0.1550864229694906,1.8637727499008176,1.4112322330474854,2.3163132667541504,3.5499389568964643,4.095254580179851,3.0046233336130777,0.1200396373375815,0.1461609296948783,1.9230470061302185,1.436858296394348,2.409235715866089
nb_s544951_mpnn_3_PDL1,False,"A,B",10.933657355480781,81.97114701130857,79.65,5.34,7.8374999999999995,65.557560716042,0.027315,0.0679,0.0205,0.0489,0.26,0.845,-120.8,0.0,0.32,0.004,1.021,5.498415496092152,91.10818565400844,30466.2,1137.26,3.3759615384615387,81.91551734661233,0.306522,0.1482,0.2191,0.3376,0.55,0.74,23195.21,1.0,0.585,0.1374605384130578,0.8328143820895978,21.946602821350098,53.14918518066406,68.623405,17.337412,0.49396646,,,,,,,0.2953174114227295,/scicore/home/schwede/barta0000/germinal_ds/templates_target_shuffle/nb_s544951_mpnn_3_PDL1/chai_no_constraints/seed_2044/pred.model_idx_0.cif,0.6185253262519836,/scicore/home/schwede/barta0000/germinal_ds/templates_target_shuffle/nb_s544951_mpnn_3_PDL1/chai_with_constraints/seed_6183/pred.model_idx_3.cif,0.2953174114227295,0.6516604423522949,0.20623165369033813,"[[0.9319474697113037, 0.8842767477035522]]","[[[0.9319474697113037, 0.19661590456962585], [0.20623165369033813, 0.8842767477035522]]]",0.19661590456962585,0.06812,0.0475,0.0165,0.0619,0.6185253262519836,0.7861863374710083,0.5766100287437439,"[[0.9263316988945007, 0.8929960131645203]]","[[[0.9263316988945007, 0.4681189954280853], [0.5766100287437439, 0.8929960131645203]]]",0.4681189954280853,0.360514,0.2082,0.25,0.3621,0.834391713142395,0.8667008280754089,0.8050998449325562,0.84171462059021,0.7792682647705078,0.4622596800327301,1.8212165832519531,0.7773479223251343,/scicore/home/schwede/barta0000/germinal_ds/templates_target_shuffle/nb_s544951_mpnn_3_PDL1/boltz_free/output/boltz_results_nb_s544951_mpnn_3_PDL1/predictions/nb_s544951_mpnn_3_PDL1/nb_s544951_mpnn_3_PDL1_model_0.cif,0.502326,0.2174,0.2924,0.4797,0.8647587895393372,0.8332355618476868,0.7269780039787292,0.8992039561271667,0.853145182132721,0.5652022957801819,3.193690776824951,0.7269780039787292,/scicore/home/schwede/barta0000/germinal_ds/templates_target_shuffle/nb_s544951_mpnn_3_PDL1/boltz_with_template/output/boltz_results_nb_s544951_mpnn_3_PDL1/predictions/nb_s544951_mpnn_3_PDL1/nb_s544951_mpnn_3_PDL1_model_0.cif,0.372649,0.3324,0.2857,0.3879,4.017346858978272,3.7259174982706704,4.308776219685872,0.109395434915172,0.2399017347672928,1.4275258779525757,1.356743097305298,1.4983086585998535,4.265517274538675,4.097951491673787,4.4330830574035645,0.082604819330624,0.2221722045404477,1.5043025016784668,1.4303176403045654,1.5782873630523682,4.159506599108378,3.9056824843088784,4.413330713907878,0.0729333978163678,0.2358106540087081,1.4447261095046997,1.3418511152267456,1.5476011037826538,4.503402868906657,4.5532333056132,4.453572432200114,0.0773310719245884,0.2461349204444831,1.4018754363059998,1.306670904159546,1.4970799684524536,4.126497467358907,3.90367611249288,4.349318822224935,0.1157532272982937,0.2459626430582259,1.4025756120681765,1.224758863449097,1.580392360687256,4.329683423042297,4.004740476608276,4.654626369476318,0.1524423219057122,0.2520337865741247,1.378192126750946,1.1850194931030271,1.5713647603988647,4.390926996866861,4.258261203765869,4.523592789967855,0.1008075961641704,0.2299266160953143,1.4699950814247131,1.3121576309204102,1.627832531929016
nb_s410453_mpnn_5_PDL1,False,"A,B",12.679259021880396,80.83481012658228,159.48,14.82,7.06,62.21226107535031,0.013614,0.0422,0.0164,0.0223,0.21,0.835,-29.08,0.0,0.28,0.9037,0.707,6.116443055778097,92.00624472573838,29885.74,1893.71,3.444473684210526,81.41142817905971,0.25954,0.1011,0.2235,0.2809,0.5,0.73,35499.85,1.0,0.0349,0.09446354465063321,0.8440960217227591,23.11036205291748,41.78194808959961,65.47802,17.591856,0.4836685,,,,,,,0.28593167662620544,/scicore/home/schwede/barta0000/germinal_ds/templates_target_shuffle/nb_s410453_mpnn_5_PDL1/chai_no_constraints/seed_3818/pred.model_idx_2.cif,0.5517698526382446,/scicore/home/schwede/barta0000/germinal_ds/templates_target_shuffle/nb_s410453_mpnn_5_PDL1/chai_with_constraints/seed_1486/pred.model_idx_4.cif,0.28593167662620544,0.6351782083511353,0.1986200362443924,"[[0.8900225162506104, 0.8723114132881165]]","[[[0.8900225162506104, 0.1986200362443924], [0.1573236733675003, 0.8723114132881165]]]",0.1986200362443924,0.065631,0.0709,0.0122,0.0316,0.5517698526382446,0.7756794691085815,0.4957924485206604,"[[0.8857682943344116, 0.9199385643005371]]","[[[0.8857682943344116, 0.4612317681312561], [0.4957924485206604, 0.9199385643005371]]]",0.4612317681312561,0.404123,0.1118,0.2182,0.4366,0.7398226857185364,0.6353472471237183,0.26006683707237244,0.859761655330658,0.7708499431610107,0.6623662710189819,7.6879754066467285,0.21172693371772766,/scicore/home/schwede/barta0000/germinal_ds/templates_target_shuffle/nb_s410453_mpnn_5_PDL1/boltz_free/output/boltz_results_nb_s410453_mpnn_5_PDL1/predictions/nb_s410453_mpnn_5_PDL1/nb_s410453_mpnn_5_PDL1_model_0.cif,0.015595,0.094,0.014,0.0195,0.8242479562759399,0.7231962084770203,0.48970526456832886,0.9078836441040039,0.8580924272537231,0.6452779769897461,6.598814487457275,0.44313710927963257,/scicore/home/schwede/barta0000/germinal_ds/templates_target_shuffle/nb_s410453_mpnn_5_PDL1/boltz_with_template/output/boltz_results_nb_s410453_mpnn_5_PDL1/predictions/nb_s410453_mpnn_5_PDL1/nb_s410453_mpnn_5_PDL1_model_0.cif,0.114794,0.1751,0.0444,0.0789,4.907376766204834,5.254128456115723,4.560625076293945,0.1543697645328229,0.2338915372529751,1.4528977870941162,1.3945599794387815,1.511235594749451,4.814122994740804,5.224190553029378,4.4040554364522295,0.1639808639306983,0.2096315031540411,1.5624040365219116,1.4741487503051758,1.6506593227386477,4.941367546717325,5.390637238820394,4.492097854614258,0.1781407834331979,0.2266023583941395,1.4845585227012634,1.410341739654541,1.5587753057479858,4.898312171300252,5.201278527577718,4.595345815022786,0.1408018539290355,0.2363182484628274,1.4425758719444275,1.3541829586029053,1.5309687852859497,4.642846345901489,4.767623742421468,4.518068949381511,0.2089137588673892,0.2420818076511205,1.418479561805725,1.383497714996338,1.4534614086151123,4.715163628260294,5.109907150268555,4.320420106252034,0.1888282545604641,0.2292235460242243,1.4730575680732727,1.2857621908187866,1.6603529453277588,4.964979410171509,5.3906356493632,4.539323170979817,0.1446432357834621,0.2080367517036483,1.57004052400589,1.4991843700408936,1.6408966779708862
nb_s105306_mpnn_3_PDL1,False,"A,B",9.567973437305275,83.65898222940226,239.59,17.41,5.192592592592592,71.02192095731097,0.089064,0.0859,0.0496,0.1353,0.38,0.84,-40.12,0.0,0.43,0.9907,0.467,4.215154266588332,93.80417721518987,6141.34,374.19,2.1755172413793105,89.97275832603718,0.573415,0.215,0.6434,0.5653,0.75,0.85,16582.55,1.0,0.0356,0.19748847927140883,0.8531647114725358,,,67.03617,17.79755,0.47742492,,,,,,,0.3496692180633545,/scicore/home/schwede/barta0000/germinal_ds/templates_target_shuffle/nb_s105306_mpnn_3_PDL1/chai_no_constraints/seed_2768/pred.model_idx_1.cif,0.5251763463020325,/scicore/home/schwede/barta0000/germinal_ds/templates_target_shuffle/nb_s105306_mpnn_3_PDL1/chai_with_constraints/seed_3006/pred.model_idx_3.cif,0.3496692180633545,0.6864162087440491,0.26548245549201965,"[[0.9132986664772034, 0.8861261010169983]]","[[[0.9132986664772034, 0.26548245549201965], [0.2584349811077118, 0.8861261010169983]]]",0.26548245549201965,0.130388,0.0671,0.0243,0.1225,0.5251763463020325,0.7784855961799622,0.46184903383255005,"[[0.9196392297744751, 0.8885297775268555]]","[[[0.9196392297744751, 0.4414447844028473], [0.46184903383255005, 0.8885297775268555]]]",0.4414447844028473,0.347565,0.1327,0.1581,0.3839,0.7623161673545837,0.6298894286155701,0.28025442361831665,0.8828315734863281,0.7955343127250671,0.7083712816238403,5.720093727111816,0.28025442361831665,/scicore/home/schwede/barta0000/germinal_ds/templates_target_shuffle/nb_s105306_mpnn_3_PDL1/boltz_free/output/boltz_results_nb_s105306_mpnn_3_PDL1/predictions/nb_s105306_mpnn_3_PDL1/nb_s105306_mpnn_3_PDL1_model_0.cif,0.051412,0.0674,0.0281,0.126,0.8485680818557739,0.8106402158737183,0.6413001418113708,0.9003850817680359,0.8240447640419006,0.4568498730659485,2.7501044273376465,0.6398456692695618,/scicore/home/schwede/barta0000/germinal_ds/templates_target_shuffle/nb_s105306_mpnn_3_PDL1/boltz_with_template/output/boltz_results_nb_s105306_mpnn_3_PDL1/predictions/nb_s105306_mpnn_3_PDL1/nb_s105306_mpnn_3_PDL1_model_0.cif,0.335758,0.1125,0.1863,0.3868,4.525531053543091,4.564019521077474,4.487042586008708,0.0542959012317846,0.2486697033899862,1.3916297554969788,1.3033418655395508,1.4799176454544067,4.361547311147054,4.143203099568685,4.579891522725423,0.1013712627793126,0.2271943391428241,1.481949508190155,1.4361135959625244,1.5277854204177856,4.237789233525594,3.852289358774821,4.623289108276367,0.114891035011712,0.2262044404487412,1.4863160848617554,1.4506568908691406,1.52197527885437,4.647350947062175,4.71837584177653,4.576326052347819,0.0649955308176125,0.2595556499499984,1.3487841486930847,1.2764825820922852,1.4210857152938845,4.4923570950826015,4.587418079376221,4.397296110788981,0.1034448733017584,0.2320746710356568,1.4606961011886597,1.3680845499038696,1.5533076524734497,4.135985811551412,3.946406284968058,4.325565338134766,0.0898661200711179,0.2343536780443894,1.4509238600730896,1.351862907409668,1.5499848127365112,4.6326165199279785,4.633948802947998,4.631284236907959,0.033853036019421,0.221557175420365,1.5070745944976809,1.412984013557434,1.6011651754379272
nb_s459933_mpnn_3_PDL1,False,"A,B",11.675796257722231,82.50045647558386,141.47,10.79,3.9479166666666665,66.59560639168448,0.006599,0.0687,0.0215,0.0327,0.21,0.85,-74.88,0.0,0.28,0.0152,0.336,5.367199522868486,93.74945147679324,2022.19,189.66,2.1814583333333335,85.7772006225586,0.275147,0.1309,0.3051,0.3287,0.55,0.76,1106.41,1.0,0.0004,0.1183611482706888,0.8778408414537594,,,69.479515,16.92156,0.5040849,,,,,,,0.31561651825904846,/scicore/home/schwede/barta0000/germinal_ds/templates_target_shuffle/nb_s459933_mpnn_3_PDL1/chai_no_constraints/seed_3659/pred.model_idx_4.cif,0.440565288066864,/scicore/home/schwede/barta0000/germinal_ds/templates_target_shuffle/nb_s459933_mpnn_3_PDL1/chai_with_constraints/seed_4511/pred.model_idx_1.cif,0.31561651825904846,0.6657481789588928,0.22808359563350677,"[[0.9264535307884216, 0.8804860711097717]]","[[[0.9264535307884216, 0.22802484035491943], [0.22808359563350677, 0.8804860711097717]]]",0.22802484035491943,0.098519,0.1307,0.0167,0.0767,0.440565288066864,0.7452968955039978,0.3643823564052582,"[[0.9276079535484314, 0.8827093243598938]]","[[[0.9276079535484314, 0.3637532591819763], [0.3643823564052582, 0.8827093243598938]]]",0.3637532591819763,0.237169,0.1602,0.0826,0.2684,0.8794521689414978,0.9200775027275085,0.8592371940612793,0.8845058679580688,0.8177685737609863,0.31867507100105286,0.8530886173248291,0.847772479057312,/scicore/home/schwede/barta0000/germinal_ds/templates_target_shuffle/nb_s459933_mpnn_3_PDL1/boltz_free/output/boltz_results_nb_s459933_mpnn_3_PDL1/predictions/nb_s459933_mpnn_3_PDL1/nb_s459933_mpnn_3_PDL1_model_0.cif,0.710945,0.1094,0.3797,0.6634,0.8677530288696289,0.8382109999656677,0.7127976417541504,0.9064919352531433,0.8492168188095093,0.44028693437576294,3.35442852973938,0.7104249596595764,/scicore/home/schwede/barta0000/germinal_ds/templates_target_shuffle/nb_s459933_mpnn_3_PDL1/boltz_with_template/output/boltz_results_nb_s459933_mpnn_3_PDL1/predictions/nb_s459933_mpnn_3_PDL1/nb_s459933_mpnn_3_PDL1_model_0.cif,0.332566,0.1502,0.2305,0.3874,5.010765949885051,5.502788702646892,4.51874319712321,0.0965937892215127,0.2386324988626167,1.432830572128296,1.3522508144378662,1.5134103298187256,4.755226532618204,5.051195621490479,4.459257443745931,0.0858703311881225,0.240173001944139,1.4263957738876345,1.3212631940841677,1.531528353691101,4.972222010294596,5.387414773305257,4.557029247283936,0.1219287861082318,0.2407518985664991,1.4239883422851562,1.2999393939971924,1.54803729057312,5.195576429367065,5.69227949778239,4.698873360951741,0.1099711232472871,0.2390676681113382,1.4310086369514463,1.3505185842514038,1.5114986896514893,4.875175317128499,5.355997403462728,4.394353230794271,0.09615034518585,0.2343013576309088,1.4511471390724182,1.3599380254745483,1.542356252670288,4.898452838261922,5.400341828664144,4.3965638478597,0.102356340134269,0.2330219832053575,1.4566224813461304,1.333102464675903,1.5801424980163574,5.107033173243205,5.71660582224528,4.49746052424113,0.0980718333263746,0.2168029777607394,1.5287662744522097,1.378382921218872,1.6791496276855469
nb_s830050_mpnn_2_PDL1,False,"A,B",9.312113443358436,85.10623383620688,120.71,9.93,5.131578947368422,73.9604691826201,0.090911,0.1055,0.0756,0.1214,0.41,0.845,-105.39,0.0,0.46,0.0308,0.336,3.8134221723726607,96.11704641350212,1059.57,89.14,2.2459999999999996,93.08772693980823,0.526819,0.2528,0.7606,0.5597,0.73,0.85,1183.57,1.0,0.5195,0.13138421851360058,0.858464438964508,20.376391172409058,51.4456672668457,68.26742,16.85951,0.50284755,,,,,,,0.45622438192367554,/scicore/home/schwede/barta0000/germinal_ds/templates_target_shuffle/nb_s830050_mpnn_2_PDL1/chai_no_constraints/seed_2436/pred.model_idx_4.cif,0.7225269675254822,/scicore/home/schwede/barta0000/germinal_ds/templates_target_shuffle/nb_s830050_mpnn_2_PDL1/chai_with_constraints/seed_3473/pred.model_idx_0.cif,0.45622438192367554,0.7403199672698975,0.3852004408836365,"[[0.9279410243034363, 0.8734163045883179]]","[[[0.9279410243034363, 0.3623155355453491], [0.3852004408836365, 0.8734163045883179]]]",0.3623155355453491,0.203772,0.1339,0.0561,0.2187,0.7225269675254822,0.833227813243866,0.6948516964912415,"[[0.8834943771362305, 0.9017210602760315]]","[[[0.8834943771362305, 0.6948516964912415], [0.6889707446098328, 0.9017210602760315]]]",0.6948516964912415,0.620156,0.2777,0.4319,0.5068,0.7996217608451843,0.7283939123153687,0.5205495953559875,0.8693897724151611,0.8238652348518372,0.6040226221084595,6.254188060760498,0.5205495953559875,/scicore/home/schwede/barta0000/germinal_ds/templates_target_shuffle/nb_s830050_mpnn_2_PDL1/boltz_free/output/boltz_results_nb_s830050_mpnn_2_PDL1/predictions/nb_s830050_mpnn_2_PDL1/nb_s830050_mpnn_2_PDL1_model_0.cif,0.110277,0.1868,0.0402,0.0702,0.8258758783340454,0.7369367480278015,0.5758116841316223,0.88839191198349,0.8355080485343933,0.7009150981903076,6.8287787437438965,0.5758116841316223,/scicore/home/schwede/barta0000/germinal_ds/templates_target_shuffle/nb_s830050_mpnn_2_PDL1/boltz_with_template/output/boltz_results_nb_s830050_mpnn_2_PDL1/predictions/nb_s830050_mpnn_2_PDL1/nb_s830050_mpnn_2_PDL1_model_0.cif,0.151744,0.218,0.0502,0.1112,4.55756155649821,4.632823626200358,4.4822994867960615,0.1333213972150883,0.2703006432039324,1.3082204461097715,1.1586207151412964,1.457820177078247,4.145073890686035,4.374484856923421,3.915662924448649,0.1675100585534716,0.2171445158619587,1.5271921753883362,1.2250807285308838,1.8293036222457888,4.22767957051595,4.421646912892659,4.033712228139241,0.138681430931209,0.2325849534215549,1.4584997296333313,1.2495349645614624,1.6674644947052002,4.746054410934448,4.886302630106608,4.605806191762288,0.13533202570481,0.2735110209302212,1.2964133620262146,1.1682816743850708,1.4245450496673584,3.881874879201253,3.3699137369791665,4.39383602142334,0.1597273486225944,0.2395730343325548,1.428896963596344,1.369563341140747,1.488230586051941,4.284229834874472,4.233782768249512,4.334676901499431,0.1578902757703236,0.2416333743754015,1.4203336834907532,1.1886842250823977,1.6519831418991089,4.492758750915527,4.488905747731526,4.496611754099528,0.123032313590539,0.2341557432630375,1.4517688155174255,1.228333830833435,1.675203800201416
nb_s327664_mpnn_4_IL3,False,"A,B",13.6016192,79.91025432349949,265.84,14.61,6.936666666666667,65.31152189123108,0.033326,0.1031,0.0226,0.0735,0.37,0.825,32.09,0.0,0.41,0.9813,0.24,5.672626559999999,91.53464,4372.97,234.2,4.1386666666666665,86.08766657511393,0.439438,0.3067,0.4585,0.3937,0.69,0.78,3099.22,1.0,0.9914,0.187638797347942,0.846625894580346,,,53.66851,21.226505,0.46588874,,,,,,,0.23511679470539093,/scicore/home/schwede/barta0000/germinal_ds/templates_target_shuffle/nb_s327664_mpnn_4_IL3/chai_no_constraints/seed_3499/pred.model_idx_3.cif,0.26804956793785095,/scicore/home/schwede/barta0000/germinal_ds/templates_target_shuffle/nb_s327664_mpnn_4_IL3/chai_with_constraints/seed_3860/pred.model_idx_4.cif,0.23511679470539093,0.5746209621429443,0.15024074912071228,"[[0.8841662406921387, 0.32536500692367554]]","[[[0.8841662406921387, 0.15024074912071228], [0.1286124438047409, 0.32536500692367554]]]",0.15024074912071228,0.005535,0.0681,0.0104,0.0,0.26804956793785095,0.594369649887085,0.18646955490112305,"[[0.8879908323287964, 0.3109949231147766]]","[[[0.8879908323287964, 0.1756284236907959], [0.18646955490112305, 0.3109949231147766]]]",0.1756284236907959,0.047712,0.0908,0.012,0.1473,0.8781260848045349,0.9381170272827148,0.9007675647735596,0.8724656701087952,0.8321705460548401,0.3769957423210144,1.0518286228179932,0.9007675647735596,/scicore/home/schwede/barta0000/germinal_ds/templates_target_shuffle/nb_s327664_mpnn_4_IL3/boltz_free/output/boltz_results_nb_s327664_mpnn_4_IL3/predictions/nb_s327664_mpnn_4_IL3/nb_s327664_mpnn_4_IL3_model_0.cif,0.781862,0.4785,0.4897,0.6763,0.7660830616950989,0.6955950260162354,0.4835011959075928,0.8367285132408142,0.7583742141723633,0.913486897945404,8.170425415039062,0.4835011959075928,/scicore/home/schwede/barta0000/germinal_ds/templates_target_shuffle/nb_s327664_mpnn_4_IL3/boltz_with_template/output/boltz_results_nb_s327664_mpnn_4_IL3/predictions/nb_s327664_mpnn_4_IL3/nb_s327664_mpnn_4_IL3_model_0.cif,0.113796,0.2507,0.0206,0.0559,4.241819977760315,5.011963367462158,3.471676588058472,0.1091544787577059,0.2227742014574039,1.5015965700149536,1.2213268280029297,1.7818663120269775,3.7726986805597935,4.619455814361572,2.925941546758016,0.1086854670948956,0.1803375085878381,1.712925136089325,1.3874396085739136,2.0384106636047363,4.02620534102122,4.808637619018555,3.243773063023885,0.1017484562911175,0.2028291633923841,1.5953912138938904,1.327422857284546,1.8633595705032349,4.294659852981567,5.109201431274414,3.4801182746887207,0.1055297341908963,0.2300975634452996,1.4692518711090088,1.194652795791626,1.7438509464263916,3.719849745432536,5.054644107818604,2.385055383046468,0.171882384800375,0.1513313656622352,1.888283371925354,1.3466196060180664,2.4299471378326416,3.4338786999384565,4.564634799957275,2.303122599919637,0.0399353647413142,0.1399750523174499,1.966291069984436,1.3890719413757324,2.54351019859314,3.8073423306147256,4.7606094678243,2.854075193405152,0.1053088454398248,0.1452954601833073,1.9289859533309937,1.429450750350952,2.428521156311035
nb_s109706_mpnn_2_IL3,False,"A,B",12.345372800000002,79.73953077699294,484.41,34.65,6.272916666666667,61.56325681093738,0.024974,0.0529,0.0189,0.0729,0.22,0.825,199.87,0.0,0.3,0.9818,1.066,7.4945032,89.13220000000001,8690.43,494.32,2.692391304347826,77.56500005722046,0.180109,0.1072,0.0831,0.1976,0.44,0.7,31644.87,1.0,0.5614,0.10838595676941698,0.8688001758816274,27.57645893096924,54.25749206542969,53.46277,21.537626,0.46407914,,,,,,,0.27228450775146484,/scicore/home/schwede/barta0000/germinal_ds/templates_target_shuffle/nb_s109706_mpnn_2_IL3/chai_no_constraints/seed_2718/pred.model_idx_0.cif,0.3147734999656677,/scicore/home/schwede/barta0000/germinal_ds/templates_target_shuffle/nb_s109706_mpnn_2_IL3/chai_with_constraints/seed_1506/pred.model_idx_0.cif,0.27228450775146484,0.6201168894767761,0.18532639741897583,"[[0.9252957701683044, 0.3024163246154785]]","[[[0.9252957701683044, 0.18532639741897583], [0.1443311870098114, 0.3024163246154785]]]",0.18532639741897583,0.049064,0.0821,0.0128,0.0452,0.3147734999656677,0.6505463719367981,0.23083028197288513,"[[0.929958701133728, 0.35486912727355957]]","[[[0.929958701133728, 0.23083028197288513], [0.22135722637176514, 0.35486912727355957]]]",0.23083028197288513,0.111227,0.0861,0.025,0.1403,0.8904532790184021,0.8701342344284058,0.7820310592651367,0.9175587892532349,0.8952875733375549,0.3728264272212982,1.4512146711349487,0.7790588140487671,/scicore/home/schwede/barta0000/germinal_ds/templates_target_shuffle/nb_s109706_mpnn_2_IL3/boltz_free/output/boltz_results_nb_s109706_mpnn_2_IL3/predictions/nb_s109706_mpnn_2_IL3/nb_s109706_mpnn_2_IL3_model_0.cif,0.514588,0.1885,0.5343,0.4946,0.8789498209953308,0.7700080275535583,0.6240519285202026,0.9426743388175964,0.9315184950828552,0.5675212144851685,4.745002269744873,0.5844489932060242,/scicore/home/schwede/barta0000/germinal_ds/templates_target_shuffle/nb_s109706_mpnn_2_IL3/boltz_with_template/output/boltz_results_nb_s109706_mpnn_2_IL3/predictions/nb_s109706_mpnn_2_IL3/nb_s109706_mpnn_2_IL3_model_0.cif,0.238447,0.199,0.2096,0.2004,4.667079567909241,5.776757558186849,3.5574015776316323,0.1681656765309965,0.2063702986664615,1.5780831575393677,1.428364872932434,1.7278014421463013,4.218948602676392,5.382035891215007,3.055861314137777,0.1635151387713242,0.2002201754385411,1.608337640762329,1.3412208557128906,1.875454425811768,4.331918597221375,5.467316627502441,3.196520566940308,0.1722275225893512,0.220731017349287,1.5108104348182678,1.3053163290023804,1.7163045406341553,4.777912696202596,5.95211919148763,3.603706200917562,0.1624917225315953,0.2129442053461606,1.54672509431839,1.3601537942886353,1.7332963943481443,3.958297689755757,5.510789712270101,2.4058056672414145,0.1641066667240589,0.1694097047787661,1.775435209274292,1.2851314544677734,2.2657389640808105,3.94269875685374,5.254061222076416,2.631336291631063,0.1431407096157621,0.1656227322848503,1.7980427742004397,1.357302188873291,2.238783359527588,4.12345552444458,5.400171756744385,2.8467392921447754,0.0916302668801685,0.1392814240092875,1.971258759498596,1.4932520389556885,2.449265480041504
nb_s651199_mpnn_2_PDL1,False,"A,B",10.787215367907564,81.70530798071773,119.97,8.3,5.042307692307692,67.34084976069879,0.052051,0.0791,0.0363,0.1554,0.28,0.84,-53.22,0.0,0.34,0.0069,0.463,5.256419199202406,91.78763713080168,5085.47,425.71,2.9830000000000005,84.3819225017841,0.35601,0.1762,0.3595,0.3826,0.59,0.76,2233.89,1.0,0.0201,0.1164905021858302,0.8804450658555901,19.601499557495117,55.610626220703125,68.11004,17.473392,0.47816476,,,,,,,0.29532378911972046,/scicore/home/schwede/barta0000/germinal_ds/templates_target_shuffle/nb_s651199_mpnn_2_PDL1/chai_no_constraints/seed_1422/pred.model_idx_0.cif,0.4174116253852844,/scicore/home/schwede/barta0000/germinal_ds/templates_target_shuffle/nb_s651199_mpnn_2_PDL1/chai_with_constraints/seed_2645/pred.model_idx_1.cif,0.29532378911972046,0.6371682286262512,0.20986266434192657,"[[0.8847328424453735, 0.8769111037254333]]","[[[0.8847328424453735, 0.20986266434192657], [0.19766661524772644, 0.8769111037254333]]]",0.20986266434192657,0.074075,0.0894,0.0143,0.0488,0.4174116253852844,0.7166852355003357,0.3425932228565216,"[[0.8877488374710083, 0.8863552808761597]]","[[[0.8877488374710083, 0.3425932228565216], [0.33621859550476074, 0.8863552808761597]]]",0.3425932228565216,0.208313,0.1051,0.0369,0.221,0.7864661812782288,0.7097740769386292,0.44796308875083923,0.8710919618606567,0.7740938663482666,0.6983584761619568,4.90108060836792,0.4190259575843811,/scicore/home/schwede/barta0000/germinal_ds/templates_target_shuffle/nb_s651199_mpnn_2_PDL1/boltz_free/output/boltz_results_nb_s651199_mpnn_2_PDL1/predictions/nb_s651199_mpnn_2_PDL1/nb_s651199_mpnn_2_PDL1_model_0.cif,0.114087,0.088,0.0301,0.1478,0.8304325342178345,0.7912910580635071,0.596408486366272,0.8889384865760803,0.7871119379997253,0.5400476455688477,4.2690324783325195,0.5746487975120544,/scicore/home/schwede/barta0000/germinal_ds/templates_target_shuffle/nb_s651199_mpnn_2_PDL1/boltz_with_template/output/boltz_results_nb_s651199_mpnn_2_PDL1/predictions/nb_s651199_mpnn_2_PDL1/nb_s651199_mpnn_2_PDL1_model_0.cif,0.198275,0.1227,0.0736,0.2247,4.892065445582071,5.284183025360107,4.499947865804036,0.1443159236376636,0.2572043261328134,1.3578844666481018,1.249626636505127,1.4661422967910769,4.731372435887655,4.87671438852946,4.58603048324585,0.13670770131193,0.2274101901760595,1.4809998869895935,1.4060404300689695,1.5559593439102173,4.638809442520142,4.786856333414714,4.490762551625569,0.1303718243872189,0.2495281228386007,1.3881836533546448,1.3244435787200928,1.4519237279891968,5.026807387669882,5.406889120737712,4.646725654602051,0.1499778936319115,0.2484187624469974,1.392639398574829,1.2982079982757568,1.4870707988739014,4.789872964223226,5.044003804524739,4.535742123921712,0.0973389129668026,0.2165423591978773,1.5299690961837769,1.4157005548477173,1.6442376375198364,4.867441336313883,5.213446935017903,4.521435737609863,0.1303987196157118,0.2141797573195254,1.5409396290779114,1.4128167629241943,1.6690624952316284,4.801718393961588,5.022811730702718,4.580625057220459,0.1037949750293149,0.2122877623106934,1.5498125553131104,1.4848307371139526,1.614794373512268
nb_s434952_mpnn_1_BHRF,False,"A,B",6.300509982638888,86.70982547993019,127.58,6.54,4.81842105263158,80.50763118445195,0.610623,0.2944,0.3589,0.4763,0.79,0.865,-94.61,0.0,0.8,0.9968,0.21,3.789526668595679,95.12253472222223,21732.28,1380.54,3.055428571428572,93.33742828369141,0.829402,0.494,0.794,0.6323,0.89,0.92,21731.71,1.0,0.9936,0.8869920799273447,0.8499943145790554,21.962027549743652,33.20280075073242,71.96834,15.992056,0.53000414,,,,,,,0.33963799476623535,/scicore/home/schwede/barta0000/germinal_ds/templates_target_shuffle/nb_s434952_mpnn_1_BHRF/chai_no_constraints/seed_3112/pred.model_idx_2.cif,0.47354060411453247,/scicore/home/schwede/barta0000/germinal_ds/templates_target_shuffle/nb_s434952_mpnn_1_BHRF/chai_with_constraints/seed_3602/pred.model_idx_0.cif,0.33963799476623535,0.6505399346351624,0.2619125247001648,"[[0.8662555813789368, 0.9125511050224304]]","[[[0.8662555813789368, 0.2619125247001648], [0.1967008113861084, 0.9125511050224304]]]",0.2619125247001648,0.116915,0.0804,0.015,0.0564,0.47354060411453247,0.7304588556289673,0.4093110263347626,"[[0.9106647968292236, 0.8849308490753174]]","[[[0.9106647968292236, 0.4093110263347626], [0.3591904938220978, 0.8849308490753174]]]",0.4093110263347626,0.296175,0.1107,0.0759,0.2625,0.8794178366661072,0.9032838344573975,0.839146614074707,0.8894855976104736,0.8518340587615967,0.3766038715839386,1.5069363117218018,0.839146614074707,/scicore/home/schwede/barta0000/germinal_ds/templates_target_shuffle/nb_s434952_mpnn_1_BHRF/boltz_free/output/boltz_results_nb_s434952_mpnn_1_BHRF/predictions/nb_s434952_mpnn_1_BHRF/nb_s434952_mpnn_1_BHRF_model_0.cif,0.671055,0.2279,0.4485,0.5803,0.8929473757743835,0.8518578410148621,0.7283631563186646,0.9340934753417969,0.9134858250617981,0.49639204144477844,3.382988452911377,0.7283631563186646,/scicore/home/schwede/barta0000/germinal_ds/templates_target_shuffle/nb_s434952_mpnn_1_BHRF/boltz_with_template/output/boltz_results_nb_s434952_mpnn_1_BHRF/predictions/nb_s434952_mpnn_1_BHRF/nb_s434952_mpnn_1_BHRF_model_0.cif,0.422531,0.327,0.2962,0.3541,4.997787157694499,4.961880366007487,5.033693949381511,0.1624753504557304,0.2330185109330946,1.4566373825073242,1.2083213329315186,1.70495343208313,4.804548978805542,4.735869725545247,4.873228232065837,0.2247407563656285,0.1931395482783812,1.644342303276062,1.560283064842224,1.7284015417099,4.735452175140381,4.639589627583821,4.83131472269694,0.2280511900684604,0.2075282072637629,1.572488009929657,1.4457175731658936,1.6992584466934204,5.104210615158081,5.128995418548584,5.079425811767578,0.2043045230220683,0.2353373358417664,1.4467353224754331,1.1910109519958496,1.702459692955017,4.840531190236409,4.584306557973226,5.096755822499593,0.1581166011299034,0.2118842896695835,1.5517149567604065,1.3694350719451904,1.7339948415756226,4.966521422068278,5.020005385080974,4.913037459055583,0.2001731859647783,0.2118247256926907,1.551996111869812,1.44684100151062,1.657151222229004,4.908166170120239,4.623030344645183,5.193301995595296,0.1604205728833171,0.1892967404700947,1.6644394397735596,1.6318566799163818,1.6970221996307373
nb_s768471_mpnn_1_BHRF,False,"A,B",8.778492717978393,82.89746818780168,335.1,15.95,6.467105263157894,71.5068950602093,0.190942,0.1781,0.0723,0.1582,0.54,0.855,-0.77,0.0,0.58,0.652,0.353,5.0437622974537035,90.94329861111112,20793.15,957.51,4.099375,85.59404772803897,0.622976,0.3328,0.4584,0.5304,0.8,0.87,26678.67,1.0,0.9903,0.29905953240508015,0.832293882786979,19.694592157999676,45.75117111206055,73.80011,16.04129,0.53605497,,,,,,,0.37633228302001953,/scicore/home/schwede/barta0000/germinal_ds/templates_target_shuffle/nb_s768471_mpnn_1_BHRF/chai_no_constraints/seed_2483/pred.model_idx_0.cif,0.36756378412246704,/scicore/home/schwede/barta0000/germinal_ds/templates_target_shuffle/nb_s768471_mpnn_1_BHRF/chai_with_constraints/seed_2779/pred.model_idx_2.cif,0.37633228302001953,0.6702459454536438,0.30285388231277466,"[[0.8982471227645874, 0.9080114364624023]]","[[[0.8982471227645874, 0.30285388231277466], [0.25971347093582153, 0.9080114364624023]]]",0.30285388231277466,0.142891,0.0695,0.018,0.0796,0.36756378412246704,0.6651050448417664,0.2931784689426422,"[[0.8968396782875061, 0.8937530517578125]]","[[[0.8968396782875061, 0.2931784689426422], [0.23490028083324432, 0.8937530517578125]]]",0.2931784689426422,0.160577,0.0535,0.0221,0.1099,0.8471233248710632,0.8781823515892029,0.8244146108627319,0.8528004884719849,0.7999546527862549,0.42019760608673096,1.9710125923156738,0.8244146108627319,/scicore/home/schwede/barta0000/germinal_ds/templates_target_shuffle/nb_s768471_mpnn_1_BHRF/boltz_free/output/boltz_results_nb_s768471_mpnn_1_BHRF/predictions/nb_s768471_mpnn_1_BHRF/nb_s768471_mpnn_1_BHRF_model_0.cif,0.573258,0.1196,0.2544,0.5067,0.8400500416755676,0.8501309156417847,0.7212146520614624,0.8697589039802551,0.8067963123321533,0.48935770988464355,3.298367977142334,0.7212146520614624,/scicore/home/schwede/barta0000/germinal_ds/templates_target_shuffle/nb_s768471_mpnn_1_BHRF/boltz_with_template/output/boltz_results_nb_s768471_mpnn_1_BHRF/predictions/nb_s768471_mpnn_1_BHRF/nb_s768471_mpnn_1_BHRF_model_0.cif,0.409492,0.1717,0.1182,0.3663,4.944111029307047,4.62729008992513,5.260931968688965,0.1626059232668465,0.2175179522696526,1.5254738926887512,1.3491748571395874,1.701772928237915,4.941670815149942,5.024998029073079,4.858343601226807,0.1603373410305018,0.2197030074058148,1.5154786109924316,1.3114888668060305,1.719468355178833,4.905819574991861,4.950093110402425,4.861546039581299,0.1735345666166937,0.2336670969661323,1.4538578391075134,1.1795220375061035,1.7281936407089231,5.022588650385538,4.796131134033203,5.249046166737874,0.1677554881989657,0.2142986810907414,1.5403845310211182,1.3941152095794678,1.6866538524627686,4.881878534952799,4.895921230316162,4.8678358395894366,0.1583712768591821,0.2284724651285654,1.47633957862854,1.2317410707473757,1.7209380865097046,4.923195759455363,4.964370886484782,4.882020632425944,0.1304734507273186,0.2555265712118277,1.3644288778305054,1.135405421257019,1.5934523344039917,5.2079587777455645,5.227911790211995,5.188005765279134,0.1259215661881896,0.2196265964106288,1.5158264636993408,1.3533813953399658,1.6782715320587158
nb_s2898_mpnn_1_IL20,False,"A,B",9.682968112244897,84.48951363636364,51.3,4.59,4.5,75.76658118264918,0.138446,0.1039,0.0625,0.1035,0.45,0.865,-99.99,0.0,0.5,0.9565,0.383,4.595226275510204,94.45774999999999,1326.63,82.54,2.167857142857143,93.15523819696335,0.576826,0.2027,0.7238,0.5161,0.77,0.86,2064.76,1.0,0.5722,0.2420637004429827,0.858464438964508,11.716114521026611,70.02517700195312,76.21929,14.069535,0.5669791,,,,,,,0.33991414308547974,/scicore/home/schwede/barta0000/germinal_ds/templates_target_shuffle/nb_s2898_mpnn_1_IL20/chai_no_constraints/seed_1722/pred.model_idx_1.cif,0.42738017439842224,/scicore/home/schwede/barta0000/germinal_ds/templates_target_shuffle/nb_s2898_mpnn_1_IL20/chai_with_constraints/seed_3100/pred.model_idx_3.cif,0.33991414308547974,0.6414097547531128,0.26454025506973267,"[[0.8927441835403442, 0.8875618577003479]]","[[[0.8927441835403442, 0.26454025506973267], [0.22673262655735016, 0.8875618577003479]]]",0.26454025506973267,0.132082,0.0691,0.0198,0.0886,0.42738017439842224,0.6930376291275024,0.3609657883644104,"[[0.9013314247131348, 0.8894490599632263]]","[[[0.9013314247131348, 0.3609657883644104], [0.30475914478302, 0.8894490599632263]]]",0.3609657883644104,0.223796,0.054,0.0449,0.1755,0.6253880262374878,0.7219551801681519,0.5136305689811707,0.6533273458480835,0.5864943265914917,1.0073233842849731,5.500335216522217,0.5097351670265198,/scicore/home/schwede/barta0000/germinal_ds/templates_target_shuffle/nb_s2898_mpnn_1_IL20/boltz_free/output/boltz_results_nb_s2898_mpnn_1_IL20/predictions/nb_s2898_mpnn_1_IL20/nb_s2898_mpnn_1_IL20_model_0.cif,0.163386,0.06,0.0194,0.1155,0.7604897022247314,0.8074589371681213,0.6766363978385925,0.781453013420105,0.7383483052253723,0.7592386603355408,3.718393087387085,0.6620662808418274,/scicore/home/schwede/barta0000/germinal_ds/templates_target_shuffle/nb_s2898_mpnn_1_IL20/boltz_with_template/output/boltz_results_nb_s2898_mpnn_1_IL20/predictions/nb_s2898_mpnn_1_IL20/nb_s2898_mpnn_1_IL20_model_0.cif,0.374537,0.1969,0.1217,0.3221,3.706014434496562,3.70507820447286,3.706950664520264,0.1211493075702639,0.2381023632138765,1.4350546002388,1.136037826538086,1.7340713739395142,3.088894287745158,3.0934407711029053,3.08434780438741,0.1126753238371091,0.1553439489455034,1.86211359500885,1.3181381225585938,2.4060890674591064,3.02827004591624,3.012947797775269,3.0435922940572104,0.1469878391631942,0.1658992274999517,1.7963747382164,1.184113383293152,2.4086360931396484,3.878303647041321,3.89048178990682,3.866125504175822,0.1421758434057212,0.2417637374928357,1.4197943210601809,1.1612553596496582,1.6783332824707031,4.121573209762573,4.169196287790935,4.073950131734212,0.10980434162028,0.2118396624667951,1.5519255995750427,1.2593233585357666,1.8445278406143188,3.6318440039952593,3.3330440521240234,3.930643955866496,0.1272703963099796,0.2014942457932071,1.6019944548606873,1.2952828407287598,1.9087060689926147,4.192166805267334,4.029693603515625,4.354640007019043,0.1756525458477335,0.1841342526067402,1.6920901536941528,1.47100567817688,1.9131746292114256
nb_s648479_mpnn_1_BHRF,False,"A,B",14.518036265432098,79.1615187637969,532.34,21.48,10.052040816326532,67.46712151827201,0.005448,0.2278,0.0123,0.0,0.18,0.83,54.93,0.0,0.26,0.0084,0.656,5.067398124035494,90.69677083333333,365.92,20.24,4.286046511627907,83.67545474659313,0.525692,0.3867,0.3784,0.4763,0.74,0.84,267.46,1.0,0.552,0.07724058282244536,0.8193189593495834,16.082765022913616,57.85924530029297,75.13253,15.217099,0.5483775,,,,,,,0.26564091444015503,/scicore/home/schwede/barta0000/germinal_ds/templates_target_shuffle/nb_s648479_mpnn_1_BHRF/chai_no_constraints/seed_1499/pred.model_idx_2.cif,0.5340036153793335,/scicore/home/schwede/barta0000/germinal_ds/templates_target_shuffle/nb_s648479_mpnn_1_BHRF/chai_with_constraints/seed_1805/pred.model_idx_1.cif,0.26564091444015503,0.603169322013855,0.18125881254673004,"[[0.8810104131698608, 0.9056196212768555]]","[[[0.8810104131698608, 0.18125881254673004], [0.13123950362205505, 0.9056196212768555]]]",0.18125881254673004,0.005359,0.113,0.0108,0.0,0.5340036153793335,0.7784188389778137,0.47289979457855225,"[[0.891724705696106, 0.9197810888290405]]","[[[0.891724705696106, 0.47289979457855225], [0.42800676822662354, 0.9197810888290405]]]",0.47289979457855225,0.353889,0.1612,0.1377,0.343,0.7725135684013367,0.6533911228179932,0.36488962173461914,0.8744195103645325,0.7938047647476196,0.752949595451355,8.644253730773926,0.36488962173461914,/scicore/home/schwede/barta0000/germinal_ds/templates_target_shuffle/nb_s648479_mpnn_1_BHRF/boltz_free/output/boltz_results_nb_s648479_mpnn_1_BHRF/predictions/nb_s648479_mpnn_1_BHRF/nb_s648479_mpnn_1_BHRF_model_0.cif,0.014377,0.2165,0.0143,0.0045,0.7849618196487427,0.6743581891059875,0.3798339366912842,0.8862437605857849,0.8092914819717407,0.8875745534896851,9.00572395324707,0.3798339366912842,/scicore/home/schwede/barta0000/germinal_ds/templates_target_shuffle/nb_s648479_mpnn_1_BHRF/boltz_with_template/output/boltz_results_nb_s648479_mpnn_1_BHRF/predictions/nb_s648479_mpnn_1_BHRF/nb_s648479_mpnn_1_BHRF_model_0.cif,0.040202,0.2646,0.0197,0.0151,5.144931077957153,5.263472557067871,5.026389598846436,0.1613381108711263,0.2007472671424706,1.6057085394859314,1.380713701248169,1.8307033777236936,4.6255890528361,4.46288537979126,4.7882927258809405,0.1500993056838917,0.2176987995216927,1.524642825126648,1.3277597427368164,1.7215259075164795,4.685664892196655,4.489248752593994,4.882081031799316,0.1437175853788017,0.2347615235776948,1.449185073375702,1.2374967336654663,1.6608734130859375,5.193440198898315,5.307797114054362,5.079083283742269,0.1864288704734558,0.2100398249377294,1.5604581236839294,1.3211207389831543,1.7997955083847046,4.88605546951294,4.840399742126465,4.931711196899414,0.1585314468702692,0.2459446552629096,1.4026487469673157,1.212574124336243,1.592723369598389,4.8077592849731445,4.6801683108011884,4.935350259145101,0.1011011568758463,0.2283279555655988,1.4769722819328308,1.2711106538772583,1.682833909988403,5.258931716283163,5.279140949249268,5.238722483317058,0.101687252409923,0.2187416679332473,1.519863843917847,1.3755364418029783,1.6641912460327148
nb_s103722_mpnn_4_PDL1,False,"A,B",14.360643771475367,77.28103410936654,65.46,4.31,8.481944444444444,67.10296330306704,0.00585,0.0855,0.0129,0.0,0.23,0.79,-117.81,0.0,0.29,0.463,0.325,4.01895654186473,94.63409282700421,13024.54,737.55,2.662878787878788,91.53294148164638,0.589771,0.3016,0.695,0.5761,0.76,0.86,15224.47,1.0,0.764,0.0708888549094665,0.7930845165134026,,,68.45575,17.042429,0.50035286,,,,,,,0.4018315076828003,/scicore/home/schwede/barta0000/germinal_ds/templates_target_shuffle/nb_s103722_mpnn_4_PDL1/chai_no_constraints/seed_1558/pred.model_idx_4.cif,0.4982427954673767,/scicore/home/schwede/barta0000/germinal_ds/templates_target_shuffle/nb_s103722_mpnn_4_PDL1/chai_with_constraints/seed_1285/pred.model_idx_2.cif,0.4018315076828003,0.6954790353775024,0.32841962575912476,"[[0.8541395664215088, 0.8866255283355713]]","[[[0.8541395664215088, 0.32841962575912476], [0.3113448917865753, 0.8866255283355713]]]",0.32841962575912476,0.188475,0.0512,0.0202,0.1811,0.4982427954673767,0.7500966787338257,0.43527930974960327,"[[0.8595438003540039, 0.8906408548355103]]","[[[0.8595438003540039, 0.43527930974960327], [0.4242301285266876, 0.8906408548355103]]]",0.43527930974960327,0.318395,0.0916,0.0526,0.3716,0.7651827335357666,0.6743696928024292,0.41144585609436035,0.8536169528961182,0.7699162364006042,0.920997142791748,6.795753479003906,0.37139227986335754,/scicore/home/schwede/barta0000/germinal_ds/templates_target_shuffle/nb_s103722_mpnn_4_PDL1/boltz_free/output/boltz_results_nb_s103722_mpnn_4_PDL1/predictions/nb_s103722_mpnn_4_PDL1/nb_s103722_mpnn_4_PDL1_model_0.cif,0.093878,0.0989,0.0199,0.0746,0.8813150525093079,0.8544521927833557,0.7395796775817871,0.9167489409446716,0.8807588219642639,0.5599000453948975,3.937703847885132,0.7155353426933289,/scicore/home/schwede/barta0000/germinal_ds/templates_target_shuffle/nb_s103722_mpnn_4_PDL1/boltz_with_template/output/boltz_results_nb_s103722_mpnn_4_PDL1/predictions/nb_s103722_mpnn_4_PDL1/nb_s103722_mpnn_4_PDL1_model_0.cif,0.353927,0.2709,0.2521,0.4149,4.423185904820761,4.482466856638591,4.36390495300293,0.1230545859136706,0.2744052712391421,1.293149173259735,1.156047821044922,1.4302505254745483,4.63512929280599,4.437860171000163,4.832398414611816,0.1866302883310414,0.2401936886262275,1.4263096451759338,1.2112059593200684,1.641413331031799,4.421591520309448,4.212157090504964,4.631025950113933,0.1440706832816859,0.2386143644549045,1.4329065680503843,1.2335132360458374,1.6322999000549316,4.57844599088033,4.689464410146077,4.467427571614583,0.138986671020341,0.2838986281440204,1.25913804769516,1.1407302618026731,1.3775458335876465,3.862014134724935,3.102226416269938,4.621801853179932,0.167678390897614,0.2144784369980026,1.5395460724830627,1.4411075115203855,1.6379846334457395,4.217049241065979,3.895559231440226,4.538539250691732,0.1610378497777415,0.2002048646347057,1.608414113521576,1.5283844470977783,1.6884437799453735,4.47827967007955,4.34770933787028,4.608850002288818,0.1282062211004442,0.2289395497697518,1.474297285079956,1.34270441532135,1.605890154838562
nb_s874243_mpnn_5_BHRF,False,"A,B",13.13612919560185,79.20834422657951,441.55,17.79,12.378947368421056,65.13011018811726,0.006505,0.1383,0.013,0.0165,0.23,0.84,90.07,0.0,0.3,0.0046,0.485,6.805408468364197,87.47298611111111,17812.2,826.32,6.096756756756757,75.4221958067359,0.321837,0.2105,0.1055,0.2841,0.57,0.76,25254.82,1.0,0.0002,0.14641764824510867,0.8269376740623727,20.473056316375732,35.21018981933594,74.59569,15.657996,0.52737176,,,,,,,0.2717665731906891,/scicore/home/schwede/barta0000/germinal_ds/templates_target_shuffle/nb_s874243_mpnn_5_BHRF/chai_no_constraints/seed_1363/pred.model_idx_0.cif,0.4898155927658081,/scicore/home/schwede/barta0000/germinal_ds/templates_target_shuffle/nb_s874243_mpnn_5_BHRF/chai_with_constraints/seed_3145/pred.model_idx_0.cif,0.2717665731906891,0.5971937775611877,0.19040976464748383,"[[0.9014682173728943, 0.8976738452911377]]","[[[0.9014682173728943, 0.19040976464748383], [0.14189516007900238, 0.8976738452911377]]]",0.19040976464748383,0.005528,0.1069,0.011,0.0,0.4898155927658081,0.7528946399688721,0.4240458011627197,"[[0.9006589651107788, 0.9051469564437866]]","[[[0.9006589651107788, 0.4240458011627197], [0.3935058116912842, 0.9051469564437866]]]",0.4240458011627197,0.296472,0.124,0.1094,0.2877,0.8272389769554138,0.8549624681472778,0.7465254664421082,0.8474172949790955,0.7842178344726562,0.43811678886413574,2.815702199935913,0.7465254664421082,/scicore/home/schwede/barta0000/germinal_ds/templates_target_shuffle/nb_s874243_mpnn_5_BHRF/boltz_free/output/boltz_results_nb_s874243_mpnn_5_BHRF/predictions/nb_s874243_mpnn_5_BHRF/nb_s874243_mpnn_5_BHRF_model_0.cif,0.38709,0.1388,0.1298,0.3626,0.8045355081558228,0.7917516231536865,0.6460575461387634,0.8441550135612488,0.7853003740310669,0.6977776288986206,6.534160137176514,0.6460575461387634,/scicore/home/schwede/barta0000/germinal_ds/templates_target_shuffle/nb_s874243_mpnn_5_BHRF/boltz_with_template/output/boltz_results_nb_s874243_mpnn_5_BHRF/predictions/nb_s874243_mpnn_5_BHRF/nb_s874243_mpnn_5_BHRF_model_0.cif,0.213263,0.1359,0.0442,0.145,5.287766615549723,5.5382981300354,5.037235101064046,0.1806094799744821,0.2057089349481388,1.5812930464744568,1.3508925437927246,1.811693549156189,4.98817777633667,5.17683219909668,4.79952335357666,0.2110395486043464,0.2183482218613344,1.5216641426086426,1.3058077096939087,1.7375205755233765,4.9000567595163975,5.016424179077148,4.783689339955648,0.1951908637594532,0.2201007707062139,1.5136697888374329,1.2689710855484009,1.7583684921264648,5.3747927347819004,5.615176518758138,5.134408950805664,0.1832869975115443,0.2007470517641343,1.6057096123695374,1.3811839818954468,1.830235242843628,5.354848305384317,5.64588737487793,5.063809235890706,0.1888461834004365,0.2208853849920502,1.5101113319396973,1.249089598655701,1.7711330652236938,5.237469434738159,5.602970123291016,4.871968746185303,0.2217568960086419,0.2164896924206855,1.5302123427391052,1.2167357206344604,1.84368896484375,5.436872482299805,5.69749641418457,5.176248550415039,0.153810279038134,0.2210684390188583,1.5092829465866089,1.3493447303771973,1.6692211627960205
nb_s949322_mpnn_2_IL3,False,"A,B",14.2230496,75.34313567839196,553.55,30.66,10.408620689655173,53.88027384649906,0.006156,0.0459,0.0119,0.0,0.16,0.79,129.4,0.0,0.23,0.2035,2.435,7.196948639999999,85.97844,1019.1,53.75,6.766166666666666,72.00666656494141,0.32405,0.1458,0.126,0.3255,0.59,0.75,1787.95,1.0,0.1225,0.11148653903325573,0.8166267730534118,25.702649116516113,42.93206024169922,52.54792,21.229244,0.4547202,,,,,,,0.21898537874221802,/scicore/home/schwede/barta0000/germinal_ds/templates_target_shuffle/nb_s949322_mpnn_2_IL3/chai_no_constraints/seed_3344/pred.model_idx_2.cif,0.41261792182922363,/scicore/home/schwede/barta0000/germinal_ds/templates_target_shuffle/nb_s949322_mpnn_2_IL3/chai_with_constraints/seed_1364/pred.model_idx_1.cif,0.21898537874221802,0.553209125995636,0.13542942702770233,"[[0.8589609861373901, 0.3194323182106018]]","[[[0.8589609861373901, 0.13542942702770233], [0.08473706245422363, 0.3194323182106018]]]",0.13542942702770233,0.005253,0.0831,0.0096,0.0,0.41261792182922363,0.6710312366485596,0.34801459312438965,"[[0.8759458065032959, 0.33826082944869995]]","[[[0.8759458065032959, 0.303952693939209], [0.34801459312438965, 0.33826082944869995]]]",0.303952693939209,0.211051,0.0986,0.0389,0.2474,0.8380002975463867,0.919590950012207,0.8821899890899658,0.8269529342651367,0.7112460136413574,0.34534481167793274,0.760444164276123,0.8606166839599609,/scicore/home/schwede/barta0000/germinal_ds/templates_target_shuffle/nb_s949322_mpnn_2_IL3/boltz_free/output/boltz_results_nb_s949322_mpnn_2_IL3/predictions/nb_s949322_mpnn_2_IL3/nb_s949322_mpnn_2_IL3_model_0.cif,0.772244,0.0802,0.1923,0.6674,0.7900771498680115,0.7495551705360413,0.5592618584632874,0.8477810025215149,0.7581642866134644,0.8516449928283691,5.976986885070801,0.5411741137504578,/scicore/home/schwede/barta0000/germinal_ds/templates_target_shuffle/nb_s949322_mpnn_2_IL3/boltz_with_template/output/boltz_results_nb_s949322_mpnn_2_IL3/predictions/nb_s949322_mpnn_2_IL3/nb_s949322_mpnn_2_IL3_model_0.cif,0.184193,0.1036,0.046,0.1694,4.381905992825826,5.181176662445068,3.5826353232065835,0.1995129625305901,0.1888952450775319,1.6665626764297483,1.6354271173477173,1.6976982355117798,4.4157741467158,5.342583179473877,3.488965113957723,0.1971454131230874,0.186100267324495,1.6814696788787842,1.4467313289642334,1.916208028793335,4.373935103416443,5.329939047495524,3.417931159337362,0.2253800809096126,0.2010594134674758,1.6041548252105713,1.4592573642730713,1.7490522861480713,4.288628578186035,5.066508611043294,3.510748545328776,0.2059457765870723,0.1942720229135076,1.638495922088623,1.6176087856292725,1.6593830585479736,3.844786802927653,5.184353828430176,2.5052197774251304,0.2814293073207472,0.1395869501188605,1.9690675735473635,1.5032658576965332,2.4348692893981934,3.812895178794861,5.262381553649902,2.36340880393982,0.1533709907431821,0.1476643062210419,1.912813782691956,1.589813470840454,2.235814094543457,4.178991595904033,5.378365675608317,2.979617516199748,0.168768769491947,0.132446826917242,2.021574020385742,1.642143487930298,2.4010045528411865
nb_s983700_mpnn_1_PDL1,False,"A,B",9.409485659349462,83.0743392188336,136.57,10.94,7.185714285714286,66.79106708607918,0.100205,0.068,0.049,0.1551,0.34,0.835,-102.52,0.0,0.39,0.8506,0.646,6.511565632288272,90.01025316455696,1395.89,110.13,4.548181818181819,80.88869575832202,0.272694,0.131,0.2556,0.2703,0.53,0.71,1231.56,1.0,0.1854,0.12121861238228093,0.8964379423730874,,,65.590294,17.91002,0.4711731,,,,,,,0.3202997148036957,/scicore/home/schwede/barta0000/germinal_ds/templates_target_shuffle/nb_s983700_mpnn_1_PDL1/chai_no_constraints/seed_1114/pred.model_idx_2.cif,0.3730209171772003,/scicore/home/schwede/barta0000/germinal_ds/templates_target_shuffle/nb_s983700_mpnn_1_PDL1/chai_with_constraints/seed_1155/pred.model_idx_4.cif,0.3202997148036957,0.6496365070343018,0.23796550929546356,"[[0.872607946395874, 0.8783441781997681]]","[[[0.872607946395874, 0.23796550929546356], [0.22531858086585999, 0.8783441781997681]]]",0.23796550929546356,0.098487,0.0732,0.0149,0.0761,0.3730209171772003,0.6842280626296997,0.2952191233634949,"[[0.8659977912902832, 0.8676385879516602]]","[[[0.8659977912902832, 0.2952191233634949], [0.28665176033973694, 0.8676385879516602]]]",0.2952191233634949,0.173267,0.0981,0.0241,0.1671,0.8123946189880371,0.83149254322052,0.7027571797370911,0.83980393409729,0.7366116642951965,0.4340645968914032,2.178816318511963,0.6731249094009399,/scicore/home/schwede/barta0000/germinal_ds/templates_target_shuffle/nb_s983700_mpnn_1_PDL1/boltz_free/output/boltz_results_nb_s983700_mpnn_1_PDL1/predictions/nb_s983700_mpnn_1_PDL1/nb_s983700_mpnn_1_PDL1_model_0.cif,0.335059,0.0897,0.1152,0.3919,0.8172585368156433,0.7632859349250793,0.5794628262519836,0.8767074346542358,0.7984786033630371,0.5319187641143799,3.064626693725586,0.551352322101593,/scicore/home/schwede/barta0000/germinal_ds/templates_target_shuffle/nb_s983700_mpnn_1_PDL1/boltz_with_template/output/boltz_results_nb_s983700_mpnn_1_PDL1/predictions/nb_s983700_mpnn_1_PDL1/nb_s983700_mpnn_1_PDL1_model_0.cif,0.231343,0.1408,0.1039,0.2667,4.877724806467692,5.261729081471761,4.493720531463623,0.1408374564395886,0.2647769527737785,1.328867495059967,1.1815091371536257,1.4762258529663086,4.072429458300273,4.525706926981608,3.619151989618937,0.2141990036588913,0.2083132435119306,1.56871235370636,1.4074418544769287,1.729982852935791,4.28795337677002,4.626879692077637,3.9490270614624015,0.182810214272388,0.2158020083930858,1.533393919467926,1.417119026184082,1.64966881275177,4.953584909439087,5.3328884442647295,4.574281374613444,0.1580174716677581,0.2468302396089651,1.39905446767807,1.313183069229126,1.4849258661270142,4.415165344874064,5.055426915486653,3.7749037742614746,0.1572787424336398,0.2233809850675017,1.4988765120506289,1.2561458349227903,1.7416071891784668,4.392764727274576,4.394141515096028,4.391387939453125,0.1842796610113311,0.2238729125031257,1.496676743030548,1.3835484981536863,1.6098049879074097,4.686434507369995,4.8183315594991045,4.554537455240886,0.1015689522645413,0.1965865045964502,1.626652717590332,1.5706822872161863,1.6826231479644775
nb_s938027_mpnn_3_IL3,False,"A,B",15.6720144,79.39757668711655,317.85,24.39,9.36875,68.6010172917081,0.0,0.1411,0.0106,0.0,0.13,0.835,85.94,0.0,0.22,0.0526,0.414,8.62115552,88.97744,10337.15,586.2,6.739310344827586,76.49333459359629,0.142192,0.1881,0.0853,0.1646,0.43,0.67,12107.42,1.0,0.0557,0.07788577004828677,0.8568642974294167,25.306952794392902,47.515193939208984,54.170677,20.95688,0.4684161,,,,,,,0.2319248467683792,/scicore/home/schwede/barta0000/germinal_ds/templates_target_shuffle/nb_s938027_mpnn_3_IL3/chai_no_constraints/seed_1509/pred.model_idx_2.cif,0.2692006230354309,/scicore/home/schwede/barta0000/germinal_ds/templates_target_shuffle/nb_s938027_mpnn_3_IL3/chai_with_constraints/seed_2479/pred.model_idx_1.cif,0.2319248467683792,0.5855046510696411,0.14352989196777344,"[[0.9192464351654053, 0.3208808898925781]]","[[[0.9192464351654053, 0.14352989196777344], [0.13056865334510803, 0.3208808898925781]]]",0.14352989196777344,0.005537,0.0525,0.011,0.0,0.2692006230354309,0.6120806932449341,0.18348060548305511,"[[0.9222624897956848, 0.32074475288391113]]","[[[0.9222624897956848, 0.181837260723114], [0.18348060548305511, 0.32074475288391113]]]",0.181837260723114,0.060747,0.0617,0.0174,0.1507,0.8557084202766418,0.9016153812408447,0.8414653539657593,0.8592691421508789,0.8036566376686096,0.39074116945266724,1.2256063222885132,0.8414653539657593,/scicore/home/schwede/barta0000/germinal_ds/templates_target_shuffle/nb_s938027_mpnn_3_IL3/boltz_free/output/boltz_results_nb_s938027_mpnn_3_IL3/predictions/nb_s938027_mpnn_3_IL3/nb_s938027_mpnn_3_IL3_model_0.cif,0.61377,0.2234,0.3518,0.5894,0.8596715331077576,0.8294248580932617,0.6969882845878601,0.9003422856330872,0.8458557724952698,0.5893934369087219,4.534072399139404,0.6969882845878601,/scicore/home/schwede/barta0000/germinal_ds/templates_target_shuffle/nb_s938027_mpnn_3_IL3/boltz_with_template/output/boltz_results_nb_s938027_mpnn_3_IL3/predictions/nb_s938027_mpnn_3_IL3/nb_s938027_mpnn_3_IL3_model_0.cif,0.29485,0.2666,0.1373,0.3239,4.75101633866628,5.88470458984375,3.61732808748881,0.2587813646036804,0.2200227132136793,1.5140244960784912,1.2404025793075562,1.7876464128494265,4.353586395581563,5.464842319488525,3.242330471674601,0.2286860804898148,0.2215346209993088,1.507176399230957,1.3031837940216064,1.7111690044403076,4.551981329917908,5.481906255086263,3.622056404749552,0.2471080343337547,0.2464953959250102,1.4004119634628296,1.2442452907562256,1.5565786361694336,4.772078951199849,6.033914089202881,3.510243813196818,0.2510767108537849,0.2297927328172255,1.4705775380134585,1.1885225772857666,1.75263249874115,4.179521163304647,5.811056454976399,2.547985871632894,0.2099901235641305,0.1622142405936395,1.8188373446464536,1.2692469358444214,2.3684277534484863,4.244201103846232,5.988419055938721,2.499983151753744,0.1813616174006032,0.1837081162868941,1.6944071054458618,1.218876838684082,2.1699373722076416,4.380875428517659,5.821067810058594,2.940683046976725,0.2296897893649203,0.1555397566219575,1.860853910446167,1.2847023010253906,2.437005519866944
nb_s607831_mpnn_3_PDL1,False,"A,B",12.037947978422261,81.50098204857446,170.17,10.83,7.051851851851852,65.9425033149771,0.026231,0.1291,0.0176,0.0387,0.22,0.85,-82.15,0.0,0.29,0.3551,3.018,8.54561252648258,89.83569620253165,29731.88,1223.81,3.4553571428571423,73.4956657409668,0.094826,0.1999,0.0433,0.1397,0.32,0.65,31110.03,1.0,0.0211,0.13444568753668587,0.8412346136564013,,,65.92579,17.805695,0.47516632,,,,,,,0.39885640144348145,/scicore/home/schwede/barta0000/germinal_ds/templates_target_shuffle/nb_s607831_mpnn_3_PDL1/chai_no_constraints/seed_2091/pred.model_idx_0.cif,0.5181789994239807,/scicore/home/schwede/barta0000/germinal_ds/templates_target_shuffle/nb_s607831_mpnn_3_PDL1/chai_with_constraints/seed_1824/pred.model_idx_3.cif,0.39885640144348145,0.7136285901069641,0.3201633095741272,"[[0.9036945104598999, 0.8822318911552429]]","[[[0.9036945104598999, 0.3201633095741272], [0.30447614192962646, 0.8822318911552429]]]",0.3201633095741272,0.181609,0.0656,0.0261,0.1571,0.5181789994239807,0.7693340182304382,0.45539021492004395,"[[0.8859382271766663, 0.8826196193695068]]","[[[0.8859382271766663, 0.45008787512779236], [0.45539021492004395, 0.8826196193695068]]]",0.45008787512779236,0.350293,0.1866,0.1278,0.4024,0.8060159683227539,0.8511600494384766,0.7194382548332214,0.8276604413986206,0.7439940571784973,0.4780034124851227,2.8121626377105713,0.7046714425086975,/scicore/home/schwede/barta0000/germinal_ds/templates_target_shuffle/nb_s607831_mpnn_3_PDL1/boltz_free/output/boltz_results_nb_s607831_mpnn_3_PDL1/predictions/nb_s607831_mpnn_3_PDL1/nb_s607831_mpnn_3_PDL1_model_0.cif,0.307925,0.1758,0.0978,0.3605,0.7956864237785339,0.7244157195091248,0.48824524879455566,0.8725467324256897,0.8014870882034302,0.9480292797088623,8.490248680114746,0.48824524879455566,/scicore/home/schwede/barta0000/germinal_ds/templates_target_shuffle/nb_s607831_mpnn_3_PDL1/boltz_with_template/output/boltz_results_nb_s607831_mpnn_3_PDL1/predictions/nb_s607831_mpnn_3_PDL1/nb_s607831_mpnn_3_PDL1_model_0.cif,0.10596,0.237,0.0271,0.077,4.623803853988648,4.679517904917399,4.568089803059896,0.1388817666904213,0.2335540318577141,1.4543418288230896,1.3677202463150024,1.5409634113311768,4.569278717041016,4.562126318613688,4.576431115468343,0.1235674338503376,0.1883799925978417,1.6692941188812256,1.5770519971847534,1.7615362405776978,4.592273632685343,4.44506820042928,4.739479064941406,0.1105878971013424,0.2051776084997317,1.583879292011261,1.4869201183319092,1.6808384656906128,4.700205008188884,4.815972487131755,4.584437529246013,0.1175636628421287,0.2170922849161484,1.5274327397346497,1.4570293426513672,1.597836136817932,4.699671030044556,4.953294595082601,4.446047465006511,0.1257801263148972,0.2083045149396767,1.568754255771637,1.3985620737075806,1.7389464378356934,4.445218960444133,4.596453348795573,4.293984572092692,0.1122936960480804,0.2247200586691048,1.4928998351097107,1.3670647144317627,1.6187349557876587,4.722373167673746,4.835751851399739,4.608994483947754,0.1083758934244311,0.1977998278514429,1.6204997301101685,1.618729829788208,1.622269630432129
nb_s80385_mpnn_2_PDL1,False,"A,B",10.329918638394844,80.0406780565937,88.0,4.44,8.175675675675675,64.0598492678901,0.082386,0.1601,0.0245,0.1573,0.3,0.8300000000000001,-108.95,0.0,0.36,0.9773,0.238,3.765970909220388,94.50367088607595,3694.19,306.55,3.3142682926829266,91.290975989365,0.630973,0.5184,0.6907,0.6021,0.79,0.87,2007.4,1.0,0.9179,0.29892940169639676,0.8428353292166068,,,68.00096,17.749008,0.4855569,,,,,,,0.347866952419281,/scicore/home/schwede/barta0000/germinal_ds/templates_target_shuffle/nb_s80385_mpnn_2_PDL1/chai_no_constraints/seed_1848/pred.model_idx_4.cif,0.46944892406463623,/scicore/home/schwede/barta0000/germinal_ds/templates_target_shuffle/nb_s80385_mpnn_2_PDL1/chai_with_constraints/seed_1115/pred.model_idx_0.cif,0.347866952419281,0.6535142660140991,0.2714551091194153,"[[0.8666792511940002, 0.8737021684646606]]","[[[0.8666792511940002, 0.2714551091194153], [0.24651196599006653, 0.8737021684646606]]]",0.2714551091194153,0.088867,0.134,0.0152,0.0543,0.46944892406463623,0.7267648577690125,0.405119925737381,"[[0.8726030588150024, 0.8665340542793274]]","[[[0.8726030588150024, 0.3875606656074524], [0.405119925737381, 0.8665340542793274]]]",0.3875606656074524,0.243715,0.1919,0.0596,0.2818,0.8241444826126099,0.8359890580177307,0.7111087441444397,0.8524034023284912,0.7995992302894592,0.5525286793708801,3.2009775638580322,0.7036754488945007,/scicore/home/schwede/barta0000/germinal_ds/templates_target_shuffle/nb_s80385_mpnn_2_PDL1/boltz_free/output/boltz_results_nb_s80385_mpnn_2_PDL1/predictions/nb_s80385_mpnn_2_PDL1/nb_s80385_mpnn_2_PDL1_model_0.cif,0.301243,0.1644,0.1389,0.3454,0.7994157075881958,0.7624045014381409,0.5545371174812317,0.8606353402137756,0.8134692311286926,0.8107144236564636,7.056139945983887,0.5236336588859558,/scicore/home/schwede/barta0000/germinal_ds/templates_target_shuffle/nb_s80385_mpnn_2_PDL1/boltz_with_template/output/boltz_results_nb_s80385_mpnn_2_PDL1/predictions/nb_s80385_mpnn_2_PDL1/nb_s80385_mpnn_2_PDL1_model_0.cif,0.141839,0.1902,0.0502,0.1234,4.245988408724467,3.955910285313924,4.53606653213501,0.1039180544567266,0.2448973632049524,1.406916081905365,1.3518145084381104,1.4620176553726196,4.251404444376628,3.85743792851766,4.645370960235596,0.1095780725058839,0.2155958004939396,1.5343499183654783,1.3618403673171997,1.706859469413757,4.260606209437052,3.816681385040283,4.704531033833821,0.1053447917987779,0.2267650626905591,1.4838407635688782,1.3050333261489868,1.6626482009887695,4.377815643946329,4.254605770111084,4.501025517781575,0.1182641674395426,0.2509254007459656,1.3825995922088623,1.3135701417922974,1.4516290426254272,4.091845472653707,3.7060428460439048,4.477648099263509,0.136258846400476,0.2159240851746746,1.5328283905982971,1.395782470703125,1.6698743104934692,4.0255651871363325,3.5369156996409097,4.514214674631755,0.1546360826652545,0.2204143812650965,1.5122459530830383,1.4095079898834229,1.6149839162826538,4.352478504180908,4.222688992818196,4.48226801554362,0.0760571763581437,0.2021765933447402,1.598613739013672,1.5037755966186523,1.6934518814086914
nb_s802159_mpnn_2_PDL1,False,"A,B",5.823942032081753,87.33395174262735,99.85,7.66,5.0534482758620705,82.19910788568508,0.520334,0.2224,0.4459,0.3882,0.77,0.855,-89.75,0.0,0.77,0.9961,3.565,5.851852445299008,90.68481012658228,2762.48,227.83,5.1885,84.59428446633476,0.461977,0.209,0.4308,0.3405,0.74,0.75,946.65,1.0,0.9957,0.4947325211238963,0.8901283858610244,19.11903738975525,50.058250427246094,67.309006,16.035158,0.52221537,,,,,,,0.7227157354354858,/scicore/home/schwede/barta0000/germinal_ds/templates_target_shuffle/nb_s802159_mpnn_2_PDL1/chai_no_constraints/seed_1838/pred.model_idx_1.cif,0.44242334365844727,/scicore/home/schwede/barta0000/germinal_ds/templates_target_shuffle/nb_s802159_mpnn_2_PDL1/chai_with_constraints/seed_3157/pred.model_idx_2.cif,0.7227157354354858,0.8409256935119629,0.6931632161140442,"[[0.925972044467926, 0.8919700980186462]]","[[[0.925972044467926, 0.6931632161140442], [0.6644908785820007, 0.8919700980186462]]]",0.6931632161140442,0.599623,0.1919,0.4065,0.5368,0.44242334365844727,0.7394261360168457,0.36817264556884766,"[[0.9122778177261353, 0.8826005458831787]]","[[[0.9122778177261353, 0.3598986268043518], [0.36817264556884766, 0.8826005458831787]]]",0.3598986268043518,0.252878,0.076,0.1096,0.2941,0.797256588935852,0.7744656205177307,0.563508927822113,0.8556934595108032,0.7722703218460083,0.5615230202674866,3.4695489406585693,0.5420843362808228,/scicore/home/schwede/barta0000/germinal_ds/templates_target_shuffle/nb_s802159_mpnn_2_PDL1/boltz_free/output/boltz_results_nb_s802159_mpnn_2_PDL1/predictions/nb_s802159_mpnn_2_PDL1/nb_s802159_mpnn_2_PDL1_model_0.cif,0.183917,0.1268,0.0616,0.1957,0.8056061863899231,0.7365504503250122,0.537879467010498,0.8725378513336182,0.7904373407363892,0.6065688133239746,4.52763032913208,0.537879467010498,/scicore/home/schwede/barta0000/germinal_ds/templates_target_shuffle/nb_s802159_mpnn_2_PDL1/boltz_with_template/output/boltz_results_nb_s802159_mpnn_2_PDL1/predictions/nb_s802159_mpnn_2_PDL1/nb_s802159_mpnn_2_PDL1_model_0.cif,0.205192,0.1519,0.0871,0.1969,4.6816963354746495,4.934480985005696,4.428911685943604,0.1593478414966915,0.2497046984658136,1.3874762654304504,1.3067002296447754,1.4682523012161257,4.981323401133219,5.305906772613525,4.656740029652913,0.1508433839188575,0.2266775348293318,1.4842268228530884,1.4419469833374023,1.5265066623687744,5.031953414281209,5.458772977193196,4.605133851369222,0.1458970188821697,0.2232686119592774,1.4993796944618225,1.4258649349212646,1.5728944540023804,4.931636969248454,5.270017782847087,4.593256155649821,0.193037297149724,0.2497824474004935,1.3871649503707886,1.3328099250793457,1.4415199756622314,4.897423346837362,5.34051529566447,4.454331398010254,0.1506064989723103,0.2261511895181304,1.4865515232086182,1.3074910640716553,1.665611982345581,4.921701987584432,5.461094220479329,4.382309754689534,0.1558135506834612,0.2576082355990584,1.3563153147697449,1.217519760131836,1.4951108694076538,4.876737276713053,5.148001988728841,4.605472564697266,0.1398848086595659,0.2176099589674331,1.5250509977340698,1.425856590270996,1.6242454051971436
nb_s148672_mpnn_1_BHRF,False,"A,B",13.072523630401234,79.76265789473683,285.82,15.38,13.473333333333331,61.36054443047822,0.010064,0.0776,0.0181,0.0557,0.23,0.835,20.01,0.0,0.3,0.0924,0.309,5.952718098958333,90.99868055555557,10120.87,437.65,4.661499999999999,82.40428728376116,0.33229,0.2479,0.3411,0.3221,0.62,0.8,23046.48,1.0,0.013,0.09287517634067888,0.8399400132678009,20.30146672990587,44.49344253540039,72.00146,16.622803,0.5260928,,,,,,,0.4659959077835083,/scicore/home/schwede/barta0000/germinal_ds/templates_target_shuffle/nb_s148672_mpnn_1_BHRF/chai_no_constraints/seed_3293/pred.model_idx_3.cif,0.6541659235954285,/scicore/home/schwede/barta0000/germinal_ds/templates_target_shuffle/nb_s148672_mpnn_1_BHRF/chai_with_constraints/seed_2007/pred.model_idx_1.cif,0.4659959077835083,0.7535468935966492,0.3941081464290619,"[[0.8770952224731445, 0.9160919785499573]]","[[[0.8770952224731445, 0.3941081464290619], [0.3875734508037567, 0.9160919785499573]]]",0.3941081464290619,0.258917,0.1523,0.1034,0.2437,0.6541659235954285,0.8499166965484619,0.6052281856536865,"[[0.8879285454750061, 0.926708459854126]]","[[[0.8879285454750061, 0.55723637342453], [0.6052281856536865, 0.926708459854126]]]",0.55723637342453,0.498296,0.2445,0.388,0.4352,0.8917312622070312,0.9177780151367188,0.8555307388305664,0.9007813930511475,0.8554023504257202,0.37741324305534363,1.1271971464157104,0.8555307388305664,/scicore/home/schwede/barta0000/germinal_ds/templates_target_shuffle/nb_s148672_mpnn_1_BHRF/boltz_free/output/boltz_results_nb_s148672_mpnn_1_BHRF/predictions/nb_s148672_mpnn_1_BHRF/nb_s148672_mpnn_1_BHRF_model_0.cif,0.700671,0.2931,0.5013,0.61,0.8857168555259705,0.8597995638847351,0.7488380074501038,0.91993647813797,0.8852448463439941,0.5440995693206787,3.1863107681274414,0.7488380074501038,/scicore/home/schwede/barta0000/germinal_ds/templates_target_shuffle/nb_s148672_mpnn_1_BHRF/boltz_with_template/output/boltz_results_nb_s148672_mpnn_1_BHRF/predictions/nb_s148672_mpnn_1_BHRF/nb_s148672_mpnn_1_BHRF_model_0.cif,0.412372,0.3483,0.3347,0.4164,4.998321930567423,4.959486802419026,5.03715705871582,0.1244765384979776,0.2192211704432191,1.5176741480827332,1.3706207275390625,1.6647275686264038,4.6082158883412685,4.497541904449463,4.718889872233073,0.1809965189689609,0.2076777606554357,1.5717676281929016,1.3392199277877808,1.8043153285980225,4.657684405644734,4.503336747487386,4.812032063802083,0.1601181793692837,0.2123192334915087,1.549664318561554,1.327108383178711,1.772220253944397,5.092310667037964,5.041029135386149,5.143592198689778,0.1516706480792841,0.2220493878702746,1.504855453968048,1.3552370071411133,1.654473900794983,4.6890549659729,4.417819499969482,4.960290431976318,0.1661380477104166,0.2254200240317884,1.4897898435592651,1.340651273727417,1.6389284133911133,4.652679045995077,4.42372465133667,4.881633440653483,0.166373342553702,0.2102962649522281,1.5592379570007324,1.3871673345565796,1.7313085794448853,4.614839116732279,4.05372150739034,5.175956726074219,0.1511526836217185,0.1976150856645346,1.6214341521263125,1.5589888095855713,1.6838794946670532
nb_s648756_mpnn_3_IL20,False,"A,B",12.61980612244898,80.38183243727599,110.89,8.43,6.576470588235295,67.30427020937101,0.032851,0.077,0.0161,0.0226,0.33,0.85,-10.65,0.0,0.39,0.9872,0.97,6.101078954081633,91.84092857142856,20134.53,973.89,4.499473684210526,80.19857006981259,0.298602,0.1141,0.2182,0.2922,0.59,0.78,87092.66,1.0,0.0448,0.0910892533980495,0.8551888938723532,13.444598078727722,68.3670654296875,73.5014,14.382227,0.56197035,,,,,,,0.32689961791038513,/scicore/home/schwede/barta0000/germinal_ds/templates_target_shuffle/nb_s648756_mpnn_3_IL20/chai_no_constraints/seed_2059/pred.model_idx_1.cif,0.4725550413131714,/scicore/home/schwede/barta0000/germinal_ds/templates_target_shuffle/nb_s648756_mpnn_3_IL20/chai_with_constraints/seed_1541/pred.model_idx_0.cif,0.32689961791038513,0.6220741271972656,0.2531059980392456,"[[0.9023152589797974, 0.8945649862289429]]","[[[0.9023152589797974, 0.2531059980392456], [0.20258817076683044, 0.8945649862289429]]]",0.2531059980392456,0.073665,0.1284,0.0131,0.0225,0.4725550413131714,0.7067097425460815,0.41401633620262146,"[[0.9005883932113647, 0.8819549679756165]]","[[[0.9005883932113647, 0.41401633620262146], [0.383779376745224, 0.8819549679756165]]]",0.41401633620262146,0.223871,0.0942,0.0346,0.1697,0.5718938112258911,0.5851602554321289,0.26613450050354004,0.6483336091041565,0.5616642236709595,1.319541335105896,7.018981456756592,0.22187545895576477,/scicore/home/schwede/barta0000/germinal_ds/templates_target_shuffle/nb_s648756_mpnn_3_IL20/boltz_free/output/boltz_results_nb_s648756_mpnn_3_IL20/predictions/nb_s648756_mpnn_3_IL20/nb_s648756_mpnn_3_IL20_model_0.cif,0.034918,0.0358,0.0111,0.0533,0.8371046185493469,0.8488973379135132,0.742379367351532,0.860785961151123,0.8198642730712891,0.5432116985321045,2.2776851654052734,0.7367605566978455,/scicore/home/schwede/barta0000/germinal_ds/templates_target_shuffle/nb_s648756_mpnn_3_IL20/boltz_with_template/output/boltz_results_nb_s648756_mpnn_3_IL20/predictions/nb_s648756_mpnn_3_IL20/nb_s648756_mpnn_3_IL20_model_0.cif,0.490005,0.2541,0.3046,0.4464,4.715777556101481,5.311587492624919,4.119967619578044,0.1313892521546048,0.2170995183337188,1.5273994207382202,1.3013668060302734,1.753432035446167,4.082205692927043,4.980206489562988,3.184204896291097,0.1499943195143081,0.1413952063631155,1.956196427345276,1.475127935409546,2.437264919281006,4.0118443965911865,5.082833449045817,2.940855344136556,0.0808946734451812,0.1677459468004722,1.7853046655654907,1.2941627502441406,2.276446580886841,4.853585799535116,5.466401259104411,4.24077033996582,0.1209783890060014,0.2127182978670671,1.54778653383255,1.323455810546875,1.772117257118225,4.665054837862651,5.383122444152832,3.946987231572469,0.0976544860689058,0.2065049114245719,1.577431082725525,1.2996110916137695,1.8552510738372805,4.46002749602,5.033600012461345,3.886454979578654,0.0964576253055373,0.1847870959918153,1.6885509490966797,1.4845199584960938,1.8925819396972656,4.596524794896444,4.9343342781066895,4.258715311686198,0.1125967599396325,0.1816773956612025,1.7055227160453796,1.5266484022140503,1.884397029876709
nb_s923023_mpnn_1_PDL1,False,"A,B",11.227600633801563,83.16199034334764,123.04,11.13,3.999999999999999,71.17643796343953,0.032261,0.0597,0.0243,0.1041,0.24,0.845,-135.38,0.0,0.31,0.5593,0.433,4.664104755292065,94.77101265822786,4985.83,444.87,1.7763333333333333,91.42470595415901,0.389968,0.1288,0.5328,0.4418,0.64,0.81,2386.64,1.0,0.0543,0.11004660827369186,0.8533514503844836,21.764473915100098,52.56398391723633,66.95702,17.552366,0.48648703,,,,,,,0.3326665759086609,/scicore/home/schwede/barta0000/germinal_ds/templates_target_shuffle/nb_s923023_mpnn_1_PDL1/chai_no_constraints/seed_1794/pred.model_idx_4.cif,0.4376537799835205,/scicore/home/schwede/barta0000/germinal_ds/templates_target_shuffle/nb_s923023_mpnn_1_PDL1/chai_with_constraints/seed_1436/pred.model_idx_4.cif,0.3326665759086609,0.6804096102714539,0.24573080241680145,"[[0.9330185651779175, 0.8786030411720276]]","[[[0.9330185651779175, 0.24573080241680145], [0.22211045026779175, 0.8786030411720276]]]",0.24573080241680145,0.112098,0.068,0.0185,0.0826,0.4376537799835205,0.7454183101654053,0.3607126474380493,"[[0.9333374500274658, 0.8870302438735962]]","[[[0.9333374500274658, 0.3607126474380493], [0.3549571633338928, 0.8870302438735962]]]",0.3607126474380493,0.232621,0.0617,0.0989,0.263,0.8562410473823547,0.8478066325187683,0.734955906867981,0.8865622878074646,0.8370853662490845,0.4169136881828308,2.160158634185791,0.70319002866745,/scicore/home/schwede/barta0000/germinal_ds/templates_target_shuffle/nb_s923023_mpnn_1_PDL1/boltz_free/output/boltz_results_nb_s923023_mpnn_1_PDL1/predictions/nb_s923023_mpnn_1_PDL1/nb_s923023_mpnn_1_PDL1_model_0.cif,0.371027,0.1434,0.2565,0.4,0.8730525970458984,0.8492997288703918,0.710679829120636,0.9136458039283752,0.8775482773780823,0.4375690221786499,2.8124918937683105,0.7051879167556763,/scicore/home/schwede/barta0000/germinal_ds/templates_target_shuffle/nb_s923023_mpnn_1_PDL1/boltz_with_template/output/boltz_results_nb_s923023_mpnn_1_PDL1/predictions/nb_s923023_mpnn_1_PDL1/nb_s923023_mpnn_1_PDL1_model_0.cif,0.370029,0.1877,0.3441,0.4175,4.645772139231363,4.871867974599202,4.419676303863525,0.1393817366858932,0.2689622613188003,1.3131842017173767,1.1098908185958862,1.5164775848388672,4.388753890991211,4.204011599222819,4.573496182759603,0.0989750657377499,0.2523411515582269,1.3769733309745789,1.2860946655273438,1.467851996421814,4.313886761665344,4.068585316340129,4.55918820699056,0.115652886833113,0.2517360236591443,1.3793742656707764,1.2144370079040527,1.5443115234375,4.821367979049683,5.044470469156901,4.598265488942464,0.1601475961236986,0.2743677535330797,1.29328590631485,1.1244454383850098,1.46212637424469,4.788385232289632,5.128941377003987,4.447829087575276,0.1815271197256878,0.2404089930911721,1.4254136681556702,1.2233103513717651,1.6275169849395752,4.799342075983683,5.216264565785726,4.382419586181641,0.1351533242674383,0.2375877502893053,1.4372182488441467,1.223616361618042,1.6508201360702517,4.550405343373616,4.644410928090413,4.456399758656819,0.098322329278313,0.2256462398250344,1.4887868165969849,1.3065427541732788,1.671030879020691
nb_s814263_mpnn_3_PDL1,False,"A,B",8.338170521105948,84.94978121664889,46.71,4.13,5.004761904761905,72.22307915921208,0.141756,0.0817,0.1116,0.1493,0.48,0.85,-87.16,0.0,0.52,0.0494,0.806,4.456578717798075,93.67232067510547,6828.79,602.84,3.6768,89.45000060399373,0.5876,0.1338,0.7056,0.5704,0.77,0.84,3193.28,1.0,0.002,0.22773875322251708,0.8575545462144499,,,66.682846,17.716393,0.47916555,,,,,,,0.32358673214912415,/scicore/home/schwede/barta0000/germinal_ds/templates_target_shuffle/nb_s814263_mpnn_3_PDL1/chai_no_constraints/seed_1015/pred.model_idx_1.cif,0.5072380304336548,/scicore/home/schwede/barta0000/germinal_ds/templates_target_shuffle/nb_s814263_mpnn_3_PDL1/chai_with_constraints/seed_1160/pred.model_idx_2.cif,0.32358673214912415,0.6561983823776245,0.24043381214141846,"[[0.8754222989082336, 0.8809908628463745]]","[[[0.8754222989082336, 0.24043381214141846], [0.22271955013275146, 0.8809908628463745]]]",0.24043381214141846,0.113036,0.0626,0.0161,0.0926,0.5072380304336548,0.764733612537384,0.44286414980888367,"[[0.909910261631012, 0.8829303979873657]]","[[[0.909910261631012, 0.41199201345443726], [0.44286414980888367, 0.8829303979873657]]]",0.41199201345443726,0.339674,0.084,0.1576,0.3696,0.7986608743667603,0.7554271817207336,0.5351660251617432,0.8645345568656921,0.7738721966743469,0.5656558871269226,3.773226499557495,0.5237745046615601,/scicore/home/schwede/barta0000/germinal_ds/templates_target_shuffle/nb_s814263_mpnn_3_PDL1/boltz_free/output/boltz_results_nb_s814263_mpnn_3_PDL1/predictions/nb_s814263_mpnn_3_PDL1/nb_s814263_mpnn_3_PDL1_model_0.cif,0.161059,0.0935,0.0541,0.1741,0.8187133073806763,0.7676926851272583,0.5719572901725769,0.8804022669792175,0.8142148852348328,0.6295347809791565,5.06019926071167,0.5719572901725769,/scicore/home/schwede/barta0000/germinal_ds/templates_target_shuffle/nb_s814263_mpnn_3_PDL1/boltz_with_template/output/boltz_results_nb_s814263_mpnn_3_PDL1/predictions/nb_s814263_mpnn_3_PDL1/nb_s814263_mpnn_3_PDL1_model_0.cif,0.185916,0.1418,0.0777,0.1796,4.809914827346802,5.125297387440999,4.4945322672526045,0.1593713417568287,0.2324209548269712,1.4592050909996033,1.4341784715652466,1.48423171043396,4.659088214238485,4.83991813659668,4.47825829188029,0.1523327366129215,0.2467491444165432,1.3993830680847168,1.2340302467346191,1.5647358894348145,4.762050787607828,4.844582557678223,4.679519017537435,0.1754937079445312,0.2591134715428388,1.3504891991615295,1.2426122426986694,1.4583661556243896,4.883536497751871,5.2010674476623535,4.56600554784139,0.1636834675821816,0.235858461304498,1.4445233941078186,1.441047430038452,1.447999358177185,4.802224159240723,5.205836931864421,4.398611386617024,0.1623729121736125,0.2356366560336426,1.445464253425598,1.3087735176086426,1.5821549892425537,4.884063879648844,5.280741691589356,4.487386067708333,0.1742446528490267,0.2176286892683264,1.5249649286270142,1.4550950527191162,1.594834804534912,4.89892315864563,5.296464284261067,4.501382033030192,0.1104723136053499,0.2128831252799491,1.5470119714736938,1.4134533405303955,1.6805706024169922
nb_s877334_mpnn_1_IL20,False,"A,B",13.154367346938775,79.69657645466847,184.01,15.16,10.55,62.58890146089397,0.006458,0.0426,0.0175,0.0321,0.2,0.835,102.68,0.0,0.27,0.9823,0.395,6.209260841836734,92.40425,1602.51,85.25,4.446363636363636,82.77333354949951,0.272629,0.1046,0.2775,0.2642,0.54,0.76,2462.69,1.0,0.979,0.1407035905794085,0.8904895100171949,7.339418252309163,69.72085571289062,74.25901,12.376509,0.6227207,,,,,,,0.34609758853912354,/scicore/home/schwede/barta0000/germinal_ds/templates_target_shuffle/nb_s877334_mpnn_1_IL20/chai_no_constraints/seed_3191/pred.model_idx_0.cif,0.33859193325042725,/scicore/home/schwede/barta0000/germinal_ds/templates_target_shuffle/nb_s877334_mpnn_1_IL20/chai_with_constraints/seed_1781/pred.model_idx_3.cif,0.34609758853912354,0.643518328666687,0.2717423737049103,"[[0.8863030076026917, 0.8920926451683044]]","[[[0.8863030076026917, 0.2704426348209381], [0.2717423737049103, 0.8920926451683044]]]",0.2704426348209381,0.094328,0.0792,0.0171,0.0347,0.33859193325042725,0.6444526314735413,0.26212674379348755,"[[0.87212073802948, 0.886790931224823]]","[[[0.87212073802948, 0.26212674379348755], [0.22045156359672546, 0.886790931224823]]]",0.26212674379348755,0.133178,0.0586,0.0231,0.1145,0.6388866305351257,0.7302422523498535,0.6019318103790283,0.6481253504753113,0.5687845945358276,1.0675749778747559,4.762876033782959,0.6019318103790283,/scicore/home/schwede/barta0000/germinal_ds/templates_target_shuffle/nb_s877334_mpnn_1_IL20/boltz_free/output/boltz_results_nb_s877334_mpnn_1_IL20/predictions/nb_s877334_mpnn_1_IL20/nb_s877334_mpnn_1_IL20_model_0.cif,0.20632,0.0367,0.0239,0.1791,0.8576557040214539,0.8489918112754822,0.7961472272872925,0.873032808303833,0.8151108622550964,0.5492841601371765,1.787014365196228,0.7961472272872925,/scicore/home/schwede/barta0000/germinal_ds/templates_target_shuffle/nb_s877334_mpnn_1_IL20/boltz_with_template/output/boltz_results_nb_s877334_mpnn_1_IL20/predictions/nb_s877334_mpnn_1_IL20/nb_s877334_mpnn_1_IL20_model_0.cif,0.600052,0.1561,0.3029,0.4699,4.775727113087973,5.392814636230469,4.158639589945476,0.1864108398320307,0.2317357678970812,1.4621574878692627,1.1679391860961914,1.756375789642334,4.25614054997762,5.073194821675618,3.4390862782796225,0.1956829399420804,0.1822643431655294,1.7022972106933594,1.298163652420044,2.106430768966675,4.207123279571533,4.982316017150879,3.4319305419921875,0.1889645014120392,0.1906834732406055,1.6571404337882996,1.1657503843307495,2.1485304832458496,4.888692776362101,5.628856976826985,4.148528575897217,0.1727534161074826,0.2260534022432132,1.4869840145111084,1.2136298418045044,1.7603381872177124,4.703634818394979,5.288800398508708,4.11846923828125,0.205641130495175,0.2063395616854537,1.5782321095466614,1.3021948337554932,1.8542693853378296,4.660327792167664,5.375508149464925,3.945147434870402,0.1968449392421953,0.2094794066046467,1.5631298422813416,1.245887041091919,1.880372643470764,4.859959522883098,5.487524668375651,4.232394377390544,0.2149589558854372,0.1911191256682878,1.6548583507537842,1.368799924850464,1.9409167766571045
nb_s913468_mpnn_2_BHRF,False,"A,B",13.993852478780866,79.13340868794326,308.31,21.34,12.539999999999997,65.29564642718934,0.005696,0.0958,0.0139,0.0,0.23,0.825,84.97,0.0,0.3,0.0742,0.356,5.985948471257716,89.15815972222222,14610.53,660.7,6.150172413793104,80.14481495044849,0.491051,0.1887,0.2953,0.4079,0.7,0.82,13423.62,1.0,0.4585,0.08804260382940148,0.8123921988032705,17.41062207655473,66.51017761230469,74.38642,15.425759,0.54918164,,,,,,,0.3123163878917694,/scicore/home/schwede/barta0000/germinal_ds/templates_target_shuffle/nb_s913468_mpnn_2_BHRF/chai_no_constraints/seed_4267/pred.model_idx_3.cif,0.4744977355003357,/scicore/home/schwede/barta0000/germinal_ds/templates_target_shuffle/nb_s913468_mpnn_2_BHRF/chai_with_constraints/seed_178/pred.model_idx_3.cif,0.3123163878917694,0.6372114419937134,0.23109261691570282,"[[0.9154026508331299, 0.9093108177185059]]","[[[0.9154026508331299, 0.23109261691570282], [0.17782911658287048, 0.9093108177185059]]]",0.23109261691570282,0.067669,0.1142,0.0153,0.024,0.4744977355003357,0.7475106120109558,0.40624451637268066,"[[0.9063287377357483, 0.9048691391944885]]","[[[0.9063287377357483, 0.40624451637268066], [0.37686002254486084, 0.9048691391944885]]]",0.40624451637268066,0.282652,0.1679,0.0969,0.251,0.800561249256134,0.6992465853691101,0.44328632950782776,0.8898799419403076,0.7857065796852112,0.692965030670166,6.5056681632995605,0.4006633460521698,/scicore/home/schwede/barta0000/germinal_ds/templates_target_shuffle/nb_s913468_mpnn_2_BHRF/boltz_free/output/boltz_results_nb_s913468_mpnn_2_BHRF/predictions/nb_s913468_mpnn_2_BHRF/nb_s913468_mpnn_2_BHRF_model_0.cif,0.14158,0.1565,0.0245,0.0965,0.8395097851753235,0.7601841688156128,0.5606836676597595,0.9092163443565369,0.8315593004226685,0.7663087844848633,6.2827372550964355,0.5606836676597595,/scicore/home/schwede/barta0000/germinal_ds/templates_target_shuffle/nb_s913468_mpnn_2_BHRF/boltz_with_template/output/boltz_results_nb_s913468_mpnn_2_BHRF/predictions/nb_s913468_mpnn_2_BHRF/nb_s913468_mpnn_2_BHRF_model_0.cif,0.182671,0.2236,0.0589,0.1316,5.150659084320068,5.200558503468831,5.100759665171306,0.1513627382765713,0.2242446606496835,1.4950175881385803,1.2719523906707764,1.7180827856063845,5.17413886388143,5.494121074676514,4.854156653086345,0.2384368149395733,0.2041998825059381,1.588655948638916,1.383526086807251,1.793785810470581,5.0594593683878575,5.251850605010986,4.8670681317647295,0.2474838021076492,0.217396451553581,1.5260326266288755,1.342625379562378,1.7094398736953735,5.32110579808553,5.430908521016439,5.211303075154622,0.1780631764827364,0.2210260404459796,1.509474754333496,1.3596786260604858,1.6592708826065063,5.01421038309733,4.958883285522461,5.0695374806722,0.208646980242088,0.2291685735579832,1.4732974171638489,1.2886629104614258,1.657931923866272,4.976256370544434,4.857959747314453,5.094552993774414,0.1702931762711587,0.2440911131412256,1.4102137088775637,1.1498122215270996,1.6706151962280271,5.162560621897379,5.130784829457601,5.194336414337158,0.1131518929365053,0.2272172666311488,1.4818485975265503,1.2979516983032229,1.665745496749878
nb_s870461_mpnn_4_IL20,False,"A,B",10.767061224489796,81.92930285196923,50.99,2.9,8.060714285714285,71.33622678295391,0.086338,0.117,0.0336,0.0786,0.37,0.845,-117.99,0.0,0.43,0.0259,0.556,4.124438392857143,95.04996428571428,13662.01,912.4,3.154375,93.39911741368911,0.697205,0.2988,0.7975,0.5615,0.83,0.88,9437.55,1.0,0.0157,0.18676189649946628,0.8292585243701709,8.274225966135662,69.54432678222656,74.065,13.144998,0.602363,,,,,,,0.33347567915916443,/scicore/home/schwede/barta0000/germinal_ds/templates_target_shuffle/nb_s870461_mpnn_4_IL20/chai_no_constraints/seed_1235/pred.model_idx_4.cif,0.6014223694801331,/scicore/home/schwede/barta0000/germinal_ds/templates_target_shuffle/nb_s870461_mpnn_4_IL20/chai_with_constraints/seed_501/pred.model_idx_4.cif,0.33347567915916443,0.633797824382782,0.25839513540267944,"[[0.8943691849708557, 0.8938325643539429]]","[[[0.8943691849708557, 0.25839513540267944], [0.212668314576149, 0.8938325643539429]]]",0.25839513540267944,0.094131,0.162,0.0146,0.0286,0.6014223694801331,0.8024226427078247,0.5511722564697266,"[[0.87799072265625, 0.8950178623199463]]","[[[0.87799072265625, 0.546647310256958], [0.5511722564697266, 0.8950178623199463]]]",0.546647310256958,0.467125,0.2923,0.1704,0.437,0.6037928462028503,0.6684213280677795,0.41424325108528137,0.6511802077293396,0.5939452648162842,1.014275074005127,6.0452799797058105,0.40151721239089966,/scicore/home/schwede/barta0000/germinal_ds/templates_target_shuffle/nb_s870461_mpnn_4_IL20/boltz_free/output/boltz_results_nb_s870461_mpnn_4_IL20/predictions/nb_s870461_mpnn_4_IL20/nb_s870461_mpnn_4_IL20_model_0.cif,0.117563,0.0502,0.0148,0.0809,0.7902207970619202,0.7740333676338196,0.6201646327972412,0.8327348232269287,0.7747530341148376,0.7998408079147339,4.9954376220703125,0.6201646327972412,/scicore/home/schwede/barta0000/germinal_ds/templates_target_shuffle/nb_s870461_mpnn_4_IL20/boltz_with_template/output/boltz_results_nb_s870461_mpnn_4_IL20/predictions/nb_s870461_mpnn_4_IL20/nb_s870461_mpnn_4_IL20_model_0.cif,0.253214,0.1396,0.08,0.1942,4.501139084498088,5.067208766937256,3.93506940205892,0.086808714081205,0.2152231753456741,1.53607976436615,1.26542067527771,1.8067388534545896,4.181805849075317,5.235787232716878,3.1278244654337564,0.1458339202246663,0.1404029584367662,1.9632387161254885,1.388803243637085,2.537674188613892,4.133832971254985,5.130393981933594,3.1372719605763755,0.1762407985348698,0.1559728083793703,1.858073592185974,1.3032114505767822,2.412935733795166,4.590753396352133,5.16928768157959,4.012219111124675,0.1413150676608188,0.2261364971645746,1.4866164922714231,1.19471275806427,1.7785202264785769,4.07057249546051,4.203370253245036,3.937774737675985,0.1186587292119494,0.1866693014016915,1.678416669368744,1.5040404796600342,1.8527928590774536,4.575481653213501,5.072840054829915,4.078123251597087,0.116668233728108,0.2083752852676784,1.568414568901062,1.2905397415161133,1.8462893962860107,4.560908476511638,4.935827891031901,4.185989061991374,0.1313660876032057,0.1869178626709521,1.6770859956741333,1.4454401731491089,1.9087318181991575
nb_s299383_mpnn_3_IL3,False,"A,B",13.396632,78.63200506329113,1078.23,40.06,6.597272727272727,59.418485912827265,0.00591,0.1191,0.0132,0.0083,0.21,0.825,401.74,0.0,0.29,0.334,0.518,5.443652480000001,91.73344,5638.56,416.89,4.355,82.96697678676871,0.370005,0.4125,0.3459,0.3968,0.64,0.79,20967.46,1.0,0.6049,0.07668954521508178,0.8059328308138105,25.337908267974854,47.880645751953125,55.716454,20.575224,0.47960597,,,,,,,0.3022112250328064,/scicore/home/schwede/barta0000/germinal_ds/templates_target_shuffle/nb_s299383_mpnn_3_IL3/chai_no_constraints/seed_3740/pred.model_idx_1.cif,0.4127097725868225,/scicore/home/schwede/barta0000/germinal_ds/templates_target_shuffle/nb_s299383_mpnn_3_IL3/chai_with_constraints/seed_3754/pred.model_idx_2.cif,0.3022112250328064,0.6023600697517395,0.22717401385307312,"[[0.9297854900360107, 0.3138144910335541]]","[[[0.9297854900360107, 0.15978001058101654], [0.22717401385307312, 0.3138144910335541]]]",0.15978001058101654,0.006174,0.0421,0.013,0.0164,0.4127097725868225,0.6662895083427429,0.3493148386478424,"[[0.9230771064758301, 0.34743496775627136]]","[[[0.9230771064758301, 0.26793918013572693], [0.3493148386478424, 0.34743496775627136]]]",0.26793918013572693,0.153761,0.2003,0.0579,0.2296,0.8303055763244629,0.7669080495834351,0.6545013785362244,0.8742566108703613,0.8127722144126892,0.6142086386680603,4.628579616546631,0.6545013785362244,/scicore/home/schwede/barta0000/germinal_ds/templates_target_shuffle/nb_s299383_mpnn_3_IL3/boltz_free/output/boltz_results_nb_s299383_mpnn_3_IL3/predictions/nb_s299383_mpnn_3_IL3/nb_s299383_mpnn_3_IL3_model_0.cif,0.199823,0.2331,0.0752,0.1621,0.8225541114807129,0.7648512721061707,0.5755940675735474,0.8842940926551819,0.8074989914894104,0.73275226354599,5.398710250854492,0.5755940675735474,/scicore/home/schwede/barta0000/germinal_ds/templates_target_shuffle/nb_s299383_mpnn_3_IL3/boltz_with_template/output/boltz_results_nb_s299383_mpnn_3_IL3/predictions/nb_s299383_mpnn_3_IL3/nb_s299383_mpnn_3_IL3_model_0.cif,0.168179,0.2663,0.0674,0.1569,4.313546021779378,5.298076629638672,3.3290154139200845,0.162988986108876,0.2308030116331955,1.4661906957626345,1.2531476020812988,1.6792337894439695,4.208656867345175,5.27646271387736,3.1408510208129883,0.1607536617498691,0.1893332669513125,1.6642464995384216,1.304085373878479,2.0244076251983643,4.272273898124695,5.247625827789307,3.296921968460083,0.1672619759873524,0.2230719820108626,1.5002607703208923,1.2365176677703855,1.764003872871399,4.428744276364644,5.524916489919026,3.332572062810262,0.1499109120950879,0.2314198698874632,1.4635215997695925,1.2530455589294434,1.6739976406097412,3.7803410291671753,5.313660621643066,2.247021436691284,0.1232687717542917,0.1618115362358893,1.8213229775428768,1.3291279077529907,2.313518047332764,4.013811866442363,5.33366060256958,2.693963130315145,0.0967550357728365,0.1619656840010039,1.8203707933425903,1.3663678169250488,2.274373769760132,4.329960227012634,5.688858191172282,2.971062262852987,0.1023528740661704,0.1532649211457671,1.8755873441696167,1.3569135665893557,2.394261121749878
nb_s814263_mpnn_4_PDL1,False,"A,B",6.7280243550713035,86.487648,64.91,6.01,4.61578947368421,78.28643797711474,0.288761,0.114,0.3407,0.3096,0.61,0.86,-95.21,0.0,0.64,0.1465,0.711,4.323723584183447,94.92232067510547,977.35,62.74,2.5834782608695654,91.55909104780717,0.532794,0.1654,0.711,0.5285,0.75,0.84,572.6,1.0,0.0238,0.07254487609071784,0.8719783863436283,20.487881660461426,55.723289489746094,67.06028,17.748644,0.47636473,,,,,,,0.3250367343425751,/scicore/home/schwede/barta0000/germinal_ds/templates_target_shuffle/nb_s814263_mpnn_4_PDL1/chai_no_constraints/seed_4553/pred.model_idx_4.cif,0.5501484870910645,/scicore/home/schwede/barta0000/germinal_ds/templates_target_shuffle/nb_s814263_mpnn_4_PDL1/chai_with_constraints/seed_1683/pred.model_idx_3.cif,0.3250367343425751,0.6578611731529236,0.24183061718940735,"[[0.8807451725006104, 0.8790178894996643]]","[[[0.8807451725006104, 0.24183061718940735], [0.22093115746974945, 0.8790178894996643]]]",0.24183061718940735,0.114604,0.0579,0.0167,0.0917,0.5501484870910645,0.7679827809333801,0.49568986892700195,"[[0.8829195499420166, 0.8818988800048828]]","[[[0.8829195499420166, 0.487743079662323], [0.49568986892700195, 0.8818988800048828]]]",0.487743079662323,0.390565,0.1102,0.1221,0.4135,0.8404616713523865,0.8315029144287109,0.6999536752700806,0.875588595867157,0.7941957116127014,0.4643580913543701,2.168339490890503,0.6999536752700806,/scicore/home/schwede/barta0000/germinal_ds/templates_target_shuffle/nb_s814263_mpnn_4_PDL1/boltz_free/output/boltz_results_nb_s814263_mpnn_4_PDL1/predictions/nb_s814263_mpnn_4_PDL1/nb_s814263_mpnn_4_PDL1_model_0.cif,0.360822,0.1472,0.1816,0.3914,0.8830471038818359,0.8758718967437744,0.7866477370262146,0.9071469306945801,0.869550883769989,0.44340965151786804,2.3675286769866943,0.7866477370262146,/scicore/home/schwede/barta0000/germinal_ds/templates_target_shuffle/nb_s814263_mpnn_4_PDL1/boltz_with_template/output/boltz_results_nb_s814263_mpnn_4_PDL1/predictions/nb_s814263_mpnn_4_PDL1/nb_s814263_mpnn_4_PDL1_model_0.cif,0.509351,0.3173,0.4155,0.5219,4.986687103907267,5.434444268544515,4.53892993927002,0.1572750101167807,0.2401218440591501,1.4266088008880615,1.3567166328430176,1.4965009689331057,4.626345554987589,4.727509021759033,4.5251820882161455,0.1501334542299118,0.2402169256885156,1.4262129068374634,1.369430422782898,1.4829953908920288,4.722954273223877,4.795487403869629,4.650421142578125,0.1590246468518862,0.2480723004252249,1.3940350413322449,1.27575945854187,1.5123106241226196,5.080901702245076,5.569339116414388,4.592464288075765,0.1641303276702452,0.2437416210356652,1.411646544933319,1.3409724235534668,1.4823206663131714,4.682745854059855,4.954461733500163,4.411029974619548,0.1706794161367495,0.2273913363649428,1.481082797050476,1.402456283569336,1.5597093105316162,4.909086624781291,5.246489683787028,4.571683565775554,0.1866610324489455,0.2285523487786974,1.4759899973869324,1.3708910942077637,1.581088900566101,4.931308190027873,5.282304922739665,4.580311457316081,0.1164433037344459,0.2171421473384991,1.52720308303833,1.4362461566925049,1.6181600093841553
nb_s648756_mpnn_1_IL20,False,"A,B",11.699645408163265,82.74873655913979,76.2,5.47,4.8625,72.7881899096112,0.038234,0.1006,0.0217,0.0193,0.35,0.865,-37.9,0.0,0.4,0.9975,0.371,4.240125382653061,95.57278571428571,1345.21,73.72,2.603125,93.56499998910087,0.600567,0.2848,0.741,0.5215,0.79,0.86,1999.3,1.0,0.8339,0.21171580869629597,0.858464438964508,17.21569077173869,65.73827362060547,72.70407,15.258453,0.5449809,,,,,,,0.29278647899627686,/scicore/home/schwede/barta0000/germinal_ds/templates_target_shuffle/nb_s648756_mpnn_1_IL20/chai_no_constraints/seed_2126/pred.model_idx_2.cif,0.38193798065185547,/scicore/home/schwede/barta0000/germinal_ds/templates_target_shuffle/nb_s648756_mpnn_1_IL20/chai_with_constraints/seed_2745/pred.model_idx_3.cif,0.29278647899627686,0.6107178926467896,0.21330362558364868,"[[0.8991981148719788, 0.8925426602363586]]","[[[0.8991981148719788, 0.21330362558364868], [0.16091367602348328, 0.8925426602363586]]]",0.21330362558364868,0.042203,0.0594,0.0119,0.0114,0.38193798065185547,0.6634670495986938,0.3115556836128235,"[[0.879124641418457, 0.8807029724121094]]","[[[0.879124641418457, 0.3115556836128235], [0.2579125761985779, 0.8807029724121094]]]",0.3115556836128235,0.183244,0.0548,0.0375,0.1489,0.5734480023384094,0.6575270891189575,0.41080957651138306,0.614107608795166,0.5336319208145142,1.2335126399993896,6.077090263366699,0.41080957651138306,/scicore/home/schwede/barta0000/germinal_ds/templates_target_shuffle/nb_s648756_mpnn_1_IL20/boltz_free/output/boltz_results_nb_s648756_mpnn_1_IL20/predictions/nb_s648756_mpnn_1_IL20/nb_s648756_mpnn_1_IL20_model_0.cif,0.117673,0.035,0.0141,0.0806,0.8569669723510742,0.8712032437324524,0.8081784844398499,0.8691641092300415,0.842150866985321,0.4929095506668091,2.2668843269348145,0.8081784844398499,/scicore/home/schwede/barta0000/germinal_ds/templates_target_shuffle/nb_s648756_mpnn_1_IL20/boltz_with_template/output/boltz_results_nb_s648756_mpnn_1_IL20/predictions/nb_s648756_mpnn_1_IL20/nb_s648756_mpnn_1_IL20_model_0.cif,0.531038,0.1917,0.4078,0.4742,4.50107224782308,4.980638980865479,4.021505514780681,0.1219495306036822,0.2180892425010827,1.5228509306907654,1.278383731842041,1.7673181295394895,3.977115472157796,4.861099720001221,3.093131224314372,0.1450062771891641,0.1593506488648221,1.836648166179657,1.3816875219345093,2.2916088104248047,3.918863574663798,4.8163503011067705,3.021376848220825,0.1280230732270869,0.1689803442517859,1.7779728770256042,1.362496256828308,2.1934494972229004,4.67825166384379,5.24560530980428,4.110898017883301,0.1167230948884242,0.2159732287255878,1.532600820064545,1.319413423538208,1.7457882165908811,4.171583533287048,4.505419890085856,3.8377471764882407,0.1154852334753334,0.184698772455468,1.689029037952423,1.511692762374878,1.8663653135299685,4.424031337102255,4.878202120463054,3.969860553741455,0.1259653272470783,0.1860320058764734,1.6818365454673767,1.5341675281524658,1.829505562782288,4.611700216929117,4.988705952962239,4.234694480895996,0.1345155931901193,0.1777356825536181,1.7274577617645264,1.579622745513916,1.8752927780151367
nb_s39537_mpnn_2_IL20,False,"A,B",13.146808673469389,83.06230349840982,149.25,10.27,3.2979999999999996,68.18579739321942,0.005733,0.103,0.0144,0.0,0.18,0.875,51.2,0.0,0.26,0.0309,0.594,7.694958673469387,91.06507142857143,12408.46,901.22,2.32275,80.61043415898862,0.169365,0.1864,0.1101,0.1896,0.43,0.7,30708.98,1.0,0.0039,0.09322044599526953,0.8548011654532857,15.702647924423218,62.68675994873047,73.154854,14.985649,0.54189956,,,,,,,0.2589629590511322,/scicore/home/schwede/barta0000/germinal_ds/templates_target_shuffle/nb_s39537_mpnn_2_IL20/chai_no_constraints/seed_1790/pred.model_idx_4.cif,0.36486926674842834,/scicore/home/schwede/barta0000/germinal_ds/templates_target_shuffle/nb_s39537_mpnn_2_IL20/chai_with_constraints/seed_5919/pred.model_idx_2.cif,0.2589629590511322,0.5971499681472778,0.174416184425354,"[[0.8836113214492798, 0.8913131952285767]]","[[[0.8836113214492798, 0.174416184425354], [0.14720852673053741, 0.8913131952285767]]]",0.174416184425354,0.005275,0.095,0.0122,0.0,0.36486926674842834,0.6807889938354492,0.28588932752609253,"[[0.8732817769050598, 0.9043096899986267]]","[[[0.8732817769050598, 0.28588932752609253], [0.26986831426620483, 0.9043096899986267]]]",0.28588932752609253,0.156504,0.0854,0.0535,0.1474,0.5684460997581482,0.6236140727996826,0.35423803329467773,0.621998131275177,0.532227098941803,1.1863062381744385,6.868555545806885,0.3405333459377289,/scicore/home/schwede/barta0000/germinal_ds/templates_target_shuffle/nb_s39537_mpnn_2_IL20/boltz_free/output/boltz_results_nb_s39537_mpnn_2_IL20/predictions/nb_s39537_mpnn_2_IL20/nb_s39537_mpnn_2_IL20_model_0.cif,0.071311,0.0277,0.0125,0.0691,0.8669789433479309,0.7888739705085754,0.6798383593559265,0.9137640595436096,0.9018391370773315,0.7008476257324219,3.321805953979492,0.6798383593559265,/scicore/home/schwede/barta0000/germinal_ds/templates_target_shuffle/nb_s39537_mpnn_2_IL20/boltz_with_template/output/boltz_results_nb_s39537_mpnn_2_IL20/predictions/nb_s39537_mpnn_2_IL20/nb_s39537_mpnn_2_IL20_model_0.cif,0.337733,0.3037,0.4002,0.2861,4.684828559557597,5.529933452606201,3.8397236665089927,0.1013524415340553,0.2093876050818368,1.5635681748390198,1.2789018154144287,1.8482345342636108,4.615478833516439,5.74993356068929,3.4810241063435874,0.1022277120079279,0.1655947972089043,1.7982114553451538,1.1821074485778809,2.4143154621124268,4.589370369911194,5.7482930819193525,3.430447657903036,0.1035362821252377,0.16006825047343,1.8321549892425537,1.1903538703918457,2.4739561080932617,4.955871899922689,5.794023990631104,4.117719809214274,0.1290868667722804,0.2114308158736842,1.553857445716858,1.3062249422073364,1.8014899492263796,4.478100577990213,5.019408543904622,3.9367926120758057,0.1106376063747559,0.2123391790431921,1.549570381641388,1.2719289064407349,1.827211856842041,4.551329255104065,5.04738203684489,4.05527647336324,0.1405720244308154,0.1986623930662764,1.6161484122276306,1.4457058906555176,1.7865909337997437,4.850924491882324,5.502692222595215,4.199156761169434,0.1128076950322194,0.1810971200897481,1.7087218165397644,1.4728169441223145,1.9446266889572144
nb_s921313_mpnn_2_PDL1,False,"A,B",12.64333173102601,80.8981945945946,60.18,4.73,6.459615384615384,70.1394965079942,0.005576,0.0895,0.0153,0.0,0.24,0.83,-62.11,0.0,0.31,0.6729,0.293,4.213383360928626,94.39122362869199,21117.15,1175.09,3.2411111111111115,90.79370343243635,0.548898,0.256,0.6853,0.5365,0.73,0.84,44477.37,1.0,0.0754,0.05078616475190543,0.81846092619775,,,67.0597,17.845556,0.47596943,,,,,,,0.24224302172660828,/scicore/home/schwede/barta0000/germinal_ds/templates_target_shuffle/nb_s921313_mpnn_2_PDL1/chai_no_constraints/seed_4503/pred.model_idx_1.cif,0.4743198752403259,/scicore/home/schwede/barta0000/germinal_ds/templates_target_shuffle/nb_s921313_mpnn_2_PDL1/chai_with_constraints/seed_1190/pred.model_idx_4.cif,0.24224302172660828,0.607030987739563,0.151046022772789,"[[0.8898431658744812, 0.8788595199584961]]","[[[0.8898431658744812, 0.151046022772789], [0.13201361894607544, 0.8788595199584961]]]",0.151046022772789,0.016075,0.0641,0.0123,0.0096,0.4743198752403259,0.7532448768615723,0.40458860993385315,"[[0.905130922794342, 0.8783754110336304]]","[[[0.905130922794342, 0.39103782176971436], [0.40458860993385315, 0.8783754110336304]]]",0.39103782176971436,0.295323,0.1434,0.1007,0.3311,0.7545596957206726,0.6684891581535339,0.3579561114311218,0.8537105917930603,0.7844392657279968,0.6924739480018616,6.575190544128418,0.3439531624317169,/scicore/home/schwede/barta0000/germinal_ds/templates_target_shuffle/nb_s921313_mpnn_2_PDL1/boltz_free/output/boltz_results_nb_s921313_mpnn_2_PDL1/predictions/nb_s921313_mpnn_2_PDL1/nb_s921313_mpnn_2_PDL1_model_0.cif,0.023043,0.1625,0.019,0.0157,0.7926457524299622,0.642352819442749,0.32351893186569214,0.9099274277687073,0.8764905333518982,0.8857435584068298,8.595192909240723,0.3205885887145996,/scicore/home/schwede/barta0000/germinal_ds/templates_target_shuffle/nb_s921313_mpnn_2_PDL1/boltz_with_template/output/boltz_results_nb_s921313_mpnn_2_PDL1/predictions/nb_s921313_mpnn_2_PDL1/nb_s921313_mpnn_2_PDL1_model_0.cif,0.013676,0.3907,0.0206,0.0096,5.090705871582031,5.738672097524007,4.442739645640056,0.1417807545835228,0.2470829042457775,1.3980313539505005,1.2822294235229492,1.5138332843780518,4.648282130559286,4.81150484085083,4.485059420267741,0.0577117205985899,0.2082485887442692,1.56902277469635,1.528506636619568,1.6095389127731323,4.7462302049001055,4.914997418721517,4.577462991078694,0.0813040088597711,0.213557625479843,1.5438485741615295,1.522484540939331,1.565212607383728,5.228922923405966,5.931499004364014,4.526346842447917,0.1371605987007573,0.2535342847871608,1.3722562193870544,1.2549219131469729,1.4895905256271362,4.730936447779337,4.982748349507649,4.479124546051025,0.072611784978372,0.2370357182431725,1.439544439315796,1.3655693531036377,1.513519525527954,4.694613138834635,4.93305253982544,4.456173737843831,0.0771519970469627,0.2274147039371548,1.4809800386428833,1.2758986949920654,1.6860613822937012,4.856544653574626,5.188547293345134,4.524542013804118,0.063917887815387,0.2017520489452964,1.6007158160209656,1.5152368545532229,1.6861947774887085
nb_s870461_mpnn_2_PDL1,False,"A,B",10.54720041303922,83.13391304347824,62.76,3.74,7.134722222222223,71.04838434509729,0.062295,0.1094,0.0283,0.063,0.39,0.84,-74.7,0.0,0.44,0.0856,0.641,5.010361053250014,93.26362869198313,19134.68,739.01,4.8234615384615385,89.70088285558364,0.548803,0.3466,0.6515,0.4583,0.81,0.83,19099.44,1.0,0.2699,0.15397958665640507,0.8128414603490813,21.36692714691162,61.27722930908203,67.3157,17.720894,0.48139733,,,,,,,0.36285269260406494,/scicore/home/schwede/barta0000/germinal_ds/templates_target_shuffle/nb_s870461_mpnn_2_PDL1/chai_no_constraints/seed_2319/pred.model_idx_3.cif,0.4279490113258362,/scicore/home/schwede/barta0000/germinal_ds/templates_target_shuffle/nb_s870461_mpnn_2_PDL1/chai_with_constraints/seed_1348/pred.model_idx_3.cif,0.36285269260406494,0.6972427368164062,0.2792551815509796,"[[0.9235196709632874, 0.8802239894866943]]","[[[0.9235196709632874, 0.2792551815509796], [0.2560930848121643, 0.8802239894866943]]]",0.2792551815509796,0.140972,0.0593,0.0229,0.1145,0.4279490113258362,0.7386854887008667,0.35026490688323975,"[[0.9250565767288208, 0.8824187517166138]]","[[[0.9250565767288208, 0.35026490688323975], [0.33366233110427856, 0.8824187517166138]]]",0.35026490688323975,0.225856,0.0598,0.0505,0.2424,0.8737654089927673,0.8840571045875549,0.78102707862854,0.8969498872756958,0.8443790078163147,0.4083468019962311,1.5808759927749634,0.78102707862854,/scicore/home/schwede/barta0000/germinal_ds/templates_target_shuffle/nb_s870461_mpnn_2_PDL1/boltz_free/output/boltz_results_nb_s870461_mpnn_2_PDL1/predictions/nb_s870461_mpnn_2_PDL1/nb_s870461_mpnn_2_PDL1_model_0.cif,0.527387,0.2665,0.3844,0.5133,0.9067717790603638,0.9148096442222595,0.8416770100593567,0.9230453968048096,0.8983646631240845,0.35433268547058105,1.192077875137329,0.8373733162879944,/scicore/home/schwede/barta0000/germinal_ds/templates_target_shuffle/nb_s870461_mpnn_2_PDL1/boltz_with_template/output/boltz_results_nb_s870461_mpnn_2_PDL1/predictions/nb_s870461_mpnn_2_PDL1/nb_s870461_mpnn_2_PDL1_model_0.cif,0.682035,0.3134,0.6474,0.6302,4.392301559448242,4.495687643686931,4.288915475209554,0.0683092270687185,0.2418090475380687,1.4196069240570068,1.2997725009918213,1.5394413471221924,4.49793024857839,5.213389078776042,3.782471418380737,0.0845940978766215,0.2374206770028994,1.437921702861786,1.1842470169067385,1.6915963888168335,4.437073707580566,4.970550378163655,3.903597036997477,0.0647544662461672,0.2404371665243782,1.4252964854240415,1.1659038066864014,1.684689164161682,4.4688334465026855,4.5755313237508135,4.362135569254558,0.0799759144920506,0.2533768382967868,1.3728774189949036,1.2691489458084106,1.4766058921813965,4.61501145362854,4.89729102452596,4.33273188273112,0.0531496676511475,0.2496914524488878,1.3875293135643003,1.1592018604278564,1.6158567667007446,4.7406915823618565,5.020213921864827,4.461169242858887,0.0653058220805065,0.2325357999092806,1.4587110877037048,1.3136365413665771,1.6037856340408323,4.8067573706309,5.016841570536296,4.596673170725505,0.076667123415699,0.2229512858484806,1.5008019804954529,1.384813666343689,1.6167902946472168
nb_s596199_mpnn_2_PDL1,False,"A,B",11.236082180562232,83.8639575596817,102.38,10.32,5.992105263157894,68.36900484717098,0.040679,0.0573,0.0294,0.136,0.28,0.85,-133.16,0.0,0.34,0.5465,0.412,5.930748633587922,94.04789029535864,22432.61,902.29,2.2926470588235297,85.04399909973145,0.236522,0.1501,0.248,0.2649,0.54,0.75,30499.79,1.0,0.7817,0.1346980644727011,0.8276287769761783,21.63790225982666,44.12872314453125,67.18381,17.255941,0.48423707,,,,,,,0.2907114028930664,/scicore/home/schwede/barta0000/germinal_ds/templates_target_shuffle/nb_s596199_mpnn_2_PDL1/chai_no_constraints/seed_2622/pred.model_idx_4.cif,0.45521771907806396,/scicore/home/schwede/barta0000/germinal_ds/templates_target_shuffle/nb_s596199_mpnn_2_PDL1/chai_with_constraints/seed_1963/pred.model_idx_0.cif,0.2907114028930664,0.6529421806335449,0.2001536786556244,"[[0.9271686673164368, 0.876771867275238]]","[[[0.9271686673164368, 0.2001536786556244], [0.17559193074703217, 0.876771867275238]]]",0.2001536786556244,0.072664,0.0469,0.0145,0.0474,0.45521771907806396,0.7478498816490173,0.38205966353416443,"[[0.9073376655578613, 0.8818002343177795]]","[[[0.9073376655578613, 0.38205966353416443], [0.3809099793434143, 0.8818002343177795]]]",0.38205966353416443,0.266435,0.0879,0.07,0.3184,0.8079044222831726,0.7369024753570557,0.5733487606048584,0.8665432929992676,0.7669433355331421,0.5176414847373962,3.418062210083008,0.4831728935241699,/scicore/home/schwede/barta0000/germinal_ds/templates_target_shuffle/nb_s596199_mpnn_2_PDL1/boltz_free/output/boltz_results_nb_s596199_mpnn_2_PDL1/predictions/nb_s596199_mpnn_2_PDL1/nb_s596199_mpnn_2_PDL1_model_0.cif,0.176655,0.0673,0.0651,0.1988,0.8754288554191589,0.8244900107383728,0.6751943230628967,0.9254875183105469,0.8661934733390808,0.44017449021339417,2.4748520851135254,0.6751943230628967,/scicore/home/schwede/barta0000/germinal_ds/templates_target_shuffle/nb_s596199_mpnn_2_PDL1/boltz_with_template/output/boltz_results_nb_s596199_mpnn_2_PDL1/predictions/nb_s596199_mpnn_2_PDL1/nb_s596199_mpnn_2_PDL1_model_0.cif,0.361474,0.1891,0.3043,0.4173,4.956011056900024,5.4096652666727705,4.502356847127278,0.1490279792237989,0.2502677522818281,1.385223925113678,1.3171926736831665,1.4532551765441897,4.927241007486979,5.302814801534017,4.551667213439941,0.1670312520435218,0.2178411003585087,1.5239893794059751,1.4556796550750732,1.5922991037368774,4.853914022445679,5.105399290720622,4.602428754170735,0.1528081090960877,0.2147310551105928,1.5383689403533936,1.498126745223999,1.578611135482788,5.16528328259786,5.803457260131836,4.527109305063884,0.1836375658669628,0.2569300399099566,1.358951449394226,1.2703336477279663,1.4475692510604858,4.735445022583008,5.0728373527526855,4.39805269241333,0.1418447963440817,0.2123871142448922,1.5493446588516235,1.4466015100479126,1.6520878076553345,4.798857768376669,5.137678305308024,4.4600372314453125,0.1810935761171932,0.2201633967359745,1.51338529586792,1.3361001014709473,1.6906704902648926,5.022699276606241,5.363757610321045,4.681640942891439,0.1209297502524247,0.2034345430419921,1.5924109816551208,1.6098756790161133,1.5749462842941284
nb_s373735_mpnn_2_PDL1,False,"A,B",9.532067510548522,84.49097349918875,96.32,6.45,5.418181818181819,70.6725672053256,0.073227,0.1676,0.0405,0.1484,0.33,0.865,-97.25,0.0,0.39,0.35,0.3,4.723296836333208,93.12046413502108,2299.9,194.44,2.6631250000000004,84.17193529682774,0.407988,0.3441,0.4182,0.4446,0.64,0.8,1071.79,1.0,0.0229,0.18812420705625726,0.8645741694770048,,,70.91269,16.647408,0.51118267,,,,,,,0.652207612991333,/scicore/home/schwede/barta0000/germinal_ds/templates_target_shuffle/nb_s373735_mpnn_2_PDL1/chai_no_constraints/seed_1960/pred.model_idx_0.cif,0.5147808194160461,/scicore/home/schwede/barta0000/germinal_ds/templates_target_shuffle/nb_s373735_mpnn_2_PDL1/chai_with_constraints/seed_3829/pred.model_idx_3.cif,0.652207612991333,0.848939061164856,0.6030247211456299,"[[0.9341803789138794, 0.8845449686050415]]","[[[0.9341803789138794, 0.595369279384613], [0.6030247211456299, 0.8845449686050415]]]",0.595369279384613,0.498066,0.0884,0.3098,0.4975,0.5147808194160461,0.7902407050132751,0.4459158480167389,"[[0.9366353154182434, 0.8897387385368347]]","[[[0.9366353154182434, 0.4459158480167389], [0.4397664964199066, 0.8897387385368347]]]",0.4459158480167389,0.342006,0.0867,0.1545,0.401,0.8904511332511902,0.8942058086395264,0.7932173013687134,0.9147595763206482,0.8652846813201904,0.3776509165763855,1.5783259868621826,0.7842724919319153,/scicore/home/schwede/barta0000/germinal_ds/templates_target_shuffle/nb_s373735_mpnn_2_PDL1/boltz_free/output/boltz_results_nb_s373735_mpnn_2_PDL1/predictions/nb_s373735_mpnn_2_PDL1/nb_s373735_mpnn_2_PDL1_model_0.cif,0.52035,0.1843,0.4058,0.5391,0.8555827140808105,0.8169755935668945,0.6672849059104919,0.902657151222229,0.832268476486206,0.46507400274276733,3.5931556224823,0.6672849059104919,/scicore/home/schwede/barta0000/germinal_ds/templates_target_shuffle/nb_s373735_mpnn_2_PDL1/boltz_with_template/output/boltz_results_nb_s373735_mpnn_2_PDL1/predictions/nb_s373735_mpnn_2_PDL1/nb_s373735_mpnn_2_PDL1_model_0.cif,0.305437,0.11,0.1594,0.3181,4.622506459554036,4.831579526265462,4.41343339284261,0.0787644076220024,0.2509171599493126,1.3826324343681335,1.2701493501663208,1.4951155185699463,4.458244164784749,4.485504468282064,4.430983861287435,0.0963637902537349,0.243343918593146,1.4132795333862305,1.2573705911636353,1.5691884756088257,4.720230579376221,4.865978558858235,4.574482599894206,0.1314115549229249,0.2599269805918472,1.347354531288147,1.225492000579834,1.46921706199646,4.928247372309367,5.211412111918132,4.6450826327006025,0.1026877268668147,0.2612441940235618,1.3422996997833252,1.2174193859100342,1.4671800136566162,4.690667788187663,4.845171610514323,4.536163965861003,0.1034846298945698,0.2593396139158506,1.349616825580597,1.1743593215942385,1.5248743295669556,4.732430140177409,4.8873545328776045,4.577505747477214,0.0971691299069288,0.2501512766834439,1.3856894373893738,1.234300136566162,1.5370787382125854,4.849963029225668,5.1087056795756025,4.591220378875732,0.0686240051819378,0.2246750179532429,1.4931002855300903,1.2744213342666626,1.711779236793518
nb_s713450_mpnn_1_PDL1,False,"A,B",8.224501059303174,85.59762419006479,68.21,4.9,4.693333333333334,78.13123348194989,0.184468,0.1561,0.1216,0.1807,0.54,0.845,-116.92,0.0,0.58,0.0367,0.438,3.8210359807010983,96.25194092827005,13646.72,681.09,2.5353703703703703,93.60333220163982,0.635606,0.3434,0.722,0.559,0.79,0.85,19770.69,1.0,0.7037,0.23617605582032275,0.8257186097307405,20.813318252563477,55.956695556640625,67.341156,17.890413,0.48051292,,,,,,,0.24414664506912231,/scicore/home/schwede/barta0000/germinal_ds/templates_target_shuffle/nb_s713450_mpnn_1_PDL1/chai_no_constraints/seed_3304/pred.model_idx_3.cif,0.6656330823898315,/scicore/home/schwede/barta0000/germinal_ds/templates_target_shuffle/nb_s713450_mpnn_1_PDL1/chai_with_constraints/seed_2466/pred.model_idx_1.cif,0.24414664506912231,0.5979875326156616,0.1556864082813263,"[[0.8829525113105774, 0.8771287202835083]]","[[[0.8829525113105774, 0.1556864082813263], [0.1372542381286621, 0.8771287202835083]]]",0.1556864082813263,0.023816,0.1151,0.0117,0.0112,0.6656330823898315,0.8190305233001709,0.6272836923599243,"[[0.9078790545463562, 0.8818314671516418]]","[[[0.9078790545463562, 0.5451152324676514], [0.6272836923599243, 0.8818314671516418]]]",0.5451152324676514,0.568077,0.1438,0.3623,0.5009,0.7708123326301575,0.7536649107933044,0.5656958818435669,0.8220914602279663,0.7654346823692322,0.5878878235816956,5.09683084487915,0.5656958818435669,/scicore/home/schwede/barta0000/germinal_ds/templates_target_shuffle/nb_s713450_mpnn_1_PDL1/boltz_free/output/boltz_results_nb_s713450_mpnn_1_PDL1/predictions/nb_s713450_mpnn_1_PDL1/nb_s713450_mpnn_1_PDL1_model_0.cif,0.14849,0.1234,0.0405,0.1264,0.8275730013847351,0.8686051368713379,0.7929367423057556,0.83623206615448,0.7850005030632019,0.4723619520664215,2.9137797355651855,0.7929367423057556,/scicore/home/schwede/barta0000/germinal_ds/templates_target_shuffle/nb_s713450_mpnn_1_PDL1/boltz_with_template/output/boltz_results_nb_s713450_mpnn_1_PDL1/predictions/nb_s713450_mpnn_1_PDL1/nb_s713450_mpnn_1_PDL1_model_0.cif,0.474039,0.1693,0.2309,0.4719,4.308391372362772,4.153281768163045,4.4635009765625,0.1247739220796887,0.2530334907110014,1.3742334246635437,1.240159511566162,1.5083073377609253,4.228165864944458,3.9374513626098633,4.518880367279053,0.1573012555565801,0.2148343292142518,1.5378881096839905,1.4925413131713867,1.5832349061965942,4.201840281486511,3.8678670724232993,4.535813490549724,0.1759112050585233,0.2375502823556573,1.4373759627342224,1.3802480697631836,1.4945038557052612,4.459864775339762,4.326345443725586,4.5933841069539385,0.1346743248511756,0.2495471461756299,1.388107419013977,1.2879562377929688,1.4882586002349854,4.364174246788025,4.310163577397664,4.418184916178386,0.1731845132295122,0.218385121279714,1.5214951634407043,1.3992161750793457,1.643774151802063,4.166392207145691,3.9651021162668862,4.367682298024495,0.1808605984155142,0.2288914531642302,1.4745073914527893,1.3795406818389893,1.5694741010665894,4.312202374140421,4.041220188140869,4.583184560139974,0.1199268706702128,0.2141468360564821,1.541093349456787,1.4494988918304443,1.63268780708313
nb_s453654_mpnn_2_IL20,False,"A,B",15.024367346938778,79.7725314183124,147.64,10.42,6.389583333333333,69.18477288993176,0.0,0.0872,0.0111,0.0,0.13,0.855,15.45,0.0,0.21,0.1142,0.298,6.627695663265306,92.10578571428572,18703.76,893.13,4.712000000000001,82.8807688492995,0.241885,0.143,0.1501,0.2341,0.54,0.76,38684.06,1.0,0.4657,0.07788577004828677,0.8414747450061871,20.01702356338501,49.89483642578125,72.60591,14.973986,0.5507387,,,,,,,0.25632989406585693,/scicore/home/schwede/barta0000/germinal_ds/templates_target_shuffle/nb_s453654_mpnn_2_IL20/chai_no_constraints/seed_1077/pred.model_idx_4.cif,0.3751521110534668,/scicore/home/schwede/barta0000/germinal_ds/templates_target_shuffle/nb_s453654_mpnn_2_IL20/chai_with_constraints/seed_3400/pred.model_idx_1.cif,0.25632989406585693,0.5864774584770203,0.1737929880619049,"[[0.8958497643470764, 0.8878688812255859]]","[[[0.8958497643470764, 0.1737929880619049], [0.1222962960600853, 0.8878688812255859]]]",0.1737929880619049,0.009812,0.0835,0.0121,0.0,0.3751521110534668,0.6585875749588013,0.3042932152748108,"[[0.8879993557929993, 0.8708465695381165]]","[[[0.8879993557929993, 0.3042932152748108], [0.24667370319366455, 0.8708465695381165]]]",0.3042932152748108,0.176113,0.1017,0.0286,0.1409,0.6088045835494995,0.6409580707550049,0.5745372176170349,0.6173713803291321,0.5641481280326843,1.38938307762146,6.619196891784668,0.5745372176170349,/scicore/home/schwede/barta0000/germinal_ds/templates_target_shuffle/nb_s453654_mpnn_2_IL20/boltz_free/output/boltz_results_nb_s453654_mpnn_2_IL20/predictions/nb_s453654_mpnn_2_IL20/nb_s453654_mpnn_2_IL20_model_0.cif,0.134751,0.0673,0.0165,0.1247,0.8557180762290955,0.8597882986068726,0.7979581356048584,0.8701579570770264,0.8380375504493713,0.6483192443847656,2.395982027053833,0.7979581356048584,/scicore/home/schwede/barta0000/germinal_ds/templates_target_shuffle/nb_s453654_mpnn_2_IL20/boltz_with_template/output/boltz_results_nb_s453654_mpnn_2_IL20/predictions/nb_s453654_mpnn_2_IL20/nb_s453654_mpnn_2_IL20_model_0.cif,0.547609,0.3628,0.349,0.4547,4.772463083267212,5.205989837646484,4.33893632888794,0.0862369385526833,0.2117545003581379,1.5523276925086975,1.2938820123672483,1.8107733726501465,3.594080686569214,4.079473336537679,3.1086880366007485,0.0913045091003142,0.13656320236226,1.9909677505493164,1.4569847583770752,2.5249507427215576,3.520809928576152,3.81839919090271,3.223220666249593,0.1104682632594734,0.1719851423614834,1.7603471875190737,1.3914059400558472,2.1292884349823,4.781652371088663,5.308799107869466,4.254505634307861,0.1119646157562189,0.2165083004872857,1.5301263928413391,1.256601333618164,1.8036514520645144,4.109323302904765,4.336710135142009,3.881936470667521,0.1146286111490841,0.1973926156566892,1.6225605607032776,1.3352487087249756,1.90987241268158,4.424700180689494,4.703946749369304,4.1454536120096845,0.1018778997215712,0.1879214927396648,1.6717309951782229,1.393788456916809,1.949673533439636,4.329060077667236,4.425098419189453,4.23302173614502,0.1208003829410723,0.1863856837014582,1.679937183856964,1.431328058242798,1.9285463094711304
nb_s713450_mpnn_2_IL3,False,"A,B",13.803548800000002,79.61248466257669,272.9,17.61,5.927777777777778,64.79466424282838,0.005718,0.1036,0.0141,0.0,0.18,0.8200000000000001,47.17,0.0,0.26,0.369,1.278,9.553464479999999,87.41839999999999,8317.96,612.89,2.5616000000000003,72.91035720280239,0.078783,0.164,0.0583,0.1693,0.3,0.62,7105.94,1.0,0.8222,0.14531455791434286,0.8612120427607078,25.068864504496258,48.13859558105469,55.876972,20.98325,0.47775397,,,,,,,0.5167301297187805,/scicore/home/schwede/barta0000/germinal_ds/templates_target_shuffle/nb_s713450_mpnn_2_IL3/chai_no_constraints/seed_1490/pred.model_idx_1.cif,0.6507762670516968,/scicore/home/schwede/barta0000/germinal_ds/templates_target_shuffle/nb_s713450_mpnn_2_IL3/chai_with_constraints/seed_1986/pred.model_idx_3.cif,0.5167301297187805,0.6259350776672363,0.48942890763282776,"[[0.8879833817481995, 0.30600640177726746]]","[[[0.8879833817481995, 0.24566057324409485], [0.48942890763282776, 0.30600640177726746]]]",0.24566057324409485,0.173774,0.1175,0.014,0.1468,0.6507762670516968,0.679710865020752,0.6435425877571106,"[[0.9328705072402954, 0.3466043770313263]]","[[[0.9328705072402954, 0.2986754775047302], [0.6435425877571106, 0.3466043770313263]]]",0.2986754775047302,0.309015,0.1631,0.0906,0.2745,0.8103165030479431,0.8114579916000366,0.6905966997146606,0.8402464389801025,0.756104052066803,0.5957932472229004,3.5838332176208496,0.6905966997146606,/scicore/home/schwede/barta0000/germinal_ds/templates_target_shuffle/nb_s713450_mpnn_2_IL3/boltz_free/output/boltz_results_nb_s713450_mpnn_2_IL3/predictions/nb_s713450_mpnn_2_IL3/nb_s713450_mpnn_2_IL3_model_0.cif,0.256219,0.1898,0.0571,0.2452,0.8458023071289062,0.7936593890190125,0.6369635462760925,0.8980119824409485,0.834351658821106,0.7576147317886353,5.623936176300049,0.6369635462760925,/scicore/home/schwede/barta0000/germinal_ds/templates_target_shuffle/nb_s713450_mpnn_2_IL3/boltz_with_template/output/boltz_results_nb_s713450_mpnn_2_IL3/predictions/nb_s713450_mpnn_2_IL3/nb_s713450_mpnn_2_IL3_model_0.cif,0.220566,0.2756,0.0737,0.2221,3.810784101486206,4.109556198120117,3.512012004852295,0.1836275369771688,0.2193373763723936,1.5171442031860352,1.3334038257598877,1.7008845806121826,3.469533483187358,3.74059796333313,3.198469003041585,0.1593472066444285,0.187700470396499,1.672907829284668,1.5329585075378418,1.812857151031494,3.444232940673828,3.6851791540781655,3.2032867272694907,0.1800293785863531,0.2036455051683851,1.5913745164871216,1.4844183921813965,1.698330640792847,4.121994813283284,4.400563716888428,3.843425909678141,0.168386869145129,0.2081739776633112,1.5693811178207395,1.401097297668457,1.7376649379730225,3.141974925994873,3.953379472096761,2.330570379892985,0.1935947911663804,0.1789274346061898,1.7207749485969543,1.2880042791366575,2.153545618057251,3.1887838045756025,4.00471297899882,2.3728546301523843,0.1487523244591392,0.1607376557469364,1.82798171043396,1.4140634536743164,2.2418999671936035,3.6879962682724,4.368618647257487,3.007373889287313,0.0978058176112202,0.1371710395358206,1.9865266680717468,1.442387938499451,2.530665397644043
nb_s296830_mpnn_3_BHRF,False,"A,B",14.560892891589504,78.19578159401145,612.25,24.89,5.944999999999999,64.42057221027369,0.005038,0.1612,0.011,0.0,0.14,0.835,138.62,0.0,0.22,,0.499,5.274198857060185,91.01881944444443,10390.96,665.24,3.752166666666666,81.61421022917095,0.418396,0.3517,0.2901,0.4032,0.63,0.8,20132.42,1.0,,0.06555008917478387,0.8092275348490456,18.05090198516846,41.42448043823242,72.609985,15.092557,0.5399369,,,,,,,0.2721160352230072,/scicore/home/schwede/barta0000/germinal_ds/templates_target_shuffle/nb_s296830_mpnn_3_BHRF/chai_no_constraints/seed_2003/pred.model_idx_4.cif,0.5193994641304016,/scicore/home/schwede/barta0000/germinal_ds/templates_target_shuffle/nb_s296830_mpnn_3_BHRF/chai_with_constraints/seed_279/pred.model_idx_1.cif,0.2721160352230072,0.6050535440444946,0.18888166546821594,"[[0.8830752968788147, 0.9068219661712646]]","[[[0.8830752968788147, 0.18888166546821594], [0.1337115615606308, 0.9068219661712646]]]",0.18888166546821594,0.005733,0.0989,0.0107,0.0134,0.5193994641304016,0.7768669128417969,0.4550325870513916,"[[0.886430561542511, 0.9140370488166809]]","[[[0.886430561542511, 0.4550325870513916], [0.4433242678642273, 0.9140370488166809]]]",0.4550325870513916,0.301164,0.2061,0.1041,0.3063,0.7968263030052185,0.7238649725914001,0.4791363477706909,0.8762487173080444,0.7930261492729187,0.6652998328208923,6.4093217849731445,0.4791363477706909,/scicore/home/schwede/barta0000/germinal_ds/templates_target_shuffle/nb_s296830_mpnn_3_BHRF/boltz_free/output/boltz_results_nb_s296830_mpnn_3_BHRF/predictions/nb_s296830_mpnn_3_BHRF/nb_s296830_mpnn_3_BHRF_model_0.cif,0.119374,0.1444,0.0264,0.0804,0.7957262992858887,0.678900957107544,0.4021875262260437,0.8941109776496887,0.8292961716651917,0.8956024646759033,8.56999397277832,0.4021875262260437,/scicore/home/schwede/barta0000/germinal_ds/templates_target_shuffle/nb_s296830_mpnn_3_BHRF/boltz_with_template/output/boltz_results_nb_s296830_mpnn_3_BHRF/predictions/nb_s296830_mpnn_3_BHRF/nb_s296830_mpnn_3_BHRF_model_0.cif,0.088483,0.201,0.0215,0.0447,5.179622650146484,5.1890645027160645,5.170180797576904,0.1839648500163465,0.2193103158421563,1.5172675848007202,1.3949233293533323,1.639611840248108,4.71737543741862,4.670663038889567,4.764087835947673,0.2054580673657211,0.2137675793470373,1.5428659319877625,1.4057836532592771,1.6799482107162476,4.803576389948527,4.831749121348064,4.775403658548991,0.2037302994112949,0.2259994594540864,1.487222671508789,1.3509092330932615,1.6235361099243164,5.240536530812582,5.2624945640563965,5.218578497568767,0.1693043739486299,0.2209653948491377,1.509749174118042,1.3354761600494385,1.6840221881866455,4.9941128094991045,5.028895219167073,4.959330399831136,0.155732276087874,0.2326057767952398,1.4584102034568789,1.2664698362350464,1.650350570678711,5.065160512924194,4.945847511291504,5.184473514556885,0.1896987847443348,0.2185117069672727,1.520915687084198,1.3705453872680664,1.6712859869003296,5.227279345194498,5.314895947774251,5.139662742614746,0.1192649719536111,0.2099470645301851,1.56089985370636,1.4192252159118652,1.7025744915008545
nb_s795450_mpnn_4_PDL1,False,"A,B",10.00826790578433,83.08421757770633,95.1,7.62,4.717391304347827,68.01735497773296,0.064074,0.0715,0.0344,0.1237,0.34,0.845,-131.71,0.0,0.39,0.9732,0.344,4.078828001210633,94.49881856540085,28598.14,1304.83,2.220740740740741,90.78703590675637,0.549676,0.2168,0.6467,0.5401,0.77,0.84,26277.11,1.0,0.9854,0.18279892274923695,0.8294164448143049,,,68.82551,17.62597,0.48079944,,,,,,,0.3801831007003784,/scicore/home/schwede/barta0000/germinal_ds/templates_target_shuffle/nb_s795450_mpnn_4_PDL1/chai_no_constraints/seed_2921/pred.model_idx_0.cif,0.5490970611572266,/scicore/home/schwede/barta0000/germinal_ds/templates_target_shuffle/nb_s795450_mpnn_4_PDL1/chai_with_constraints/seed_2061/pred.model_idx_2.cif,0.3801831007003784,0.7007019519805908,0.30005335807800293,"[[0.9014870524406433, 0.8813017010688782]]","[[[0.9014870524406433, 0.30005335807800293], [0.29870402812957764, 0.8813017010688782]]]",0.30005335807800293,0.164305,0.0704,0.027,0.1525,0.5490970611572266,0.8004498481750488,0.4862588942050934,"[[0.9284727573394775, 0.9221885204315186]]","[[[0.9284727573394775, 0.4766526520252228], [0.4862588942050934, 0.9221885204315186]]]",0.4766526520252228,0.387769,0.169,0.3357,0.4456,0.783362090587616,0.7303776741027832,0.44975170493125916,0.8667647242546082,0.7692970633506775,0.5445094704627991,4.89417839050293,0.4303950369358063,/scicore/home/schwede/barta0000/germinal_ds/templates_target_shuffle/nb_s795450_mpnn_4_PDL1/boltz_free/output/boltz_results_nb_s795450_mpnn_4_PDL1/predictions/nb_s795450_mpnn_4_PDL1/nb_s795450_mpnn_4_PDL1_model_0.cif,0.124433,0.0967,0.0326,0.147,0.846430778503418,0.7861641049385071,0.5868297815322876,0.911331057548523,0.8551216125488281,0.5391309261322021,4.871353626251221,0.5868297815322876,/scicore/home/schwede/barta0000/germinal_ds/templates_target_shuffle/nb_s795450_mpnn_4_PDL1/boltz_with_template/output/boltz_results_nb_s795450_mpnn_4_PDL1/predictions/nb_s795450_mpnn_4_PDL1/nb_s795450_mpnn_4_PDL1_model_0.cif,0.188943,0.2036,0.0961,0.1997,5.040697256724039,5.650603612263997,4.430790901184082,0.1059020414557949,0.274174456777937,1.293990671634674,1.1802972555160522,1.407684087753296,4.90105676651001,5.267910480499268,4.534203052520752,0.1236293182171956,0.228614967659363,1.475716054439545,1.4192370176315308,1.5321950912475586,4.9506542682647705,5.23842207590739,4.662886460622151,0.1354886803234266,0.2281535224169224,1.4777365326881409,1.409111499786377,1.5463615655899048,5.191251436869303,5.818310101826985,4.564192771911621,0.1257636770101525,0.2753954525546049,1.2895472049713137,1.1611649990081787,1.4179294109344482,5.059424002965292,5.600002447764079,4.518845558166504,0.1266756241061233,0.2479161327504647,1.3946647644042969,1.2753276824951172,1.5140018463134766,4.793764034907023,5.129928747812907,4.45759932200114,0.1131069199714851,0.2329871517140004,1.456771969795227,1.3994220495224,1.5141218900680542,4.79554557800293,4.930432955423991,4.660658200581868,0.103633833038436,0.2081376001873595,1.5695558786392212,1.5542974472045898,1.5848143100738523
nb_s182729_mpnn_5_PDL1,False,"A,B",11.791422314799979,83.2748665955176,71.94,6.27,4.855263157894737,75.2139337333785,0.01062,0.1518,0.0182,0.0112,0.33,0.85,-154.6,0.0,0.39,0.4911,0.452,5.086764229379194,95.54194092827002,954.94,93.72,2.55452380952381,92.56849937438965,0.375815,0.2925,0.5863,0.3671,0.7,0.81,661.32,1.0,0.2217,0.12240979456134574,0.8577412851263977,,,69.28561,17.306572,0.4958885,,,,,,,0.36916840076446533,/scicore/home/schwede/barta0000/germinal_ds/templates_target_shuffle/nb_s182729_mpnn_5_PDL1/chai_no_constraints/seed_1118/pred.model_idx_0.cif,0.49074041843414307,/scicore/home/schwede/barta0000/germinal_ds/templates_target_shuffle/nb_s182729_mpnn_5_PDL1/chai_with_constraints/seed_3477/pred.model_idx_0.cif,0.36916840076446533,0.7007176280021667,0.2862810790538788,"[[0.9178774356842041, 0.8812375068664551]]","[[[0.9178774356842041, 0.2862810790538788], [0.27216050028800964, 0.8812375068664551]]]",0.2862810790538788,0.150905,0.0667,0.0241,0.1298,0.49074041843414307,0.7632375359535217,0.4226161241531372,"[[0.9174694418907166, 0.8870203495025635]]","[[[0.9174694418907166, 0.40292230248451233], [0.4226161241531372, 0.8870203495025635]]]",0.40292230248451233,0.311115,0.069,0.1071,0.3426,0.795228123664856,0.771003246307373,0.6076386570930481,0.8421254754066467,0.743624746799469,0.4986974000930786,3.7952661514282227,0.5232905745506287,/scicore/home/schwede/barta0000/germinal_ds/templates_target_shuffle/nb_s182729_mpnn_5_PDL1/boltz_free/output/boltz_results_nb_s182729_mpnn_5_PDL1/predictions/nb_s182729_mpnn_5_PDL1/nb_s182729_mpnn_5_PDL1_model_0.cif,0.222115,0.0553,0.0512,0.205,0.8730823397636414,0.8449727892875671,0.736038863658905,0.9073432087898254,0.8479508757591248,0.3847500681877136,2.6291983127593994,0.6917995810508728,/scicore/home/schwede/barta0000/germinal_ds/templates_target_shuffle/nb_s182729_mpnn_5_PDL1/boltz_with_template/output/boltz_results_nb_s182729_mpnn_5_PDL1/predictions/nb_s182729_mpnn_5_PDL1/nb_s182729_mpnn_5_PDL1_model_0.cif,0.389988,0.1217,0.2442,0.4175,4.491248766581217,4.469100475311279,4.513397057851155,0.088798783694593,0.2471700167841362,1.3976788520812988,1.2239434719085691,1.5714142322540283,4.646047115325928,4.679126739501953,4.612967491149902,0.1047752173182733,0.2200879537888032,1.5137280225753784,1.4517147541046145,1.5757412910461426,4.541908820470174,4.419165929158528,4.664651711781819,0.1255642806788026,0.2423329048635591,1.4174428582191467,1.306609034538269,1.5282766819000244,4.599435488382975,4.658941745758057,4.539929231007894,0.08874778990678,0.2451707134786809,1.4058005213737488,1.277350902557373,1.5342501401901243,4.569812854131063,4.709412256876628,4.430213451385498,0.0948298784228578,0.2341549058583409,1.451772391796112,1.2535791397094729,1.6499656438827517,4.588282108306885,4.754632631937663,4.4219315846761065,0.0819995281361448,0.2528009732831061,1.375152766704559,1.189233899116516,1.5610716342926023,4.633064031600952,4.679719924926758,4.5864081382751465,0.0821910444994648,0.2269067302023627,1.4832162261009216,1.359164476394653,1.60726797580719
nb_s771809_mpnn_3_PDL1,False,"A,B",15.173615339422103,80.86775685852609,60.12,5.72,3.51,71.0570836146531,0.0,0.0751,0.0105,0.0,0.09,0.84,-112.64,0.0,0.18,0.1022,11.056,4.376732005198597,93.90696202531646,1395.93,99.5,3.1550000000000002,94.12464278084892,0.644371,0.3759,0.7612,0.5815,0.83,0.88,696.57,1.0,0.1833,0.0027995867965428,0.8413293381560476,,,69.56107,16.903929,0.4987706,,,,,,,0.2736477255821228,/scicore/home/schwede/barta0000/germinal_ds/templates_target_shuffle/nb_s771809_mpnn_3_PDL1/chai_no_constraints/seed_4754/pred.model_idx_1.cif,0.4649967849254608,/scicore/home/schwede/barta0000/germinal_ds/templates_target_shuffle/nb_s771809_mpnn_3_PDL1/chai_with_constraints/seed_531/pred.model_idx_2.cif,0.2736477255821228,0.635919988155365,0.18307964503765106,"[[0.9370317459106445, 0.8842809200286865]]","[[[0.9370317459106445, 0.17798081040382385], [0.18307964503765106, 0.8842809200286865]]]",0.17798081040382385,0.011582,0.0916,0.0136,0.0128,0.4649967849254608,0.7624450325965881,0.3906347155570984,"[[0.9297420978546143, 0.8882244229316711]]","[[[0.9297420978546143, 0.3906347155570984], [0.3626677691936493, 0.8882244229316711]]]",0.3906347155570984,0.273734,0.0763,0.0716,0.2999,0.7899154424667358,0.679986834526062,0.3538169860839844,0.8989400267601013,0.8352060914039612,0.6108791828155518,7.053834438323975,0.29406604170799255,/scicore/home/schwede/barta0000/germinal_ds/templates_target_shuffle/nb_s771809_mpnn_3_PDL1/boltz_free/output/boltz_results_nb_s771809_mpnn_3_PDL1/predictions/nb_s771809_mpnn_3_PDL1/nb_s771809_mpnn_3_PDL1_model_0.cif,0.038498,0.1256,0.0206,0.0155,0.8166703581809998,0.7723966240882874,0.5418475270271301,0.8853759765625,0.8397595882415771,0.5773921608924866,6.578866958618164,0.49552440643310547,/scicore/home/schwede/barta0000/germinal_ds/templates_target_shuffle/nb_s771809_mpnn_3_PDL1/boltz_with_template/output/boltz_results_nb_s771809_mpnn_3_PDL1/predictions/nb_s771809_mpnn_3_PDL1/nb_s771809_mpnn_3_PDL1_model_0.cif,0.117069,0.2798,0.038,0.0719,4.954782485961914,5.432450135548909,4.477114836374919,0.2093546230651481,0.235736354762196,1.4450412392616272,1.262582302093506,1.6275001764297483,5.195785840352377,5.809698581695557,4.581873099009196,0.218282176225074,0.2476877567553905,1.395586371421814,1.229522943496704,1.5616497993469238,5.16784413655599,5.7915544509887695,4.54413382212321,0.1928324308668401,0.2542698901541712,1.369359016418457,1.168461799621582,1.570256233215332,4.987537145614624,5.49506155649821,4.480012734731038,0.2109975963829438,0.273080858715408,1.2979873418807983,1.1764883995056152,1.4194862842559814,5.069263617197673,5.69668976465861,4.441837469736735,0.2217838119825182,0.2437831605064289,1.4114761352539062,1.208888292312622,1.6140639781951904,5.212453762690226,5.833718299865723,4.5911892255147295,0.2086583621101552,0.2492919913462876,1.389130413532257,1.214704513549805,1.5635563135147097,4.963510990142822,5.293951352437337,4.633070627848308,0.1360154991677876,0.2297907331056516,1.4705862402915957,1.3570901155471802,1.5840823650360107
nb_s403539_mpnn_3_BHRF,False,"A,B",13.629323398919754,80.12935824175824,269.5,14.39,9.758333333333333,63.618928614172646,0.005662,0.1062,0.014,0.0,0.17,0.835,-29.07,0.0,0.25,0.0236,0.247,5.195378206983025,92.06809027777778,8609.63,477.96,3.414666666666667,82.93222183651395,0.448424,0.2958,0.3607,0.4294,0.65,0.81,4316.28,1.0,0.0215,0.06819643564840056,0.8390311857527513,21.002052307128906,57.43134689331055,73.276344,16.987032,0.51176256,,,,,,,0.4668811857700348,/scicore/home/schwede/barta0000/germinal_ds/templates_target_shuffle/nb_s403539_mpnn_3_BHRF/chai_no_constraints/seed_2837/pred.model_idx_1.cif,0.5513638257980347,/scicore/home/schwede/barta0000/germinal_ds/templates_target_shuffle/nb_s403539_mpnn_3_BHRF/chai_with_constraints/seed_2346/pred.model_idx_3.cif,0.4668811857700348,0.7361621856689453,0.39956092834472656,"[[0.8747776746749878, 0.9106735587120056]]","[[[0.8747776746749878, 0.39956092834472656], [0.37457942962646484, 0.9106735587120056]]]",0.39956092834472656,0.257951,0.1321,0.0471,0.2181,0.5513638257980347,0.7980145215988159,0.4897010922431946,"[[0.8900347948074341, 0.9043142795562744]]","[[[0.8900347948074341, 0.484110563993454], [0.4897010922431946, 0.9043142795562744]]]",0.484110563993454,0.383974,0.1626,0.1384,0.3518,0.8103033304214478,0.790008008480072,0.5887851119041443,0.8656828999519348,0.7456755042076111,0.5579826831817627,4.336397647857666,0.5887851119041443,/scicore/home/schwede/barta0000/germinal_ds/templates_target_shuffle/nb_s403539_mpnn_3_BHRF/boltz_free/output/boltz_results_nb_s403539_mpnn_3_BHRF/predictions/nb_s403539_mpnn_3_BHRF/nb_s403539_mpnn_3_BHRF_model_0.cif,0.243777,0.1202,0.0445,0.1765,0.8266057968139648,0.7521280646324158,0.5484992265701294,0.8961324691772461,0.8150800466537476,0.7613884210586548,6.620117664337158,0.5129225850105286,/scicore/home/schwede/barta0000/germinal_ds/templates_target_shuffle/nb_s403539_mpnn_3_BHRF/boltz_with_template/output/boltz_results_nb_s403539_mpnn_3_BHRF/predictions/nb_s403539_mpnn_3_BHRF/nb_s403539_mpnn_3_BHRF_model_0.cif,0.179614,0.2174,0.0449,0.1222,4.920486927032471,4.686300277709961,5.1546735763549805,0.1588837243520722,0.2054194187893,1.5827014446258545,1.394399881362915,1.771003007888794,4.419682264328003,4.071492830912272,4.767871697743733,0.2057748635453624,0.1989070169956663,1.614917814731598,1.5013654232025146,1.7284702062606812,4.3262304464976,3.8502829869588218,4.802177906036377,0.2024189730870824,0.2046344444622892,1.586530089378357,1.4867926836013794,1.6862674951553345,5.036728938420613,4.9073866208394366,5.16607125600179,0.1606100614847577,0.2074757913284646,1.572740614414215,1.3617780208587646,1.7837032079696655,4.614655494689941,4.289969762166341,4.939341227213542,0.1381383287379074,0.1944582180472811,1.637537956237793,1.4382718801498413,1.8368040323257449,4.623083670934042,4.223328113555908,5.022839228312175,0.1739688251087175,0.2154952044681274,1.5348166227340698,1.3875107765197754,1.6821224689483645,4.986272970835367,4.77317460378011,5.199371337890625,0.1027122673718842,0.2020361675445322,1.5993085503578186,1.5346299409866333,1.663987159729004
nb_s105306_mpnn_2_IL3,False,"A,B",12.409868799999998,78.65352580480328,686.66,38.95,8.1328125,62.69414740625787,0.030568,0.0775,0.0182,0.056,0.25,0.815,244.5,0.0,0.32,0.9443,1.125,5.700932159999999,88.8702,3535.43,192.19,4.094,77.34419287404707,0.39087,0.2134,0.2183,0.4026,0.62,0.78,3254.05,1.0,0.1986,0.07691957715458554,0.8143002658281948,23.949504852294922,62.67280578613281,51.911808,20.850912,0.47214606,,,,,,,0.23684152960777283,/scicore/home/schwede/barta0000/germinal_ds/templates_target_shuffle/nb_s105306_mpnn_2_IL3/chai_no_constraints/seed_1231/pred.model_idx_3.cif,0.2599771320819855,/scicore/home/schwede/barta0000/germinal_ds/templates_target_shuffle/nb_s105306_mpnn_2_IL3/chai_with_constraints/seed_1474/pred.model_idx_3.cif,0.23684152960777283,0.5863078236579895,0.14947494864463806,"[[0.9087096452713013, 0.3165816068649292]]","[[[0.9087096452713013, 0.14947494864463806], [0.10222984850406647, 0.3165816068649292]]]",0.14947494864463806,0.012466,0.102,0.0105,0.0113,0.2599771320819855,0.5947426557540894,0.1762857437133789,"[[0.9023776650428772, 0.3244071900844574]]","[[[0.9023776650428772, 0.1762857437133789], [0.1352570503950119, 0.3244071900844574]]]",0.1762857437133789,0.044298,0.1479,0.0112,0.0827,0.8080310821533203,0.8637994527816772,0.7951513528823853,0.8112509846687317,0.7342568039894104,0.4280272126197815,1.6743528842926025,0.7951513528823853,/scicore/home/schwede/barta0000/germinal_ds/templates_target_shuffle/nb_s105306_mpnn_2_IL3/boltz_free/output/boltz_results_nb_s105306_mpnn_2_IL3/predictions/nb_s105306_mpnn_2_IL3/nb_s105306_mpnn_2_IL3_model_0.cif,0.490879,0.0959,0.175,0.4751,0.7954921126365662,0.7612746953964233,0.5948249697685242,0.8456588387489319,0.8013231754302979,0.8190791606903076,7.217611312866211,0.5948249697685242,/scicore/home/schwede/barta0000/germinal_ds/templates_target_shuffle/nb_s105306_mpnn_2_IL3/boltz_with_template/output/boltz_results_nb_s105306_mpnn_2_IL3/predictions/nb_s105306_mpnn_2_IL3/nb_s105306_mpnn_2_IL3_model_0.cif,0.156854,0.1875,0.0434,0.1295,4.167426864306131,4.804703553517659,3.5301501750946045,0.1422647585302597,0.2171561517704464,1.527138590812683,1.344477891921997,1.7097992897033691,3.570149580637614,3.966890255610148,3.17340890566508,0.1362114055061549,0.2144785392693154,1.5395455956459043,1.3408191204071045,1.7382720708847046,3.7358371814092,4.103801091512044,3.367873271306356,0.149409974265053,0.2328942654258532,1.4571707248687744,1.2945959568023682,1.6197454929351809,4.373056769371033,5.065372467041016,3.68074107170105,0.1335847890749815,0.216991275178417,1.527898132801056,1.36544930934906,1.6903469562530518,3.032558917999268,3.879928112030029,2.185189723968506,0.1159218574307331,0.1418800279888975,1.9527734518051147,1.556732416152954,2.3488144874572754,3.5607056220372515,4.12467082341512,2.9967404206593837,0.1139730516999205,0.1542007365912447,1.869500041007996,1.3542847633361816,2.3847153186798096,3.837472637494405,4.789400736490886,2.885544538497925,0.0833565388386933,0.1419486623185821,1.9522898197174072,1.438779592514038,2.4658000469207764
nb_s64546_mpnn_3_PDL1,False,"A,B",13.210867204329789,82.47358390682899,34.42,4.14,4.502941176470588,68.03926581505876,0.00497,0.046,0.0132,0.0,0.21,0.855,-139.73,0.0,0.28,0.7773,0.529,4.912245900763766,96.0815611814346,15409.87,837.6,2.3379411764705886,93.04444376627605,0.429374,0.131,0.5664,0.3994,0.72,0.82,45810.28,1.0,0.1084,0.09313419339351671,0.8097845993537821,18.42332649230957,60.656341552734375,69.42059,16.848421,0.50811166,,,,,,,0.3073018789291382,/scicore/home/schwede/barta0000/germinal_ds/templates_target_shuffle/nb_s64546_mpnn_3_PDL1/chai_no_constraints/seed_4266/pred.model_idx_4.cif,0.41269442439079285,/scicore/home/schwede/barta0000/germinal_ds/templates_target_shuffle/nb_s64546_mpnn_3_PDL1/chai_with_constraints/seed_3177/pred.model_idx_0.cif,0.3073018789291382,0.6626299619674683,0.21846985816955566,"[[0.9277220368385315, 0.8775081634521484]]","[[[0.9277220368385315, 0.21846985816955566], [0.1983852982521057, 0.8775081634521484]]]",0.21846985816955566,0.09146,0.0591,0.0138,0.0629,0.41269442439079285,0.7278388738632202,0.3339083194732666,"[[0.9267145991325378, 0.8816540241241455]]","[[[0.9267145991325378, 0.3339083194732666], [0.3244004547595978, 0.8816540241241455]]]",0.3339083194732666,0.195067,0.1525,0.0474,0.2001,0.8592263460159302,0.9359694123268127,0.9006726145744324,0.848864734172821,0.8084352016448975,0.3624405264854431,1.2577131986618042,0.8808404207229614,/scicore/home/schwede/barta0000/germinal_ds/templates_target_shuffle/nb_s64546_mpnn_3_PDL1/boltz_free/output/boltz_results_nb_s64546_mpnn_3_PDL1/predictions/nb_s64546_mpnn_3_PDL1/nb_s64546_mpnn_3_PDL1_model_0.cif,0.75096,0.2438,0.4325,0.6428,0.7661808729171753,0.7022963166236877,0.4268036484718323,0.8510251641273499,0.81765216588974,0.6983027458190918,9.569234848022461,0.4268036484718323,/scicore/home/schwede/barta0000/germinal_ds/templates_target_shuffle/nb_s64546_mpnn_3_PDL1/boltz_with_template/output/boltz_results_nb_s64546_mpnn_3_PDL1/predictions/nb_s64546_mpnn_3_PDL1/nb_s64546_mpnn_3_PDL1_model_0.cif,0.054465,0.2805,0.0185,0.0155,5.06269907951355,5.661715666453044,4.463682492574056,0.1642681205650386,0.2503503918531127,1.384893774986267,1.2195587158203125,1.5502288341522217,4.715929428736368,4.923348744710286,4.508510112762451,0.1592480064091068,0.2149201022468359,1.5374889373779297,1.5726275444030762,1.5023503303527832,5.210861762364706,5.708460807800293,4.713262716929118,0.1861712631646089,0.2469937907681362,1.3983920812606812,1.2994170188903809,1.4973671436309814,5.285532077153524,6.022343635559082,4.548720518747966,0.1931367939904093,0.2551580441829491,1.365872144699097,1.202809453010559,1.5289348363876345,5.146256923675537,5.779748598734538,4.512765248616536,0.1291957433740232,0.2115500416392823,1.5532937049865725,1.390634298324585,1.7159531116485596,5.122860749562582,5.868711471557617,4.377010027567546,0.1520836049242604,0.2293883511390286,1.472338855266571,1.3412158489227295,1.6034618616104126,5.1630137761433925,5.74731461207072,4.5787129402160645,0.1284169097978417,0.2256195978117433,1.488904893398285,1.3436577320098877,1.634152054786682
nb_s606821_mpnn_1_IL3,False,"A,B",10.845264,77.88004081632651,343.5,12.59,8.036290322580644,62.17447129456937,0.089664,0.1469,0.0239,0.1119,0.33,0.8,34.54,0.0,0.39,0.9718,0.369,4.70112176,91.5886,7887.3,568.57,3.7294897959183673,86.60191588706158,0.516798,0.4554,0.4918,0.5102,0.72,0.83,3784.73,1.0,0.9739,0.09310679014979001,0.8203586631580576,,,51.629356,20.846231,0.47286505,,,,,,,0.320792555809021,/scicore/home/schwede/barta0000/germinal_ds/templates_target_shuffle/nb_s606821_mpnn_1_IL3/chai_no_constraints/seed_2801/pred.model_idx_2.cif,0.31524235010147095,/scicore/home/schwede/barta0000/germinal_ds/templates_target_shuffle/nb_s606821_mpnn_1_IL3/chai_with_constraints/seed_4912/pred.model_idx_0.cif,0.320792555809021,0.6206978559494019,0.24581624567508698,"[[0.892939031124115, 0.31450241804122925]]","[[[0.892939031124115, 0.20687755942344666], [0.24581624567508698, 0.31450241804122925]]]",0.20687755942344666,0.063823,0.0825,0.0127,0.0892,0.31524235010147095,0.628305971622467,0.23697644472122192,"[[0.8650301694869995, 0.347771555185318]]","[[[0.8650301694869995, 0.23697644472122192], [0.21295756101608276, 0.347771555185318]]]",0.23697644472122192,0.112274,0.1795,0.0225,0.1523,0.7786772847175598,0.7263029217720032,0.5140758156776428,0.8448276519775391,0.7982375025749207,0.703301727771759,5.371572971343994,0.5140758156776428,/scicore/home/schwede/barta0000/germinal_ds/templates_target_shuffle/nb_s606821_mpnn_1_IL3/boltz_free/output/boltz_results_nb_s606821_mpnn_1_IL3/predictions/nb_s606821_mpnn_1_IL3/nb_s606821_mpnn_1_IL3_model_0.cif,0.104653,0.1721,0.0274,0.0681,0.8021308779716492,0.7410085797309875,0.5288113951683044,0.8704608082771301,0.8178061842918396,0.7473179697990417,6.258835315704346,0.5288113951683044,/scicore/home/schwede/barta0000/germinal_ds/templates_target_shuffle/nb_s606821_mpnn_1_IL3/boltz_with_template/output/boltz_results_nb_s606821_mpnn_1_IL3/predictions/nb_s606821_mpnn_1_IL3/nb_s606821_mpnn_1_IL3_model_0.cif,0.138206,0.2153,0.0357,0.1031,4.002971569697063,4.774448394775391,3.231494744618734,0.1998760597409403,0.2180027894161874,1.5232474207878113,1.4313910007476809,1.615103840827942,3.649768431981404,4.133419036865234,3.1661178270975747,0.1590078357186075,0.1747428454535783,1.7444398403167725,1.5684648752212524,1.9204148054122925,3.8158454100290937,4.19048547744751,3.441205342610677,0.190518803774527,0.2108485252704118,1.5566152930259705,1.3983676433563232,1.7148629426956177,4.0541807015736895,4.80644416809082,3.301917235056559,0.1813241136921941,0.2223777833942652,1.503377616405487,1.4080129861831665,1.5987422466278076,3.4549384117126465,4.36403767267863,2.545839150746664,0.1090409092118103,0.1400176256094601,1.965986967086792,1.4143657684326172,2.517608165740967,3.7799723148345943,5.167279561360677,2.392665068308512,0.1991408875766331,0.171859786199152,1.7610763311386108,1.2635653018951416,2.25858736038208,4.033808549245198,4.889311631520589,3.178305466969808,0.12830762856152,0.1435143084183469,1.941320538520813,1.470196008682251,2.412445068359375
nb_s807321_mpnn_2_IL3,False,"A,B",11.3240912,82.11171929824562,267.26,11.33,4.455319148936171,64.21928081855026,0.067364,0.1215,0.0167,0.0612,0.35,0.845,35.49,0.0,0.41,0.4929,0.54,5.015507680000001,91.94484000000001,37510.03,1305.7,2.278125,83.68414595068955,0.55479,0.3366,0.3273,0.5006,0.76,0.84,19440.15,1.0,0.5926,0.18449718678161367,0.8279362412147069,25.999217987060547,55.42420196533203,55.568165,20.91851,0.46978503,,,,,,,0.24954639375209808,/scicore/home/schwede/barta0000/germinal_ds/templates_target_shuffle/nb_s807321_mpnn_2_IL3/chai_no_constraints/seed_1536/pred.model_idx_2.cif,0.3156052231788635,/scicore/home/schwede/barta0000/germinal_ds/templates_target_shuffle/nb_s807321_mpnn_2_IL3/chai_with_constraints/seed_1894/pred.model_idx_3.cif,0.24954639375209808,0.6022089719772339,0.16138073801994324,"[[0.931031346321106, 0.3148813843727112]]","[[[0.931031346321106, 0.16138073801994324], [0.13378266990184784, 0.3148813843727112]]]",0.16138073801994324,0.019953,0.0507,0.0105,0.0161,0.3156052231788635,0.6508824229240417,0.23178590834140778,"[[0.9314425587654114, 0.3593110740184784]]","[[[0.9314425587654114, 0.23178590834140778], [0.2217370867729187, 0.3593110740184784]]]",0.23178590834140778,0.112452,0.0547,0.0168,0.1223,0.8474613428115845,0.890678346157074,0.8250818252563477,0.8530561327934265,0.760080099105835,0.37264543771743774,1.680485486984253,0.8250818252563477,/scicore/home/schwede/barta0000/germinal_ds/templates_target_shuffle/nb_s807321_mpnn_2_IL3/boltz_free/output/boltz_results_nb_s807321_mpnn_2_IL3/predictions/nb_s807321_mpnn_2_IL3/nb_s807321_mpnn_2_IL3_model_0.cif,0.543737,0.1379,0.2033,0.5377,0.8520973324775696,0.7965942025184631,0.6322157382965088,0.9070677161216736,0.8504553437232971,0.6036617755889893,4.720426559448242,0.6029039025306702,/scicore/home/schwede/barta0000/germinal_ds/templates_target_shuffle/nb_s807321_mpnn_2_IL3/boltz_with_template/output/boltz_results_nb_s807321_mpnn_2_IL3/predictions/nb_s807321_mpnn_2_IL3/nb_s807321_mpnn_2_IL3_model_0.cif,0.256023,0.2414,0.119,0.2571,4.226427237192789,5.062222321828206,3.390632152557373,0.1551421426256627,0.2342596186214595,1.451325297355652,1.2490322589874268,1.653618335723877,4.072078982988994,5.148762861887614,2.995395104090373,0.1047539993021228,0.2108715628506861,1.5565060377120972,1.232915997505188,1.8800960779190063,4.348849455515544,5.264868259429932,3.432830651601156,0.1255327052297458,0.2421403251291951,1.4182378649711609,1.1794264316558838,1.657049298286438,4.4515291055043535,5.222346146901448,3.6807120641072593,0.1407378721755548,0.2278021364942047,1.4792778491973877,1.251721978187561,1.7068337202072144,3.959254503250122,5.5144392649332685,2.404069741566976,0.0375768805343965,0.16824202147188,1.7823517322540283,1.2965495586395264,2.2681539058685303,4.036644021670024,5.37078857421875,2.7024994691212973,0.0684139805762184,0.1850998874780232,1.686859667301178,1.2809737920761108,2.092745542526245,4.078948060671488,5.260333855946858,2.897562265396118,0.0876211733215954,0.1442762720070306,1.9360252618789675,1.478574514389038,2.3934760093688965
nb_s776407_mpnn_2_IL3,False,"A,B",13.370335999999998,75.78755255255255,345.49,15.79,7.779166666666667,56.00328775004391,0.006365,0.0558,0.0126,0.0229,0.2,0.795,61.53,0.0,0.28,0.9885,0.498,6.726334400000001,86.8424,10555.23,558.9,6.398000000000001,72.81642804827008,0.3205,0.1432,0.104,0.3322,0.57,0.73,33488.01,1.0,0.5185,0.10727513250843902,0.815925310572113,24.407247734069824,45.74985122680664,50.98983,21.293587,0.45769793,,,,,,,0.242773175239563,/scicore/home/schwede/barta0000/germinal_ds/templates_target_shuffle/nb_s776407_mpnn_2_IL3/chai_no_constraints/seed_1744/pred.model_idx_4.cif,0.3409092426300049,/scicore/home/schwede/barta0000/germinal_ds/templates_target_shuffle/nb_s776407_mpnn_2_IL3/chai_with_constraints/seed_4758/pred.model_idx_1.cif,0.242773175239563,0.576248824596405,0.15940426290035248,"[[0.8776726126670837, 0.3146805167198181]]","[[[0.8776726126670837, 0.15940426290035248], [0.1426343321800232, 0.3146805167198181]]]",0.15940426290035248,0.015982,0.0572,0.0105,0.0042,0.3409092426300049,0.6497564315795898,0.26369744539260864,"[[0.8920207023620605, 0.32630589604377747]]","[[[0.8920207023620605, 0.25755614042282104], [0.26369744539260864, 0.32630589604377747]]]",0.25755614042282104,0.136513,0.0687,0.0293,0.1785,0.8064932823181152,0.782979428768158,0.6093114018440247,0.8557887077331543,0.7728259563446045,0.5351649522781372,3.558126449584961,0.6093114018440247,/scicore/home/schwede/barta0000/germinal_ds/templates_target_shuffle/nb_s776407_mpnn_2_IL3/boltz_free/output/boltz_results_nb_s776407_mpnn_2_IL3/predictions/nb_s776407_mpnn_2_IL3/nb_s776407_mpnn_2_IL3_model_0.cif,0.224503,0.0655,0.07,0.2148,0.7895253896713257,0.7460517883300781,0.5328938961029053,0.8536832332611084,0.7804170250892639,0.7421914339065552,5.688096523284912,0.5058250427246094,/scicore/home/schwede/barta0000/germinal_ds/templates_target_shuffle/nb_s776407_mpnn_2_IL3/boltz_with_template/output/boltz_results_nb_s776407_mpnn_2_IL3/predictions/nb_s776407_mpnn_2_IL3/nb_s776407_mpnn_2_IL3_model_0.cif,0.177849,0.1069,0.0407,0.1433,4.216151436169942,4.849077542622884,3.5832253297170005,0.197236058555027,0.2314653107931613,1.463325262069702,1.285093069076538,1.6415574550628662,3.98142139116923,4.928569634755452,3.034273147583008,0.1564825541072438,0.2017812967387022,1.6005708575248718,1.4105205535888672,1.7906211614608765,4.244361201922099,4.867382685343425,3.621339718500773,0.133111828631361,0.2208434954052079,1.5103009939193726,1.3442022800445557,1.6763997077941897,4.295968095461528,4.896673838297526,3.695262352625529,0.180118751088055,0.2345148329202644,1.450236439704895,1.2970995903015137,1.6033732891082764,3.809822678565979,5.099442640940349,2.52020271619161,0.1387890675895701,0.1499185791925367,1.897662937641144,1.4741793870925903,2.3211464881896973,3.663174827893575,4.883188406626384,2.4431612491607666,0.1939086129220953,0.1675893144614853,1.7862388491630554,1.3774312734603882,2.1950464248657227,3.942335923512776,5.099518299102783,2.78515354792277,0.1517533918594771,0.1399754194171151,1.966288447380066,1.498149871826172,2.43442702293396
nb_s972445_mpnn_2_IL20,False,"A,B",14.39895663265306,80.11098382749326,145.44,8.39,8.1421875,67.65146953692856,0.00578,0.1066,0.0116,0.0,0.16,0.85,-55.19,0.0,0.24,0.7997,0.921,5.555212627551021,92.99549999999999,20620.17,972.77,3.6325000000000003,87.17206810260642,0.370227,0.2837,0.3807,0.3482,0.64,0.79,51006.02,1.0,0.9858,0.12517871566208097,0.8280055938954061,9.583429553292014,70.77230834960938,74.115555,13.579822,0.57222366,,,,,,,0.30158883333206177,/scicore/home/schwede/barta0000/germinal_ds/templates_target_shuffle/nb_s972445_mpnn_2_IL20/chai_no_constraints/seed_1234/pred.model_idx_3.cif,0.4159468412399292,/scicore/home/schwede/barta0000/germinal_ds/templates_target_shuffle/nb_s972445_mpnn_2_IL20/chai_with_constraints/seed_1060/pred.model_idx_1.cif,0.30158883333206177,0.616121768951416,0.2229555994272232,"[[0.8948371410369873, 0.8983235955238342]]","[[[0.8948371410369873, 0.2229555994272232], [0.16775378584861755, 0.8983235955238342]]]",0.2229555994272232,0.063273,0.0891,0.0143,0.0235,0.4159468412399292,0.6656861305236816,0.3535120189189911,"[[0.9061129093170166, 0.8636876344680786]]","[[[0.9061129093170166, 0.34597259759902954], [0.3535120189189911, 0.8636876344680786]]]",0.34597259759902954,0.176706,0.1105,0.0417,0.1479,0.575447142124176,0.5943078398704529,0.29197263717651367,0.6463157534599304,0.5560204982757568,1.279681921005249,7.134413242340088,0.256486713886261,/scicore/home/schwede/barta0000/germinal_ds/templates_target_shuffle/nb_s972445_mpnn_2_IL20/boltz_free/output/boltz_results_nb_s972445_mpnn_2_IL20/predictions/nb_s972445_mpnn_2_IL20/nb_s972445_mpnn_2_IL20_model_0.cif,0.045152,0.0408,0.0122,0.0457,0.8528699278831482,0.8340328931808472,0.7279189825057983,0.8841075897216797,0.8475050926208496,0.6423547267913818,2.8757078647613525,0.7278236746788025,/scicore/home/schwede/barta0000/germinal_ds/templates_target_shuffle/nb_s972445_mpnn_2_IL20/boltz_with_template/output/boltz_results_nb_s972445_mpnn_2_IL20/predictions/nb_s972445_mpnn_2_IL20/nb_s972445_mpnn_2_IL20_model_0.cif,0.446864,0.2724,0.312,0.3888,4.302956144014995,4.602620760599772,4.003291527430217,0.1210184793696207,0.1985056300781451,1.616937816143036,1.4227533340454102,1.8111222982406616,3.900332530339559,4.541892687479655,3.258772373199463,0.1311645134192386,0.1552536144842899,1.8626952767372127,1.3420478105545044,2.383342742919922,3.85164479414622,4.517314275105794,3.185975313186645,0.0946636714456394,0.1751677714606417,1.7420110702514648,1.265693426132202,2.2183287143707275,4.446253538131714,4.78825044631958,4.104256629943848,0.1472774928947576,0.2011645772500175,1.6036319136619568,1.42148756980896,1.7857762575149536,4.449772079785665,4.857955773671468,4.041588385899861,0.1016357819032872,0.1971470339684687,1.6238054633140564,1.354853868484497,1.892757058143616,4.458160956700644,4.958495299021403,3.957826614379883,0.0897203493235317,0.2040230133493215,1.5895224809646606,1.3874430656433103,1.7916018962860107,4.785204648971558,5.232594648996989,4.337814648946126,0.1280452735551694,0.1699979296786918,1.7719690203666687,1.6148247718811035,1.9291132688522337
nb_s558025_mpnn_4_PDL1,False,"A,B",9.448916662215812,82.65431720430108,25.09,1.79,5.7578125,70.21855541010525,0.111057,0.1129,0.0488,0.1271,0.42,0.825,-155.09,0.0,0.47,0.9919,0.804,4.103283661806334,94.5575105485232,6649.9,506.89,3.305,91.68888982137044,0.638048,0.2602,0.7123,0.5994,0.83,0.87,3503.76,1.0,0.1514,0.22108021856715163,0.8485425254374082,,,67.19273,17.686697,0.48283798,,,,,,,0.31064826250076294,/scicore/home/schwede/barta0000/germinal_ds/templates_target_shuffle/nb_s558025_mpnn_4_PDL1/chai_no_constraints/seed_1794/pred.model_idx_1.cif,0.43779313564300537,/scicore/home/schwede/barta0000/germinal_ds/templates_target_shuffle/nb_s558025_mpnn_4_PDL1/chai_with_constraints/seed_271/pred.model_idx_4.cif,0.31064826250076294,0.6437710523605347,0.22736753523349762,"[[0.8786278367042542, 0.8731329441070557]]","[[[0.8786278367042542, 0.227329820394516], [0.22736753523349762, 0.8731329441070557]]]",0.227329820394516,0.094761,0.138,0.0211,0.0895,0.43779313564300537,0.7332637310028076,0.3639254570007324,"[[0.8944911956787109, 0.8806517720222473]]","[[[0.8944911956787109, 0.3639254570007324], [0.3578921854496002, 0.8806517720222473]]]",0.3639254570007324,0.234266,0.076,0.0436,0.2607,0.8397957682609558,0.7373127341270447,0.5417693853378296,0.9143023490905762,0.8700332045555115,0.6062151789665222,3.992762327194214,0.45146507024765015,/scicore/home/schwede/barta0000/germinal_ds/templates_target_shuffle/nb_s558025_mpnn_4_PDL1/boltz_free/output/boltz_results_nb_s558025_mpnn_4_PDL1/predictions/nb_s558025_mpnn_4_PDL1/nb_s558025_mpnn_4_PDL1_model_0.cif,0.151224,0.175,0.0794,0.1588,0.8780598044395447,0.8192541003227234,0.6560766696929932,0.933555543422699,0.8888225555419922,0.45727860927581787,2.9175832271575928,0.648959755897522,/scicore/home/schwede/barta0000/germinal_ds/templates_target_shuffle/nb_s558025_mpnn_4_PDL1/boltz_with_template/output/boltz_results_nb_s558025_mpnn_4_PDL1/predictions/nb_s558025_mpnn_4_PDL1/nb_s558025_mpnn_4_PDL1_model_0.cif,0.331487,0.1793,0.2929,0.3834,4.8738694190979,5.31537659962972,4.432362238566081,0.0895756889796142,0.2391065440263839,1.4308460354804993,1.4171957969665527,1.4444962739944458,4.817636171976725,5.043928941090901,4.591343402862549,0.1339697915855743,0.2388844322419985,1.4317753911018372,1.3533049821853638,1.5102458000183103,4.916970252990723,5.2611188888549805,4.572821617126465,0.1158147481209598,0.2492700753428252,1.3892183303833008,1.2885178327560425,1.489918828010559,4.944953441619873,5.371162096659343,4.518744786580403,0.0954407355277063,0.2428162837002191,1.415450155735016,1.3826744556427002,1.4482258558273315,4.794856230417888,5.01341978708903,4.576292673746745,0.1641741420444531,0.2302491491029888,1.4685932993888855,1.3538368940353394,1.5833497047424316,4.623537619908651,4.896262804667155,4.3508124351501465,0.1112193633610294,0.2261864685432305,1.486395537853241,1.387138605117798,1.585652470588684,4.827180862426758,4.986486593882243,4.6678751309712725,0.1372665921938436,0.2164530358535862,1.530381679534912,1.4588629007339478,1.6019004583358765
nb_s276607_mpnn_4_IL20,False,"A,B",14.182061224489797,78.72508835523334,599.03,39.14,8.226086956521739,65.23534549548111,0.005648,0.0739,0.0111,0.0,0.17,0.84,246.2,0.0,0.25,0.4203,0.285,4.658890688775511,94.10935714285715,2257.84,118.86,3.25425,90.47909233786844,0.489531,0.2275,0.5265,0.4745,0.71,0.84,2938.71,1.0,0.0312,0.040063095038987306,0.8089871042016408,16.806654044560023,56.02553176879883,72.186905,15.697713,0.54516,,,,,,,0.3529365658760071,/scicore/home/schwede/barta0000/germinal_ds/templates_target_shuffle/nb_s276607_mpnn_4_IL20/chai_no_constraints/seed_2264/pred.model_idx_4.cif,0.6894139051437378,/scicore/home/schwede/barta0000/germinal_ds/templates_target_shuffle/nb_s276607_mpnn_4_IL20/chai_with_constraints/seed_1014/pred.model_idx_0.cif,0.3529365658760071,0.6359508037567139,0.2821829915046692,"[[0.8600285053253174, 0.8946629762649536]]","[[[0.8600285053253174, 0.2821829915046692], [0.21131695806980133, 0.8946629762649536]]]",0.2821829915046692,0.063248,0.1562,0.0184,0.0597,0.6894139051437378,0.8286319375038147,0.6546094417572021,"[[0.8919757008552551, 0.8950707316398621]]","[[[0.8919757008552551, 0.6546094417572021], [0.6089146733283997, 0.8950707316398621]]]",0.6546094417572021,0.513118,0.3895,0.3878,0.4307,0.6204647421836853,0.745114266872406,0.6146787405014038,0.6219112277030945,0.5695292949676514,0.9498805999755859,4.884823799133301,0.6146787405014038,/scicore/home/schwede/barta0000/germinal_ds/templates_target_shuffle/nb_s276607_mpnn_4_IL20/boltz_free/output/boltz_results_nb_s276607_mpnn_4_IL20/predictions/nb_s276607_mpnn_4_IL20/nb_s276607_mpnn_4_IL20_model_0.cif,0.204325,0.0651,0.0242,0.141,0.817448616027832,0.7613665461540222,0.6898496150970459,0.8493483662605286,0.8161091804504395,0.9009570479393005,5.467373847961426,0.6898496150970459,/scicore/home/schwede/barta0000/germinal_ds/templates_target_shuffle/nb_s276607_mpnn_4_IL20/boltz_with_template/output/boltz_results_nb_s276607_mpnn_4_IL20/predictions/nb_s276607_mpnn_4_IL20/nb_s276607_mpnn_4_IL20_model_0.cif,0.266738,0.2928,0.0938,0.2111,4.398152192433676,4.42438268661499,4.37192169825236,0.1533697808189951,0.2007759863234919,1.6055654883384705,1.4388675689697266,1.7722634077072144,3.309720754623413,3.779879331588745,2.839562177658081,0.091292910413693,0.1689530815110083,1.7781342267990112,1.302325963973999,2.2539424896240234,3.2315215667088824,3.628707885742188,2.8343352476755777,0.1142687948428734,0.1655925270740803,1.798225164413452,1.4088141918182373,2.187636137008667,4.371711095174154,4.426316738128662,4.3171054522196455,0.155141556409009,0.2051804946911103,1.583865225315094,1.421839475631714,1.745890974998474,3.7721893787384033,3.7083897590637207,3.835988998413086,0.1219510400381645,0.1918226174865029,1.6511842012405396,1.4999287128448486,1.8024396896362305,3.962070981661479,3.9695831139882407,3.954558849334717,0.1180098688420186,0.1918976932263541,1.6507928967475891,1.4966661930084229,1.8049196004867556,4.512807369232178,4.658342997233073,4.367271741231282,0.0968602178615482,0.1771129452994678,1.73096764087677,1.5629938840866089,1.8989413976669312
nb_s206651_mpnn_1_IL3,False,"A,B",9.432630399999999,83.50267382413087,209.78,13.48,3.856896551724138,77.50329811007867,0.140744,0.2484,0.0779,0.1297,0.49,0.835,69.85,0.0,0.53,0.0478,0.671,5.44619888,91.8052,16366.39,738.58,2.7241176470588235,86.8715790196469,0.390233,0.3714,0.4804,0.4045,0.66,0.79,17743.08,1.0,0.9385,0.10841846356250859,0.8391091105884583,25.0150883992513,35.83528518676758,52.9848,21.139061,0.4633091,,,,,,,0.24659791588783264,/scicore/home/schwede/barta0000/germinal_ds/templates_target_shuffle/nb_s206651_mpnn_1_IL3/chai_no_constraints/seed_2690/pred.model_idx_3.cif,0.33628982305526733,/scicore/home/schwede/barta0000/germinal_ds/templates_target_shuffle/nb_s206651_mpnn_1_IL3/chai_with_constraints/seed_1291/pred.model_idx_3.cif,0.24659791588783264,0.5772240161895752,0.1639413833618164,"[[0.8686328530311584, 0.3101271986961365]]","[[[0.8686328530311584, 0.1639413833618164], [0.14412938058376312, 0.3101271986961365]]]",0.1639413833618164,0.01991,0.1021,0.0107,0.013,0.33628982305526733,0.6483067274093628,0.2582855820655823,"[[0.88742995262146, 0.3219488561153412]]","[[[0.88742995262146, 0.2582855820655823], [0.25260767340660095, 0.3219488561153412]]]",0.2582855820655823,0.137322,0.1379,0.0223,0.1852,0.7748903632164001,0.7788712978363037,0.6168501973152161,0.8144003748893738,0.7253949046134949,0.7225317358970642,3.9912269115448,0.6168501973152161,/scicore/home/schwede/barta0000/germinal_ds/templates_target_shuffle/nb_s206651_mpnn_1_IL3/boltz_free/output/boltz_results_nb_s206651_mpnn_1_IL3/predictions/nb_s206651_mpnn_1_IL3/nb_s206651_mpnn_1_IL3_model_0.cif,0.19841,0.2357,0.0388,0.1726,0.8379823565483093,0.809028685092926,0.6944981813430786,0.8738534450531006,0.8099247217178345,0.7396830320358276,4.881056785583496,0.6944981813430786,/scicore/home/schwede/barta0000/germinal_ds/templates_target_shuffle/nb_s206651_mpnn_1_IL3/boltz_with_template/output/boltz_results_nb_s206651_mpnn_1_IL3/predictions/nb_s206651_mpnn_1_IL3/nb_s206651_mpnn_1_IL3_model_0.cif,0.297351,0.367,0.1054,0.3173,3.731447656949361,3.7810744444529214,3.681820869445801,0.2279352501412164,0.2248369816497233,1.492379665374756,1.3172128200531006,1.6675465106964111,3.286188999811809,3.528656005859375,3.0437219937642417,0.1526303249349215,0.2034906318746706,1.592135310173035,1.3522076606750488,1.8320629596710205,3.3296045462290444,3.4386483828226724,3.2205607096354165,0.1450759842805501,0.2181232768835879,1.5226948857307434,1.3556052446365356,1.6897845268249512,3.819129467010498,3.9784909884134927,3.659767945607504,0.2183385374193389,0.2231008364708265,1.5001314282417295,1.3377102613449097,1.6625525951385498,3.105343143145244,3.628567934036255,2.582118352254232,0.1093688632747868,0.149791074276192,1.8985137939453125,1.5075469017028809,2.289480686187744,3.276053031285604,3.6357420285542807,2.9163640340169272,0.1594855931533513,0.1633647021306024,1.8117701411247251,1.3830629587173462,2.2404773235321045,3.4486576716105146,4.021854877471924,2.875460465749105,0.0787175399035186,0.1398789804043182,1.966977655887604,1.4417721033096311,2.492183208465576
nb_s442197_mpnn_3_PDL1,False,"A,B",11.100913315173852,82.43838502673796,106.2,8.99,6.793749999999999,64.6158019963797,0.033409,0.0587,0.0252,0.0448,0.28,0.84,-118.82,0.0,0.34,0.1211,0.681,5.754693158147733,91.8520253164557,5991.69,395.25,5.244705882352941,80.3495002746582,0.338573,0.132,0.3234,0.3679,0.58,0.76,9908.41,1.0,,0.1334834898436044,0.8767655419531898,24.12971305847168,54.76378631591797,66.90304,17.440815,0.4803659,,,,,,,0.3091370463371277,/scicore/home/schwede/barta0000/germinal_ds/templates_target_shuffle/nb_s442197_mpnn_3_PDL1/chai_no_constraints/seed_1769/pred.model_idx_1.cif,0.4436476230621338,/scicore/home/schwede/barta0000/germinal_ds/templates_target_shuffle/nb_s442197_mpnn_3_PDL1/chai_with_constraints/seed_1335/pred.model_idx_0.cif,0.3091370463371277,0.6507635712623596,0.2237304300069809,"[[0.8919302225112915, 0.8814478516578674]]","[[[0.8919302225112915, 0.2237304300069809], [0.219804048538208, 0.8814478516578674]]]",0.2237304300069809,0.097133,0.0559,0.015,0.0664,0.4436476230621338,0.7326064109802246,0.3714078962802887,"[[0.8939963579177856, 0.8827142715454102]]","[[[0.8939963579177856, 0.3714078962802887], [0.34571272134780884, 0.8827142715454102]]]",0.3714078962802887,0.246108,0.0666,0.0389,0.2654,0.7876809239387512,0.7695305347442627,0.5687455534934998,0.8424147367477417,0.7533484697341919,0.4840447008609772,4.1090850830078125,0.4994523227214813,/scicore/home/schwede/barta0000/germinal_ds/templates_target_shuffle/nb_s442197_mpnn_3_PDL1/boltz_free/output/boltz_results_nb_s442197_mpnn_3_PDL1/predictions/nb_s442197_mpnn_3_PDL1/nb_s442197_mpnn_3_PDL1_model_0.cif,0.179619,0.0587,0.0522,0.1754,0.7846086621284485,0.7041655778884888,0.44047605991363525,0.870641827583313,0.7863556146621704,0.648838460445404,6.928097724914551,0.4106232523918152,/scicore/home/schwede/barta0000/germinal_ds/templates_target_shuffle/nb_s442197_mpnn_3_PDL1/boltz_with_template/output/boltz_results_nb_s442197_mpnn_3_PDL1/predictions/nb_s442197_mpnn_3_PDL1/nb_s442197_mpnn_3_PDL1_model_0.cif,0.090764,0.0678,0.0283,0.0838,4.844636599222819,5.195175806681315,4.494097391764323,0.1283039515099312,0.2379427992033399,1.4357249736785889,1.4049283266067505,1.4665216207504272,4.880847613016764,5.166583855946858,4.59511137008667,0.1782876171543355,0.2232156264034851,1.499617040157318,1.3947501182556152,1.604483962059021,4.763147910435995,4.949679056803386,4.576616764068604,0.1630516978328056,0.2310930384946602,1.4649348855018616,1.4394367933273315,1.4904329776763916,4.979353109995524,5.369838873545329,4.58886734644572,0.1215737508334106,0.241362371130692,1.4214558601379397,1.3949463367462158,1.447965383529663,4.708742618560791,4.977348804473877,4.440136432647705,0.1362715071369739,0.2126810502307037,1.5479616522789,1.4448299407958984,1.651093363761902,4.808348019917806,5.150365193684896,4.466330846150716,0.1326657576653613,0.2170057484578118,1.5278314352035522,1.4203311204910278,1.6353317499160769,5.014427979787191,5.356278896331787,4.672577063242595,0.0953054098445582,0.2108321252536076,1.5566930770874023,1.5270040035247805,1.5863821506500244
