sample,binding,interface,af3_pae,af3_plddt,af3_interface_dG,af3_interface_dG_SASA_ratio,af3_ipae,af3_iplddt,af3_ipsae,af3_pdockq,af3_pdockq2,af3_lis,af3_iptm,af3_ptm,af3_pyros_binder_score,af3_rank,af3_ranking_score,af3_rank0_masif,cf_af3_rmsd,cf_pae,cf_plddt,cf_interface_dG,cf_interface_dG_SASA_ratio,cf_ipae,cf_iplddt,cf_ipsae,cf_pdockq,cf_pdockq2,cf_lis,cf_iptm,cf_ptm,cf_pyros_binder_score,cf_rank,cf_rank0_masif,pred_ilddt,pred_lddt,esmfold_ipae,esmfold_iplddt,esmfold_plddt,esmfold_pae,esmfold_ptm,esmfold2_ipae,esmfold2_iplddt,esmfold2_plddt,esmfold2_pae,esmfold2_ptm,esmfold2_iptm,chai_unconstrained_score,chai_unconstrained_model_path,chai_constrained_score,chai_constrained_model_path,chai_unconstrained_aggregate_score,chai_unconstrained_ptm,chai_unconstrained_iptm,chai_unconstrained_per_chain_ptm,chai_unconstrained_per_chain_pair_iptm,chai_unconstrained_interface_iptm,chai_unconstrained_ipsae,chai_unconstrained_pdockq,chai_unconstrained_pdockq2,chai_unconstrained_lis,chai_constrained_aggregate_score,chai_constrained_ptm,chai_constrained_iptm,chai_constrained_per_chain_ptm,chai_constrained_per_chain_pair_iptm,chai_constrained_interface_iptm,chai_constrained_ipsae,chai_constrained_pdockq,chai_constrained_pdockq2,chai_constrained_lis,boltz_free_confidence_score,boltz_free_ptm,boltz_free_iptm,boltz_free_plddt,boltz_free_iplddt,boltz_free_pde,boltz_free_ipde,boltz_free_per_chain_pair_iptm,boltz_free_model_path,boltz_free_ipsae,boltz_free_pdockq,boltz_free_pdockq2,boltz_free_lis,boltz_template_confidence_score,boltz_template_ptm,boltz_template_iptm,boltz_template_plddt,boltz_template_iplddt,boltz_template_pde,boltz_template_ipde,boltz_template_per_chain_pair_iptm,boltz_template_model_path,boltz_template_ipsae,boltz_template_pdockq,boltz_template_pdockq2,boltz_template_lis,boltz_free_esm3dg_dg,boltz_free_esm3dg_dg_a,boltz_free_esm3dg_dg_b,boltz_free_esm3dg_dg_std,boltz_free_mpnn_confidence,boltz_free_mpnn_nll,boltz_free_mpnn_nll_a,boltz_free_mpnn_nll_b,boltz_template_esm3dg_dg,boltz_template_esm3dg_dg_a,boltz_template_esm3dg_dg_b,boltz_template_esm3dg_dg_std,boltz_template_mpnn_confidence,boltz_template_mpnn_nll,boltz_template_mpnn_nll_a,boltz_template_mpnn_nll_b,chai_constrained_esm3dg_dg,chai_constrained_esm3dg_dg_a,chai_constrained_esm3dg_dg_b,chai_constrained_esm3dg_dg_std,chai_constrained_mpnn_confidence,chai_constrained_mpnn_nll,chai_constrained_mpnn_nll_a,chai_constrained_mpnn_nll_b,chai_unconstrained_esm3dg_dg,chai_unconstrained_esm3dg_dg_a,chai_unconstrained_esm3dg_dg_b,chai_unconstrained_esm3dg_dg_std,chai_unconstrained_mpnn_confidence,chai_unconstrained_mpnn_nll,chai_unconstrained_mpnn_nll_a,chai_unconstrained_mpnn_nll_b,esmfold_esm3dg_dg,esmfold_esm3dg_dg_a,esmfold_esm3dg_dg_b,esmfold_esm3dg_dg_std,esmfold_mpnn_confidence,esmfold_mpnn_nll,esmfold_mpnn_nll_a,esmfold_mpnn_nll_b
5ig7_abc_cut_A_Y66A,False,"A,B",2.572737788353493,95.76798580786027,80.43,4.92,1.7314285714285713,96.37947714741613,0.895887,0.5539,0.908,0.773,0.94,0.93,-114.71,0.0,0.96,0.9969,0.195,2.5768614911758876,97.66243902439024,392.93,22.7,1.4280000000000002,97.98757587779652,0.85773,0.5702,0.9202,0.766,0.92,0.94,120.38,1.0,0.9927,0.8896225803751514,0.9429056051572083,3.1710999930898347,78.65969848632812,79.86379,11.953039,0.747391,,,,,,,0.9101043939590454,/scicore/home/schwede/barta0000/scoring_pipeline/run1/5ig7_abc_cut_A_Y66A/chai_no_constraints/seed_1772/pred.model_idx_0.cif,0.910720944404602,/scicore/home/schwede/barta0000/scoring_pipeline/run1/5ig7_abc_cut_A_Y66A/chai_with_constraints/seed_4835/pred.model_idx_4.cif,0.9101043939590454,0.9536369442939758,0.8992211818695068,"[[0.9482442736625671, 0.9485312104225159, 0.16474778950214386]]","[[[0.9482442736625671, 0.885511040687561, 0.06039733812212944], [0.8914203643798828, 0.9485312104225159, 0.11169134080410004], [0.7109382152557373, 0.7516977787017822, 0.16474778950214386]]]",0.885511040687561,0.896914,0.5708,0.9165,0.7479,0.910720944404602,0.95419842004776,0.8998515605926514,"[[0.9459070563316345, 0.9496902823448181, 0.17535385489463806]]","[[[0.9459070563316345, 0.891128420829773, 0.07285302877426147], [0.8912563920021057, 0.9496902823448181, 0.12181293964385986], [0.7266194820404053, 0.7529453635215759, 0.17535385489463806]]]",0.891128420829773,0.896545,0.5627,0.9187,0.7476,0.9867200255393982,0.990605354309082,0.9867914319038391,0.9867020845413208,0.9859682321548462,0.25535663962364197,0.2794528901576996,0.9858279824256897,/scicore/home/schwede/barta0000/scoring_pipeline/run1/5ig7_abc_cut_A_Y66A/boltz_free/output/boltz_results_5ig7_abc_cut_A_Y66A/predictions/5ig7_abc_cut_A_Y66A/5ig7_abc_cut_A_Y66A_model_0.cif,0.979633,0.5955,0.9724,0.8958,0.9864099621772766,0.9896162152290344,0.9855257868766785,0.9866309762001038,0.985548734664917,0.25763386487960815,0.2914656102657318,0.9841012954711914,/scicore/home/schwede/barta0000/scoring_pipeline/run1/5ig7_abc_cut_A_Y66A/boltz_with_template/output/boltz_results_5ig7_abc_cut_A_Y66A/predictions/5ig7_abc_cut_A_Y66A/5ig7_abc_cut_A_Y66A_model_0.cif,0.977853,0.5867,0.971,0.8869,4.789637327194214,5.017831007639567,4.56144364674886,0.131266915233085,0.3024694398077868,1.195775032043457,1.1205519437789917,1.2709981203079224,4.679052035013834,4.870261033376058,4.487843036651611,0.1334651809241216,0.3184484279420916,1.1442947387695312,1.072371006011963,1.2162184715270996,4.812357823053995,4.921160062154134,4.703555583953857,0.1573863453427573,0.3114456326795213,1.1665304899215698,1.1049636602401731,1.2280973196029663,4.917579015096029,4.711830774943034,5.123327255249023,0.1329965020212873,0.3163567119662648,1.1508848667144775,1.0271937847137451,1.27457594871521,5.076579650243123,4.554655392964681,5.5985039075215655,0.1482002786743982,0.2680050504879337,1.3167494535446167,1.3150851726531982,1.3184137344360352
5ig7_abc_cut_A_Y66A,False,"A,C",2.572737788353493,95.76798580786027,17.48,2.33,2.2192307692307693,94.95976384332857,0.779923,0.229,0.8778,0.7452,0.9,0.48000000000000004,-9.11,0.0,0.96,,0.163,2.5768614911758876,97.66243902439024,49.89,6.41,2.166923076923077,96.83000183105469,0.729816,0.2555,0.9001,0.7239,0.92,0.94,28.06,1.0,,0.8616042105428703,0.8552873907012966,,,79.86379,11.953039,0.747391,,,,,,,0.9101043939590454,/scicore/home/schwede/barta0000/scoring_pipeline/run1/5ig7_abc_cut_A_Y66A/chai_no_constraints/seed_1772/pred.model_idx_0.cif,0.910720944404602,/scicore/home/schwede/barta0000/scoring_pipeline/run1/5ig7_abc_cut_A_Y66A/chai_with_constraints/seed_4835/pred.model_idx_4.cif,0.9101043939590454,0.9536369442939758,0.8992211818695068,"[[0.9482442736625671, 0.9485312104225159, 0.16474778950214386]]","[[[0.9482442736625671, 0.885511040687561, 0.06039733812212944], [0.8914203643798828, 0.9485312104225159, 0.11169134080410004], [0.7109382152557373, 0.7516977787017822, 0.16474778950214386]]]",0.06039733812212944,0.646578,0.2203,0.8802,0.6833,0.910720944404602,0.95419842004776,0.8998515605926514,"[[0.9459070563316345, 0.9496902823448181, 0.17535385489463806]]","[[[0.9459070563316345, 0.891128420829773, 0.07285302877426147], [0.8912563920021057, 0.9496902823448181, 0.12181293964385986], [0.7266194820404053, 0.7529453635215759, 0.17535385489463806]]]",0.07285302877426147,0.668356,0.1829,0.8948,0.7201,0.9867200255393982,0.990605354309082,0.9867914319038391,0.9867020845413208,0.9859682321548462,0.25535663962364197,0.2794528901576996,0.9465649127960205,/scicore/home/schwede/barta0000/scoring_pipeline/run1/5ig7_abc_cut_A_Y66A/boltz_free/output/boltz_results_5ig7_abc_cut_A_Y66A/predictions/5ig7_abc_cut_A_Y66A/5ig7_abc_cut_A_Y66A_model_0.cif,0.917663,0.2179,0.9645,0.8712,0.9864099621772766,0.9896162152290344,0.9855257868766785,0.9866309762001038,0.985548734664917,0.25763386487960815,0.2914656102657318,0.9353936314582825,/scicore/home/schwede/barta0000/scoring_pipeline/run1/5ig7_abc_cut_A_Y66A/boltz_with_template/output/boltz_results_5ig7_abc_cut_A_Y66A/predictions/5ig7_abc_cut_A_Y66A/5ig7_abc_cut_A_Y66A_model_0.cif,0.898429,0.2315,0.9617,0.8487,3.032899349927902,5.017831007639567,1.047967692216237,0.1608311665135746,0.2436045866388908,1.412208914756775,1.1205519437789917,1.703865885734558,2.938785860935847,4.870261033376058,1.007310688495636,0.1951701224358683,0.2558634648630781,1.3631113171577454,1.072371006011963,1.6538516283035278,3.012045751015345,4.921160062154134,1.1029314398765564,0.2295845332113226,0.2284960799957918,1.4762362241744995,1.1049636602401731,1.8475087881088257,2.872239192326864,4.711830774943034,1.0326476097106934,0.2243625442260083,0.2163659933201441,1.5307838916778564,1.0271937847137451,2.034373998641968,3.1430664459864297,4.554655392964681,1.7314774990081787,0.2692634201461057,0.1480693591002543,1.910074472427368,1.3150851726531982,2.505063772201538
5ig7_abc_cut_A_Y66A,False,"B,C",2.572737788353493,95.76798580786027,0.73,0.1,1.7000000000000002,95.16757015705643,0.792646,0.2115,0.9,0.7395,0.92,0.48000000000000004,-13.03,0.0,0.96,,0.183,2.5768614911758876,97.66243902439024,28.11,3.66,1.7691666666666666,96.94500096638997,0.760375,0.2167,0.905,0.726,0.92,0.94,16.53,1.0,,0.8616042105428703,0.8449287887709623,,,79.86379,11.953039,0.747391,,,,,,,0.9101043939590454,/scicore/home/schwede/barta0000/scoring_pipeline/run1/5ig7_abc_cut_A_Y66A/chai_no_constraints/seed_1772/pred.model_idx_0.cif,0.910720944404602,/scicore/home/schwede/barta0000/scoring_pipeline/run1/5ig7_abc_cut_A_Y66A/chai_with_constraints/seed_4835/pred.model_idx_4.cif,0.9101043939590454,0.9536369442939758,0.8992211818695068,"[[0.9482442736625671, 0.9485312104225159, 0.16474778950214386]]","[[[0.9482442736625671, 0.885511040687561, 0.06039733812212944], [0.8914203643798828, 0.9485312104225159, 0.11169134080410004], [0.7109382152557373, 0.7516977787017822, 0.16474778950214386]]]",0.11169134080410004,0.681655,0.1253,0.9049,0.6875,0.910720944404602,0.95419842004776,0.8998515605926514,"[[0.9459070563316345, 0.9496902823448181, 0.17535385489463806]]","[[[0.9459070563316345, 0.891128420829773, 0.07285302877426147], [0.8912563920021057, 0.9496902823448181, 0.12181293964385986], [0.7266194820404053, 0.7529453635215759, 0.17535385489463806]]]",0.12181293964385986,0.674701,0.1505,0.9084,0.7256,0.9867200255393982,0.990605354309082,0.9867914319038391,0.9867020845413208,0.9859682321548462,0.25535663962364197,0.2794528901576996,0.9525310397148132,/scicore/home/schwede/barta0000/scoring_pipeline/run1/5ig7_abc_cut_A_Y66A/boltz_free/output/boltz_results_5ig7_abc_cut_A_Y66A/predictions/5ig7_abc_cut_A_Y66A/5ig7_abc_cut_A_Y66A_model_0.cif,0.920296,0.2154,0.96,0.8629,0.9864099621772766,0.9896162152290344,0.9855257868766785,0.9866309762001038,0.985548734664917,0.25763386487960815,0.2914656102657318,0.9457228183746338,/scicore/home/schwede/barta0000/scoring_pipeline/run1/5ig7_abc_cut_A_Y66A/boltz_with_template/output/boltz_results_5ig7_abc_cut_A_Y66A/predictions/5ig7_abc_cut_A_Y66A/5ig7_abc_cut_A_Y66A_model_0.cif,0.907364,0.2149,0.9585,0.8409,2.8047056694825487,4.56144364674886,1.047967692216237,0.1980379918658984,0.2259521555966925,1.4874320030212402,1.2709981203079224,1.703865885734558,2.747576862573624,4.487843036651611,1.007310688495636,0.2247915466603836,0.2381070182376036,1.4350350499153135,1.2162184715270996,1.6538516283035278,2.903243511915207,4.703555583953857,1.1029314398765564,0.2256377732979366,0.214852602903157,1.537803053855896,1.2280973196029663,1.8475087881088257,3.0779874324798584,5.123327255249023,1.0326476097106934,0.1817150308301647,0.1911924104066471,1.6544749736785889,1.27457594871521,2.034373998641968,3.664990703264872,5.5985039075215655,1.7314774990081787,0.2235332772220863,0.1478231350451274,1.9117387533187864,1.3184137344360352,2.505063772201538
5ig7_abc_cut_A_W52A,False,"A,B",2.731340471941305,95.45778142076502,52.06,3.22,1.772857142857143,95.65533315459223,0.886903,0.5457,0.9003,0.7599,0.93,0.925,-114.58,0.0,0.95,0.9857,0.149,2.5017484632163396,97.7978455284553,80.78,4.77,1.42875,98.15342886788504,0.861294,0.5656,0.9309,0.7671,0.92,0.94,9.6,1.0,0.9954,0.9347380736144904,0.9463788004410181,3.0581893459443124,79.0298843383789,79.68282,11.996226,0.75012976,,,,,,,0.8740580677986145,/scicore/home/schwede/barta0000/scoring_pipeline/run1/5ig7_abc_cut_A_W52A/chai_no_constraints/seed_1507/pred.model_idx_1.cif,0.9115171432495117,/scicore/home/schwede/barta0000/scoring_pipeline/run1/5ig7_abc_cut_A_W52A/chai_with_constraints/seed_2962/pred.model_idx_2.cif,0.8740580677986145,0.9350603222846985,0.8588074445724487,"[[0.9392455220222473, 0.9467980265617371, 0.08842523396015167]]","[[[0.9392455220222473, 0.8777296543121338, 0.012336581014096737], [0.8776098489761353, 0.9467980265617371, 0.012483440339565277], [0.22673159837722778, 0.20028504729270935, 0.08842523396015167]]]",0.8777296543121338,0.879367,0.5792,0.8734,0.726,0.9115171432495117,0.9545007944107056,0.9007712602615356,"[[0.9454331398010254, 0.9495590925216675, 0.17497548460960388]]","[[[0.9454331398010254, 0.8912692070007324, 0.07170675694942474], [0.8922331929206848, 0.9495590925216675, 0.12350940704345703], [0.7263000011444092, 0.7476575374603271, 0.17497548460960388]]]",0.8912692070007324,0.897544,0.5762,0.9179,0.7471,0.9852938652038574,0.9892565608024597,0.9848862290382385,0.9853957295417786,0.9836214780807495,0.2573195695877075,0.294726699590683,0.9844881892204285,/scicore/home/schwede/barta0000/scoring_pipeline/run1/5ig7_abc_cut_A_W52A/boltz_free/output/boltz_results_5ig7_abc_cut_A_W52A/predictions/5ig7_abc_cut_A_W52A/5ig7_abc_cut_A_W52A_model_0.cif,0.977668,0.5768,0.9695,0.888,0.9854225516319275,0.9882014393806458,0.9835335612297058,0.9858947396278381,0.9843596816062927,0.26021191477775574,0.31070131063461304,0.9828007221221924,/scicore/home/schwede/barta0000/scoring_pipeline/run1/5ig7_abc_cut_A_W52A/boltz_with_template/output/boltz_results_5ig7_abc_cut_A_W52A/predictions/5ig7_abc_cut_A_W52A/5ig7_abc_cut_A_W52A_model_0.cif,0.975138,0.5859,0.9691,0.8815,4.420904556910196,4.217504978179932,4.624304135640462,0.1935140419102338,0.3033118966868759,1.1929936408996582,1.1472809314727783,1.238706350326538,4.445962111155192,4.368268013000488,4.523656209309896,0.1701732717837149,0.3037922868723947,1.1914110779762268,1.13918936252594,1.2436327934265137,4.787555932998657,5.032184759775798,4.542927106221517,0.1629829470388688,0.3083471776485413,1.1765289306640625,1.118411660194397,1.234646201133728,4.353260517120361,4.176205158233643,4.53031587600708,0.1842524658355831,0.3123873372982705,1.1635113954544067,1.0136579275131226,1.313364863395691,4.73113199075063,3.942467133204142,5.519796848297119,0.19379808154027,0.2695535551977891,1.310988187789917,1.3270268440246582,1.2949495315551758
5ig7_abc_cut_A_W52A,False,"A,C",2.731340471941305,95.45778142076502,14.76,1.83,2.4857142857142853,93.58085890420874,0.740804,0.2293,0.8471,0.739,0.88,0.47500000000000003,-5.56,0.0,0.95,,0.145,2.5017484632163396,97.7978455284553,46.9,5.82,2.1354166666666665,96.82692366379958,0.725077,0.2536,0.8992,0.7296,0.92,0.94,26.8,1.0,,0.854995082519042,0.8537345066924895,,,79.68282,11.996226,0.75012976,,,,,,,0.8740580677986145,/scicore/home/schwede/barta0000/scoring_pipeline/run1/5ig7_abc_cut_A_W52A/chai_no_constraints/seed_1507/pred.model_idx_1.cif,0.9115171432495117,/scicore/home/schwede/barta0000/scoring_pipeline/run1/5ig7_abc_cut_A_W52A/chai_with_constraints/seed_2962/pred.model_idx_2.cif,0.8740580677986145,0.9350603222846985,0.8588074445724487,"[[0.9392455220222473, 0.9467980265617371, 0.08842523396015167]]","[[[0.9392455220222473, 0.8777296543121338, 0.012336581014096737], [0.8776098489761353, 0.9467980265617371, 0.012483440339565277], [0.22673159837722778, 0.20028504729270935, 0.08842523396015167]]]",0.012336581014096737,0.051541,0.1358,0.1957,0.2592,0.9115171432495117,0.9545007944107056,0.9007712602615356,"[[0.9454331398010254, 0.9495590925216675, 0.17497548460960388]]","[[[0.9454331398010254, 0.8912692070007324, 0.07170675694942474], [0.8922331929206848, 0.9495590925216675, 0.12350940704345703], [0.7263000011444092, 0.7476575374603271, 0.17497548460960388]]]",0.07170675694942474,0.668553,0.1832,0.8951,0.7186,0.9852938652038574,0.9892565608024597,0.9848862290382385,0.9853957295417786,0.9836214780807495,0.2573195695877075,0.294726699590683,0.9327754974365234,/scicore/home/schwede/barta0000/scoring_pipeline/run1/5ig7_abc_cut_A_W52A/boltz_free/output/boltz_results_5ig7_abc_cut_A_W52A/predictions/5ig7_abc_cut_A_W52A/5ig7_abc_cut_A_W52A_model_0.cif,0.894005,0.2133,0.9523,0.8565,0.9854225516319275,0.9882014393806458,0.9835335612297058,0.9858947396278381,0.9843596816062927,0.26021191477775574,0.31070131063461304,0.9243600368499756,/scicore/home/schwede/barta0000/scoring_pipeline/run1/5ig7_abc_cut_A_W52A/boltz_with_template/output/boltz_results_5ig7_abc_cut_A_W52A/predictions/5ig7_abc_cut_A_W52A/5ig7_abc_cut_A_W52A_model_0.cif,0.877503,0.2142,0.9501,0.8442,2.632718026638031,4.217504978179932,1.0479310750961304,0.227904782503874,0.2416038367119803,1.4204559326171875,1.1472809314727783,1.693630933761597,2.666955560445785,4.368268013000488,0.9656431078910828,0.218348648113565,0.2268773699890788,1.483345627784729,1.13918936252594,1.827501893043518,3.078839937845866,5.032184759775798,1.1254951159159343,0.2323475290019665,0.2135108259783725,1.5440677404403689,1.118411660194397,1.9697238206863403,2.574351320664088,4.176205158233643,0.9724974830945332,0.2350808103998081,0.2112632848437716,1.5546501278877258,1.0136579275131226,2.095642328262329,2.815299292405446,3.942467133204142,1.6881314516067505,0.3075619809857253,0.1449015883434073,1.9317004680633545,1.3270268440246582,2.536374092102051
5ig7_abc_cut_A_W52A,False,"B,C",2.731340471941305,95.45778142076502,9.15,1.2,1.7375,94.36906604555836,0.75743,0.2017,0.8761,0.7372,0.91,0.48000000000000004,-8.82,0.0,0.95,,0.131,2.5017484632163396,97.7978455284553,26.44,3.43,1.613,97.1029411764706,0.753503,0.2397,0.8964,0.7253,0.92,0.94,12.41,1.0,,0.8670061913795266,0.887567719712825,,,79.68282,11.996226,0.75012976,,,,,,,0.8740580677986145,/scicore/home/schwede/barta0000/scoring_pipeline/run1/5ig7_abc_cut_A_W52A/chai_no_constraints/seed_1507/pred.model_idx_1.cif,0.9115171432495117,/scicore/home/schwede/barta0000/scoring_pipeline/run1/5ig7_abc_cut_A_W52A/chai_with_constraints/seed_2962/pred.model_idx_2.cif,0.8740580677986145,0.9350603222846985,0.8588074445724487,"[[0.9392455220222473, 0.9467980265617371, 0.08842523396015167]]","[[[0.9392455220222473, 0.8777296543121338, 0.012336581014096737], [0.8776098489761353, 0.9467980265617371, 0.012483440339565277], [0.22673159837722778, 0.20028504729270935, 0.08842523396015167]]]",0.012483440339565277,0.03612,0.094,0.0856,0.2652,0.9115171432495117,0.9545007944107056,0.9007712602615356,"[[0.9454331398010254, 0.9495590925216675, 0.17497548460960388]]","[[[0.9454331398010254, 0.8912692070007324, 0.07170675694942474], [0.8922331929206848, 0.9495590925216675, 0.12350940704345703], [0.7263000011444092, 0.7476575374603271, 0.17497548460960388]]]",0.12350940704345703,0.661186,0.1638,0.9118,0.724,0.9852938652038574,0.9892565608024597,0.9848862290382385,0.9853957295417786,0.9836214780807495,0.2573195695877075,0.294726699590683,0.9360813498497009,/scicore/home/schwede/barta0000/scoring_pipeline/run1/5ig7_abc_cut_A_W52A/boltz_free/output/boltz_results_5ig7_abc_cut_A_W52A/predictions/5ig7_abc_cut_A_W52A/5ig7_abc_cut_A_W52A_model_0.cif,0.889057,0.223,0.9463,0.846,0.9854225516319275,0.9882014393806458,0.9835335612297058,0.9858947396278381,0.9843596816062927,0.26021191477775574,0.31070131063461304,0.9352986812591553,/scicore/home/schwede/barta0000/scoring_pipeline/run1/5ig7_abc_cut_A_W52A/boltz_with_template/output/boltz_results_5ig7_abc_cut_A_W52A/predictions/5ig7_abc_cut_A_W52A/5ig7_abc_cut_A_W52A_model_0.cif,0.88691,0.2393,0.9504,0.8382,2.836117605368296,4.624304135640462,1.0479310750961304,0.1923066902983603,0.2308081017539863,1.4661686420440674,1.238706350326538,1.693630933761597,2.744649658600489,4.523656209309896,0.9656431078910828,0.2171758631280579,0.2153334885096153,1.535567343235016,1.2436327934265137,1.827501893043518,2.8342111110687256,4.542927106221517,1.1254951159159343,0.2524205322478474,0.2014558535038202,1.6021850109100342,1.234646201133728,1.9697238206863403,2.7514066795508065,4.53031587600708,0.9724974830945332,0.2072585023446663,0.1818626411456542,1.70450359582901,1.313364863395691,2.095642328262329,3.603964149951935,5.519796848297119,1.6881314516067505,0.2329965241318281,0.147244352278875,1.9156618118286133,1.2949495315551758,2.536374092102051
5ig7_abc_cut_all_A,False,"A,B",3.80598684645383,92.21050583657588,37.75,2.27,2.3540540540540538,92.71539871269894,0.863637,0.5816,0.7787,0.722,0.92,0.915,-121.89,0.0,0.92,0.0029,0.194,3.058024819882345,95.74418699186992,180.93,10.21,1.6120000000000003,96.16750060187445,0.84938,0.6277,0.8664,0.7491,0.91,0.93,62.47,1.0,0.9217,0.8663968930034016,0.8906134401533526,3.6725210508992596,79.47988891601562,80.211266,12.025735,0.74533355,,,,,,,0.8709697723388672,/scicore/home/schwede/barta0000/scoring_pipeline/run1/5ig7_abc_cut_all_A/chai_no_constraints/seed_1765/pred.model_idx_0.cif,0.910683274269104,/scicore/home/schwede/barta0000/scoring_pipeline/run1/5ig7_abc_cut_all_A/chai_with_constraints/seed_53/pred.model_idx_3.cif,0.8709697723388672,0.9320775270462036,0.8556928038597107,"[[0.9479871988296509, 0.943764865398407, 0.09157244861125946]]","[[[0.9479871988296509, 0.8801519870758057, 0.011123334988951683], [0.8854112029075623, 0.943764865398407, 0.008921707049012184], [0.19056420028209686, 0.16102255880832672, 0.09157244861125946]]]",0.8801519870758057,0.886775,0.6313,0.8822,0.7246,0.910683274269104,0.953885018825531,0.8998827934265137,"[[0.9454576969146729, 0.9486308097839355, 0.1762414574623108]]","[[[0.9454576969146729, 0.8897534608840942, 0.07256171107292175], [0.8912369012832642, 0.9486308097839355, 0.1225908100605011], [0.7260878086090088, 0.7543354034423828, 0.1762414574623108]]]",0.8897534608840942,0.896377,0.5755,0.917,0.7449,0.9809295535087585,0.9896323084831238,0.985184371471405,0.9798659086227417,0.9720897078514099,0.26078975200653076,0.3143182396888733,0.9852441549301147,/scicore/home/schwede/barta0000/scoring_pipeline/run1/5ig7_abc_cut_all_A/boltz_free/output/boltz_results_5ig7_abc_cut_all_A/predictions/5ig7_abc_cut_all_A/5ig7_abc_cut_all_A_model_0.cif,0.978745,0.6302,0.9555,0.8893,0.9792589545249939,0.9885576367378235,0.983807384967804,0.978121817111969,0.9694787263870239,0.25890490412712097,0.30155500769615173,0.9837892651557922,/scicore/home/schwede/barta0000/scoring_pipeline/run1/5ig7_abc_cut_all_A/boltz_with_template/output/boltz_results_5ig7_abc_cut_all_A/predictions/5ig7_abc_cut_all_A/5ig7_abc_cut_all_A_model_0.cif,0.976525,0.6124,0.9563,0.8842,4.184401671091716,4.383554617563884,3.9852487246195474,0.1488053306290403,0.3230958789584356,1.1298061609268188,1.0681341886520386,1.1914781332015991,4.167138695716858,4.330942153930664,4.003335237503052,0.15992906224408,0.3175325663241621,1.147174894809723,1.0582960844039917,1.236053705215454,4.913349469502767,5.003517468770345,4.8231814702351885,0.133377107643877,0.3122584036199964,1.163924217224121,1.0654650926589966,1.2623833417892456,3.6687442859013872,4.052661180496216,3.284827391306559,0.2430919471774061,0.3057664261845791,1.1849337816238403,1.047837495803833,1.3220300674438477,4.613278269767761,3.798118988672892,5.42843755086263,0.2079722727116427,0.27644161592122,1.285755634307861,1.2592750787734983,1.312236189842224
5ig7_abc_cut_all_A,False,"A,C",3.80598684645383,92.21050583657588,86.02,9.45,3.2565217391304344,76.71701597705753,0.080101,0.152,0.1717,0.3422,0.54,0.465,14.81,0.0,0.92,,0.231,3.058024819882345,95.74418699186992,130.24,17.57,2.462142857142857,85.37818111072887,0.274001,0.2112,0.3708,0.4468,0.91,0.93,122.17,1.0,,0.2869355426546261,0.8644412777257664,,,80.211266,12.025735,0.74533355,,,,,,,0.8709697723388672,/scicore/home/schwede/barta0000/scoring_pipeline/run1/5ig7_abc_cut_all_A/chai_no_constraints/seed_1765/pred.model_idx_0.cif,0.910683274269104,/scicore/home/schwede/barta0000/scoring_pipeline/run1/5ig7_abc_cut_all_A/chai_with_constraints/seed_53/pred.model_idx_3.cif,0.8709697723388672,0.9320775270462036,0.8556928038597107,"[[0.9479871988296509, 0.943764865398407, 0.09157244861125946]]","[[[0.9479871988296509, 0.8801519870758057, 0.011123334988951683], [0.8854112029075623, 0.943764865398407, 0.008921707049012184], [0.19056420028209686, 0.16102255880832672, 0.09157244861125946]]]",0.011123334988951683,0.009244,0.2708,0.0346,0.0521,0.910683274269104,0.953885018825531,0.8998827934265137,"[[0.9454576969146729, 0.9486308097839355, 0.1762414574623108]]","[[[0.9454576969146729, 0.8897534608840942, 0.07256171107292175], [0.8912369012832642, 0.9486308097839355, 0.1225908100605011], [0.7260878086090088, 0.7543354034423828, 0.1762414574623108]]]",0.07256171107292175,0.664357,0.1951,0.8929,0.7191,0.9809295535087585,0.9896323084831238,0.985184371471405,0.9798659086227417,0.9720897078514099,0.26078975200653076,0.3143182396888733,0.9265962839126587,/scicore/home/schwede/barta0000/scoring_pipeline/run1/5ig7_abc_cut_all_A/boltz_free/output/boltz_results_5ig7_abc_cut_all_A/predictions/5ig7_abc_cut_all_A/5ig7_abc_cut_all_A_model_0.cif,0.878787,0.3431,0.8867,0.8418,0.9792589545249939,0.9885576367378235,0.983807384967804,0.978121817111969,0.9694787263870239,0.25890490412712097,0.30155500769615173,0.9304451942443848,/scicore/home/schwede/barta0000/scoring_pipeline/run1/5ig7_abc_cut_all_A/boltz_with_template/output/boltz_results_5ig7_abc_cut_all_A/predictions/5ig7_abc_cut_all_A/5ig7_abc_cut_all_A_model_0.cif,0.889601,0.2907,0.8898,0.8436,2.915884912014008,4.383554617563884,1.4482152064641316,0.211068786045015,0.1561514910348382,1.856928646564484,1.0681341886520386,2.6457231044769287,2.713940997918447,4.330942153930664,1.0969398419062295,0.1920881757633435,0.2044144406035749,1.5876057744026184,1.0582960844039917,2.116915464401245,3.034950991471608,5.003517468770345,1.0663845141728718,0.2102387732062773,0.2268284627689915,1.4835612177848816,1.0654650926589966,1.9016573429107664,2.554569174846013,4.052661180496216,1.056477169195811,0.2234034951854609,0.115167751013078,2.161365509033203,1.047837495803833,3.274893522262573,2.75387446085612,3.798118988672892,1.7096299330393474,0.304997237435068,0.1519421067604206,1.8842557072639463,1.2592750787734983,2.5092363357543945
5ig7_abc_cut_all_A,False,"B,C",3.80598684645383,92.21050583657588,26.22,10.65,1.6333333333333335,76.4360849083244,0.042904,0.0269,0.1837,0.3113,0.52,0.46,-0.09,0.0,0.92,,0.251,3.058024819882345,95.74418699186992,253.97,37.28,1.3975,86.3760009765625,0.204958,0.0275,0.4072,0.4083,0.91,0.93,177.6,1.0,,0.5384579501133108,0.8587104931542459,,,80.211266,12.025735,0.74533355,,,,,,,0.8709697723388672,/scicore/home/schwede/barta0000/scoring_pipeline/run1/5ig7_abc_cut_all_A/chai_no_constraints/seed_1765/pred.model_idx_0.cif,0.910683274269104,/scicore/home/schwede/barta0000/scoring_pipeline/run1/5ig7_abc_cut_all_A/chai_with_constraints/seed_53/pred.model_idx_3.cif,0.8709697723388672,0.9320775270462036,0.8556928038597107,"[[0.9479871988296509, 0.943764865398407, 0.09157244861125946]]","[[[0.9479871988296509, 0.8801519870758057, 0.011123334988951683], [0.8854112029075623, 0.943764865398407, 0.008921707049012184], [0.19056420028209686, 0.16102255880832672, 0.09157244861125946]]]",0.008921707049012184,0.009007,0.0543,0.0373,0.0585,0.910683274269104,0.953885018825531,0.8998827934265137,"[[0.9454576969146729, 0.9486308097839355, 0.1762414574623108]]","[[[0.9454576969146729, 0.8897534608840942, 0.07256171107292175], [0.8912369012832642, 0.9486308097839355, 0.1225908100605011], [0.7260878086090088, 0.7543354034423828, 0.1762414574623108]]]",0.1225908100605011,0.675267,0.1625,0.9074,0.7226,0.9809295535087585,0.9896323084831238,0.985184371471405,0.9798659086227417,0.9720897078514099,0.26078975200653076,0.3143182396888733,0.8884379267692566,/scicore/home/schwede/barta0000/scoring_pipeline/run1/5ig7_abc_cut_all_A/boltz_free/output/boltz_results_5ig7_abc_cut_all_A/predictions/5ig7_abc_cut_all_A/5ig7_abc_cut_all_A_model_0.cif,0.794211,0.0598,0.8831,0.7969,0.9792589545249939,0.9885576367378235,0.983807384967804,0.978121817111969,0.9694787263870239,0.25890490412712097,0.30155500769615173,0.8993373513221741,/scicore/home/schwede/barta0000/scoring_pipeline/run1/5ig7_abc_cut_all_A/boltz_with_template/output/boltz_results_5ig7_abc_cut_all_A/predictions/5ig7_abc_cut_all_A/5ig7_abc_cut_all_A_model_0.cif,0.821156,0.2066,0.8611,0.8251,2.71673196554184,3.9852487246195474,1.4482152064641316,0.2536557193543977,0.1468122647660052,1.918600618839264,1.1914781332015991,2.6457231044769287,2.550137539704641,4.003335237503052,1.0969398419062295,0.2327793311290664,0.1870303109149801,1.6764845848083496,1.236053705215454,2.116915464401245,2.94478299220403,4.8231814702351885,1.0663845141728718,0.2192555049825455,0.2055593780808262,1.582020342350006,1.2623833417892456,1.9016573429107664,2.170652280251185,3.284827391306559,1.056477169195811,0.2793895838100673,0.1004131810630437,2.2984617948532104,1.3220300674438477,3.274893522262573,3.5690337419509888,5.42843755086263,1.7096299330393474,0.2429176531678887,0.1479714006417278,1.910736262798309,1.312236189842224,2.5092363357543945
5ig7_abc_cut,False,"A,B",2.5729691321303454,95.59971723762915,99.02,5.91,1.7203125,96.20327491433646,0.895199,0.5497,0.9007,0.7734,0.94,0.93,-113.77,0.0,0.96,0.0015,0.188,2.5503722982351773,97.7218699186992,6487.28,371.48,1.447794117647059,97.99125027656555,0.859718,0.5705,0.9211,0.7672,0.92,0.94,9192.55,1.0,0.9963,0.8884929491330233,0.9384230603429989,3.4510522105477075,78.00462341308594,79.10461,12.024441,0.7430892,,,,,,,0.9110666513442993,/scicore/home/schwede/barta0000/scoring_pipeline/run1/5ig7_abc_cut/chai_no_constraints/seed_2151/pred.model_idx_2.cif,0.911063015460968,/scicore/home/schwede/barta0000/scoring_pipeline/run1/5ig7_abc_cut/chai_with_constraints/seed_2469/pred.model_idx_1.cif,0.9110666513442993,0.9541796445846558,0.9002883434295654,"[[0.9454975724220276, 0.9490044116973877, 0.17588774859905243]]","[[[0.9454975724220276, 0.8908762335777283, 0.07365190237760544], [0.8915786743164062, 0.9490044116973877, 0.1246197521686554], [0.7298815846443176, 0.7536866068840027, 0.17588774859905243]]]",0.8908762335777283,0.896953,0.5822,0.9121,0.7462,0.911063015460968,0.954174280166626,0.9002851843833923,"[[0.9455351233482361, 0.9491659998893738, 0.17586536705493927]]","[[[0.9455351233482361, 0.891846776008606, 0.07180425524711609], [0.8917743563652039, 0.9491659998893738, 0.1242334395647049], [0.7270190715789795, 0.756263017654419, 0.17586536705493927]]]",0.891846776008606,,,,,0.9867954254150391,0.9904710054397583,0.9870842695236206,0.9867232441902161,0.9859994053840637,0.2543024718761444,0.2724223732948303,0.9858003258705139,/scicore/home/schwede/barta0000/scoring_pipeline/run1/5ig7_abc_cut/boltz_free/output/boltz_results_5ig7_abc_cut/predictions/5ig7_abc_cut/5ig7_abc_cut_model_0.cif,0.979989,0.5956,0.9727,0.8958,0.9869529604911804,0.9895877838134766,0.9854286909103394,0.9873340129852295,0.9872991442680359,0.25876906514167786,0.2847543954849243,0.9836776256561279,/scicore/home/schwede/barta0000/scoring_pipeline/run1/5ig7_abc_cut/boltz_with_template/output/boltz_results_5ig7_abc_cut/predictions/5ig7_abc_cut/5ig7_abc_cut_model_0.cif,0.977385,0.5879,0.9728,0.8845,4.7862249215443935,5.0250325202941895,4.547417322794597,0.1405164996811281,0.303027596283763,1.1939314007759094,1.1079002618789673,1.2799625396728516,4.660633405049642,4.806806405385335,4.514460404713948,0.1827811608442931,0.3128078861921106,1.1621660590171814,1.0963537693023682,1.2279783487319946,4.910247882207235,4.748236656188965,5.072259108225505,0.1555602252256132,0.3129065327508956,1.1618507504463196,1.0996581315994265,1.224043369293213,4.6831027666727705,4.7956306139628095,4.570574919382731,0.1670674124856674,0.2870417225934604,1.2481276988983154,1.1837165355682373,1.3125388622283936,5.086800257364908,4.633100350697835,5.540500164031982,0.159389142238853,0.2682543501866591,1.3158196806907654,1.3080559968948364,1.3235833644866943
5ig7_abc_cut,False,"A,C",2.5729691321303454,95.59971723762915,10.97,1.38,2.3218749999999995,94.63025165917604,0.780104,0.1945,0.8904,0.7585,0.91,0.48000000000000004,-10.01,0.0,0.96,,0.163,2.5503722982351773,97.7218699186992,0.0,0.0,2.0820000000000003,97.06375217437744,0.75258,0.2056,0.9106,0.7346,0.92,0.94,294.1,1.0,,0.8616042105428703,0.8851894861038695,,,79.10461,12.024441,0.7430892,,,,,,,0.9110666513442993,/scicore/home/schwede/barta0000/scoring_pipeline/run1/5ig7_abc_cut/chai_no_constraints/seed_2151/pred.model_idx_2.cif,0.911063015460968,/scicore/home/schwede/barta0000/scoring_pipeline/run1/5ig7_abc_cut/chai_with_constraints/seed_2469/pred.model_idx_1.cif,0.9110666513442993,0.9541796445846558,0.9002883434295654,"[[0.9454975724220276, 0.9490044116973877, 0.17588774859905243]]","[[[0.9454975724220276, 0.8908762335777283, 0.07365190237760544], [0.8915786743164062, 0.9490044116973877, 0.1246197521686554], [0.7298815846443176, 0.7536866068840027, 0.17588774859905243]]]",0.07365190237760544,0.673832,0.1824,0.8938,0.7143,0.911063015460968,0.954174280166626,0.9002851843833923,"[[0.9455351233482361, 0.9491659998893738, 0.17586536705493927]]","[[[0.9455351233482361, 0.891846776008606, 0.07180425524711609], [0.8917743563652039, 0.9491659998893738, 0.1242334395647049], [0.7270190715789795, 0.756263017654419, 0.17586536705493927]]]",0.07180425524711609,,,,,0.9867954254150391,0.9904710054397583,0.9870842695236206,0.9867232441902161,0.9859994053840637,0.2543024718761444,0.2724223732948303,0.9520735740661621,/scicore/home/schwede/barta0000/scoring_pipeline/run1/5ig7_abc_cut/boltz_free/output/boltz_results_5ig7_abc_cut/predictions/5ig7_abc_cut/5ig7_abc_cut_model_0.cif,0.926547,0.2332,0.9681,0.8762,0.9869529604911804,0.9895877838134766,0.9854286909103394,0.9873340129852295,0.9872991442680359,0.25876906514167786,0.2847543954849243,0.9484625458717346,/scicore/home/schwede/barta0000/scoring_pipeline/run1/5ig7_abc_cut/boltz_with_template/output/boltz_results_5ig7_abc_cut/predictions/5ig7_abc_cut/5ig7_abc_cut_model_0.cif,0.921477,0.2352,0.9699,0.8588,3.0030864675839744,5.0250325202941895,0.9811404148737588,0.1649745406544901,0.2238396220343253,1.4968254566192627,1.1079002618789673,1.885750651359558,2.908929467201233,4.806806405385335,1.0110525290171306,0.2085950536350819,0.247965743945031,1.394464671611786,1.0963537693023682,1.6925755739212036,2.947389006614685,4.748236656188965,1.1465413570404053,0.2536707412417454,0.2239338755793394,1.496404469013214,1.0996581315994265,1.893150806427002,2.8475363751252494,4.7956306139628095,0.8994421362876892,0.1676313975152826,0.2033745663256686,1.5927058458328247,1.1837165355682373,2.001695156097412,3.14755900700887,4.633100350697835,1.6620176633199055,0.2614717440349644,0.1437656515384619,1.9395707249641416,1.3080559968948364,2.5710854530334477
5ig7_abc_cut,False,"B,C",2.5729691321303454,95.59971723762915,5.13,0.67,1.72,95.18966978769454,0.790385,0.2095,0.8974,0.7517,0.92,0.48000000000000004,-14.06,0.0,0.96,,0.17,2.5503722982351773,97.7218699186992,0.0,0.0,1.745833333333333,97.28944524129231,0.761069,0.2065,0.912,0.7324,0.92,0.94,294.1,1.0,,0.8670061913795266,0.894692439721442,,,79.10461,12.024441,0.7430892,,,,,,,0.9110666513442993,/scicore/home/schwede/barta0000/scoring_pipeline/run1/5ig7_abc_cut/chai_no_constraints/seed_2151/pred.model_idx_2.cif,0.911063015460968,/scicore/home/schwede/barta0000/scoring_pipeline/run1/5ig7_abc_cut/chai_with_constraints/seed_2469/pred.model_idx_1.cif,0.9110666513442993,0.9541796445846558,0.9002883434295654,"[[0.9454975724220276, 0.9490044116973877, 0.17588774859905243]]","[[[0.9454975724220276, 0.8908762335777283, 0.07365190237760544], [0.8915786743164062, 0.9490044116973877, 0.1246197521686554], [0.7298815846443176, 0.7536866068840027, 0.17588774859905243]]]",0.1246197521686554,0.67927,0.1893,0.9053,0.7258,0.911063015460968,0.954174280166626,0.9002851843833923,"[[0.9455351233482361, 0.9491659998893738, 0.17586536705493927]]","[[[0.9455351233482361, 0.891846776008606, 0.07180425524711609], [0.8917743563652039, 0.9491659998893738, 0.1242334395647049], [0.7270190715789795, 0.756263017654419, 0.17586536705493927]]]",0.1242334395647049,,,,,0.9867954254150391,0.9904710054397583,0.9870842695236206,0.9867232441902161,0.9859994053840637,0.2543024718761444,0.2724223732948303,0.9520347714424133,/scicore/home/schwede/barta0000/scoring_pipeline/run1/5ig7_abc_cut/boltz_free/output/boltz_results_5ig7_abc_cut/predictions/5ig7_abc_cut/5ig7_abc_cut_model_0.cif,0.919419,0.2146,0.9581,0.8693,0.9869529604911804,0.9895877838134766,0.9854286909103394,0.9873340129852295,0.9872991442680359,0.25876906514167786,0.2847543954849243,0.9569733142852783,/scicore/home/schwede/barta0000/scoring_pipeline/run1/5ig7_abc_cut/boltz_with_template/output/boltz_results_5ig7_abc_cut/predictions/5ig7_abc_cut/5ig7_abc_cut_model_0.cif,0.928806,0.2332,0.9688,0.8586,2.764278868834178,4.547417322794597,0.9811404148737588,0.1845249747864848,0.2053875502558592,1.5828565955162048,1.2799625396728516,1.885750651359558,2.76275646686554,4.514460404713948,1.0110525290171306,0.1981886274827129,0.2321719631693438,1.4602769613265991,1.2279783487319946,1.6925755739212036,3.109400232632955,5.072259108225505,1.1465413570404053,0.2170430219602747,0.2104310805337834,1.5585970878601074,1.224043369293213,1.893150806427002,2.7350085278352103,4.570574919382731,0.8994421362876892,0.1835870171588358,0.1906879399818511,1.6571170091629028,1.3125388622283936,2.001695156097412,3.601258913675944,5.540500164031982,1.6620176633199055,0.2167447518475919,0.1426538220102493,1.9473344087600708,1.3235833644866943,2.5710854530334477
5ig7_abc_cut_B_L116A,False,"A,B",2.6971610813669114,95.29842047930285,67.52,4.03,2.0527027027027027,95.10134329270343,0.890718,0.5454,0.8512,0.7718,0.94,0.93,-105.66,0.0,0.96,0.996,0.182,2.594814098750744,97.49215447154472,41.86,2.46,1.6919444444444445,97.39885711669922,0.852068,0.5774,0.8992,0.7564,0.92,0.94,-26.84,1.0,0.995,0.9298359990670007,0.9359304775942067,3.0963760566711427,78.91694641113281,79.7375,11.603752,0.7548578,,,,,,,0.8776073455810547,/scicore/home/schwede/barta0000/scoring_pipeline/run1/5ig7_abc_cut_B_L116A/chai_no_constraints/seed_2674/pred.model_idx_4.cif,0.9109963178634644,/scicore/home/schwede/barta0000/scoring_pipeline/run1/5ig7_abc_cut_B_L116A/chai_with_constraints/seed_3244/pred.model_idx_2.cif,0.8776073455810547,0.9376389384269714,0.8625994324684143,"[[0.9438903331756592, 0.9470524191856384, 0.08973607420921326]]","[[[0.9438903331756592, 0.879470705986023, 0.015244721435010433], [0.8807264566421509, 0.9470524191856384, 0.013791528530418873], [0.2610713839530945, 0.22934682667255402, 0.08973607420921326]]]",0.879470705986023,0.883202,0.5758,0.8842,0.7312,0.9109963178634644,0.9543545842170715,0.9001567363739014,"[[0.9453369379043579, 0.9497691988945007, 0.1757582724094391]]","[[[0.9453369379043579, 0.8912421464920044, 0.07178246229887009], [0.8916129469871521, 0.9497691988945007, 0.1236269399523735], [0.7258676290512085, 0.7566273212432861, 0.1757582724094391]]]",0.8912421464920044,0.896765,0.5778,0.9132,0.7467,0.9853842854499817,0.9908755421638489,0.9870702624320984,0.9849628210067749,0.9822766184806824,0.2550898790359497,0.28277286887168884,0.9865589141845703,/scicore/home/schwede/barta0000/scoring_pipeline/run1/5ig7_abc_cut_B_L116A/boltz_free/output/boltz_results_5ig7_abc_cut_B_L116A/predictions/5ig7_abc_cut_B_L116A/5ig7_abc_cut_B_L116A_model_0.cif,0.980632,0.5718,0.9696,0.8985,0.9856074452400208,0.9903304576873779,0.9862121343612671,0.9854562282562256,0.9833506345748901,0.2578755021095276,0.3022042512893677,0.985162615776062,/scicore/home/schwede/barta0000/scoring_pipeline/run1/5ig7_abc_cut_B_L116A/boltz_with_template/output/boltz_results_5ig7_abc_cut_B_L116A/predictions/5ig7_abc_cut_B_L116A/5ig7_abc_cut_B_L116A_model_0.cif,0.978949,0.5866,0.9707,0.8905,4.678963104883829,5.008254528045654,4.349671681722005,0.1369459469929725,0.291725479503061,1.231942057609558,1.1057970523834229,1.3580870628356934,4.707282702128092,5.005757172902425,4.40880823135376,0.1493081423696001,0.3003260439176392,1.2028865814208984,1.0766797065734863,1.3290934562683103,5.011548201243082,4.894872506459554,5.128223896026611,0.1317878453886624,0.3151343421693428,1.154756247997284,1.0413273572921753,1.2681851387023926,4.680561304092407,4.8506654103597,4.510457197825114,0.1822351556962183,0.2903803444984536,1.2365636825561523,1.0648376941680908,1.408289670944214,5.0748443603515625,4.710902531941732,5.4387861887613935,0.1597218582658491,0.2633611506305898,1.3342289924621582,1.3060812950134275,1.362376689910889
5ig7_abc_cut_B_L116A,False,"A,C",2.6971610813669114,95.29842047930285,22.71,2.67,2.5647058823529414,93.19909479437261,0.74973,0.1697,0.8508,0.7409,0.9,0.48000000000000004,-5.72,0.0,0.96,,0.143,2.594814098750744,97.49215447154472,33.94,3.98,2.249411764705882,96.40222125583225,0.724885,0.1858,0.8871,0.7238,0.92,0.94,14.66,1.0,,0.854995082519042,0.8537345066924895,,,79.7375,11.603752,0.7548578,,,,,,,0.8776073455810547,/scicore/home/schwede/barta0000/scoring_pipeline/run1/5ig7_abc_cut_B_L116A/chai_no_constraints/seed_2674/pred.model_idx_4.cif,0.9109963178634644,/scicore/home/schwede/barta0000/scoring_pipeline/run1/5ig7_abc_cut_B_L116A/chai_with_constraints/seed_3244/pred.model_idx_2.cif,0.8776073455810547,0.9376389384269714,0.8625994324684143,"[[0.9438903331756592, 0.9470524191856384, 0.08973607420921326]]","[[[0.9438903331756592, 0.879470705986023, 0.015244721435010433], [0.8807264566421509, 0.9470524191856384, 0.013791528530418873], [0.2610713839530945, 0.22934682667255402, 0.08973607420921326]]]",0.015244721435010433,0.086621,0.154,0.2788,0.2929,0.9109963178634644,0.9543545842170715,0.9001567363739014,"[[0.9453369379043579, 0.9497691988945007, 0.1757582724094391]]","[[[0.9453369379043579, 0.8912421464920044, 0.07178246229887009], [0.8916129469871521, 0.9497691988945007, 0.1236269399523735], [0.7258676290512085, 0.7566273212432861, 0.1757582724094391]]]",0.07178246229887009,0.667466,0.1964,0.8943,0.7181,0.9853842854499817,0.9908755421638489,0.9870702624320984,0.9849628210067749,0.9822766184806824,0.2550898790359497,0.28277286887168884,0.9428037405014038,/scicore/home/schwede/barta0000/scoring_pipeline/run1/5ig7_abc_cut_B_L116A/boltz_free/output/boltz_results_5ig7_abc_cut_B_L116A/predictions/5ig7_abc_cut_B_L116A/5ig7_abc_cut_B_L116A_model_0.cif,0.911554,0.253,0.9531,0.8604,0.9856074452400208,0.9903304576873779,0.9862121343612671,0.9854562282562256,0.9833506345748901,0.2578755021095276,0.3022042512893677,0.9278627634048462,/scicore/home/schwede/barta0000/scoring_pipeline/run1/5ig7_abc_cut_B_L116A/boltz_with_template/output/boltz_results_5ig7_abc_cut_B_L116A/predictions/5ig7_abc_cut_B_L116A/5ig7_abc_cut_B_L116A_model_0.cif,0.882551,0.2549,0.9541,0.8451,3.051398426294327,5.008254528045654,1.0945423245429993,0.1830855129776213,0.2380526963709836,1.435263216495514,1.1057970523834229,1.764729380607605,3.0344915588696795,5.005757172902425,1.0632259448369343,0.1831430811900481,0.2254544364602592,1.4896371960639954,1.0766797065734863,1.9025946855545044,2.9781476259231567,4.894872506459554,1.0614227453867595,0.2180688653833865,0.2308203872917246,1.466115415096283,1.0413273572921753,1.8909034729003904,2.966944058736165,4.8506654103597,1.08322270711263,0.2286486190517676,0.1714945178907748,1.7632039785385132,1.0648376941680908,2.4615702629089355,3.202825903892517,4.710902531941732,1.6947492758433025,0.2691898711055344,0.1438655248041124,1.938876271247864,1.3060812950134275,2.5716712474823
5ig7_abc_cut_B_L116A,False,"B,C",2.6971610813669114,95.29842047930285,3.93,0.55,1.6944444444444444,94.26156111315541,0.764024,0.2151,0.8781,0.744,0.91,0.48000000000000004,-7.47,0.0,0.96,,0.159,2.594814098750744,97.49215447154472,21.72,2.85,1.6341666666666663,96.81444295247395,0.753799,0.2128,0.8926,0.724,0.92,0.94,7.0,1.0,,0.8616042105428703,0.8388963869319987,,,79.7375,11.603752,0.7548578,,,,,,,0.8776073455810547,/scicore/home/schwede/barta0000/scoring_pipeline/run1/5ig7_abc_cut_B_L116A/chai_no_constraints/seed_2674/pred.model_idx_4.cif,0.9109963178634644,/scicore/home/schwede/barta0000/scoring_pipeline/run1/5ig7_abc_cut_B_L116A/chai_with_constraints/seed_3244/pred.model_idx_2.cif,0.8776073455810547,0.9376389384269714,0.8625994324684143,"[[0.9438903331756592, 0.9470524191856384, 0.08973607420921326]]","[[[0.9438903331756592, 0.879470705986023, 0.015244721435010433], [0.8807264566421509, 0.9470524191856384, 0.013791528530418873], [0.2610713839530945, 0.22934682667255402, 0.08973607420921326]]]",0.013791528530418873,0.06822,0.1257,0.1364,0.292,0.9109963178634644,0.9543545842170715,0.9001567363739014,"[[0.9453369379043579, 0.9497691988945007, 0.1757582724094391]]","[[[0.9453369379043579, 0.8912421464920044, 0.07178246229887009], [0.8916129469871521, 0.9497691988945007, 0.1236269399523735], [0.7258676290512085, 0.7566273212432861, 0.1757582724094391]]]",0.1236269399523735,0.676942,0.1508,0.9101,0.7257,0.9853842854499817,0.9908755421638489,0.9870702624320984,0.9849628210067749,0.9822766184806824,0.2550898790359497,0.28277286887168884,0.9257872700691223,/scicore/home/schwede/barta0000/scoring_pipeline/run1/5ig7_abc_cut_B_L116A/boltz_free/output/boltz_results_5ig7_abc_cut_B_L116A/predictions/5ig7_abc_cut_B_L116A/5ig7_abc_cut_B_L116A_model_0.cif,0.870573,0.2032,0.9327,0.8525,0.9856074452400208,0.9903304576873779,0.9862121343612671,0.9854562282562256,0.9833506345748901,0.2578755021095276,0.3022042512893677,0.9160852432250977,/scicore/home/schwede/barta0000/scoring_pipeline/run1/5ig7_abc_cut_B_L116A/boltz_with_template/output/boltz_results_5ig7_abc_cut_B_L116A/predictions/5ig7_abc_cut_B_L116A/5ig7_abc_cut_B_L116A_model_0.cif,0.846124,0.2189,0.933,0.834,2.722107003132502,4.349671681722005,1.0945423245429993,0.1994890648936802,0.2098403612822313,1.5614082217216492,1.3580870628356934,1.764729380607605,2.736017088095347,4.40880823135376,1.0632259448369343,0.1983780567727256,0.1987228634418164,1.6158440709114077,1.3290934562683103,1.9025946855545044,3.094823320706685,5.128223896026611,1.0614227453867595,0.1871054908945351,0.2060689812515484,1.5795443058013916,1.2681851387023926,1.8909034729003904,2.796839952468872,4.510457197825114,1.08322270711263,0.2426790621232295,0.144434383653147,1.9349299669265747,1.408289670944214,2.4615702629089355,3.566767732302348,5.4387861887613935,1.6947492758433025,0.2257797559258766,0.1398725023658261,1.9670239686965945,1.362376689910889,2.5716712474823
5ig7_abc_cut_B_Y37A,False,"A,B",2.644075946857029,95.63105895196507,63.84,3.71,1.6742857142857144,96.30571694246268,0.896025,0.5501,0.9108,0.7716,0.94,0.93,-106.29,0.0,0.96,0.9927,0.163,2.539087348800317,97.68337398373984,4761.95,324.48,1.419861111111111,98.07705845552333,0.862047,0.5699,0.9305,0.7653,0.92,0.94,5821.35,1.0,0.9952,0.8896225803751514,0.9419458487651494,3.3883794979615645,77.93096160888672,79.07036,12.172714,0.7418809,,,,,,,0.8867647647857666,/scicore/home/schwede/barta0000/scoring_pipeline/run1/5ig7_abc_cut_B_Y37A/chai_no_constraints/seed_1549/pred.model_idx_0.cif,0.9116329550743103,/scicore/home/schwede/barta0000/scoring_pipeline/run1/5ig7_abc_cut_B_Y37A/chai_with_constraints/seed_3286/pred.model_idx_1.cif,0.8867647647857666,0.9432177543640137,0.8726514577865601,"[[0.9416530132293701, 0.9461093544960022, 0.09143545478582382]]","[[[0.9416530132293701, 0.8841282725334167, 0.037784408777952194], [0.8816117644309998, 0.9461093544960022, 0.023623475804924965], [0.536925733089447, 0.46942004561424255, 0.09143545478582382]]]",0.8841282725334167,0.884908,0.569,0.8957,0.7282,0.9116329550743103,0.9544200301170349,0.9009361863136292,"[[0.9443178176879883, 0.9490799307823181, 0.17567355930805206]]","[[[0.9443178176879883, 0.8913766145706177, 0.07138651609420776], [0.8925636410713196, 0.9490799307823181, 0.12293259054422379], [0.725914478302002, 0.7573094964027405, 0.17567355930805206]]]",0.8913766145706177,0.898009,0.5732,0.9237,0.7467,0.9841607213020325,0.9893732070922852,0.9849428534507751,0.9839651584625244,0.9806895852088928,0.25829675793647766,0.30370959639549255,0.9841315150260925,/scicore/home/schwede/barta0000/scoring_pipeline/run1/5ig7_abc_cut_B_Y37A/boltz_free/output/boltz_results_5ig7_abc_cut_B_Y37A/predictions/5ig7_abc_cut_B_Y37A/5ig7_abc_cut_B_Y37A_model_0.cif,0.977085,0.5718,0.9691,0.8855,0.9833055734634399,0.9875091910362244,0.9819741249084473,0.9836384654045105,0.9794595837593079,0.2658567428588867,0.3563339412212372,0.9811623692512512,/scicore/home/schwede/barta0000/scoring_pipeline/run1/5ig7_abc_cut_B_Y37A/boltz_with_template/output/boltz_results_5ig7_abc_cut_B_Y37A/predictions/5ig7_abc_cut_B_Y37A/5ig7_abc_cut_B_Y37A_model_0.cif,0.973675,0.5937,0.9671,0.8725,4.616514444351196,4.831188678741455,4.4018402099609375,0.192966190385073,0.3130832045734157,1.1612862944602966,1.0541789531707764,1.268393635749817,4.625227928161621,4.903287410736084,4.347168445587158,0.1674039669984821,0.3129604565205338,1.161678433418274,1.084343433380127,1.239013433456421,4.850963036219279,4.834018389383952,4.867907683054606,0.1288032644914765,0.3109260257438965,1.1682002544403076,1.084267258644104,1.2521332502365112,4.787072738011679,4.753769397735596,4.820376078287761,0.1747002134161819,0.3090534787194901,1.1742409467697144,1.050872802734375,1.2976090908050537,5.015396595001221,4.609810829162598,5.420982360839844,0.1886421728630546,0.2774663163770672,1.2820557355880735,1.3097984790802002,1.2543129920959473
5ig7_abc_cut_B_Y37A,False,"A,C",2.644075946857029,95.63105895196507,15.97,1.92,2.375,95.0127199801784,0.755596,0.2352,0.8642,0.7401,0.89,0.48000000000000004,-2.16,0.0,0.96,,0.157,2.539087348800317,97.68337398373984,127.43,85.38,2.1114285714285717,96.69562530517578,0.719051,0.2514,0.8965,0.7274,0.92,0.94,111.6,1.0,,0.8450132469598766,0.8599633537167541,,,79.07036,12.172714,0.7418809,,,,,,,0.8867647647857666,/scicore/home/schwede/barta0000/scoring_pipeline/run1/5ig7_abc_cut_B_Y37A/chai_no_constraints/seed_1549/pred.model_idx_0.cif,0.9116329550743103,/scicore/home/schwede/barta0000/scoring_pipeline/run1/5ig7_abc_cut_B_Y37A/chai_with_constraints/seed_3286/pred.model_idx_1.cif,0.8867647647857666,0.9432177543640137,0.8726514577865601,"[[0.9416530132293701, 0.9461093544960022, 0.09143545478582382]]","[[[0.9416530132293701, 0.8841282725334167, 0.037784408777952194], [0.8816117644309998, 0.9461093544960022, 0.023623475804924965], [0.536925733089447, 0.46942004561424255, 0.09143545478582382]]]",0.037784408777952194,0.342249,0.1768,0.6933,0.4484,0.9116329550743103,0.9544200301170349,0.9009361863136292,"[[0.9443178176879883, 0.9490799307823181, 0.17567355930805206]]","[[[0.9443178176879883, 0.8913766145706177, 0.07138651609420776], [0.8925636410713196, 0.9490799307823181, 0.12293259054422379], [0.725914478302002, 0.7573094964027405, 0.17567355930805206]]]",0.07138651609420776,0.666176,0.2216,0.8939,0.7183,0.9841607213020325,0.9893732070922852,0.9849428534507751,0.9839651584625244,0.9806895852088928,0.25829675793647766,0.30370959639549255,0.9328598380088806,/scicore/home/schwede/barta0000/scoring_pipeline/run1/5ig7_abc_cut_B_Y37A/boltz_free/output/boltz_results_5ig7_abc_cut_B_Y37A/predictions/5ig7_abc_cut_B_Y37A/5ig7_abc_cut_B_Y37A_model_0.cif,0.893404,0.2367,0.9454,0.8304,0.9833055734634399,0.9875091910362244,0.9819741249084473,0.9836384654045105,0.9794595837593079,0.2658567428588867,0.3563339412212372,0.8975533246994019,/scicore/home/schwede/barta0000/scoring_pipeline/run1/5ig7_abc_cut_B_Y37A/boltz_with_template/output/boltz_results_5ig7_abc_cut_B_Y37A/predictions/5ig7_abc_cut_B_Y37A/5ig7_abc_cut_B_Y37A_model_0.cif,0.817088,0.2228,0.9396,0.7889,2.908993730942408,4.831188678741455,0.9867987831433614,0.1951218088809073,0.1971630040597338,1.6237244606018066,1.0541789531707764,2.193269968032837,3.0014987885952,4.903287410736084,1.0997101664543152,0.2029751311712037,0.1745494952793264,1.7455469369888306,1.084343433380127,2.406750440597534,3.0191438794136047,4.834018389383952,1.2042693694432576,0.2222300391924475,0.1978315803001168,1.6203392148017883,1.084267258644104,2.1564111709594727,2.856643130381902,4.753769397735596,0.9595168630282084,0.2108014046144279,0.2121745704419281,1.5503458976745603,1.050872802734375,2.049818992614746,3.1101019382476807,4.609810829162598,1.6103930473327637,0.268441895654801,0.1486365887871577,1.9062509536743164,1.3097984790802002,2.5027034282684326
5ig7_abc_cut_B_Y37A,False,"B,C",2.644075946857029,95.63105895196507,15.69,2.05,1.5833333333333335,94.17550221003266,0.685168,0.181,0.8481,0.7262,0.9,0.48000000000000004,-6.63,0.0,0.96,,0.156,2.539087348800317,97.68337398373984,0.0,0.0,1.4900000000000002,96.66117499856388,0.702755,0.2214,0.8793,0.712,0.92,0.94,111.97,1.0,,0.854995082519042,0.8552873907012966,,,79.07036,12.172714,0.7418809,,,,,,,0.8867647647857666,/scicore/home/schwede/barta0000/scoring_pipeline/run1/5ig7_abc_cut_B_Y37A/chai_no_constraints/seed_1549/pred.model_idx_0.cif,0.9116329550743103,/scicore/home/schwede/barta0000/scoring_pipeline/run1/5ig7_abc_cut_B_Y37A/chai_with_constraints/seed_3286/pred.model_idx_1.cif,0.8867647647857666,0.9432177543640137,0.8726514577865601,"[[0.9416530132293701, 0.9461093544960022, 0.09143545478582382]]","[[[0.9416530132293701, 0.8841282725334167, 0.037784408777952194], [0.8816117644309998, 0.9461093544960022, 0.023623475804924965], [0.536925733089447, 0.46942004561424255, 0.09143545478582382]]]",0.023623475804924965,0.283822,0.1586,0.2149,0.4274,0.9116329550743103,0.9544200301170349,0.9009361863136292,"[[0.9443178176879883, 0.9490799307823181, 0.17567355930805206]]","[[[0.9443178176879883, 0.8913766145706177, 0.07138651609420776], [0.8925636410713196, 0.9490799307823181, 0.12293259054422379], [0.725914478302002, 0.7573094964027405, 0.17567355930805206]]]",0.12293259054422379,0.676115,0.1876,0.9064,0.7254,0.9841607213020325,0.9893732070922852,0.9849428534507751,0.9839651584625244,0.9806895852088928,0.25829675793647766,0.30370959639549255,0.9029152989387512,/scicore/home/schwede/barta0000/scoring_pipeline/run1/5ig7_abc_cut_B_Y37A/boltz_free/output/boltz_results_5ig7_abc_cut_B_Y37A/predictions/5ig7_abc_cut_B_Y37A/5ig7_abc_cut_B_Y37A_model_0.cif,0.825759,0.1967,0.9149,0.8232,0.9833055734634399,0.9875091910362244,0.9819741249084473,0.9836384654045105,0.9794595837593079,0.2658567428588867,0.3563339412212372,0.8590157628059387,/scicore/home/schwede/barta0000/scoring_pipeline/run1/5ig7_abc_cut_B_Y37A/boltz_with_template/output/boltz_results_5ig7_abc_cut_B_Y37A/predictions/5ig7_abc_cut_B_Y37A/5ig7_abc_cut_B_Y37A_model_0.cif,0.723007,0.2074,0.8976,0.7723,2.6943194965521493,4.4018402099609375,0.9867987831433614,0.2094442300016449,0.1771370057764045,1.730831801891327,1.268393635749817,2.193269968032837,2.7234393060207367,4.347168445587158,1.0997101664543152,0.2381542312482021,0.1615594751344096,1.822881937026977,1.239013433456421,2.406750440597534,3.036088526248932,4.867907683054606,1.2042693694432576,0.2361769808839825,0.1819047263436481,1.704272210597992,1.2521332502365112,2.1564111709594727,2.8899464706579847,4.820376078287761,0.9595168630282084,0.2082839386643918,0.1875492049292863,1.6737140417099,1.2976090908050537,2.049818992614746,3.515687704086304,5.420982360839844,1.6103930473327637,0.2445246991830314,0.1528179079972352,1.87850821018219,1.2543129920959473,2.5027034282684326
5ig7_abc_cut_B_W107A,False,"A,B",3.5619951748297973,92.83057923497267,43.97,2.54,2.5175,92.12545170994242,0.860624,0.5467,0.7736,0.7356,0.92,0.915,-114.63,0.0,0.93,0.9934,0.209,3.226327417542468,95.015162601626,97.65,5.64,1.6690243902439024,95.31135270402238,0.839879,0.5839,0.8637,0.7474,0.89,0.93,15.61,1.0,0.993,0.9244183875517409,0.8769749313032784,3.9402016003926597,76.90953063964844,79.458374,12.1848135,0.7387713,,,,,,,0.8870657682418823,/scicore/home/schwede/barta0000/scoring_pipeline/run1/5ig7_abc_cut_B_W107A/chai_no_constraints/seed_1696/pred.model_idx_4.cif,0.9104505181312561,/scicore/home/schwede/barta0000/scoring_pipeline/run1/5ig7_abc_cut_B_W107A/chai_with_constraints/seed_5173/pred.model_idx_0.cif,0.8870657682418823,0.9419724941253662,0.873339056968689,"[[0.9412914514541626, 0.9472916126251221, 0.09088034927845001]]","[[[0.9412914514541626, 0.8858029842376709, 0.03071868233382702], [0.8836560249328613, 0.9472916126251221, 0.02266443893313408], [0.49696916341781616, 0.4323227107524872, 0.09088034927845001]]]",0.8858029842376709,0.887043,0.5785,0.903,0.7312,0.9104505181312561,0.9539403319358826,0.8995780348777771,"[[0.9455239772796631, 0.9491193890571594, 0.17486721277236938]]","[[[0.9455239772796631, 0.8903375864028931, 0.07181331515312195], [0.8910408020019531, 0.9491193890571594, 0.1218128502368927], [0.7249040007591248, 0.7534894943237305, 0.17486721277236938]]]",0.8903375864028931,,,,,0.984982430934906,0.9894617199897766,0.985191822052002,0.9849300384521484,0.982032060623169,0.25672391057014465,0.289090096950531,0.9839150905609131,/scicore/home/schwede/barta0000/scoring_pipeline/run1/5ig7_abc_cut_B_W107A/boltz_free/output/boltz_results_5ig7_abc_cut_B_W107A/predictions/5ig7_abc_cut_B_W107A/5ig7_abc_cut_B_W107A_model_0.cif,0.977142,0.5806,0.968,0.888,0.985792338848114,0.990227997303009,0.9860599040985107,0.985725462436676,0.9833318591117859,0.2581857740879059,0.30319076776504517,0.9849501252174377,/scicore/home/schwede/barta0000/scoring_pipeline/run1/5ig7_abc_cut_B_W107A/boltz_with_template/output/boltz_results_5ig7_abc_cut_B_W107A/predictions/5ig7_abc_cut_B_W107A/5ig7_abc_cut_B_W107A_model_0.cif,0.978858,0.5948,0.9704,0.8905,4.489697376887004,4.746104876200358,4.233289877573649,0.1840882806708376,0.2922200359208148,1.230248212814331,1.1189217567443848,1.3415746688842771,4.777509053548178,5.044539928436279,4.510478178660075,0.1377000895574575,0.3038500731810732,1.1912208795547483,1.040532112121582,1.341909646987915,4.897218227386475,4.878431479136149,4.9160049756368,0.141370769650985,0.3181827857430073,1.1451292634010315,1.066092014312744,1.2241665124893188,4.639971574147543,4.743630091349284,4.536313056945801,0.1838252485695281,0.2946925296238609,1.221822738647461,1.152018904685974,1.2916265726089478,4.996817191441854,4.606683254241943,5.386951128641765,0.1688210803307604,0.2671109913180132,1.3200910091400146,1.316600322723389,1.3235816955566406
5ig7_abc_cut_B_W107A,False,"A,C",3.5619951748297973,92.83057923497267,105.75,21.42,2.525,85.23458112986401,0.169599,0.0559,0.4058,0.377,0.61,0.465,89.34,0.0,0.93,,0.276,3.226327417542468,95.015162601626,49.63,5.88,2.092142857142857,84.695556640625,0.11953,0.0569,0.3796,0.3512,0.89,0.93,29.94,1.0,,0.5574363625296966,0.8131483102795952,,,79.458374,12.1848135,0.7387713,,,,,,,0.8870657682418823,/scicore/home/schwede/barta0000/scoring_pipeline/run1/5ig7_abc_cut_B_W107A/chai_no_constraints/seed_1696/pred.model_idx_4.cif,0.9104505181312561,/scicore/home/schwede/barta0000/scoring_pipeline/run1/5ig7_abc_cut_B_W107A/chai_with_constraints/seed_5173/pred.model_idx_0.cif,0.8870657682418823,0.9419724941253662,0.873339056968689,"[[0.9412914514541626, 0.9472916126251221, 0.09088034927845001]]","[[[0.9412914514541626, 0.8858029842376709, 0.03071868233382702], [0.8836560249328613, 0.9472916126251221, 0.02266443893313408], [0.49696916341781616, 0.4323227107524872, 0.09088034927845001]]]",0.03071868233382702,0.296253,0.2364,0.569,0.4089,0.9104505181312561,0.9539403319358826,0.8995780348777771,"[[0.9455239772796631, 0.9491193890571594, 0.17486721277236938]]","[[[0.9455239772796631, 0.8903375864028931, 0.07181331515312195], [0.8910408020019531, 0.9491193890571594, 0.1218128502368927], [0.7249040007591248, 0.7534894943237305, 0.17486721277236938]]]",0.07181331515312195,,,,,0.984982430934906,0.9894617199897766,0.985191822052002,0.9849300384521484,0.982032060623169,0.25672391057014465,0.289090096950531,0.941547691822052,/scicore/home/schwede/barta0000/scoring_pipeline/run1/5ig7_abc_cut_B_W107A/boltz_free/output/boltz_results_5ig7_abc_cut_B_W107A/predictions/5ig7_abc_cut_B_W107A/5ig7_abc_cut_B_W107A_model_0.cif,0.909536,0.2529,0.9524,0.8471,0.985792338848114,0.990227997303009,0.9860599040985107,0.985725462436676,0.9833318591117859,0.2581857740879059,0.30319076776504517,0.9314872622489929,/scicore/home/schwede/barta0000/scoring_pipeline/run1/5ig7_abc_cut_B_W107A/boltz_with_template/output/boltz_results_5ig7_abc_cut_B_W107A/predictions/5ig7_abc_cut_B_W107A/5ig7_abc_cut_B_W107A_model_0.cif,0.890365,0.2545,0.9534,0.8378,2.955300996700923,4.746104876200358,1.1644971172014873,0.2129365641085082,0.1953043136752887,1.6331963539123535,1.1189217567443848,2.1474709510803223,3.0317319532235465,5.044539928436279,1.0189239780108137,0.1692045708453009,0.2003168884816591,1.6078547239303589,1.040532112121582,2.175177335739136,2.9758860071500144,4.878431479136149,1.0733405351638794,0.2142874768544024,0.2280978548636967,1.477980554103851,1.066092014312744,1.8898690938949585,2.890429149071376,4.743630091349284,1.0372282067934673,0.2190738302127651,0.1811718963569272,1.70830899477005,1.152018904685974,2.264599084854126,3.173146824042002,4.606683254241943,1.7396103938420613,0.2717496661112134,0.148291631355895,1.908574461936951,1.316600322723389,2.5005486011505127
5ig7_abc_cut_B_W107A,False,"B,C",3.5619951748297973,92.83057923497267,151.2,17.66,1.7681818181818179,80.71997546020525,0.142123,0.1356,0.2465,0.3865,0.59,0.47000000000000003,105.84,0.0,0.93,,0.316,3.226327417542468,95.015162601626,46.38,6.36,1.4984375,79.58944490220811,0.136695,0.1173,0.1813,0.359,0.89,0.93,18.38,1.0,,0.8505017764997246,0.8265983532881908,,,79.458374,12.1848135,0.7387713,,,,,,,0.8870657682418823,/scicore/home/schwede/barta0000/scoring_pipeline/run1/5ig7_abc_cut_B_W107A/chai_no_constraints/seed_1696/pred.model_idx_4.cif,0.9104505181312561,/scicore/home/schwede/barta0000/scoring_pipeline/run1/5ig7_abc_cut_B_W107A/chai_with_constraints/seed_5173/pred.model_idx_0.cif,0.8870657682418823,0.9419724941253662,0.873339056968689,"[[0.9412914514541626, 0.9472916126251221, 0.09088034927845001]]","[[[0.9412914514541626, 0.8858029842376709, 0.03071868233382702], [0.8836560249328613, 0.9472916126251221, 0.02266443893313408], [0.49696916341781616, 0.4323227107524872, 0.09088034927845001]]]",0.02266443893313408,0.241861,0.1555,0.1999,0.3884,0.9104505181312561,0.9539403319358826,0.8995780348777771,"[[0.9455239772796631, 0.9491193890571594, 0.17486721277236938]]","[[[0.9455239772796631, 0.8903375864028931, 0.07181331515312195], [0.8910408020019531, 0.9491193890571594, 0.1218128502368927], [0.7249040007591248, 0.7534894943237305, 0.17486721277236938]]]",0.1218128502368927,,,,,0.984982430934906,0.9894617199897766,0.985191822052002,0.9849300384521484,0.982032060623169,0.25672391057014465,0.289090096950531,0.913547158241272,/scicore/home/schwede/barta0000/scoring_pipeline/run1/5ig7_abc_cut_B_W107A/boltz_free/output/boltz_results_5ig7_abc_cut_B_W107A/predictions/5ig7_abc_cut_B_W107A/5ig7_abc_cut_B_W107A_model_0.cif,0.848308,0.2028,0.9321,0.8421,0.985792338848114,0.990227997303009,0.9860599040985107,0.985725462436676,0.9833318591117859,0.2581857740879059,0.30319076776504517,0.8986202478408813,/scicore/home/schwede/barta0000/scoring_pipeline/run1/5ig7_abc_cut_B_W107A/boltz_with_template/output/boltz_results_5ig7_abc_cut_B_W107A/predictions/5ig7_abc_cut_B_W107A/5ig7_abc_cut_B_W107A_model_0.cif,0.815509,0.2049,0.935,0.827,2.6988934973875685,4.233289877573649,1.1644971172014873,0.218511989961463,0.1747283476995829,1.7445228099822998,1.3415746688842771,2.1474709510803223,2.7647010783354444,4.510478178660075,1.0189239780108137,0.1896923692539349,0.1722956312311858,1.7585434913635254,1.341909646987915,2.175177335739136,2.99467275540034,4.9160049756368,1.0733405351638794,0.201894082075859,0.2107636736734297,1.557017803192139,1.2241665124893188,1.8898690938949585,2.786770631869634,4.536313056945801,1.0372282067934673,0.230641721640856,0.1689566968191267,1.7781128287315369,1.2916265726089478,2.264599084854126,3.563280761241913,5.386951128641765,1.7396103938420613,0.2414943646675223,0.1477748941810391,1.9120651483535769,1.3235816955566406,2.5005486011505127
5ig7_abc_cut_A_K110A,False,"A,B",2.806122347808844,94.95046321525886,58.23,3.33,2.657894736842105,93.06141087466446,0.891198,0.5345,0.8014,0.772,0.94,0.925,-105.71,0.0,0.96,0.9961,0.237,2.713984566065173,97.07455284552847,79.72,4.68,2.0073076923076925,96.54742954799107,0.847322,0.5555,0.8815,0.7489,0.92,0.94,15.79,1.0,0.9947,0.9035006825208061,0.8814017937066696,3.931982320287953,75.64097595214844,78.99162,12.065299,0.741923,,,,,,,0.8946512937545776,/scicore/home/schwede/barta0000/scoring_pipeline/run1/5ig7_abc_cut_A_K110A/chai_no_constraints/seed_2951/pred.model_idx_0.cif,0.9110416769981384,/scicore/home/schwede/barta0000/scoring_pipeline/run1/5ig7_abc_cut_A_K110A/chai_with_constraints/seed_3033/pred.model_idx_1.cif,0.8946512937545776,0.9463280439376831,0.8817321062088013,"[[0.9444799423217773, 0.9482003450393677, 0.09482301026582718]]","[[[0.9444799423217773, 0.8866336941719055, 0.039870236068964005], [0.8858174085617065, 0.9482003450393677, 0.034707605838775635], [0.5866318941116333, 0.5207819938659668, 0.09482301026582718]]]",0.8866336941719055,0.889725,0.5845,0.9173,0.7411,0.9110416769981384,0.9542523622512817,0.9002389907836914,"[[0.9459781646728516, 0.9495248794555664, 0.17386461794376373]]","[[[0.9459781646728516, 0.8912208080291748, 0.07272689789533615], [0.8916729688644409, 0.9495248794555664, 0.12140903621912003], [0.7288057208061218, 0.7456085681915283, 0.17386461794376373]]]",0.8912208080291748,0.897176,0.5685,0.9121,0.7481,0.9864270091056824,0.9895429611206055,0.9855627417564392,0.9866430759429932,0.9858735203742981,0.25497493147850037,0.2713783383369446,0.9842396974563599,/scicore/home/schwede/barta0000/scoring_pipeline/run1/5ig7_abc_cut_A_K110A/boltz_free/output/boltz_results_5ig7_abc_cut_A_K110A/predictions/5ig7_abc_cut_A_K110A/5ig7_abc_cut_A_K110A_model_0.cif,0.977638,0.5911,0.9715,0.8882,0.9867284893989563,0.9894475936889648,0.9854393005371094,0.9870507717132568,0.9864850640296936,0.2570367455482483,0.27899327874183655,0.9843817949295044,/scicore/home/schwede/barta0000/scoring_pipeline/run1/5ig7_abc_cut_A_K110A/boltz_with_template/output/boltz_results_5ig7_abc_cut_A_K110A/predictions/5ig7_abc_cut_A_K110A/5ig7_abc_cut_A_K110A_model_0.cif,0.977634,0.5994,0.9718,0.887,4.816319068272908,5.152521928151448,4.480116208394368,0.1392684634420158,0.3118327757823619,1.1652882099151611,1.0977816581726074,1.2327947616577148,4.844062248865763,5.217337608337402,4.470786889394124,0.1397702903989748,0.3175358406109806,1.1471645832061768,1.0666089057922363,1.2277202606201172,4.938141266504923,5.043486595153809,4.832795937856038,0.1382401217137368,0.310769742255247,1.168703019618988,1.096161127090454,1.241244912147522,4.8008363246917725,4.924168586730957,4.677504062652588,0.1451425678562332,0.3200458480651751,1.1392910182476044,0.97624009847641,1.3023419380187988,5.054203669230144,4.589713255564372,5.518694082895915,0.1555484279122204,0.2722238933370958,1.3011304140090942,1.2821547985076904,1.320106029510498
5ig7_abc_cut_A_K110A,False,"A,C",2.806122347808844,94.95046321525886,15.92,2.31,2.525,92.63026013392854,0.752488,0.1908,0.8391,0.7357,0.9,0.47500000000000003,-7.16,0.0,0.96,,0.207,2.713984566065173,97.07455284552847,18.37,2.57,2.773846153846154,93.72428730555943,0.669198,0.1909,0.8168,0.7088,0.92,0.94,19.3,1.0,0.0,0.8466161421581568,0.8552873907012966,25.7784686088562,56.392967224121094,78.99162,12.065299,0.741923,,,,,,,0.8946512937545776,/scicore/home/schwede/barta0000/scoring_pipeline/run1/5ig7_abc_cut_A_K110A/chai_no_constraints/seed_2951/pred.model_idx_0.cif,0.9110416769981384,/scicore/home/schwede/barta0000/scoring_pipeline/run1/5ig7_abc_cut_A_K110A/chai_with_constraints/seed_3033/pred.model_idx_1.cif,0.8946512937545776,0.9463280439376831,0.8817321062088013,"[[0.9444799423217773, 0.9482003450393677, 0.09482301026582718]]","[[[0.9444799423217773, 0.8866336941719055, 0.039870236068964005], [0.8858174085617065, 0.9482003450393677, 0.034707605838775635], [0.5866318941116333, 0.5207819938659668, 0.09482301026582718]]]",0.039870236068964005,0.383827,0.2206,0.7374,0.5085,0.9110416769981384,0.9542523622512817,0.9002389907836914,"[[0.9459781646728516, 0.9495248794555664, 0.17386461794376373]]","[[[0.9459781646728516, 0.8912208080291748, 0.07272689789533615], [0.8916729688644409, 0.9495248794555664, 0.12140903621912003], [0.7288057208061218, 0.7456085681915283, 0.17386461794376373]]]",0.07272689789533615,0.66997,0.1968,0.8961,0.7196,0.9864270091056824,0.9895429611206055,0.9855627417564392,0.9866430759429932,0.9858735203742981,0.25497493147850037,0.2713783383369446,0.9582159519195557,/scicore/home/schwede/barta0000/scoring_pipeline/run1/5ig7_abc_cut_A_K110A/boltz_free/output/boltz_results_5ig7_abc_cut_A_K110A/predictions/5ig7_abc_cut_A_K110A/5ig7_abc_cut_A_K110A_model_0.cif,0.937319,0.2473,0.968,0.8729,0.9867284893989563,0.9894475936889648,0.9854393005371094,0.9870507717132568,0.9864850640296936,0.2570367455482483,0.27899327874183655,0.9534335136413574,/scicore/home/schwede/barta0000/scoring_pipeline/run1/5ig7_abc_cut_A_K110A/boltz_with_template/output/boltz_results_5ig7_abc_cut_A_K110A/predictions/5ig7_abc_cut_A_K110A/5ig7_abc_cut_A_K110A_model_0.cif,0.929833,0.2622,0.9686,0.8637,3.061295360326767,5.152521928151448,0.9700687925020852,0.1519321611523739,0.222521179715783,1.5027329921722412,1.0977816581726074,1.907684326171875,3.127830257018408,5.217337608337402,1.038322905699412,0.1523588189984645,0.2233501240858773,1.499014675617218,1.0666089057922363,1.9314204454422,3.0547094643116,5.043486595153809,1.0659323334693909,0.2039252815657343,0.2075388330609023,1.572436809539795,1.096161127090454,2.048712491989136,2.997663825750351,4.924168586730957,1.0711590647697449,0.1865910296484808,0.2065941992197965,1.5769988000392914,0.97624009847641,2.177757501602173,3.075269937515259,4.589713255564372,1.5608266194661458,0.2470578987300242,0.149710723784148,1.8990503549575808,1.2821547985076904,2.5159459114074707
5ig7_abc_cut_A_K110A,False,"B,C",2.806122347808844,94.95046321525886,17.58,2.37,1.9149999999999998,94.08136919774435,0.761082,0.2131,0.8765,0.7418,0.91,0.48000000000000004,-7.61,0.0,0.96,,0.171,2.713984566065173,97.07455284552847,46.24,6.17,1.7177499999999999,96.1663155806692,0.713368,0.2193,0.8804,0.7192,0.92,0.94,15.4,1.0,,0.8529782805597377,0.8552873907012966,,,78.99162,12.065299,0.741923,,,,,,,0.8946512937545776,/scicore/home/schwede/barta0000/scoring_pipeline/run1/5ig7_abc_cut_A_K110A/chai_no_constraints/seed_2951/pred.model_idx_0.cif,0.9110416769981384,/scicore/home/schwede/barta0000/scoring_pipeline/run1/5ig7_abc_cut_A_K110A/chai_with_constraints/seed_3033/pred.model_idx_1.cif,0.8946512937545776,0.9463280439376831,0.8817321062088013,"[[0.9444799423217773, 0.9482003450393677, 0.09482301026582718]]","[[[0.9444799423217773, 0.8866336941719055, 0.039870236068964005], [0.8858174085617065, 0.9482003450393677, 0.034707605838775635], [0.5866318941116333, 0.5207819938659668, 0.09482301026582718]]]",0.034707605838775635,0.325788,0.1541,0.4754,0.4827,0.9110416769981384,0.9542523622512817,0.9002389907836914,"[[0.9459781646728516, 0.9495248794555664, 0.17386461794376373]]","[[[0.9459781646728516, 0.8912208080291748, 0.07272689789533615], [0.8916729688644409, 0.9495248794555664, 0.12140903621912003], [0.7288057208061218, 0.7456085681915283, 0.17386461794376373]]]",0.12140903621912003,0.657543,0.1506,0.9086,0.7245,0.9864270091056824,0.9895429611206055,0.9855627417564392,0.9866430759429932,0.9858735203742981,0.25497493147850037,0.2713783383369446,0.9560425877571106,/scicore/home/schwede/barta0000/scoring_pipeline/run1/5ig7_abc_cut_A_K110A/boltz_free/output/boltz_results_5ig7_abc_cut_A_K110A/predictions/5ig7_abc_cut_A_K110A/5ig7_abc_cut_A_K110A_model_0.cif,0.927025,0.2297,0.9621,0.8692,0.9867284893989563,0.9894475936889648,0.9854393005371094,0.9870507717132568,0.9864850640296936,0.2570367455482483,0.27899327874183655,0.9567937850952148,/scicore/home/schwede/barta0000/scoring_pipeline/run1/5ig7_abc_cut_A_K110A/boltz_with_template/output/boltz_results_5ig7_abc_cut_A_K110A/predictions/5ig7_abc_cut_A_K110A/5ig7_abc_cut_A_K110A_model_0.cif,0.928345,0.2315,0.9659,0.8654,2.725092500448227,4.480116208394368,0.9700687925020852,0.1938347888238383,0.207995352368058,1.570239543914795,1.2327947616577148,1.907684326171875,2.754554897546768,4.470786889394124,1.038322905699412,0.1991520052861084,0.2060636137953499,1.5795703530311584,1.2277202606201172,1.9314204454422,2.9493641356627145,4.832795937856038,1.0659323334693909,0.2002979272787617,0.1930166736059115,1.6449787020683289,1.241244912147522,2.048712491989136,2.8743315637111664,4.677504062652588,1.0711590647697449,0.2050801282064673,0.1755116739928866,1.7400497198104858,1.3023419380187988,2.177757501602173,3.5397603511810303,5.518694082895915,1.5608266194661458,0.2046119619537727,0.1468966544410309,1.9180259704589844,1.320106029510498,2.5159459114074707
5ijk_acx_cut_B_Y31A,False,"A,B",3.093042047708908,94.54632237871674,0.84,0.05,1.6612903225806455,96.68876915772645,0.887377,0.5528,0.9351,0.7721,0.93,0.93,-134.15,0.0,0.94,0.9981,0.188,3.0472182706730533,96.02,68.11,4.49,1.5461290322580648,97.66866861979166,0.871663,0.5676,0.9298,0.7766,0.91,0.93,35.88,1.0,0.9956,0.9318223750398749,0.9403186530686525,3.5210659354925156,79.12323760986328,80.138664,11.434405,0.7642455,,,,,,,0.8757623434066772,/scicore/home/schwede/barta0000/scoring_pipeline/run1/5ijk_acx_cut_B_Y31A/chai_no_constraints/seed_2407/pred.model_idx_1.cif,0.9039880037307739,/scicore/home/schwede/barta0000/scoring_pipeline/run1/5ijk_acx_cut_B_Y31A/chai_with_constraints/seed_3299/pred.model_idx_0.cif,0.8757623434066772,0.9336868524551392,0.8612812161445618,"[[0.9345048069953918, 0.9514862895011902, 0.09764598309993744]]","[[[0.9345048069953918, 0.8868847489356995, 0.008940258994698524], [0.8708974123001099, 0.9514862895011902, 0.009815108962357044], [0.18266569077968597, 0.1902185082435608, 0.09764598309993744]]]",0.8868847489356995,0.889879,0.428,0.7873,0.729,0.9039880037307739,0.9523912668228149,0.8918871879577637,"[[0.9461417198181152, 0.9522110223770142, 0.1362254023551941]]","[[[0.9461417198181152, 0.891068160533905, 0.038467925041913986], [0.8866477012634277, 0.9522110223770142, 0.06413405388593674], [0.6040657758712769, 0.6013041138648987, 0.1362254023551941]]]",0.891068160533905,0.895975,0.4943,0.8442,0.7372,0.9786375164985657,0.9898690581321716,0.9857210516929626,0.9768666625022888,0.9700449705123901,0.25505879521369934,0.2793523371219635,0.9857451915740967,/scicore/home/schwede/barta0000/scoring_pipeline/run1/5ijk_acx_cut_B_Y31A/boltz_free/output/boltz_results_5ijk_acx_cut_B_Y31A/predictions/5ijk_acx_cut_B_Y31A/5ijk_acx_cut_B_Y31A_model_0.cif,0.979393,0.5383,0.9686,0.8914,0.9808077812194824,0.9895545244216919,0.9852134585380554,0.979706346988678,0.9751611351966858,0.25609660148620605,0.28398600220680237,0.9853460192680359,/scicore/home/schwede/barta0000/scoring_pipeline/run1/5ijk_acx_cut_B_Y31A/boltz_with_template/output/boltz_results_5ijk_acx_cut_B_Y31A/predictions/5ijk_acx_cut_B_Y31A/5ijk_acx_cut_B_Y31A_model_0.cif,0.978908,0.5468,0.9723,0.8875,5.305423974990845,5.590916315714519,5.019931634267171,0.1526746443688907,0.3451126761020303,1.0638843178749084,1.0630097389221191,1.0647588968276978,5.371610800425212,5.6431223551432295,5.100099245707194,0.1420432668943559,0.3463304224690053,1.0603619813919067,1.063077449798584,1.0576465129852295,5.393870512644449,5.387554963429769,5.400186061859131,0.1460316103295564,0.3512817962876857,1.0461665391921997,1.0527809858322144,1.039552092552185,5.5868542194366455,5.595750013987224,5.577958424886067,0.1679200449256741,0.3484378429487089,1.0542954206466677,1.054261326789856,1.054329514503479,5.342469056447348,5.422686258951823,5.262251853942871,0.1457979980886402,0.3343475494656012,1.0955742597579956,1.1255711317062378,1.0655773878097534
5ijk_acx_cut_B_Y31A,False,"A,C",3.093042047708908,94.54632237871674,9.09,3.15,3.1625,80.06901888909279,0.043217,0.0229,0.3007,0.322,0.53,0.47500000000000003,22.06,0.0,0.94,,0.405,3.0472182706730533,96.02,12.41,2.86,2.78625,80.38600006103516,0.093645,0.0228,0.1685,0.2567,0.91,0.93,33.16,1.0,,0.4476985775123335,0.8670491824079537,,,80.138664,11.434405,0.7642455,,,,,,,0.8757623434066772,/scicore/home/schwede/barta0000/scoring_pipeline/run1/5ijk_acx_cut_B_Y31A/chai_no_constraints/seed_2407/pred.model_idx_1.cif,0.9039880037307739,/scicore/home/schwede/barta0000/scoring_pipeline/run1/5ijk_acx_cut_B_Y31A/chai_with_constraints/seed_3299/pred.model_idx_0.cif,0.8757623434066772,0.9336868524551392,0.8612812161445618,"[[0.9345048069953918, 0.9514862895011902, 0.09764598309993744]]","[[[0.9345048069953918, 0.8868847489356995, 0.008940258994698524], [0.8708974123001099, 0.9514862895011902, 0.009815108962357044], [0.18266569077968597, 0.1902185082435608, 0.09764598309993744]]]",0.008940258994698524,0.024942,0.0262,0.021,0.185,0.9039880037307739,0.9523912668228149,0.8918871879577637,"[[0.9461417198181152, 0.9522110223770142, 0.1362254023551941]]","[[[0.9461417198181152, 0.891068160533905, 0.038467925041913986], [0.8866477012634277, 0.9522110223770142, 0.06413405388593674], [0.6040657758712769, 0.6013041138648987, 0.1362254023551941]]]",0.038467925041913986,0.489452,0.0247,0.457,0.5833,0.9786375164985657,0.9898690581321716,0.9857210516929626,0.9768666625022888,0.9700449705123901,0.25505879521369934,0.2793523371219635,0.9451607465744019,/scicore/home/schwede/barta0000/scoring_pipeline/run1/5ijk_acx_cut_B_Y31A/boltz_free/output/boltz_results_5ijk_acx_cut_B_Y31A/predictions/5ijk_acx_cut_B_Y31A/5ijk_acx_cut_B_Y31A_model_0.cif,0.914715,0.044,0.8648,0.828,0.9808077812194824,0.9895545244216919,0.9852134585380554,0.979706346988678,0.9751611351966858,0.25609660148620605,0.28398600220680237,0.9439863562583923,/scicore/home/schwede/barta0000/scoring_pipeline/run1/5ijk_acx_cut_B_Y31A/boltz_with_template/output/boltz_results_5ijk_acx_cut_B_Y31A/predictions/5ijk_acx_cut_B_Y31A/5ijk_acx_cut_B_Y31A_model_0.cif,0.911921,0.0607,0.901,0.8211,3.165567805369695,5.590916315714519,0.7402192950248718,0.2079188087359481,0.2567421418678162,1.3596830368041992,1.0630097389221191,1.6563563346862793,3.2332024822632475,5.6431223551432295,0.8232826093832651,0.2242886041753588,0.2810288300060223,1.269298017024994,1.063077449798584,1.4755185842514038,3.0013303955396013,5.387554963429769,0.6151058276494344,0.1677633693486499,0.2422176389467426,1.417918622493744,1.0527809858322144,1.7830562591552734,3.0075344294309616,5.595750013987224,0.4193188448746999,0.141340238155868,0.1795908240576728,1.71707421541214,1.054261326789856,2.379887104034424,3.4373432298501334,5.422686258951823,1.4520002007484436,0.2310480832807037,0.1581785913861504,1.8440305590629575,1.1255711317062378,2.5624899864196777
5ijk_acx_cut_B_Y31A,False,"B,C",3.093042047708908,94.54632237871674,89.28,12.16,1.5473684210526317,80.82622014488837,0.065035,0.058,0.2994,0.3552,0.56,0.47500000000000003,47.19,0.0,0.94,,0.398,3.0472182706730533,96.02,94.4,12.74,1.2449999999999999,75.90142904009137,0.095908,0.0486,0.1375,0.2932,0.91,0.93,58.54,1.0,,0.7755487426401952,0.8344577691167758,,,80.138664,11.434405,0.7642455,,,,,,,0.8757623434066772,/scicore/home/schwede/barta0000/scoring_pipeline/run1/5ijk_acx_cut_B_Y31A/chai_no_constraints/seed_2407/pred.model_idx_1.cif,0.9039880037307739,/scicore/home/schwede/barta0000/scoring_pipeline/run1/5ijk_acx_cut_B_Y31A/chai_with_constraints/seed_3299/pred.model_idx_0.cif,0.8757623434066772,0.9336868524551392,0.8612812161445618,"[[0.9345048069953918, 0.9514862895011902, 0.09764598309993744]]","[[[0.9345048069953918, 0.8868847489356995, 0.008940258994698524], [0.8708974123001099, 0.9514862895011902, 0.009815108962357044], [0.18266569077968597, 0.1902185082435608, 0.09764598309993744]]]",0.009815108962357044,0.025464,0.0406,0.0563,0.2024,0.9039880037307739,0.9523912668228149,0.8918871879577637,"[[0.9461417198181152, 0.9522110223770142, 0.1362254023551941]]","[[[0.9461417198181152, 0.891068160533905, 0.038467925041913986], [0.8866477012634277, 0.9522110223770142, 0.06413405388593674], [0.6040657758712769, 0.6013041138648987, 0.1362254023551941]]]",0.06413405388593674,0.474334,0.0907,0.5652,0.606,0.9786375164985657,0.9898690581321716,0.9857210516929626,0.9768666625022888,0.9700449705123901,0.25505879521369934,0.2793523371219635,0.9439712166786194,/scicore/home/schwede/barta0000/scoring_pipeline/run1/5ijk_acx_cut_B_Y31A/boltz_free/output/boltz_results_5ijk_acx_cut_B_Y31A/predictions/5ijk_acx_cut_B_Y31A/5ijk_acx_cut_B_Y31A_model_0.cif,0.90567,0.1408,0.869,0.8416,0.9808077812194824,0.9895545244216919,0.9852134585380554,0.979706346988678,0.9751611351966858,0.25609660148620605,0.28398600220680237,0.9436136484146118,/scicore/home/schwede/barta0000/scoring_pipeline/run1/5ijk_acx_cut_B_Y31A/boltz_with_template/output/boltz_results_5ijk_acx_cut_B_Y31A/predictions/5ijk_acx_cut_B_Y31A/5ijk_acx_cut_B_Y31A_model_0.cif,0.903945,0.1497,0.8953,0.8326,2.8800754646460214,5.019931634267171,0.7402192950248718,0.1801399082961254,0.2565176987551619,1.3605576157569883,1.0647588968276978,1.6563563346862793,2.96169092754523,5.100099245707194,0.8232826093832651,0.1931002469767428,0.281792991974548,1.2665825486183169,1.0576465129852295,1.4755185842514038,3.0076459447542825,5.400186061859131,0.6151058276494344,0.2180962235730559,0.2438250849170277,1.4113041758537292,1.039552092552185,1.7830562591552734,2.9986386348803835,5.577958424886067,0.4193188448746999,0.1730805696362174,0.1795847012182089,1.7171083092689514,1.054329514503479,2.379887104034424,3.3571260273456573,5.262251853942871,1.4520002007484436,0.2803763453054563,0.1629953368095922,1.814033687114716,1.0655773878097534,2.5624899864196777
5ifj_abc_cut_A_D111A,False,"A,B",2.815847048714389,95.2828540305011,147.0,8.32,2.7148648648648646,92.85334802700652,0.888359,0.5351,0.806,0.7688,0.94,0.925,-107.56,0.0,0.96,0.998,0.212,2.7665581003371007,97.03947154471544,8050.55,461.39,2.101805555555556,95.74722353617351,0.846353,0.5633,0.8635,0.7507,0.92,0.94,9900.96,1.0,0.9897,0.8932093229045845,0.8938086785356856,3.399144831157866,79.5256118774414,79.15095,12.12591,0.7405139,,,,,,,0.9117957949638367,/scicore/home/schwede/barta0000/scoring_pipeline/run1/5ifj_abc_cut_A_D111A/chai_no_constraints/seed_1382/pred.model_idx_0.cif,0.910263180732727,/scicore/home/schwede/barta0000/scoring_pipeline/run1/5ifj_abc_cut_A_D111A/chai_with_constraints/seed_1436/pred.model_idx_1.cif,0.9117957949638367,0.954572856426239,0.9011015295982361,"[[0.9472975134849548, 0.9492976665496826, 0.17880159616470337]]","[[[0.9472975134849548, 0.8904723525047302, 0.07700123637914658], [0.8922404050827026, 0.9492976665496826, 0.1318671703338623], [0.7555780410766602, 0.7818803787231445, 0.17880159616470337]]]",0.8904723525047302,0.897881,0.554,0.8965,0.7492,0.910263180732727,0.953805148601532,0.899377703666687,"[[0.9454193711280823, 0.9488046169281006, 0.17885977029800415]]","[[[0.9454193711280823, 0.8907997608184814, 0.07395186275243759], [0.8902328610420227, 0.9488046169281006, 0.13040445744991302], [0.752536952495575, 0.7843248844146729, 0.17885977029800415]]]",0.8907997608184814,0.895908,0.5699,0.8999,0.7472,0.9803353548049927,0.9902048707008362,0.9860971570014954,0.9788948893547058,0.9730408787727356,0.2553693652153015,0.2821274995803833,0.9852307438850403,/scicore/home/schwede/barta0000/scoring_pipeline/run1/5ifj_abc_cut_A_D111A/boltz_free/output/boltz_results_5ifj_abc_cut_A_D111A/predictions/5ifj_abc_cut_A_D111A/5ifj_abc_cut_A_D111A_model_0.cif,0.978722,0.5803,0.9461,0.8926,0.9814832806587219,0.9911813735961914,0.9875634908676147,0.9799632430076599,0.9754877686500549,0.256625235080719,0.2898704707622528,0.9866101145744324,/scicore/home/schwede/barta0000/scoring_pipeline/run1/5ifj_abc_cut_A_D111A/boltz_with_template/output/boltz_results_5ifj_abc_cut_A_D111A/predictions/5ifj_abc_cut_A_D111A/5ifj_abc_cut_A_D111A_model_0.cif,0.980823,0.5757,0.9532,0.8951,4.8034450213114415,4.962527592976888,4.644362449645996,0.1326568244846394,0.3128963682939011,1.1618832349777222,1.0554760694503784,1.268290400505066,4.703336715698242,5.0434196790059405,4.363253752390544,0.1434062610991703,0.2978655065981378,1.211113214492798,1.1322016716003418,1.290024757385254,5.008098045984903,4.993769486745198,5.022426605224609,0.1353593481053119,0.3074375705705103,1.1794832348823547,1.1152085065841677,1.243757963180542,4.914564927419027,4.715540568033855,5.113589286804199,0.1460200186523281,0.3248663447112781,1.1243414282798767,1.0431997776031494,1.205483078956604,5.002187252044678,4.471579392751058,5.532795111338298,0.1691837803270631,0.2641864524487514,1.3311001658439636,1.3386695384979248,1.3235307931900024
5ifj_abc_cut_A_D111A,False,"A,C",2.815847048714389,95.2828540305011,15.9,2.09,2.45,94.52105800809134,0.754481,0.1796,0.8761,0.7349,0.9,0.47500000000000003,-12.21,0.0,0.96,,0.186,2.7665581003371007,97.03947154471544,0.0,0.0,2.5942857142857143,95.4846684773763,0.704926,0.1921,0.8475,0.7071,0.92,0.94,751.64,1.0,,0.8579466387120536,0.8552873907012966,,,79.15095,12.12591,0.7405139,,,,,,,0.9117957949638367,/scicore/home/schwede/barta0000/scoring_pipeline/run1/5ifj_abc_cut_A_D111A/chai_no_constraints/seed_1382/pred.model_idx_0.cif,0.910263180732727,/scicore/home/schwede/barta0000/scoring_pipeline/run1/5ifj_abc_cut_A_D111A/chai_with_constraints/seed_1436/pred.model_idx_1.cif,0.9117957949638367,0.954572856426239,0.9011015295982361,"[[0.9472975134849548, 0.9492976665496826, 0.17880159616470337]]","[[[0.9472975134849548, 0.8904723525047302, 0.07700123637914658], [0.8922404050827026, 0.9492976665496826, 0.1318671703338623], [0.7555780410766602, 0.7818803787231445, 0.17880159616470337]]]",0.07700123637914658,0.724041,0.1914,0.8888,0.7367,0.910263180732727,0.953805148601532,0.899377703666687,"[[0.9454193711280823, 0.9488046169281006, 0.17885977029800415]]","[[[0.9454193711280823, 0.8907997608184814, 0.07395186275243759], [0.8902328610420227, 0.9488046169281006, 0.13040445744991302], [0.752536952495575, 0.7843248844146729, 0.17885977029800415]]]",0.07395186275243759,0.724545,0.2101,0.8734,0.7266,0.9803353548049927,0.9902048707008362,0.9860971570014954,0.9788948893547058,0.9730408787727356,0.2553693652153015,0.2821274995803833,0.9395655989646912,/scicore/home/schwede/barta0000/scoring_pipeline/run1/5ifj_abc_cut_A_D111A/boltz_free/output/boltz_results_5ifj_abc_cut_A_D111A/predictions/5ifj_abc_cut_A_D111A/5ifj_abc_cut_A_D111A_model_0.cif,0.904341,0.2205,0.9188,0.8638,0.9814832806587219,0.9911813735961914,0.9875634908676147,0.9799632430076599,0.9754877686500549,0.256625235080719,0.2898704707622528,0.9384916424751282,/scicore/home/schwede/barta0000/scoring_pipeline/run1/5ifj_abc_cut_A_D111A/boltz_with_template/output/boltz_results_5ifj_abc_cut_A_D111A/predictions/5ifj_abc_cut_A_D111A/5ifj_abc_cut_A_D111A_model_0.cif,0.903545,0.2228,0.9224,0.8619,2.9582455853621163,4.962527592976888,0.953963577747345,0.196030073011781,0.2542753007846702,1.3693377375602722,1.0554760694503784,1.683199405670166,2.9599235355854034,5.0434196790059405,0.8764273921648661,0.1680846953707659,0.2451690037269882,1.4058074951171875,1.1322016716003418,1.6794133186340332,2.7819508711496987,4.993769486745198,0.5701322555541992,0.1563226268123206,0.2680265528199554,1.316669225692749,1.1152085065841677,1.5181299448013306,2.7715953091780348,4.715540568033855,0.8276500503222147,0.1797154829808037,0.3078722464272154,1.1780703663825989,1.0431997776031494,1.3129409551620483,3.175253828366597,4.471579392751058,1.878928263982137,0.2831945597831143,0.1570210601706846,1.8513753414154053,1.3386695384979248,2.3640811443328857
5ifj_abc_cut_A_D111A,False,"B,C",2.815847048714389,95.2828540305011,10.55,1.4,1.7500000000000004,94.94049157953627,0.776109,0.1936,0.8878,0.7408,0.92,0.48000000000000004,-15.05,0.0,0.96,,0.174,2.7665581003371007,97.03947154471544,0.0,0.0,1.8241666666666667,96.17388916015625,0.716109,0.1848,0.8848,0.7176,0.92,0.94,751.64,1.0,,0.8529782805597377,0.8340444005953271,,,79.15095,12.12591,0.7405139,,,,,,,0.9117957949638367,/scicore/home/schwede/barta0000/scoring_pipeline/run1/5ifj_abc_cut_A_D111A/chai_no_constraints/seed_1382/pred.model_idx_0.cif,0.910263180732727,/scicore/home/schwede/barta0000/scoring_pipeline/run1/5ifj_abc_cut_A_D111A/chai_with_constraints/seed_1436/pred.model_idx_1.cif,0.9117957949638367,0.954572856426239,0.9011015295982361,"[[0.9472975134849548, 0.9492976665496826, 0.17880159616470337]]","[[[0.9472975134849548, 0.8904723525047302, 0.07700123637914658], [0.8922404050827026, 0.9492976665496826, 0.1318671703338623], [0.7555780410766602, 0.7818803787231445, 0.17880159616470337]]]",0.1318671703338623,0.74274,0.2078,0.8964,0.7474,0.910263180732727,0.953805148601532,0.899377703666687,"[[0.9454193711280823, 0.9488046169281006, 0.17885977029800415]]","[[[0.9454193711280823, 0.8907997608184814, 0.07395186275243759], [0.8902328610420227, 0.9488046169281006, 0.13040445744991302], [0.752536952495575, 0.7843248844146729, 0.17885977029800415]]]",0.13040445744991302,0.755061,0.182,0.8966,0.7436,0.9803353548049927,0.9902048707008362,0.9860971570014954,0.9788948893547058,0.9730408787727356,0.2553693652153015,0.2821274995803833,0.9461795091629028,/scicore/home/schwede/barta0000/scoring_pipeline/run1/5ifj_abc_cut_A_D111A/boltz_free/output/boltz_results_5ifj_abc_cut_A_D111A/predictions/5ifj_abc_cut_A_D111A/5ifj_abc_cut_A_D111A_model_0.cif,0.908643,0.2144,0.9302,0.8538,0.9814832806587219,0.9911813735961914,0.9875634908676147,0.9799632430076599,0.9754877686500549,0.256625235080719,0.2898704707622528,0.9491904377937317,/scicore/home/schwede/barta0000/scoring_pipeline/run1/5ifj_abc_cut_A_D111A/boltz_with_template/output/boltz_results_5ifj_abc_cut_A_D111A/predictions/5ifj_abc_cut_A_D111A/5ifj_abc_cut_A_D111A_model_0.cif,0.913493,0.2168,0.9356,0.8502,2.7991630136966705,4.644362449645996,0.953963577747345,0.1975288172051544,0.228608372521748,1.475744903087616,1.268290400505066,1.683199405670166,2.619840572277705,4.363253752390544,0.8764273921648661,0.1970836748815087,0.2265659881657695,1.4847190380096436,1.290024757385254,1.6794133186340332,2.7962794303894043,5.022426605224609,0.5701322555541992,0.1394945958989872,0.2513411865297288,1.3809439539909365,1.243757963180542,1.5181299448013306,2.970619668563207,5.113589286804199,0.8276500503222147,0.1432377206107619,0.2838776291196607,1.2592120170593262,1.205483078956604,1.3129409551620483,3.705861687660217,5.532795111338298,1.878928263982137,0.2204837576386169,0.1582141207533092,1.843805968761444,1.3235307931900024,2.3640811443328857
5ifj_abc_cut_B_L116A,False,"A,B",2.8066065172846852,95.03299564270154,76.6,4.63,2.120588235294118,95.30340166058625,0.885584,0.5425,0.8739,0.7623,0.94,0.925,-124.0,0.0,0.96,0.9969,0.184,2.5442050036354025,97.67036585365854,256.06,15.34,1.47258064516129,97.89451599121094,0.862844,0.5658,0.9223,0.7696,0.92,0.94,79.39,1.0,0.9902,0.8896225803751514,0.9422595530592051,3.0377100499776692,78.8646011352539,79.59361,11.744957,0.75298953,,,,,,,0.9127676486968994,/scicore/home/schwede/barta0000/scoring_pipeline/run1/5ifj_abc_cut_B_L116A/chai_no_constraints/seed_1319/pred.model_idx_3.cif,0.9104715585708618,/scicore/home/schwede/barta0000/scoring_pipeline/run1/5ifj_abc_cut_B_L116A/chai_with_constraints/seed_1597/pred.model_idx_2.cif,0.9127676486968994,0.955157458782196,0.9021701812744141,"[[0.9485109448432922, 0.9499985575675964, 0.1748652458190918]]","[[[0.9485109448432922, 0.8920019865036011, 0.08038556575775146], [0.8935608863830566, 0.9499985575675964, 0.11326064169406891], [0.7600655555725098, 0.7510064840316772, 0.1748652458190918]]]",0.8920019865036011,0.89883,0.551,0.8979,0.7488,0.9104715585708618,0.9539629220962524,0.8995987176895142,"[[0.9452025294303894, 0.9490475058555603, 0.17641472816467285]]","[[[0.9452025294303894, 0.8905109763145447, 0.0718480795621872], [0.8907508254051208, 0.9490475058555603, 0.1274077594280243], [0.7465630173683167, 0.7837234735488892, 0.17641472816467285]]]",0.8905109763145447,0.896424,0.5528,0.9029,0.7476,0.9831171035766602,0.9900791645050049,0.9860422611236572,0.9823857545852661,0.9802974462509155,0.25711527466773987,0.29210028052330017,0.9853577613830566,/scicore/home/schwede/barta0000/scoring_pipeline/run1/5ifj_abc_cut_B_L116A/boltz_free/output/boltz_results_5ifj_abc_cut_B_L116A/predictions/5ifj_abc_cut_B_L116A/5ifj_abc_cut_B_L116A_model_0.cif,0.978973,0.5773,0.9629,0.8881,0.9842113852500916,0.9903838634490967,0.9865548014640808,0.9836254715919495,0.9823808670043945,0.25744307041168213,0.29063209891319275,0.9848918914794922,/scicore/home/schwede/barta0000/scoring_pipeline/run1/5ifj_abc_cut_B_L116A/boltz_with_template/output/boltz_results_5ifj_abc_cut_B_L116A/predictions/5ifj_abc_cut_B_L116A/5ifj_abc_cut_B_L116A_model_0.cif,0.979485,0.5879,0.9658,0.8888,4.689518849054973,4.923671881357829,4.455365816752116,0.144074039788673,0.2937138707534687,1.2251492142677307,1.105393409729004,1.3449050188064575,4.600993712743124,4.967736721038818,4.234250704447429,0.1543335273942953,0.2947559111159389,1.221607685089111,1.107768177986145,1.3354471921920776,5.010246912638346,4.941703160603841,5.078790664672852,0.1444121154548335,0.313451943185036,1.1601092219352722,1.041737675666809,1.2784807682037354,4.772545258204142,4.8778910636901855,4.667199452718099,0.1634737292985941,0.3232127191992036,1.129444599151611,1.008347749710083,1.2505414485931396,5.0671264330546055,4.729474385579427,5.404778480529785,0.1580313506640835,0.2639398477001048,1.3320340514183044,1.3030534982681274,1.3610146045684814
5ifj_abc_cut_B_L116A,False,"A,C",2.8066065172846852,95.03299564270154,14.27,1.84,2.6285714285714286,93.25375434349453,0.737036,0.1593,0.8019,0.7214,0.89,0.47500000000000003,-8.35,0.0,0.96,,0.161,2.5442050036354025,97.67036585365854,497.52,64.8,2.020625,97.14555655585394,0.732827,0.2035,0.9046,0.7333,0.92,0.94,464.5,1.0,,0.8610579597389698,0.900804652148407,,,79.59361,11.744957,0.75298953,,,,,,,0.9127676486968994,/scicore/home/schwede/barta0000/scoring_pipeline/run1/5ifj_abc_cut_B_L116A/chai_no_constraints/seed_1319/pred.model_idx_3.cif,0.9104715585708618,/scicore/home/schwede/barta0000/scoring_pipeline/run1/5ifj_abc_cut_B_L116A/chai_with_constraints/seed_1597/pred.model_idx_2.cif,0.9127676486968994,0.955157458782196,0.9021701812744141,"[[0.9485109448432922, 0.9499985575675964, 0.1748652458190918]]","[[[0.9485109448432922, 0.8920019865036011, 0.08038556575775146], [0.8935608863830566, 0.9499985575675964, 0.11326064169406891], [0.7600655555725098, 0.7510064840316772, 0.1748652458190918]]]",0.08038556575775146,0.68914,0.2091,0.8702,0.7235,0.9104715585708618,0.9539629220962524,0.8995987176895142,"[[0.9452025294303894, 0.9490475058555603, 0.17641472816467285]]","[[[0.9452025294303894, 0.8905109763145447, 0.0718480795621872], [0.8907508254051208, 0.9490475058555603, 0.1274077594280243], [0.7465630173683167, 0.7837234735488892, 0.17641472816467285]]]",0.0718480795621872,0.713527,0.1833,0.866,0.7238,0.9831171035766602,0.9900791645050049,0.9860422611236572,0.9823857545852661,0.9802974462509155,0.25711527466773987,0.29210028052330017,0.9329349994659424,/scicore/home/schwede/barta0000/scoring_pipeline/run1/5ifj_abc_cut_B_L116A/boltz_free/output/boltz_results_5ifj_abc_cut_B_L116A/predictions/5ifj_abc_cut_B_L116A/5ifj_abc_cut_B_L116A_model_0.cif,0.891139,0.2081,0.9451,0.8532,0.9842113852500916,0.9903838634490967,0.9865548014640808,0.9836254715919495,0.9823808670043945,0.25744307041168213,0.29063209891319275,0.9375854730606079,/scicore/home/schwede/barta0000/scoring_pipeline/run1/5ifj_abc_cut_B_L116A/boltz_with_template/output/boltz_results_5ifj_abc_cut_B_L116A/predictions/5ifj_abc_cut_B_L116A/5ifj_abc_cut_B_L116A_model_0.cif,0.902098,0.2259,0.9535,0.8591,2.854406932989757,4.923671881357829,0.7851419846216837,0.1619601141676678,0.2328764699202573,1.4572471380233765,1.105393409729004,1.809100866317749,2.9305210212866464,4.967736721038818,0.8933053215344747,0.1786104014369809,0.2453779301009303,1.4049556851387024,1.107768177986145,1.7021431922912598,2.8665974537531533,4.941703160603841,0.7914917469024658,0.163505019064629,0.2689958331655354,1.313059389591217,1.041737675666809,1.584381103515625,2.7003776530424752,4.8778910636901855,0.5228642423947653,0.149189527389809,0.2535656890959681,1.3721323609352112,1.008347749710083,1.7359169721603394,3.2905295888582864,4.729474385579427,1.851584792137146,0.2549149742885022,0.1440674459579056,1.937473714351654,1.3030534982681274,2.5718939304351807
5ifj_abc_cut_B_L116A,False,"B,C",2.8066065172846852,95.03299564270154,0.95,0.13,1.7833333333333334,93.71519796954948,0.757846,0.1854,0.8579,0.7191,0.9,0.48000000000000004,-12.16,0.0,0.96,,0.172,2.5442050036354025,97.67036585365854,470.6,63.43,1.6873529411764707,96.68705839269302,0.751409,0.1764,0.8942,0.7314,0.92,0.94,456.94,1.0,,0.8536391769430092,0.849488106963316,,,79.59361,11.744957,0.75298953,,,,,,,0.9127676486968994,/scicore/home/schwede/barta0000/scoring_pipeline/run1/5ifj_abc_cut_B_L116A/chai_no_constraints/seed_1319/pred.model_idx_3.cif,0.9104715585708618,/scicore/home/schwede/barta0000/scoring_pipeline/run1/5ifj_abc_cut_B_L116A/chai_with_constraints/seed_1597/pred.model_idx_2.cif,0.9127676486968994,0.955157458782196,0.9021701812744141,"[[0.9485109448432922, 0.9499985575675964, 0.1748652458190918]]","[[[0.9485109448432922, 0.8920019865036011, 0.08038556575775146], [0.8935608863830566, 0.9499985575675964, 0.11326064169406891], [0.7600655555725098, 0.7510064840316772, 0.1748652458190918]]]",0.11326064169406891,0.691086,0.2051,0.8836,0.7348,0.9104715585708618,0.9539629220962524,0.8995987176895142,"[[0.9452025294303894, 0.9490475058555603, 0.17641472816467285]]","[[[0.9452025294303894, 0.8905109763145447, 0.0718480795621872], [0.8907508254051208, 0.9490475058555603, 0.1274077594280243], [0.7465630173683167, 0.7837234735488892, 0.17641472816467285]]]",0.1274077594280243,0.753582,0.1691,0.8977,0.737,0.9831171035766602,0.9900791645050049,0.9860422611236572,0.9823857545852661,0.9802974462509155,0.25711527466773987,0.29210028052330017,0.9330126643180847,/scicore/home/schwede/barta0000/scoring_pipeline/run1/5ifj_abc_cut_B_L116A/boltz_free/output/boltz_results_5ifj_abc_cut_B_L116A/predictions/5ifj_abc_cut_B_L116A/5ifj_abc_cut_B_L116A_model_0.cif,0.881717,0.2068,0.9388,0.8443,0.9842113852500916,0.9903838634490967,0.9865548014640808,0.9836254715919495,0.9823808670043945,0.25744307041168213,0.29063209891319275,0.9463438391685486,/scicore/home/schwede/barta0000/scoring_pipeline/run1/5ifj_abc_cut_B_L116A/boltz_with_template/output/boltz_results_5ifj_abc_cut_B_L116A/predictions/5ifj_abc_cut_B_L116A/5ifj_abc_cut_B_L116A_model_0.cif,0.908547,0.2098,0.9451,0.8464,2.6202539006869,4.455365816752116,0.7851419846216837,0.166693264267255,0.206593343400386,1.5770029425621033,1.3449050188064575,1.809100866317749,2.5637780129909515,4.234250704447429,0.8933053215344747,0.1924532485600903,0.2189755515311254,1.5187951922416687,1.3354471921920776,1.7021431922912598,2.9351412057876587,5.078790664672852,0.7914917469024658,0.1445447846001563,0.2389667314103302,1.4314309358596802,1.2784807682037354,1.584381103515625,2.595031847556432,4.667199452718099,0.5228642423947653,0.1373065655069511,0.2246460536281581,1.4932292103767395,1.2505414485931396,1.7359169721603394,3.6281816363334656,5.404778480529785,1.851584792137146,0.2128526259313455,0.1399522106003209,1.966454267501831,1.3610146045684814,2.5718939304351807
5ifj_abc_cut_A_Y66A,False,"A,B",2.701376495472272,95.33783842794759,61.34,3.68,1.9161764705882354,95.62956553431067,0.890291,0.5396,0.8896,0.7637,0.94,0.93,-122.78,0.0,0.96,0.9973,0.198,2.950894969925309,96.5032113821138,67.95,3.97,1.7396969696969695,96.69322696808845,0.847139,0.5518,0.8828,0.7383,0.91,0.94,-11.29,1.0,0.9941,0.9213702608971102,0.8976447455985523,3.141531977964484,78.7733383178711,79.95344,11.874058,0.7500093,,,,,,,0.9094586372375488,/scicore/home/schwede/barta0000/scoring_pipeline/run1/5ifj_abc_cut_A_Y66A/chai_no_constraints/seed_1073/pred.model_idx_0.cif,0.9107404351234436,/scicore/home/schwede/barta0000/scoring_pipeline/run1/5ifj_abc_cut_A_Y66A/chai_with_constraints/seed_1913/pred.model_idx_1.cif,0.9094586372375488,0.9534780383110046,0.8984537124633789,"[[0.9473956227302551, 0.9488828778266907, 0.16426241397857666]]","[[[0.9473956227302551, 0.8850024938583374, 0.061475496739149094], [0.8904725313186646, 0.9488828778266907, 0.1123589500784874], [0.7078394293785095, 0.7540118098258972, 0.16426241397857666]]]",0.8850024938583374,0.895761,0.5564,0.8919,0.7457,0.9107404351234436,0.9540844559669495,0.8999044299125671,"[[0.9453608989715576, 0.9489309191703796, 0.1767231523990631]]","[[[0.9453608989715576, 0.8903481960296631, 0.07292871922254562], [0.8909178972244263, 0.9489309191703796, 0.12845809757709503], [0.752637505531311, 0.7835519909858704, 0.1767231523990631]]]",0.8903481960296631,0.896856,0.5752,0.9015,0.7467,0.9835347533226013,0.9894481301307678,0.9850795865058899,0.983148455619812,0.9812802672386169,0.25769123435020447,0.2974461019039154,0.983967125415802,/scicore/home/schwede/barta0000/scoring_pipeline/run1/5ifj_abc_cut_A_Y66A/boltz_free/output/boltz_results_5ifj_abc_cut_A_Y66A/predictions/5ifj_abc_cut_A_Y66A/5ifj_abc_cut_A_Y66A_model_0.cif,0.9769,0.5823,0.9636,0.8868,0.9842482805252075,0.9885780811309814,0.9839618802070618,0.984319806098938,0.9835054874420166,0.2600706219673157,0.30520230531692505,0.9826474785804749,/scicore/home/schwede/barta0000/scoring_pipeline/run1/5ifj_abc_cut_A_Y66A/boltz_with_template/output/boltz_results_5ifj_abc_cut_A_Y66A/predictions/5ifj_abc_cut_A_Y66A/5ifj_abc_cut_A_Y66A_model_0.cif,0.975054,0.5887,0.9665,0.8799,4.717935403188069,4.7329433759053545,4.702927430470784,0.1352499194267433,0.306079967412664,1.1839088797569275,1.1208971738815308,1.2469205856323242,4.5980548063913975,4.865601857503255,4.330507755279541,0.151651795736676,0.3133106927245154,1.1605599522590635,1.0929844379425049,1.2281354665756226,4.956725835800171,5.083242575327556,4.830209096272786,0.1330353378922035,0.3193333919520661,1.1415196061134338,1.0609440803527832,1.2220951318740845,4.799240827560425,4.751052538553874,4.847429116566976,0.1613671384971471,0.3095618191905783,1.1725974678993225,1.06982421875,1.275370717048645,5.0501729647318525,4.526267210642497,5.574078718821208,0.1521186635388124,0.269218725601356,1.3122311234474182,1.304823875427246,1.3196383714675903
5ifj_abc_cut_A_Y66A,False,"A,C",2.701376495472272,95.33783842794759,33.11,4.36,2.7466666666666666,92.55246469236859,0.757827,0.1969,0.8113,0.7149,0.89,0.48000000000000004,-6.37,0.0,0.96,,0.145,2.950894969925309,96.5032113821138,289.8,41.54,2.6713333333333336,92.62529440487133,0.556308,0.1891,0.7646,0.6495,0.91,0.94,265.59,1.0,,0.6529616138988064,0.8616645850423855,,,79.95344,11.874058,0.7500093,,,,,,,0.9094586372375488,/scicore/home/schwede/barta0000/scoring_pipeline/run1/5ifj_abc_cut_A_Y66A/chai_no_constraints/seed_1073/pred.model_idx_0.cif,0.9107404351234436,/scicore/home/schwede/barta0000/scoring_pipeline/run1/5ifj_abc_cut_A_Y66A/chai_with_constraints/seed_1913/pred.model_idx_1.cif,0.9094586372375488,0.9534780383110046,0.8984537124633789,"[[0.9473956227302551, 0.9488828778266907, 0.16426241397857666]]","[[[0.9473956227302551, 0.8850024938583374, 0.061475496739149094], [0.8904725313186646, 0.9488828778266907, 0.1123589500784874], [0.7078394293785095, 0.7540118098258972, 0.16426241397857666]]]",0.061475496739149094,0.645975,0.1867,0.8281,0.6892,0.9107404351234436,0.9540844559669495,0.8999044299125671,"[[0.9453608989715576, 0.9489309191703796, 0.1767231523990631]]","[[[0.9453608989715576, 0.8903481960296631, 0.07292871922254562], [0.8909178972244263, 0.9489309191703796, 0.12845809757709503], [0.752637505531311, 0.7835519909858704, 0.1767231523990631]]]",0.07292871922254562,0.724621,0.2081,0.8683,0.7315,0.9835347533226013,0.9894481301307678,0.9850795865058899,0.983148455619812,0.9812802672386169,0.25769123435020447,0.2974461019039154,0.9269812107086182,/scicore/home/schwede/barta0000/scoring_pipeline/run1/5ifj_abc_cut_A_Y66A/boltz_free/output/boltz_results_5ifj_abc_cut_A_Y66A/predictions/5ifj_abc_cut_A_Y66A/5ifj_abc_cut_A_Y66A_model_0.cif,0.883116,0.2093,0.9454,0.8462,0.9842482805252075,0.9885780811309814,0.9839618802070618,0.984319806098938,0.9835054874420166,0.2600706219673157,0.30520230531692505,0.9288458824157715,/scicore/home/schwede/barta0000/scoring_pipeline/run1/5ifj_abc_cut_A_Y66A/boltz_with_template/output/boltz_results_5ifj_abc_cut_A_Y66A/predictions/5ifj_abc_cut_A_Y66A/5ifj_abc_cut_A_Y66A_model_0.cif,0.885454,0.2136,0.9529,0.8381,2.8955140610535937,4.7329433759053545,1.058084746201833,0.1918181315324987,0.2237915430588626,1.4970402717590332,1.1208971738815308,1.873183369636536,2.831011588374773,4.865601857503255,0.7964213192462921,0.1736322303743414,0.2295077030557786,1.4718186855316162,1.0929844379425049,1.8506529331207275,3.049880226453145,5.083242575327556,1.0165178775787354,0.1925117833032315,0.2340170401104004,1.4523613452911377,1.0609440803527832,1.843778610229492,2.8155611753463745,4.751052538553874,0.8800698121388754,0.2027702176232802,0.2255573422736571,1.489180862903595,1.06982421875,1.90853750705719,3.273638069629669,4.526267210642497,2.021008928616842,0.2620772424776917,0.1448742813308136,1.9318889379501345,1.304823875427246,2.5589540004730225
5ifj_abc_cut_A_Y66A,False,"B,C",2.701376495472272,95.33783842794759,1.86,0.25,1.7526315789473685,94.3056323057263,0.769603,0.1898,0.8736,0.7126,0.9,0.48000000000000004,-14.93,0.0,0.96,,0.187,2.950894969925309,96.5032113821138,270.59,34.98,1.981875,93.41000032424927,0.54985,0.1762,0.8114,0.6534,0.91,0.94,258.68,1.0,,0.7984550457627368,0.8517608406352613,,,79.95344,11.874058,0.7500093,,,,,,,0.9094586372375488,/scicore/home/schwede/barta0000/scoring_pipeline/run1/5ifj_abc_cut_A_Y66A/chai_no_constraints/seed_1073/pred.model_idx_0.cif,0.9107404351234436,/scicore/home/schwede/barta0000/scoring_pipeline/run1/5ifj_abc_cut_A_Y66A/chai_with_constraints/seed_1913/pred.model_idx_1.cif,0.9094586372375488,0.9534780383110046,0.8984537124633789,"[[0.9473956227302551, 0.9488828778266907, 0.16426241397857666]]","[[[0.9473956227302551, 0.8850024938583374, 0.061475496739149094], [0.8904725313186646, 0.9488828778266907, 0.1123589500784874], [0.7078394293785095, 0.7540118098258972, 0.16426241397857666]]]",0.1123589500784874,0.684358,0.1445,0.8534,0.6926,0.9107404351234436,0.9540844559669495,0.8999044299125671,"[[0.9453608989715576, 0.9489309191703796, 0.1767231523990631]]","[[[0.9453608989715576, 0.8903481960296631, 0.07292871922254562], [0.8909178972244263, 0.9489309191703796, 0.12845809757709503], [0.752637505531311, 0.7835519909858704, 0.1767231523990631]]]",0.12845809757709503,0.753508,0.1689,0.9,0.7409,0.9835347533226013,0.9894481301307678,0.9850795865058899,0.983148455619812,0.9812802672386169,0.25769123435020447,0.2974461019039154,0.9400945901870728,/scicore/home/schwede/barta0000/scoring_pipeline/run1/5ifj_abc_cut_A_Y66A/boltz_free/output/boltz_results_5ifj_abc_cut_A_Y66A/predictions/5ifj_abc_cut_A_Y66A/5ifj_abc_cut_A_Y66A_model_0.cif,0.896278,0.1962,0.9469,0.8353,0.9842482805252075,0.9885780811309814,0.9839618802070618,0.984319806098938,0.9835054874420166,0.2600706219673157,0.30520230531692505,0.9423363208770752,/scicore/home/schwede/barta0000/scoring_pipeline/run1/5ifj_abc_cut_A_Y66A/boltz_with_template/output/boltz_results_5ifj_abc_cut_A_Y66A/predictions/5ifj_abc_cut_A_Y66A/5ifj_abc_cut_A_Y66A_model_0.cif,0.899843,0.2,0.9553,0.8306,2.8805060883363085,4.702927430470784,1.058084746201833,0.1890823345036711,0.21012514910873,1.56005197763443,1.2469205856323242,1.873183369636536,2.563464537262917,4.330507755279541,0.7964213192462921,0.2101280728616799,0.2145110128769858,1.539394199848175,1.2281354665756226,1.8506529331207275,2.9233634869257608,4.830209096272786,1.0165178775787354,0.1954088379928699,0.2159006629024475,1.5329368710517883,1.2220951318740845,1.843778610229492,2.8637494643529253,4.847429116566976,0.8800698121388754,0.1946790856730299,0.2035275073354089,1.5919541120529177,1.275370717048645,1.90853750705719,3.7975438237190247,5.574078718821208,2.021008928616842,0.213800444084789,0.1438051262342071,1.9392961859703064,1.3196383714675903,2.5589540004730225
5ifj_abc_cut,False,"A,B",2.5938826095578027,95.4046655791191,55.85,3.4,1.9777777777777779,95.01966910651029,0.895694,0.5461,0.8547,0.7792,0.94,0.93,-106.66,0.0,0.96,0.9975,0.209,2.6256566858351507,97.35142276422765,306.29,17.52,1.7987179487179488,97.2691667344835,0.849736,0.5736,0.8907,0.754,0.92,0.94,-4.37,1.0,0.9922,0.9114748549123726,0.9519016735936806,3.456295688947042,78.05522155761719,79.12507,12.000676,0.7441933,,,,,,,0.9129493236541748,/scicore/home/schwede/barta0000/scoring_pipeline/run1/5ifj_abc_cut/chai_no_constraints/seed_2926/pred.model_idx_0.cif,0.909936249256134,/scicore/home/schwede/barta0000/scoring_pipeline/run1/5ifj_abc_cut/chai_with_constraints/seed_5711/pred.model_idx_3.cif,0.9129493236541748,0.9553803205490112,0.9023414850234985,"[[0.9473640322685242, 0.9504183530807495, 0.17824366688728333]]","[[[0.9473640322685242, 0.8909199237823486, 0.07799193263053894], [0.8935471773147583, 0.9504183530807495, 0.13224877417087555], [0.7628569602966309, 0.7801045179367065, 0.17824366688728333]]]",0.8909199237823486,0.899446,0.5645,0.8992,0.7505,0.909936249256134,0.9537940621376038,0.8989717364311218,"[[0.9454320669174194, 0.9492036700248718, 0.17517158389091492]]","[[[0.9454320669174194, 0.8899917602539062, 0.07119067758321762], [0.8900831341743469, 0.9492036700248718, 0.12652139365673065], [0.7529187202453613, 0.7830275297164917, 0.17517158389091492]]]",0.8899917602539062,0.895841,0.5531,0.9046,0.7471,0.9841703772544861,0.9902440309524536,0.9863764047622681,0.9836187958717346,0.9819778800010681,0.25580325722694397,0.2842845022678375,0.9854739904403687,/scicore/home/schwede/barta0000/scoring_pipeline/run1/5ifj_abc_cut/boltz_free/output/boltz_results_5ifj_abc_cut/predictions/5ifj_abc_cut/5ifj_abc_cut_model_0.cif,0.979099,0.5783,0.9647,0.8926,0.9854244589805603,0.990513801574707,0.9869011044502258,0.9850552678108215,0.9852199554443359,0.2569296061992645,0.2780168354511261,0.9855287075042725,/scicore/home/schwede/barta0000/scoring_pipeline/run1/5ifj_abc_cut/boltz_with_template/output/boltz_results_5ifj_abc_cut/predictions/5ifj_abc_cut/5ifj_abc_cut_model_0.cif,0.979812,0.5898,0.9692,0.8905,4.715594847997029,5.065535386403401,4.365654309590657,0.1423649671733384,0.3099623241326628,1.1713045239448547,1.1116896867752075,1.230919361114502,4.781530221303305,5.063127676645915,4.499932765960693,0.1541977167671884,0.3083583154776302,1.1764928102493286,1.127812743186951,1.2251728773117063,5.0950814088185625,5.130393822987874,5.059768994649251,0.1275463826635154,0.3068788637666584,1.181302189826965,1.0808416604995728,1.281762719154358,5.091662406921387,4.982109546661377,5.2012152671813965,0.1228914813175686,0.3133495013051979,1.1604360938072205,1.0678765773773191,1.2529956102371216,5.08964204788208,4.622506936391194,5.556777159372966,0.1591901732869668,0.2688896007988384,1.3134543895721436,1.302919626235962,1.3239891529083252
5ifj_abc_cut,False,"A,C",2.5938826095578027,95.4046655791191,16.5,1.98,2.25,94.79734825592536,0.788862,0.1964,0.8612,0.7571,0.91,0.48000000000000004,-11.32,0.0,0.96,,0.149,2.6256566858351507,97.35142276422765,244.31,31.82,2.298666666666667,96.21250104904175,0.725152,0.204,0.8587,0.7212,0.92,0.94,178.67,1.0,,0.8450132469598766,0.8615162377255612,,,79.12507,12.000676,0.7441933,,,,,,,0.9129493236541748,/scicore/home/schwede/barta0000/scoring_pipeline/run1/5ifj_abc_cut/chai_no_constraints/seed_2926/pred.model_idx_0.cif,0.909936249256134,/scicore/home/schwede/barta0000/scoring_pipeline/run1/5ifj_abc_cut/chai_with_constraints/seed_5711/pred.model_idx_3.cif,0.9129493236541748,0.9553803205490112,0.9023414850234985,"[[0.9473640322685242, 0.9504183530807495, 0.17824366688728333]]","[[[0.9473640322685242, 0.8909199237823486, 0.07799193263053894], [0.8935471773147583, 0.9504183530807495, 0.13224877417087555], [0.7628569602966309, 0.7801045179367065, 0.17824366688728333]]]",0.07799193263053894,0.725674,0.2109,0.8782,0.7348,0.909936249256134,0.9537940621376038,0.8989717364311218,"[[0.9454320669174194, 0.9492036700248718, 0.17517158389091492]]","[[[0.9454320669174194, 0.8899917602539062, 0.07119067758321762], [0.8900831341743469, 0.9492036700248718, 0.12652139365673065], [0.7529187202453613, 0.7830275297164917, 0.17517158389091492]]]",0.07119067758321762,0.724581,0.2198,0.867,0.7345,0.9841703772544861,0.9902440309524536,0.9863764047622681,0.9836187958717346,0.9819778800010681,0.25580325722694397,0.2842845022678375,0.9361395239830017,/scicore/home/schwede/barta0000/scoring_pipeline/run1/5ifj_abc_cut/boltz_free/output/boltz_results_5ifj_abc_cut/predictions/5ifj_abc_cut/5ifj_abc_cut_model_0.cif,0.898011,0.2114,0.9511,0.8634,0.9854244589805603,0.990513801574707,0.9869011044502258,0.9850552678108215,0.9852199554443359,0.2569296061992645,0.2780168354511261,0.9567486643791199,/scicore/home/schwede/barta0000/scoring_pipeline/run1/5ifj_abc_cut/boltz_with_template/output/boltz_results_5ifj_abc_cut/predictions/5ifj_abc_cut/5ifj_abc_cut_model_0.cif,0.934958,0.2465,0.9663,0.8712,2.916777307788531,5.065535386403401,0.7680192291736603,0.1558986217149054,0.2362447468087856,1.4428869485855105,1.1116896867752075,1.774084210395813,3.049595634142558,5.063127676645915,1.036063591639201,0.1829953106986533,0.2163688821370998,1.5307705402374268,1.127812743186951,1.9337283372879028,3.1364814738432565,5.130393822987874,1.142569124698639,0.2269791778353617,0.244308746216158,1.4093225002288818,1.0808416604995728,1.737803339958191,2.827342828114828,4.982109546661377,0.672576109568278,0.1511249179181746,0.2820764858894522,1.2655770182609558,1.0678765773773191,1.4632774591445925,3.275587538878123,4.622506936391194,1.9286681413650515,0.2722234132906461,0.1496885417197137,1.899198532104492,1.302919626235962,2.4954774379730225
5ifj_abc_cut,False,"B,C",2.5938826095578027,95.4046655791191,12.88,1.73,1.7374999999999996,95.27610187750702,0.787506,0.2232,0.9005,0.7615,0.93,0.48000000000000004,-12.43,0.0,0.96,,0.171,2.6256566858351507,97.35142276422765,196.22,25.93,1.6768421052631581,96.76736932051809,0.7358,0.2237,0.8912,0.7258,0.92,0.94,173.5,1.0,,0.8536391769430092,0.8615162377255612,,,79.12507,12.000676,0.7441933,,,,,,,0.9129493236541748,/scicore/home/schwede/barta0000/scoring_pipeline/run1/5ifj_abc_cut/chai_no_constraints/seed_2926/pred.model_idx_0.cif,0.909936249256134,/scicore/home/schwede/barta0000/scoring_pipeline/run1/5ifj_abc_cut/chai_with_constraints/seed_5711/pred.model_idx_3.cif,0.9129493236541748,0.9553803205490112,0.9023414850234985,"[[0.9473640322685242, 0.9504183530807495, 0.17824366688728333]]","[[[0.9473640322685242, 0.8909199237823486, 0.07799193263053894], [0.8935471773147583, 0.9504183530807495, 0.13224877417087555], [0.7628569602966309, 0.7801045179367065, 0.17824366688728333]]]",0.13224877417087555,0.738566,0.1911,0.8912,0.7486,0.909936249256134,0.9537940621376038,0.8989717364311218,"[[0.9454320669174194, 0.9492036700248718, 0.17517158389091492]]","[[[0.9454320669174194, 0.8899917602539062, 0.07119067758321762], [0.8900831341743469, 0.9492036700248718, 0.12652139365673065], [0.7529187202453613, 0.7830275297164917, 0.17517158389091492]]]",0.12652139365673065,0.752891,0.178,0.889,0.7414,0.9841703772544861,0.9902440309524536,0.9863764047622681,0.9836187958717346,0.9819778800010681,0.25580325722694397,0.2842845022678375,0.9456171989440918,/scicore/home/schwede/barta0000/scoring_pipeline/run1/5ifj_abc_cut/boltz_free/output/boltz_results_5ifj_abc_cut/predictions/5ifj_abc_cut/5ifj_abc_cut_model_0.cif,0.907188,0.211,0.9511,0.8532,0.9854244589805603,0.990513801574707,0.9869011044502258,0.9850552678108215,0.9852199554443359,0.2569296061992645,0.2780168354511261,0.9633243083953857,/scicore/home/schwede/barta0000/scoring_pipeline/run1/5ifj_abc_cut/boltz_with_template/output/boltz_results_5ifj_abc_cut/predictions/5ifj_abc_cut/5ifj_abc_cut_model_0.cif,0.939952,0.2322,0.9674,0.8711,2.5668367693821588,4.365654309590657,0.7680192291736603,0.1953213954928341,0.2225726339885201,1.5025017857551577,1.230919361114502,1.774084210395813,2.7679981787999477,4.499932765960693,1.036063591639201,0.2246627465747348,0.2060882905109254,1.579450607299805,1.2251728773117063,1.9337283372879028,3.101169059673945,5.059768994649251,1.142569124698639,0.2206993104339796,0.2209579140954937,1.5097830295562744,1.281762719154358,1.737803339958191,2.9368956883748374,5.2012152671813965,0.672576109568278,0.1390647380107794,0.2571395013122131,1.358136534690857,1.2529956102371216,1.4632774591445925,3.742722650369009,5.556777159372966,1.9286681413650515,0.2234549365844617,0.1481198855767593,1.9097332954406736,1.3239891529083252,2.4954774379730225
5ijk_acx_cut_A_I112A,False,"A,B",2.9578039063886066,94.0940135346174,1.48,0.1,1.7899999999999998,96.17331064195803,0.886524,0.558,0.9259,0.7731,0.94,0.93,-155.14,0.0,0.94,0.9969,0.177,2.833948162126417,96.74791164658635,18392.89,1057.37,1.4582758620689655,98.01533457438151,0.872397,0.5672,0.9405,0.7843,0.91,0.94,27237.11,1.0,0.9973,0.8760180978588992,0.8979989232585097,4.082163897252852,76.7701187133789,79.8307,11.503963,0.7636743,,,,,,,0.8924027681350708,/scicore/home/schwede/barta0000/scoring_pipeline/run1/5ijk_acx_cut_A_I112A/chai_no_constraints/seed_1871/pred.model_idx_0.cif,0.9043685793876648,/scicore/home/schwede/barta0000/scoring_pipeline/run1/5ijk_acx_cut_A_I112A/chai_with_constraints/seed_6867/pred.model_idx_4.cif,0.8924027681350708,0.9457562565803528,0.8790644407272339,"[[0.9419323205947876, 0.9515408277511597, 0.09971582889556885]]","[[[0.9419323205947876, 0.8887308239936829, 0.02054227516055107], [0.880425214767456, 0.9515408277511597, 0.03012958914041519], [0.3992959260940552, 0.4255301356315613, 0.09971582889556885]]]",0.8887308239936829,0.89312,0.4826,0.7846,0.7332,0.9043685793876648,0.9525254368782043,0.8923293352127075,"[[0.9465927481651306, 0.9527407288551331, 0.1373768001794815]]","[[[0.9465927481651306, 0.8916440606117249, 0.03857018053531647], [0.8878231048583984, 0.9527407288551331, 0.06469752639532089], [0.6087484359741211, 0.6071016788482666, 0.1373768001794815]]]",0.8916440606117249,0.896654,0.49,0.8467,0.7382,0.9753721356391907,0.9883843660354614,0.9836899638175964,0.9732927083969116,0.9638454914093018,0.2574920654296875,0.29035860300064087,0.9834891557693481,/scicore/home/schwede/barta0000/scoring_pipeline/run1/5ijk_acx_cut_A_I112A/boltz_free/output/boltz_results_5ijk_acx_cut_A_I112A/predictions/5ijk_acx_cut_A_I112A/5ijk_acx_cut_A_I112A_model_0.cif,0.976158,0.5463,0.9626,0.8811,0.9748482704162598,0.9851660132408142,0.9787911176681519,0.9738625288009644,0.9649631381034851,0.2674559950828552,0.3544127345085144,0.9794696569442749,/scicore/home/schwede/barta0000/scoring_pipeline/run1/5ijk_acx_cut_A_I112A/boltz_with_template/output/boltz_results_5ijk_acx_cut_A_I112A/predictions/5ijk_acx_cut_A_I112A/5ijk_acx_cut_A_I112A_model_0.cif,0.970551,0.5519,0.9613,0.8627,5.322984377543131,5.574660301208496,5.071308453877767,0.1524987911342708,0.349970409958899,1.0499066710472107,1.0695663690567017,1.0302469730377195,5.250649372736612,5.617842674255371,4.883456071217855,0.124554424263105,0.3524736799102146,1.0427793264389038,1.0478155612945557,1.037743091583252,5.413646300633749,5.467678229014079,5.359614372253418,0.1499234349997735,0.3572105437754119,1.029429912567139,1.0402655601501465,1.0185942649841309,5.220779180526733,5.189012845357259,5.252545515696208,0.1007792524549978,0.3387858878117319,1.0823869705200195,1.1444429159164429,1.0203310251235962,5.211020549138388,5.269005457560222,5.153035640716553,0.1169702639233494,0.3320195539893393,1.1025614142417908,1.133885145187378,1.0712376832962036
5ijk_acx_cut_A_I112A,False,"A,C",2.9578039063886066,94.0940135346174,102.47,22.93,3.6285714285714286,75.38675839164728,0.107542,0.0401,0.2053,0.3791,0.6,0.47500000000000003,45.83,0.0,0.94,,0.272,2.833948162126417,96.74791164658635,0.0,0.0,2.04,79.36874961853027,0.148193,0.0474,0.1398,0.3165,0.91,0.94,7526.22,1.0,,0.2794447517001511,0.8172763637979393,,,79.8307,11.503963,0.7636743,,,,,,,0.8924027681350708,/scicore/home/schwede/barta0000/scoring_pipeline/run1/5ijk_acx_cut_A_I112A/chai_no_constraints/seed_1871/pred.model_idx_0.cif,0.9043685793876648,/scicore/home/schwede/barta0000/scoring_pipeline/run1/5ijk_acx_cut_A_I112A/chai_with_constraints/seed_6867/pred.model_idx_4.cif,0.8924027681350708,0.9457562565803528,0.8790644407272339,"[[0.9419323205947876, 0.9515408277511597, 0.09971582889556885]]","[[[0.9419323205947876, 0.8887308239936829, 0.02054227516055107], [0.880425214767456, 0.9515408277511597, 0.03012958914041519], [0.3992959260940552, 0.4255301356315613, 0.09971582889556885]]]",0.02054227516055107,0.194273,0.0305,0.0677,0.3943,0.9043685793876648,0.9525254368782043,0.8923293352127075,"[[0.9465927481651306, 0.9527407288551331, 0.1373768001794815]]","[[[0.9465927481651306, 0.8916440606117249, 0.03857018053531647], [0.8878231048583984, 0.9527407288551331, 0.06469752639532089], [0.6087484359741211, 0.6071016788482666, 0.1373768001794815]]]",0.03857018053531647,0.495426,0.0293,0.4294,0.5861,0.9753721356391907,0.9883843660354614,0.9836899638175964,0.9732927083969116,0.9638454914093018,0.2574920654296875,0.29035860300064087,0.928878128528595,/scicore/home/schwede/barta0000/scoring_pipeline/run1/5ijk_acx_cut_A_I112A/boltz_free/output/boltz_results_5ijk_acx_cut_A_I112A/predictions/5ijk_acx_cut_A_I112A/5ijk_acx_cut_A_I112A_model_0.cif,0.884817,0.0575,0.79,0.8063,0.9748482704162598,0.9851660132408142,0.9787911176681519,0.9738625288009644,0.9649631381034851,0.2674559950828552,0.3544127345085144,0.8869789242744446,/scicore/home/schwede/barta0000/scoring_pipeline/run1/5ijk_acx_cut_A_I112A/boltz_with_template/output/boltz_results_5ijk_acx_cut_A_I112A/predictions/5ijk_acx_cut_A_I112A/5ijk_acx_cut_A_I112A_model_0.cif,0.792839,0.0517,0.7706,0.7502,3.181125486890475,5.574660301208496,0.7875906725724539,0.2287540762324316,0.2433278337143106,1.4133456349372864,1.0695663690567017,1.757124900817871,3.2441439082225165,5.617842674255371,0.8704451421896616,0.2101022115730589,0.2460907213397356,1.402055025100708,1.0478155612945557,1.7562944889068604,3.051755112906297,5.467678229014079,0.6358319967985153,0.2199907074526277,0.259880877943382,1.3475319147109983,1.0402655601501465,1.6547982692718506,2.850743641455968,5.189012845357259,0.5124744375546774,0.1374437725489261,0.1989467378311804,1.6147181391716003,1.1444429159164429,2.084993362426758,3.3620923360188804,5.269005457560222,1.455179214477539,0.1627955614772152,0.1511586040684876,1.8894256353378296,1.133885145187378,2.644966125488281
5ijk_acx_cut_A_I112A,False,"B,C",2.9578039063886066,94.0940135346174,89.45,10.47,1.94375,77.73040778899413,0.116945,0.0731,0.3029,0.3911,0.63,0.47500000000000003,30.24,0.0,0.94,,0.273,2.833948162126417,96.74791164658635,0.0,0.0,1.6627272727272726,78.86077000544621,0.145213,0.0459,0.2399,0.3357,0.91,0.94,7526.22,1.0,,0.5540986453263347,0.8608916683726543,,,79.8307,11.503963,0.7636743,,,,,,,0.8924027681350708,/scicore/home/schwede/barta0000/scoring_pipeline/run1/5ijk_acx_cut_A_I112A/chai_no_constraints/seed_1871/pred.model_idx_0.cif,0.9043685793876648,/scicore/home/schwede/barta0000/scoring_pipeline/run1/5ijk_acx_cut_A_I112A/chai_with_constraints/seed_6867/pred.model_idx_4.cif,0.8924027681350708,0.9457562565803528,0.8790644407272339,"[[0.9419323205947876, 0.9515408277511597, 0.09971582889556885]]","[[[0.9419323205947876, 0.8887308239936829, 0.02054227516055107], [0.880425214767456, 0.9515408277511597, 0.03012958914041519], [0.3992959260940552, 0.4255301356315613, 0.09971582889556885]]]",0.03012958914041519,0.209592,0.0694,0.2828,0.4407,0.9043685793876648,0.9525254368782043,0.8923293352127075,"[[0.9465927481651306, 0.9527407288551331, 0.1373768001794815]]","[[[0.9465927481651306, 0.8916440606117249, 0.03857018053531647], [0.8878231048583984, 0.9527407288551331, 0.06469752639532089], [0.6087484359741211, 0.6071016788482666, 0.1373768001794815]]]",0.06469752639532089,0.482459,0.0912,0.5588,0.61,0.9753721356391907,0.9883843660354614,0.9836899638175964,0.9732927083969116,0.9638454914093018,0.2574920654296875,0.29035860300064087,0.9302743673324585,/scicore/home/schwede/barta0000/scoring_pipeline/run1/5ijk_acx_cut_A_I112A/boltz_free/output/boltz_results_5ijk_acx_cut_A_I112A/predictions/5ijk_acx_cut_A_I112A/5ijk_acx_cut_A_I112A_model_0.cif,0.877891,0.1054,0.8496,0.8247,0.9748482704162598,0.9851660132408142,0.9787911176681519,0.9738625288009644,0.9649631381034851,0.2674559950828552,0.3544127345085144,0.8899713158607483,/scicore/home/schwede/barta0000/scoring_pipeline/run1/5ijk_acx_cut_A_I112A/boltz_with_template/output/boltz_results_5ijk_acx_cut_A_I112A/predictions/5ijk_acx_cut_A_I112A/5ijk_acx_cut_A_I112A_model_0.cif,0.774318,0.1051,0.8406,0.775,2.92944956322511,5.071308453877767,0.7875906725724539,0.1844865190623694,0.248158918676452,1.3936859369277954,1.0302469730377195,1.757124900817871,2.8769506067037582,4.883456071217855,0.8704451421896616,0.1870383004088442,0.2473332181348452,1.3970187902450562,1.037743091583252,1.7562944889068604,2.997723184525966,5.359614372253418,0.6358319967985153,0.2198921500662153,0.2627121672749912,1.3366962671279907,1.0185942649841309,1.6547982692718506,2.8825099766254425,5.252545515696208,0.5124744375546774,0.135090429709235,0.2116836800549862,1.552662193775177,1.0203310251235962,2.084993362426758,3.304107427597046,5.153035640716553,1.455179214477539,0.2191165672548668,0.155968392507559,1.8581019043922424,1.0712376832962036,2.644966125488281
5ifj_abc_cut_A_W52A,False,"A,B",3.00532916914535,94.81433333333334,42.14,2.56,1.9750000000000003,94.93295206179714,0.873498,0.5522,0.8652,0.7378,0.92,0.92,-130.39,0.0,0.95,0.9963,0.154,2.9243973494612994,96.63174796747968,6471.1,438.85,1.71234375,96.67757623845881,0.83592,0.5603,0.8873,0.7317,0.91,0.93,6083.7,1.0,0.9959,0.874334536160086,0.889243884115552,3.0033517864442643,79.15656280517578,79.85444,11.983164,0.75173295,,,,,,,0.9051991701126099,/scicore/home/schwede/barta0000/scoring_pipeline/run1/5ifj_abc_cut_A_W52A/chai_no_constraints/seed_1080/pred.model_idx_2.cif,0.910038948059082,/scicore/home/schwede/barta0000/scoring_pipeline/run1/5ifj_abc_cut_A_W52A/chai_with_constraints/seed_2629/pred.model_idx_0.cif,0.9051991701126099,0.9511491656303406,0.8937116861343384,"[[0.9452440142631531, 0.9471760392189026, 0.1603715568780899]]","[[[0.9452440142631531, 0.8792759776115417, 0.05578671768307686], [0.8854678273200989, 0.9471760392189026, 0.10443703085184097], [0.6837978959083557, 0.7389037013053894, 0.1603715568780899]]]",0.8792759776115417,0.889231,0.5657,0.8694,0.7388,0.910038948059082,0.9537028670310974,0.899122953414917,"[[0.9452540874481201, 0.9489129781723022, 0.1749292016029358]]","[[[0.9452540874481201, 0.8904703855514526, 0.07187245786190033], [0.8902230262756348, 0.9489129781723022, 0.12762488424777985], [0.7513102293014526, 0.781518816947937, 0.1749292016029358]]]",0.8904703855514526,0.896001,0.5596,0.9094,0.7485,0.9829724431037903,0.9885873198509216,0.9842018485069275,0.9826651215553284,0.980953574180603,0.25720566511154175,0.29057347774505615,0.9840111136436462,/scicore/home/schwede/barta0000/scoring_pipeline/run1/5ifj_abc_cut_A_W52A/boltz_free/output/boltz_results_5ifj_abc_cut_A_W52A/predictions/5ifj_abc_cut_A_W52A/5ifj_abc_cut_A_W52A_model_0.cif,0.976965,0.5818,0.9629,0.8851,0.9832154512405396,0.9872246980667114,0.9820780158042908,0.9834997653961182,0.9821141362190247,0.26552823185920715,0.3437054753303528,0.9817759394645691,/scicore/home/schwede/barta0000/scoring_pipeline/run1/5ifj_abc_cut_A_W52A/boltz_with_template/output/boltz_results_5ifj_abc_cut_A_W52A/predictions/5ifj_abc_cut_A_W52A/5ifj_abc_cut_A_W52A_model_0.cif,0.973605,0.5785,0.9632,0.8745,4.479628642400106,4.385475317637126,4.573781967163086,0.1515555103047005,0.3072211769958845,1.1801873445510864,1.1197574138641355,1.240617275238037,4.436886548995972,4.432074864705403,4.44169823328654,0.1624193404883652,0.2878590355609459,1.245284378528595,1.1768664121627808,1.3137023448944092,4.993496894836426,4.891337553660075,5.095656236012776,0.1458881045872271,0.3113856408826126,1.166723132133484,1.086991548538208,1.2464547157287598,4.475793361663818,4.279424826304118,4.672161897023519,0.1944316582663862,0.3199760462544045,1.13950914144516,1.0740827322006226,1.2049355506896973,4.767819603284201,3.9533326625823975,5.582306543986003,0.1872346587510279,0.2700119563513859,1.309289038181305,1.3279672861099243,1.2906107902526855
5ifj_abc_cut_A_W52A,False,"A,C",3.00532916914535,94.81433333333334,57.08,7.09,2.875,90.39503366517127,0.681977,0.1905,0.7556,0.6647,0.85,0.47500000000000003,21.61,0.0,0.95,,0.174,2.9243973494612994,96.63174796747968,27.84,16.6,2.472941176470588,93.23222181532118,0.65492,0.2049,0.7898,0.6659,0.91,0.93,174.6,1.0,,0.8328993820947822,0.8656941382882747,,,79.85444,11.983164,0.75173295,,,,,,,0.9051991701126099,/scicore/home/schwede/barta0000/scoring_pipeline/run1/5ifj_abc_cut_A_W52A/chai_no_constraints/seed_1080/pred.model_idx_2.cif,0.910038948059082,/scicore/home/schwede/barta0000/scoring_pipeline/run1/5ifj_abc_cut_A_W52A/chai_with_constraints/seed_2629/pred.model_idx_0.cif,0.9051991701126099,0.9511491656303406,0.8937116861343384,"[[0.9452440142631531, 0.9471760392189026, 0.1603715568780899]]","[[[0.9452440142631531, 0.8792759776115417, 0.05578671768307686], [0.8854678273200989, 0.9471760392189026, 0.10443703085184097], [0.6837978959083557, 0.7389037013053894, 0.1603715568780899]]]",0.05578671768307686,0.618923,0.2019,0.8012,0.6697,0.910038948059082,0.9537028670310974,0.899122953414917,"[[0.9452540874481201, 0.9489129781723022, 0.1749292016029358]]","[[[0.9452540874481201, 0.8904703855514526, 0.07187245786190033], [0.8902230262756348, 0.9489129781723022, 0.12762488424777985], [0.7513102293014526, 0.781518816947937, 0.1749292016029358]]]",0.07187245786190033,0.723204,0.2154,0.8543,0.7364,0.9829724431037903,0.9885873198509216,0.9842018485069275,0.9826651215553284,0.980953574180603,0.25720566511154175,0.29057347774505615,0.9359070062637329,/scicore/home/schwede/barta0000/scoring_pipeline/run1/5ifj_abc_cut_A_W52A/boltz_free/output/boltz_results_5ifj_abc_cut_A_W52A/predictions/5ifj_abc_cut_A_W52A/5ifj_abc_cut_A_W52A_model_0.cif,0.898422,0.2227,0.946,0.8584,0.9832154512405396,0.9872246980667114,0.9820780158042908,0.9834997653961182,0.9821141362190247,0.26552823185920715,0.3437054753303528,0.9045100212097168,/scicore/home/schwede/barta0000/scoring_pipeline/run1/5ifj_abc_cut_A_W52A/boltz_with_template/output/boltz_results_5ifj_abc_cut_A_W52A/predictions/5ifj_abc_cut_A_W52A/5ifj_abc_cut_A_W52A_model_0.cif,0.83553,0.2243,0.9406,0.8173,2.565391729275386,4.385475317637126,0.7453081409136454,0.1884283492285851,0.2160808996450849,1.5321024060249329,1.1197574138641355,1.94444739818573,2.680174787839253,4.432074864705403,0.928274710973104,0.1916947102483811,0.1997883545883312,1.610496699810028,1.1768664121627808,2.0441269874572754,2.8624626298745475,4.891337553660075,0.8335877060890198,0.1904171089061576,0.2237205507423984,1.4973575472831726,1.086991548538208,1.9077235460281368,2.568325877189636,4.279424826304118,0.8572269280751547,0.2304348954075759,0.212075204166925,1.5508143305778503,1.0740827322006226,2.027545928955078,2.9481665094693503,3.9533326625823975,1.943000356356303,0.3014800498096418,0.1421887202859738,1.9506000876426697,1.3279672861099243,2.573232889175415
5ifj_abc_cut_A_W52A,False,"B,C",3.00532916914535,94.81433333333334,35.79,4.79,1.73125,92.57025794282791,0.709879,0.192,0.8081,0.6745,0.88,0.47500000000000003,17.41,0.0,0.95,,0.166,2.9243973494612994,96.63174796747968,0.0,0.0,1.640625,93.77066650390626,0.663885,0.1801,0.8078,0.6851,0.91,0.93,172.86,1.0,,0.8625281200813391,0.8568989821474415,,,79.85444,11.983164,0.75173295,,,,,,,0.9051991701126099,/scicore/home/schwede/barta0000/scoring_pipeline/run1/5ifj_abc_cut_A_W52A/chai_no_constraints/seed_1080/pred.model_idx_2.cif,0.910038948059082,/scicore/home/schwede/barta0000/scoring_pipeline/run1/5ifj_abc_cut_A_W52A/chai_with_constraints/seed_2629/pred.model_idx_0.cif,0.9051991701126099,0.9511491656303406,0.8937116861343384,"[[0.9452440142631531, 0.9471760392189026, 0.1603715568780899]]","[[[0.9452440142631531, 0.8792759776115417, 0.05578671768307686], [0.8854678273200989, 0.9471760392189026, 0.10443703085184097], [0.6837978959083557, 0.7389037013053894, 0.1603715568780899]]]",0.10443703085184097,0.652951,0.1822,0.8167,0.6793,0.910038948059082,0.9537028670310974,0.899122953414917,"[[0.9452540874481201, 0.9489129781723022, 0.1749292016029358]]","[[[0.9452540874481201, 0.8904703855514526, 0.07187245786190033], [0.8902230262756348, 0.9489129781723022, 0.12762488424777985], [0.7513102293014526, 0.781518816947937, 0.1749292016029358]]]",0.12762488424777985,0.750433,0.167,0.8903,0.7439,0.9829724431037903,0.9885873198509216,0.9842018485069275,0.9826651215553284,0.980953574180603,0.25720566511154175,0.29057347774505615,0.9428728818893433,/scicore/home/schwede/barta0000/scoring_pipeline/run1/5ifj_abc_cut_A_W52A/boltz_free/output/boltz_results_5ifj_abc_cut_A_W52A/predictions/5ifj_abc_cut_A_W52A/5ifj_abc_cut_A_W52A_model_0.cif,0.902464,0.2225,0.9452,0.8478,0.9832154512405396,0.9872246980667114,0.9820780158042908,0.9834997653961182,0.9821141362190247,0.26552823185920715,0.3437054753303528,0.9225295782089233,/scicore/home/schwede/barta0000/scoring_pipeline/run1/5ifj_abc_cut_A_W52A/boltz_with_template/output/boltz_results_5ifj_abc_cut_A_W52A/predictions/5ifj_abc_cut_A_W52A/5ifj_abc_cut_A_W52A_model_0.cif,0.855811,0.2113,0.9429,0.8067,2.659545054038366,4.573781967163086,0.7453081409136454,0.182491909637533,0.2034098567294084,1.5925323367118835,1.240617275238037,1.94444739818573,2.6849864721298218,4.44169823328654,0.928274710973104,0.2020185178679375,0.1865763638288381,1.6789146661758425,1.3137023448944092,2.0441269874572754,2.964621971050898,5.095656236012776,0.8335877060890198,0.1697345018692416,0.2065755382352599,1.5770891308784485,1.2464547157287598,1.9077235460281368,2.7646944125493365,4.672161897023519,0.8572269280751547,0.2059915971810716,0.1986440518920672,1.6162407398223877,1.2049355506896973,2.027545928955078,3.762653450171153,5.582306543986003,1.943000356356303,0.2207781779958518,0.144869514789826,1.9319218397140503,1.2906107902526855,2.573232889175415
5ijk_acx_cut_A_I114A,False,"A,B",3.581103530588216,91.14284226965124,57.6,3.43,4.001388888888889,89.02580285016066,0.883083,0.5232,0.7787,0.7574,0.93,0.92,-78.3,0.0,0.93,0.9972,0.246,3.4564227996322643,94.79811244979919,27.35,1.82,3.305967741935484,94.62515166311553,0.850276,0.5763,0.8661,0.737,0.9,0.93,43.94,1.0,0.9954,0.8643820988254061,0.868880170948894,3.4755030952650925,80.5146255493164,79.76796,11.557929,0.76231724,,,,,,,0.8861697316169739,/scicore/home/schwede/barta0000/scoring_pipeline/run1/5ijk_acx_cut_A_I114A/chai_no_constraints/seed_1267/pred.model_idx_4.cif,0.9044951796531677,/scicore/home/schwede/barta0000/scoring_pipeline/run1/5ijk_acx_cut_A_I114A/chai_with_constraints/seed_1260/pred.model_idx_1.cif,0.8861697316169739,0.9401605129241943,0.8726720213890076,"[[0.9325439929962158, 0.951015830039978, 0.0983857735991478]]","[[[0.9325439929962158, 0.8848593235015869, 0.01738307811319828], [0.8702652454376221, 0.951015830039978, 0.027144670486450195], [0.36754748225212097, 0.40753471851348877, 0.0983857735991478]]]",0.8848593235015869,0.888221,0.4527,0.7816,0.7292,0.9044951796531677,0.9523531794548035,0.8925306797027588,"[[0.9451525807380676, 0.9521574974060059, 0.1363963931798935]]","[[[0.9451525807380676, 0.8916072845458984, 0.03831366077065468], [0.8863204121589661, 0.9521574974060059, 0.06437850743532181], [0.6025447845458984, 0.6021431088447571, 0.1363963931798935]]]",0.8916072845458984,0.896621,0.4764,0.8549,0.737,0.9720413088798523,0.9865517616271973,0.9812868237495422,0.9697299599647522,0.9608619809150696,0.2647646963596344,0.3363285958766937,0.9815793037414551,/scicore/home/schwede/barta0000/scoring_pipeline/run1/5ijk_acx_cut_A_I114A/boltz_free/output/boltz_results_5ijk_acx_cut_A_I114A/predictions/5ijk_acx_cut_A_I114A/5ijk_acx_cut_A_I114A_model_0.cif,0.973693,0.5773,0.9554,0.8707,0.973698079586029,0.9881535172462463,0.9832813739776611,0.9713022708892822,0.9646120071411133,0.2632526457309723,0.3347534239292145,0.9836629033088684,/scicore/home/schwede/barta0000/scoring_pipeline/run1/5ijk_acx_cut_A_I114A/boltz_with_template/output/boltz_results_5ijk_acx_cut_A_I114A/predictions/5ijk_acx_cut_A_I114A/5ijk_acx_cut_A_I114A_model_0.cif,0.976721,0.5836,0.9588,0.8772,5.15468955039978,5.331595102945964,4.977783997853597,0.1050378548068673,0.3359894050762915,1.09067565202713,1.155423283576965,1.025928020477295,5.2299628257751465,5.329594612121582,5.130331039428711,0.0931010714089734,0.3383632250416453,1.083635330200195,1.1015300750732422,1.0657405853271484,5.553918838500977,5.551444848378499,5.556392828623454,0.160601682111119,0.3654636494618719,1.0065884590148926,1.0453808307647705,0.9677960872650146,5.361397981643677,5.373121579488118,5.349674383799235,0.1418831481613265,0.3559791321989531,1.0328831672668457,1.1148427724838257,0.9509235620498656,5.309255838394165,5.342789649963379,5.275722026824951,0.1484231866654464,0.3184740912954615,1.144214153289795,1.2026879787445068,1.085740327835083
5ijk_acx_cut_A_I114A,False,"A,C",3.581103530588216,91.14284226965124,52.43,6.22,4.484615384615385,65.4636067130398,0.023617,0.0425,0.0418,0.2152,0.42,0.46,-1.88,0.0,0.93,,0.245,3.4564227996322643,94.79811244979919,1.64,0.35,4.176875,73.05166689554851,0.06985,0.0605,0.0833,0.2591,0.9,0.93,13.89,1.0,0.0,0.2703827887736033,0.8482896539943027,,,79.76796,11.557929,0.76231724,,,,,,,0.8861697316169739,/scicore/home/schwede/barta0000/scoring_pipeline/run1/5ijk_acx_cut_A_I114A/chai_no_constraints/seed_1267/pred.model_idx_4.cif,0.9044951796531677,/scicore/home/schwede/barta0000/scoring_pipeline/run1/5ijk_acx_cut_A_I114A/chai_with_constraints/seed_1260/pred.model_idx_1.cif,0.8861697316169739,0.9401605129241943,0.8726720213890076,"[[0.9325439929962158, 0.951015830039978, 0.0983857735991478]]","[[[0.9325439929962158, 0.8848593235015869, 0.01738307811319828], [0.8702652454376221, 0.951015830039978, 0.027144670486450195], [0.36754748225212097, 0.40753471851348877, 0.0983857735991478]]]",0.01738307811319828,0.169389,0.0256,0.0321,0.3527,0.9044951796531677,0.9523531794548035,0.8925306797027588,"[[0.9451525807380676, 0.9521574974060059, 0.1363963931798935]]","[[[0.9451525807380676, 0.8916072845458984, 0.03831366077065468], [0.8863204121589661, 0.9521574974060059, 0.06437850743532181], [0.6025447845458984, 0.6021431088447571, 0.1363963931798935]]]",0.03831366077065468,0.487156,0.0243,0.4126,0.5822,0.9720413088798523,0.9865517616271973,0.9812868237495422,0.9697299599647522,0.9608619809150696,0.2647646963596344,0.3363285958766937,0.8941157460212708,/scicore/home/schwede/barta0000/scoring_pipeline/run1/5ijk_acx_cut_A_I114A/boltz_free/output/boltz_results_5ijk_acx_cut_A_I114A/predictions/5ijk_acx_cut_A_I114A/5ijk_acx_cut_A_I114A_model_0.cif,0.79969,0.0332,0.6907,0.7714,0.973698079586029,0.9881535172462463,0.9832813739776611,0.9713022708892822,0.9646120071411133,0.2632526457309723,0.3347534239292145,0.8920701146125793,/scicore/home/schwede/barta0000/scoring_pipeline/run1/5ijk_acx_cut_A_I114A/boltz_with_template/output/boltz_results_5ijk_acx_cut_A_I114A/predictions/5ijk_acx_cut_A_I114A/5ijk_acx_cut_A_I114A_model_0.cif,0.798145,0.0303,0.7167,0.7665,3.035400787989299,5.331595102945964,0.7392064730326334,0.1914838376476884,0.2454313342121051,1.4047380685806274,1.155423283576965,1.6540528535842896,3.0909612675507865,5.329594612121582,0.8523279229799906,0.1755552410149466,0.2642671510653562,1.3307947516441343,1.1015300750732422,1.5600594282150269,3.0756730139255524,5.551444848378499,0.5999011794726054,0.204911219070052,0.2153447193190585,1.5355151891708374,1.0453808307647705,2.0256495475769043,2.930293853084246,5.373121579488118,0.4874661266803741,0.1799561201774537,0.1407426428717904,1.9608222842216487,1.1148427724838257,2.8068017959594727,3.1993643840154014,5.342789649963379,1.0559391180674236,0.1849897748601136,0.1562554049749632,1.8562633991241453,1.2026879787445068,2.509838819503784
5ijk_acx_cut_A_I114A,False,"B,C",3.581103530588216,91.14284226965124,83.71,14.76,1.5944444444444443,70.04383538564045,0.024757,0.037,0.097,0.2555,0.42,0.47000000000000003,22.24,0.0,0.93,,0.27,3.4564227996322643,94.79811244979919,45.69,5.54,1.595,79.72750091552734,0.059122,0.042,0.1901,0.264,0.9,0.93,28.19,1.0,,0.5490137309692406,0.8562794974154614,,,79.76796,11.557929,0.76231724,,,,,,,0.8861697316169739,/scicore/home/schwede/barta0000/scoring_pipeline/run1/5ijk_acx_cut_A_I114A/chai_no_constraints/seed_1267/pred.model_idx_4.cif,0.9044951796531677,/scicore/home/schwede/barta0000/scoring_pipeline/run1/5ijk_acx_cut_A_I114A/chai_with_constraints/seed_1260/pred.model_idx_1.cif,0.8861697316169739,0.9401605129241943,0.8726720213890076,"[[0.9325439929962158, 0.951015830039978, 0.0983857735991478]]","[[[0.9325439929962158, 0.8848593235015869, 0.01738307811319828], [0.8702652454376221, 0.951015830039978, 0.027144670486450195], [0.36754748225212097, 0.40753471851348877, 0.0983857735991478]]]",0.027144670486450195,0.191944,0.053,0.2338,0.4058,0.9044951796531677,0.9523531794548035,0.8925306797027588,"[[0.9451525807380676, 0.9521574974060059, 0.1363963931798935]]","[[[0.9451525807380676, 0.8916072845458984, 0.03831366077065468], [0.8863204121589661, 0.9521574974060059, 0.06437850743532181], [0.6025447845458984, 0.6021431088447571, 0.1363963931798935]]]",0.06437850743532181,0.475545,0.0773,0.5793,0.6068,0.9720413088798523,0.9865517616271973,0.9812868237495422,0.9697299599647522,0.9608619809150696,0.2647646963596344,0.3363285958766937,0.8889610767364502,/scicore/home/schwede/barta0000/scoring_pipeline/run1/5ijk_acx_cut_A_I114A/boltz_free/output/boltz_results_5ijk_acx_cut_A_I114A/predictions/5ijk_acx_cut_A_I114A/5ijk_acx_cut_A_I114A_model_0.cif,0.773646,0.1434,0.8362,0.7855,0.973698079586029,0.9881535172462463,0.9832813739776611,0.9713022708892822,0.9646120071411133,0.2632526457309723,0.3347534239292145,0.8883228302001953,/scicore/home/schwede/barta0000/scoring_pipeline/run1/5ijk_acx_cut_A_I114A/boltz_with_template/output/boltz_results_5ijk_acx_cut_A_I114A/predictions/5ijk_acx_cut_A_I114A/5ijk_acx_cut_A_I114A_model_0.cif,0.774026,0.1712,0.8551,0.7862,2.8584952354431152,4.977783997853597,0.7392064730326334,0.1525293699413972,0.2618481726143647,1.3399904370307922,1.025928020477295,1.6540528535842896,2.991329481204351,5.130331039428711,0.8523279229799906,0.1782769755642075,0.2690387098968448,1.3129000067710876,1.0657405853271484,1.5600594282150269,3.07814700404803,5.556392828623454,0.5999011794726054,0.233777748006426,0.2238625979327731,1.4967228174209597,0.9677960872650146,2.0256495475769043,2.9185702552398047,5.349674383799235,0.4874661266803741,0.1632129278356208,0.1527637484128428,1.8788626790046687,0.9509235620498656,2.8068017959594727,3.1658305724461875,5.275722026824951,1.0559391180674236,0.2338855954956355,0.1656646733581384,1.7977895736694336,1.085740327835083,2.509838819503784
5ifj_abc_cut_B_Y37A,False,"A,B",3.004750809703219,94.72335152838427,37.72,2.22,2.223611111111111,94.44335134457766,0.883594,0.5451,0.8883,0.7624,0.94,0.92,-118.99,0.0,0.96,0.9951,0.185,2.6404656619736926,97.2910569105691,406.51,22.21,1.746875,97.18499988979764,0.852676,0.5725,0.9056,0.7557,0.92,0.94,52.5,1.0,0.9946,0.9114748549123726,0.9323949715766199,3.515173860218214,76.98866271972656,79.068016,12.098895,0.7439022,,,,,,,0.8861177563667297,/scicore/home/schwede/barta0000/scoring_pipeline/run1/5ifj_abc_cut_B_Y37A/chai_no_constraints/seed_2617/pred.model_idx_4.cif,0.9096056222915649,/scicore/home/schwede/barta0000/scoring_pipeline/run1/5ifj_abc_cut_B_Y37A/chai_with_constraints/seed_1798/pred.model_idx_2.cif,0.8861177563667297,0.9424834251403809,0.8720263242721558,"[[0.940564751625061, 0.9448128938674927, 0.09549940377473831]]","[[[0.940564751625061, 0.8819113969802856, 0.04056860879063606], [0.8798750638961792, 0.9448128938674927, 0.024921204894781113], [0.5629429221153259, 0.49750247597694397, 0.09549940377473831]]]",0.8819113969802856,0.8822,0.5505,0.8372,0.7239,0.9096056222915649,0.9536677598953247,0.898590087890625,"[[0.9450069665908813, 0.94929438829422, 0.17812161147594452]]","[[[0.9450069665908813, 0.889803946018219, 0.07325524091720581], [0.8894460797309875, 0.94929438829422, 0.13017770648002625], [0.7521440386772156, 0.7851568460464478, 0.17812161147594452]]]",0.889803946018219,0.895225,0.5747,0.9016,0.7463,0.9794139862060547,0.9887524247169495,0.9839415550231934,0.97828209400177,0.9711477160453796,0.2594892680644989,0.31193941831588745,0.983265221118927,/scicore/home/schwede/barta0000/scoring_pipeline/run1/5ifj_abc_cut_B_Y37A/boltz_free/output/boltz_results_5ifj_abc_cut_B_Y37A/predictions/5ifj_abc_cut_B_Y37A/5ifj_abc_cut_B_Y37A_model_0.cif,0.975816,0.574,0.9568,0.8826,0.9804978370666504,0.9902181625366211,0.9859203696250916,0.9791422486305237,0.9718640446662903,0.2603456974029541,0.32173994183540344,0.9852989912033081,/scicore/home/schwede/barta0000/scoring_pipeline/run1/5ifj_abc_cut_B_Y37A/boltz_with_template/output/boltz_results_5ifj_abc_cut_B_Y37A/predictions/5ifj_abc_cut_B_Y37A/5ifj_abc_cut_B_Y37A_model_0.cif,0.979376,0.5888,0.9599,0.8893,4.554997364679972,5.026269276936849,4.083725452423096,0.1500009671686885,0.3008323296584461,1.201202213764191,1.091200351715088,1.3112040758132937,4.659207741419475,5.029756228129069,4.28865925470988,0.1592990246254101,0.3146955467538456,1.1561496257781982,1.012987494468689,1.2993117570877075,4.9371475378672285,4.823761145273845,5.050533930460612,0.1575174921401708,0.3093448339181452,1.1732986569404602,1.092522382736206,1.2540749311447144,4.742157936096191,4.779093583424886,4.705222288767497,0.1742245665834469,0.3196393823273065,1.1405618488788605,0.999157726764679,1.281965970993042,5.021989901860555,4.601053555806478,5.442926247914632,0.1916520340097984,0.2769771488034839,1.2838202714920044,1.3102731704711914,1.2573673725128174
5ifj_abc_cut_B_Y37A,False,"A,C",3.004750809703219,94.72335152838427,14.88,1.87,2.880555555555555,91.82709440419704,0.665555,0.1991,0.7741,0.7005,0.87,0.47500000000000003,-9.25,0.0,0.96,,0.183,2.6404656619736926,97.2910569105691,320.66,45.88,2.3120588235294117,95.67529521268956,0.694477,0.217,0.8655,0.7143,0.92,0.94,311.3,1.0,,0.8594230976203321,0.8615162377255612,,,79.068016,12.098895,0.7439022,,,,,,,0.8861177563667297,/scicore/home/schwede/barta0000/scoring_pipeline/run1/5ifj_abc_cut_B_Y37A/chai_no_constraints/seed_2617/pred.model_idx_4.cif,0.9096056222915649,/scicore/home/schwede/barta0000/scoring_pipeline/run1/5ifj_abc_cut_B_Y37A/chai_with_constraints/seed_1798/pred.model_idx_2.cif,0.8861177563667297,0.9424834251403809,0.8720263242721558,"[[0.940564751625061, 0.9448128938674927, 0.09549940377473831]]","[[[0.940564751625061, 0.8819113969802856, 0.04056860879063606], [0.8798750638961792, 0.9448128938674927, 0.024921204894781113], [0.5629429221153259, 0.49750247597694397, 0.09549940377473831]]]",0.04056860879063606,0.369517,0.1748,0.6097,0.4698,0.9096056222915649,0.9536677598953247,0.898590087890625,"[[0.9450069665908813, 0.94929438829422, 0.17812161147594452]]","[[[0.9450069665908813, 0.889803946018219, 0.07325524091720581], [0.8894460797309875, 0.94929438829422, 0.13017770648002625], [0.7521440386772156, 0.7851568460464478, 0.17812161147594452]]]",0.07325524091720581,0.724917,0.2217,0.8709,0.725,0.9794139862060547,0.9887524247169495,0.9839415550231934,0.97828209400177,0.9711477160453796,0.2594892680644989,0.31193941831588745,0.9197965264320374,/scicore/home/schwede/barta0000/scoring_pipeline/run1/5ifj_abc_cut_B_Y37A/boltz_free/output/boltz_results_5ifj_abc_cut_B_Y37A/predictions/5ifj_abc_cut_B_Y37A/5ifj_abc_cut_B_Y37A_model_0.cif,0.866656,0.1957,0.9174,0.8241,0.9804978370666504,0.9902181625366211,0.9859203696250916,0.9791422486305237,0.9718640446662903,0.2603456974029541,0.32173994183540344,0.9215654730796814,/scicore/home/schwede/barta0000/scoring_pipeline/run1/5ifj_abc_cut_B_Y37A/boltz_with_template/output/boltz_results_5ifj_abc_cut_B_Y37A/predictions/5ifj_abc_cut_B_Y37A/5ifj_abc_cut_B_Y37A_model_0.cif,0.865535,0.2102,0.9206,0.82,2.92612491051356,5.026269276936849,0.825980544090271,0.1319698753713618,0.1878621816381394,1.6720466613769531,1.091200351715088,2.2528929710388184,2.9210487008094788,5.029756228129069,0.8123411734898885,0.1612100850241698,0.1918384078260818,1.6511018872261047,1.012987494468689,2.2892162799835205,2.698106760780017,4.823761145273845,0.5724523762861887,0.1740134588738807,0.265164603895049,1.327404499053955,1.092522382736206,1.562286615371704,2.795387675364812,4.779093583424886,0.8116817673047384,0.2056361272477486,0.2095088567773559,1.5629892647266388,0.999157726764679,2.126820802688598,3.2981074055035906,4.601053555806478,1.995161255200704,0.2841041644259746,0.1542536311362785,1.869157075881958,1.3102731704711914,2.4280409812927246
5ifj_abc_cut_B_Y37A,False,"B,C",3.004750809703219,94.72335152838427,6.63,0.89,1.7166666666666666,92.41365942092493,0.615602,0.1558,0.7839,0.6846,0.88,0.47500000000000003,-11.11,0.0,0.96,,0.16,2.6404656619736926,97.2910569105691,319.12,43.37,1.6730769230769231,96.02062559127808,0.670072,0.1688,0.8618,0.7064,0.92,0.94,310.58,1.0,,0.8409261912881458,0.8402732476195917,,,79.068016,12.098895,0.7439022,,,,,,,0.8861177563667297,/scicore/home/schwede/barta0000/scoring_pipeline/run1/5ifj_abc_cut_B_Y37A/chai_no_constraints/seed_2617/pred.model_idx_4.cif,0.9096056222915649,/scicore/home/schwede/barta0000/scoring_pipeline/run1/5ifj_abc_cut_B_Y37A/chai_with_constraints/seed_1798/pred.model_idx_2.cif,0.8861177563667297,0.9424834251403809,0.8720263242721558,"[[0.940564751625061, 0.9448128938674927, 0.09549940377473831]]","[[[0.940564751625061, 0.8819113969802856, 0.04056860879063606], [0.8798750638961792, 0.9448128938674927, 0.024921204894781113], [0.5629429221153259, 0.49750247597694397, 0.09549940377473831]]]",0.024921204894781113,0.312628,0.1202,0.2531,0.4481,0.9096056222915649,0.9536677598953247,0.898590087890625,"[[0.9450069665908813, 0.94929438829422, 0.17812161147594452]]","[[[0.9450069665908813, 0.889803946018219, 0.07325524091720581], [0.8894460797309875, 0.94929438829422, 0.13017770648002625], [0.7521440386772156, 0.7851568460464478, 0.17812161147594452]]]",0.13017770648002625,0.756193,0.1935,0.8949,0.7429,0.9794139862060547,0.9887524247169495,0.9839415550231934,0.97828209400177,0.9711477160453796,0.2594892680644989,0.31193941831588745,0.8890345096588135,/scicore/home/schwede/barta0000/scoring_pipeline/run1/5ifj_abc_cut_B_Y37A/boltz_free/output/boltz_results_5ifj_abc_cut_B_Y37A/predictions/5ifj_abc_cut_B_Y37A/5ifj_abc_cut_B_Y37A_model_0.cif,0.791735,0.1929,0.8767,0.8139,0.9804978370666504,0.9902181625366211,0.9859203696250916,0.9791422486305237,0.9718640446662903,0.2603456974029541,0.32173994183540344,0.8871150016784668,/scicore/home/schwede/barta0000/scoring_pipeline/run1/5ifj_abc_cut_B_Y37A/boltz_with_template/output/boltz_results_5ifj_abc_cut_B_Y37A/predictions/5ifj_abc_cut_B_Y37A/5ifj_abc_cut_B_Y37A_model_0.cif,0.782346,0.1767,0.8625,0.8042,2.454852998256684,4.083725452423096,0.825980544090271,0.2034887031697013,0.1682930416725229,1.782048523426056,1.3112040758132937,2.2528929710388184,2.550500214099884,4.28865925470988,0.8123411734898885,0.1889462917777301,0.1662497640765479,1.794264018535614,1.2993117570877075,2.2892162799835205,2.8114931533734007,5.050533930460612,0.5724523762861887,0.1481460834259572,0.2445878393946715,1.4081807732582092,1.2540749311447144,1.562286615371704,2.7584520280361176,4.705222288767497,0.8116817673047384,0.2121188571212316,0.1818826851478187,1.7043933868408203,1.281965970993042,2.126820802688598,3.719043751557668,5.442926247914632,1.995161255200704,0.2572773492304073,0.1583885358504051,1.842704176902771,1.2573673725128174,2.4280409812927246
5ijk_acx_cut,False,"A,B",3.486348607280527,92.4391632016632,48.32,3.15,3.188709677419355,93.18108114563421,0.875033,0.5188,0.8464,0.7549,0.93,0.92,-105.41,0.0,0.93,0.1124,0.167,3.115915711036918,96.40301204819276,6350.81,329.08,2.298888888888889,96.72629716661241,0.838831,0.5426,0.8985,0.7355,0.91,0.93,19295.61,1.0,0.9962,0.8822176414210894,0.889243884115552,3.7616381891842545,77.67080688476562,80.08763,11.448295,0.7654945,,,,,,,0.8888254165649414,/scicore/home/schwede/barta0000/scoring_pipeline/run1/5ijk_acx_cut/chai_no_constraints/seed_1905/pred.model_idx_2.cif,0.9035000801086426,/scicore/home/schwede/barta0000/scoring_pipeline/run1/5ijk_acx_cut/chai_with_constraints/seed_2020/pred.model_idx_1.cif,0.8888254165649414,0.9424847364425659,0.8754105567932129,"[[0.9368650317192078, 0.9511184692382812, 0.10021841526031494]]","[[[0.9368650317192078, 0.886062502861023, 0.019133346155285835], [0.8742876052856445, 0.9511184692382812, 0.028565697371959686], [0.3940650522708893, 0.4279443919658661, 0.10021841526031494]]]",0.886062502861023,0.889593,0.4752,0.8095,0.7313,0.9035000801086426,0.9520611763000488,0.891359806060791,"[[0.9452543258666992, 0.9524880051612854, 0.13458429276943207]]","[[[0.9452543258666992, 0.8906955122947693, 0.0379909947514534], [0.8866990804672241, 0.9524880051612854, 0.06402324140071869], [0.6061989068984985, 0.604880690574646, 0.13458429276943207]]]",0.8906955122947693,0.895414,0.4813,0.8426,0.7361,0.9790279269218445,0.9897540211677551,0.9854592084884644,0.9774200916290283,0.9743817448616028,0.2545120418071747,0.2736864387989044,0.9850530624389648,/scicore/home/schwede/barta0000/scoring_pipeline/run1/5ijk_acx_cut/boltz_free/output/boltz_results_5ijk_acx_cut/predictions/5ijk_acx_cut/5ijk_acx_cut_model_0.cif,0.978354,0.5387,0.9692,0.8905,0.9832159280776978,0.9905480742454529,0.9868348240852356,0.9823111295700073,0.9797598719596863,0.25567957758903503,0.28318873047828674,0.9861929416656494,/scicore/home/schwede/barta0000/scoring_pipeline/run1/5ijk_acx_cut/boltz_with_template/output/boltz_results_5ijk_acx_cut/predictions/5ijk_acx_cut/5ijk_acx_cut_model_0.cif,0.980936,0.5483,0.9747,0.8939,5.052093903223674,5.328989187876384,4.775198618570964,0.0964393103328147,0.3563834586404097,1.0317479968070984,1.0410765409469604,1.0224194526672363,5.2874064445495605,5.605510552724202,4.969302336374919,0.1409608758178492,0.3526284246489905,1.0423403978347778,1.0791757106781006,1.005505084991455,5.320831855138144,5.404369036356608,5.237294673919678,0.1480905209275828,0.3502803995556554,1.049021303653717,1.0582069158554075,1.0398356914520264,5.535319566726685,5.803290049235026,5.267349084218343,0.1529736837322795,0.3534491757892149,1.0400155782699585,1.0701509714126587,1.0098801851272583,5.268908421198526,5.422895749409993,5.1149210929870605,0.1319945950627719,0.3329008976129284,1.0999104380607605,1.1161876916885376,1.0836331844329834
5ijk_acx_cut,False,"A,C",3.486348607280527,92.4391632016632,33.54,6.71,8.49,60.41486337060561,0.074069,0.0215,0.0342,0.3182,0.54,0.465,5.29,0.0,0.93,,0.162,3.115915711036918,96.40301204819276,8.52,0.0,3.9909999999999997,83.73285675048828,0.279747,0.0275,0.2234,0.4661,0.91,0.93,103.18,1.0,,0.29953189554494086,0.8451251785393507,,,80.08763,11.448295,0.7654945,,,,,,,0.8888254165649414,/scicore/home/schwede/barta0000/scoring_pipeline/run1/5ijk_acx_cut/chai_no_constraints/seed_1905/pred.model_idx_2.cif,0.9035000801086426,/scicore/home/schwede/barta0000/scoring_pipeline/run1/5ijk_acx_cut/chai_with_constraints/seed_2020/pred.model_idx_1.cif,0.8888254165649414,0.9424847364425659,0.8754105567932129,"[[0.9368650317192078, 0.9511184692382812, 0.10021841526031494]]","[[[0.9368650317192078, 0.886062502861023, 0.019133346155285835], [0.8742876052856445, 0.9511184692382812, 0.028565697371959686], [0.3940650522708893, 0.4279443919658661, 0.10021841526031494]]]",0.019133346155285835,0.188727,0.0244,0.0615,0.3757,0.9035000801086426,0.9520611763000488,0.891359806060791,"[[0.9452543258666992, 0.9524880051612854, 0.13458429276943207]]","[[[0.9452543258666992, 0.8906955122947693, 0.0379909947514534], [0.8866990804672241, 0.9524880051612854, 0.06402324140071869], [0.6061989068984985, 0.604880690574646, 0.13458429276943207]]]",0.0379909947514534,0.491618,0.029,0.4135,0.5793,0.9790279269218445,0.9897540211677551,0.9854592084884644,0.9774200916290283,0.9743817448616028,0.2545120418071747,0.2736864387989044,0.950762927532196,/scicore/home/schwede/barta0000/scoring_pipeline/run1/5ijk_acx_cut/boltz_free/output/boltz_results_5ijk_acx_cut/predictions/5ijk_acx_cut/5ijk_acx_cut_model_0.cif,0.924623,0.0583,0.8786,0.839,0.9832159280776978,0.9905480742454529,0.9868348240852356,0.9823111295700073,0.9797598719596863,0.25567957758903503,0.28318873047828674,0.9441624283790588,/scicore/home/schwede/barta0000/scoring_pipeline/run1/5ijk_acx_cut/boltz_with_template/output/boltz_results_5ijk_acx_cut/predictions/5ijk_acx_cut/5ijk_acx_cut_model_0.cif,0.911017,0.063,0.9226,0.8181,3.073154916365941,5.328989187876384,0.8173206448554993,0.1722340471863517,0.2737972799795501,1.2953673005104065,1.0410765409469604,1.5496580600738523,3.2808093428611755,5.605510552724202,0.9561081329981486,0.2433048294633994,0.2513057287622863,1.3810850381851196,1.0791757106781006,1.682994365692139,2.926659057537715,5.404369036356608,0.4489490787188212,0.1734780488922959,0.2412041878721476,1.422111451625824,1.0582069158554075,1.7860159873962402,3.253309890627861,5.803290049235026,0.703329732020696,0.2225220208497794,0.1856715178111265,1.6837761998176577,1.0701509714126587,2.297401428222656,3.3147838314374285,5.422895749409993,1.206671913464864,0.1956147228642159,0.1533441355354856,1.8750706315040588,1.1161876916885376,2.63395357131958
5ijk_acx_cut,False,"B,C",3.486348607280527,92.4391632016632,19.33,2.82,1.7321428571428572,77.87350101280252,0.102694,0.059,0.3262,0.3677,0.6,0.47500000000000003,1.77,0.0,0.93,,0.203,3.115915711036918,96.40301204819276,0.0,0.0,1.786,88.42333348592122,0.298697,0.0865,0.6547,0.4967,0.91,0.93,103.18,1.0,,0.514884651421594,0.8524816461299812,,,80.08763,11.448295,0.7654945,,,,,,,0.8888254165649414,/scicore/home/schwede/barta0000/scoring_pipeline/run1/5ijk_acx_cut/chai_no_constraints/seed_1905/pred.model_idx_2.cif,0.9035000801086426,/scicore/home/schwede/barta0000/scoring_pipeline/run1/5ijk_acx_cut/chai_with_constraints/seed_2020/pred.model_idx_1.cif,0.8888254165649414,0.9424847364425659,0.8754105567932129,"[[0.9368650317192078, 0.9511184692382812, 0.10021841526031494]]","[[[0.9368650317192078, 0.886062502861023, 0.019133346155285835], [0.8742876052856445, 0.9511184692382812, 0.028565697371959686], [0.3940650522708893, 0.4279443919658661, 0.10021841526031494]]]",0.028565697371959686,0.208858,0.0589,0.2435,0.4262,0.9035000801086426,0.9520611763000488,0.891359806060791,"[[0.9452543258666992, 0.9524880051612854, 0.13458429276943207]]","[[[0.9452543258666992, 0.8906955122947693, 0.0379909947514534], [0.8866990804672241, 0.9524880051612854, 0.06402324140071869], [0.6061989068984985, 0.604880690574646, 0.13458429276943207]]]",0.06402324140071869,0.478856,0.0894,0.5483,0.6058,0.9790279269218445,0.9897540211677551,0.9854592084884644,0.9774200916290283,0.9743817448616028,0.2545120418071747,0.2736864387989044,0.9483960270881653,/scicore/home/schwede/barta0000/scoring_pipeline/run1/5ijk_acx_cut/boltz_free/output/boltz_results_5ijk_acx_cut/predictions/5ijk_acx_cut/5ijk_acx_cut_model_0.cif,0.914338,0.1199,0.9116,0.8485,0.9832159280776978,0.9905480742454529,0.9868348240852356,0.9823111295700073,0.9797598719596863,0.25567957758903503,0.28318873047828674,0.9429523348808289,/scicore/home/schwede/barta0000/scoring_pipeline/run1/5ijk_acx_cut/boltz_with_template/output/boltz_results_5ijk_acx_cut/predictions/5ijk_acx_cut/5ijk_acx_cut_model_0.cif,0.901181,0.1125,0.9252,0.831,2.796259631713232,4.775198618570964,0.8173206448554993,0.18203273144562,0.2763633602791811,1.2860387563705444,1.0224194526672363,1.5496580600738523,2.962705234686534,4.969302336374919,0.9561081329981486,0.1901941083303605,0.2607352575490536,1.3442497253417969,1.005505084991455,1.682994365692139,2.8431218763192496,5.237294673919678,0.4489490787188212,0.1770590243142152,0.2434300030907516,1.4129258394241333,1.0398356914520264,1.7860159873962402,2.9853394081195197,5.267349084218343,0.703329732020696,0.179860631347348,0.1913519633443992,1.6536408066749573,1.0098801851272583,2.297401428222656,3.160796503225962,5.1149210929870605,1.206671913464864,0.2229836442524579,0.1558605817782178,1.8587933778762815,1.0836331844329834,2.63395357131958
5ifj_abc_cut_A_S64A,False,"A,B",2.5394457664088836,95.61323721436344,75.24,4.44,1.7765625000000003,95.99481127624729,0.896612,0.5386,0.8996,0.7744,0.94,0.93,-122.98,0.0,0.96,0.0008,0.167,2.8225680811686167,96.92325203252034,4259.9,286.15,1.5682812499999998,97.12566757202148,0.858322,0.5549,0.9003,0.7514,0.92,0.94,6571.44,1.0,0.9971,0.8884929491330233,0.9337431450565347,3.4588457232429866,78.15245056152344,79.06552,11.9068365,0.74598193,,,,,,,0.9115130305290222,/scicore/home/schwede/barta0000/scoring_pipeline/run1/5ifj_abc_cut_A_S64A/chai_no_constraints/seed_1165/pred.model_idx_3.cif,0.9103311896324158,/scicore/home/schwede/barta0000/scoring_pipeline/run1/5ifj_abc_cut_A_S64A/chai_with_constraints/seed_115/pred.model_idx_4.cif,0.9115130305290222,0.9544694423675537,0.9007739424705505,"[[0.9445436000823975, 0.9495869874954224, 0.17819629609584808]]","[[[0.9445436000823975, 0.8924098014831543, 0.07508230209350586], [0.891846239566803, 0.9495869874954224, 0.13112235069274902], [0.7495492696762085, 0.7794241309165955, 0.17819629609584808]]]",0.8924098014831543,0.89716,0.5628,0.8887,0.7462,0.9103311896324158,0.9538186192512512,0.8994593620300293,"[[0.945385217666626, 0.948758602142334, 0.17247682809829712]]","[[[0.945385217666626, 0.8885297775268555, 0.07172439247369766], [0.8906377553939819, 0.948758602142334, 0.12359065562486649], [0.7509478330612183, 0.7771080136299133, 0.17247682809829712]]]",0.8885297775268555,0.896075,0.5626,0.904,0.7471,0.9838612675666809,0.9903714060783386,0.986671507358551,0.9831587076187134,0.9811006784439087,0.2572363018989563,0.2948831617832184,0.9855128526687622,/scicore/home/schwede/barta0000/scoring_pipeline/run1/5ifj_abc_cut_A_S64A/boltz_free/output/boltz_results_5ifj_abc_cut_A_S64A/predictions/5ifj_abc_cut_A_S64A/5ifj_abc_cut_A_S64A_model_0.cif,0.979625,0.5862,0.9631,0.8907,0.9848098754882812,0.9895773530006409,0.9854161143302917,0.9846583604812622,0.9838499426841736,0.25860410928726196,0.29510000348091125,0.9842275977134705,/scicore/home/schwede/barta0000/scoring_pipeline/run1/5ifj_abc_cut_A_S64A/boltz_with_template/output/boltz_results_5ifj_abc_cut_A_S64A/predictions/5ifj_abc_cut_A_S64A/5ifj_abc_cut_A_S64A_model_0.cif,0.977774,0.5887,0.967,0.885,4.721615314483643,4.961314996083577,4.481915632883708,0.1446146332724096,0.3066966257496742,1.1818962097167969,1.1040793657302856,1.259713053703308,4.637498180071512,5.078961849212647,4.196034510930379,0.1545444296645282,0.3104255659391967,1.169811129570007,1.094847559928894,1.2447746992111206,4.834151983261108,4.702655951182048,4.965648015340169,0.1438409662581326,0.3080298451385502,1.1775586009025574,1.0723910331726074,1.282726168632507,4.945680300394694,4.72592560450236,5.165434996287028,0.1510649692872242,0.3138230801360304,1.1589258909225464,1.051430344581604,1.2664214372634888,5.098264853159586,4.710239251454671,5.486290454864502,0.1672354256180675,0.2746046885052453,1.2924227118492126,1.261334776878357,1.3235106468200684
5ifj_abc_cut_A_S64A,False,"A,C",2.5394457664088836,95.61323721436344,23.78,2.92,2.4343749999999997,94.2667630373951,0.775252,0.2014,0.8716,0.758,0.9,0.48000000000000004,-3.82,0.0,0.96,,0.156,2.8225680811686167,96.92325203252034,12.91,151.6,2.4214285714285717,93.88500118255615,0.587497,0.1906,0.8158,0.6653,0.92,0.94,120.31,1.0,,0.8282678403906858,0.8599633537167541,24.558445930480957,56.5517578125,79.06552,11.9068365,0.74598193,,,,,,,0.9115130305290222,/scicore/home/schwede/barta0000/scoring_pipeline/run1/5ifj_abc_cut_A_S64A/chai_no_constraints/seed_1165/pred.model_idx_3.cif,0.9103311896324158,/scicore/home/schwede/barta0000/scoring_pipeline/run1/5ifj_abc_cut_A_S64A/chai_with_constraints/seed_115/pred.model_idx_4.cif,0.9115130305290222,0.9544694423675537,0.9007739424705505,"[[0.9445436000823975, 0.9495869874954224, 0.17819629609584808]]","[[[0.9445436000823975, 0.8924098014831543, 0.07508230209350586], [0.891846239566803, 0.9495869874954224, 0.13112235069274902], [0.7495492696762085, 0.7794241309165955, 0.17819629609584808]]]",0.07508230209350586,0.71552,0.2099,0.8445,0.7202,0.9103311896324158,0.9538186192512512,0.8994593620300293,"[[0.945385217666626, 0.948758602142334, 0.17247682809829712]]","[[[0.945385217666626, 0.8885297775268555, 0.07172439247369766], [0.8906377553939819, 0.948758602142334, 0.12359065562486649], [0.7509478330612183, 0.7771080136299133, 0.17247682809829712]]]",0.07172439247369766,0.722319,0.2316,0.8633,0.7335,0.9838612675666809,0.9903714060783386,0.986671507358551,0.9831587076187134,0.9811006784439087,0.2572363018989563,0.2948831617832184,0.9307079315185547,/scicore/home/schwede/barta0000/scoring_pipeline/run1/5ifj_abc_cut_A_S64A/boltz_free/output/boltz_results_5ifj_abc_cut_A_S64A/predictions/5ifj_abc_cut_A_S64A/5ifj_abc_cut_A_S64A_model_0.cif,0.889796,0.2221,0.9429,0.8582,0.9848098754882812,0.9895773530006409,0.9854161143302917,0.9846583604812622,0.9838499426841736,0.25860410928726196,0.29510000348091125,0.9329083561897278,/scicore/home/schwede/barta0000/scoring_pipeline/run1/5ifj_abc_cut_A_S64A/boltz_with_template/output/boltz_results_5ifj_abc_cut_A_S64A/predictions/5ifj_abc_cut_A_S64A/5ifj_abc_cut_A_S64A_model_0.cif,0.892828,0.229,0.9581,0.8494,2.944088627894719,4.961314996083577,0.9268622597058614,0.1830631630371341,0.2396047515692207,1.428764581680298,1.1040793657302856,1.75344979763031,2.9635245899359384,5.078961849212647,0.8480873306592306,0.1588107854331083,0.229932289908749,1.469970405101776,1.094847559928894,1.8450932502746584,2.8943181534608207,4.702655951182048,1.0859803557395935,0.2315577668558506,0.2368573715599235,1.4402971267700195,1.0723910331726074,1.808203220367432,2.8573804299036665,4.72592560450236,0.9888352553049724,0.2220069067788578,0.2402062589821764,1.426257312297821,1.051430344581604,1.801084280014038,3.2728456258773804,4.710239251454671,1.8354520003000896,0.2588690623879847,0.1514564623236998,1.8874570727348328,1.261334776878357,2.5135793685913086
5ifj_abc_cut_A_S64A,False,"B,C",2.5394457664088836,95.61323721436344,5.41,0.7,1.7099999999999997,95.36109167824593,0.782671,0.1966,0.8974,0.749,0.92,0.48000000000000004,-14.42,0.0,0.96,,0.173,2.8225680811686167,96.92325203252034,0.0,0.0,1.8053125,93.96187448501587,0.559493,0.1813,0.8263,0.6671,0.92,0.94,120.28,1.0,,0.8098319739480735,0.841169120603944,,,79.06552,11.9068365,0.74598193,,,,,,,0.9115130305290222,/scicore/home/schwede/barta0000/scoring_pipeline/run1/5ifj_abc_cut_A_S64A/chai_no_constraints/seed_1165/pred.model_idx_3.cif,0.9103311896324158,/scicore/home/schwede/barta0000/scoring_pipeline/run1/5ifj_abc_cut_A_S64A/chai_with_constraints/seed_115/pred.model_idx_4.cif,0.9115130305290222,0.9544694423675537,0.9007739424705505,"[[0.9445436000823975, 0.9495869874954224, 0.17819629609584808]]","[[[0.9445436000823975, 0.8924098014831543, 0.07508230209350586], [0.891846239566803, 0.9495869874954224, 0.13112235069274902], [0.7495492696762085, 0.7794241309165955, 0.17819629609584808]]]",0.13112235069274902,0.739473,0.1632,0.8838,0.7405,0.9103311896324158,0.9538186192512512,0.8994593620300293,"[[0.945385217666626, 0.948758602142334, 0.17247682809829712]]","[[[0.945385217666626, 0.8885297775268555, 0.07172439247369766], [0.8906377553939819, 0.948758602142334, 0.12359065562486649], [0.7509478330612183, 0.7771080136299133, 0.17247682809829712]]]",0.12359065562486649,0.744264,0.1765,0.884,0.739,0.9838612675666809,0.9903714060783386,0.986671507358551,0.9831587076187134,0.9811006784439087,0.2572363018989563,0.2948831617832184,0.9425990581512451,/scicore/home/schwede/barta0000/scoring_pipeline/run1/5ifj_abc_cut_A_S64A/boltz_free/output/boltz_results_5ifj_abc_cut_A_S64A/predictions/5ifj_abc_cut_A_S64A/5ifj_abc_cut_A_S64A_model_0.cif,0.90085,0.2095,0.9472,0.8488,0.9848098754882812,0.9895773530006409,0.9854161143302917,0.9846583604812622,0.9838499426841736,0.25860410928726196,0.29510000348091125,0.9449360966682434,/scicore/home/schwede/barta0000/scoring_pipeline/run1/5ifj_abc_cut_A_S64A/boltz_with_template/output/boltz_results_5ifj_abc_cut_A_S64A/predictions/5ifj_abc_cut_A_S64A/5ifj_abc_cut_A_S64A_model_0.cif,0.904881,0.228,0.9569,0.8415,2.7043889462947845,4.481915632883708,0.9268622597058614,0.1974974059179546,0.2216664674610372,1.506581425666809,1.259713053703308,1.75344979763031,2.5220609207948046,4.196034510930379,0.8480873306592306,0.2050993197717547,0.2133259556590166,1.5449339747428894,1.2447746992111206,1.8450932502746584,3.025814185539881,4.965648015340169,1.0859803557395935,0.2146630981882317,0.2132127693973997,1.5454646944999697,1.282726168632507,1.808203220367432,3.0771351257960005,5.165434996287028,0.9888352553049724,0.1908240346154548,0.2157245624991421,1.5337528586387634,1.2664214372634888,1.801084280014038,3.660871227582296,5.486290454864502,1.8354520003000896,0.2149709143900472,0.1468204293894915,1.9185450077056885,1.3235106468200684,2.5135793685913086
5ifj_abc_cut_A_K110A,False,"A,B",2.7907280719148653,94.87198365122617,70.53,4.03,2.7,92.75747606201973,0.891347,0.5301,0.7887,0.7736,0.94,0.925,-101.55,0.0,0.96,0.9969,0.21,2.625902736466389,97.42918699186991,3681.92,257.35,1.8862820512820513,96.95648729478991,0.849933,0.5774,0.8905,0.7543,0.92,0.94,2874.42,1.0,0.9968,0.8833472726632174,0.9002354024377143,3.886887332667475,75.80632019042969,79.19693,12.06748,0.7431278,,,,,,,0.9105361104011536,/scicore/home/schwede/barta0000/scoring_pipeline/run1/5ifj_abc_cut_A_K110A/chai_no_constraints/seed_1971/pred.model_idx_1.cif,0.9101355075836182,/scicore/home/schwede/barta0000/scoring_pipeline/run1/5ifj_abc_cut_A_K110A/chai_with_constraints/seed_8017/pred.model_idx_2.cif,0.9105361104011536,0.9538710713386536,0.8997023701667786,"[[0.9461949467658997, 0.9488812685012817, 0.1689417064189911]]","[[[0.9461949467658997, 0.8897757530212402, 0.07709328085184097], [0.8908476233482361, 0.9488812685012817, 0.1228393167257309], [0.7448469996452332, 0.7557284832000732, 0.1689417064189911]]]",0.8897757530212402,0.89596,0.5615,0.8906,0.744,0.9101355075836182,0.953797459602356,0.8992200493812561,"[[0.9449247717857361, 0.9489190578460693, 0.17738324403762817]]","[[[0.9449247717857361, 0.889130175113678, 0.07326307147741318], [0.8900885581970215, 0.9489190578460693, 0.13013766705989838], [0.7510614991188049, 0.7841663956642151, 0.17738324403762817]]]",0.889130175113678,0.895529,0.5724,0.8936,0.7447,0.9841046333312988,0.989876389503479,0.9859649538993835,0.9836395978927612,0.9823281764984131,0.2555869519710541,0.27701231837272644,0.9846650958061218,/scicore/home/schwede/barta0000/scoring_pipeline/run1/5ifj_abc_cut_A_K110A/boltz_free/output/boltz_results_5ifj_abc_cut_A_K110A/predictions/5ifj_abc_cut_A_K110A/5ifj_abc_cut_A_K110A_model_0.cif,0.978274,0.5876,0.9657,0.891,0.9846672415733337,0.9912745356559753,0.9877612590789795,0.983893632888794,0.9831330180168152,0.2549806535243988,0.27536505460739136,0.9870377779006958,/scicore/home/schwede/barta0000/scoring_pipeline/run1/5ifj_abc_cut_A_K110A/boltz_with_template/output/boltz_results_5ifj_abc_cut_A_K110A/predictions/5ifj_abc_cut_A_K110A/5ifj_abc_cut_A_K110A_model_0.cif,0.981486,0.5914,0.9655,0.8992,4.937853097915649,5.1956125895182295,4.680093606313069,0.1162466595069215,0.3166053171625304,1.1500993371009829,1.054621696472168,1.2455769777297974,4.89767869313558,5.195774555206299,4.59958283106486,0.1343029781966849,0.3114233385863245,1.166602075099945,1.0961248874664309,1.2370792627334597,4.777310371398926,4.739919344584147,4.814701398213704,0.1655955663292884,0.3085436006084698,1.1758921146392822,1.0372897386550903,1.314494490623474,4.928416093190511,4.952500184377034,4.904332002003987,0.1326679182210457,0.3265095523386858,1.1192960739135742,0.976763129234314,1.2618290185928345,5.091971000035604,4.585978031158447,5.597963968912761,0.1496308864442148,0.2705998965662243,1.3071139454841614,1.284513235092163,1.3297146558761597
5ifj_abc_cut_A_K110A,False,"A,C",2.7907280719148653,94.87198365122617,21.4,3.25,2.658333333333333,92.11783341898852,0.770301,0.1612,0.8252,0.7417,0.91,0.47500000000000003,-6.43,0.0,0.96,,0.146,2.625902736466389,97.42918699186991,0.0,0.0,2.325833333333333,95.79769369272086,0.70344,0.1694,0.8698,0.7168,0.92,0.94,115.89,1.0,,0.8804879233950553,0.8552873907012966,,,79.19693,12.06748,0.7431278,,,,,,,0.9105361104011536,/scicore/home/schwede/barta0000/scoring_pipeline/run1/5ifj_abc_cut_A_K110A/chai_no_constraints/seed_1971/pred.model_idx_1.cif,0.9101355075836182,/scicore/home/schwede/barta0000/scoring_pipeline/run1/5ifj_abc_cut_A_K110A/chai_with_constraints/seed_8017/pred.model_idx_2.cif,0.9105361104011536,0.9538710713386536,0.8997023701667786,"[[0.9461949467658997, 0.9488812685012817, 0.1689417064189911]]","[[[0.9461949467658997, 0.8897757530212402, 0.07709328085184097], [0.8908476233482361, 0.9488812685012817, 0.1228393167257309], [0.7448469996452332, 0.7557284832000732, 0.1689417064189911]]]",0.07709328085184097,0.680143,0.1976,0.866,0.7183,0.9101355075836182,0.953797459602356,0.8992200493812561,"[[0.9449247717857361, 0.9489190578460693, 0.17738324403762817]]","[[[0.9449247717857361, 0.889130175113678, 0.07326307147741318], [0.8900885581970215, 0.9489190578460693, 0.13013766705989838], [0.7510614991188049, 0.7841663956642151, 0.17738324403762817]]]",0.07326307147741318,0.722691,0.2076,0.8664,0.7239,0.9841046333312988,0.989876389503479,0.9859649538993835,0.9836395978927612,0.9823281764984131,0.2555869519710541,0.27701231837272644,0.9524843692779541,/scicore/home/schwede/barta0000/scoring_pipeline/run1/5ifj_abc_cut_A_K110A/boltz_free/output/boltz_results_5ifj_abc_cut_A_K110A/predictions/5ifj_abc_cut_A_K110A/5ifj_abc_cut_A_K110A_model_0.cif,0.927611,0.2673,0.9558,0.8711,0.9846672415733337,0.9912745356559753,0.9877612590789795,0.983893632888794,0.9831330180168152,0.2549806535243988,0.27536505460739136,0.959590494632721,/scicore/home/schwede/barta0000/scoring_pipeline/run1/5ifj_abc_cut_A_K110A/boltz_with_template/output/boltz_results_5ifj_abc_cut_A_K110A/predictions/5ifj_abc_cut_A_K110A/5ifj_abc_cut_A_K110A_model_0.cif,0.939308,0.2576,0.962,0.8794,2.980752567450206,5.1956125895182295,0.7658925453821818,0.1442926174140599,0.2245401507180226,1.4937007427215576,1.054621696472168,1.9327797889709477,3.11642462015152,5.195774555206299,1.0370746850967407,0.1775536071361415,0.215289803023318,1.5357702374458313,1.0961248874664309,1.975415587425232,2.820564577976863,4.739919344584147,0.901209811369578,0.214027821549875,0.2552847633149883,1.3653756380081177,1.0372897386550903,1.693461537361145,2.90169170498848,4.952500184377034,0.8508832255999247,0.1840603627250256,0.2731007823525707,1.2979143857955933,0.976763129234314,1.6190656423568726,3.1552589933077493,4.585978031158447,1.7245399554570515,0.262660412423796,0.1576361493905191,1.8474657535552976,1.284513235092163,2.4104182720184326
5ifj_abc_cut_A_K110A,False,"B,C",2.7907280719148653,94.87198365122617,18.55,2.44,1.8925000000000005,93.87839477902946,0.768803,0.1994,0.8761,0.7472,0.92,0.48000000000000004,-8.05,0.0,0.96,,0.172,2.625902736466389,97.42918699186991,0.0,0.0,1.6673684210526318,96.65944586859808,0.714333,0.2228,0.887,0.7216,0.92,0.94,115.89,1.0,,0.8529782805597377,0.8552873907012966,,,79.19693,12.06748,0.7431278,,,,,,,0.9105361104011536,/scicore/home/schwede/barta0000/scoring_pipeline/run1/5ifj_abc_cut_A_K110A/chai_no_constraints/seed_1971/pred.model_idx_1.cif,0.9101355075836182,/scicore/home/schwede/barta0000/scoring_pipeline/run1/5ifj_abc_cut_A_K110A/chai_with_constraints/seed_8017/pred.model_idx_2.cif,0.9105361104011536,0.9538710713386536,0.8997023701667786,"[[0.9461949467658997, 0.9488812685012817, 0.1689417064189911]]","[[[0.9461949467658997, 0.8897757530212402, 0.07709328085184097], [0.8908476233482361, 0.9488812685012817, 0.1228393167257309], [0.7448469996452332, 0.7557284832000732, 0.1689417064189911]]]",0.1228393167257309,0.696778,0.1555,0.8913,0.7307,0.9101355075836182,0.953797459602356,0.8992200493812561,"[[0.9449247717857361, 0.9489190578460693, 0.17738324403762817]]","[[[0.9449247717857361, 0.889130175113678, 0.07326307147741318], [0.8900885581970215, 0.9489190578460693, 0.13013766705989838], [0.7510614991188049, 0.7841663956642151, 0.17738324403762817]]]",0.13013766705989838,0.754061,0.1668,0.8929,0.7408,0.9841046333312988,0.989876389503479,0.9859649538993835,0.9836395978927612,0.9823281764984131,0.2555869519710541,0.27701231837272644,0.9521189332008362,/scicore/home/schwede/barta0000/scoring_pipeline/run1/5ifj_abc_cut_A_K110A/boltz_free/output/boltz_results_5ifj_abc_cut_A_K110A/predictions/5ifj_abc_cut_A_K110A/5ifj_abc_cut_A_K110A_model_0.cif,0.91959,0.2006,0.9585,0.8639,0.9846672415733337,0.9912745356559753,0.9877612590789795,0.983893632888794,0.9831330180168152,0.2549806535243988,0.27536505460739136,0.9631182551383972,/scicore/home/schwede/barta0000/scoring_pipeline/run1/5ifj_abc_cut_A_K110A/boltz_with_template/output/boltz_results_5ifj_abc_cut_A_K110A/predictions/5ifj_abc_cut_A_K110A/5ifj_abc_cut_A_K110A_model_0.cif,0.939241,0.2154,0.9624,0.8768,2.7229930758476257,4.680093606313069,0.7658925453821818,0.1723571468711281,0.204093229261346,1.5891783833503723,1.2455769777297974,1.9327797889709477,2.8183287580808005,4.59958283106486,1.0370746850967407,0.2168878244534323,0.2006391164753256,1.6062474250793457,1.2370792627334597,1.975415587425232,2.857955604791641,4.814701398213704,0.901209811369578,0.1853126770146548,0.2222443083827993,1.5039780139923096,1.314494490623474,1.693461537361145,2.877607613801956,4.904332002003987,0.8508832255999247,0.1692035225715072,0.2368217973769519,1.4404473304748535,1.2618290185928345,1.6190656423568726,3.661251962184906,5.597963968912761,1.7245399554570515,0.2163703284805348,0.1541134184886051,1.870066463947296,1.3297146558761597,2.4104182720184326
5ijk_acx_cut_A_K57A,False,"A,B",3.333152691085628,92.23121354166668,40.91,2.64,2.5352941176470587,92.72267676321388,0.884365,0.5124,0.8609,0.7652,0.94,0.925,-103.25,0.0,0.93,0.9954,0.236,3.312562700601604,95.32493975903613,24411.54,1100.47,2.4544117647058825,96.04781222343445,0.858314,0.5545,0.8981,0.7516,0.9,0.93,26560.64,1.0,0.9983,0.8310153098060928,0.8481641873818658,3.6419520357559465,78.6078872680664,80.13481,11.526983,0.7632619,,,,,,,0.8812797665596008,/scicore/home/schwede/barta0000/scoring_pipeline/run1/5ijk_acx_cut_A_K57A/chai_no_constraints/seed_1373/pred.model_idx_2.cif,0.902942419052124,/scicore/home/schwede/barta0000/scoring_pipeline/run1/5ijk_acx_cut_A_K57A/chai_with_constraints/seed_619/pred.model_idx_1.cif,0.8812797665596008,0.9376341104507446,0.8671911954879761,"[[0.9351347088813782, 0.9510679841041565, 0.09564715623855591]]","[[[0.9351347088813782, 0.8865579962730408, 0.01231759786605835], [0.8701045513153076, 0.9510679841041565, 0.01815022900700569], [0.28463444113731384, 0.3058620095252991, 0.09564715623855591]]]",0.8865579962730408,0.889478,0.4539,0.7854,0.7328,0.902942419052124,0.9521771669387817,0.8906336426734924,"[[0.9464284181594849, 0.9522534012794495, 0.1328035295009613]]","[[[0.9464284181594849, 0.8884240388870239, 0.0368473120033741], [0.8873432874679565, 0.9522534012794495, 0.0614582896232605], [0.6048338413238525, 0.6028421521186829, 0.1328035295009613]]]",0.8884240388870239,0.893121,0.4872,0.8414,0.7375,0.9765031933784485,0.9879060387611389,0.9828841090202332,0.9749079346656799,0.9707897901535034,0.260529488325119,0.3146072328090668,0.98317950963974,/scicore/home/schwede/barta0000/scoring_pipeline/run1/5ijk_acx_cut_A_K57A/boltz_free/output/boltz_results_5ijk_acx_cut_A_K57A/predictions/5ijk_acx_cut_A_K57A/5ijk_acx_cut_A_K57A_model_0.cif,0.975812,0.5422,0.9647,0.8764,0.9762941598892212,0.9865804314613342,0.9810451865196228,0.975106418132782,0.9706087708473206,0.2620803415775299,0.32088789343833923,0.9815701842308044,/scicore/home/schwede/barta0000/scoring_pipeline/run1/5ijk_acx_cut_A_K57A/boltz_with_template/output/boltz_results_5ijk_acx_cut_A_K57A/predictions/5ijk_acx_cut_A_K57A/5ijk_acx_cut_A_K57A_model_0.cif,0.973358,0.5537,0.9648,0.8701,5.175862948099772,5.583913326263428,4.767812569936116,0.1349647863960829,0.3492627047085556,1.0519309043884275,1.0473681688308716,1.056493639945984,5.232978026072184,5.4829421043396,4.983013947804769,0.1282874937492974,0.3489841711920829,1.0527287125587463,1.0401273965835571,1.0653300285339355,5.494696855545044,5.527220249176025,5.462173461914063,0.1326544595313382,0.3687221839647058,0.9977118074893953,1.0346400737762451,0.9607835412025452,5.442225535710653,5.538722991943359,5.345728079477946,0.1605794778314315,0.3581366622868723,1.026840627193451,1.074282169342041,0.9793990850448608,5.363552570343018,5.578680356343587,5.148424784342448,0.143828121758234,0.3296039424608867,1.109863519668579,1.1361156702041626,1.0836113691329956
5ijk_acx_cut_A_K57A,False,"A,C",3.333152691085628,92.23121354166668,142.23,23.45,6.072727272727274,64.60226609143594,0.022652,0.0445,0.0532,0.2471,0.39,0.465,56.15,0.0,0.93,,0.285,3.312562700601604,95.32493975903613,0.0,0.0,4.680833333333333,74.22916634877522,0.094839,0.0486,0.0719,0.2482,0.9,0.93,186.18,1.0,,0.2751281066168981,0.8046743494195877,,,80.13481,11.526983,0.7632619,,,,,,,0.8812797665596008,/scicore/home/schwede/barta0000/scoring_pipeline/run1/5ijk_acx_cut_A_K57A/chai_no_constraints/seed_1373/pred.model_idx_2.cif,0.902942419052124,/scicore/home/schwede/barta0000/scoring_pipeline/run1/5ijk_acx_cut_A_K57A/chai_with_constraints/seed_619/pred.model_idx_1.cif,0.8812797665596008,0.9376341104507446,0.8671911954879761,"[[0.9351347088813782, 0.9510679841041565, 0.09564715623855591]]","[[[0.9351347088813782, 0.8865579962730408, 0.01231759786605835], [0.8701045513153076, 0.9510679841041565, 0.01815022900700569], [0.28463444113731384, 0.3058620095252991, 0.09564715623855591]]]",0.01231759786605835,0.096037,0.0253,0.0324,0.2736,0.902942419052124,0.9521771669387817,0.8906336426734924,"[[0.9464284181594849, 0.9522534012794495, 0.1328035295009613]]","[[[0.9464284181594849, 0.8884240388870239, 0.0368473120033741], [0.8873432874679565, 0.9522534012794495, 0.0614582896232605], [0.6048338413238525, 0.6028421521186829, 0.1328035295009613]]]",0.0368473120033741,0.48945,0.0246,0.4536,0.5754,0.9765031933784485,0.9879060387611389,0.9828841090202332,0.9749079346656799,0.9707897901535034,0.260529488325119,0.3146072328090668,0.918010950088501,/scicore/home/schwede/barta0000/scoring_pipeline/run1/5ijk_acx_cut_A_K57A/boltz_free/output/boltz_results_5ijk_acx_cut_A_K57A/predictions/5ijk_acx_cut_A_K57A/5ijk_acx_cut_A_K57A_model_0.cif,0.857923,0.0427,0.8303,0.7838,0.9762941598892212,0.9865804314613342,0.9810451865196228,0.975106418132782,0.9706087708473206,0.2620803415775299,0.32088789343833923,0.9156773090362549,/scicore/home/schwede/barta0000/scoring_pipeline/run1/5ijk_acx_cut_A_K57A/boltz_with_template/output/boltz_results_5ijk_acx_cut_A_K57A/predictions/5ijk_acx_cut_A_K57A/5ijk_acx_cut_A_K57A_model_0.cif,0.856384,0.0491,0.8425,0.7717,3.178357779979706,5.583913326263428,0.7728022336959839,0.2212967337637858,0.2548287624168441,1.3671634793281555,1.0473681688308716,1.6869587898254397,3.161714593569437,5.4829421043396,0.8404870827992758,0.2464885948548663,0.2531185522415718,1.3738973140716553,1.0401273965835571,1.7076672315597534,3.132221524914106,5.527220249176025,0.737222800652186,0.2063275219780887,0.246375932647051,1.4008967280387878,1.0346400737762451,1.7671533823013306,3.159767061471939,5.538722991943359,0.7808111310005188,0.2093704266984613,0.190187294540475,1.6597459316253662,1.074282169342041,2.2452096939086914,3.59878275791804,5.578680356343587,1.618885159492493,0.2694896082048753,0.1484864353084553,1.9072616696357727,1.1361156702041626,2.678407669067383
5ijk_acx_cut_A_K57A,False,"B,C",3.333152691085628,92.23121354166668,26.91,4.37,1.4049999999999998,69.20061502146405,0.0249,0.0307,0.1144,0.2649,0.41,0.47000000000000003,11.05,0.0,0.93,,0.316,3.312562700601604,95.32493975903613,0.0,0.0,1.3704545454545454,79.97199897766113,0.084558,0.0351,0.2156,0.2895,0.9,0.93,186.18,1.0,,0.5330077947730897,0.8531150219605094,,,80.13481,11.526983,0.7632619,,,,,,,0.8812797665596008,/scicore/home/schwede/barta0000/scoring_pipeline/run1/5ijk_acx_cut_A_K57A/chai_no_constraints/seed_1373/pred.model_idx_2.cif,0.902942419052124,/scicore/home/schwede/barta0000/scoring_pipeline/run1/5ijk_acx_cut_A_K57A/chai_with_constraints/seed_619/pred.model_idx_1.cif,0.8812797665596008,0.9376341104507446,0.8671911954879761,"[[0.9351347088813782, 0.9510679841041565, 0.09564715623855591]]","[[[0.9351347088813782, 0.8865579962730408, 0.01231759786605835], [0.8701045513153076, 0.9510679841041565, 0.01815022900700569], [0.28463444113731384, 0.3058620095252991, 0.09564715623855591]]]",0.01815022900700569,0.093619,0.0552,0.1341,0.3122,0.902942419052124,0.9521771669387817,0.8906336426734924,"[[0.9464284181594849, 0.9522534012794495, 0.1328035295009613]]","[[[0.9464284181594849, 0.8884240388870239, 0.0368473120033741], [0.8873432874679565, 0.9522534012794495, 0.0614582896232605], [0.6048338413238525, 0.6028421521186829, 0.1328035295009613]]]",0.0614582896232605,0.476082,0.0992,0.5323,0.6051,0.9765031933784485,0.9879060387611389,0.9828841090202332,0.9749079346656799,0.9707897901535034,0.260529488325119,0.3146072328090668,0.919387936592102,/scicore/home/schwede/barta0000/scoring_pipeline/run1/5ijk_acx_cut_A_K57A/boltz_free/output/boltz_results_5ijk_acx_cut_A_K57A/predictions/5ijk_acx_cut_A_K57A/5ijk_acx_cut_A_K57A_model_0.cif,0.847855,0.1369,0.8884,0.8026,0.9762941598892212,0.9865804314613342,0.9810451865196228,0.975106418132782,0.9706087708473206,0.2620803415775299,0.32088789343833923,0.9136716723442078,/scicore/home/schwede/barta0000/scoring_pipeline/run1/5ijk_acx_cut_A_K57A/boltz_with_template/output/boltz_results_5ijk_acx_cut_A_K57A/predictions/5ijk_acx_cut_A_K57A/5ijk_acx_cut_A_K57A_model_0.cif,0.840389,0.126,0.8873,0.7906,2.77030740181605,4.767812569936116,0.7728022336959839,0.1620492254289987,0.2536686947151297,1.3717262148857117,1.056493639945984,1.6869587898254397,2.911750515302022,4.983013947804769,0.8404870827992758,0.2012147518270861,0.2499489379836307,1.3864986300468445,1.0653300285339355,1.7076672315597534,3.0996981312831244,5.462173461914063,0.737222800652186,0.2214153145347489,0.255644246841512,1.363968461751938,0.9607835412025452,1.7671533823013306,3.0632696052392325,5.345728079477946,0.7808111310005188,0.1905493453343907,0.1994275254759922,1.612304389476776,0.9793990850448608,2.2452096939086914,3.3836549719174704,5.148424784342448,1.618885159492493,0.2947762360805394,0.1524361408589508,1.8810095191001888,1.0836113691329956,2.678407669067383
5ijk_acx_cut_A_T113A,False,"A,B",2.042686408283737,97.31984911550468,12.13,0.78,1.2566666666666666,98.31427612790928,0.922691,0.5543,0.9628,0.8223,0.95,0.94,-122.27,0.0,0.97,0.9967,0.199,2.450524668956952,98.06020080321284,12838.22,673.0,1.381935483870968,98.7073356628418,0.880666,0.5639,0.9534,0.7903,0.94,0.95,19323.54,1.0,0.9971,0.8754787890038214,0.903600001291225,3.5132043140905873,79.5119400024414,79.7059,11.587476,0.7601826,,,,,,,0.8915206789970398,/scicore/home/schwede/barta0000/scoring_pipeline/run1/5ijk_acx_cut_A_T113A/chai_no_constraints/seed_2403/pred.model_idx_2.cif,0.9039387106895447,/scicore/home/schwede/barta0000/scoring_pipeline/run1/5ijk_acx_cut_A_T113A/chai_with_constraints/seed_122/pred.model_idx_1.cif,0.8915206789970398,0.9466193914413452,0.8777459859848022,"[[0.9451172947883606, 0.9515537023544312, 0.09841415286064148]]","[[[0.9451172947883606, 0.8881925940513611, 0.019085025414824486], [0.8834155201911926, 0.9515537023544312, 0.030836911872029305], [0.37446853518486023, 0.39466214179992676, 0.09841415286064148]]]",0.8881925940513611,0.891957,0.4945,0.8097,0.7347,0.9039387106895447,0.9526312351226807,0.8917655348777771,"[[0.9464637041091919, 0.9521260857582092, 0.13617736101150513]]","[[[0.9464637041091919, 0.8910889029502869, 0.03853072598576546], [0.8874874711036682, 0.9521260857582092, 0.06345514208078384], [0.6064136028289795, 0.6038131713867188, 0.13617736101150513]]]",0.8910889029502869,0.896045,0.4908,0.8478,0.7367,0.975850522518158,0.987174928188324,0.9821773171424866,0.9742687940597534,0.9680973887443542,0.26205477118492126,0.3188561797142029,0.9821149110794067,/scicore/home/schwede/barta0000/scoring_pipeline/run1/5ijk_acx_cut_A_T113A/boltz_free/output/boltz_results_5ijk_acx_cut_A_T113A/predictions/5ijk_acx_cut_A_T113A/5ijk_acx_cut_A_T113A_model_0.cif,0.97433,0.5572,0.9617,0.872,0.9779251217842102,0.9891918897628784,0.984652042388916,0.9762433767318726,0.9712721705436707,0.25763392448425293,0.2958988547325134,0.9849187731742859,/scicore/home/schwede/barta0000/scoring_pipeline/run1/5ijk_acx_cut_A_T113A/boltz_with_template/output/boltz_results_5ijk_acx_cut_A_T113A/predictions/5ijk_acx_cut_A_T113A/5ijk_acx_cut_A_T113A_model_0.cif,0.978315,0.5494,0.9674,0.8851,5.218074957529703,5.335752010345459,5.100397904713948,0.105550964553156,0.3480943972608092,1.0552815794944763,1.0496975183486938,1.0608656406402588,5.144395112991333,5.298017342885335,4.990772883097331,0.0891994278086963,0.3464563670646283,1.0599983930587769,1.0922904014587402,1.0277063846588137,5.499727249145508,5.636365254720052,5.363089243570964,0.1577239059607241,0.3600159467619832,1.0216069519519806,1.07292377948761,0.9702901244163512,4.982278347015381,5.0912275314331055,4.873329162597656,0.1233288626450801,0.3337419283637186,1.0973872542381289,1.1382780075073242,1.056496500968933,5.297895193099976,5.357714811960856,5.238075574239095,0.148438788859281,0.3181261607788506,1.1453072428703308,1.2187004089355469,1.0719140768051147
5ijk_acx_cut_A_T113A,False,"A,C",2.042686408283737,97.31984911550468,-10.95,-2.42,1.56875,97.88709971880672,0.766119,0.0569,0.9288,0.7241,0.92,0.49,-7.92,0.0,0.97,,0.167,2.450524668956952,98.06020080321284,46.11,40.72,1.5916666666666668,98.26333363850911,0.806276,0.0503,0.9427,0.7224,0.94,0.95,105.18,1.0,,0.8689272211580745,0.8958346702815816,,,79.7059,11.587476,0.7601826,,,,,,,0.8915206789970398,/scicore/home/schwede/barta0000/scoring_pipeline/run1/5ijk_acx_cut_A_T113A/chai_no_constraints/seed_2403/pred.model_idx_2.cif,0.9039387106895447,/scicore/home/schwede/barta0000/scoring_pipeline/run1/5ijk_acx_cut_A_T113A/chai_with_constraints/seed_122/pred.model_idx_1.cif,0.8915206789970398,0.9466193914413452,0.8777459859848022,"[[0.9451172947883606, 0.9515537023544312, 0.09841415286064148]]","[[[0.9451172947883606, 0.8881925940513611, 0.019085025414824486], [0.8834155201911926, 0.9515537023544312, 0.030836911872029305], [0.37446853518486023, 0.39466214179992676, 0.09841415286064148]]]",0.019085025414824486,0.173523,0.0321,0.1024,0.3801,0.9039387106895447,0.9526312351226807,0.8917655348777771,"[[0.9464637041091919, 0.9521260857582092, 0.13617736101150513]]","[[[0.9464637041091919, 0.8910889029502869, 0.03853072598576546], [0.8874874711036682, 0.9521260857582092, 0.06345514208078384], [0.6064136028289795, 0.6038131713867188, 0.13617736101150513]]]",0.03853072598576546,0.492426,0.0266,0.4148,0.5846,0.975850522518158,0.987174928188324,0.9821773171424866,0.9742687940597534,0.9680973887443542,0.26205477118492126,0.3188561797142029,0.9099462628364563,/scicore/home/schwede/barta0000/scoring_pipeline/run1/5ijk_acx_cut_A_T113A/boltz_free/output/boltz_results_5ijk_acx_cut_A_T113A/predictions/5ijk_acx_cut_A_T113A/5ijk_acx_cut_A_T113A_model_0.cif,0.841381,0.0537,0.8113,0.7819,0.9779251217842102,0.9891918897628784,0.984652042388916,0.9762433767318726,0.9712721705436707,0.25763392448425293,0.2958988547325134,0.9238434433937073,/scicore/home/schwede/barta0000/scoring_pipeline/run1/5ijk_acx_cut_A_T113A/boltz_with_template/output/boltz_results_5ijk_acx_cut_A_T113A/predictions/5ijk_acx_cut_A_T113A/5ijk_acx_cut_A_T113A_model_0.cif,0.873487,0.0488,0.8376,0.8024,3.034017965197563,5.335752010345459,0.7322839200496674,0.1725402087317656,0.2319764379623633,1.4611194729804993,1.0496975183486938,1.872541427612305,3.0834235548973083,5.298017342885335,0.8688297669092814,0.185672657848361,0.2286151448041128,1.4757152795791626,1.0922904014587402,1.859140157699585,3.1941317121187844,5.636365254720052,0.7518981695175171,0.2309453523267562,0.2491381742826806,1.3897476196289062,1.07292377948761,1.7065714597702026,2.563491758580009,5.0912275314331055,0.0357559857269128,0.1078055289250054,0.1763430094001331,1.7353242635726929,1.1382780075073242,2.332370519638061,3.283833682537079,5.357714811960856,1.2099525531133015,0.2310853705370536,0.1475383052342122,1.9136674404144287,1.2187004089355469,2.6086344718933105
5ijk_acx_cut_A_T113A,False,"B,C",2.042686408283737,97.31984911550468,5.34,0.75,1.3791666666666667,97.27897062018542,0.754994,0.1342,0.9409,0.7276,0.92,0.49,-5.37,0.0,0.97,,0.183,2.450524668956952,98.06020080321284,0.0,0.0,1.6966666666666665,96.13357107979911,0.810118,0.1215,0.8834,0.7148,0.94,0.95,105.05,1.0,,0.8616042105428703,0.8373435029231917,,,79.7059,11.587476,0.7601826,,,,,,,0.8915206789970398,/scicore/home/schwede/barta0000/scoring_pipeline/run1/5ijk_acx_cut_A_T113A/chai_no_constraints/seed_2403/pred.model_idx_2.cif,0.9039387106895447,/scicore/home/schwede/barta0000/scoring_pipeline/run1/5ijk_acx_cut_A_T113A/chai_with_constraints/seed_122/pred.model_idx_1.cif,0.8915206789970398,0.9466193914413452,0.8777459859848022,"[[0.9451172947883606, 0.9515537023544312, 0.09841415286064148]]","[[[0.9451172947883606, 0.8881925940513611, 0.019085025414824486], [0.8834155201911926, 0.9515537023544312, 0.030836911872029305], [0.37446853518486023, 0.39466214179992676, 0.09841415286064148]]]",0.030836911872029305,0.187845,0.0516,0.2837,0.426,0.9039387106895447,0.9526312351226807,0.8917655348777771,"[[0.9464637041091919, 0.9521260857582092, 0.13617736101150513]]","[[[0.9464637041091919, 0.8910889029502869, 0.03853072598576546], [0.8874874711036682, 0.9521260857582092, 0.06345514208078384], [0.6064136028289795, 0.6038131713867188, 0.13617736101150513]]]",0.06345514208078384,0.477986,0.0922,0.5673,0.6066,0.975850522518158,0.987174928188324,0.9821773171424866,0.9742687940597534,0.9680973887443542,0.26205477118492126,0.3188561797142029,0.9105521440505981,/scicore/home/schwede/barta0000/scoring_pipeline/run1/5ijk_acx_cut_A_T113A/boltz_free/output/boltz_results_5ijk_acx_cut_A_T113A/predictions/5ijk_acx_cut_A_T113A/5ijk_acx_cut_A_T113A_model_0.cif,0.829791,0.1578,0.8816,0.7986,0.9779251217842102,0.9891918897628784,0.984652042388916,0.9762433767318726,0.9712721705436707,0.25763392448425293,0.2958988547325134,0.9249857664108276,/scicore/home/schwede/barta0000/scoring_pipeline/run1/5ijk_acx_cut_A_T113A/boltz_with_template/output/boltz_results_5ijk_acx_cut_A_T113A/predictions/5ijk_acx_cut_A_T113A/5ijk_acx_cut_A_T113A_model_0.cif,0.86505,0.1761,0.9018,0.8194,2.916340912381808,5.100397904713948,0.7322839200496674,0.1630699387662089,0.2306846773401608,1.4667035341262815,1.0608656406402588,1.872541427612305,2.9298013250033064,4.990772883097331,0.8688297669092814,0.1715755143460876,0.2361180773843051,1.4434232711791992,1.0277063846588137,1.859140157699585,3.0574937065442405,5.363089243570964,0.7518981695175171,0.2022772514467357,0.2622568814286485,1.338430792093277,0.9702901244163512,1.7065714597702026,2.4545425741622844,4.873329162597656,0.0357559857269128,0.0835550427323358,0.1837032655642787,1.694433510303497,1.056496500968933,2.332370519638061,3.224014063676198,5.238075574239095,1.2099525531133015,0.2838971030948365,0.1587738725338185,1.8402742743492129,1.0719140768051147,2.6086344718933105
5ifj_abc_cut_B_V38A,False,"A,B",2.7149348932513715,95.22094719651606,82.78,4.83,2.206944444444444,94.61522547621726,0.891709,0.5432,0.8567,0.7749,0.94,0.93,-82.51,0.0,0.96,0.0018,0.197,2.6052582788023,97.45382113821138,3559.4,285.96,1.731025641025641,97.17166752285428,0.848642,0.576,0.9035,0.7557,0.92,0.94,4444.31,1.0,0.991,0.8884929491330233,0.9424190824487827,3.5894194841384888,77.22463989257812,79.34477,11.9718,0.74486005,,,,,,,0.8957542181015015,/scicore/home/schwede/barta0000/scoring_pipeline/run1/5ifj_abc_cut_B_V38A/chai_no_constraints/seed_1837/pred.model_idx_0.cif,0.9100508093833923,/scicore/home/schwede/barta0000/scoring_pipeline/run1/5ifj_abc_cut_B_V38A/chai_with_constraints/seed_2002/pred.model_idx_4.cif,0.8957542181015015,0.947545051574707,0.8828064799308777,"[[0.9468277096748352, 0.9472519159317017, 0.1035037562251091]]","[[[0.9468277096748352, 0.8879522085189819, 0.05655771121382713], [0.8887821435928345, 0.9472519159317017, 0.03604418784379959], [0.6562910676002502, 0.5907882452011108, 0.1035037562251091]]]",0.8879522085189819,0.892457,0.53,0.8584,0.7416,0.9100508093833923,0.9539468884468079,0.8990767598152161,"[[0.945318341255188, 0.9495519995689392, 0.17746895551681519]]","[[[0.945318341255188, 0.890434980392456, 0.07238800078630447], [0.8899723291397095, 0.9495519995689392, 0.1298982799053192], [0.7520366907119751, 0.7833796143531799, 0.17746895551681519]]]",0.890434980392456,0.895851,0.5618,0.9021,0.748,0.9826201796531677,0.9902586340904236,0.9862698912620544,0.981707751750946,0.9785112738609314,0.2554013431072235,0.28244444727897644,0.985224187374115,/scicore/home/schwede/barta0000/scoring_pipeline/run1/5ifj_abc_cut_B_V38A/boltz_free/output/boltz_results_5ifj_abc_cut_B_V38A/predictions/5ifj_abc_cut_B_V38A/5ifj_abc_cut_B_V38A_model_0.cif,0.978751,0.587,0.9573,0.8933,0.9836747050285339,0.9896947741508484,0.9854357242584229,0.9832344651222229,0.9816979765892029,0.26225966215133667,0.33339402079582214,0.9837199449539185,/scicore/home/schwede/barta0000/scoring_pipeline/run1/5ifj_abc_cut_B_V38A/boltz_with_template/output/boltz_results_5ifj_abc_cut_B_V38A/predictions/5ifj_abc_cut_B_V38A/5ifj_abc_cut_B_V38A_model_0.cif,0.978458,0.5953,0.9635,0.8836,4.725131193796793,5.090158780415853,4.360103607177734,0.1494841053606068,0.3126648759647986,1.1626233458518982,1.0669101476669312,1.2583365440368652,4.707974433898926,4.874312559763591,4.541636308034261,0.1732288319716895,0.3240338127687958,1.1269074082374573,1.0074260234832764,1.2463887929916382,4.942939758300781,4.847495237986247,5.038384278615316,0.1519934616610097,0.3134845844204095,1.1600050926208496,1.0703333616256714,1.2496768236160278,5.0271068414052325,4.851519425710042,5.202694257100423,0.1172557716431933,0.3157084553353478,1.1529361009597778,1.0471529960632324,1.2587192058563232,5.128891944885254,4.588926792144775,5.668857097625732,0.1599841237282243,0.269545120341713,1.311019480228424,1.3154308795928955,1.3066080808639526
5ifj_abc_cut_B_V38A,False,"A,C",2.7149348932513715,95.22094719651606,17.7,2.18,2.678125,92.3341688964092,0.758807,0.164,0.8344,0.7433,0.9,0.48000000000000004,-10.15,0.0,0.96,,0.146,2.6052582788023,97.45382113821138,30.48,65.91,2.335294117647059,95.72555669148763,0.699495,0.18,0.8679,0.7171,0.92,0.94,145.57,1.0,,0.8664190321641592,0.8615162377255612,,,79.34477,11.9718,0.74486005,,,,,,,0.8957542181015015,/scicore/home/schwede/barta0000/scoring_pipeline/run1/5ifj_abc_cut_B_V38A/chai_no_constraints/seed_1837/pred.model_idx_0.cif,0.9100508093833923,/scicore/home/schwede/barta0000/scoring_pipeline/run1/5ifj_abc_cut_B_V38A/chai_with_constraints/seed_2002/pred.model_idx_4.cif,0.8957542181015015,0.947545051574707,0.8828064799308777,"[[0.9468277096748352, 0.9472519159317017, 0.1035037562251091]]","[[[0.9468277096748352, 0.8879522085189819, 0.05655771121382713], [0.8887821435928345, 0.9472519159317017, 0.03604418784379959], [0.6562910676002502, 0.5907882452011108, 0.1035037562251091]]]",0.05655771121382713,0.476281,0.1788,0.7189,0.5273,0.9100508093833923,0.9539468884468079,0.8990767598152161,"[[0.945318341255188, 0.9495519995689392, 0.17746895551681519]]","[[[0.945318341255188, 0.890434980392456, 0.07238800078630447], [0.8899723291397095, 0.9495519995689392, 0.1298982799053192], [0.7520366907119751, 0.7833796143531799, 0.17746895551681519]]]",0.07238800078630447,0.724554,0.1845,0.8704,0.7237,0.9826201796531677,0.9902586340904236,0.9862698912620544,0.981707751750946,0.9785112738609314,0.2554013431072235,0.28244444727897644,0.9417924880981445,/scicore/home/schwede/barta0000/scoring_pipeline/run1/5ifj_abc_cut_B_V38A/boltz_free/output/boltz_results_5ifj_abc_cut_B_V38A/predictions/5ifj_abc_cut_B_V38A/5ifj_abc_cut_B_V38A_model_0.cif,0.90916,0.2063,0.9416,0.8649,0.9836747050285339,0.9896947741508484,0.9854357242584229,0.9832344651222229,0.9816979765892029,0.26225966215133667,0.33339402079582214,0.9042938947677612,/scicore/home/schwede/barta0000/scoring_pipeline/run1/5ifj_abc_cut_B_V38A/boltz_with_template/output/boltz_results_5ifj_abc_cut_B_V38A/predictions/5ifj_abc_cut_B_V38A/5ifj_abc_cut_B_V38A_model_0.cif,0.831587,0.2632,0.9405,0.8296,3.043745825688044,5.090158780415853,0.9973328709602356,0.1799493031822526,0.2429161388312319,1.4150390028953552,1.0669101476669312,1.7631678581237793,2.9007368286450705,4.874312559763591,0.9271610975265504,0.1957912755115054,0.2571551810131794,1.3580755591392517,1.0074260234832764,1.708725094795227,2.836343626181285,4.847495237986247,0.8251920143763224,0.1863879672137123,0.2680788301706072,1.316474199295044,1.0703333616256714,1.5626150369644165,2.910175363222758,4.851519425710042,0.9688313007354736,0.1679289305073116,0.2112137148811424,1.5548847913742063,1.0471529960632324,2.0626165866851807,3.263487935066223,4.588926792144775,1.938049077987671,0.2601340583552283,0.1472613971260268,1.9155460596084597,1.3154308795928955,2.5156612396240234
5ifj_abc_cut_B_V38A,False,"B,C",2.7149348932513715,95.22094719651606,13.18,1.82,1.83,94.59770677587824,0.758785,0.2171,0.8844,0.7465,0.92,0.48000000000000004,-11.8,0.0,0.96,,0.166,2.6052582788023,97.45382113821138,0.0,0.0,1.691842105263158,96.62105279219777,0.729832,0.2228,0.8845,0.7194,0.92,0.94,145.48,1.0,,0.8616042105428703,0.8552873907012966,,,79.34477,11.9718,0.74486005,,,,,,,0.8957542181015015,/scicore/home/schwede/barta0000/scoring_pipeline/run1/5ifj_abc_cut_B_V38A/chai_no_constraints/seed_1837/pred.model_idx_0.cif,0.9100508093833923,/scicore/home/schwede/barta0000/scoring_pipeline/run1/5ifj_abc_cut_B_V38A/chai_with_constraints/seed_2002/pred.model_idx_4.cif,0.8957542181015015,0.947545051574707,0.8828064799308777,"[[0.9468277096748352, 0.9472519159317017, 0.1035037562251091]]","[[[0.9468277096748352, 0.8879522085189819, 0.05655771121382713], [0.8887821435928345, 0.9472519159317017, 0.03604418784379959], [0.6562910676002502, 0.5907882452011108, 0.1035037562251091]]]",0.03604418784379959,0.411914,0.1456,0.3297,0.4989,0.9100508093833923,0.9539468884468079,0.8990767598152161,"[[0.945318341255188, 0.9495519995689392, 0.17746895551681519]]","[[[0.945318341255188, 0.890434980392456, 0.07238800078630447], [0.8899723291397095, 0.9495519995689392, 0.1298982799053192], [0.7520366907119751, 0.7833796143531799, 0.17746895551681519]]]",0.1298982799053192,0.753559,0.1451,0.9005,0.7418,0.9826201796531677,0.9902586340904236,0.9862698912620544,0.981707751750946,0.9785112738609314,0.2554013431072235,0.28244444727897644,0.9399700164794922,/scicore/home/schwede/barta0000/scoring_pipeline/run1/5ifj_abc_cut_B_V38A/boltz_free/output/boltz_results_5ifj_abc_cut_B_V38A/predictions/5ifj_abc_cut_B_V38A/5ifj_abc_cut_B_V38A_model_0.cif,0.897168,0.2198,0.9407,0.8569,0.9836747050285339,0.9896947741508484,0.9854357242584229,0.9832344651222229,0.9816979765892029,0.26225966215133667,0.33339402079582214,0.9208067059516907,/scicore/home/schwede/barta0000/scoring_pipeline/run1/5ifj_abc_cut_B_V38A/boltz_with_template/output/boltz_results_5ifj_abc_cut_B_V38A/predictions/5ifj_abc_cut_B_V38A/5ifj_abc_cut_B_V38A_model_0.cif,0.848706,0.2098,0.9402,0.8144,2.678718239068985,4.360103607177734,0.9973328709602356,0.2263724512075637,0.2207438717157831,1.5107522010803225,1.2583365440368652,1.7631678581237793,2.734398702780405,4.541636308034261,0.9271610975265504,0.1997544297177664,0.2281944999124611,1.4775569438934326,1.2463887929916382,1.708725094795227,2.931788146495819,5.038384278615316,0.8251920143763224,0.1660597483964678,0.2450860439518339,1.4061459302902222,1.2496768236160278,1.5626150369644165,3.0857627789179483,5.202694257100423,0.9688313007354736,0.1711619113686135,0.1900120293854603,1.660667896270752,1.2587192058563232,2.0626165866851807,3.8034530878067017,5.668857097625732,1.938049077987671,0.2047791862170443,0.1479124609551685,1.911134660243988,1.3066080808639526,2.5156612396240234
5ijk_acx_cut_A_R55A,False,"A,B",3.411107885356688,91.77039624608967,38.4,2.52,2.8296875,91.66820230295218,0.875176,0.4872,0.8355,0.7558,0.93,0.925,-128.96,0.0,0.93,0.9975,0.242,3.339877260044193,95.35385542168675,16511.24,831.35,2.9517241379310346,94.8545163062311,0.836931,0.5312,0.8639,0.7301,0.9,0.93,26341.08,1.0,0.9947,0.8144461445413016,0.8452354773322306,3.472483632741151,79.31133270263672,79.718895,11.56345,0.761672,,,,,,,0.8751603364944458,/scicore/home/schwede/barta0000/scoring_pipeline/run1/5ijk_acx_cut_A_R55A/chai_no_constraints/seed_1696/pred.model_idx_1.cif,0.9045568108558655,/scicore/home/schwede/barta0000/scoring_pipeline/run1/5ijk_acx_cut_A_R55A/chai_with_constraints/seed_1848/pred.model_idx_4.cif,0.8751603364944458,0.9350325465202332,0.8601922392845154,"[[0.9349604845046997, 0.9504574537277222, 0.09446211159229279]]","[[[0.9349604845046997, 0.8808215260505676, 0.010871273465454578], [0.8685306906700134, 0.9504574537277222, 0.014484708197414875], [0.23683111369609833, 0.2525396943092346, 0.09446211159229279]]]",0.8808215260505676,0.881498,0.4349,0.7811,0.7264,0.9045568108558655,0.9525070190429688,0.8925692439079285,"[[0.9458076357841492, 0.9529669284820557, 0.1362350583076477]]","[[[0.9458076357841492, 0.891848087310791, 0.03838079795241356], [0.8875477313995361, 0.9529669284820557, 0.06470467150211334], [0.6058357954025269, 0.6031849384307861, 0.1362350583076477]]]",0.891848087310791,0.896959,0.484,0.857,0.7378,0.9744084477424622,0.987605094909668,0.9826029539108276,0.9723597764968872,0.9660120606422424,0.2636556327342987,0.3415999114513397,0.9826462864875793,/scicore/home/schwede/barta0000/scoring_pipeline/run1/5ijk_acx_cut_A_R55A/boltz_free/output/boltz_results_5ijk_acx_cut_A_R55A/predictions/5ijk_acx_cut_A_R55A/5ijk_acx_cut_A_R55A_model_0.cif,0.97529,0.5468,0.9626,0.8741,0.973423182964325,0.9857747554779053,0.9801880121231079,0.9717320203781128,0.9647549986839294,0.2675584852695465,0.36275383830070496,0.9804492592811584,/scicore/home/schwede/barta0000/scoring_pipeline/run1/5ijk_acx_cut_A_R55A/boltz_with_template/output/boltz_results_5ijk_acx_cut_A_R55A/predictions/5ijk_acx_cut_A_R55A/5ijk_acx_cut_A_R55A_model_0.cif,0.972032,0.5467,0.962,0.8654,5.119907220204672,5.318907896677653,4.9209065437316895,0.1308174449913796,0.3316146027842804,1.103781819343567,1.108330488204956,1.0992331504821775,5.045271873474121,5.148332913716634,4.942210833231608,0.1193826228609349,0.3453441903745293,1.0632137060165403,1.0826328992843628,1.0437945127487185,5.245728492736816,5.456782499949138,5.034674485524495,0.1068117025357854,0.3706117934857373,0.99260014295578,0.984970211982727,1.000230073928833,5.395403464635214,5.414009094238281,5.3767978350321455,0.1708512746169628,0.3569328414909184,1.030207633972168,1.0422594547271729,1.018155813217163,5.240334908167521,5.208117802937825,5.272552013397217,0.146622680229344,0.3232693824696813,1.129269301891327,1.1810109615325928,1.077527642250061
5ijk_acx_cut_A_R55A,False,"A,C",3.411107885356688,91.77039624608967,89.87,13.89,5.045833333333333,61.38053790308525,0.022692,0.0381,0.0544,0.2499,0.41,0.465,32.94,0.0,0.93,,0.271,3.339877260044193,95.35385542168675,0.0,0.0,4.2318750000000005,75.4477776421441,0.163404,0.0513,0.1548,0.3457,0.9,0.93,6476.96,1.0,,0.2668481399696933,0.8389676645040512,,,79.718895,11.56345,0.761672,,,,,,,0.8751603364944458,/scicore/home/schwede/barta0000/scoring_pipeline/run1/5ijk_acx_cut_A_R55A/chai_no_constraints/seed_1696/pred.model_idx_1.cif,0.9045568108558655,/scicore/home/schwede/barta0000/scoring_pipeline/run1/5ijk_acx_cut_A_R55A/chai_with_constraints/seed_1848/pred.model_idx_4.cif,0.8751603364944458,0.9350325465202332,0.8601922392845154,"[[0.9349604845046997, 0.9504574537277222, 0.09446211159229279]]","[[[0.9349604845046997, 0.8808215260505676, 0.010871273465454578], [0.8685306906700134, 0.9504574537277222, 0.014484708197414875], [0.23683111369609833, 0.2525396943092346, 0.09446211159229279]]]",0.010871273465454578,0.055985,0.0214,0.0343,0.2512,0.9045568108558655,0.9525070190429688,0.8925692439079285,"[[0.9458076357841492, 0.9529669284820557, 0.1362350583076477]]","[[[0.9458076357841492, 0.891848087310791, 0.03838079795241356], [0.8875477313995361, 0.9529669284820557, 0.06470467150211334], [0.6058357954025269, 0.6031849384307861, 0.1362350583076477]]]",0.03838079795241356,0.492793,0.0248,0.4711,0.5834,0.9744084477424622,0.987605094909668,0.9826029539108276,0.9723597764968872,0.9660120606422424,0.2636556327342987,0.3415999114513397,0.9005963802337646,/scicore/home/schwede/barta0000/scoring_pipeline/run1/5ijk_acx_cut_A_R55A/boltz_free/output/boltz_results_5ijk_acx_cut_A_R55A/predictions/5ijk_acx_cut_A_R55A/5ijk_acx_cut_A_R55A_model_0.cif,0.810918,0.0527,0.7855,0.7657,0.973423182964325,0.9857747554779053,0.9801880121231079,0.9717320203781128,0.9647549986839294,0.2675584852695465,0.36275383830070496,0.8853599429130554,/scicore/home/schwede/barta0000/scoring_pipeline/run1/5ijk_acx_cut_A_R55A/boltz_with_template/output/boltz_results_5ijk_acx_cut_A_R55A/predictions/5ijk_acx_cut_A_R55A/5ijk_acx_cut_A_R55A_model_0.cif,0.774846,0.0465,0.7744,0.746,2.931582192579905,5.318907896677653,0.5442564884821574,0.1870120361104597,0.2407558448299742,1.423971951007843,1.108330488204956,1.73961341381073,2.97368877629439,5.148332913716634,0.7990446388721466,0.2221601176055622,0.2481511828821732,1.393717110157013,1.0826328992843628,1.704801321029663,2.914855988075336,5.456782499949138,0.3729294762015342,0.1590936299068251,0.2315282999631183,1.4630531668663025,0.984970211982727,1.941136121749878,3.110535010695457,5.414009094238281,0.8070609271526337,0.2443708936924391,0.2204281368880901,1.5121835470199585,1.0422594547271729,1.982107639312744,3.333351492881775,5.208117802937825,1.4585851828257244,0.2675930544143597,0.1461187093586605,1.9233359098434448,1.1810109615325928,2.665660858154297
5ijk_acx_cut_A_R55A,False,"B,C",3.411107885356688,91.77039624608967,26.18,4.46,1.4944444444444445,67.20746403566172,0.025793,0.0305,0.115,0.2636,0.43,0.47000000000000003,13.41,0.0,0.93,,0.279,3.339877260044193,95.35385542168675,0.0,0.0,1.4835714285714288,81.96124839782715,0.162081,0.0348,0.3654,0.3652,0.9,0.93,6476.95,1.0,,0.551659311097507,0.8437930324702582,,,79.718895,11.56345,0.761672,,,,,,,0.8751603364944458,/scicore/home/schwede/barta0000/scoring_pipeline/run1/5ijk_acx_cut_A_R55A/chai_no_constraints/seed_1696/pred.model_idx_1.cif,0.9045568108558655,/scicore/home/schwede/barta0000/scoring_pipeline/run1/5ijk_acx_cut_A_R55A/chai_with_constraints/seed_1848/pred.model_idx_4.cif,0.8751603364944458,0.9350325465202332,0.8601922392845154,"[[0.9349604845046997, 0.9504574537277222, 0.09446211159229279]]","[[[0.9349604845046997, 0.8808215260505676, 0.010871273465454578], [0.8685306906700134, 0.9504574537277222, 0.014484708197414875], [0.23683111369609833, 0.2525396943092346, 0.09446211159229279]]]",0.014484708197414875,0.062077,0.046,0.1028,0.298,0.9045568108558655,0.9525070190429688,0.8925692439079285,"[[0.9458076357841492, 0.9529669284820557, 0.1362350583076477]]","[[[0.9458076357841492, 0.891848087310791, 0.03838079795241356], [0.8875477313995361, 0.9529669284820557, 0.06470467150211334], [0.6058357954025269, 0.6031849384307861, 0.1362350583076477]]]",0.06470467150211334,0.477716,0.0911,0.5673,0.6064,0.9744084477424622,0.987605094909668,0.9826029539108276,0.9723597764968872,0.9660120606422424,0.2636556327342987,0.3415999114513397,0.9018067121505737,/scicore/home/schwede/barta0000/scoring_pipeline/run1/5ijk_acx_cut_A_R55A/boltz_free/output/boltz_results_5ijk_acx_cut_A_R55A/predictions/5ijk_acx_cut_A_R55A/5ijk_acx_cut_A_R55A_model_0.cif,0.797902,0.1504,0.8583,0.7862,0.973423182964325,0.9857747554779053,0.9801880121231079,0.9717320203781128,0.9647549986839294,0.2675584852695465,0.36275383830070496,0.8851982951164246,/scicore/home/schwede/barta0000/scoring_pipeline/run1/5ijk_acx_cut_A_R55A/boltz_with_template/output/boltz_results_5ijk_acx_cut_A_R55A/predictions/5ijk_acx_cut_A_R55A/5ijk_acx_cut_A_R55A_model_0.cif,0.757109,0.1251,0.8402,0.7721,2.732581516106924,4.9209065437316895,0.5442564884821574,0.1454251612528471,0.2418534578912239,1.419423282146454,1.0992331504821775,1.73961341381073,2.870627736051877,4.942210833231608,0.7990446388721466,0.2092145785587135,0.2530171725442254,1.374297916889191,1.0437945127487185,1.704801321029663,2.7038019808630147,5.034674485524495,0.3729294762015342,0.1291213976561095,0.2297684772165878,1.4706830978393557,1.000230073928833,1.941136121749878,3.0919293810923896,5.3767978350321455,0.8070609271526337,0.2305614070854376,0.2231007699816059,1.5001317262649536,1.018155813217163,1.982107639312744,3.3655685981114707,5.272552013397217,1.4585851828257244,0.29851609464296,0.1538781458950257,1.871594250202179,1.077527642250061,2.665660858154297
5ijk_acx_cut_B_Y107A,False,"A,B",3.1631199496782307,93.55384976525822,13.27,0.83,1.6863636363636363,95.67766626320704,0.895508,0.5441,0.9227,0.7767,0.94,0.93,-103.45,0.0,0.93,0.9978,0.162,2.834351542717053,96.92506024096384,151.17,9.54,1.5677419354838715,98.27500127156576,0.86362,0.5725,0.9371,0.7682,0.91,0.94,60.77,1.0,0.9965,0.8936343249348566,0.9433086726969757,3.687752244869868,77.32595825195312,79.72325,11.503156,0.7641337,,,,,,,0.8945642113685608,/scicore/home/schwede/barta0000/scoring_pipeline/run1/5ijk_acx_cut_B_Y107A/chai_no_constraints/seed_1211/pred.model_idx_2.cif,0.9044385552406311,/scicore/home/schwede/barta0000/scoring_pipeline/run1/5ijk_acx_cut_B_Y107A/chai_with_constraints/seed_1115/pred.model_idx_2.cif,0.8945642113685608,0.9463183879852295,0.8816256523132324,"[[0.9415576457977295, 0.9507483839988708, 0.10159186273813248]]","[[[0.9415576457977295, 0.892025351524353, 0.02098066732287407], [0.8824976682662964, 0.9507483839988708, 0.0319918692111969], [0.42500635981559753, 0.44199931621551514, 0.10159186273813248]]]",0.892025351524353,0.896928,0.4974,0.8448,0.7358,0.9044385552406311,0.9524511098861694,0.8924353718757629,"[[0.9454445838928223, 0.9516614079475403, 0.13701368868350983]]","[[[0.9454445838928223, 0.8913754820823669, 0.03884868696331978], [0.8850865364074707, 0.9516614079475403, 0.06536825001239777], [0.6059755086898804, 0.6038778424263, 0.13701368868350983]]]",0.8913754820823669,0.896232,0.4771,0.8461,0.7367,0.9782114028930664,0.9897363781929016,0.9854767322540283,0.9763950705528259,0.9689451456069946,0.25652381777763367,0.28824320435523987,0.9853677749633789,/scicore/home/schwede/barta0000/scoring_pipeline/run1/5ijk_acx_cut_B_Y107A/boltz_free/output/boltz_results_5ijk_acx_cut_B_Y107A/predictions/5ijk_acx_cut_B_Y107A/5ijk_acx_cut_B_Y107A_model_0.cif,0.978911,0.5843,0.9678,0.8884,0.9804556965827942,0.988467276096344,0.9837485551834106,0.9796324968338013,0.975231945514679,0.25852030515670776,0.29610100388526917,0.9835851788520813,/scicore/home/schwede/barta0000/scoring_pipeline/run1/5ijk_acx_cut_B_Y107A/boltz_with_template/output/boltz_results_5ijk_acx_cut_B_Y107A/predictions/5ijk_acx_cut_B_Y107A/5ijk_acx_cut_B_Y107A_model_0.cif,0.976422,0.5867,0.9717,0.8807,5.247597297032675,5.564703464508057,4.930491129557292,0.1446558432724275,0.3454541064677511,1.0628954768180847,1.0730026960372925,1.052788257598877,5.234354972839356,5.470397313435872,4.998312632242839,0.1453426417699895,0.3620222217125901,1.0160496830940249,1.072460412979126,0.9596389532089232,5.538341760635376,5.488447030385335,5.588236490885417,0.1947253913844671,0.3540421036507626,1.0383394360542295,1.0952675342559814,0.981411337852478,5.34436551729838,5.568923473358154,5.119807561238607,0.1615560187877304,0.3386546775388487,1.0827743411064148,1.1221178770065308,1.0434308052062988,5.198648452758789,5.370885690053304,5.026411215464274,0.1272318255529214,0.3219175358611734,1.1334598660469055,1.1174181699752808,1.1495015621185305
5ijk_acx_cut_B_Y107A,False,"A,C",3.1631199496782307,93.55384976525822,31.67,6.26,2.9625000000000004,69.79863848459154,0.02625,0.0369,0.0899,0.2791,0.42,0.47000000000000003,37.11,0.0,0.93,,0.271,2.834351542717053,96.92506024096384,49.95,10.71,2.3449999999999998,85.34499994913737,0.211806,0.0494,0.2948,0.3795,0.91,0.94,17.11,1.0,,0.2921759298071086,0.8740108136701646,,,79.72325,11.503156,0.7641337,,,,,,,0.8945642113685608,/scicore/home/schwede/barta0000/scoring_pipeline/run1/5ijk_acx_cut_B_Y107A/chai_no_constraints/seed_1211/pred.model_idx_2.cif,0.9044385552406311,/scicore/home/schwede/barta0000/scoring_pipeline/run1/5ijk_acx_cut_B_Y107A/chai_with_constraints/seed_1115/pred.model_idx_2.cif,0.8945642113685608,0.9463183879852295,0.8816256523132324,"[[0.9415576457977295, 0.9507483839988708, 0.10159186273813248]]","[[[0.9415576457977295, 0.892025351524353, 0.02098066732287407], [0.8824976682662964, 0.9507483839988708, 0.0319918692111969], [0.42500635981559753, 0.44199931621551514, 0.10159186273813248]]]",0.02098066732287407,0.218259,0.0244,0.1532,0.4037,0.9044385552406311,0.9524511098861694,0.8924353718757629,"[[0.9454445838928223, 0.9516614079475403, 0.13701368868350983]]","[[[0.9454445838928223, 0.8913754820823669, 0.03884868696331978], [0.8850865364074707, 0.9516614079475403, 0.06536825001239777], [0.6059755086898804, 0.6038778424263, 0.13701368868350983]]]",0.03884868696331978,0.492384,0.0249,0.4802,0.5859,0.9782114028930664,0.9897363781929016,0.9854767322540283,0.9763950705528259,0.9689451456069946,0.25652381777763367,0.28824320435523987,0.9412339329719543,/scicore/home/schwede/barta0000/scoring_pipeline/run1/5ijk_acx_cut_B_Y107A/boltz_free/output/boltz_results_5ijk_acx_cut_B_Y107A/predictions/5ijk_acx_cut_B_Y107A/5ijk_acx_cut_B_Y107A_model_0.cif,0.907092,0.0429,0.8421,0.8151,0.9804556965827942,0.988467276096344,0.9837485551834106,0.9796324968338013,0.975231945514679,0.25852030515670776,0.29610100388526917,0.9335054159164429,/scicore/home/schwede/barta0000/scoring_pipeline/run1/5ijk_acx_cut_B_Y107A/boltz_with_template/output/boltz_results_5ijk_acx_cut_B_Y107A/predictions/5ijk_acx_cut_B_Y107A/5ijk_acx_cut_B_Y107A_model_0.cif,0.891608,0.06,0.8928,0.8028,3.105681131283442,5.564703464508057,0.6466587980588278,0.186197249462588,0.2399894481457231,1.4271603226661682,1.0730026960372925,1.781317949295044,3.161110505461693,5.470397313435872,0.8518236974875132,0.2183280857951974,0.2680026223983663,1.3167585134506226,1.072460412979126,1.5610566139221191,3.0035574982563653,5.488447030385335,0.5186679661273956,0.1849574999928452,0.2181348612251427,1.5226417779922483,1.0952675342559814,1.950016021728516,3.0244252855579057,5.568923473358154,0.4799270977576573,0.1786005879663338,0.2015470486396444,1.6017324328422546,1.1221178770065308,2.0813469886779785,3.3309332331021624,5.370885690053304,1.2909807761510212,0.2237697744868414,0.1472692180534698,1.9154929518699648,1.1174181699752808,2.7135677337646484
5ijk_acx_cut_B_Y107A,False,"B,C",3.1631199496782307,93.55384976525822,51.37,8.47,1.4666666666666668,76.01208363985316,0.02631,0.0444,0.1663,0.2681,0.41,0.47000000000000003,44.13,0.0,0.93,,0.326,2.834351542717053,96.92506024096384,89.38,11.63,1.5307142857142857,85.8489990234375,0.20901,0.0377,0.4413,0.3984,0.91,0.94,33.73,1.0,,0.45675350328121395,0.8843430626205475,,,79.72325,11.503156,0.7641337,,,,,,,0.8945642113685608,/scicore/home/schwede/barta0000/scoring_pipeline/run1/5ijk_acx_cut_B_Y107A/chai_no_constraints/seed_1211/pred.model_idx_2.cif,0.9044385552406311,/scicore/home/schwede/barta0000/scoring_pipeline/run1/5ijk_acx_cut_B_Y107A/chai_with_constraints/seed_1115/pred.model_idx_2.cif,0.8945642113685608,0.9463183879852295,0.8816256523132324,"[[0.9415576457977295, 0.9507483839988708, 0.10159186273813248]]","[[[0.9415576457977295, 0.892025351524353, 0.02098066732287407], [0.8824976682662964, 0.9507483839988708, 0.0319918692111969], [0.42500635981559753, 0.44199931621551514, 0.10159186273813248]]]",0.0319918692111969,0.228816,0.0574,0.284,0.4428,0.9044385552406311,0.9524511098861694,0.8924353718757629,"[[0.9454445838928223, 0.9516614079475403, 0.13701368868350983]]","[[[0.9454445838928223, 0.8913754820823669, 0.03884868696331978], [0.8850865364074707, 0.9516614079475403, 0.06536825001239777], [0.6059755086898804, 0.6038778424263, 0.13701368868350983]]]",0.06536825001239777,0.478152,0.0912,0.5671,0.6049,0.9782114028930664,0.9897363781929016,0.9854767322540283,0.9763950705528259,0.9689451456069946,0.25652381777763367,0.28824320435523987,0.9409133195877075,/scicore/home/schwede/barta0000/scoring_pipeline/run1/5ijk_acx_cut_B_Y107A/boltz_free/output/boltz_results_5ijk_acx_cut_B_Y107A/predictions/5ijk_acx_cut_B_Y107A/5ijk_acx_cut_B_Y107A_model_0.cif,0.898218,0.1351,0.8495,0.8285,0.9804556965827942,0.988467276096344,0.9837485551834106,0.9796324968338013,0.975231945514679,0.25852030515670776,0.29610100388526917,0.9342876076698303,/scicore/home/schwede/barta0000/scoring_pipeline/run1/5ijk_acx_cut_B_Y107A/boltz_with_template/output/boltz_results_5ijk_acx_cut_B_Y107A/predictions/5ijk_acx_cut_B_Y107A/5ijk_acx_cut_B_Y107A_model_0.cif,0.883709,0.1262,0.8909,0.8218,2.78857496380806,4.930491129557292,0.6466587980588278,0.1698999868071064,0.2424273736783273,1.4170531034469604,1.052788257598877,1.781317949295044,2.925068164865176,4.998312632242839,0.8518236974875132,0.2070767197101034,0.283555393443532,1.2603477835655212,0.9596389532089232,1.5610566139221191,3.0534522285064063,5.588236490885417,0.5186679661273956,0.2109909630039113,0.2309131346192855,1.4657136797904968,0.981411337852478,1.950016021728516,2.799867329498132,5.119807561238607,0.4799270977576573,0.1932654770914407,0.2096346769109306,1.562388896942139,1.0434308052062988,2.0813469886779785,3.158695995807648,5.026411215464274,1.2909807761510212,0.2841067763071503,0.1449256179346701,1.9315346479415891,1.1495015621185305,2.7135677337646484
5ijk_acx_cut_B_W56A,False,"A,B",2.3825502814470734,96.6786631853786,13.89,0.91,1.3919354838709677,97.92595376342899,0.908576,0.5401,0.9558,0.8,0.95,0.935,-112.85,0.0,0.96,0.462,0.199,2.468081482556733,97.97807228915663,73.32,4.93,1.3993548387096773,98.67033487955729,0.879822,0.5582,0.952,0.7895,0.93,0.95,48.78,1.0,0.9979,0.9347380736144904,0.9447562777535311,3.480495337782235,77.77523803710938,79.48419,11.563391,0.76299715,,,,,,,0.9018335938453674,/scicore/home/schwede/barta0000/scoring_pipeline/run1/5ijk_acx_cut_B_W56A/chai_no_constraints/seed_1320/pred.model_idx_3.cif,0.9043627977371216,/scicore/home/schwede/barta0000/scoring_pipeline/run1/5ijk_acx_cut_B_W56A/chai_with_constraints/seed_2021/pred.model_idx_4.cif,0.9018335938453674,0.9527294635772705,0.8891096115112305,"[[0.9516229033470154, 0.9518455266952515, 0.11901231110095978]]","[[[0.9516229033470154, 0.8881137371063232, 0.029572119936347008], [0.8907985687255859, 0.9518455266952515, 0.04903698340058327], [0.5136300325393677, 0.5190160274505615, 0.11901231110095978]]]",0.8881137371063232,0.89186,0.4936,0.8761,0.7402,0.9043627977371216,0.952857255935669,0.8922392129898071,"[[0.9466335773468018, 0.9514474272727966, 0.1358257383108139]]","[[[0.9466335773468018, 0.8913890719413757, 0.0386103130877018], [0.8850834965705872, 0.9514474272727966, 0.06368958204984665], [0.6092575192451477, 0.6069456338882446, 0.1358257383108139]]]",0.8913890719413757,0.896293,0.4959,0.8465,0.7378,0.9763798117637634,0.9893583059310913,0.9851069450378418,0.9741979241371155,0.9665659070014954,0.2561832666397095,0.28102150559425354,0.9851527810096741,/scicore/home/schwede/barta0000/scoring_pipeline/run1/5ijk_acx_cut_B_W56A/boltz_free/output/boltz_results_5ijk_acx_cut_B_W56A/predictions/5ijk_acx_cut_B_W56A/5ijk_acx_cut_B_W56A_model_0.cif,0.978562,0.5533,0.9651,0.8852,0.979604184627533,0.989648699760437,0.9851880669593811,0.9782081842422485,0.9737287163734436,0.2560265064239502,0.27962952852249146,0.984907865524292,/scicore/home/schwede/barta0000/scoring_pipeline/run1/5ijk_acx_cut_B_W56A/boltz_with_template/output/boltz_results_5ijk_acx_cut_B_W56A/predictions/5ijk_acx_cut_B_W56A/5ijk_acx_cut_B_W56A_model_0.cif,0.978283,0.5455,0.9703,0.8857,5.35128410657247,5.64686918258667,5.0556990305582685,0.1408530928846394,0.3567517107980549,1.0307152271270752,1.040487289428711,1.0209431648254397,5.290737628936768,5.596010049184163,4.985465208689372,0.1193786435546246,0.3586009956133232,1.0255449414253237,1.0653033256530762,0.9857865571975708,5.4382688999176025,5.540607293446858,5.335930506388347,0.1644449145775584,0.3679951479221947,0.999685525894165,1.0583041906356812,0.9410668611526488,5.345914284388225,5.355840841929118,5.335987726847331,0.1329635089405147,0.3661143733934167,1.0048094987869265,1.0365523099899292,0.9730666875839232,5.23797901471456,5.437585353851318,5.0383726755778,0.1046769440120113,0.3249631768550552,1.1240434050559998,1.1414635181427002,1.106623291969299
5ijk_acx_cut_B_W56A,False,"A,C",2.3825502814470734,96.6786631853786,-3.74,-0.77,1.8444444444444446,96.66319938700951,0.62906,0.0446,0.8192,0.6466,0.85,0.485,1.88,0.0,0.96,,0.157,2.468081482556733,97.97807228915663,4.89,1.09,1.7286363636363637,95.20833333333333,0.784809,0.0451,0.8546,0.7071,0.93,0.95,17.27,1.0,,0.9007953904236123,0.8417063759302443,,,79.48419,11.563391,0.76299715,,,,,,,0.9018335938453674,/scicore/home/schwede/barta0000/scoring_pipeline/run1/5ijk_acx_cut_B_W56A/chai_no_constraints/seed_1320/pred.model_idx_3.cif,0.9043627977371216,/scicore/home/schwede/barta0000/scoring_pipeline/run1/5ijk_acx_cut_B_W56A/chai_with_constraints/seed_2021/pred.model_idx_4.cif,0.9018335938453674,0.9527294635772705,0.8891096115112305,"[[0.9516229033470154, 0.9518455266952515, 0.11901231110095978]]","[[[0.9516229033470154, 0.8881137371063232, 0.029572119936347008], [0.8907985687255859, 0.9518455266952515, 0.04903698340058327], [0.5136300325393677, 0.5190160274505615, 0.11901231110095978]]]",0.029572119936347008,0.330359,0.0404,0.3603,0.5051,0.9043627977371216,0.952857255935669,0.8922392129898071,"[[0.9466335773468018, 0.9514474272727966, 0.1358257383108139]]","[[[0.9466335773468018, 0.8913890719413757, 0.0386103130877018], [0.8850834965705872, 0.9514474272727966, 0.06368958204984665], [0.6092575192451477, 0.6069456338882446, 0.1358257383108139]]]",0.0386103130877018,0.496117,0.0293,0.4312,0.5803,0.9763798117637634,0.9893583059310913,0.9851069450378418,0.9741979241371155,0.9665659070014954,0.2561832666397095,0.28102150559425354,0.9452354311943054,/scicore/home/schwede/barta0000/scoring_pipeline/run1/5ijk_acx_cut_B_W56A/boltz_free/output/boltz_results_5ijk_acx_cut_B_W56A/predictions/5ijk_acx_cut_B_W56A/5ijk_acx_cut_B_W56A_model_0.cif,0.91521,0.0484,0.838,0.8241,0.979604184627533,0.989648699760437,0.9851880669593811,0.9782081842422485,0.9737287163734436,0.2560265064239502,0.27962952852249146,0.9466083645820618,/scicore/home/schwede/barta0000/scoring_pipeline/run1/5ijk_acx_cut_B_W56A/boltz_with_template/output/boltz_results_5ijk_acx_cut_B_W56A/predictions/5ijk_acx_cut_B_W56A/5ijk_acx_cut_B_W56A_model_0.cif,0.917603,0.0596,0.8919,0.8226,3.3341410557428994,5.64686918258667,1.0214129288991292,0.2551633355101572,0.2655230197698556,1.3260537385940552,1.040487289428711,1.6116201877593994,3.2740354537963867,5.596010049184163,0.95206085840861,0.2277321831561379,0.252669116496036,1.3756744861602783,1.0653033256530762,1.6860456466674805,3.097602119048436,5.540607293446858,0.6545969446500143,0.2134949736092047,0.2283017861763387,1.477086901664734,1.0583041906356812,1.8958696126937864,2.6206239697833857,5.355840841929118,-0.1145929023623466,0.0766611049422167,0.2526353386066917,1.3758081793785095,1.0365523099899292,1.7150640487670898,3.296139657497406,5.437585353851318,1.1546939611434937,0.2182595373721017,0.1526466701675081,1.879629373550415,1.1414635181427002,2.61779522895813
5ijk_acx_cut_B_W56A,False,"B,C",2.3825502814470734,96.6786631853786,17.72,2.47,1.5583333333333333,94.46020663325699,0.584881,0.127,0.8342,0.6448,0.86,0.48000000000000004,6.02,0.0,0.96,,0.169,2.468081482556733,97.97807228915663,73.73,9.58,1.59,95.74416796366374,0.783396,0.1322,0.8366,0.7026,0.93,0.95,39.17,1.0,,0.857397557346883,0.8514617730205443,,,79.48419,11.563391,0.76299715,,,,,,,0.9018335938453674,/scicore/home/schwede/barta0000/scoring_pipeline/run1/5ijk_acx_cut_B_W56A/chai_no_constraints/seed_1320/pred.model_idx_3.cif,0.9043627977371216,/scicore/home/schwede/barta0000/scoring_pipeline/run1/5ijk_acx_cut_B_W56A/chai_with_constraints/seed_2021/pred.model_idx_4.cif,0.9018335938453674,0.9527294635772705,0.8891096115112305,"[[0.9516229033470154, 0.9518455266952515, 0.11901231110095978]]","[[[0.9516229033470154, 0.8881137371063232, 0.029572119936347008], [0.8907985687255859, 0.9518455266952515, 0.04903698340058327], [0.5136300325393677, 0.5190160274505615, 0.11901231110095978]]]",0.04903698340058327,0.322862,0.1239,0.5314,0.5216,0.9043627977371216,0.952857255935669,0.8922392129898071,"[[0.9466335773468018, 0.9514474272727966, 0.1358257383108139]]","[[[0.9466335773468018, 0.8913890719413757, 0.0386103130877018], [0.8850834965705872, 0.9514474272727966, 0.06368958204984665], [0.6092575192451477, 0.6069456338882446, 0.1358257383108139]]]",0.06368958204984665,0.482102,0.0959,0.5527,0.6062,0.9763798117637634,0.9893583059310913,0.9851069450378418,0.9741979241371155,0.9665659070014954,0.2561832666397095,0.28102150559425354,0.9446343183517456,/scicore/home/schwede/barta0000/scoring_pipeline/run1/5ijk_acx_cut_B_W56A/boltz_free/output/boltz_results_5ijk_acx_cut_B_W56A/predictions/5ijk_acx_cut_B_W56A/5ijk_acx_cut_B_W56A_model_0.cif,0.907311,0.1264,0.8557,0.8391,0.979604184627533,0.989648699760437,0.9851880669593811,0.9782081842422485,0.9737287163734436,0.2560265064239502,0.27962952852249146,0.9466009140014648,/scicore/home/schwede/barta0000/scoring_pipeline/run1/5ijk_acx_cut_B_W56A/boltz_with_template/output/boltz_results_5ijk_acx_cut_B_W56A/predictions/5ijk_acx_cut_B_W56A/5ijk_acx_cut_B_W56A_model_0.cif,0.910988,0.1634,0.9015,0.8378,3.0385559797286987,5.0556990305582685,1.0214129288991292,0.2131659915408409,0.2681304464804358,1.3162816762924194,1.0209431648254397,1.6116201877593994,2.968763033548991,4.985465208689372,0.95206085840861,0.1690865400516193,0.262917206136016,1.3359161019325256,0.9857865571975708,1.6860456466674805,2.9952637255191803,5.335930506388347,0.6545969446500143,0.2014139116703892,0.2420845492146732,1.4184682369232178,0.9410668611526488,1.8958696126937864,2.610697412242492,5.335987726847331,-0.1145929023623466,0.0731850916777597,0.2607833303934378,1.3440653681755066,0.9730666875839232,1.7150640487670898,3.0965333183606467,5.0383726755778,1.1546939611434937,0.2429193206339027,0.1553290886067889,1.8622092604637144,1.106623291969299,2.61779522895813
5ijk_acx_cut_B_Y108A,False,"A,B",3.341984806696666,91.6418257694314,42.87,2.66,2.663235294117647,91.9106656408565,0.883119,0.5247,0.8635,0.7601,0.93,0.925,-100.44,0.0,0.93,0.9963,0.207,3.2369126304414446,95.69875502008033,74.95,5.0,2.9271874999999996,95.77187633514404,0.843627,0.5494,0.9038,0.7415,0.91,0.93,33.72,1.0,0.996,0.9469596722347426,0.8814017937066696,4.0232076254384275,77.0909652709961,79.700134,11.491639,0.76238704,,,,,,,0.8779662847518921,/scicore/home/schwede/barta0000/scoring_pipeline/run1/5ijk_acx_cut_B_Y108A/chai_no_constraints/seed_1075/pred.model_idx_1.cif,0.9038136005401611,/scicore/home/schwede/barta0000/scoring_pipeline/run1/5ijk_acx_cut_B_Y108A/chai_with_constraints/seed_1699/pred.model_idx_1.cif,0.8779662847518921,0.9355632662773132,0.863567054271698,"[[0.9349137544631958, 0.950394332408905, 0.09301353245973587]]","[[[0.9349137544631958, 0.8863245248794556, 0.01077058631926775], [0.8705005049705505, 0.950394332408905, 0.011935216374695301], [0.2086193561553955, 0.2038118839263916, 0.09301353245973587]]]",0.8863245248794556,0.889689,0.443,0.7748,0.7278,0.9038136005401611,0.9522666931152344,0.891700267791748,"[[0.945480465888977, 0.9518694877624512, 0.13621874153614044]]","[[[0.945480465888977, 0.8908371925354004, 0.038065578788518906], [0.8871035575866699, 0.9518694877624512, 0.06426478922367096], [0.6018069982528687, 0.6012735962867737, 0.13621874153614044]]]",0.8908371925354004,0.895813,0.4831,0.8455,0.7376,0.9780659675598145,0.987413763999939,0.982272207736969,0.977014422416687,0.9714811444282532,0.25862547755241394,0.29365968704223633,0.9821550846099854,/scicore/home/schwede/barta0000/scoring_pipeline/run1/5ijk_acx_cut_B_Y108A/boltz_free/output/boltz_results_5ijk_acx_cut_B_Y108A/predictions/5ijk_acx_cut_B_Y108A/5ijk_acx_cut_B_Y108A_model_0.cif,0.974195,0.5448,0.9688,0.873,0.9797651171684265,0.9889808893203735,0.9844498634338379,0.9785939455032349,0.9743019938468933,0.2567090392112732,0.28647783398628235,0.9843015074729919,/scicore/home/schwede/barta0000/scoring_pipeline/run1/5ijk_acx_cut_B_Y108A/boltz_with_template/output/boltz_results_5ijk_acx_cut_B_Y108A/predictions/5ijk_acx_cut_B_Y108A/5ijk_acx_cut_B_Y108A_model_0.cif,0.977382,0.5522,0.9717,0.8838,5.270419756571451,5.542996406555176,4.997843106587728,0.1217930031143822,0.3401818452807769,1.0782749652862549,1.0664469003677368,1.090103030204773,5.313335577646891,5.61179780960083,5.014873345692952,0.1524163075131833,0.3418631707542396,1.0733447074890137,1.098926067352295,1.0477633476257324,5.392968575159708,5.462416172027588,5.323520978291829,0.1412002489310361,0.3470303244635518,1.0583431124687197,1.0822855234146118,1.0344007015228271,5.4766074021657305,5.757153352101644,5.196061452229817,0.1736581828304619,0.3620154893749408,1.0160682797431946,1.0478639602661133,0.984272599220276,5.292406241099039,5.420324643452962,5.164487838745117,0.1291692986060608,0.3331859768841431,1.0990544557571411,1.1146680116653442,1.083440899848938
5ijk_acx_cut_B_Y108A,False,"A,C",3.341984806696666,91.6418257694314,49.35,8.23,6.133333333333334,60.55282055411675,0.024334,0.0275,0.0392,0.2424,0.43,0.465,15.92,0.0,0.93,,0.242,3.2369126304414446,95.69875502008033,17.63,4.04,5.37625,81.09299850463867,0.235005,0.0384,0.1381,0.3981,0.91,0.93,31.67,1.0,,0.27216353367314045,0.8482896539943027,,,79.700134,11.491639,0.76238704,,,,,,,0.8779662847518921,/scicore/home/schwede/barta0000/scoring_pipeline/run1/5ijk_acx_cut_B_Y108A/chai_no_constraints/seed_1075/pred.model_idx_1.cif,0.9038136005401611,/scicore/home/schwede/barta0000/scoring_pipeline/run1/5ijk_acx_cut_B_Y108A/chai_with_constraints/seed_1699/pred.model_idx_1.cif,0.8779662847518921,0.9355632662773132,0.863567054271698,"[[0.9349137544631958, 0.950394332408905, 0.09301353245973587]]","[[[0.9349137544631958, 0.8863245248794556, 0.01077058631926775], [0.8705005049705505, 0.950394332408905, 0.011935216374695301], [0.2086193561553955, 0.2038118839263916, 0.09301353245973587]]]",0.01077058631926775,0.034836,0.0295,0.0321,0.2383,0.9038136005401611,0.9522666931152344,0.891700267791748,"[[0.945480465888977, 0.9518694877624512, 0.13621874153614044]]","[[[0.945480465888977, 0.8908371925354004, 0.038065578788518906], [0.8871035575866699, 0.9518694877624512, 0.06426478922367096], [0.6018069982528687, 0.6012735962867737, 0.13621874153614044]]]",0.038065578788518906,0.485101,0.0268,0.4476,0.5838,0.9780659675598145,0.987413763999939,0.982272207736969,0.977014422416687,0.9714811444282532,0.25862547755241394,0.29365968704223633,0.9329738020896912,/scicore/home/schwede/barta0000/scoring_pipeline/run1/5ijk_acx_cut_B_Y108A/boltz_free/output/boltz_results_5ijk_acx_cut_B_Y108A/predictions/5ijk_acx_cut_B_Y108A/5ijk_acx_cut_B_Y108A_model_0.cif,0.893447,0.0578,0.8696,0.8046,0.9797651171684265,0.9889808893203735,0.9844498634338379,0.9785939455032349,0.9743019938468933,0.2567090392112732,0.28647783398628235,0.9407726526260376,/scicore/home/schwede/barta0000/scoring_pipeline/run1/5ijk_acx_cut_B_Y108A/boltz_with_template/output/boltz_results_5ijk_acx_cut_B_Y108A/predictions/5ijk_acx_cut_B_Y108A/5ijk_acx_cut_B_Y108A_model_0.cif,0.907062,0.0597,0.8905,0.8153,3.103000357747078,5.542996406555176,0.6630043089389801,0.1847998957656622,0.2554810206358808,1.3646071553230286,1.0664469003677368,1.6627674102783203,3.0919368316729865,5.61179780960083,0.5720758537451426,0.1848934868372649,0.2532710074277369,1.3732951879501345,1.098926067352295,1.6476643085479736,2.996624670922756,5.462416172027588,0.5308331698179245,0.1708608426610412,0.2227777202551369,1.501580774784088,1.0822855234146118,1.9208760261535645,3.104281264046828,5.757153352101644,0.451409175992012,0.1815071555831983,0.1858126631476096,1.683016300201416,1.0478639602661133,2.3181686401367188,3.423807899157206,5.420324643452962,1.4272911548614502,0.2579566540285464,0.1439699468084016,1.938150703907013,1.1146680116653442,2.7616333961486816
5ijk_acx_cut_B_Y108A,False,"B,C",3.341984806696666,91.6418257694314,34.2,5.85,1.672222222222222,69.48089729311836,0.023996,0.0259,0.0882,0.246,0.42,0.47000000000000003,13.16,0.0,0.93,,0.252,3.2369126304414446,95.69875502008033,81.37,11.18,2.075714285714285,83.75666809082031,0.23539,0.0265,0.2694,0.4213,0.91,0.93,49.46,1.0,,0.5490137309692406,0.8672444267181513,,,79.700134,11.491639,0.76238704,,,,,,,0.8779662847518921,/scicore/home/schwede/barta0000/scoring_pipeline/run1/5ijk_acx_cut_B_Y108A/chai_no_constraints/seed_1075/pred.model_idx_1.cif,0.9038136005401611,/scicore/home/schwede/barta0000/scoring_pipeline/run1/5ijk_acx_cut_B_Y108A/chai_with_constraints/seed_1699/pred.model_idx_1.cif,0.8779662847518921,0.9355632662773132,0.863567054271698,"[[0.9349137544631958, 0.950394332408905, 0.09301353245973587]]","[[[0.9349137544631958, 0.8863245248794556, 0.01077058631926775], [0.8705005049705505, 0.950394332408905, 0.011935216374695301], [0.2086193561553955, 0.2038118839263916, 0.09301353245973587]]]",0.011935216374695301,0.041771,0.0414,0.0825,0.2474,0.9038136005401611,0.9522666931152344,0.891700267791748,"[[0.945480465888977, 0.9518694877624512, 0.13621874153614044]]","[[[0.945480465888977, 0.8908371925354004, 0.038065578788518906], [0.8871035575866699, 0.9518694877624512, 0.06426478922367096], [0.6018069982528687, 0.6012735962867737, 0.13621874153614044]]]",0.06426478922367096,0.473411,0.09,0.5606,0.6065,0.9780659675598145,0.987413763999939,0.982272207736969,0.977014422416687,0.9714811444282532,0.25862547755241394,0.29365968704223633,0.9310427308082581,/scicore/home/schwede/barta0000/scoring_pipeline/run1/5ijk_acx_cut_B_Y108A/boltz_free/output/boltz_results_5ijk_acx_cut_B_Y108A/predictions/5ijk_acx_cut_B_Y108A/5ijk_acx_cut_B_Y108A_model_0.cif,0.880795,0.1342,0.8809,0.8173,0.9797651171684265,0.9889808893203735,0.9844498634338379,0.9785939455032349,0.9743019938468933,0.2567090392112732,0.28647783398628235,0.9383739233016968,/scicore/home/schwede/barta0000/scoring_pipeline/run1/5ijk_acx_cut_B_Y108A/boltz_with_template/output/boltz_results_5ijk_acx_cut_B_Y108A/predictions/5ijk_acx_cut_B_Y108A/5ijk_acx_cut_B_Y108A_model_0.cif,0.895063,0.1268,0.8941,0.8242,2.830423707763354,4.997843106587728,0.6630043089389801,0.1568542747531527,0.2524769755811709,1.3764352202415466,1.090103030204773,1.6627674102783203,2.7934745997190475,5.014873345692952,0.5720758537451426,0.1505004804425515,0.2598336064353455,1.347713828086853,1.0477633476257324,1.6476643085479736,2.927177074054877,5.323520978291829,0.5308331698179245,0.195188529027819,0.2281759210852368,1.4776383638381958,1.0344007015228271,1.9208760261535645,2.8237353141109147,5.196061452229817,0.451409175992012,0.1837359308518024,0.191815631733615,1.651220619678497,0.984272599220276,2.3181686401367188,3.295889496803284,5.164487838745117,1.4272911548614502,0.2884446724380208,0.1462354700342618,1.9225371479988096,1.083440899848938,2.7616333961486816
5ifj_abc_cut_all_A,False,"A,B",3.5975427985987176,93.2359977703456,48.84,2.73,2.674390243902439,91.84213169324663,0.861118,0.5972,0.7494,0.724,0.92,0.91,-125.72,0.0,0.93,0.0155,0.201,2.98759253751074,95.8560975609756,175.81,9.48,1.8479487179487177,95.09600048065185,0.853034,0.6367,0.8538,0.7501,0.91,0.94,70.21,1.0,0.993,0.9234037639022321,0.8836404417014453,3.755623813831445,77.7802505493164,80.47646,12.044723,0.75196105,,,,,,,0.88234543800354,/scicore/home/schwede/barta0000/scoring_pipeline/run1/5ifj_abc_cut_all_A/chai_no_constraints/seed_2750/pred.model_idx_2.cif,0.9101428985595703,/scicore/home/schwede/barta0000/scoring_pipeline/run1/5ifj_abc_cut_all_A/chai_with_constraints/seed_2198/pred.model_idx_2.cif,0.88234543800354,0.9411576390266418,0.867642343044281,"[[0.9467074275016785, 0.9420090913772583, 0.11211360991001129]]","[[[0.9467074275016785, 0.8753525018692017, 0.025961384177207947], [0.882273256778717, 0.9420090913772583, 0.014927907846868038], [0.3627781867980957, 0.2845391631126404, 0.11211360991001129]]]",0.8753525018692017,0.884347,0.5887,0.8492,0.7233,0.9101428985595703,0.9538043737411499,0.8992275595664978,"[[0.9453179836273193, 0.9489884376525879, 0.1771106868982315]]","[[[0.9453179836273193, 0.8899396657943726, 0.07234661281108856], [0.8902271389961243, 0.9489884376525879, 0.12899954617023468], [0.751693606376648, 0.783862292766571, 0.1771106868982315]]]",0.8899396657943726,0.896063,0.5704,0.9014,0.7476,0.9518194198608398,0.9898326992988586,0.985521137714386,0.9433939456939697,0.900080144405365,0.2624773681163788,0.3366142511367798,0.9857376217842102,/scicore/home/schwede/barta0000/scoring_pipeline/run1/5ifj_abc_cut_all_A/boltz_free/output/boltz_results_5ifj_abc_cut_all_A/predictions/5ifj_abc_cut_all_A/5ifj_abc_cut_all_A_model_0.cif,0.979442,0.5515,0.8458,0.8919,0.9603199362754822,0.9902639389038086,0.986720621585846,0.9537197351455688,0.9223201274871826,0.25676873326301575,0.2945598363876343,0.9867746829986572,/scicore/home/schwede/barta0000/scoring_pipeline/run1/5ifj_abc_cut_all_A/boltz_with_template/output/boltz_results_5ifj_abc_cut_all_A/predictions/5ifj_abc_cut_all_A/5ifj_abc_cut_all_A_model_0.cif,0.980899,0.5675,0.8965,0.8974,4.162473320960999,4.380159854888916,3.944786787033081,0.1999939055357185,0.3109554013584568,1.1681057810783386,1.1474159955978394,1.188795566558838,4.137213945388794,4.38861608505249,3.8858118057250977,0.1959518257134321,0.3255039721179263,1.122380614280701,1.0581166744232178,1.1866445541381836,4.923452695210775,4.811398029327393,5.035507361094157,0.1572606948110396,0.3072212685549437,1.1801870465278623,1.0675179958343506,1.2928560972213743,4.415274937947591,4.043753941853841,4.786795934041341,0.1783062506167152,0.3189335910049578,1.142772376537323,1.0941240787506104,1.1914206743240356,4.371920188268025,3.5834285418192544,5.160411834716797,0.2485363529177414,0.2838447038816837,1.259328007698059,1.3078320026397705,1.2108240127563477
5ifj_abc_cut_all_A,False,"A,C",3.5975427985987176,93.2359977703456,52.47,5.49,2.6026315789473684,84.61560263281362,0.216341,0.1826,0.362,0.4345,0.69,0.465,5.55,0.0,0.93,,0.25,2.98759253751074,95.8560975609756,156.13,21.9,2.0641176470588234,88.84777789645725,0.31082,0.2059,0.4643,0.4981,0.91,0.94,96.96,1.0,,0.5863566052634915,0.880252583223069,,,80.47646,12.044723,0.75196105,,,,,,,0.88234543800354,/scicore/home/schwede/barta0000/scoring_pipeline/run1/5ifj_abc_cut_all_A/chai_no_constraints/seed_2750/pred.model_idx_2.cif,0.9101428985595703,/scicore/home/schwede/barta0000/scoring_pipeline/run1/5ifj_abc_cut_all_A/chai_with_constraints/seed_2198/pred.model_idx_2.cif,0.88234543800354,0.9411576390266418,0.867642343044281,"[[0.9467074275016785, 0.9420090913772583, 0.11211360991001129]]","[[[0.9467074275016785, 0.8753525018692017, 0.025961384177207947], [0.882273256778717, 0.9420090913772583, 0.014927907846868038], [0.3627781867980957, 0.2845391631126404, 0.11211360991001129]]]",0.025961384177207947,0.141269,0.2133,0.3288,0.3289,0.9101428985595703,0.9538043737411499,0.8992275595664978,"[[0.9453179836273193, 0.9489884376525879, 0.1771106868982315]]","[[[0.9453179836273193, 0.8899396657943726, 0.07234661281108856], [0.8902271389961243, 0.9489884376525879, 0.12899954617023468], [0.751693606376648, 0.783862292766571, 0.1771106868982315]]]",0.07234661281108856,0.724181,0.1834,0.8665,0.72,0.9518194198608398,0.9898326992988586,0.985521137714386,0.9433939456939697,0.900080144405365,0.2624773681163788,0.3366142511367798,0.9258407354354858,/scicore/home/schwede/barta0000/scoring_pipeline/run1/5ifj_abc_cut_all_A/boltz_free/output/boltz_results_5ifj_abc_cut_all_A/predictions/5ifj_abc_cut_all_A/5ifj_abc_cut_all_A_model_0.cif,0.877735,0.1457,0.5255,0.8414,0.9603199362754822,0.9902639389038086,0.986720621585846,0.9537197351455688,0.9223201274871826,0.25676873326301575,0.2945598363876343,0.9437723159790039,/scicore/home/schwede/barta0000/scoring_pipeline/run1/5ifj_abc_cut_all_A/boltz_with_template/output/boltz_results_5ifj_abc_cut_all_A/predictions/5ifj_abc_cut_all_A/5ifj_abc_cut_all_A_model_0.cif,0.912904,0.109,0.6813,0.853,2.856132417917252,4.380159854888916,1.3321049809455872,0.2411831604031166,0.1240130559863627,2.087368428707123,1.1474159955978394,3.0273208618164062,2.878182272116343,4.38861608505249,1.367748459180196,0.1898812471512402,0.1565327661534941,1.8544899225234983,1.0581166744232178,2.6508631706237797,2.851879666248957,4.811398029327393,0.8923613031705221,0.2176838854126479,0.215382073995943,1.535341739654541,1.0675179958343506,2.0031654834747314,2.535513520240784,4.043753941853841,1.0272730986277263,0.2569162510551142,0.231907189492514,1.4614180326461792,1.0941240787506104,1.828711986541748,2.7362302939097085,3.5834285418192544,1.8890320460001628,0.3250998616250459,0.1446030110164741,1.933763146400452,1.3078320026397705,2.559694290161133
5ifj_abc_cut_all_A,False,"B,C",3.5975427985987176,93.2359977703456,16.68,4.56,1.8062500000000001,82.88498610025113,0.162327,0.0462,0.3006,0.3877,0.64,0.465,5.0,0.0,0.93,,0.257,2.98759253751074,95.8560975609756,360.17,59.59,1.419285714285714,84.40624809265137,0.230699,0.0529,0.434,0.4459,0.91,0.94,201.17,1.0,,0.8254337116660181,0.8732780294322182,,,80.47646,12.044723,0.75196105,,,,,,,0.88234543800354,/scicore/home/schwede/barta0000/scoring_pipeline/run1/5ifj_abc_cut_all_A/chai_no_constraints/seed_2750/pred.model_idx_2.cif,0.9101428985595703,/scicore/home/schwede/barta0000/scoring_pipeline/run1/5ifj_abc_cut_all_A/chai_with_constraints/seed_2198/pred.model_idx_2.cif,0.88234543800354,0.9411576390266418,0.867642343044281,"[[0.9467074275016785, 0.9420090913772583, 0.11211360991001129]]","[[[0.9467074275016785, 0.8753525018692017, 0.025961384177207947], [0.882273256778717, 0.9420090913772583, 0.014927907846868038], [0.3627781867980957, 0.2845391631126404, 0.11211360991001129]]]",0.014927907846868038,0.102336,0.0266,0.1779,0.2971,0.9101428985595703,0.9538043737411499,0.8992275595664978,"[[0.9453179836273193, 0.9489884376525879, 0.1771106868982315]]","[[[0.9453179836273193, 0.8899396657943726, 0.07234661281108856], [0.8902271389961243, 0.9489884376525879, 0.12899954617023468], [0.751693606376648, 0.783862292766571, 0.1771106868982315]]]",0.12899954617023468,0.754061,0.1919,0.8918,0.7378,0.9518194198608398,0.9898326992988586,0.985521137714386,0.9433939456939697,0.900080144405365,0.2624773681163788,0.3366142511367798,0.8861832618713379,/scicore/home/schwede/barta0000/scoring_pipeline/run1/5ifj_abc_cut_all_A/boltz_free/output/boltz_results_5ifj_abc_cut_all_A/predictions/5ifj_abc_cut_all_A/5ifj_abc_cut_all_A_model_0.cif,0.78731,0.0296,0.4612,0.7951,0.9603199362754822,0.9902639389038086,0.986720621585846,0.9537197351455688,0.9223201274871826,0.25676873326301575,0.2945598363876343,0.926716685295105,/scicore/home/schwede/barta0000/scoring_pipeline/run1/5ifj_abc_cut_all_A/boltz_with_template/output/boltz_results_5ifj_abc_cut_all_A/predictions/5ifj_abc_cut_all_A/5ifj_abc_cut_all_A_model_0.cif,0.872455,0.1163,0.6247,0.8453,2.638445883989334,3.944786787033081,1.3321049809455872,0.2915917409857489,0.1214736133103619,2.108058214187622,1.188795566558838,3.0273208618164062,2.6267801324526467,3.8858118057250977,1.367748459180196,0.2708264653270417,0.1467897684583358,1.9187538623809812,1.1866445541381836,2.6508631706237797,2.9639343321323395,5.035507361094157,0.8923613031705221,0.1762017027326112,0.1924323163711345,1.648010790348053,1.2928560972213743,2.0031654834747314,2.9070345163345337,4.786795934041341,1.0272730986277263,0.2420483167998226,0.220895325390871,1.5100663304328918,1.1914206743240356,1.828711986541748,3.52472194035848,5.160411834716797,1.8890320460001628,0.2454239624146785,0.1517897178051401,1.88525915145874,1.2108240127563477,2.559694290161133
5ijk_acx_cut_all_A,False,"A,B",4.27697295204916,90.39243692968331,82.17,4.72,3.8,88.16456378621548,0.829381,0.5492,0.6158,0.6854,0.9,0.9,-142.59,0.0,0.9,0.0009,0.222,2.806175868131159,96.6449799196787,684.11,45.81,1.8744999999999998,96.82457122802734,0.868336,0.6336,0.9062,0.7679,0.92,0.94,424.36,1.0,0.9955,0.8644015489570376,0.8932558762854967,4.926386572696544,76.50884246826172,77.665565,12.6226635,0.7347355,,,,,,,0.8852161169052124,/scicore/home/schwede/barta0000/scoring_pipeline/run1/5ijk_acx_cut_all_A/chai_no_constraints/seed_1649/pred.model_idx_0.cif,0.9041881561279297,/scicore/home/schwede/barta0000/scoring_pipeline/run1/5ijk_acx_cut_all_A/chai_with_constraints/seed_1450/pred.model_idx_1.cif,0.8852161169052124,0.9400789737701416,0.8715003728866577,"[[0.935025691986084, 0.944311797618866, 0.09577025473117828]]","[[[0.935025691986084, 0.8839023113250732, 0.022128719836473465], [0.8799028396606445, 0.944311797618866, 0.019340021535754204], [0.36156782507896423, 0.32048365473747253, 0.09577025473117828]]]",0.8839023113250732,0.886862,0.5722,0.8346,0.7114,0.9041881561279297,0.9524626731872559,0.8921194672584534,"[[0.946010947227478, 0.952307403087616, 0.13600210845470428]]","[[[0.946010947227478, 0.8915120363235474, 0.03859073668718338], [0.8872204422950745, 0.952307403087616, 0.06480785459280014], [0.6051913499832153, 0.6040181517601013, 0.13600210845470428]]]",0.8915120363235474,0.896687,0.4855,0.8396,0.7363,0.9413785934448242,0.9863336682319641,0.9809867143630981,0.9314765334129333,0.8820992112159729,0.2888233959674835,0.5453720688819885,0.982666552066803,/scicore/home/schwede/barta0000/scoring_pipeline/run1/5ijk_acx_cut_all_A/boltz_free/output/boltz_results_5ijk_acx_cut_all_A/predictions/5ijk_acx_cut_all_A/5ijk_acx_cut_all_A_model_0.cif,0.976145,0.5803,0.7887,0.864,0.9411673545837402,0.9807392954826355,0.9739915728569031,0.9329613447189331,0.8875592350959778,0.2992370128631592,0.5406189560890198,0.974628210067749,/scicore/home/schwede/barta0000/scoring_pipeline/run1/5ijk_acx_cut_all_A/boltz_with_template/output/boltz_results_5ijk_acx_cut_all_A/predictions/5ijk_acx_cut_all_A/5ijk_acx_cut_all_A_model_0.cif,0.964188,0.5687,0.8244,0.8295,4.358409325281779,4.418226877848308,4.298591772715251,0.1479668280810196,0.3573244709697835,1.0291110277175903,1.0574545860290527,1.000767469406128,4.478725353876749,4.558628082275391,4.398822625478108,0.14427583311613,0.3488318989323602,1.0531651377677915,1.0972501039505005,1.009080171585083,5.309067805608114,5.442324638366699,5.175810972849528,0.1377489564618192,0.3552666557948696,1.0348866283893583,1.0947996377944946,0.9749736189842224,4.546053091684977,4.3791022300720215,4.713003953297933,0.1351565373148498,0.345285386557003,1.0633839964866638,1.1136280298233032,1.0131399631500244,4.065127770105998,4.738862991333008,3.391392548878988,0.1093939586597059,0.2871037666040914,1.24791157245636,1.2347290515899658,1.261094093322754
5ijk_acx_cut_all_A,False,"A,C",4.27697295204916,90.39243692968331,89.36,9.35,5.745238095238095,67.06111159945725,0.065754,0.0686,0.0735,0.2864,0.47,0.455,5.44,0.0,0.9,,0.2,2.806175868131159,96.6449799196787,2597.76,573.3,2.244772727272727,87.2754991531372,0.318446,0.1733,0.509,0.5205,0.92,0.94,1077.83,1.0,,0.3670638508419581,0.8468656990094325,,,77.665565,12.6226635,0.7347355,,,,,,,0.8852161169052124,/scicore/home/schwede/barta0000/scoring_pipeline/run1/5ijk_acx_cut_all_A/chai_no_constraints/seed_1649/pred.model_idx_0.cif,0.9041881561279297,/scicore/home/schwede/barta0000/scoring_pipeline/run1/5ijk_acx_cut_all_A/chai_with_constraints/seed_1450/pred.model_idx_1.cif,0.8852161169052124,0.9400789737701416,0.8715003728866577,"[[0.935025691986084, 0.944311797618866, 0.09577025473117828]]","[[[0.935025691986084, 0.8839023113250732, 0.022128719836473465], [0.8799028396606445, 0.944311797618866, 0.019340021535754204], [0.36156782507896423, 0.32048365473747253, 0.09577025473117828]]]",0.022128719836473465,0.15964,0.1306,0.1184,0.359,0.9041881561279297,0.9524626731872559,0.8921194672584534,"[[0.946010947227478, 0.952307403087616, 0.13600210845470428]]","[[[0.946010947227478, 0.8915120363235474, 0.03859073668718338], [0.8872204422950745, 0.952307403087616, 0.06480785459280014], [0.6051913499832153, 0.6040181517601013, 0.13600210845470428]]]",0.03859073668718338,0.490821,0.0261,0.357,0.5834,0.9413785934448242,0.9863336682319641,0.9809867143630981,0.9314765334129333,0.8820992112159729,0.2888233959674835,0.5453720688819885,0.845815122127533,/scicore/home/schwede/barta0000/scoring_pipeline/run1/5ijk_acx_cut_all_A/boltz_free/output/boltz_results_5ijk_acx_cut_all_A/predictions/5ijk_acx_cut_all_A/5ijk_acx_cut_all_A_model_0.cif,0.631822,0.1442,0.4061,0.7303,0.9411673545837402,0.9807392954826355,0.9739915728569031,0.9329613447189331,0.8875592350959778,0.2992370128631592,0.5406189560890198,0.8566634654998779,/scicore/home/schwede/barta0000/scoring_pipeline/run1/5ijk_acx_cut_all_A/boltz_with_template/output/boltz_results_5ijk_acx_cut_all_A/predictions/5ijk_acx_cut_all_A/5ijk_acx_cut_all_A_model_0.cif,0.687932,0.0995,0.3546,0.7311,2.757623076438904,4.418226877848308,1.0970192750295005,0.1895337832378094,0.18055957884144,1.7116944789886477,1.0574545860290527,2.365934371948242,3.0124102334181466,4.558628082275391,1.4661923845609028,0.2848907220920431,0.2139746659170443,1.5418976545333862,1.0972501039505005,1.986545205116272,3.035390983025233,5.442324638366699,0.6284573276837667,0.2234844049997559,0.2281150132718413,1.4779053330421448,1.0947996377944946,1.861011028289795,2.3600890475014844,4.3791022300720215,0.3410758649309476,0.1154978617017789,0.2057826625397018,1.5809347033500671,1.1136280298233032,2.048241376876831,3.100283165772756,4.738862991333008,1.461703340212504,0.1785076434739657,0.1380171184341927,1.9803775548934937,1.2347290515899658,2.726026058197021
5ijk_acx_cut_all_A,False,"B,C",4.27697295204916,90.39243692968331,21.16,4.76,3.416666666666666,76.59976462512822,0.050746,0.0447,0.1042,0.293,0.44,0.455,9.94,0.0,0.9,,0.204,2.806175868131159,96.6449799196787,218.17,30.59,1.796,90.27714320591518,0.262945,0.0813,0.5731,0.4819,0.92,0.94,160.18,1.0,,0.36745204005073107,0.8587104931542459,,,77.665565,12.6226635,0.7347355,,,,,,,0.8852161169052124,/scicore/home/schwede/barta0000/scoring_pipeline/run1/5ijk_acx_cut_all_A/chai_no_constraints/seed_1649/pred.model_idx_0.cif,0.9041881561279297,/scicore/home/schwede/barta0000/scoring_pipeline/run1/5ijk_acx_cut_all_A/chai_with_constraints/seed_1450/pred.model_idx_1.cif,0.8852161169052124,0.9400789737701416,0.8715003728866577,"[[0.935025691986084, 0.944311797618866, 0.09577025473117828]]","[[[0.935025691986084, 0.8839023113250732, 0.022128719836473465], [0.8799028396606445, 0.944311797618866, 0.019340021535754204], [0.36156782507896423, 0.32048365473747253, 0.09577025473117828]]]",0.019340021535754204,0.12804,0.0411,0.2845,0.3496,0.9041881561279297,0.9524626731872559,0.8921194672584534,"[[0.946010947227478, 0.952307403087616, 0.13600210845470428]]","[[[0.946010947227478, 0.8915120363235474, 0.03859073668718338], [0.8872204422950745, 0.952307403087616, 0.06480785459280014], [0.6051913499832153, 0.6040181517601013, 0.13600210845470428]]]",0.06480785459280014,0.477617,0.0712,0.5291,0.6093,0.9413785934448242,0.9863336682319641,0.9809867143630981,0.9314765334129333,0.8820992112159729,0.2888233959674835,0.5453720688819885,0.8174727559089661,/scicore/home/schwede/barta0000/scoring_pipeline/run1/5ijk_acx_cut_all_A/boltz_free/output/boltz_results_5ijk_acx_cut_all_A/predictions/5ijk_acx_cut_all_A/5ijk_acx_cut_all_A_model_0.cif,0.548673,0.0199,0.4705,0.687,0.9411673545837402,0.9807392954826355,0.9739915728569031,0.9329613447189331,0.8875592350959778,0.2992370128631592,0.5406189560890198,0.8228368759155273,/scicore/home/schwede/barta0000/scoring_pipeline/run1/5ijk_acx_cut_all_A/boltz_with_template/output/boltz_results_5ijk_acx_cut_all_A/predictions/5ijk_acx_cut_all_A/5ijk_acx_cut_all_A_model_0.cif,0.597604,0.0293,0.2646,0.6938,2.6978055238723755,4.298591772715251,1.0970192750295005,0.2209352805287185,0.1857504968275052,1.683350920677185,1.000767469406128,2.365934371948242,2.932507505019505,4.398822625478108,1.4661923845609028,0.3148710937821281,0.223618749500831,1.4978126883506775,1.009080171585083,1.986545205116272,2.902134150266648,5.175810972849528,0.6284573276837667,0.2207836162469655,0.2421997878876631,1.417992323637009,0.9749736189842224,1.861011028289795,2.52703990911444,4.713003953297933,0.3410758649309476,0.1957179524765315,0.2163861642583368,1.5306906700134275,1.0131399631500244,2.048241376876831,2.426547944545746,3.391392548878988,1.461703340212504,0.244884956236446,0.1362096445962917,1.993560075759888,1.261094093322754,2.726026058197021
5ijk_acx_cut_B_T113A,False,"A,B",3.117051337881648,92.44480749219564,53.95,3.21,2.7193548387096778,91.34413803954368,0.883976,0.4883,0.8245,0.7658,0.94,0.925,-78.62,0.0,0.94,0.9957,0.252,3.3107396654892662,95.24718875502008,73.79,4.96,2.859545454545455,93.79382346658146,0.849046,0.5463,0.8476,0.7387,0.9,0.93,13.26,1.0,0.9951,0.8769118036088832,0.8832449202323351,3.643423395497458,77.9886474609375,79.82508,11.518708,0.7639055,,,,,,,0.8939468264579773,/scicore/home/schwede/barta0000/scoring_pipeline/run1/5ijk_acx_cut_B_T113A/chai_no_constraints/seed_1696/pred.model_idx_2.cif,0.904719889163971,/scicore/home/schwede/barta0000/scoring_pipeline/run1/5ijk_acx_cut_B_T113A/chai_with_constraints/seed_2293/pred.model_idx_0.cif,0.8939468264579773,0.9457646608352661,0.8809922933578491,"[[0.9378942847251892, 0.9510397911071777, 0.11471161991357803]]","[[[0.9378942847251892, 0.8857946395874023, 0.024464713409543037], [0.8753909468650818, 0.9510397911071777, 0.04462004080414772], [0.4483042359352112, 0.4758024215698242, 0.11471161991357803]]]",0.8857946395874023,0.889207,0.4911,0.8126,0.7306,0.904719889163971,0.952950119972229,0.8926622867584229,"[[0.9467201232910156, 0.9526268839836121, 0.13818520307540894]]","[[[0.9467201232910156, 0.8916904926300049, 0.03892330080270767], [0.8869757652282715, 0.9526268839836121, 0.06514844298362732], [0.6091243028640747, 0.6057484149932861, 0.13818520307540894]]]",0.8916904926300049,0.896887,0.4904,0.8474,0.7369,0.9777551889419556,0.9895592331886292,0.9854019284248352,0.9758434295654297,0.9699931144714355,0.2556042969226837,0.2795100212097168,0.9852698445320129,/scicore/home/schwede/barta0000/scoring_pipeline/run1/5ijk_acx_cut_B_T113A/boltz_free/output/boltz_results_5ijk_acx_cut_B_T113A/predictions/5ijk_acx_cut_B_T113A/5ijk_acx_cut_B_T113A_model_0.cif,0.978715,0.5648,0.9666,0.888,0.9810418486595154,0.9898574948310852,0.9859354496002197,0.9798184037208557,0.9764986634254456,0.255878746509552,0.2813635766506195,0.9857983589172363,/scicore/home/schwede/barta0000/scoring_pipeline/run1/5ijk_acx_cut_B_T113A/boltz_with_template/output/boltz_results_5ijk_acx_cut_B_T113A/predictions/5ijk_acx_cut_B_T113A/5ijk_acx_cut_B_T113A_model_0.cif,0.979577,0.5683,0.9723,0.8884,5.182843605677287,5.464760939280192,4.900926272074382,0.1208498125829554,0.3545575707700399,1.0368845462799072,1.064001202583313,1.0097678899765017,5.252096732457479,5.44820515314738,5.055988311767578,0.1218978662606912,0.3558185587006484,1.033334344625473,1.0864934921264648,0.9801751971244812,5.517215331395468,5.619146505991618,5.415284156799316,0.1672946728027227,0.3626663640833886,1.0142719745635986,1.0666099786758425,0.961933970451355,5.454284032185872,5.65620215733846,5.252365907033284,0.1426299894678774,0.3761970370511011,0.9776422381401062,1.0189062356948853,0.9363782405853271,5.306508143742879,5.472511609395345,5.140504678090413,0.1486180792110047,0.3366985106708871,1.0885673761367798,1.1111804246902466,1.065954327583313
5ijk_acx_cut_B_T113A,False,"A,C",3.117051337881648,92.44480749219564,33.93,3.88,3.9968749999999997,72.52857333442158,0.072164,0.0403,0.0897,0.3279,0.54,0.47000000000000003,5.83,0.0,0.94,,0.253,3.3107396654892662,95.24718875502008,41.9,9.6,3.611538461538461,81.16749978065491,0.120193,0.0539,0.1112,0.314,0.9,0.93,27.29,1.0,,0.29098652037902817,0.8434329908676953,,,79.82508,11.518708,0.7639055,,,,,,,0.8939468264579773,/scicore/home/schwede/barta0000/scoring_pipeline/run1/5ijk_acx_cut_B_T113A/chai_no_constraints/seed_1696/pred.model_idx_2.cif,0.904719889163971,/scicore/home/schwede/barta0000/scoring_pipeline/run1/5ijk_acx_cut_B_T113A/chai_with_constraints/seed_2293/pred.model_idx_0.cif,0.8939468264579773,0.9457646608352661,0.8809922933578491,"[[0.9378942847251892, 0.9510397911071777, 0.11471161991357803]]","[[[0.9378942847251892, 0.8857946395874023, 0.024464713409543037], [0.8753909468650818, 0.9510397911071777, 0.04462004080414772], [0.4483042359352112, 0.4758024215698242, 0.11471161991357803]]]",0.024464713409543037,0.261189,0.0256,0.1059,0.4528,0.904719889163971,0.952950119972229,0.8926622867584229,"[[0.9467201232910156, 0.9526268839836121, 0.13818520307540894]]","[[[0.9467201232910156, 0.8916904926300049, 0.03892330080270767], [0.8869757652282715, 0.9526268839836121, 0.06514844298362732], [0.6091243028640747, 0.6057484149932861, 0.13818520307540894]]]",0.03892330080270767,0.496672,0.0227,0.4397,0.5852,0.9777551889419556,0.9895592331886292,0.9854019284248352,0.9758434295654297,0.9699931144714355,0.2556042969226837,0.2795100212097168,0.9448921084403992,/scicore/home/schwede/barta0000/scoring_pipeline/run1/5ijk_acx_cut_B_T113A/boltz_free/output/boltz_results_5ijk_acx_cut_B_T113A/predictions/5ijk_acx_cut_B_T113A/5ijk_acx_cut_B_T113A_model_0.cif,0.91459,0.0495,0.8522,0.827,0.9810418486595154,0.9898574948310852,0.9859354496002197,0.9798184037208557,0.9764986634254456,0.255878746509552,0.2813635766506195,0.9429783821105957,/scicore/home/schwede/barta0000/scoring_pipeline/run1/5ijk_acx_cut_B_T113A/boltz_with_template/output/boltz_results_5ijk_acx_cut_B_T113A/predictions/5ijk_acx_cut_B_T113A/5ijk_acx_cut_B_T113A_model_0.cif,0.910156,0.0529,0.8975,0.8242,3.199883262316386,5.464760939280192,0.9350055853525796,0.2258887438618783,0.2449901010327203,1.4065374732017517,1.064001202583313,1.7490737438201904,3.1929158916076026,5.44820515314738,0.9376266300678252,0.242325988875711,0.285429975494758,1.2537585496902466,1.0864934921264648,1.4210236072540283,3.091218481461208,5.619146505991618,0.5632904569307963,0.197990954609403,0.2076044925126984,1.572120487689972,1.0666099786758425,2.0776309967041016,3.0477809496223927,5.65620215733846,0.439359741906325,0.2097691297850547,0.1537274161718491,1.872574269771576,1.0189062356948853,2.7262423038482666,3.42721293369929,5.472511609395345,1.3819142580032349,0.2473467216791415,0.1382205687780915,1.9789045453071596,1.1111804246902466,2.8466286659240723
5ijk_acx_cut_B_T113A,False,"B,C",3.117051337881648,92.44480749219564,27.72,4.68,1.5,76.15447100764572,0.079628,0.0462,0.2266,0.3484,0.53,0.47500000000000003,9.11,0.0,0.94,,0.291,3.3107396654892662,95.24718875502008,87.11,11.58,1.455,79.34100074768067,0.092175,0.0412,0.2035,0.3141,0.9,0.93,42.02,1.0,,0.5547823160798177,0.8666110508876231,,,79.82508,11.518708,0.7639055,,,,,,,0.8939468264579773,/scicore/home/schwede/barta0000/scoring_pipeline/run1/5ijk_acx_cut_B_T113A/chai_no_constraints/seed_1696/pred.model_idx_2.cif,0.904719889163971,/scicore/home/schwede/barta0000/scoring_pipeline/run1/5ijk_acx_cut_B_T113A/chai_with_constraints/seed_2293/pred.model_idx_0.cif,0.8939468264579773,0.9457646608352661,0.8809922933578491,"[[0.9378942847251892, 0.9510397911071777, 0.11471161991357803]]","[[[0.9378942847251892, 0.8857946395874023, 0.024464713409543037], [0.8753909468650818, 0.9510397911071777, 0.04462004080414772], [0.4483042359352112, 0.4758024215698242, 0.11471161991357803]]]",0.04462004080414772,0.267744,0.0857,0.4176,0.4888,0.904719889163971,0.952950119972229,0.8926622867584229,"[[0.9467201232910156, 0.9526268839836121, 0.13818520307540894]]","[[[0.9467201232910156, 0.8916904926300049, 0.03892330080270767], [0.8869757652282715, 0.9526268839836121, 0.06514844298362732], [0.6091243028640747, 0.6057484149932861, 0.13818520307540894]]]",0.06514844298362732,0.482098,0.0961,0.5867,0.6056,0.9777551889419556,0.9895592331886292,0.9854019284248352,0.9758434295654297,0.9699931144714355,0.2556042969226837,0.2795100212097168,0.9449474215507507,/scicore/home/schwede/barta0000/scoring_pipeline/run1/5ijk_acx_cut_B_T113A/boltz_free/output/boltz_results_5ijk_acx_cut_B_T113A/predictions/5ijk_acx_cut_B_T113A/5ijk_acx_cut_B_T113A_model_0.cif,0.907731,0.1326,0.8781,0.8413,0.9810418486595154,0.9898574948310852,0.9859354496002197,0.9798184037208557,0.9764986634254456,0.255878746509552,0.2813635766506195,0.9399499893188477,/scicore/home/schwede/barta0000/scoring_pipeline/run1/5ijk_acx_cut_B_T113A/boltz_with_template/output/boltz_results_5ijk_acx_cut_B_T113A/predictions/5ijk_acx_cut_B_T113A/5ijk_acx_cut_B_T113A_model_0.cif,0.897066,0.1196,0.9101,0.8354,2.917965928713481,4.900926272074382,0.9350055853525796,0.1838928354415855,0.2517243053109733,1.379420816898346,1.0097678899765017,1.7490737438201904,2.9968074709177017,5.055988311767578,0.9376266300678252,0.1995157064335398,0.3010137295383597,1.2005994021892548,0.9801751971244812,1.4210236072540283,2.9892873068650565,5.415284156799316,0.5632904569307963,0.2085649910845459,0.2187594655537489,1.5197824835777285,0.961933970451355,2.0776309967041016,2.8458628244698048,5.252365907033284,0.439359741906325,0.1915397411599338,0.1602035199740697,1.8313102722167969,0.9363782405853271,2.7262423038482666,3.261209468046824,5.140504678090413,1.3819142580032349,0.2898526454643909,0.1413817646434519,1.9562914967536928,1.065954327583313,2.8466286659240723
5ig7_abc_cut_B_G114A,False,"A,B",2.4366729459977527,95.86908695652174,74.97,4.36,1.6083333333333332,96.50558405530212,0.902362,0.5477,0.9091,0.7852,0.95,0.93,-124.77,0.0,0.97,0.9981,0.209,2.5664019432877256,97.62613821138211,35.64,2.06,1.475,97.89064542708859,0.861133,0.563,0.9156,0.7662,0.92,0.94,-32.03,1.0,0.9931,0.9298359990670007,0.9374660988881324,3.7349356512228646,76.8790054321289,79.15855,11.900293,0.7462901,,,,,,,0.8767755031585693,/scicore/home/schwede/barta0000/scoring_pipeline/run1/5ig7_abc_cut_B_G114A/chai_no_constraints/seed_107/pred.model_idx_1.cif,0.9102559089660645,/scicore/home/schwede/barta0000/scoring_pipeline/run1/5ig7_abc_cut_B_G114A/chai_with_constraints/seed_7140/pred.model_idx_2.cif,0.8767755031585693,0.9374703764915466,0.8616017699241638,"[[0.9472417831420898, 0.9477450847625732, 0.09275246411561966]]","[[[0.9472417831420898, 0.8837891817092896, 0.010978958569467068], [0.8816221952438354, 0.9477450847625732, 0.01186446100473404], [0.20581267774105072, 0.20042766630649567, 0.09275246411561966]]]",0.8837891817092896,0.883017,0.5319,0.8884,0.7339,0.9102559089660645,0.9538304805755615,0.8993622660636902,"[[0.9454723596572876, 0.9491568207740784, 0.17719511687755585]]","[[[0.9454723596572876, 0.8910244703292847, 0.07389870285987854], [0.8905970454216003, 0.9491568207740784, 0.12322187423706055], [0.7242966294288635, 0.7523376941680908, 0.17719511687755585]]]",0.8910244703292847,0.895696,0.5668,0.9178,0.7467,0.9861679077148438,0.9896113276481628,0.9854296445846558,0.9863525032997131,0.9855170249938965,0.2548731863498688,0.27253133058547974,0.984502911567688,/scicore/home/schwede/barta0000/scoring_pipeline/run1/5ig7_abc_cut_B_G114A/boltz_free/output/boltz_results_5ig7_abc_cut_B_G114A/predictions/5ig7_abc_cut_B_G114A/5ig7_abc_cut_B_G114A_model_0.cif,0.977652,0.5907,0.9711,0.8904,0.9860930442810059,0.9888780117034912,0.9845165014266968,0.9864872097969055,0.9860811233520508,0.25653553009033203,0.2781525254249573,0.9829167127609253,/scicore/home/schwede/barta0000/scoring_pipeline/run1/5ig7_abc_cut_B_G114A/boltz_with_template/output/boltz_results_5ig7_abc_cut_B_G114A/predictions/5ig7_abc_cut_B_G114A/5ig7_abc_cut_B_G114A_model_0.cif,0.976031,0.5871,0.9717,0.8832,4.719456593195597,4.962838490804036,4.476074695587158,0.14431945801154,0.299364218571203,1.2060943245887756,1.135021686553955,1.2771669626235962,4.729450782140097,4.975405375162761,4.483496189117432,0.1306938681573446,0.3027627447214919,1.1948058009147644,1.1198279857635498,1.269783616065979,4.86439577738444,4.776844183603923,4.951947371164958,0.1438301705297577,0.3089656781779369,1.1745250821113586,1.1063436269760132,1.242706537246704,4.797728697458902,4.761720975240071,4.833736419677734,0.1362992424145385,0.3064978709886646,1.182544469833374,1.002650022506714,1.3624389171600342,4.935316403706869,4.6335649490356445,5.237067858378093,0.1840212978102386,0.2711937561425927,1.3049217462539673,1.2944002151489258,1.3154432773590088
5ig7_abc_cut_B_G114A,False,"A,C",2.4366729459977527,95.86908695652174,24.31,3.01,2.1374999999999997,95.58007368178919,0.803864,0.1956,0.8939,0.7652,0.91,0.48500000000000004,-1.38,0.0,0.97,,0.182,2.5664019432877256,97.62613821138211,29.75,3.59,2.0555882352941177,96.98277791341145,0.745628,0.2304,0.9071,0.7373,0.92,0.94,6.33,1.0,,0.8627764357169514,0.904879592201032,,,79.15855,11.900293,0.7462901,,,,,,,0.8767755031585693,/scicore/home/schwede/barta0000/scoring_pipeline/run1/5ig7_abc_cut_B_G114A/chai_no_constraints/seed_107/pred.model_idx_1.cif,0.9102559089660645,/scicore/home/schwede/barta0000/scoring_pipeline/run1/5ig7_abc_cut_B_G114A/chai_with_constraints/seed_7140/pred.model_idx_2.cif,0.8767755031585693,0.9374703764915466,0.8616017699241638,"[[0.9472417831420898, 0.9477450847625732, 0.09275246411561966]]","[[[0.9472417831420898, 0.8837891817092896, 0.010978958569467068], [0.8816221952438354, 0.9477450847625732, 0.01186446100473404], [0.20581267774105072, 0.20042766630649567, 0.09275246411561966]]]",0.010978958569467068,0.029251,0.1365,0.1088,0.1991,0.9102559089660645,0.9538304805755615,0.8993622660636902,"[[0.9454723596572876, 0.9491568207740784, 0.17719511687755585]]","[[[0.9454723596572876, 0.8910244703292847, 0.07389870285987854], [0.8905970454216003, 0.9491568207740784, 0.12322187423706055], [0.7242966294288635, 0.7523376941680908, 0.17719511687755585]]]",0.07389870285987854,0.663045,0.2085,0.8946,0.7138,0.9861679077148438,0.9896113276481628,0.9854296445846558,0.9863525032997131,0.9855170249938965,0.2548731863498688,0.27253133058547974,0.9544755816459656,/scicore/home/schwede/barta0000/scoring_pipeline/run1/5ig7_abc_cut_B_G114A/boltz_free/output/boltz_results_5ig7_abc_cut_B_G114A/predictions/5ig7_abc_cut_B_G114A/5ig7_abc_cut_B_G114A_model_0.cif,0.9311,0.233,0.9678,0.8726,0.9860930442810059,0.9888780117034912,0.9845165014266968,0.9864872097969055,0.9860811233520508,0.25653553009033203,0.2781525254249573,0.9500700831413269,/scicore/home/schwede/barta0000/scoring_pipeline/run1/5ig7_abc_cut_B_G114A/boltz_with_template/output/boltz_results_5ig7_abc_cut_B_G114A/predictions/5ig7_abc_cut_B_G114A/5ig7_abc_cut_B_G114A_model_0.cif,0.924004,0.2335,0.968,0.8583,3.002671996752421,4.962838490804036,1.0425055027008057,0.1732013578400437,0.2260647474950715,1.4869338274002075,1.135021686553955,1.83884596824646,2.996880392233531,4.975405375162761,1.018355409304301,0.1612506019009281,0.2282280435585039,1.4774099588394165,1.1198279857635498,1.8349919319152832,2.967500627040863,4.776844183603923,1.1581570704778037,0.2073718450426386,0.2425320272444366,1.4166215062141418,1.1063436269760132,1.7268993854522705,2.933142066001892,4.761720975240071,1.1045631567637126,0.2350128180996006,0.216378864328296,1.5307244062423706,1.002650022506714,2.058798789978028,3.11311004559199,4.6335649490356445,1.5926551421483357,0.2632222518244688,0.1429413199314152,1.945321083068848,1.2944002151489258,2.596241950988769
5ig7_abc_cut_B_G114A,False,"B,C",2.4366729459977527,95.86908695652174,0.09,0.01,1.63125,95.48351084383631,0.81692,0.1883,0.9095,0.7656,0.93,0.48500000000000004,-12.8,0.0,0.97,,0.184,2.5664019432877256,97.62613821138211,9.44,1.18,1.7762499999999997,96.80222278171115,0.776753,0.1895,0.8932,0.741,0.92,0.94,-1.58,1.0,,0.8616042105428703,0.8432592599390514,,,79.15855,11.900293,0.7462901,,,,,,,0.8767755031585693,/scicore/home/schwede/barta0000/scoring_pipeline/run1/5ig7_abc_cut_B_G114A/chai_no_constraints/seed_107/pred.model_idx_1.cif,0.9102559089660645,/scicore/home/schwede/barta0000/scoring_pipeline/run1/5ig7_abc_cut_B_G114A/chai_with_constraints/seed_7140/pred.model_idx_2.cif,0.8767755031585693,0.9374703764915466,0.8616017699241638,"[[0.9472417831420898, 0.9477450847625732, 0.09275246411561966]]","[[[0.9472417831420898, 0.8837891817092896, 0.010978958569467068], [0.8816221952438354, 0.9477450847625732, 0.01186446100473404], [0.20581267774105072, 0.20042766630649567, 0.09275246411561966]]]",0.01186446100473404,0.025829,0.1066,0.1118,0.243,0.9102559089660645,0.9538304805755615,0.8993622660636902,"[[0.9454723596572876, 0.9491568207740784, 0.17719511687755585]]","[[[0.9454723596572876, 0.8910244703292847, 0.07389870285987854], [0.8905970454216003, 0.9491568207740784, 0.12322187423706055], [0.7242966294288635, 0.7523376941680908, 0.17719511687755585]]]",0.12322187423706055,0.672456,0.2012,0.9025,0.7263,0.9861679077148438,0.9896113276481628,0.9854296445846558,0.9863525032997131,0.9855170249938965,0.2548731863498688,0.27253133058547974,0.9561235308647156,/scicore/home/schwede/barta0000/scoring_pipeline/run1/5ig7_abc_cut_B_G114A/boltz_free/output/boltz_results_5ig7_abc_cut_B_G114A/predictions/5ig7_abc_cut_B_G114A/5ig7_abc_cut_B_G114A_model_0.cif,0.927091,0.2003,0.9584,0.867,0.9860930442810059,0.9888780117034912,0.9845165014266968,0.9864872097969055,0.9860811233520508,0.25653553009033203,0.2781525254249573,0.9559739828109741,/scicore/home/schwede/barta0000/scoring_pipeline/run1/5ig7_abc_cut_B_G114A/boltz_with_template/output/boltz_results_5ig7_abc_cut_B_G114A/predictions/5ig7_abc_cut_B_G114A/5ig7_abc_cut_B_G114A_model_0.cif,0.927049,0.2016,0.9601,0.8512,2.759290099143982,4.476074695587158,1.0425055027008057,0.2015369040192088,0.2105554025589543,1.558006465435028,1.2771669626235962,1.83884596824646,2.7509257992108664,4.483496189117432,1.018355409304301,0.1906565759507081,0.2117417782161366,1.552387773990631,1.269783616065979,1.8349919319152832,3.0550522208213806,4.951947371164958,1.1581570704778037,0.1665336450584447,0.2265469747891919,1.4848029613494873,1.242706537246704,1.7268993854522705,2.969149788220724,4.833736419677734,1.1045631567637126,0.2022763863956711,0.1807538978026691,1.7106188535690308,1.3624389171600342,2.058798789978028,3.414861500263214,5.237067858378093,1.5926551421483357,0.2394763519967921,0.1414452427007334,1.9558426141738887,1.3154432773590088,2.596241950988769
5ig7_abc_cut_B_V38A,False,"A,B",2.5409379337695817,95.79346216657594,116.46,6.94,1.7451612903225806,96.18422880084941,0.896243,0.5514,0.9032,0.7767,0.94,0.93,-105.27,0.0,0.96,0.9979,0.187,2.571711943948708,97.64711382113822,116.42,6.69,1.4391176470588238,97.8803129196167,0.857149,0.5733,0.9169,0.7656,0.92,0.94,3.85,1.0,0.995,0.9261032175236712,0.9462503062340555,3.5806387766547827,77.17411041259766,79.28264,11.963028,0.7448997,,,,,,,0.8897017240524292,/scicore/home/schwede/barta0000/scoring_pipeline/run1/5ig7_abc_cut_B_V38A/chai_no_constraints/seed_2244/pred.model_idx_2.cif,0.9108794331550598,/scicore/home/schwede/barta0000/scoring_pipeline/run1/5ig7_abc_cut_B_V38A/chai_with_constraints/seed_1047/pred.model_idx_3.cif,0.8897017240524292,0.944841206073761,0.8759168386459351,"[[0.9432534575462341, 0.9479488134384155, 0.09250660985708237]]","[[[0.9432534575462341, 0.8869456648826599, 0.0380576066672802], [0.8843246698379517, 0.9479488134384155, 0.026598045602440834], [0.5354738235473633, 0.47442662715911865, 0.09250660985708237]]]",0.8869456648826599,0.888764,0.591,0.8913,0.7377,0.9108794331550598,0.954180121421814,0.9000542759895325,"[[0.9457123875617981, 0.949378252029419, 0.17459672689437866]]","[[[0.9457123875617981, 0.89024418592453, 0.07217980921268463], [0.8915351629257202, 0.949378252029419, 0.12057100236415863], [0.7267162799835205, 0.749582052230835, 0.17459672689437866]]]",0.89024418592453,0.896894,0.5874,0.915,0.7473,0.9846965670585632,0.9900841116905212,0.9860972762107849,0.9843464493751526,0.9815249443054199,0.25563594698905945,0.2853051424026489,0.9848652482032776,/scicore/home/schwede/barta0000/scoring_pipeline/run1/5ig7_abc_cut_B_V38A/boltz_free/output/boltz_results_5ig7_abc_cut_B_V38A/predictions/5ig7_abc_cut_B_V38A/5ig7_abc_cut_B_V38A_model_0.cif,0.978554,0.5967,0.9672,0.8929,0.9854320883750916,0.9904015064239502,0.9864802360534668,0.9851700663566589,0.9826376438140869,0.258463054895401,0.30683374404907227,0.9852035641670227,/scicore/home/schwede/barta0000/scoring_pipeline/run1/5ig7_abc_cut_B_V38A/boltz_with_template/output/boltz_results_5ig7_abc_cut_B_V38A/predictions/5ig7_abc_cut_B_V38A/5ig7_abc_cut_B_V38A_model_0.cif,0.97963,0.5941,0.9691,0.8905,4.9266471068064375,5.13632074991862,4.716973463694255,0.1345239987454723,0.3174647602169883,1.1473884582519531,1.0585105419158936,1.2362663745880127,4.6981602509816485,4.980361302693685,4.415959199269612,0.1563576973284488,0.320421669767208,1.138117432594299,1.0460455417633057,1.230189323425293,4.905679941177368,4.882359504699707,4.929000377655029,0.1564851306041102,0.3140792229384993,1.1581100225448608,1.0393612384796145,1.2768588066101074,4.827419122060141,4.7767988840738935,4.878039360046387,0.1448869369961,0.3039416555674863,1.1909195184707642,1.151032567024231,1.2308064699172974,5.1356901327768965,4.590285936991374,5.681094328562419,0.1560207242740683,0.2692500024100266,1.312114953994751,1.3187190294265747,1.3055108785629272
5ig7_abc_cut_B_V38A,False,"A,C",2.5409379337695817,95.79346216657594,10.5,1.34,2.353571428571428,94.35258104565511,0.770096,0.2022,0.8747,0.7577,0.9,0.48000000000000004,-9.01,0.0,0.96,,0.158,2.571711943948708,97.64711382113822,82.9,10.27,2.117,96.7893762588501,0.741493,0.2262,0.8971,0.73,0.92,0.94,49.42,1.0,,0.8423527364004575,0.8459010716810237,,,79.28264,11.963028,0.7448997,,,,,,,0.8897017240524292,/scicore/home/schwede/barta0000/scoring_pipeline/run1/5ig7_abc_cut_B_V38A/chai_no_constraints/seed_2244/pred.model_idx_2.cif,0.9108794331550598,/scicore/home/schwede/barta0000/scoring_pipeline/run1/5ig7_abc_cut_B_V38A/chai_with_constraints/seed_1047/pred.model_idx_3.cif,0.8897017240524292,0.944841206073761,0.8759168386459351,"[[0.9432534575462341, 0.9479488134384155, 0.09250660985708237]]","[[[0.9432534575462341, 0.8869456648826599, 0.0380576066672802], [0.8843246698379517, 0.9479488134384155, 0.026598045602440834], [0.5354738235473633, 0.47442662715911865, 0.09250660985708237]]]",0.0380576066672802,0.332534,0.1915,0.7176,0.4473,0.9108794331550598,0.954180121421814,0.9000542759895325,"[[0.9457123875617981, 0.949378252029419, 0.17459672689437866]]","[[[0.9457123875617981, 0.89024418592453, 0.07217980921268463], [0.8915351629257202, 0.949378252029419, 0.12057100236415863], [0.7267162799835205, 0.749582052230835, 0.17459672689437866]]]",0.07217980921268463,0.66742,0.2095,0.8939,0.7183,0.9846965670585632,0.9900841116905212,0.9860972762107849,0.9843464493751526,0.9815249443054199,0.25563594698905945,0.2853051424026489,0.9429364800453186,/scicore/home/schwede/barta0000/scoring_pipeline/run1/5ig7_abc_cut_B_V38A/boltz_free/output/boltz_results_5ig7_abc_cut_B_V38A/predictions/5ig7_abc_cut_B_V38A/5ig7_abc_cut_B_V38A_model_0.cif,0.912154,0.2534,0.9538,0.8513,0.9854320883750916,0.9904015064239502,0.9864802360534668,0.9851700663566589,0.9826376438140869,0.258463054895401,0.30683374404907227,0.9280539155006409,/scicore/home/schwede/barta0000/scoring_pipeline/run1/5ig7_abc_cut_B_V38A/boltz_with_template/output/boltz_results_5ig7_abc_cut_B_V38A/predictions/5ig7_abc_cut_B_V38A/5ig7_abc_cut_B_V38A_model_0.cif,0.8838,0.2414,0.954,0.84,3.108387629191081,5.13632074991862,1.0804545084635415,0.1707448957495392,0.2361744212635017,1.443184673786163,1.0585105419158936,1.827858805656433,2.9985044201215105,4.980361302693685,1.016647537549337,0.1676003750472692,0.2353796456747098,1.4465555548667908,1.0460455417633057,1.847065567970276,2.931377092997233,4.882359504699707,0.9803946812947592,0.2278995530402712,0.2231563485856141,1.4998826384544373,1.0393612384796145,1.9604040384292605,2.9588397443294525,4.7767988840738935,1.1408806045850115,0.2419798908068189,0.1911787243537092,1.654546558856964,1.151032567024231,2.1580605506896973,3.0988725423812866,4.590285936991374,1.6074591477711997,0.2573713103208562,0.1475809005701662,1.9133787751197813,1.3187190294265747,2.5080385208129883
5ig7_abc_cut_B_V38A,False,"B,C",2.5409379337695817,95.79346216657594,11.1,1.47,1.7475,95.161106914553,0.783895,0.1964,0.8981,0.7512,0.92,0.48000000000000004,-12.5,0.0,0.96,,0.169,2.571711943948708,97.64711382113822,25.48,3.37,1.7028125,97.11687469482422,0.748678,0.2058,0.9099,0.7294,0.92,0.94,14.57,1.0,,0.8670061913795266,0.8902500325208096,,,79.28264,11.963028,0.7448997,,,,,,,0.8897017240524292,/scicore/home/schwede/barta0000/scoring_pipeline/run1/5ig7_abc_cut_B_V38A/chai_no_constraints/seed_2244/pred.model_idx_2.cif,0.9108794331550598,/scicore/home/schwede/barta0000/scoring_pipeline/run1/5ig7_abc_cut_B_V38A/chai_with_constraints/seed_1047/pred.model_idx_3.cif,0.8897017240524292,0.944841206073761,0.8759168386459351,"[[0.9432534575462341, 0.9479488134384155, 0.09250660985708237]]","[[[0.9432534575462341, 0.8869456648826599, 0.0380576066672802], [0.8843246698379517, 0.9479488134384155, 0.026598045602440834], [0.5354738235473633, 0.47442662715911865, 0.09250660985708237]]]",0.026598045602440834,0.281902,0.1551,0.3205,0.4299,0.9108794331550598,0.954180121421814,0.9000542759895325,"[[0.9457123875617981, 0.949378252029419, 0.17459672689437866]]","[[[0.9457123875617981, 0.89024418592453, 0.07217980921268463], [0.8915351629257202, 0.949378252029419, 0.12057100236415863], [0.7267162799835205, 0.749582052230835, 0.17459672689437866]]]",0.12057100236415863,0.66445,0.1635,0.91,0.7244,0.9846965670585632,0.9900841116905212,0.9860972762107849,0.9843464493751526,0.9815249443054199,0.25563594698905945,0.2853051424026489,0.9153329133987427,/scicore/home/schwede/barta0000/scoring_pipeline/run1/5ig7_abc_cut_B_V38A/boltz_free/output/boltz_results_5ig7_abc_cut_B_V38A/predictions/5ig7_abc_cut_B_V38A/5ig7_abc_cut_B_V38A_model_0.cif,0.85272,0.2163,0.9323,0.8451,0.9854320883750916,0.9904015064239502,0.9864802360534668,0.9851700663566589,0.9826376438140869,0.258463054895401,0.30683374404907227,0.9012123942375183,/scicore/home/schwede/barta0000/scoring_pipeline/run1/5ig7_abc_cut_B_V38A/boltz_with_template/output/boltz_results_5ig7_abc_cut_B_V38A/predictions/5ig7_abc_cut_B_V38A/5ig7_abc_cut_B_V38A_model_0.cif,0.818341,0.2174,0.9318,0.8295,2.8987139860788984,4.716973463694255,1.0804545084635415,0.1862896430188573,0.2160895032724421,1.532062590122223,1.2362663745880127,1.827858805656433,2.7163033684094744,4.415959199269612,1.016647537549337,0.199609140852247,0.2146755531593246,1.5386274456977844,1.230189323425293,1.847065567970276,2.954697529474894,4.929000377655029,0.9803946812947592,0.1952615678512395,0.1981697242036997,1.6186314225196838,1.2768588066101074,1.9604040384292605,3.009459982315699,4.878039360046387,1.1408806045850115,0.214116292558859,0.1837032655642787,1.694433510303497,1.2308064699172974,2.1580605506896973,3.644276738166809,5.681094328562419,1.6074591477711997,0.2034329166665882,0.1485587613489835,1.9067746996879575,1.3055108785629272,2.5080385208129883
5ijk_acx_cut_B_Y38A,False,"A,B",3.4551539491298526,91.80864893062076,27.46,1.8,2.4865384615384616,93.45978503518519,0.86677,0.5193,0.8652,0.738,0.93,0.915,-148.72,0.0,0.93,0.5027,0.229,3.2528328575345555,95.51257028112448,65.72,4.3,2.0584000000000002,96.62333340115018,0.849329,0.5496,0.8954,0.7507,0.9,0.93,128.99,1.0,0.992,0.8715060402383252,0.8800808125790109,3.9657122998526604,77.46944427490234,80.05418,11.326717,0.7673031,,,,,,,0.8769315481185913,/scicore/home/schwede/barta0000/scoring_pipeline/run1/5ijk_acx_cut_B_Y38A/chai_no_constraints/seed_1128/pred.model_idx_3.cif,0.9036681652069092,/scicore/home/schwede/barta0000/scoring_pipeline/run1/5ijk_acx_cut_B_Y38A/chai_with_constraints/seed_4062/pred.model_idx_2.cif,0.8769315481185913,0.9345978498458862,0.8625149726867676,"[[0.9347723126411438, 0.9516543745994568, 0.09660448133945465]]","[[[0.9347723126411438, 0.8869415521621704, 0.008730241097509861], [0.8715677261352539, 0.9516543745994568, 0.008987493813037872], [0.1811678409576416, 0.1775335967540741, 0.09660448133945465]]]",0.8869415521621704,0.890078,0.4439,0.7892,0.7298,0.9036681652069092,0.9525940418243408,0.8914366960525513,"[[0.9460254311561584, 0.9520831108093262, 0.13327106833457947]]","[[[0.9460254311561584, 0.8908280730247498, 0.037157610058784485], [0.8865761160850525, 0.9520831108093262, 0.06102980673313141], [0.6002328991889954, 0.5979776978492737, 0.13327106833457947]]]",0.8908280730247498,0.895485,0.4901,0.8467,0.735,0.978641152381897,0.9898067116737366,0.9855931401252747,0.9769031405448914,0.9706941843032837,0.25513675808906555,0.27820849418640137,0.9853311777114868,/scicore/home/schwede/barta0000/scoring_pipeline/run1/5ijk_acx_cut_B_Y38A/boltz_free/output/boltz_results_5ijk_acx_cut_B_Y38A/predictions/5ijk_acx_cut_B_Y38A/5ijk_acx_cut_B_Y38A_model_0.cif,0.97876,0.527,0.9704,0.8886,0.979851245880127,0.9906911849975586,0.9867662787437439,0.9781225323677063,0.9730619192123413,0.2556997537612915,0.28502002358436584,0.9869215488433838,/scicore/home/schwede/barta0000/scoring_pipeline/run1/5ijk_acx_cut_B_Y38A/boltz_with_template/output/boltz_results_5ijk_acx_cut_B_Y38A/predictions/5ijk_acx_cut_B_Y38A/5ijk_acx_cut_B_Y38A_model_0.cif,0.981201,0.5401,0.9713,0.8937,5.038546244303385,5.522339661916097,4.554752826690674,0.134219065138998,0.3726167121872682,0.9872049689292908,0.9886898398399352,0.9857200980186462,5.160030444463094,5.703964551289876,4.616096337636312,0.1505605800037676,0.3530979072155855,1.0410099029541016,1.0646406412124634,1.0173791646957395,5.427527666091919,5.495424270629883,5.359631061553955,0.146487337173635,0.3680959933471819,0.9994115233421326,1.0421113967895508,0.9567116498947144,5.1682627995808925,5.3722076416015625,4.964317957560222,0.1400872779461711,0.342875326763998,1.070388376712799,1.0644309520721436,1.0763458013534546,5.149350722630819,5.420812606811523,4.877888838450114,0.1381526319270934,0.3471972274095788,1.0578622817993164,1.046049952507019,1.0696746110916138
5ijk_acx_cut_B_Y38A,False,"A,C",3.4551539491298526,91.80864893062076,110.8,19.26,5.61875,65.55263292221795,0.037582,0.0279,0.0683,0.3248,0.53,0.465,59.2,0.0,0.93,,0.316,3.2528328575345555,95.51257028112448,11.63,2.67,3.5625,74.93818179043856,0.065712,0.0378,0.0546,0.24,0.9,0.93,29.06,1.0,,0.26615477512243446,0.8046743494195877,,,80.05418,11.326717,0.7673031,,,,,,,0.8769315481185913,/scicore/home/schwede/barta0000/scoring_pipeline/run1/5ijk_acx_cut_B_Y38A/chai_no_constraints/seed_1128/pred.model_idx_3.cif,0.9036681652069092,/scicore/home/schwede/barta0000/scoring_pipeline/run1/5ijk_acx_cut_B_Y38A/chai_with_constraints/seed_4062/pred.model_idx_2.cif,0.8769315481185913,0.9345978498458862,0.8625149726867676,"[[0.9347723126411438, 0.9516543745994568, 0.09660448133945465]]","[[[0.9347723126411438, 0.8869415521621704, 0.008730241097509861], [0.8715677261352539, 0.9516543745994568, 0.008987493813037872], [0.1811678409576416, 0.1775335967540741, 0.09660448133945465]]]",0.008730241097509861,0.032129,0.0441,0.0325,0.244,0.9036681652069092,0.9525940418243408,0.8914366960525513,"[[0.9460254311561584, 0.9520831108093262, 0.13327106833457947]]","[[[0.9460254311561584, 0.8908280730247498, 0.037157610058784485], [0.8865761160850525, 0.9520831108093262, 0.06102980673313141], [0.6002328991889954, 0.5979776978492737, 0.13327106833457947]]]",0.037157610058784485,0.482234,0.0248,0.4707,0.5757,0.978641152381897,0.9898067116737366,0.9855931401252747,0.9769031405448914,0.9706941843032837,0.25513675808906555,0.27820849418640137,0.9523071646690369,/scicore/home/schwede/barta0000/scoring_pipeline/run1/5ijk_acx_cut_B_Y38A/boltz_free/output/boltz_results_5ijk_acx_cut_B_Y38A/predictions/5ijk_acx_cut_B_Y38A/5ijk_acx_cut_B_Y38A_model_0.cif,0.927123,0.0577,0.8728,0.8347,0.979851245880127,0.9906911849975586,0.9867662787437439,0.9781225323677063,0.9730619192123413,0.2556997537612915,0.28502002358436584,0.9496521949768066,/scicore/home/schwede/barta0000/scoring_pipeline/run1/5ijk_acx_cut_B_Y38A/boltz_with_template/output/boltz_results_5ijk_acx_cut_B_Y38A/predictions/5ijk_acx_cut_B_Y38A/5ijk_acx_cut_B_Y38A_model_0.cif,0.921925,0.0673,0.8894,0.8276,3.1987896859645844,5.522339661916097,0.8752397100130717,0.2248790348013449,0.2555091861070298,1.3644969165325165,0.9886898398399352,1.7403039932250977,3.3047450184822083,5.703964551289876,0.9055254856745402,0.2710499884139925,0.2517358586081994,1.379374921321869,1.0646406412124634,1.6941092014312744,3.066291426618894,5.495424270629883,0.637158582607905,0.1840998075344797,0.2343384947031366,1.4509886503219604,1.0421113967895508,1.85986590385437,2.748196542883913,5.3722076416015625,0.1241854441662629,0.0935421322087807,0.1997148342806885,1.610864758491516,1.0644309520721436,2.1572985649108887,3.380099266767502,5.420812606811523,1.3393859267234802,0.2103785342955129,0.1620825673926384,1.8196493983268736,1.046049952507019,2.5932488441467285
5ijk_acx_cut_B_Y38A,False,"B,C",3.4551539491298526,91.80864893062076,57.3,8.45,2.914285714285714,71.90214008434052,0.057668,0.058,0.1783,0.3473,0.58,0.47000000000000003,35.03,0.0,0.93,,0.315,3.2528328575345555,95.51257028112448,676.39,104.28,2.4,75.93999977111817,0.077534,0.05,0.0975,0.2508,0.9,0.93,318.46,1.0,,0.26152490169447,0.8620233159260222,,,80.05418,11.326717,0.7673031,,,,,,,0.8769315481185913,/scicore/home/schwede/barta0000/scoring_pipeline/run1/5ijk_acx_cut_B_Y38A/chai_no_constraints/seed_1128/pred.model_idx_3.cif,0.9036681652069092,/scicore/home/schwede/barta0000/scoring_pipeline/run1/5ijk_acx_cut_B_Y38A/chai_with_constraints/seed_4062/pred.model_idx_2.cif,0.8769315481185913,0.9345978498458862,0.8625149726867676,"[[0.9347723126411438, 0.9516543745994568, 0.09660448133945465]]","[[[0.9347723126411438, 0.8869415521621704, 0.008730241097509861], [0.8715677261352539, 0.9516543745994568, 0.008987493813037872], [0.1811678409576416, 0.1775335967540741, 0.09660448133945465]]]",0.008987493813037872,0.033115,0.0266,0.0852,0.2443,0.9036681652069092,0.9525940418243408,0.8914366960525513,"[[0.9460254311561584, 0.9520831108093262, 0.13327106833457947]]","[[[0.9460254311561584, 0.8908280730247498, 0.037157610058784485], [0.8865761160850525, 0.9520831108093262, 0.06102980673313141], [0.6002328991889954, 0.5979776978492737, 0.13327106833457947]]]",0.06102980673313141,0.469487,0.0897,0.5592,0.6004,0.978641152381897,0.9898067116737366,0.9855931401252747,0.9769031405448914,0.9706941843032837,0.25513675808906555,0.27820849418640137,0.9500895142555237,/scicore/home/schwede/barta0000/scoring_pipeline/run1/5ijk_acx_cut_B_Y38A/boltz_free/output/boltz_results_5ijk_acx_cut_B_Y38A/predictions/5ijk_acx_cut_B_Y38A/5ijk_acx_cut_B_Y38A_model_0.cif,0.917412,0.0994,0.8672,0.8467,0.979851245880127,0.9906911849975586,0.9867662787437439,0.9781225323677063,0.9730619192123413,0.2556997537612915,0.28502002358436584,0.9479488134384155,/scicore/home/schwede/barta0000/scoring_pipeline/run1/5ijk_acx_cut_B_Y38A/boltz_with_template/output/boltz_results_5ijk_acx_cut_B_Y38A/predictions/5ijk_acx_cut_B_Y38A/5ijk_acx_cut_B_Y38A_model_0.cif,0.912486,0.1353,0.8858,0.839,2.714996268351873,4.554752826690674,0.8752397100130717,0.1941861750318937,0.2558888660829972,1.363012045621872,0.9857200980186462,1.7403039932250977,2.760810911655426,4.616096337636312,0.9055254856745402,0.2182339123405641,0.2577554058529956,1.355744183063507,1.0173791646957395,1.6941092014312744,2.9983948220809302,5.359631061553955,0.637158582607905,0.2125379480444431,0.2445614244499862,1.4082887768745422,0.9567116498947144,1.85986590385437,2.544251700863242,4.964317957560222,0.1241854441662629,0.0982360270222797,0.1985285852089845,1.6168221831321716,1.0763458013534546,2.1572985649108887,3.108637382586797,4.877888838450114,1.3393859267234802,0.2318733362115609,0.1601792581228309,1.8314617276191711,1.0696746110916138,2.5932488441467285
