sample,binding,interface,af3_pae,af3_plddt,af3_interface_dG,af3_interface_dG_SASA_ratio,af3_ipae,af3_iplddt,af3_ipsae,af3_pdockq,af3_pdockq2,af3_lis,af3_iptm,af3_ptm,af3_pyros_binder_score,af3_rank,af3_ranking_score,af3_rank0_masif,cf_af3_rmsd,cf_pae,cf_plddt,cf_interface_dG,cf_interface_dG_SASA_ratio,cf_ipae,cf_iplddt,cf_ipsae,cf_pdockq,cf_pdockq2,cf_lis,cf_iptm,cf_ptm,cf_pyros_binder_score,cf_rank,cf_rank0_masif,pred_ilddt,pred_lddt,esmfold_ipae,esmfold_iplddt,esmfold_plddt,esmfold_pae,esmfold_ptm,esmfold2_ipae,esmfold2_iplddt,esmfold2_plddt,esmfold2_pae,esmfold2_ptm,esmfold2_iptm,chai_unconstrained_score,chai_unconstrained_model_path,chai_constrained_score,chai_constrained_model_path,chai_unconstrained_aggregate_score,chai_unconstrained_ptm,chai_unconstrained_iptm,chai_unconstrained_per_chain_ptm,chai_unconstrained_per_chain_pair_iptm,chai_unconstrained_interface_iptm,chai_unconstrained_ipsae,chai_unconstrained_pdockq,chai_unconstrained_pdockq2,chai_unconstrained_lis,chai_constrained_aggregate_score,chai_constrained_ptm,chai_constrained_iptm,chai_constrained_per_chain_ptm,chai_constrained_per_chain_pair_iptm,chai_constrained_interface_iptm,chai_constrained_ipsae,chai_constrained_pdockq,chai_constrained_pdockq2,chai_constrained_lis,boltz_free_confidence_score,boltz_free_ptm,boltz_free_iptm,boltz_free_plddt,boltz_free_iplddt,boltz_free_pde,boltz_free_ipde,boltz_free_per_chain_pair_iptm,boltz_free_model_path,boltz_free_ipsae,boltz_free_pdockq,boltz_free_pdockq2,boltz_free_lis,boltz_template_confidence_score,boltz_template_ptm,boltz_template_iptm,boltz_template_plddt,boltz_template_iplddt,boltz_template_pde,boltz_template_ipde,boltz_template_per_chain_pair_iptm,boltz_template_model_path,boltz_template_ipsae,boltz_template_pdockq,boltz_template_pdockq2,boltz_template_lis,af3_esm3dg_dg,af3_esm3dg_dg_a,af3_esm3dg_dg_b,af3_esm3dg_dg_std,af3_mpnn_confidence,af3_mpnn_nll,af3_mpnn_nll_a,af3_mpnn_nll_b,boltz_free_esm3dg_dg,boltz_free_esm3dg_dg_a,boltz_free_esm3dg_dg_b,boltz_free_esm3dg_dg_std,boltz_free_mpnn_confidence,boltz_free_mpnn_nll,boltz_free_mpnn_nll_a,boltz_free_mpnn_nll_b,boltz_template_esm3dg_dg,boltz_template_esm3dg_dg_a,boltz_template_esm3dg_dg_b,boltz_template_esm3dg_dg_std,boltz_template_mpnn_confidence,boltz_template_mpnn_nll,boltz_template_mpnn_nll_a,boltz_template_mpnn_nll_b,cf_esm3dg_dg,cf_esm3dg_dg_a,cf_esm3dg_dg_b,cf_esm3dg_dg_std,cf_mpnn_confidence,cf_mpnn_nll,cf_mpnn_nll_a,cf_mpnn_nll_b,chai_constrained_esm3dg_dg,chai_constrained_esm3dg_dg_a,chai_constrained_esm3dg_dg_b,chai_constrained_esm3dg_dg_std,chai_constrained_mpnn_confidence,chai_constrained_mpnn_nll,chai_constrained_mpnn_nll_a,chai_constrained_mpnn_nll_b,chai_unconstrained_esm3dg_dg,chai_unconstrained_esm3dg_dg_a,chai_unconstrained_esm3dg_dg_b,chai_unconstrained_esm3dg_dg_std,chai_unconstrained_mpnn_confidence,chai_unconstrained_mpnn_nll,chai_unconstrained_mpnn_nll_a,chai_unconstrained_mpnn_nll_b,esmfold_esm3dg_dg,esmfold_esm3dg_dg_a,esmfold_esm3dg_dg_b,esmfold_esm3dg_dg_std,esmfold_mpnn_confidence,esmfold_mpnn_nll,esmfold_mpnn_nll_a,esmfold_mpnn_nll_b
Nb.c202_B2AR,False,"A,B",8.84479277685053,83.01381288863764,284.74,9.67,6.995081967213114,79.77285467572678,0.678307,0.3979,0.2768,0.4004,0.82,0.81,109.07,0.0,0.85,0.9588,0.358,5.299619085443101,93.62417040358746,885.74,31.84,4.256120689655173,91.90909257368608,0.787915,0.5946,0.6752,0.4945,0.88,0.9,854.82,1.0,0.9226,0.6775503955219994,0.8425898636848564,19.786634922027588,52.63935089111328,73.5639,15.193285,0.6488999,,,,,,,0.32601040601730347,/scicore/home/schwede/barta0000/mcmahon_ds/originals/Nb.c202_B2AR/chai_no_constraints/seed_3616/pred.model_idx_4.cif,0.4567323327064514,/scicore/home/schwede/barta0000/mcmahon_ds/originals/Nb.c202_B2AR/chai_with_constraints/seed_4433/pred.model_idx_0.cif,0.32601040601730347,0.7153887748718262,0.2286657840013504,"[[0.8550470471382141, 0.8571233749389648]]","[[[0.8550470471382141, 0.2286657840013504], [0.17600210011005402, 0.8571233749389648]]]",0.2286657840013504,0.012521,0.133,0.011,0.0,0.4567323327064514,0.7774658203125,0.3765489459037781,"[[0.8573092222213745, 0.8519381880760193]]","[[[0.8573092222213745, 0.3765489459037781], [0.35796716809272766, 0.8519381880760193]]]",0.3765489459037781,0.217061,0.1643,0.0299,0.1638,0.8356313705444336,0.9175546169281006,0.883135199546814,0.8237553834915161,0.7012861967086792,0.460429847240448,1.6786741018295288,0.883135199546814,/scicore/home/schwede/barta0000/mcmahon_ds/originals/Nb.c202_B2AR/boltz_free/output/boltz_results_Nb.c202_B2AR/predictions/Nb.c202_B2AR/Nb.c202_B2AR_model_0.cif,0.749055,0.1672,0.1218,0.5323,0.896763265132904,0.9332929253578186,0.901140570640564,0.8956689238548279,0.8397444486618042,0.4566054940223694,2.247907876968384,0.901140570640564,/scicore/home/schwede/barta0000/mcmahon_ds/originals/Nb.c202_B2AR/boltz_with_template/output/boltz_results_Nb.c202_B2AR/predictions/Nb.c202_B2AR/Nb.c202_B2AR_model_0.cif,0.76825,0.4887,0.3096,0.5687,5.702014128367106,5.106817881266276,6.2972103754679365,0.2182019544569082,0.197241557189406,1.6233261227607727,1.2425674200057983,2.004084825515747,5.1627198457717896,4.033620436986287,6.291819254557292,0.2148471532339168,0.187285693421758,1.6751200556755066,1.3707796335220337,1.9794604778289795,5.191323081652324,4.105625549952189,6.277020613352458,0.1996857613605313,0.190214423633587,1.6596032977104187,1.319642186164856,1.9995644092559812,5.667904853820801,5.096600850423177,6.239208857218425,0.219701802729603,0.2084262016201368,1.5681702494621277,1.205872654914856,1.9304678440093996,5.500945965449016,4.716703573862712,6.285188357035319,0.2011155067914647,0.1697726374061484,1.7732951641082764,1.544022560119629,2.002567768096924,5.607690334320068,4.897702534993489,6.317678133646647,0.2159380252020742,0.1754089426124704,1.7406352162361145,1.4169718027114868,2.064298629760742,5.710012356440226,5.0914740562438965,6.328550656636556,0.1923205343955784,0.166325032016068,1.7938113808631897,1.4582821130752563,2.129340648651123
Nb.b201_HSA_404-601,False,"A,B",6.893647852908186,87.94335070140279,19.06,1.99,10.440384615384614,92.4403720258233,0.625092,0.2819,0.8276,0.3638,0.84,0.855,-11.8,0.0,0.83,0.2754,0.325,6.114218775036052,93.15727848101265,59596.57,1855.74,9.773269230769232,95.71791553497314,0.713582,0.2929,0.8463,0.3665,0.89,0.8,65086.93,1.0,0.0235,0.6747435345110386,0.8366553185495882,,,75.91107,14.42983,0.6074046,,,,,,,0.2594318389892578,/scicore/home/schwede/barta0000/mcmahon_ds/originals/Nb.b201_HSA_404-601/chai_no_constraints/seed_1039/pred.model_idx_2.cif,0.6475940942764282,/scicore/home/schwede/barta0000/mcmahon_ds/originals/Nb.b201_HSA_404-601/chai_with_constraints/seed_2056/pred.model_idx_1.cif,0.2594318389892578,0.6246131658554077,0.16813652217388153,"[[0.8954976201057434, 0.8623983263969421]]","[[[0.8954976201057434, 0.16813652217388153], [0.1264532059431076, 0.8623983263969421]]]",0.16813652217388153,0.005263,0.1133,0.011,0.0,0.6475940942764282,0.8246555924415588,0.6033287048339844,"[[0.8860877752304077, 0.8743113279342651]]","[[[0.8860877752304077, 0.6033287048339844], [0.5942447185516357, 0.8743113279342651]]]",0.6033287048339844,0.53182,0.1551,0.2987,0.4408,0.8497949838638306,0.7904407382011414,0.6884608864784241,0.890128493309021,0.8722577691078186,0.5976811647415161,3.9200820922851562,0.6884608864784241,/scicore/home/schwede/barta0000/mcmahon_ds/originals/Nb.b201_HSA_404-601/boltz_free/output/boltz_results_Nb.b201_HSA_404-601/predictions/Nb.b201_HSA_404-601/Nb.b201_HSA_404-601_model_0.cif,0.284184,0.1543,0.1465,0.2248,0.8579587936401367,0.7199418544769287,0.45487070083618164,0.9587307572364807,0.951998770236969,0.7226955890655518,9.58599853515625,0.45487070083618164,/scicore/home/schwede/barta0000/mcmahon_ds/originals/Nb.b201_HSA_404-601/boltz_with_template/output/boltz_results_Nb.b201_HSA_404-601/predictions/Nb.b201_HSA_404-601/Nb.b201_HSA_404-601_model_0.cif,0.105424,0.3059,0.0374,0.0189,4.091663241386414,5.8722968101501465,2.3110296726226807,0.1482878357624922,0.2166839557782384,1.5293154120445251,1.3517152070999146,1.7069156169891355,3.60262276728948,5.541427771250407,1.6638177633285522,0.1307226573032638,0.1992236640259046,1.613327145576477,1.405144214630127,1.8215100765228271,3.671406626701355,5.4216132164001465,1.9212000370025637,0.1469131479220112,0.2153731134174784,1.5353833436965942,1.3261908292770386,1.74457585811615,4.151293396949768,5.945061206817627,2.357525587081909,0.1699555594099285,0.2239342359621053,1.4964028596878052,1.3143857717514038,1.6784199476242063,3.735200663407644,5.521096706390381,1.9493046204249065,0.182905072434179,0.2137893175205646,1.5427642464637756,1.3796473741531372,1.705881118774414,4.051062881946564,5.819049994150798,2.28307576974233,0.19014612685309,0.2262713386851329,1.4860203862190249,1.254708766937256,1.7173320055007937,3.6791932582855225,5.426414648691813,1.931971867879232,0.1692511017957459,0.1994274066079595,1.612304985523224,1.4564179182052612,1.7681920528411863
Nb.c208_B2AR,False,"A,B",10.640798125842064,79.75491697157331,328.15,12.07,11.800943396226412,66.42186521495721,0.215394,0.1657,0.0657,0.1792,0.56,0.79,98.16,0.0,0.62,0.0278,0.384,6.04507550926019,92.23511210762332,1542.87,52.34,5.768536585365854,85.37478223054305,0.528625,0.4319,0.4571,0.3965,0.76,0.87,2062.3,1.0,0.6056,0.19420847547159711,0.8402111092235994,17.651032191056473,55.085636138916016,73.4483,14.678176,0.65965986,,,,,,,0.44384080171585083,/scicore/home/schwede/barta0000/mcmahon_ds/originals/Nb.c208_B2AR/chai_no_constraints/seed_3400/pred.model_idx_2.cif,0.4774547815322876,/scicore/home/schwede/barta0000/mcmahon_ds/originals/Nb.c208_B2AR/chai_with_constraints/seed_3742/pred.model_idx_0.cif,0.44384080171585083,0.7739211916923523,0.36132070422172546,"[[0.8985546827316284, 0.8614351153373718]]","[[[0.8985546827316284, 0.36132070422172546], [0.30567485094070435, 0.8614351153373718]]]",0.36132070422172546,0.209338,0.1189,0.0241,0.1164,0.4774547815322876,0.7906139492988586,0.39916494488716125,"[[0.8862677812576294, 0.8566975593566895]]","[[[0.8862677812576294, 0.39916494488716125], [0.3701508343219757, 0.8566975593566895]]]",0.39916494488716125,0.293163,0.0905,0.0282,0.213,0.8527108430862427,0.9322925806045532,0.8882816433906555,0.8438180685043335,0.7206190228462219,0.3918847441673279,1.1912424564361572,0.8882816433906555,/scicore/home/schwede/barta0000/mcmahon_ds/originals/Nb.c208_B2AR/boltz_free/output/boltz_results_Nb.c208_B2AR/predictions/Nb.c208_B2AR/Nb.c208_B2AR_model_0.cif,0.756765,0.1351,0.1638,0.5698,0.8931237459182739,0.8975825309753418,0.8043473958969116,0.9153178334236145,0.854531466960907,0.5105936527252197,2.78587007522583,0.8043473958969116,/scicore/home/schwede/barta0000/mcmahon_ds/originals/Nb.c208_B2AR/boltz_with_template/output/boltz_results_Nb.c208_B2AR/predictions/Nb.c208_B2AR/Nb.c208_B2AR_model_0.cif,0.611961,0.4015,0.2496,0.4555,5.714349190394083,5.134091377258301,6.294607003529866,0.2276045231695947,0.1698421100646074,1.772886037826538,1.5091123580932615,2.0366597175598145,5.591494480768839,4.767596085866292,6.415392875671387,0.2360057154716162,0.1631178828086608,1.813282132148743,1.5062949657440186,2.120269298553467,5.64735754330953,4.945860068003337,6.348855018615723,0.2137765543189942,0.1754731701312794,1.740269124507904,1.522388935089111,1.9581493139266968,5.683141311009725,5.080605824788411,6.285676797231038,0.2463741645615618,0.1793589122121724,1.7183663845062256,1.4677278995513916,1.96900486946106,5.9061572551727295,5.513178984324138,6.299135526021321,0.231819579495391,0.1850175348210244,1.687304675579071,1.3941447734832764,1.9804645776748655,6.065472920735678,5.833011309305827,6.297934532165527,0.2582689433524464,0.1834488534927561,1.69581937789917,1.3731236457824707,2.018515110015869,5.907783826192221,5.487608591715495,6.327959060668945,0.257020245074673,0.1662563142252057,1.7942246198654177,1.4592416286468506,2.1292076110839844
Nb.c203_B2AR,False,"A,B",10.097912102536803,81.0391834420187,123.43,4.85,7.734883720930233,72.66162881795493,0.286446,0.2292,0.1327,0.2124,0.67,0.8,100.52,0.0,0.73,0.989,0.258,4.906319024999488,95.12778280542986,2520.96,108.24,3.777560975609756,92.54658489692503,0.695575,0.5059,0.7183,0.4845,0.87,0.9,2204.24,1.0,0.983,0.47223496170808416,0.8554386794519355,16.608675003051758,50.090736389160156,73.431435,14.556013,0.66019845,,,,,,,0.35974881052970886,/scicore/home/schwede/barta0000/mcmahon_ds/originals/Nb.c203_B2AR/chai_no_constraints/seed_1964/pred.model_idx_4.cif,0.5888773202896118,/scicore/home/schwede/barta0000/mcmahon_ds/originals/Nb.c203_B2AR/chai_with_constraints/seed_3779/pred.model_idx_1.cif,0.35974881052970886,0.7231412529945374,0.26890069246292114,"[[0.8641464114189148, 0.8515748381614685]]","[[[0.8641464114189148, 0.26890069246292114], [0.1957802176475525, 0.8515748381614685]]]",0.26890069246292114,0.057971,0.1042,0.0122,0.0093,0.5888773202896118,0.8297721743583679,0.5286535620689392,"[[0.869354248046875, 0.8544241189956665]]","[[[0.869354248046875, 0.5286535620689392], [0.5199827551841736, 0.8544241189956665]]]",0.5286535620689392,0.438546,0.3306,0.0505,0.3369,0.8232828974723816,0.8901403546333313,0.8323885202407837,0.8210065364837646,0.7281683087348938,0.5649943351745605,3.1916592121124268,0.8323885202407837,/scicore/home/schwede/barta0000/mcmahon_ds/originals/Nb.c203_B2AR/boltz_free/output/boltz_results_Nb.c203_B2AR/predictions/Nb.c203_B2AR/Nb.c203_B2AR_model_0.cif,0.582944,0.2348,0.1049,0.4324,0.8667492270469666,0.9091265201568604,0.8447051048278809,0.8722602128982544,0.829020619392395,0.5664849877357483,3.0016016960144043,0.8447051048278809,/scicore/home/schwede/barta0000/mcmahon_ds/originals/Nb.c203_B2AR/boltz_with_template/output/boltz_results_Nb.c203_B2AR/predictions/Nb.c203_B2AR/Nb.c203_B2AR_model_0.cif,0.605685,0.4415,0.2366,0.4842,5.716690460840861,5.104534308115642,6.328846613566081,0.2042349060138965,0.1684763785978013,1.7809597253799438,1.5116236209869385,2.050295829772949,5.506230274836222,4.774485905965169,6.237974643707275,0.25659437967218,0.1910346643231983,1.6553003787994385,1.356661081314087,1.95393967628479,5.515988906224569,4.768110275268555,6.263867537180583,0.2654961820974671,0.1954930595833877,1.6322304010391235,1.3265907764434814,1.9378700256347656,5.752633889516195,5.210888544718425,6.294379234313965,0.2060536038573375,0.1773259925081257,1.7297654747962952,1.4683829545974731,1.9911479949951167,5.666376988093058,5.075749397277832,6.257004578908284,0.1947894996541473,0.1755926736863747,1.7395883202552795,1.541882872581482,1.9372937679290767,5.665427525838217,5.133355776468913,6.19749927520752,0.1988530542467045,0.1655925172039968,1.798225224018097,1.509234070777893,2.087216377258301,5.785330295562744,5.237292766571045,6.333367824554443,0.1886667534572763,0.1569709965162309,1.8516942262649536,1.563769817352295,2.1396186351776123
Nb.c200_B2AR,False,"A,B",8.070980835773224,84.81187358276644,130.38,4.16,5.260714285714286,80.77990936395169,0.645289,0.4054,0.2366,0.4274,0.85,0.825,14.32,0.0,0.89,0.9584,0.246,5.042661186298398,94.76323529411765,1224.46,44.99,3.4766666666666666,93.31488867865669,0.755667,0.5679,0.7462,0.5381,0.88,0.91,776.09,1.0,0.9107,0.857684128571168,0.8572865735449728,16.60075719015939,55.346405029296875,73.642426,14.512306,0.6633197,,,,,,,0.36349397897720337,/scicore/home/schwede/barta0000/mcmahon_ds/originals/Nb.c200_B2AR/chai_no_constraints/seed_1178/pred.model_idx_0.cif,0.4942662715911865,/scicore/home/schwede/barta0000/mcmahon_ds/originals/Nb.c200_B2AR/chai_with_constraints/seed_1200/pred.model_idx_1.cif,0.36349397897720337,0.7373694777488708,0.2700251042842865,"[[0.8929339051246643, 0.8626202940940857]]","[[[0.8929339051246643, 0.2700251042842865], [0.20960603654384613, 0.8626202940940857]]]",0.2700251042842865,0.101735,0.1314,0.0127,0.0426,0.4942662715911865,0.7915541529655457,0.41994428634643555,"[[0.8575956225395203, 0.8542185425758362]]","[[[0.8575956225395203, 0.41994428634643555], [0.3795049786567688, 0.8542185425758362]]]",0.41994428634643555,0.274676,0.2298,0.0453,0.1901,0.8397327661514282,0.8895425200462341,0.8046185374259949,0.848511278629303,0.723691999912262,0.5153336524963379,2.689556837081909,0.8046185374259949,/scicore/home/schwede/barta0000/mcmahon_ds/originals/Nb.c200_B2AR/boltz_free/output/boltz_results_Nb.c200_B2AR/predictions/Nb.c200_B2AR/Nb.c200_B2AR_model_0.cif,0.532111,0.1425,0.0993,0.4147,0.8580131530761719,0.9095847010612488,0.8176658153533936,0.8680999875068665,0.7701038718223572,0.4630470275878906,2.4659323692321777,0.8176658153533936,/scicore/home/schwede/barta0000/mcmahon_ds/originals/Nb.c200_B2AR/boltz_with_template/output/boltz_results_Nb.c200_B2AR/predictions/Nb.c200_B2AR/Nb.c200_B2AR_model_0.cif,0.570313,0.246,0.1672,0.4635,6.0163640181223546,5.6734619140625,6.35926612218221,0.2036712257700463,0.1876688450942921,1.673076331615448,1.296578049659729,2.049574613571167,6.0166544119517,5.685524304707845,6.347784519195557,0.2187616995327148,0.1791230291657429,1.7196823954582214,1.5174005031585691,1.921964287757873,5.968064149220785,5.600881099700928,6.335247198740642,0.2275303388379195,0.1820968243312091,1.703216731548309,1.4791969060897827,1.927236557006836,6.076899369557699,5.829773902893066,6.324024836222331,0.2100153900791504,0.1950018925517555,1.634746015071869,1.2821403741836548,1.987351655960083,6.028019030888876,5.826330184936523,6.229707876841228,0.2563118375736483,0.1847850914238909,1.6885617971420288,1.3645660877227783,2.0125575065612797,6.110960086186727,5.907184918721517,6.3147352536519366,0.2573347098021514,0.1840007102308445,1.6928156614303589,1.3493998050689695,2.036231517791748,6.03307310740153,5.729268232981364,6.336877981821696,0.2287246189771739,0.1628157905444059,1.815135836601257,1.4970388412475586,2.133232831954956
Nb.AD101_A2AR,False,"A,B",12.034588044700126,77.4113095956548,639.08,22.78,14.755681818181818,63.036935973209765,0.091485,0.1428,0.0242,0.0583,0.47,0.78,371.56,0.0,0.53,0.1643,0.284,5.59089102691265,92.43840375586853,3928.07,343.5,8.2215625,82.78547704787482,0.553068,0.3596,0.4043,0.4297,0.81,0.88,11364.54,1.0,0.0485,0.45782014540380084,0.8069440137105731,15.536882135603163,49.020782470703125,76.228874,13.434536,0.6814283,,,,,,,0.36779144406318665,/scicore/home/schwede/barta0000/mcmahon_ds/originals/Nb.AD101_A2AR/chai_no_constraints/seed_1999/pred.model_idx_4.cif,0.4089440107345581,/scicore/home/schwede/barta0000/mcmahon_ds/originals/Nb.AD101_A2AR/chai_with_constraints/seed_2324/pred.model_idx_1.cif,0.36779144406318665,0.7262497544288635,0.278176873922348,"[[0.8726198673248291, 0.8533979654312134]]","[[[0.8726198673248291, 0.278176873922348], [0.20642191171646118, 0.8533979654312134]]]",0.278176873922348,0.105844,0.1598,0.0131,0.0333,0.4089440107345581,0.758080005645752,0.32165998220443726,"[[0.8754442930221558, 0.8604868650436401]]","[[[0.8754442930221558, 0.32165998220443726], [0.28163209557533264, 0.8604868650436401]]]",0.32165998220443726,0.201931,0.0807,0.0356,0.1485,0.8670752644538879,0.8831198811531067,0.6953683495521545,0.9100019931793213,0.825217604637146,0.46341556310653687,4.816882133483887,0.6953683495521545,/scicore/home/schwede/barta0000/mcmahon_ds/originals/Nb.AD101_A2AR/boltz_free/output/boltz_results_Nb.AD101_A2AR/predictions/Nb.AD101_A2AR/Nb.AD101_A2AR_model_0.cif,0.345114,0.1049,0.0871,0.2317,0.9241684079170227,0.9395983815193176,0.8659490346908569,0.9387232661247253,0.8893744945526123,0.31478801369667053,1.3978668451309204,0.8659490346908569,/scicore/home/schwede/barta0000/mcmahon_ds/originals/Nb.AD101_A2AR/boltz_with_template/output/boltz_results_Nb.AD101_A2AR/predictions/Nb.AD101_A2AR/Nb.AD101_A2AR_model_0.cif,0.66055,0.1915,0.4559,0.5193,5.788234631220499,5.229837258656819,6.34663200378418,0.1575660961084634,0.1737479060575895,1.750149846076965,1.3929204940795898,2.107379198074341,5.34940497080485,4.369221528371175,6.329588413238525,0.2180649699277736,0.1836502554064494,1.6947221159934998,1.4428696632385254,1.946574568748474,5.583840052286784,4.815678755442302,6.352001349131267,0.2022596154806811,0.204036439225089,1.5894566774368286,1.2787293195724487,1.9001840353012085,5.898958524068197,5.450233141581218,6.347683906555176,0.1743915243285157,0.1784257368828496,1.7235828042030334,1.441714644432068,2.005450963973999,5.817362387975058,5.333942413330078,6.300782362620036,0.2121500818047829,0.1943078879813659,1.6383113265037537,1.3102482557296753,1.966374397277832,5.810083945592244,5.303474267323812,6.316693623860677,0.2018449007457659,0.1904877327651491,1.6581674814224243,1.348107933998108,1.9682270288467407,5.944571256637573,5.575085481007894,6.314057032267253,0.1983146617173778,0.1951083419536849,1.6342002749443054,1.2909154891967771,1.9774850606918333
Nb.AQ103_Adiponectin,False,"A,B",14.153656286043827,79.53349462365593,183.77,11.66,5.978260869565216,64.94407104454757,0.005775,0.0752,0.0116,0.0021,0.17,0.825,57.98,0.0,0.24,0.8695,1.19,5.117199538638984,92.7061568627451,18251.2,835.37,3.548409090909091,84.73391358748727,0.421352,0.1907,0.3342,0.4317,0.65,0.81,18606.78,1.0,0.9614,0.10286851638416607,0.8307620486904792,,,77.40264,16.598183,0.5018766,,,,,,,0.31153368949890137,/scicore/home/schwede/barta0000/mcmahon_ds/originals/Nb.AQ103_Adiponectin/chai_no_constraints/seed_1014/pred.model_idx_2.cif,0.41996029019355774,/scicore/home/schwede/barta0000/mcmahon_ds/originals/Nb.AQ103_Adiponectin/chai_with_constraints/seed_2349/pred.model_idx_4.cif,0.31153368949890137,0.6346412897109985,0.23075680434703827,"[[0.9022428393363953, 0.890198826789856]]","[[[0.9022428393363953, 0.23075680434703827], [0.20594170689582825, 0.890198826789856]]]",0.23075680434703827,0.091507,0.0587,0.0146,0.0613,0.41996029019355774,0.6828979849815369,0.35422584414482117,"[[0.8977177739143372, 0.8736320734024048]]","[[[0.8977177739143372, 0.35422584414482117], [0.30622607469558716, 0.8736320734024048]]]",0.35422584414482117,0.235164,0.0917,0.0903,0.228,0.6074455976486206,0.6511664986610413,0.39209112524986267,0.6612842082977295,0.5691894292831421,1.3240805864334106,6.027678966522217,0.35867881774902344,/scicore/home/schwede/barta0000/mcmahon_ds/originals/Nb.AQ103_Adiponectin/boltz_free/output/boltz_results_Nb.AQ103_Adiponectin/predictions/Nb.AQ103_Adiponectin/Nb.AQ103_Adiponectin_model_0.cif,0.092068,0.0423,0.0132,0.0656,0.7998393177986145,0.7553316950798035,0.5882114171981812,0.8527462482452393,0.8055101037025452,1.1463136672973633,5.140207290649414,0.5882114171981812,/scicore/home/schwede/barta0000/mcmahon_ds/originals/Nb.AQ103_Adiponectin/boltz_with_template/output/boltz_results_Nb.AQ103_Adiponectin/predictions/Nb.AQ103_Adiponectin/Nb.AQ103_Adiponectin_model_0.cif,0.228659,0.2241,0.0812,0.2223,5.899736086527506,5.532768249511719,6.266703923543294,0.2514043995906394,0.2256270481134448,1.4888718724250791,1.3570351600646973,1.6207085847854614,5.536685307820638,5.108755906422933,5.964614709218343,0.1750509077144045,0.1821710795720127,1.7028090357780457,1.3093701601028442,2.096247911453247,5.4870987733205165,5.077200412750244,5.896997133890788,0.1586741778656059,0.2032288385619619,1.5934226512908936,1.2188810110092163,1.9679642915725708,5.874365329742432,5.471943060557048,6.276787598927816,0.2483799761970382,0.2212772170316908,1.508338987827301,1.3930115699768066,1.6236664056777954,5.78214430809021,5.365912119547526,6.198376496632894,0.2782336121286805,0.2214215137924751,1.5076870918273926,1.3091357946395874,1.7062383890151978,5.865078926086426,5.471352259318034,6.258805592854817,0.2883232189761056,0.2039368971545017,1.5899446606636047,1.359742522239685,1.8201467990875244,5.70533831914266,5.219154993693034,6.191521644592285,0.2348307609769397,0.2099742838534463,1.5607702136039734,1.3910014629364014,1.7305389642715454
Nb.c201_B2AR,False,"A,B",10.98674078939138,80.3560561765549,171.59,7.11,9.62051282051282,72.87685912556971,0.21197,0.235,0.0584,0.1267,0.6,0.805,-2.55,0.0,0.66,0.9603,0.314,4.939267686245074,94.76527397260274,392.25,16.27,4.347285714285714,93.09414598418445,0.718884,0.5394,0.6998,0.5097,0.88,0.9,768.32,1.0,0.955,0.42828415082402943,0.85182923227596,17.278729557991028,51.50891876220703,74.635475,14.640685,0.66041696,,,,,,,0.5397078394889832,/scicore/home/schwede/barta0000/mcmahon_ds/originals/Nb.c201_B2AR/chai_no_constraints/seed_1494/pred.model_idx_0.cif,0.6063684225082397,/scicore/home/schwede/barta0000/mcmahon_ds/originals/Nb.c201_B2AR/chai_with_constraints/seed_128/pred.model_idx_1.cif,0.5397078394889832,0.8031442165374756,0.47384873032569885,"[[0.8868491053581238, 0.8593847155570984]]","[[[0.8868491053581238, 0.47384873032569885], [0.4052010178565979, 0.8593847155570984]]]",0.47384873032569885,0.316554,0.1398,0.0399,0.1921,0.6063684225082397,0.8319629430770874,0.5499697327613831,"[[0.8918420076370239, 0.8633196353912354]]","[[[0.8918420076370239, 0.5499697327613831], [0.5054037570953369, 0.8633196353912354]]]",0.5499697327613831,0.469455,0.2569,0.1044,0.3632,0.8514211773872375,0.9168198108673096,0.8781090378761292,0.8447492122650146,0.7513406872749329,0.4572308361530304,2.103652000427246,0.8781090378761292,/scicore/home/schwede/barta0000/mcmahon_ds/originals/Nb.c201_B2AR/boltz_free/output/boltz_results_Nb.c201_B2AR/predictions/Nb.c201_B2AR/Nb.c201_B2AR_model_0.cif,0.687507,0.202,0.1745,0.5229,0.8833505511283875,0.9162421822547913,0.8849034309387207,0.8829623460769653,0.8275731205940247,0.45305925607681274,2.235991954803467,0.8849034309387207,/scicore/home/schwede/barta0000/mcmahon_ds/originals/Nb.c201_B2AR/boltz_with_template/output/boltz_results_Nb.c201_B2AR/predictions/Nb.c201_B2AR/Nb.c201_B2AR_model_0.cif,0.705283,0.3745,0.2974,0.5714,6.06101139386495,5.810016791025798,6.312005996704102,0.1872310672380676,0.1919742744337912,1.6503939032554626,1.270194411277771,2.0305933952331543,5.820643822352091,5.302012920379639,6.339274724324544,0.253025715894618,0.192246605780777,1.6489763259887695,1.3619312047958374,1.9360214471817017,5.89774759610494,5.424623171488444,6.370872020721436,0.2272864340157672,0.197979172842103,1.6195934414863586,1.3043221235275269,1.9348647594451904,5.998845815658569,5.715740203857422,6.281951427459717,0.1973531808242448,0.2022318049740471,1.5983406901359558,1.2277337312698364,1.9689476490020752,5.738771994908651,5.189127604166667,6.288416385650635,0.2420079463321769,0.1864247819649565,1.6797274351119995,1.3894269466400146,1.9700279235839844,5.8767924308776855,5.503425757090251,6.25015910466512,0.2353087691294622,0.183455884449098,1.6957810521125791,1.3886901140213013,2.0028719902038574,6.260344505310059,6.195874373118083,6.324814637502034,0.211687354047943,0.1722538800161489,1.758785843849182,1.3820722103118896,2.1354994773864746
Nb.c204_B2AR,False,"A,B",10.890106921487604,79.16853749284488,354.54,13.36,12.38625,66.97133542387002,0.187621,0.1826,0.0611,0.162,0.55,0.795,68.87,0.0,0.62,0.9009,0.32,5.292925361570247,93.26893181818183,1038.35,38.91,5.9314634146341465,85.21617077766581,0.529186,0.4168,0.537,0.4347,0.79,0.88,628.06,1.0,0.5787,0.2046499733316482,0.8116817916209195,16.362910454089825,54.92190170288086,73.75889,14.24529,0.6664302,,,,,,,0.459655225276947,/scicore/home/schwede/barta0000/mcmahon_ds/originals/Nb.c204_B2AR/chai_no_constraints/seed_2169/pred.model_idx_2.cif,0.7086514830589294,/scicore/home/schwede/barta0000/mcmahon_ds/originals/Nb.c204_B2AR/chai_with_constraints/seed_1951/pred.model_idx_3.cif,0.459655225276947,0.741823673248291,0.38911309838294983,"[[0.86663818359375, 0.8414572477340698]]","[[[0.86663818359375, 0.38911309838294983], [0.360589861869812, 0.8414572477340698]]]",0.38911309838294983,0.144203,0.273,0.0118,0.0552,0.7086514830589294,0.8545135855674744,0.6721858978271484,"[[0.87934809923172, 0.8612166047096252]]","[[[0.87934809923172, 0.6218267679214478], [0.6721858978271484, 0.8612166047096252]]]",0.6218267679214478,0.548816,0.2744,0.1481,0.3826,0.8825727701187134,0.9102481007575989,0.8486630320549011,0.8910501599311829,0.8393617272377014,0.4624249339103699,1.7489866018295288,0.8486630320549011,/scicore/home/schwede/barta0000/mcmahon_ds/originals/Nb.c204_B2AR/boltz_free/output/boltz_results_Nb.c204_B2AR/predictions/Nb.c204_B2AR/Nb.c204_B2AR_model_0.cif,0.752887,0.4475,0.3913,0.4974,0.9316152930259705,0.9286314249038696,0.8915039300918579,0.9416430592536926,0.9246194362640381,0.4393627643585205,1.7169945240020752,0.8915039300918579,/scicore/home/schwede/barta0000/mcmahon_ds/originals/Nb.c204_B2AR/boltz_with_template/output/boltz_results_Nb.c204_B2AR/predictions/Nb.c204_B2AR/Nb.c204_B2AR_model_0.cif,0.733728,0.6002,0.6254,0.568,6.280589262644449,6.235443909962972,6.325734615325928,0.3029496624602082,0.1766182722609684,1.7337645292282104,1.4183385372161863,2.0491905212402344,5.855889081954956,5.396578311920166,6.315199851989746,0.286722543057645,0.1790887926956035,1.719873547554016,1.4973810911178589,1.9423660039901731,5.8202972412109375,5.3146866162618,6.325907866160075,0.2865220066256427,0.1957323226132948,1.6310072541236875,1.3580949306488037,1.903919577598572,6.2563893000284825,6.233462651570638,6.279315948486328,0.3008357755279531,0.1816841529684434,1.7054855227470398,1.4238128662109375,1.987158179283142,5.830060084660848,5.365145047505696,6.294975121815999,0.2622579671931503,0.18047881591433,1.7121418714523315,1.4508769512176514,1.973406791687012,5.805542945861816,5.348958174387614,6.262127717336019,0.2779981141317059,0.180215022886153,1.7136045694351196,1.4367783069610596,1.99043083190918,5.893486261367798,5.453553199768066,6.333419322967529,0.2427904910399034,0.1615562588482527,1.8229018449783323,1.4960646629333496,2.1497390270233154
Nb.AQ100_Adiponectin,False,"A,B",12.931578241230753,81.31933848382424,205.51,11.33,5.768421052631578,70.29569727677571,0.006573,0.1487,0.0147,0.0213,0.2,0.84,-56.62,0.0,0.27,0.8517,0.31,5.206715910615524,92.88629343629343,12945.0,596.82,3.546923076923077,84.94366683959962,0.370364,0.2872,0.3299,0.3998,0.62,0.79,26952.43,1.0,0.986,0.1306931707233784,0.8371524050526356,19.922087907791138,56.57594299316406,77.77285,16.847645,0.49774432,,,,,,,0.25440025329589844,/scicore/home/schwede/barta0000/mcmahon_ds/originals/Nb.AQ100_Adiponectin/chai_no_constraints/seed_1110/pred.model_idx_3.cif,0.3525729775428772,/scicore/home/schwede/barta0000/mcmahon_ds/originals/Nb.AQ100_Adiponectin/chai_with_constraints/seed_4436/pred.model_idx_3.cif,0.25440025329589844,0.590380072593689,0.1704052984714508,"[[0.8772791624069214, 0.8879954814910889]]","[[[0.8772791624069214, 0.1704052984714508], [0.14785991609096527, 0.8879954814910889]]]",0.1704052984714508,0.028691,0.0486,0.0108,0.0128,0.3525729775428772,0.6355966329574585,0.28181707859039307,"[[0.8828604221343994, 0.8691251873970032]]","[[[0.8828604221343994, 0.28181707859039307], [0.23142395913600922, 0.8691251873970032]]]",0.28181707859039307,0.163092,0.0822,0.0268,0.1292,0.6363727450370789,0.6798897385597229,0.4543898105621338,0.6818684339523315,0.5886351466178894,1.324753761291504,5.178491592407227,0.4413303732872009,/scicore/home/schwede/barta0000/mcmahon_ds/originals/Nb.AQ100_Adiponectin/boltz_free/output/boltz_results_Nb.AQ100_Adiponectin/predictions/Nb.AQ100_Adiponectin/Nb.AQ100_Adiponectin_model_0.cif,0.140879,0.0769,0.0173,0.1045,0.8037857413291931,0.7762379050254822,0.6321554183959961,0.8466933369636536,0.7783713936805725,1.1242306232452393,4.794119358062744,0.6321554183959961,/scicore/home/schwede/barta0000/mcmahon_ds/originals/Nb.AQ100_Adiponectin/boltz_with_template/output/boltz_results_Nb.AQ100_Adiponectin/predictions/Nb.AQ100_Adiponectin/Nb.AQ100_Adiponectin_model_0.cif,0.268686,0.2883,0.0783,0.257,6.583101352055868,6.9274360338846845,6.238766670227051,0.2588353357627632,0.233367858310282,1.4551392793655396,1.2925306558609009,1.6177479028701782,5.8871528307596845,5.825245539347331,5.949060122172038,0.2128075581907758,0.1874118900812949,1.6744464635849,1.149470567703247,2.1994223594665527,5.754249970118204,5.759978771209717,5.748521169026692,0.2222857174285912,0.2231107967798924,1.500086784362793,1.10655677318573,1.893616795539856,6.626268068949382,7.014310518900554,6.23822561899821,0.2491763628965014,0.2278830082254954,1.4789229035377502,1.3280974626541138,1.6297483444213867,5.996099233627319,5.9192783037821455,6.072920163472493,0.2395590722163607,0.2373408200747822,1.4382581114768982,1.1362823247909546,1.7402338981628418,6.171622117360433,6.178967316945394,6.164276917775472,0.2748295475787033,0.2227825271554461,1.5015591979026794,1.2636237144470217,1.7394946813583374,6.150929689407349,6.147507031758626,6.154352347056071,0.2531379177425371,0.2120898931309004,1.5507450699806211,1.358124017715454,1.7433661222457886
Nb.AQ104_Adiponectin,False,"A,B",12.59147194219451,81.93641927710844,145.68,11.63,10.914285714285716,58.575073980761395,0.006316,0.0706,0.0157,0.027,0.22,0.8400000000000001,-85.54,0.0,0.29,0.9509,0.474,8.728086358603809,89.57068702290077,717.02,58.12,5.464464285714287,75.30185219093606,0.145388,0.1641,0.0475,0.1362,0.43,0.69,307.39,1.0,0.6255,0.11099261277792107,0.8905701373547756,18.096211751302082,50.28127670288086,76.58791,16.708109,0.4931643,,,,,,,0.2355702519416809,/scicore/home/schwede/barta0000/mcmahon_ds/originals/Nb.AQ104_Adiponectin/chai_no_constraints/seed_3061/pred.model_idx_0.cif,0.3432959318161011,/scicore/home/schwede/barta0000/mcmahon_ds/originals/Nb.AQ104_Adiponectin/chai_with_constraints/seed_1887/pred.model_idx_4.cif,0.2355702519416809,0.5755584836006165,0.15057319402694702,"[[0.8559679985046387, 0.8897078633308411]]","[[[0.8559679985046387, 0.15057319402694702], [0.13327950239181519, 0.8897078633308411]]]",0.15057319402694702,0.005675,0.0685,0.0103,0.0,0.3432959318161011,0.6375021934509277,0.2697443664073944,"[[0.8588204979896545, 0.8878206610679626]]","[[[0.8588204979896545, 0.2697443664073944], [0.24044889211654663, 0.8878206610679626]]]",0.2697443664073944,0.142033,0.1465,0.0204,0.1389,0.5472399592399597,0.5627082586288452,0.23813189566135406,0.6245169639587402,0.5465561151504517,1.2182958126068115,6.836391448974609,0.19363011419773102,/scicore/home/schwede/barta0000/mcmahon_ds/originals/Nb.AQ104_Adiponectin/boltz_free/output/boltz_results_Nb.AQ104_Adiponectin/predictions/Nb.AQ104_Adiponectin/Nb.AQ104_Adiponectin_model_0.cif,0.025867,0.0391,0.0117,0.042,0.7370933890342712,0.6710206270217896,0.5236323475837708,0.790458619594574,0.7062593102455139,1.177037239074707,4.416706085205078,0.507780909538269,/scicore/home/schwede/barta0000/mcmahon_ds/originals/Nb.AQ104_Adiponectin/boltz_with_template/output/boltz_results_Nb.AQ104_Adiponectin/predictions/Nb.AQ104_Adiponectin/Nb.AQ104_Adiponectin_model_0.cif,0.177027,0.0914,0.0564,0.1967,6.1527682940165205,6.090847174326579,6.214689413706462,0.2065747269034905,0.23273712345285,1.457845687866211,1.216564416885376,1.699126958847046,5.741030216217041,5.343541940053304,6.138518492380778,0.1594445742823899,0.1570595124081031,1.851130485534668,1.445232629776001,2.257028341293335,5.900247097015381,5.620340347290039,6.180153846740723,0.1410498651043453,0.178952616221501,1.7206342220306396,1.4371395111083984,2.004128932952881,6.244973818461101,6.228861014048259,6.261086622873942,0.2228132482503619,0.2328593975073886,1.4573204517364502,1.2226604223251345,1.691980481147766,5.926592350006104,5.65631087621053,6.196873823801677,0.2485659863881139,0.2034128635463507,1.5925175547599792,1.4545748233795166,1.730460286140442,5.968124151229858,5.807355086008708,6.128893216451009,0.2441327611810224,0.2142916559476738,1.5404173135757446,1.4168238639831543,1.664010763168335,6.119168837865194,6.040108839670817,6.19822883605957,0.1902569317711439,0.1982843439596859,1.6180531978607178,1.4995341300964355,1.736572265625
Nb.AQ101_Adiponectin,False,"A,B",13.803495785684337,80.75836483931947,46.76,3.01,13.596874999999999,58.775731063689264,0.00525,0.0573,0.0122,0.0,0.18,0.8400000000000001,-141.05,0.0,0.25,0.3511,0.506,6.670193294684035,92.66920152091255,16936.52,788.4,5.400517241379312,81.20370511655454,0.244249,0.2064,0.2045,0.252,0.55,0.75,15987.81,1.0,0.6636,0.11169281807232201,0.835296250753706,19.64353847503662,46.311729431152344,75.884834,17.064777,0.4880656,,,,,,,0.2615404725074768,/scicore/home/schwede/barta0000/mcmahon_ds/originals/Nb.AQ101_Adiponectin/chai_no_constraints/seed_2685/pred.model_idx_2.cif,0.40651410818099976,/scicore/home/schwede/barta0000/mcmahon_ds/originals/Nb.AQ101_Adiponectin/chai_with_constraints/seed_1831/pred.model_idx_4.cif,0.2615404725074768,0.5924381613731384,0.1788160502910614,"[[0.8713318109512329, 0.8909714221954346]]","[[[0.8713318109512329, 0.1788160502910614], [0.1645532101392746, 0.8909714221954346]]]",0.1788160502910614,0.040458,0.0466,0.0114,0.0131,0.40651410818099976,0.6766713857650757,0.3389747738838196,"[[0.8764632344245911, 0.8797900676727295]]","[[[0.8764632344245911, 0.3389747738838196], [0.31436967849731445, 0.8797900676727295]]]",0.3389747738838196,0.201847,0.2525,0.0703,0.1994,0.5993282198905945,0.5947086215019226,0.3977055251598358,0.64973384141922,0.5941382050514221,1.8304121494293213,6.731626510620117,0.3977055251598358,/scicore/home/schwede/barta0000/mcmahon_ds/originals/Nb.AQ101_Adiponectin/boltz_free/output/boltz_results_Nb.AQ101_Adiponectin/predictions/Nb.AQ101_Adiponectin/Nb.AQ101_Adiponectin_model_0.cif,0.030262,0.0759,0.0125,0.041,0.7584099769592285,0.6776349544525146,0.552837610244751,0.8098030686378479,0.7288914322853088,1.135793924331665,4.983984470367432,0.552837610244751,/scicore/home/schwede/barta0000/mcmahon_ds/originals/Nb.AQ101_Adiponectin/boltz_with_template/output/boltz_results_Nb.AQ101_Adiponectin/predictions/Nb.AQ101_Adiponectin/Nb.AQ101_Adiponectin_model_0.cif,0.212057,0.163,0.045,0.1986,6.020633061726889,5.907044887542725,6.134221235911052,0.2345308243217991,0.2082299086444794,1.569112479686737,1.4256421327590942,1.71258282661438,5.598159869511923,5.32457160949707,5.871748129526774,0.2071192100796167,0.1861906482833788,1.6809841394424438,1.3470449447631836,2.014923334121704,5.555142879486084,5.219315052032471,5.890970706939697,0.2276598324785942,0.1708754159056628,1.7668205499649048,1.4468486309051514,2.086792469024658,6.12236475944519,6.096541086832683,6.148188432057698,0.2244309329727631,0.2115658669843537,1.5532189011573792,1.3960736989974976,1.7103641033172607,5.713322877883911,5.231615702311198,6.195030053456624,0.2983298026576491,0.2097421631811741,1.5618762969970703,1.4470412731170654,1.6767113208770752,5.973384221394857,5.754916191101074,6.19185225168864,0.2645726092454319,0.2120887553951054,1.5507504343986511,1.4100292921066284,1.6914715766906738,5.774855931599936,5.365213871002197,6.184497992197673,0.2258266116115174,0.2035687818105939,1.5917513370513916,1.432283878326416,1.7512187957763672
Nb.c207_B2AR,False,"A,B",10.283465223889763,79.85343220338984,598.15,20.39,11.398750000000001,67.09774944300533,0.257839,0.2274,0.0741,0.2141,0.61,0.8,104.67,0.0,0.67,0.8938,0.329,5.117193546405684,93.70701357466064,1754.95,66.13,4.929285714285713,86.591111585829,0.551794,0.4916,0.5242,0.451,0.81,0.89,1336.22,1.0,0.9861,0.28846982718212033,0.84187313878094,21.416027069091797,65.32623291015625,74.157646,15.593741,0.64110446,,,,,,,0.7405050992965698,/scicore/home/schwede/barta0000/mcmahon_ds/originals/Nb.c207_B2AR/chai_no_constraints/seed_1212/pred.model_idx_2.cif,0.7428414225578308,/scicore/home/schwede/barta0000/mcmahon_ds/originals/Nb.c207_B2AR/chai_with_constraints/seed_1668/pred.model_idx_4.cif,0.7405050992965698,0.8483503460884094,0.7135437726974487,"[[0.8865060806274414, 0.857214093208313]]","[[[0.8865060806274414, 0.6309047341346741], [0.7135437726974487, 0.857214093208313]]]",0.6309047341346741,0.570986,0.2383,0.0696,0.3973,0.7428414225578308,0.8637382388114929,0.7126171588897705,"[[0.8898947238922119, 0.8665720224380493]]","[[[0.8898947238922119, 0.6564914584159851], [0.7126171588897705, 0.8665720224380493]]]",0.6564914584159851,0.627895,0.2725,0.1916,0.4278,0.8981760144233704,0.9515024423599243,0.9272969365119934,0.8908957839012146,0.8496279120445251,0.3472011983394623,0.9098510146141052,0.9272969365119934,/scicore/home/schwede/barta0000/mcmahon_ds/originals/Nb.c207_B2AR/boltz_free/output/boltz_results_Nb.c207_B2AR/predictions/Nb.c207_B2AR/Nb.c207_B2AR_model_0.cif,0.833134,0.4634,0.5453,0.63,0.9240022897720337,0.9308826327323914,0.9087961316108704,0.9278037548065186,0.9069917798042297,0.41704753041267395,1.7119204998016357,0.9087961316108704,/scicore/home/schwede/barta0000/mcmahon_ds/originals/Nb.c207_B2AR/boltz_with_template/output/boltz_results_Nb.c207_B2AR/predictions/Nb.c207_B2AR/Nb.c207_B2AR_model_0.cif,0.744652,0.5559,0.5832,0.5676,6.312773784001669,6.302568117777507,6.32297945022583,0.2361257546304198,0.172020020185044,1.7601444125175476,1.4145678281784058,2.105720996856689,5.714004913965861,5.1092549959818525,6.31875483194987,0.2434067728354221,0.1869951761127684,1.6766724586486816,1.3809194564819336,1.9724254608154297,5.711937824885051,5.13491694132487,6.288958708445231,0.2366562240681902,0.1899523754932872,1.6609818935394287,1.3767812252044678,1.9451825618743896,6.362646659215292,6.412870089213054,6.312423229217529,0.2370902392964823,0.1728890229359944,1.7551053762435913,1.5034668445587158,2.006743907928467,5.944130897521973,5.646985212961833,6.241276582082112,0.2205142068789263,0.1981409644701054,1.618776559829712,1.215759515762329,2.0217936038970947,5.759195566177368,5.265611489613851,6.252779642740886,0.2467007880261204,0.1825824300519193,1.7005535364151,1.4225010871887207,1.9786059856414795,6.1295554637908936,5.94245704015096,6.316653887430827,0.2191337938593166,0.1636101980791888,1.810268521308899,1.4678003787994385,2.15273666381836
Nb.AD102_A2AR,False,"A,B",14.297871430216807,76.01814445451798,374.31,13.93,17.014864864864865,62.565369151296316,0.005404,0.1183,0.0118,0.0,0.25,0.775,210.4,0.0,0.33,0.2148,0.347,4.9016616665478345,94.32833723653395,11181.02,587.7,4.649722222222223,90.29555545383029,0.700968,0.4388,0.6723,0.5042,0.84,0.9,4979.12,1.0,0.2827,0.033561385787122075,0.7869007522983132,19.833744049072266,49.5527458190918,76.70052,14.318655,0.66481745,,,,,,,0.2890121638774872,/scicore/home/schwede/barta0000/mcmahon_ds/originals/Nb.AD102_A2AR/chai_no_constraints/seed_1343/pred.model_idx_1.cif,0.5142537355422974,/scicore/home/schwede/barta0000/mcmahon_ds/originals/Nb.AD102_A2AR/chai_with_constraints/seed_1150/pred.model_idx_0.cif,0.2890121638774872,0.6930322051048279,0.1880071461200714,"[[0.8982666730880737, 0.8556399345397949]]","[[[0.8982666730880737, 0.1880071461200714], [0.12630602717399597, 0.8556399345397949]]]",0.1880071461200714,0.0,0.2165,0.0107,0.0,0.5142537355422974,0.8076468110084534,0.44090551137924194,"[[0.9018582701683044, 0.8649592995643616]]","[[[0.9018582701683044, 0.44090551137924194], [0.4038063883781433, 0.8649592995643616]]]",0.44090551137924194,0.333846,0.196,0.0959,0.2519,0.854017436504364,0.8866072297096252,0.7091856598854065,0.890225350856781,0.80840665102005,0.4348304271697998,3.8522942066192627,0.7091856598854065,/scicore/home/schwede/barta0000/mcmahon_ds/originals/Nb.AD102_A2AR/boltz_free/output/boltz_results_Nb.AD102_A2AR/predictions/Nb.AD102_A2AR/Nb.AD102_A2AR_model_0.cif,0.309592,0.2265,0.087,0.2261,0.8998203277587891,0.9336972236633301,0.8399409651756287,0.9147902131080627,0.8514196872711182,0.3746024966239929,2.8031084537506104,0.8399409651756287,/scicore/home/schwede/barta0000/mcmahon_ds/originals/Nb.AD102_A2AR/boltz_with_template/output/boltz_results_Nb.AD102_A2AR/predictions/Nb.AD102_A2AR/Nb.AD102_A2AR_model_0.cif,0.60116,0.3873,0.2947,0.4591,6.171056032180786,5.9725691477457685,6.369542916615804,0.2323760110706824,0.1714898261167079,1.763231337070465,1.3683034181594849,2.1581592559814453,5.619215647379558,4.897113005320231,6.341318289438884,0.1782694042129954,0.1711711374377739,1.7650914192199707,1.5390305519104004,1.991152286529541,5.375320514043172,4.401535828908284,6.34910519917806,0.1833680426656708,0.1761371062883848,1.7364925742149353,1.476970911026001,1.9960142374038696,6.218943675359091,6.095814228057861,6.342073122660319,0.2269240725091192,0.1840163941339105,1.69273042678833,1.3916163444519043,1.993844509124756,5.862545092900594,5.435576756795247,6.2895134290059405,0.1438328841550512,0.1866518894644761,1.6785099506378174,1.3592702150344849,1.99774968624115,5.618981599807739,4.936766624450684,6.301196575164795,0.185618434106542,0.1909484306508396,1.655751883983612,1.3617573976516724,1.949746370315552,5.81654683748881,5.29739507039388,6.33569860458374,0.1417333960348993,0.1916188547094384,1.6522470116615295,1.32741117477417,1.9770828485488887
Nb.c210_B2AR,False,"A,B",10.52221187117381,80.56706248232966,177.13,6.4,9.666666666666666,71.35303265786,0.247872,0.2124,0.083,0.1669,0.62,0.81,116.33,0.0,0.68,0.2087,0.334,4.54798780737495,95.41694570135746,9967.79,619.9,4.37531914893617,92.18620025634766,0.686116,0.5136,0.7214,0.5181,0.87,0.91,12934.85,1.0,0.8822,0.33623837132890927,0.8399763860736117,19.80460484822591,51.05574417114258,73.49415,15.174129,0.64985925,,,,,,,0.7210593223571777,/scicore/home/schwede/barta0000/mcmahon_ds/originals/Nb.c210_B2AR/chai_no_constraints/seed_4269/pred.model_idx_1.cif,0.7283800840377808,/scicore/home/schwede/barta0000/mcmahon_ds/originals/Nb.c210_B2AR/chai_with_constraints/seed_186/pred.model_idx_4.cif,0.7210593223571777,0.8534091114997864,0.687971830368042,"[[0.89391028881073, 0.8586789965629578]]","[[[0.89391028881073, 0.6251551508903503], [0.687971830368042, 0.8586789965629578]]]",0.6251551508903503,0.560097,0.2775,0.212,0.3954,0.7283800840377808,0.8616461753845215,0.6950635313987732,"[[0.8975021243095398, 0.861022412776947]]","[[[0.8975021243095398, 0.6416571736335754], [0.6950635313987732, 0.861022412776947]]]",0.6416571736335754,0.604196,0.2713,0.0867,0.4164,0.8794980049133301,0.9457895755767822,0.9265206456184387,0.8677423596382141,0.80277019739151,0.346879780292511,0.8135189414024353,0.9265206456184387,/scicore/home/schwede/barta0000/mcmahon_ds/originals/Nb.c210_B2AR/boltz_free/output/boltz_results_Nb.c210_B2AR/predictions/Nb.c210_B2AR/Nb.c210_B2AR_model_0.cif,0.818844,0.2998,0.4017,0.6318,0.9013400077819824,0.9142367839813232,0.8674208521842957,0.9098198413848877,0.8721176981925964,0.41982632875442505,1.8749059438705444,0.8674208521842957,/scicore/home/schwede/barta0000/mcmahon_ds/originals/Nb.c210_B2AR/boltz_with_template/output/boltz_results_Nb.c210_B2AR/predictions/Nb.c210_B2AR/Nb.c210_B2AR_model_0.cif,0.675325,0.4123,0.458,0.5471,5.556818882624308,4.803271611531575,6.310366153717041,0.1948730486440233,0.1853226746444046,1.6856567859649658,1.3325092792510986,2.038804292678833,5.321054299672445,4.275437037150065,6.366671562194824,0.2129952485911048,0.1944304373324903,1.6376808285713196,1.38097882270813,1.8943828344345093,5.3234868844350185,4.300224463144938,6.346749305725098,0.2154028295312567,0.1995156261687899,1.6118627190589905,1.3357995748519895,1.8879258632659912,5.549494981765747,4.810654799143474,6.2883351643880205,0.201017662425316,0.1838397697702132,1.6936907172203064,1.3969767093658447,1.990404725074768,5.407430648803711,4.548109849294026,6.266751448313396,0.2079844401281023,0.1829178942411654,1.6987178921699524,1.4261150360107422,1.9713207483291624,5.409332911173503,4.557734648386638,6.260931173960368,0.2084260929972909,0.1937975998606841,1.6409409642219543,1.3017791509628296,1.980102777481079,5.421412388483684,4.519376913706462,6.323447863260905,0.1990354761332187,0.1648563499860491,1.802680790424347,1.4662858247756958,2.139075756072998
Nb.c211_B2AR,False,"A,B",9.215542781679327,81.77401134751773,139.0,5.23,6.3023255813953485,77.76418423313565,0.536849,0.3674,0.2622,0.3462,0.74,0.815,-2.24,0.0,0.79,0.4383,0.27,4.884425533875228,94.44400452488688,10968.32,569.08,3.7038461538461536,92.4782218085395,0.748183,0.5305,0.6825,0.51,0.86,0.9,15560.28,1.0,0.0053,0.4863417116681873,0.8331962778972111,,,74.37003,15.509081,0.6440738,,,,,,,0.3849257826805115,/scicore/home/schwede/barta0000/mcmahon_ds/originals/Nb.c211_B2AR/chai_no_constraints/seed_3642/pred.model_idx_0.cif,0.6311547756195068,/scicore/home/schwede/barta0000/mcmahon_ds/originals/Nb.c211_B2AR/chai_with_constraints/seed_1058/pred.model_idx_3.cif,0.3849257826805115,0.7335255146026611,0.29777586460113525,"[[0.8621008992195129, 0.8477658033370972]]","[[[0.8621008992195129, 0.29777586460113525], [0.2755160331726074, 0.8477658033370972]]]",0.29777586460113525,0.076962,0.1904,0.0116,0.0224,0.6311547756195068,0.8416361808776855,0.5785343647003174,"[[0.8817801475524902, 0.8626059889793396]]","[[[0.8817801475524902, 0.5785343647003174], [0.5613062381744385, 0.8626059889793396]]]",0.5785343647003174,0.468352,0.2346,0.1881,0.3534,0.8944274187088013,0.909762442111969,0.8612186312675476,0.9027295708656311,0.8591002821922302,0.4449959397315979,1.6580936908721924,0.8612186312675476,/scicore/home/schwede/barta0000/mcmahon_ds/originals/Nb.c211_B2AR/boltz_free/output/boltz_results_Nb.c211_B2AR/predictions/Nb.c211_B2AR/Nb.c211_B2AR_model_0.cif,0.691584,0.4441,0.4495,0.5187,0.9205089807510376,0.9181755781173706,0.8582351803779602,0.936077356338501,0.9127852320671082,0.4435930550098419,1.8920069932937622,0.8582351803779602,/scicore/home/schwede/barta0000/mcmahon_ds/originals/Nb.c211_B2AR/boltz_with_template/output/boltz_results_Nb.c211_B2AR/predictions/Nb.c211_B2AR/Nb.c211_B2AR_model_0.cif,0.658168,0.5434,0.5462,0.5234,5.7544779777526855,5.194014231363933,6.314941724141439,0.2093922554618669,0.1831915289286479,1.6972230672836304,1.306009292602539,2.0884368419647217,5.493065039316813,4.727592309315999,6.258537769317627,0.2527220688004148,0.1771839853849534,1.7305666208267212,1.4844337701797483,1.9766994714736936,5.535052458445231,4.808000087738037,6.262104829152425,0.2406607183726491,0.1830579501237406,1.6979525089263916,1.4856339693069458,1.9102710485458372,5.775050640106201,5.284552415211995,6.265548865000407,0.2156942830602182,0.1908388932142947,1.6563256978988647,1.302910327911377,2.0097410678863525,5.715681155522664,5.144598325093587,6.286763985951741,0.2218089666917617,0.1915369581227883,1.6526744961738586,1.317115068435669,1.9882339239120483,5.635236104329428,5.032591342926025,6.237880865732829,0.230601292280891,0.1751487493326481,1.7421196699142456,1.4665358066558838,2.0177035331726074,5.713810443878174,5.094998359680176,6.332622528076172,0.2239753805018211,0.1688948142230022,1.7784791588783264,1.4267419576644895,2.130216360092163
Nb.AQ102_Adiponectin,False,"A,B",13.963923106497498,82.51277365032193,219.63,15.39,8.588000000000001,69.17235923721677,0.005555,0.1164,0.0117,0.0,0.15,0.855,-94.22,0.0,0.23,0.5504,1.187,8.873844213763936,89.10427450980393,23655.01,1036.81,4.976666666666667,76.6396666208903,0.123757,0.2245,0.0286,0.0753,0.38,0.67,16335.52,1.0,0.5674,0.12036978590964609,0.8373632778832512,19.59961700439453,52.37383270263672,78.686615,16.781624,0.5002769,,,,,,,0.33258056640625,/scicore/home/schwede/barta0000/mcmahon_ds/originals/Nb.AQ102_Adiponectin/chai_no_constraints/seed_4773/pred.model_idx_4.cif,0.634053647518158,/scicore/home/schwede/barta0000/mcmahon_ds/originals/Nb.AQ102_Adiponectin/chai_with_constraints/seed_128/pred.model_idx_1.cif,0.33258056640625,0.6445191502571106,0.25459593534469604,"[[0.9005429744720459, 0.8907846808433533]]","[[[0.9005429744720459, 0.25459593534469604], [0.2219793051481247, 0.8907846808433533]]]",0.25459593534469604,0.110449,0.0731,0.016,0.0738,0.634053647518158,0.8083392977714539,0.590482234954834,"[[0.9078114032745361, 0.8780038952827454]]","[[[0.9078114032745361, 0.590482234954834], [0.5741620659828186, 0.8780038952827454]]]",0.590482234954834,0.475568,0.1981,0.2825,0.4704,0.6144326329231262,0.6699458956718445,0.4390512704849243,0.6582779288291931,0.6167862415313721,1.5007141828536987,5.394782066345215,0.4390512704849243,/scicore/home/schwede/barta0000/mcmahon_ds/originals/Nb.AQ102_Adiponectin/boltz_free/output/boltz_results_Nb.AQ102_Adiponectin/predictions/Nb.AQ102_Adiponectin/Nb.AQ102_Adiponectin_model_0.cif,0.103592,0.0783,0.0183,0.0769,0.8191514015197754,0.7790490984916687,0.6262546181678772,0.8673755526542664,0.8284158110618591,1.0108481645584106,4.802041530609131,0.6176770329475403,/scicore/home/schwede/barta0000/mcmahon_ds/originals/Nb.AQ102_Adiponectin/boltz_with_template/output/boltz_results_Nb.AQ102_Adiponectin/predictions/Nb.AQ102_Adiponectin/Nb.AQ102_Adiponectin_model_0.cif,0.267673,0.3804,0.1076,0.2468,5.716941277186075,5.260853290557861,6.17302926381429,0.2630350621456849,0.2176031106172443,1.5250824689865112,1.3250184059143066,1.7251465320587158,5.3912670612335205,4.620726426442464,6.161807696024577,0.2270976197671624,0.1721555797586241,1.759356677532196,1.3082693815231323,2.21044397354126,5.5798552831014,4.951151847839356,6.208558718363444,0.2002799979319216,0.1757540624073205,1.7386696338653564,1.408794641494751,2.068544626235962,5.787001132965088,5.409825166066487,6.164177099863688,0.2565857825820198,0.2147201122715654,1.5384199023246763,1.3390675783157349,1.7377722263336182,5.620388189951579,5.107601324717204,6.133175055185954,0.2649232614587661,0.2285370100413933,1.4760571122169497,1.2343376874923706,1.7177765369415283,5.32467277844747,4.602811972300212,6.046533584594727,0.3258197370582433,0.2285726203766091,1.4759013056755066,1.25547456741333,1.696328043937683,5.68298602104187,5.199625333150228,6.166346708933513,0.2440967255813227,0.2190336926780907,1.5185297131538391,1.294480562210083,1.7425788640975952
Nb.c209_B2AR,False,"A,B",9.041013697508241,82.56597273501848,195.16,8.01,8.906521739130433,73.03761436690714,0.531481,0.1952,0.1633,0.3633,0.79,0.8,28.38,0.0,0.83,0.9833,0.307,5.6419333142237065,93.46006787330317,769.36,32.99,4.834878048780488,88.86731701362424,0.698369,0.4089,0.5892,0.484,0.88,0.89,582.83,1.0,0.987,0.4514942320593286,0.8536540119277515,18.5179660320282,48.31283950805664,73.53771,14.874511,0.6529548,,,,,,,0.44531697034835815,/scicore/home/schwede/barta0000/mcmahon_ds/originals/Nb.c209_B2AR/chai_no_constraints/seed_2144/pred.model_idx_4.cif,0.7711206674575806,/scicore/home/schwede/barta0000/mcmahon_ds/originals/Nb.c209_B2AR/chai_with_constraints/seed_4283/pred.model_idx_4.cif,0.44531697034835815,0.7461740970611572,0.3701027035713196,"[[0.8733439445495605, 0.8480914235115051]]","[[[0.8733439445495605, 0.3701027035713196], [0.3650326430797577, 0.8480914235115051]]]",0.3701027035713196,0.123327,0.2726,0.0118,0.0568,0.7711206674575806,0.8630468845367432,0.7481390833854675,"[[0.8899897933006287, 0.8597710132598877]]","[[[0.8899897933006287, 0.658977210521698], [0.7481390833854675, 0.8597710132598877]]]",0.658977210521698,0.664708,0.305,0.0729,0.4241,0.8124025464057922,0.8607017993927002,0.7387252449989319,0.8308218717575073,0.7150148749351501,0.6259243488311768,4.835377216339111,0.7387252449989319,/scicore/home/schwede/barta0000/mcmahon_ds/originals/Nb.c209_B2AR/boltz_free/output/boltz_results_Nb.c209_B2AR/predictions/Nb.c209_B2AR/Nb.c209_B2AR_model_0.cif,0.421706,0.1178,0.0515,0.2772,0.9154903292655945,0.9229640364646912,0.9324846863746643,0.9112417101860046,0.8780624270439148,0.431128591299057,2.1126890182495117,0.9324846863746643,/scicore/home/schwede/barta0000/mcmahon_ds/originals/Nb.c209_B2AR/boltz_with_template/output/boltz_results_Nb.c209_B2AR/predictions/Nb.c209_B2AR/Nb.c209_B2AR_model_0.cif,0.817171,0.4987,0.4349,0.5918,5.767918507258097,5.220005035400391,6.315831979115804,0.2023106777337422,0.1820263315870227,1.7036039233207705,1.366686463356018,2.0405213832855225,5.541258255640665,4.785120487213135,6.297396024068196,0.2451826000636824,0.1876395737858039,1.6732323169708252,1.389193058013916,1.9572715759277344,5.512455622355143,4.721555550893148,6.303355693817139,0.2471457582617462,0.1996770904801185,1.6110537648200989,1.314060091972351,1.908047437667847,5.765278259913127,5.228649298350017,6.301907221476237,0.2128672503847946,0.1956546620970923,1.6314041018486023,1.2851581573486328,1.977650046348572,5.542995770772299,4.777751922607422,6.308239618937175,0.2254021907069278,0.1957767538990623,1.630780279636383,1.2086619138717651,2.052898645401001,5.515507062276205,4.7892656326293945,6.241748491923015,0.209617198372269,0.1714837750420878,1.763266623020172,1.4828931093215942,2.04364013671875,5.634864250818888,4.949033101399739,6.320695400238037,0.2271743635770697,0.1628062221123017,1.8151946067810056,1.4709322452545166,2.159456968307495
Nb.c205_B2AR,False,"A,B",11.615447062918445,79.12451768033948,171.04,6.5,9.987179487179487,67.24130468736251,0.2143,0.156,0.0508,0.1514,0.54,0.8,107.2,0.0,0.62,0.0214,0.271,4.860752185663684,95.27816742081448,10617.59,501.14,4.051184210526315,92.02119100661506,0.702643,0.4609,0.6879,0.4899,0.84,0.9,11440.51,1.0,0.1892,0.3975081968302984,0.8119633348464146,18.17447543144226,50.079833984375,73.2075,14.822215,0.65382844,,,,,,,0.439872682094574,/scicore/home/schwede/barta0000/mcmahon_ds/originals/Nb.c205_B2AR/chai_no_constraints/seed_1821/pred.model_idx_0.cif,0.6279908418655396,/scicore/home/schwede/barta0000/mcmahon_ds/originals/Nb.c205_B2AR/chai_with_constraints/seed_2395/pred.model_idx_2.cif,0.439872682094574,0.748561441898346,0.3627004623413086,"[[0.8697823286056519, 0.8478356003761292]]","[[[0.8697823286056519, 0.3627004623413086], [0.33393773436546326, 0.8478356003761292]]]",0.3627004623413086,0.142708,0.1927,0.0121,0.0457,0.6279908418655396,0.8376377820968628,0.5755791068077087,"[[0.8851490020751953, 0.8637861609458923]]","[[[0.8851490020751953, 0.5755791068077087], [0.5544040203094482, 0.8637861609458923]]]",0.5755791068077087,0.493718,0.2696,0.0855,0.3516,0.8732573390007019,0.9213395118713379,0.8750873804092407,0.872799813747406,0.8063744902610779,0.42375752329826355,1.647129774093628,0.8750873804092407,/scicore/home/schwede/barta0000/mcmahon_ds/originals/Nb.c205_B2AR/boltz_free/output/boltz_results_Nb.c205_B2AR/predictions/Nb.c205_B2AR/Nb.c205_B2AR_model_0.cif,0.704404,0.2105,0.3178,0.5196,0.9052501916885376,0.9270071983337402,0.8950872421264648,0.9077909588813782,0.8709460496902466,0.41215643286705017,1.482725977897644,0.8950872421264648,/scicore/home/schwede/barta0000/mcmahon_ds/originals/Nb.c205_B2AR/boltz_with_template/output/boltz_results_Nb.c205_B2AR/predictions/Nb.c205_B2AR/Nb.c205_B2AR_model_0.cif,0.719248,0.3376,0.4865,0.553,6.051711241404215,5.760884602864583,6.342537879943848,0.2114141863184151,0.1703775984504132,1.7697381377220154,1.437733769416809,2.1017425060272217,5.943780899047852,5.510612805684407,6.376948992411296,0.2505793147129083,0.1865637087672817,1.678982496261597,1.4100686311721802,1.9478963613510127,5.974159399668376,5.605278650919597,6.343040148417155,0.2389954864468694,0.1896173802286546,1.6627470254898071,1.429381251335144,1.8961127996444704,6.056238333384195,5.79819917678833,6.3142774899800616,0.210452862766575,0.1751437174796579,1.7421483993530271,1.4412884712219238,2.043008327484131,5.925317366917928,5.603711446126302,6.246923287709554,0.2465517643284361,0.1824015937647954,1.701544463634491,1.4164127111434937,1.9866762161254885,5.961783727010091,5.665862878163655,6.257704575856526,0.2208013954436247,0.1731449098008927,1.7536264061927795,1.473145604133606,2.034107208251953,6.169994831085205,6.001114050547282,6.338875611623128,0.2111282692791341,0.1663391200435391,1.793726682662964,1.4332211017608645,2.1542322635650635
Nb.c206_B2AR,False,"A,B",8.543977860001206,83.67354014598541,199.51,6.43,6.376724137931035,78.70326176549143,0.653296,0.4144,0.2965,0.3508,0.76,0.81,17.46,0.0,0.8,0.9868,0.246,5.211453377304993,94.01764573991031,8619.96,531.89,3.2277083333333336,92.7688005065918,0.790303,0.5729,0.7144,0.5058,0.86,0.91,21045.33,1.0,0.6008,0.3732823351450449,0.8425898636848564,18.357300917307537,53.901817321777344,73.45159,14.598019,0.65996313,,,,,,,0.3708329200744629,/scicore/home/schwede/barta0000/mcmahon_ds/originals/Nb.c206_B2AR/chai_no_constraints/seed_1744/pred.model_idx_0.cif,0.5041112303733826,/scicore/home/schwede/barta0000/mcmahon_ds/originals/Nb.c206_B2AR/chai_with_constraints/seed_2850/pred.model_idx_2.cif,0.3708329200744629,0.7182986736297607,0.2839664816856384,"[[0.8461888432502747, 0.8469336628913879]]","[[[0.8461888432502747, 0.2839664816856384], [0.24937185645103455, 0.8469336628913879]]]",0.2839664816856384,0.005823,0.2103,0.0103,0.0,0.5041112303733826,0.7949724793434143,0.43139591813087463,"[[0.8498342633247375, 0.8505550622940063]]","[[[0.8498342633247375, 0.43139591813087463], [0.3970910906791687, 0.8505550622940063]]]",0.43139591813087463,0.3047,0.1856,0.0566,0.2227,0.8646637797355652,0.9380772113800049,0.9136640429496765,0.8524137735366821,0.7666828036308289,0.37334516644477844,0.880247950553894,0.9136640429496765,/scicore/home/schwede/barta0000/mcmahon_ds/originals/Nb.c206_B2AR/boltz_free/output/boltz_results_Nb.c206_B2AR/predictions/Nb.c206_B2AR/Nb.c206_B2AR_model_0.cif,0.833677,0.2297,0.3023,0.6062,0.8730341196060181,0.8965992331504822,0.8042224645614624,0.890237033367157,0.8252900838851929,0.4971277415752411,2.2479264736175537,0.8042224645614624,/scicore/home/schwede/barta0000/mcmahon_ds/originals/Nb.c206_B2AR/boltz_with_template/output/boltz_results_Nb.c206_B2AR/predictions/Nb.c206_B2AR/Nb.c206_B2AR_model_0.cif,0.533013,0.3306,0.2868,0.4517,5.872591654459635,5.443651994069417,6.3015313148498535,0.2298652027030214,0.1895546188842266,1.6630780696868896,1.3370347023010254,1.989121437072754,5.769352595011393,5.1891554196675616,6.349549770355225,0.2350494537548918,0.1825544090930501,1.7007070183753967,1.4680746793746948,1.9333393573760984,5.846819718678792,5.348783810933431,6.344855626424153,0.2319345851855569,0.1914471770425415,1.653143346309662,1.3896238803863523,1.9166628122329712,5.823230266571045,5.392772833506267,6.253687699635823,0.2273609423443017,0.1940179493707118,1.6398046016693115,1.3475505113601685,1.9320586919784544,5.64852515856425,5.041218916575114,6.255831400553386,0.2693312723749316,0.1779059546197536,1.7265002131462095,1.468075394630432,1.9849250316619875,5.562110821406046,4.899647235870361,6.224574406941732,0.1910135555060184,0.1882728711844271,1.6698629260063171,1.331506371498108,2.0082194805145264,5.893205563227336,5.457988897959392,6.32842222849528,0.2124567505504281,0.1643917057675445,1.805503249168396,1.4713759422302246,2.1396305561065674
Nb.b201_HSA_404-609,False,"A,B",6.3760249961896065,88.09889194499017,14.46,1.51,9.204166666666667,92.9418647430332,0.669827,0.2994,0.851,0.4072,0.85,0.865,87.29,0.0,0.85,0.3396,0.508,5.8779044734034445,93.75348765432099,12758.58,648.33,9.298695652173912,95.8941666285197,0.717862,0.2929,0.8469,0.3705,0.89,0.81,8540.5,1.0,0.0051,0.7486347348882139,0.7850996028563101,,,76.05604,13.992197,0.61089516,,,,,,,0.27775096893310547,/scicore/home/schwede/barta0000/mcmahon_ds/originals/Nb.b201_HSA_404-609/chai_no_constraints/seed_1933/pred.model_idx_4.cif,0.8483550548553467,/scicore/home/schwede/barta0000/mcmahon_ds/originals/Nb.b201_HSA_404-609/chai_with_constraints/seed_1123/pred.model_idx_0.cif,0.27775096893310547,0.6485577821731567,0.18504926562309265,"[[0.8947316408157349, 0.8773423433303833]]","[[[0.8947316408157349, 0.18504926562309265], [0.15852241218090057, 0.8773423433303833]]]",0.18504926562309265,0.00531,0.1053,0.0113,0.0,0.8483550548553467,0.8631307482719421,0.8446611166000366,"[[0.9116538166999817, 0.883705198764801]]","[[[0.9116538166999817, 0.6726003289222717], [0.8446611166000366, 0.883705198764801]]]",0.6726003289222717,0.828829,0.352,0.8567,0.4558,0.8587585687637329,0.6830981373786926,0.7175999879837036,0.8940481543540955,0.9129194021224976,0.8475421071052551,7.498940944671631,0.7175999879837036,/scicore/home/schwede/barta0000/mcmahon_ds/originals/Nb.b201_HSA_404-609/boltz_free/output/boltz_results_Nb.b201_HSA_404-609/predictions/Nb.b201_HSA_404-609/Nb.b201_HSA_404-609_model_0.cif,0.219367,0.3246,0.2348,0.2337,0.9546805620193481,0.8788857460021973,0.931016743183136,0.9605964422225952,0.9676898121833801,0.3970842957496643,1.0312726497650146,0.931016743183136,/scicore/home/schwede/barta0000/mcmahon_ds/originals/Nb.b201_HSA_404-609/boltz_with_template/output/boltz_results_Nb.b201_HSA_404-609/predictions/Nb.b201_HSA_404-609/Nb.b201_HSA_404-609_model_0.cif,0.821457,0.3654,0.9208,0.4745,4.274028658866882,5.901638031005859,2.6464192867279053,0.1786493395745082,0.2214164195193177,1.507710099220276,1.341863751411438,1.6735564470291138,3.6038859486579895,5.25584093729655,1.9519309600194292,0.1606913550393027,0.2050191382218497,1.5846519470214844,1.4057767391204834,1.7635271549224854,3.942648768424988,5.785799980163574,2.0994975566864014,0.1478874766857915,0.2209808971465828,1.5096790194511414,1.358947515487671,1.6604105234146118,4.440134088198344,6.093557357788086,2.786710818608602,0.1876184585100692,0.2296317706456197,1.4712782502174375,1.3140000104904177,1.628556489944458,4.1253682772318525,5.5956573486328125,2.655079205830892,0.2039073217360781,0.2313304763996723,1.4639079570770264,1.3164889812469482,1.6113269329071045,4.340215802192688,5.698379039764404,2.982052564620972,0.2141333360230363,0.2340431810641071,1.4522496461868286,1.2652236223220823,1.6392756700515747,4.015113155047098,5.41386874516805,2.6163575649261475,0.2186348862186148,0.2052436831034707,1.5835573077201843,1.518683910369873,1.6484307050704956
Nb.c207_B2AR,False,"A,B",10.283465223889763,79.85343220338984,598.15,20.39,11.398750000000001,67.09774944300533,0.257839,0.2274,0.0741,0.2141,0.61,0.8,104.67,0.0,0.67,0.8938,0.329,5.117193546405684,93.70701357466064,1754.95,66.13,4.929285714285713,86.591111585829,0.551794,0.4916,0.5242,0.451,0.81,0.89,1336.22,1.0,0.9861,0.28846982718212033,0.84187313878094,21.416027069091797,65.32623291015625,74.157646,15.593741,0.64110446,,,,,,,0.7405050992965698,/scicore/home/schwede/barta0000/mcmahon_ds/originals/Nb.c207_B2AR/chai_no_constraints/seed_1212/pred.model_idx_2.cif,0.7428414225578308,/scicore/home/schwede/barta0000/mcmahon_ds/originals/Nb.c207_B2AR/chai_with_constraints/seed_1668/pred.model_idx_4.cif,0.7405050992965698,0.8483503460884094,0.7135437726974487,"[[0.8865060806274414, 0.857214093208313]]","[[[0.8865060806274414, 0.6309047341346741], [0.7135437726974487, 0.857214093208313]]]",0.6309047341346741,0.570986,0.2383,0.0696,0.3973,0.7428414225578308,0.8637382388114929,0.7126171588897705,"[[0.8898947238922119, 0.8665720224380493]]","[[[0.8898947238922119, 0.6564914584159851], [0.7126171588897705, 0.8665720224380493]]]",0.6564914584159851,0.627895,0.2725,0.1916,0.4278,0.8981760144233704,0.9515024423599243,0.9272969365119934,0.8908957839012146,0.8496279120445251,0.3472011983394623,0.9098510146141052,0.9272969365119934,/scicore/home/schwede/barta0000/mcmahon_ds/originals/Nb.c207_B2AR/boltz_free/output/boltz_results_Nb.c207_B2AR/predictions/Nb.c207_B2AR/Nb.c207_B2AR_model_0.cif,0.833134,0.4634,0.5453,0.63,0.9240022897720337,0.9308826327323914,0.9087961316108704,0.9278037548065186,0.9069917798042297,0.41704753041267395,1.7119204998016357,0.9087961316108704,/scicore/home/schwede/barta0000/mcmahon_ds/originals/Nb.c207_B2AR/boltz_with_template/output/boltz_results_Nb.c207_B2AR/predictions/Nb.c207_B2AR/Nb.c207_B2AR_model_0.cif,0.744652,0.5559,0.5832,0.5676,6.312773784001669,6.302568117777507,6.32297945022583,0.2361257546304198,0.172020020185044,1.7601444125175476,1.4145678281784058,2.105720996856689,5.714004913965861,5.1092549959818525,6.31875483194987,0.2434067728354221,0.1869951761127684,1.6766724586486816,1.3809194564819336,1.9724254608154297,5.711937824885051,5.13491694132487,6.288958708445231,0.2366562240681902,0.1899523754932872,1.6609818935394287,1.3767812252044678,1.9451825618743896,6.362646659215292,6.412870089213054,6.312423229217529,0.2370902392964823,0.1728890229359944,1.7551053762435913,1.5034668445587158,2.006743907928467,5.944130897521973,5.646985212961833,6.241276582082112,0.2205142068789263,0.1981409644701054,1.618776559829712,1.215759515762329,2.0217936038970947,5.759195566177368,5.265611489613851,6.252779642740886,0.2467007880261204,0.1825824300519193,1.7005535364151,1.4225010871887207,1.9786059856414795,6.1295554637908936,5.94245704015096,6.316653887430827,0.2191337938593166,0.1636101980791888,1.810268521308899,1.4678003787994385,2.15273666381836
Nb.AQ100_Adiponectin,False,"A,B",12.931578241230753,81.31933848382424,205.51,11.33,5.768421052631578,70.29569727677571,0.006573,0.1487,0.0147,0.0213,0.2,0.84,-56.62,0.0,0.27,0.8517,0.31,5.206715910615524,92.88629343629343,12945.0,596.82,3.546923076923077,84.94366683959962,0.370364,0.2872,0.3299,0.3998,0.62,0.79,26952.43,1.0,0.986,0.1306931707233784,0.8371524050526356,19.922087907791138,56.57594299316406,77.77285,16.847645,0.49774432,,,,,,,0.25440025329589844,/scicore/home/schwede/barta0000/mcmahon_ds/originals/Nb.AQ100_Adiponectin/chai_no_constraints/seed_1110/pred.model_idx_3.cif,0.3525729775428772,/scicore/home/schwede/barta0000/mcmahon_ds/originals/Nb.AQ100_Adiponectin/chai_with_constraints/seed_4436/pred.model_idx_3.cif,0.25440025329589844,0.590380072593689,0.1704052984714508,"[[0.8772791624069214, 0.8879954814910889]]","[[[0.8772791624069214, 0.1704052984714508], [0.14785991609096527, 0.8879954814910889]]]",0.1704052984714508,0.028691,0.0486,0.0108,0.0128,0.3525729775428772,0.6355966329574585,0.28181707859039307,"[[0.8828604221343994, 0.8691251873970032]]","[[[0.8828604221343994, 0.28181707859039307], [0.23142395913600922, 0.8691251873970032]]]",0.28181707859039307,0.163092,0.0822,0.0268,0.1292,0.6363727450370789,0.6798897385597229,0.4543898105621338,0.6818684339523315,0.5886351466178894,1.324753761291504,5.178491592407227,0.4413303732872009,/scicore/home/schwede/barta0000/mcmahon_ds/originals/Nb.AQ100_Adiponectin/boltz_free/output/boltz_results_Nb.AQ100_Adiponectin/predictions/Nb.AQ100_Adiponectin/Nb.AQ100_Adiponectin_model_0.cif,0.140879,0.0769,0.0173,0.1045,0.8037857413291931,0.7762379050254822,0.6321554183959961,0.8466933369636536,0.7783713936805725,1.1242306232452393,4.794119358062744,0.6321554183959961,/scicore/home/schwede/barta0000/mcmahon_ds/originals/Nb.AQ100_Adiponectin/boltz_with_template/output/boltz_results_Nb.AQ100_Adiponectin/predictions/Nb.AQ100_Adiponectin/Nb.AQ100_Adiponectin_model_0.cif,0.268686,0.2883,0.0783,0.257,6.583101352055868,6.9274360338846845,6.238766670227051,0.2588353357627632,0.233367858310282,1.4551392793655396,1.2925306558609009,1.6177479028701782,5.8871528307596845,5.825245539347331,5.949060122172038,0.2128075581907758,0.1874118900812949,1.6744464635849,1.149470567703247,2.1994223594665527,5.754249970118204,5.759978771209717,5.748521169026692,0.2222857174285912,0.2231107967798924,1.500086784362793,1.10655677318573,1.893616795539856,6.626268068949382,7.014310518900554,6.23822561899821,0.2491763628965014,0.2278830082254954,1.4789229035377502,1.3280974626541138,1.6297483444213867,5.996099233627319,5.9192783037821455,6.072920163472493,0.2395590722163607,0.2373408200747822,1.4382581114768982,1.1362823247909546,1.7402338981628418,6.171622117360433,6.178967316945394,6.164276917775472,0.2748295475787033,0.2227825271554461,1.5015591979026794,1.2636237144470217,1.7394946813583374,6.150929689407349,6.147507031758626,6.154352347056071,0.2531379177425371,0.2120898931309004,1.5507450699806211,1.358124017715454,1.7433661222457886
Nb.c206_B2AR,False,"A,B",8.543977860001206,83.67354014598541,199.51,6.43,6.376724137931035,78.70326176549143,0.653296,0.4144,0.2965,0.3508,0.76,0.81,17.46,0.0,0.8,0.9868,0.246,5.211453377304993,94.01764573991031,8619.96,531.89,3.2277083333333336,92.7688005065918,0.790303,0.5729,0.7144,0.5058,0.86,0.91,21045.33,1.0,0.6008,0.3732823351450449,0.8425898636848564,18.357300917307537,53.901817321777344,73.45159,14.598019,0.65996313,,,,,,,0.3708329200744629,/scicore/home/schwede/barta0000/mcmahon_ds/originals/Nb.c206_B2AR/chai_no_constraints/seed_1744/pred.model_idx_0.cif,0.5041112303733826,/scicore/home/schwede/barta0000/mcmahon_ds/originals/Nb.c206_B2AR/chai_with_constraints/seed_2850/pred.model_idx_2.cif,0.3708329200744629,0.7182986736297607,0.2839664816856384,"[[0.8461888432502747, 0.8469336628913879]]","[[[0.8461888432502747, 0.2839664816856384], [0.24937185645103455, 0.8469336628913879]]]",0.2839664816856384,0.005823,0.2103,0.0103,0.0,0.5041112303733826,0.7949724793434143,0.43139591813087463,"[[0.8498342633247375, 0.8505550622940063]]","[[[0.8498342633247375, 0.43139591813087463], [0.3970910906791687, 0.8505550622940063]]]",0.43139591813087463,0.3047,0.1856,0.0566,0.2227,0.8646637797355652,0.9380772113800049,0.9136640429496765,0.8524137735366821,0.7666828036308289,0.37334516644477844,0.880247950553894,0.9136640429496765,/scicore/home/schwede/barta0000/mcmahon_ds/originals/Nb.c206_B2AR/boltz_free/output/boltz_results_Nb.c206_B2AR/predictions/Nb.c206_B2AR/Nb.c206_B2AR_model_0.cif,0.833677,0.2297,0.3023,0.6062,0.8730341196060181,0.8965992331504822,0.8042224645614624,0.890237033367157,0.8252900838851929,0.4971277415752411,2.2479264736175537,0.8042224645614624,/scicore/home/schwede/barta0000/mcmahon_ds/originals/Nb.c206_B2AR/boltz_with_template/output/boltz_results_Nb.c206_B2AR/predictions/Nb.c206_B2AR/Nb.c206_B2AR_model_0.cif,0.533013,0.3306,0.2868,0.4517,5.872591654459635,5.443651994069417,6.3015313148498535,0.2298652027030214,0.1895546188842266,1.6630780696868896,1.3370347023010254,1.989121437072754,5.769352595011393,5.1891554196675616,6.349549770355225,0.2350494537548918,0.1825544090930501,1.7007070183753967,1.4680746793746948,1.9333393573760984,5.846819718678792,5.348783810933431,6.344855626424153,0.2319345851855569,0.1914471770425415,1.653143346309662,1.3896238803863523,1.9166628122329712,5.823230266571045,5.392772833506267,6.253687699635823,0.2273609423443017,0.1940179493707118,1.6398046016693115,1.3475505113601685,1.9320586919784544,5.64852515856425,5.041218916575114,6.255831400553386,0.2693312723749316,0.1779059546197536,1.7265002131462095,1.468075394630432,1.9849250316619875,5.562110821406046,4.899647235870361,6.224574406941732,0.1910135555060184,0.1882728711844271,1.6698629260063171,1.331506371498108,2.0082194805145264,5.893205563227336,5.457988897959392,6.32842222849528,0.2124567505504281,0.1643917057675445,1.805503249168396,1.4713759422302246,2.1396305561065674
Nb.AD101_A2AR,False,"A,B",12.034588044700126,77.4113095956548,639.08,22.78,14.755681818181818,63.036935973209765,0.091485,0.1428,0.0242,0.0583,0.47,0.78,371.56,0.0,0.53,0.1643,0.284,5.59089102691265,92.43840375586853,3928.07,343.5,8.2215625,82.78547704787482,0.553068,0.3596,0.4043,0.4297,0.81,0.88,11364.54,1.0,0.0485,0.45782014540380084,0.8069440137105731,15.536882135603163,49.020782470703125,76.228874,13.434536,0.6814283,,,,,,,0.36779144406318665,/scicore/home/schwede/barta0000/mcmahon_ds/originals/Nb.AD101_A2AR/chai_no_constraints/seed_1999/pred.model_idx_4.cif,0.4089440107345581,/scicore/home/schwede/barta0000/mcmahon_ds/originals/Nb.AD101_A2AR/chai_with_constraints/seed_2324/pred.model_idx_1.cif,0.36779144406318665,0.7262497544288635,0.278176873922348,"[[0.8726198673248291, 0.8533979654312134]]","[[[0.8726198673248291, 0.278176873922348], [0.20642191171646118, 0.8533979654312134]]]",0.278176873922348,0.105844,0.1598,0.0131,0.0333,0.4089440107345581,0.758080005645752,0.32165998220443726,"[[0.8754442930221558, 0.8604868650436401]]","[[[0.8754442930221558, 0.32165998220443726], [0.28163209557533264, 0.8604868650436401]]]",0.32165998220443726,0.201931,0.0807,0.0356,0.1485,0.8670752644538879,0.8831198811531067,0.6953683495521545,0.9100019931793213,0.825217604637146,0.46341556310653687,4.816882133483887,0.6953683495521545,/scicore/home/schwede/barta0000/mcmahon_ds/originals/Nb.AD101_A2AR/boltz_free/output/boltz_results_Nb.AD101_A2AR/predictions/Nb.AD101_A2AR/Nb.AD101_A2AR_model_0.cif,0.345114,0.1049,0.0871,0.2317,0.9241684079170227,0.9395983815193176,0.8659490346908569,0.9387232661247253,0.8893744945526123,0.31478801369667053,1.3978668451309204,0.8659490346908569,/scicore/home/schwede/barta0000/mcmahon_ds/originals/Nb.AD101_A2AR/boltz_with_template/output/boltz_results_Nb.AD101_A2AR/predictions/Nb.AD101_A2AR/Nb.AD101_A2AR_model_0.cif,0.66055,0.1915,0.4559,0.5193,5.788234631220499,5.229837258656819,6.34663200378418,0.1575660961084634,0.1737479060575895,1.750149846076965,1.3929204940795898,2.107379198074341,5.34940497080485,4.369221528371175,6.329588413238525,0.2180649699277736,0.1836502554064494,1.6947221159934998,1.4428696632385254,1.946574568748474,5.583840052286784,4.815678755442302,6.352001349131267,0.2022596154806811,0.204036439225089,1.5894566774368286,1.2787293195724487,1.9001840353012085,5.898958524068197,5.450233141581218,6.347683906555176,0.1743915243285157,0.1784257368828496,1.7235828042030334,1.441714644432068,2.005450963973999,5.817362387975058,5.333942413330078,6.300782362620036,0.2121500818047829,0.1943078879813659,1.6383113265037537,1.3102482557296753,1.966374397277832,5.810083945592244,5.303474267323812,6.316693623860677,0.2018449007457659,0.1904877327651491,1.6581674814224243,1.348107933998108,1.9682270288467407,5.944571256637573,5.575085481007894,6.314057032267253,0.1983146617173778,0.1951083419536849,1.6342002749443054,1.2909154891967771,1.9774850606918333
Nb.c211_B2AR,False,"A,B",9.215542781679327,81.77401134751773,139.0,5.23,6.3023255813953485,77.76418423313565,0.536849,0.3674,0.2622,0.3462,0.74,0.815,-2.24,0.0,0.79,0.4383,0.27,4.884425533875228,94.44400452488688,10968.32,569.08,3.7038461538461536,92.4782218085395,0.748183,0.5305,0.6825,0.51,0.86,0.9,15560.28,1.0,0.0053,0.4863417116681873,0.8331962778972111,,,74.37003,15.509081,0.6440738,,,,,,,0.3849257826805115,/scicore/home/schwede/barta0000/mcmahon_ds/originals/Nb.c211_B2AR/chai_no_constraints/seed_3642/pred.model_idx_0.cif,0.6311547756195068,/scicore/home/schwede/barta0000/mcmahon_ds/originals/Nb.c211_B2AR/chai_with_constraints/seed_1058/pred.model_idx_3.cif,0.3849257826805115,0.7335255146026611,0.29777586460113525,"[[0.8621008992195129, 0.8477658033370972]]","[[[0.8621008992195129, 0.29777586460113525], [0.2755160331726074, 0.8477658033370972]]]",0.29777586460113525,0.076962,0.1904,0.0116,0.0224,0.6311547756195068,0.8416361808776855,0.5785343647003174,"[[0.8817801475524902, 0.8626059889793396]]","[[[0.8817801475524902, 0.5785343647003174], [0.5613062381744385, 0.8626059889793396]]]",0.5785343647003174,0.468352,0.2346,0.1881,0.3534,0.8944274187088013,0.909762442111969,0.8612186312675476,0.9027295708656311,0.8591002821922302,0.4449959397315979,1.6580936908721924,0.8612186312675476,/scicore/home/schwede/barta0000/mcmahon_ds/originals/Nb.c211_B2AR/boltz_free/output/boltz_results_Nb.c211_B2AR/predictions/Nb.c211_B2AR/Nb.c211_B2AR_model_0.cif,0.691584,0.4441,0.4495,0.5187,0.9205089807510376,0.9181755781173706,0.8582351803779602,0.936077356338501,0.9127852320671082,0.4435930550098419,1.8920069932937622,0.8582351803779602,/scicore/home/schwede/barta0000/mcmahon_ds/originals/Nb.c211_B2AR/boltz_with_template/output/boltz_results_Nb.c211_B2AR/predictions/Nb.c211_B2AR/Nb.c211_B2AR_model_0.cif,0.658168,0.5434,0.5462,0.5234,5.7544779777526855,5.194014231363933,6.314941724141439,0.2093922554618669,0.1831915289286479,1.6972230672836304,1.306009292602539,2.0884368419647217,5.493065039316813,4.727592309315999,6.258537769317627,0.2527220688004148,0.1771839853849534,1.7305666208267212,1.4844337701797483,1.9766994714736936,5.535052458445231,4.808000087738037,6.262104829152425,0.2406607183726491,0.1830579501237406,1.6979525089263916,1.4856339693069458,1.9102710485458372,5.775050640106201,5.284552415211995,6.265548865000407,0.2156942830602182,0.1908388932142947,1.6563256978988647,1.302910327911377,2.0097410678863525,5.715681155522664,5.144598325093587,6.286763985951741,0.2218089666917617,0.1915369581227883,1.6526744961738586,1.317115068435669,1.9882339239120483,5.635236104329428,5.032591342926025,6.237880865732829,0.230601292280891,0.1751487493326481,1.7421196699142456,1.4665358066558838,2.0177035331726074,5.713810443878174,5.094998359680176,6.332622528076172,0.2239753805018211,0.1688948142230022,1.7784791588783264,1.4267419576644895,2.130216360092163
Nb.b201_HSA_404-609,False,"A,B",6.3760249961896065,88.09889194499017,14.46,1.51,9.204166666666667,92.9418647430332,0.669827,0.2994,0.851,0.4072,0.85,0.865,87.29,0.0,0.85,0.3396,0.508,5.8779044734034445,93.75348765432099,12758.58,648.33,9.298695652173912,95.8941666285197,0.717862,0.2929,0.8469,0.3705,0.89,0.81,8540.5,1.0,0.0051,0.7486347348882139,0.7850996028563101,,,76.05604,13.992197,0.61089516,,,,,,,0.27775096893310547,/scicore/home/schwede/barta0000/mcmahon_ds/originals/Nb.b201_HSA_404-609/chai_no_constraints/seed_1933/pred.model_idx_4.cif,0.8483550548553467,/scicore/home/schwede/barta0000/mcmahon_ds/originals/Nb.b201_HSA_404-609/chai_with_constraints/seed_1123/pred.model_idx_0.cif,0.27775096893310547,0.6485577821731567,0.18504926562309265,"[[0.8947316408157349, 0.8773423433303833]]","[[[0.8947316408157349, 0.18504926562309265], [0.15852241218090057, 0.8773423433303833]]]",0.18504926562309265,0.00531,0.1053,0.0113,0.0,0.8483550548553467,0.8631307482719421,0.8446611166000366,"[[0.9116538166999817, 0.883705198764801]]","[[[0.9116538166999817, 0.6726003289222717], [0.8446611166000366, 0.883705198764801]]]",0.6726003289222717,0.828829,0.352,0.8567,0.4558,0.8587585687637329,0.6830981373786926,0.7175999879837036,0.8940481543540955,0.9129194021224976,0.8475421071052551,7.498940944671631,0.7175999879837036,/scicore/home/schwede/barta0000/mcmahon_ds/originals/Nb.b201_HSA_404-609/boltz_free/output/boltz_results_Nb.b201_HSA_404-609/predictions/Nb.b201_HSA_404-609/Nb.b201_HSA_404-609_model_0.cif,0.219367,0.3246,0.2348,0.2337,0.9546805620193481,0.8788857460021973,0.931016743183136,0.9605964422225952,0.9676898121833801,0.3970842957496643,1.0312726497650146,0.931016743183136,/scicore/home/schwede/barta0000/mcmahon_ds/originals/Nb.b201_HSA_404-609/boltz_with_template/output/boltz_results_Nb.b201_HSA_404-609/predictions/Nb.b201_HSA_404-609/Nb.b201_HSA_404-609_model_0.cif,0.821457,0.3654,0.9208,0.4745,4.274028658866882,5.901638031005859,2.6464192867279053,0.1786493395745082,0.2214164195193177,1.507710099220276,1.341863751411438,1.6735564470291138,3.6038859486579895,5.25584093729655,1.9519309600194292,0.1606913550393027,0.2050191382218497,1.5846519470214844,1.4057767391204834,1.7635271549224854,3.942648768424988,5.785799980163574,2.0994975566864014,0.1478874766857915,0.2209808971465828,1.5096790194511414,1.358947515487671,1.6604105234146118,4.440134088198344,6.093557357788086,2.786710818608602,0.1876184585100692,0.2296317706456197,1.4712782502174375,1.3140000104904177,1.628556489944458,4.1253682772318525,5.5956573486328125,2.655079205830892,0.2039073217360781,0.2313304763996723,1.4639079570770264,1.3164889812469482,1.6113269329071045,4.340215802192688,5.698379039764404,2.982052564620972,0.2141333360230363,0.2340431810641071,1.4522496461868286,1.2652236223220823,1.6392756700515747,4.015113155047098,5.41386874516805,2.6163575649261475,0.2186348862186148,0.2052436831034707,1.5835573077201843,1.518683910369873,1.6484307050704956
Nb.c205_B2AR,False,"A,B",11.615447062918445,79.12451768033948,171.04,6.5,9.987179487179487,67.24130468736251,0.2143,0.156,0.0508,0.1514,0.54,0.8,107.2,0.0,0.62,0.0214,0.271,4.860752185663684,95.27816742081448,10617.59,501.14,4.051184210526315,92.02119100661506,0.702643,0.4609,0.6879,0.4899,0.84,0.9,11440.51,1.0,0.1892,0.3975081968302984,0.8119633348464146,18.17447543144226,50.079833984375,73.2075,14.822215,0.65382844,,,,,,,0.439872682094574,/scicore/home/schwede/barta0000/mcmahon_ds/originals/Nb.c205_B2AR/chai_no_constraints/seed_1821/pred.model_idx_0.cif,0.6279908418655396,/scicore/home/schwede/barta0000/mcmahon_ds/originals/Nb.c205_B2AR/chai_with_constraints/seed_2395/pred.model_idx_2.cif,0.439872682094574,0.748561441898346,0.3627004623413086,"[[0.8697823286056519, 0.8478356003761292]]","[[[0.8697823286056519, 0.3627004623413086], [0.33393773436546326, 0.8478356003761292]]]",0.3627004623413086,0.142708,0.1927,0.0121,0.0457,0.6279908418655396,0.8376377820968628,0.5755791068077087,"[[0.8851490020751953, 0.8637861609458923]]","[[[0.8851490020751953, 0.5755791068077087], [0.5544040203094482, 0.8637861609458923]]]",0.5755791068077087,0.493718,0.2696,0.0855,0.3516,0.8732573390007019,0.9213395118713379,0.8750873804092407,0.872799813747406,0.8063744902610779,0.42375752329826355,1.647129774093628,0.8750873804092407,/scicore/home/schwede/barta0000/mcmahon_ds/originals/Nb.c205_B2AR/boltz_free/output/boltz_results_Nb.c205_B2AR/predictions/Nb.c205_B2AR/Nb.c205_B2AR_model_0.cif,0.704404,0.2105,0.3178,0.5196,0.9052501916885376,0.9270071983337402,0.8950872421264648,0.9077909588813782,0.8709460496902466,0.41215643286705017,1.482725977897644,0.8950872421264648,/scicore/home/schwede/barta0000/mcmahon_ds/originals/Nb.c205_B2AR/boltz_with_template/output/boltz_results_Nb.c205_B2AR/predictions/Nb.c205_B2AR/Nb.c205_B2AR_model_0.cif,0.719248,0.3376,0.4865,0.553,6.051711241404215,5.760884602864583,6.342537879943848,0.2114141863184151,0.1703775984504132,1.7697381377220154,1.437733769416809,2.1017425060272217,5.943780899047852,5.510612805684407,6.376948992411296,0.2505793147129083,0.1865637087672817,1.678982496261597,1.4100686311721802,1.9478963613510127,5.974159399668376,5.605278650919597,6.343040148417155,0.2389954864468694,0.1896173802286546,1.6627470254898071,1.429381251335144,1.8961127996444704,6.056238333384195,5.79819917678833,6.3142774899800616,0.210452862766575,0.1751437174796579,1.7421483993530271,1.4412884712219238,2.043008327484131,5.925317366917928,5.603711446126302,6.246923287709554,0.2465517643284361,0.1824015937647954,1.701544463634491,1.4164127111434937,1.9866762161254885,5.961783727010091,5.665862878163655,6.257704575856526,0.2208013954436247,0.1731449098008927,1.7536264061927795,1.473145604133606,2.034107208251953,6.169994831085205,6.001114050547282,6.338875611623128,0.2111282692791341,0.1663391200435391,1.793726682662964,1.4332211017608645,2.1542322635650635
Nb.c202_B2AR,False,"A,B",8.84479277685053,83.01381288863764,284.74,9.67,6.995081967213114,79.77285467572678,0.678307,0.3979,0.2768,0.4004,0.82,0.81,109.07,0.0,0.85,0.9588,0.358,5.299619085443101,93.62417040358746,885.74,31.84,4.256120689655173,91.90909257368608,0.787915,0.5946,0.6752,0.4945,0.88,0.9,854.82,1.0,0.9226,0.6775503955219994,0.8425898636848564,19.786634922027588,52.63935089111328,73.5639,15.193285,0.6488999,,,,,,,0.32601040601730347,/scicore/home/schwede/barta0000/mcmahon_ds/originals/Nb.c202_B2AR/chai_no_constraints/seed_3616/pred.model_idx_4.cif,0.4567323327064514,/scicore/home/schwede/barta0000/mcmahon_ds/originals/Nb.c202_B2AR/chai_with_constraints/seed_4433/pred.model_idx_0.cif,0.32601040601730347,0.7153887748718262,0.2286657840013504,"[[0.8550470471382141, 0.8571233749389648]]","[[[0.8550470471382141, 0.2286657840013504], [0.17600210011005402, 0.8571233749389648]]]",0.2286657840013504,0.012521,0.133,0.011,0.0,0.4567323327064514,0.7774658203125,0.3765489459037781,"[[0.8573092222213745, 0.8519381880760193]]","[[[0.8573092222213745, 0.3765489459037781], [0.35796716809272766, 0.8519381880760193]]]",0.3765489459037781,0.217061,0.1643,0.0299,0.1638,0.8356313705444336,0.9175546169281006,0.883135199546814,0.8237553834915161,0.7012861967086792,0.460429847240448,1.6786741018295288,0.883135199546814,/scicore/home/schwede/barta0000/mcmahon_ds/originals/Nb.c202_B2AR/boltz_free/output/boltz_results_Nb.c202_B2AR/predictions/Nb.c202_B2AR/Nb.c202_B2AR_model_0.cif,0.749055,0.1672,0.1218,0.5323,0.896763265132904,0.9332929253578186,0.901140570640564,0.8956689238548279,0.8397444486618042,0.4566054940223694,2.247907876968384,0.901140570640564,/scicore/home/schwede/barta0000/mcmahon_ds/originals/Nb.c202_B2AR/boltz_with_template/output/boltz_results_Nb.c202_B2AR/predictions/Nb.c202_B2AR/Nb.c202_B2AR_model_0.cif,0.76825,0.4887,0.3096,0.5687,5.702014128367106,5.106817881266276,6.2972103754679365,0.2182019544569082,0.197241557189406,1.6233261227607727,1.2425674200057983,2.004084825515747,5.1627198457717896,4.033620436986287,6.291819254557292,0.2148471532339168,0.187285693421758,1.6751200556755066,1.3707796335220337,1.9794604778289795,5.191323081652324,4.105625549952189,6.277020613352458,0.1996857613605313,0.190214423633587,1.6596032977104187,1.319642186164856,1.9995644092559812,5.667904853820801,5.096600850423177,6.239208857218425,0.219701802729603,0.2084262016201368,1.5681702494621277,1.205872654914856,1.9304678440093996,5.500945965449016,4.716703573862712,6.285188357035319,0.2011155067914647,0.1697726374061484,1.7732951641082764,1.544022560119629,2.002567768096924,5.607690334320068,4.897702534993489,6.317678133646647,0.2159380252020742,0.1754089426124704,1.7406352162361145,1.4169718027114868,2.064298629760742,5.710012356440226,5.0914740562438965,6.328550656636556,0.1923205343955784,0.166325032016068,1.7938113808631897,1.4582821130752563,2.129340648651123
Nb.c203_B2AR,False,"A,B",10.097912102536803,81.0391834420187,123.43,4.85,7.734883720930233,72.66162881795493,0.286446,0.2292,0.1327,0.2124,0.67,0.8,100.52,0.0,0.73,0.989,0.258,4.906319024999488,95.12778280542986,2520.96,108.24,3.777560975609756,92.54658489692503,0.695575,0.5059,0.7183,0.4845,0.87,0.9,2204.24,1.0,0.983,0.47223496170808416,0.8554386794519355,16.608675003051758,50.090736389160156,73.431435,14.556013,0.66019845,,,,,,,0.35974881052970886,/scicore/home/schwede/barta0000/mcmahon_ds/originals/Nb.c203_B2AR/chai_no_constraints/seed_1964/pred.model_idx_4.cif,0.5888773202896118,/scicore/home/schwede/barta0000/mcmahon_ds/originals/Nb.c203_B2AR/chai_with_constraints/seed_3779/pred.model_idx_1.cif,0.35974881052970886,0.7231412529945374,0.26890069246292114,"[[0.8641464114189148, 0.8515748381614685]]","[[[0.8641464114189148, 0.26890069246292114], [0.1957802176475525, 0.8515748381614685]]]",0.26890069246292114,0.057971,0.1042,0.0122,0.0093,0.5888773202896118,0.8297721743583679,0.5286535620689392,"[[0.869354248046875, 0.8544241189956665]]","[[[0.869354248046875, 0.5286535620689392], [0.5199827551841736, 0.8544241189956665]]]",0.5286535620689392,0.438546,0.3306,0.0505,0.3369,0.8232828974723816,0.8901403546333313,0.8323885202407837,0.8210065364837646,0.7281683087348938,0.5649943351745605,3.1916592121124268,0.8323885202407837,/scicore/home/schwede/barta0000/mcmahon_ds/originals/Nb.c203_B2AR/boltz_free/output/boltz_results_Nb.c203_B2AR/predictions/Nb.c203_B2AR/Nb.c203_B2AR_model_0.cif,0.582944,0.2348,0.1049,0.4324,0.8667492270469666,0.9091265201568604,0.8447051048278809,0.8722602128982544,0.829020619392395,0.5664849877357483,3.0016016960144043,0.8447051048278809,/scicore/home/schwede/barta0000/mcmahon_ds/originals/Nb.c203_B2AR/boltz_with_template/output/boltz_results_Nb.c203_B2AR/predictions/Nb.c203_B2AR/Nb.c203_B2AR_model_0.cif,0.605685,0.4415,0.2366,0.4842,5.716690460840861,5.104534308115642,6.328846613566081,0.2042349060138965,0.1684763785978013,1.7809597253799438,1.5116236209869385,2.050295829772949,5.506230274836222,4.774485905965169,6.237974643707275,0.25659437967218,0.1910346643231983,1.6553003787994385,1.356661081314087,1.95393967628479,5.515988906224569,4.768110275268555,6.263867537180583,0.2654961820974671,0.1954930595833877,1.6322304010391235,1.3265907764434814,1.9378700256347656,5.752633889516195,5.210888544718425,6.294379234313965,0.2060536038573375,0.1773259925081257,1.7297654747962952,1.4683829545974731,1.9911479949951167,5.666376988093058,5.075749397277832,6.257004578908284,0.1947894996541473,0.1755926736863747,1.7395883202552795,1.541882872581482,1.9372937679290767,5.665427525838217,5.133355776468913,6.19749927520752,0.1988530542467045,0.1655925172039968,1.798225224018097,1.509234070777893,2.087216377258301,5.785330295562744,5.237292766571045,6.333367824554443,0.1886667534572763,0.1569709965162309,1.8516942262649536,1.563769817352295,2.1396186351776123
Nb.c208_B2AR,False,"A,B",10.640798125842064,79.75491697157331,328.15,12.07,11.800943396226412,66.42186521495721,0.215394,0.1657,0.0657,0.1792,0.56,0.79,98.16,0.0,0.62,0.0278,0.384,6.04507550926019,92.23511210762332,1542.87,52.34,5.768536585365854,85.37478223054305,0.528625,0.4319,0.4571,0.3965,0.76,0.87,2062.3,1.0,0.6056,0.19420847547159711,0.8402111092235994,17.651032191056473,55.085636138916016,73.4483,14.678176,0.65965986,,,,,,,0.44384080171585083,/scicore/home/schwede/barta0000/mcmahon_ds/originals/Nb.c208_B2AR/chai_no_constraints/seed_3400/pred.model_idx_2.cif,0.4774547815322876,/scicore/home/schwede/barta0000/mcmahon_ds/originals/Nb.c208_B2AR/chai_with_constraints/seed_3742/pred.model_idx_0.cif,0.44384080171585083,0.7739211916923523,0.36132070422172546,"[[0.8985546827316284, 0.8614351153373718]]","[[[0.8985546827316284, 0.36132070422172546], [0.30567485094070435, 0.8614351153373718]]]",0.36132070422172546,0.209338,0.1189,0.0241,0.1164,0.4774547815322876,0.7906139492988586,0.39916494488716125,"[[0.8862677812576294, 0.8566975593566895]]","[[[0.8862677812576294, 0.39916494488716125], [0.3701508343219757, 0.8566975593566895]]]",0.39916494488716125,0.293163,0.0905,0.0282,0.213,0.8527108430862427,0.9322925806045532,0.8882816433906555,0.8438180685043335,0.7206190228462219,0.3918847441673279,1.1912424564361572,0.8882816433906555,/scicore/home/schwede/barta0000/mcmahon_ds/originals/Nb.c208_B2AR/boltz_free/output/boltz_results_Nb.c208_B2AR/predictions/Nb.c208_B2AR/Nb.c208_B2AR_model_0.cif,0.756765,0.1351,0.1638,0.5698,0.8931237459182739,0.8975825309753418,0.8043473958969116,0.9153178334236145,0.854531466960907,0.5105936527252197,2.78587007522583,0.8043473958969116,/scicore/home/schwede/barta0000/mcmahon_ds/originals/Nb.c208_B2AR/boltz_with_template/output/boltz_results_Nb.c208_B2AR/predictions/Nb.c208_B2AR/Nb.c208_B2AR_model_0.cif,0.611961,0.4015,0.2496,0.4555,5.714349190394083,5.134091377258301,6.294607003529866,0.2276045231695947,0.1698421100646074,1.772886037826538,1.5091123580932615,2.0366597175598145,5.591494480768839,4.767596085866292,6.415392875671387,0.2360057154716162,0.1631178828086608,1.813282132148743,1.5062949657440186,2.120269298553467,5.64735754330953,4.945860068003337,6.348855018615723,0.2137765543189942,0.1754731701312794,1.740269124507904,1.522388935089111,1.9581493139266968,5.683141311009725,5.080605824788411,6.285676797231038,0.2463741645615618,0.1793589122121724,1.7183663845062256,1.4677278995513916,1.96900486946106,5.9061572551727295,5.513178984324138,6.299135526021321,0.231819579495391,0.1850175348210244,1.687304675579071,1.3941447734832764,1.9804645776748655,6.065472920735678,5.833011309305827,6.297934532165527,0.2582689433524464,0.1834488534927561,1.69581937789917,1.3731236457824707,2.018515110015869,5.907783826192221,5.487608591715495,6.327959060668945,0.257020245074673,0.1662563142252057,1.7942246198654177,1.4592416286468506,2.1292076110839844
Nb.AQ103_Adiponectin,False,"A,B",14.153656286043827,79.53349462365593,183.77,11.66,5.978260869565216,64.94407104454757,0.005775,0.0752,0.0116,0.0021,0.17,0.825,57.98,0.0,0.24,0.8695,1.19,5.117199538638984,92.7061568627451,18251.2,835.37,3.548409090909091,84.73391358748727,0.421352,0.1907,0.3342,0.4317,0.65,0.81,18606.78,1.0,0.9614,0.10286851638416607,0.8307620486904792,,,77.40264,16.598183,0.5018766,,,,,,,0.31153368949890137,/scicore/home/schwede/barta0000/mcmahon_ds/originals/Nb.AQ103_Adiponectin/chai_no_constraints/seed_1014/pred.model_idx_2.cif,0.41996029019355774,/scicore/home/schwede/barta0000/mcmahon_ds/originals/Nb.AQ103_Adiponectin/chai_with_constraints/seed_2349/pred.model_idx_4.cif,0.31153368949890137,0.6346412897109985,0.23075680434703827,"[[0.9022428393363953, 0.890198826789856]]","[[[0.9022428393363953, 0.23075680434703827], [0.20594170689582825, 0.890198826789856]]]",0.23075680434703827,0.091507,0.0587,0.0146,0.0613,0.41996029019355774,0.6828979849815369,0.35422584414482117,"[[0.8977177739143372, 0.8736320734024048]]","[[[0.8977177739143372, 0.35422584414482117], [0.30622607469558716, 0.8736320734024048]]]",0.35422584414482117,0.235164,0.0917,0.0903,0.228,0.6074455976486206,0.6511664986610413,0.39209112524986267,0.6612842082977295,0.5691894292831421,1.3240805864334106,6.027678966522217,0.35867881774902344,/scicore/home/schwede/barta0000/mcmahon_ds/originals/Nb.AQ103_Adiponectin/boltz_free/output/boltz_results_Nb.AQ103_Adiponectin/predictions/Nb.AQ103_Adiponectin/Nb.AQ103_Adiponectin_model_0.cif,0.092068,0.0423,0.0132,0.0656,0.7998393177986145,0.7553316950798035,0.5882114171981812,0.8527462482452393,0.8055101037025452,1.1463136672973633,5.140207290649414,0.5882114171981812,/scicore/home/schwede/barta0000/mcmahon_ds/originals/Nb.AQ103_Adiponectin/boltz_with_template/output/boltz_results_Nb.AQ103_Adiponectin/predictions/Nb.AQ103_Adiponectin/Nb.AQ103_Adiponectin_model_0.cif,0.228659,0.2241,0.0812,0.2223,5.899736086527506,5.532768249511719,6.266703923543294,0.2514043995906394,0.2256270481134448,1.4888718724250791,1.3570351600646973,1.6207085847854614,5.536685307820638,5.108755906422933,5.964614709218343,0.1750509077144045,0.1821710795720127,1.7028090357780457,1.3093701601028442,2.096247911453247,5.4870987733205165,5.077200412750244,5.896997133890788,0.1586741778656059,0.2032288385619619,1.5934226512908936,1.2188810110092163,1.9679642915725708,5.874365329742432,5.471943060557048,6.276787598927816,0.2483799761970382,0.2212772170316908,1.508338987827301,1.3930115699768066,1.6236664056777954,5.78214430809021,5.365912119547526,6.198376496632894,0.2782336121286805,0.2214215137924751,1.5076870918273926,1.3091357946395874,1.7062383890151978,5.865078926086426,5.471352259318034,6.258805592854817,0.2883232189761056,0.2039368971545017,1.5899446606636047,1.359742522239685,1.8201467990875244,5.70533831914266,5.219154993693034,6.191521644592285,0.2348307609769397,0.2099742838534463,1.5607702136039734,1.3910014629364014,1.7305389642715454
Nb.AQ104_Adiponectin,False,"A,B",12.59147194219451,81.93641927710844,145.68,11.63,10.914285714285716,58.575073980761395,0.006316,0.0706,0.0157,0.027,0.22,0.8400000000000001,-85.54,0.0,0.29,0.9509,0.474,8.728086358603809,89.57068702290077,717.02,58.12,5.464464285714287,75.30185219093606,0.145388,0.1641,0.0475,0.1362,0.43,0.69,307.39,1.0,0.6255,0.11099261277792107,0.8905701373547756,18.096211751302082,50.28127670288086,76.58791,16.708109,0.4931643,,,,,,,0.2355702519416809,/scicore/home/schwede/barta0000/mcmahon_ds/originals/Nb.AQ104_Adiponectin/chai_no_constraints/seed_3061/pred.model_idx_0.cif,0.3432959318161011,/scicore/home/schwede/barta0000/mcmahon_ds/originals/Nb.AQ104_Adiponectin/chai_with_constraints/seed_1887/pred.model_idx_4.cif,0.2355702519416809,0.5755584836006165,0.15057319402694702,"[[0.8559679985046387, 0.8897078633308411]]","[[[0.8559679985046387, 0.15057319402694702], [0.13327950239181519, 0.8897078633308411]]]",0.15057319402694702,0.005675,0.0685,0.0103,0.0,0.3432959318161011,0.6375021934509277,0.2697443664073944,"[[0.8588204979896545, 0.8878206610679626]]","[[[0.8588204979896545, 0.2697443664073944], [0.24044889211654663, 0.8878206610679626]]]",0.2697443664073944,0.142033,0.1465,0.0204,0.1389,0.5472399592399597,0.5627082586288452,0.23813189566135406,0.6245169639587402,0.5465561151504517,1.2182958126068115,6.836391448974609,0.19363011419773102,/scicore/home/schwede/barta0000/mcmahon_ds/originals/Nb.AQ104_Adiponectin/boltz_free/output/boltz_results_Nb.AQ104_Adiponectin/predictions/Nb.AQ104_Adiponectin/Nb.AQ104_Adiponectin_model_0.cif,0.025867,0.0391,0.0117,0.042,0.7370933890342712,0.6710206270217896,0.5236323475837708,0.790458619594574,0.7062593102455139,1.177037239074707,4.416706085205078,0.507780909538269,/scicore/home/schwede/barta0000/mcmahon_ds/originals/Nb.AQ104_Adiponectin/boltz_with_template/output/boltz_results_Nb.AQ104_Adiponectin/predictions/Nb.AQ104_Adiponectin/Nb.AQ104_Adiponectin_model_0.cif,0.177027,0.0914,0.0564,0.1967,6.1527682940165205,6.090847174326579,6.214689413706462,0.2065747269034905,0.23273712345285,1.457845687866211,1.216564416885376,1.699126958847046,5.741030216217041,5.343541940053304,6.138518492380778,0.1594445742823899,0.1570595124081031,1.851130485534668,1.445232629776001,2.257028341293335,5.900247097015381,5.620340347290039,6.180153846740723,0.1410498651043453,0.178952616221501,1.7206342220306396,1.4371395111083984,2.004128932952881,6.244973818461101,6.228861014048259,6.261086622873942,0.2228132482503619,0.2328593975073886,1.4573204517364502,1.2226604223251345,1.691980481147766,5.926592350006104,5.65631087621053,6.196873823801677,0.2485659863881139,0.2034128635463507,1.5925175547599792,1.4545748233795166,1.730460286140442,5.968124151229858,5.807355086008708,6.128893216451009,0.2441327611810224,0.2142916559476738,1.5404173135757446,1.4168238639831543,1.664010763168335,6.119168837865194,6.040108839670817,6.19822883605957,0.1902569317711439,0.1982843439596859,1.6180531978607178,1.4995341300964355,1.736572265625
Nb.AQ101_Adiponectin,False,"A,B",13.803495785684337,80.75836483931947,46.76,3.01,13.596874999999999,58.775731063689264,0.00525,0.0573,0.0122,0.0,0.18,0.8400000000000001,-141.05,0.0,0.25,0.3511,0.506,6.670193294684035,92.66920152091255,16936.52,788.4,5.400517241379312,81.20370511655454,0.244249,0.2064,0.2045,0.252,0.55,0.75,15987.81,1.0,0.6636,0.11169281807232201,0.835296250753706,19.64353847503662,46.311729431152344,75.884834,17.064777,0.4880656,,,,,,,0.2615404725074768,/scicore/home/schwede/barta0000/mcmahon_ds/originals/Nb.AQ101_Adiponectin/chai_no_constraints/seed_2685/pred.model_idx_2.cif,0.40651410818099976,/scicore/home/schwede/barta0000/mcmahon_ds/originals/Nb.AQ101_Adiponectin/chai_with_constraints/seed_1831/pred.model_idx_4.cif,0.2615404725074768,0.5924381613731384,0.1788160502910614,"[[0.8713318109512329, 0.8909714221954346]]","[[[0.8713318109512329, 0.1788160502910614], [0.1645532101392746, 0.8909714221954346]]]",0.1788160502910614,0.040458,0.0466,0.0114,0.0131,0.40651410818099976,0.6766713857650757,0.3389747738838196,"[[0.8764632344245911, 0.8797900676727295]]","[[[0.8764632344245911, 0.3389747738838196], [0.31436967849731445, 0.8797900676727295]]]",0.3389747738838196,0.201847,0.2525,0.0703,0.1994,0.5993282198905945,0.5947086215019226,0.3977055251598358,0.64973384141922,0.5941382050514221,1.8304121494293213,6.731626510620117,0.3977055251598358,/scicore/home/schwede/barta0000/mcmahon_ds/originals/Nb.AQ101_Adiponectin/boltz_free/output/boltz_results_Nb.AQ101_Adiponectin/predictions/Nb.AQ101_Adiponectin/Nb.AQ101_Adiponectin_model_0.cif,0.030262,0.0759,0.0125,0.041,0.7584099769592285,0.6776349544525146,0.552837610244751,0.8098030686378479,0.7288914322853088,1.135793924331665,4.983984470367432,0.552837610244751,/scicore/home/schwede/barta0000/mcmahon_ds/originals/Nb.AQ101_Adiponectin/boltz_with_template/output/boltz_results_Nb.AQ101_Adiponectin/predictions/Nb.AQ101_Adiponectin/Nb.AQ101_Adiponectin_model_0.cif,0.212057,0.163,0.045,0.1986,6.020633061726889,5.907044887542725,6.134221235911052,0.2345308243217991,0.2082299086444794,1.569112479686737,1.4256421327590942,1.71258282661438,5.598159869511923,5.32457160949707,5.871748129526774,0.2071192100796167,0.1861906482833788,1.6809841394424438,1.3470449447631836,2.014923334121704,5.555142879486084,5.219315052032471,5.890970706939697,0.2276598324785942,0.1708754159056628,1.7668205499649048,1.4468486309051514,2.086792469024658,6.12236475944519,6.096541086832683,6.148188432057698,0.2244309329727631,0.2115658669843537,1.5532189011573792,1.3960736989974976,1.7103641033172607,5.713322877883911,5.231615702311198,6.195030053456624,0.2983298026576491,0.2097421631811741,1.5618762969970703,1.4470412731170654,1.6767113208770752,5.973384221394857,5.754916191101074,6.19185225168864,0.2645726092454319,0.2120887553951054,1.5507504343986511,1.4100292921066284,1.6914715766906738,5.774855931599936,5.365213871002197,6.184497992197673,0.2258266116115174,0.2035687818105939,1.5917513370513916,1.432283878326416,1.7512187957763672
Nb.AQ102_Adiponectin,False,"A,B",13.963923106497498,82.51277365032193,219.63,15.39,8.588000000000001,69.17235923721677,0.005555,0.1164,0.0117,0.0,0.15,0.855,-94.22,0.0,0.23,0.5504,1.187,8.873844213763936,89.10427450980393,23655.01,1036.81,4.976666666666667,76.6396666208903,0.123757,0.2245,0.0286,0.0753,0.38,0.67,16335.52,1.0,0.5674,0.12036978590964609,0.8373632778832512,19.59961700439453,52.37383270263672,78.686615,16.781624,0.5002769,,,,,,,0.33258056640625,/scicore/home/schwede/barta0000/mcmahon_ds/originals/Nb.AQ102_Adiponectin/chai_no_constraints/seed_4773/pred.model_idx_4.cif,0.634053647518158,/scicore/home/schwede/barta0000/mcmahon_ds/originals/Nb.AQ102_Adiponectin/chai_with_constraints/seed_128/pred.model_idx_1.cif,0.33258056640625,0.6445191502571106,0.25459593534469604,"[[0.9005429744720459, 0.8907846808433533]]","[[[0.9005429744720459, 0.25459593534469604], [0.2219793051481247, 0.8907846808433533]]]",0.25459593534469604,0.110449,0.0731,0.016,0.0738,0.634053647518158,0.8083392977714539,0.590482234954834,"[[0.9078114032745361, 0.8780038952827454]]","[[[0.9078114032745361, 0.590482234954834], [0.5741620659828186, 0.8780038952827454]]]",0.590482234954834,0.475568,0.1981,0.2825,0.4704,0.6144326329231262,0.6699458956718445,0.4390512704849243,0.6582779288291931,0.6167862415313721,1.5007141828536987,5.394782066345215,0.4390512704849243,/scicore/home/schwede/barta0000/mcmahon_ds/originals/Nb.AQ102_Adiponectin/boltz_free/output/boltz_results_Nb.AQ102_Adiponectin/predictions/Nb.AQ102_Adiponectin/Nb.AQ102_Adiponectin_model_0.cif,0.103592,0.0783,0.0183,0.0769,0.8191514015197754,0.7790490984916687,0.6262546181678772,0.8673755526542664,0.8284158110618591,1.0108481645584106,4.802041530609131,0.6176770329475403,/scicore/home/schwede/barta0000/mcmahon_ds/originals/Nb.AQ102_Adiponectin/boltz_with_template/output/boltz_results_Nb.AQ102_Adiponectin/predictions/Nb.AQ102_Adiponectin/Nb.AQ102_Adiponectin_model_0.cif,0.267673,0.3804,0.1076,0.2468,5.716941277186075,5.260853290557861,6.17302926381429,0.2630350621456849,0.2176031106172443,1.5250824689865112,1.3250184059143066,1.7251465320587158,5.3912670612335205,4.620726426442464,6.161807696024577,0.2270976197671624,0.1721555797586241,1.759356677532196,1.3082693815231323,2.21044397354126,5.5798552831014,4.951151847839356,6.208558718363444,0.2002799979319216,0.1757540624073205,1.7386696338653564,1.408794641494751,2.068544626235962,5.787001132965088,5.409825166066487,6.164177099863688,0.2565857825820198,0.2147201122715654,1.5384199023246763,1.3390675783157349,1.7377722263336182,5.620388189951579,5.107601324717204,6.133175055185954,0.2649232614587661,0.2285370100413933,1.4760571122169497,1.2343376874923706,1.7177765369415283,5.32467277844747,4.602811972300212,6.046533584594727,0.3258197370582433,0.2285726203766091,1.4759013056755066,1.25547456741333,1.696328043937683,5.68298602104187,5.199625333150228,6.166346708933513,0.2440967255813227,0.2190336926780907,1.5185297131538391,1.294480562210083,1.7425788640975952
Nb.b201_HSA_404-601,False,"A,B",6.893647852908186,87.94335070140279,19.06,1.99,10.440384615384614,92.4403720258233,0.625092,0.2819,0.8276,0.3638,0.84,0.855,-11.8,0.0,0.83,0.2754,0.325,6.114218775036052,93.15727848101265,59596.57,1855.74,9.773269230769232,95.71791553497314,0.713582,0.2929,0.8463,0.3665,0.89,0.8,65086.93,1.0,0.0235,0.6747435345110386,0.8366553185495882,,,75.91107,14.42983,0.6074046,,,,,,,0.2594318389892578,/scicore/home/schwede/barta0000/mcmahon_ds/originals/Nb.b201_HSA_404-601/chai_no_constraints/seed_1039/pred.model_idx_2.cif,0.6475940942764282,/scicore/home/schwede/barta0000/mcmahon_ds/originals/Nb.b201_HSA_404-601/chai_with_constraints/seed_2056/pred.model_idx_1.cif,0.2594318389892578,0.6246131658554077,0.16813652217388153,"[[0.8954976201057434, 0.8623983263969421]]","[[[0.8954976201057434, 0.16813652217388153], [0.1264532059431076, 0.8623983263969421]]]",0.16813652217388153,0.005263,0.1133,0.011,0.0,0.6475940942764282,0.8246555924415588,0.6033287048339844,"[[0.8860877752304077, 0.8743113279342651]]","[[[0.8860877752304077, 0.6033287048339844], [0.5942447185516357, 0.8743113279342651]]]",0.6033287048339844,0.53182,0.1551,0.2987,0.4408,0.8497949838638306,0.7904407382011414,0.6884608864784241,0.890128493309021,0.8722577691078186,0.5976811647415161,3.9200820922851562,0.6884608864784241,/scicore/home/schwede/barta0000/mcmahon_ds/originals/Nb.b201_HSA_404-601/boltz_free/output/boltz_results_Nb.b201_HSA_404-601/predictions/Nb.b201_HSA_404-601/Nb.b201_HSA_404-601_model_0.cif,0.284184,0.1543,0.1465,0.2248,0.8579587936401367,0.7199418544769287,0.45487070083618164,0.9587307572364807,0.951998770236969,0.7226955890655518,9.58599853515625,0.45487070083618164,/scicore/home/schwede/barta0000/mcmahon_ds/originals/Nb.b201_HSA_404-601/boltz_with_template/output/boltz_results_Nb.b201_HSA_404-601/predictions/Nb.b201_HSA_404-601/Nb.b201_HSA_404-601_model_0.cif,0.105424,0.3059,0.0374,0.0189,4.091663241386414,5.8722968101501465,2.3110296726226807,0.1482878357624922,0.2166839557782384,1.5293154120445251,1.3517152070999146,1.7069156169891355,3.60262276728948,5.541427771250407,1.6638177633285522,0.1307226573032638,0.1992236640259046,1.613327145576477,1.405144214630127,1.8215100765228271,3.671406626701355,5.4216132164001465,1.9212000370025637,0.1469131479220112,0.2153731134174784,1.5353833436965942,1.3261908292770386,1.74457585811615,4.151293396949768,5.945061206817627,2.357525587081909,0.1699555594099285,0.2239342359621053,1.4964028596878052,1.3143857717514038,1.6784199476242063,3.735200663407644,5.521096706390381,1.9493046204249065,0.182905072434179,0.2137893175205646,1.5427642464637756,1.3796473741531372,1.705881118774414,4.051062881946564,5.819049994150798,2.28307576974233,0.19014612685309,0.2262713386851329,1.4860203862190249,1.254708766937256,1.7173320055007937,3.6791932582855225,5.426414648691813,1.931971867879232,0.1692511017957459,0.1994274066079595,1.612304985523224,1.4564179182052612,1.7681920528411863
Nb.b201_HSA_25-609,False,"A,B",13.189712044904082,84.28226905829597,154.23,10.06,28.06739130434783,69.38418850756449,0.0,0.1625,0.0096,0.0,0.16,0.8200000000000001,-234.48,0.0,0.27,0.8398,0.234,5.190229720624271,95.68699857752488,5122.4,538.75,7.822954545454547,86.2053847679725,0.538915,0.2902,0.4583,0.3493,0.83,0.91,41598.65,1.0,0.935,0.06300272628788921,0.8545908180435512,25.50298500061035,63.759456634521484,79.077675,13.507862,0.71683085,,,,,,,0.39536023139953613,/scicore/home/schwede/barta0000/mcmahon_ds/originals/Nb.b201_HSA_25-609/chai_no_constraints/seed_2194/pred.model_idx_2.cif,0.7318341732025146,/scicore/home/schwede/barta0000/mcmahon_ds/originals/Nb.b201_HSA_25-609/chai_with_constraints/seed_1416/pred.model_idx_2.cif,0.39536023139953613,0.785788893699646,0.2977530360221863,"[[0.8845064640045166, 0.8698375821113586]]","[[[0.8845064640045166, 0.2977530360221863], [0.21304628252983093, 0.8698375821113586]]]",0.2977530360221863,0.005231,0.2691,0.0118,0.0,0.7318341732025146,0.8825185894966125,0.6941630840301514,"[[0.8777276873588562, 0.8784562945365906]]","[[[0.8777276873588562, 0.6706950664520264], [0.6941630840301514, 0.8784562945365906]]]",0.6706950664520264,0.644171,0.2906,0.4296,0.3756,0.8987299203872681,0.9104254841804504,0.8792439699172974,0.903601348400116,0.8852447867393494,0.4233076274394989,3.498537540435791,0.8792439699172974,/scicore/home/schwede/barta0000/mcmahon_ds/originals/Nb.b201_HSA_25-609/boltz_free/output/boltz_results_Nb.b201_HSA_25-609/predictions/Nb.b201_HSA_25-609/Nb.b201_HSA_25-609_model_0.cif,0.661488,0.4409,0.3746,0.3685,0.9506080746650696,0.9566627740859985,0.9286131262779236,0.9561068415641785,0.9529104232788086,0.33629828691482544,1.9678524732589722,0.9286131262779236,/scicore/home/schwede/barta0000/mcmahon_ds/originals/Nb.b201_HSA_25-609/boltz_with_template/output/boltz_results_Nb.b201_HSA_25-609/predictions/Nb.b201_HSA_25-609/Nb.b201_HSA_25-609_model_0.cif,0.819429,0.5921,0.7323,0.5462,4.543032209078471,5.884537855784099,3.2015265623728437,0.2065983859768258,0.233550857912917,1.4543554186820984,1.337794065475464,1.570916771888733,4.114139278729756,5.29974889755249,2.928529659907023,0.1696951723152826,0.2186713130591711,1.5201855301856997,1.3836084604263306,1.6567625999450684,4.17184054851532,5.508237838745117,2.8354432582855225,0.1485974485252869,0.2367009979832875,1.4409575462341309,1.308007836341858,1.5739072561264038,4.633594314257304,6.0712095896403,3.195979038874308,0.205753339974606,0.2363634395973601,1.442384660243988,1.3535716533660889,1.5311976671218872,4.287256836891174,5.647580941518148,2.9269327322642007,0.1998499644188314,0.2224999859783285,1.5028282403945925,1.4022293090820312,1.603427171707153,4.374659061431885,5.738718032836914,3.0106000900268555,0.1957051829698367,0.2280069314090853,1.478379249572754,1.3191381692886353,1.6376203298568726,4.335731069246928,5.771463394165039,2.899998744328817,0.1867933225512332,0.208717504710526,1.5667735934257507,1.5327264070510864,1.600820779800415
Nb.c209_B2AR,False,"A,B",9.041013697508241,82.56597273501848,195.16,8.01,8.906521739130433,73.03761436690714,0.531481,0.1952,0.1633,0.3633,0.79,0.8,28.38,0.0,0.83,0.9833,0.307,5.6419333142237065,93.46006787330317,769.36,32.99,4.834878048780488,88.86731701362424,0.698369,0.4089,0.5892,0.484,0.88,0.89,582.83,1.0,0.987,0.4514942320593286,0.8536540119277515,18.5179660320282,48.31283950805664,73.53771,14.874511,0.6529548,,,,,,,0.44531697034835815,/scicore/home/schwede/barta0000/mcmahon_ds/originals/Nb.c209_B2AR/chai_no_constraints/seed_2144/pred.model_idx_4.cif,0.7711206674575806,/scicore/home/schwede/barta0000/mcmahon_ds/originals/Nb.c209_B2AR/chai_with_constraints/seed_4283/pred.model_idx_4.cif,0.44531697034835815,0.7461740970611572,0.3701027035713196,"[[0.8733439445495605, 0.8480914235115051]]","[[[0.8733439445495605, 0.3701027035713196], [0.3650326430797577, 0.8480914235115051]]]",0.3701027035713196,0.123327,0.2726,0.0118,0.0568,0.7711206674575806,0.8630468845367432,0.7481390833854675,"[[0.8899897933006287, 0.8597710132598877]]","[[[0.8899897933006287, 0.658977210521698], [0.7481390833854675, 0.8597710132598877]]]",0.658977210521698,0.664708,0.305,0.0729,0.4241,0.8124025464057922,0.8607017993927002,0.7387252449989319,0.8308218717575073,0.7150148749351501,0.6259243488311768,4.835377216339111,0.7387252449989319,/scicore/home/schwede/barta0000/mcmahon_ds/originals/Nb.c209_B2AR/boltz_free/output/boltz_results_Nb.c209_B2AR/predictions/Nb.c209_B2AR/Nb.c209_B2AR_model_0.cif,0.421706,0.1178,0.0515,0.2772,0.9154903292655945,0.9229640364646912,0.9324846863746643,0.9112417101860046,0.8780624270439148,0.431128591299057,2.1126890182495117,0.9324846863746643,/scicore/home/schwede/barta0000/mcmahon_ds/originals/Nb.c209_B2AR/boltz_with_template/output/boltz_results_Nb.c209_B2AR/predictions/Nb.c209_B2AR/Nb.c209_B2AR_model_0.cif,0.817171,0.4987,0.4349,0.5918,5.767918507258097,5.220005035400391,6.315831979115804,0.2023106777337422,0.1820263315870227,1.7036039233207705,1.366686463356018,2.0405213832855225,5.541258255640665,4.785120487213135,6.297396024068196,0.2451826000636824,0.1876395737858039,1.6732323169708252,1.389193058013916,1.9572715759277344,5.512455622355143,4.721555550893148,6.303355693817139,0.2471457582617462,0.1996770904801185,1.6110537648200989,1.314060091972351,1.908047437667847,5.765278259913127,5.228649298350017,6.301907221476237,0.2128672503847946,0.1956546620970923,1.6314041018486023,1.2851581573486328,1.977650046348572,5.542995770772299,4.777751922607422,6.308239618937175,0.2254021907069278,0.1957767538990623,1.630780279636383,1.2086619138717651,2.052898645401001,5.515507062276205,4.7892656326293945,6.241748491923015,0.209617198372269,0.1714837750420878,1.763266623020172,1.4828931093215942,2.04364013671875,5.634864250818888,4.949033101399739,6.320695400238037,0.2271743635770697,0.1628062221123017,1.8151946067810056,1.4709322452545166,2.159456968307495
Nb.c204_B2AR,False,"A,B",10.890106921487604,79.16853749284488,354.54,13.36,12.38625,66.97133542387002,0.187621,0.1826,0.0611,0.162,0.55,0.795,68.87,0.0,0.62,0.9009,0.32,5.292925361570247,93.26893181818183,1038.35,38.91,5.9314634146341465,85.21617077766581,0.529186,0.4168,0.537,0.4347,0.79,0.88,628.06,1.0,0.5787,0.2046499733316482,0.8116817916209195,16.362910454089825,54.92190170288086,73.75889,14.24529,0.6664302,,,,,,,0.459655225276947,/scicore/home/schwede/barta0000/mcmahon_ds/originals/Nb.c204_B2AR/chai_no_constraints/seed_2169/pred.model_idx_2.cif,0.7086514830589294,/scicore/home/schwede/barta0000/mcmahon_ds/originals/Nb.c204_B2AR/chai_with_constraints/seed_1951/pred.model_idx_3.cif,0.459655225276947,0.741823673248291,0.38911309838294983,"[[0.86663818359375, 0.8414572477340698]]","[[[0.86663818359375, 0.38911309838294983], [0.360589861869812, 0.8414572477340698]]]",0.38911309838294983,0.144203,0.273,0.0118,0.0552,0.7086514830589294,0.8545135855674744,0.6721858978271484,"[[0.87934809923172, 0.8612166047096252]]","[[[0.87934809923172, 0.6218267679214478], [0.6721858978271484, 0.8612166047096252]]]",0.6218267679214478,0.548816,0.2744,0.1481,0.3826,0.8825727701187134,0.9102481007575989,0.8486630320549011,0.8910501599311829,0.8393617272377014,0.4624249339103699,1.7489866018295288,0.8486630320549011,/scicore/home/schwede/barta0000/mcmahon_ds/originals/Nb.c204_B2AR/boltz_free/output/boltz_results_Nb.c204_B2AR/predictions/Nb.c204_B2AR/Nb.c204_B2AR_model_0.cif,0.752887,0.4475,0.3913,0.4974,0.9316152930259705,0.9286314249038696,0.8915039300918579,0.9416430592536926,0.9246194362640381,0.4393627643585205,1.7169945240020752,0.8915039300918579,/scicore/home/schwede/barta0000/mcmahon_ds/originals/Nb.c204_B2AR/boltz_with_template/output/boltz_results_Nb.c204_B2AR/predictions/Nb.c204_B2AR/Nb.c204_B2AR_model_0.cif,0.733728,0.6002,0.6254,0.568,6.280589262644449,6.235443909962972,6.325734615325928,0.3029496624602082,0.1766182722609684,1.7337645292282104,1.4183385372161863,2.0491905212402344,5.855889081954956,5.396578311920166,6.315199851989746,0.286722543057645,0.1790887926956035,1.719873547554016,1.4973810911178589,1.9423660039901731,5.8202972412109375,5.3146866162618,6.325907866160075,0.2865220066256427,0.1957323226132948,1.6310072541236875,1.3580949306488037,1.903919577598572,6.2563893000284825,6.233462651570638,6.279315948486328,0.3008357755279531,0.1816841529684434,1.7054855227470398,1.4238128662109375,1.987158179283142,5.830060084660848,5.365145047505696,6.294975121815999,0.2622579671931503,0.18047881591433,1.7121418714523315,1.4508769512176514,1.973406791687012,5.805542945861816,5.348958174387614,6.262127717336019,0.2779981141317059,0.180215022886153,1.7136045694351196,1.4367783069610596,1.99043083190918,5.893486261367798,5.453553199768066,6.333419322967529,0.2427904910399034,0.1615562588482527,1.8229018449783323,1.4960646629333496,2.1497390270233154
Nb.c210_B2AR,False,"A,B",10.52221187117381,80.56706248232966,177.13,6.4,9.666666666666666,71.35303265786,0.247872,0.2124,0.083,0.1669,0.62,0.81,116.33,0.0,0.68,0.2087,0.334,4.54798780737495,95.41694570135746,9967.79,619.9,4.37531914893617,92.18620025634766,0.686116,0.5136,0.7214,0.5181,0.87,0.91,12934.85,1.0,0.8822,0.33623837132890927,0.8399763860736117,19.80460484822591,51.05574417114258,73.49415,15.174129,0.64985925,,,,,,,0.7210593223571777,/scicore/home/schwede/barta0000/mcmahon_ds/originals/Nb.c210_B2AR/chai_no_constraints/seed_4269/pred.model_idx_1.cif,0.7283800840377808,/scicore/home/schwede/barta0000/mcmahon_ds/originals/Nb.c210_B2AR/chai_with_constraints/seed_186/pred.model_idx_4.cif,0.7210593223571777,0.8534091114997864,0.687971830368042,"[[0.89391028881073, 0.8586789965629578]]","[[[0.89391028881073, 0.6251551508903503], [0.687971830368042, 0.8586789965629578]]]",0.6251551508903503,0.560097,0.2775,0.212,0.3954,0.7283800840377808,0.8616461753845215,0.6950635313987732,"[[0.8975021243095398, 0.861022412776947]]","[[[0.8975021243095398, 0.6416571736335754], [0.6950635313987732, 0.861022412776947]]]",0.6416571736335754,0.604196,0.2713,0.0867,0.4164,0.8794980049133301,0.9457895755767822,0.9265206456184387,0.8677423596382141,0.80277019739151,0.346879780292511,0.8135189414024353,0.9265206456184387,/scicore/home/schwede/barta0000/mcmahon_ds/originals/Nb.c210_B2AR/boltz_free/output/boltz_results_Nb.c210_B2AR/predictions/Nb.c210_B2AR/Nb.c210_B2AR_model_0.cif,0.818844,0.2998,0.4017,0.6318,0.9013400077819824,0.9142367839813232,0.8674208521842957,0.9098198413848877,0.8721176981925964,0.41982632875442505,1.8749059438705444,0.8674208521842957,/scicore/home/schwede/barta0000/mcmahon_ds/originals/Nb.c210_B2AR/boltz_with_template/output/boltz_results_Nb.c210_B2AR/predictions/Nb.c210_B2AR/Nb.c210_B2AR_model_0.cif,0.675325,0.4123,0.458,0.5471,5.556818882624308,4.803271611531575,6.310366153717041,0.1948730486440233,0.1853226746444046,1.6856567859649658,1.3325092792510986,2.038804292678833,5.321054299672445,4.275437037150065,6.366671562194824,0.2129952485911048,0.1944304373324903,1.6376808285713196,1.38097882270813,1.8943828344345093,5.3234868844350185,4.300224463144938,6.346749305725098,0.2154028295312567,0.1995156261687899,1.6118627190589905,1.3357995748519895,1.8879258632659912,5.549494981765747,4.810654799143474,6.2883351643880205,0.201017662425316,0.1838397697702132,1.6936907172203064,1.3969767093658447,1.990404725074768,5.407430648803711,4.548109849294026,6.266751448313396,0.2079844401281023,0.1829178942411654,1.6987178921699524,1.4261150360107422,1.9713207483291624,5.409332911173503,4.557734648386638,6.260931173960368,0.2084260929972909,0.1937975998606841,1.6409409642219543,1.3017791509628296,1.980102777481079,5.421412388483684,4.519376913706462,6.323447863260905,0.1990354761332187,0.1648563499860491,1.802680790424347,1.4662858247756958,2.139075756072998
Nb.c200_B2AR,False,"A,B",8.070980835773224,84.81187358276644,130.38,4.16,5.260714285714286,80.77990936395169,0.645289,0.4054,0.2366,0.4274,0.85,0.825,14.32,0.0,0.89,0.9584,0.246,5.042661186298398,94.76323529411765,1224.46,44.99,3.4766666666666666,93.31488867865669,0.755667,0.5679,0.7462,0.5381,0.88,0.91,776.09,1.0,0.9107,0.857684128571168,0.8572865735449728,16.60075719015939,55.346405029296875,73.642426,14.512306,0.6633197,,,,,,,0.36349397897720337,/scicore/home/schwede/barta0000/mcmahon_ds/originals/Nb.c200_B2AR/chai_no_constraints/seed_1178/pred.model_idx_0.cif,0.4942662715911865,/scicore/home/schwede/barta0000/mcmahon_ds/originals/Nb.c200_B2AR/chai_with_constraints/seed_1200/pred.model_idx_1.cif,0.36349397897720337,0.7373694777488708,0.2700251042842865,"[[0.8929339051246643, 0.8626202940940857]]","[[[0.8929339051246643, 0.2700251042842865], [0.20960603654384613, 0.8626202940940857]]]",0.2700251042842865,0.101735,0.1314,0.0127,0.0426,0.4942662715911865,0.7915541529655457,0.41994428634643555,"[[0.8575956225395203, 0.8542185425758362]]","[[[0.8575956225395203, 0.41994428634643555], [0.3795049786567688, 0.8542185425758362]]]",0.41994428634643555,0.274676,0.2298,0.0453,0.1901,0.8397327661514282,0.8895425200462341,0.8046185374259949,0.848511278629303,0.723691999912262,0.5153336524963379,2.689556837081909,0.8046185374259949,/scicore/home/schwede/barta0000/mcmahon_ds/originals/Nb.c200_B2AR/boltz_free/output/boltz_results_Nb.c200_B2AR/predictions/Nb.c200_B2AR/Nb.c200_B2AR_model_0.cif,0.532111,0.1425,0.0993,0.4147,0.8580131530761719,0.9095847010612488,0.8176658153533936,0.8680999875068665,0.7701038718223572,0.4630470275878906,2.4659323692321777,0.8176658153533936,/scicore/home/schwede/barta0000/mcmahon_ds/originals/Nb.c200_B2AR/boltz_with_template/output/boltz_results_Nb.c200_B2AR/predictions/Nb.c200_B2AR/Nb.c200_B2AR_model_0.cif,0.570313,0.246,0.1672,0.4635,6.0163640181223546,5.6734619140625,6.35926612218221,0.2036712257700463,0.1876688450942921,1.673076331615448,1.296578049659729,2.049574613571167,6.0166544119517,5.685524304707845,6.347784519195557,0.2187616995327148,0.1791230291657429,1.7196823954582214,1.5174005031585691,1.921964287757873,5.968064149220785,5.600881099700928,6.335247198740642,0.2275303388379195,0.1820968243312091,1.703216731548309,1.4791969060897827,1.927236557006836,6.076899369557699,5.829773902893066,6.324024836222331,0.2100153900791504,0.1950018925517555,1.634746015071869,1.2821403741836548,1.987351655960083,6.028019030888876,5.826330184936523,6.229707876841228,0.2563118375736483,0.1847850914238909,1.6885617971420288,1.3645660877227783,2.0125575065612797,6.110960086186727,5.907184918721517,6.3147352536519366,0.2573347098021514,0.1840007102308445,1.6928156614303589,1.3493998050689695,2.036231517791748,6.03307310740153,5.729268232981364,6.336877981821696,0.2287246189771739,0.1628157905444059,1.815135836601257,1.4970388412475586,2.133232831954956
Nb.AD102_A2AR,False,"A,B",14.297871430216807,76.01814445451798,374.31,13.93,17.014864864864865,62.565369151296316,0.005404,0.1183,0.0118,0.0,0.25,0.775,210.4,0.0,0.33,0.2148,0.347,4.9016616665478345,94.32833723653395,11181.02,587.7,4.649722222222223,90.29555545383029,0.700968,0.4388,0.6723,0.5042,0.84,0.9,4979.12,1.0,0.2827,0.033561385787122075,0.7869007522983132,19.833744049072266,49.5527458190918,76.70052,14.318655,0.66481745,,,,,,,0.2890121638774872,/scicore/home/schwede/barta0000/mcmahon_ds/originals/Nb.AD102_A2AR/chai_no_constraints/seed_1343/pred.model_idx_1.cif,0.5142537355422974,/scicore/home/schwede/barta0000/mcmahon_ds/originals/Nb.AD102_A2AR/chai_with_constraints/seed_1150/pred.model_idx_0.cif,0.2890121638774872,0.6930322051048279,0.1880071461200714,"[[0.8982666730880737, 0.8556399345397949]]","[[[0.8982666730880737, 0.1880071461200714], [0.12630602717399597, 0.8556399345397949]]]",0.1880071461200714,0.0,0.2165,0.0107,0.0,0.5142537355422974,0.8076468110084534,0.44090551137924194,"[[0.9018582701683044, 0.8649592995643616]]","[[[0.9018582701683044, 0.44090551137924194], [0.4038063883781433, 0.8649592995643616]]]",0.44090551137924194,0.333846,0.196,0.0959,0.2519,0.854017436504364,0.8866072297096252,0.7091856598854065,0.890225350856781,0.80840665102005,0.4348304271697998,3.8522942066192627,0.7091856598854065,/scicore/home/schwede/barta0000/mcmahon_ds/originals/Nb.AD102_A2AR/boltz_free/output/boltz_results_Nb.AD102_A2AR/predictions/Nb.AD102_A2AR/Nb.AD102_A2AR_model_0.cif,0.309592,0.2265,0.087,0.2261,0.8998203277587891,0.9336972236633301,0.8399409651756287,0.9147902131080627,0.8514196872711182,0.3746024966239929,2.8031084537506104,0.8399409651756287,/scicore/home/schwede/barta0000/mcmahon_ds/originals/Nb.AD102_A2AR/boltz_with_template/output/boltz_results_Nb.AD102_A2AR/predictions/Nb.AD102_A2AR/Nb.AD102_A2AR_model_0.cif,0.60116,0.3873,0.2947,0.4591,6.171056032180786,5.9725691477457685,6.369542916615804,0.2323760110706824,0.1714898261167079,1.763231337070465,1.3683034181594849,2.1581592559814453,5.619215647379558,4.897113005320231,6.341318289438884,0.1782694042129954,0.1711711374377739,1.7650914192199707,1.5390305519104004,1.991152286529541,5.375320514043172,4.401535828908284,6.34910519917806,0.1833680426656708,0.1761371062883848,1.7364925742149353,1.476970911026001,1.9960142374038696,6.218943675359091,6.095814228057861,6.342073122660319,0.2269240725091192,0.1840163941339105,1.69273042678833,1.3916163444519043,1.993844509124756,5.862545092900594,5.435576756795247,6.2895134290059405,0.1438328841550512,0.1866518894644761,1.6785099506378174,1.3592702150344849,1.99774968624115,5.618981599807739,4.936766624450684,6.301196575164795,0.185618434106542,0.1909484306508396,1.655751883983612,1.3617573976516724,1.949746370315552,5.81654683748881,5.29739507039388,6.33569860458374,0.1417333960348993,0.1916188547094384,1.6522470116615295,1.32741117477417,1.9770828485488887
Nb.c201_B2AR,False,"A,B",10.98674078939138,80.3560561765549,171.59,7.11,9.62051282051282,72.87685912556971,0.21197,0.235,0.0584,0.1267,0.6,0.805,-2.55,0.0,0.66,0.9603,0.314,4.939267686245074,94.76527397260274,392.25,16.27,4.347285714285714,93.09414598418445,0.718884,0.5394,0.6998,0.5097,0.88,0.9,768.32,1.0,0.955,0.42828415082402943,0.85182923227596,17.278729557991028,51.50891876220703,74.635475,14.640685,0.66041696,,,,,,,0.5397078394889832,/scicore/home/schwede/barta0000/mcmahon_ds/originals/Nb.c201_B2AR/chai_no_constraints/seed_1494/pred.model_idx_0.cif,0.6063684225082397,/scicore/home/schwede/barta0000/mcmahon_ds/originals/Nb.c201_B2AR/chai_with_constraints/seed_128/pred.model_idx_1.cif,0.5397078394889832,0.8031442165374756,0.47384873032569885,"[[0.8868491053581238, 0.8593847155570984]]","[[[0.8868491053581238, 0.47384873032569885], [0.4052010178565979, 0.8593847155570984]]]",0.47384873032569885,0.316554,0.1398,0.0399,0.1921,0.6063684225082397,0.8319629430770874,0.5499697327613831,"[[0.8918420076370239, 0.8633196353912354]]","[[[0.8918420076370239, 0.5499697327613831], [0.5054037570953369, 0.8633196353912354]]]",0.5499697327613831,0.469455,0.2569,0.1044,0.3632,0.8514211773872375,0.9168198108673096,0.8781090378761292,0.8447492122650146,0.7513406872749329,0.4572308361530304,2.103652000427246,0.8781090378761292,/scicore/home/schwede/barta0000/mcmahon_ds/originals/Nb.c201_B2AR/boltz_free/output/boltz_results_Nb.c201_B2AR/predictions/Nb.c201_B2AR/Nb.c201_B2AR_model_0.cif,0.687507,0.202,0.1745,0.5229,0.8833505511283875,0.9162421822547913,0.8849034309387207,0.8829623460769653,0.8275731205940247,0.45305925607681274,2.235991954803467,0.8849034309387207,/scicore/home/schwede/barta0000/mcmahon_ds/originals/Nb.c201_B2AR/boltz_with_template/output/boltz_results_Nb.c201_B2AR/predictions/Nb.c201_B2AR/Nb.c201_B2AR_model_0.cif,0.705283,0.3745,0.2974,0.5714,6.06101139386495,5.810016791025798,6.312005996704102,0.1872310672380676,0.1919742744337912,1.6503939032554626,1.270194411277771,2.0305933952331543,5.820643822352091,5.302012920379639,6.339274724324544,0.253025715894618,0.192246605780777,1.6489763259887695,1.3619312047958374,1.9360214471817017,5.89774759610494,5.424623171488444,6.370872020721436,0.2272864340157672,0.197979172842103,1.6195934414863586,1.3043221235275269,1.9348647594451904,5.998845815658569,5.715740203857422,6.281951427459717,0.1973531808242448,0.2022318049740471,1.5983406901359558,1.2277337312698364,1.9689476490020752,5.738771994908651,5.189127604166667,6.288416385650635,0.2420079463321769,0.1864247819649565,1.6797274351119995,1.3894269466400146,1.9700279235839844,5.8767924308776855,5.503425757090251,6.25015910466512,0.2353087691294622,0.183455884449098,1.6957810521125791,1.3886901140213013,2.0028719902038574,6.260344505310059,6.195874373118083,6.324814637502034,0.211687354047943,0.1722538800161489,1.758785843849182,1.3820722103118896,2.1354994773864746
