sample,binding,interface,af3_pae,af3_plddt,af3_interface_dG,af3_interface_dG_SASA_ratio,af3_ipae,af3_iplddt,af3_ipsae,af3_iptm,af3_ptm,af3_pyros_binder_score,af3_rank,af3_ranking_score,af3_rank0_masif,cf_af3_rmsd,cf_pae,cf_plddt,cf_interface_dG,cf_interface_dG_SASA_ratio,cf_ipae,cf_iplddt,cf_ipsae,cf_iptm,cf_ptm,cf_pyros_binder_score,cf_rank,cf_rank0_masif,pred_ilddt,pred_lddt,esmfold_ipae,esmfold_iplddt,esmfold_plddt,esmfold_pae,esmfold_ptm,chai_unconstrained_score,chai_unconstrained_model_path,chai_constrained_score,chai_constrained_model_path,chai_unconstrained_aggregate_score,chai_unconstrained_ptm,chai_unconstrained_iptm,chai_unconstrained_per_chain_ptm,chai_unconstrained_per_chain_pair_iptm,chai_unconstrained_interface_iptm,chai_constrained_aggregate_score,chai_constrained_ptm,chai_constrained_iptm,chai_constrained_per_chain_ptm,chai_constrained_per_chain_pair_iptm,chai_constrained_interface_iptm,boltz_free_confidence_score,boltz_free_ptm,boltz_free_iptm,boltz_free_plddt,boltz_free_iplddt,boltz_free_pde,boltz_free_ipde,boltz_free_per_chain_pair_iptm,boltz_free_model_path,boltz_template_confidence_score,boltz_template_ptm,boltz_template_iptm,boltz_template_plddt,boltz_template_iplddt,boltz_template_pde,boltz_template_ipde,boltz_template_per_chain_pair_iptm,boltz_template_model_path
nb_s731266_mpnn_5_IL3,False,"A,B",13.988845318627066,79.8132693279434,209.08,14.58,4.419565217391304,65.19396053051787,0.013802,0.28,0.815,23.68,0.0,0.33,0.8005,0.347,6.55650939711603,90.70245059288538,,,2.734047619047619,85.54043545930281,0.407926,0.66,0.75,,1.0,0.0671,0.09050123090382106,0.8462712772709993,28.374077796936035,42.84141540527344,53.16914,21.295877,0.4631471,0.619463324546814,/scicore/home/schwede/barta0000/germinal_ds/templates_target_shuffle/nb_s731266_mpnn_5_IL3/chai_no_constraints/seed_7157/pred.model_idx_0.cif,0.44446900486946106,/scicore/home/schwede/barta0000/germinal_ds/templates_target_shuffle/nb_s731266_mpnn_5_IL3/chai_with_constraints/seed_2129/pred.model_idx_1.cif,0.619463324546814,0.6889476180076599,0.6020922660827637,"[[0.9136825203895569, 0.4013324975967407]]","[[[0.9136825203895569, 0.33498844504356384], [0.6020922660827637, 0.4013324975967407]]]",0.33498844504356384,0.44446900486946106,0.6249788403511047,0.39934155344963074,"[[0.9070911407470703, 0.3365107476711273]]","[[[0.9070911407470703, 0.20405662059783936], [0.39934155344963074, 0.3365107476711273]]]",0.20405662059783936,0.8259954452514648,0.8633740544319153,0.8009386658668518,0.8322595953941345,0.7642411589622498,0.4630473554134369,2.3754079341888428,0.8009386658668518,/scicore/home/schwede/barta0000/germinal_ds/templates_target_shuffle/nb_s731266_mpnn_5_IL3/boltz_free/output/boltz_results_nb_s731266_mpnn_5_IL3/predictions/nb_s731266_mpnn_5_IL3/nb_s731266_mpnn_5_IL3_model_0.cif,0.8860875368118286,0.8426397442817688,0.7504352331161499,0.9200005531311035,0.8953616619110107,0.5548917055130005,3.0195090770721436,0.7504352331161499,/scicore/home/schwede/barta0000/germinal_ds/templates_target_shuffle/nb_s731266_mpnn_5_IL3/boltz_with_template/output/boltz_results_nb_s731266_mpnn_5_IL3/predictions/nb_s731266_mpnn_5_IL3/nb_s731266_mpnn_5_IL3_model_0.cif
nb_s859190_mpnn_1_IL20,False,"A,B",13.736857745757844,82.29955803571428,221.54,13.29,6.974074074074075,69.69253143209171,0.005827,0.19,0.86,38.98,0.0,0.27,0.8536,0.237,4.8015497758743395,94.04855123674912,,,3.3684615384615384,90.05034426985115,0.514802,0.73,0.84,,1.0,0.4163,0.07361379768097584,0.8530494678110515,9.284770131111145,72.909912109375,77.52234,12.164296,0.6444689,0.3381022810935974,/scicore/home/schwede/barta0000/germinal_ds/templates_target_shuffle/nb_s859190_mpnn_1_IL20/chai_no_constraints/seed_4258/pred.model_idx_4.cif,0.4274612069129944,/scicore/home/schwede/barta0000/germinal_ds/templates_target_shuffle/nb_s859190_mpnn_1_IL20/chai_with_constraints/seed_3391/pred.model_idx_2.cif,0.3381022810935974,0.6325588822364807,0.2644881308078766,"[[0.9161855578422546, 0.9000024199485779]]","[[[0.9161855578422546, 0.25832560658454895], [0.2644881308078766, 0.9000024199485779]]]",0.25832560658454895,0.4274612069129944,0.6764950156211853,0.36520275473594666,"[[0.896797776222229, 0.8625456690788269]]","[[[0.896797776222229, 0.36520275473594666], [0.324171245098114, 0.8625456690788269]]]",0.36520275473594666,0.6382541060447693,0.7172008156776428,0.5073930025100708,0.6709693670272827,0.5894442200660706,0.8505254983901978,5.756896495819092,0.49894794821739197,/scicore/home/schwede/barta0000/germinal_ds/templates_target_shuffle/nb_s859190_mpnn_1_IL20/boltz_free/output/boltz_results_nb_s859190_mpnn_1_IL20/predictions/nb_s859190_mpnn_1_IL20/nb_s859190_mpnn_1_IL20_model_0.cif,0.7467116713523865,0.7213929295539856,0.5328736901283264,0.8001711964607239,0.7249592542648315,0.9259551763534546,6.722048759460449,0.5328736901283264,/scicore/home/schwede/barta0000/germinal_ds/templates_target_shuffle/nb_s859190_mpnn_1_IL20/boltz_with_template/output/boltz_results_nb_s859190_mpnn_1_IL20/predictions/nb_s859190_mpnn_1_IL20/nb_s859190_mpnn_1_IL20_model_0.cif
nb_s105306_mpnn_2_IL3,False,"A,B",12.409868799999998,78.65352580480328,686.66,38.95,8.1328125,62.69414740625787,0.030568,0.25,0.815,244.5,0.0,0.32,0.9443,1.125,5.700932159999999,88.8702,,,4.094,77.34419287404707,0.39087,0.62,0.78,,1.0,0.1986,0.07691957715458554,0.822356335377517,23.949504852294922,62.67280578613281,51.911808,20.850912,0.47214606,0.23684152960777283,/scicore/home/schwede/barta0000/germinal_ds/templates_target_shuffle/nb_s105306_mpnn_2_IL3/chai_no_constraints/seed_1231/pred.model_idx_3.cif,0.2599771320819855,/scicore/home/schwede/barta0000/germinal_ds/templates_target_shuffle/nb_s105306_mpnn_2_IL3/chai_with_constraints/seed_1474/pred.model_idx_3.cif,0.23684152960777283,0.5863078236579895,0.14947494864463806,"[[0.9087096452713013, 0.3165816068649292]]","[[[0.9087096452713013, 0.14947494864463806], [0.10222984850406647, 0.3165816068649292]]]",0.14947494864463806,0.2599771320819855,0.5947426557540894,0.1762857437133789,"[[0.9023776650428772, 0.3244071900844574]]","[[[0.9023776650428772, 0.1762857437133789], [0.1352570503950119, 0.3244071900844574]]]",0.1762857437133789,0.8080310821533203,0.8637994527816772,0.7951513528823853,0.8112509846687317,0.7342568039894104,0.4280272126197815,1.6743528842926025,0.7951513528823853,/scicore/home/schwede/barta0000/germinal_ds/templates_target_shuffle/nb_s105306_mpnn_2_IL3/boltz_free/output/boltz_results_nb_s105306_mpnn_2_IL3/predictions/nb_s105306_mpnn_2_IL3/nb_s105306_mpnn_2_IL3_model_0.cif,0.7954921126365662,0.7612746953964233,0.5948249697685242,0.8456588387489319,0.8013231754302979,0.8190791606903076,7.217611312866211,0.5948249697685242,/scicore/home/schwede/barta0000/germinal_ds/templates_target_shuffle/nb_s105306_mpnn_2_IL3/boltz_with_template/output/boltz_results_nb_s105306_mpnn_2_IL3/predictions/nb_s105306_mpnn_2_IL3/nb_s105306_mpnn_2_IL3_model_0.cif
nb_s351880_mpnn_3_IL20,False,"A,B",13.004597385408735,81.29412712623098,317.31,24.34,7.3675,68.14873600199338,0.007279,0.22,0.84,184.05,0.0,0.29,0.8721,0.875,6.916743747580816,89.98427561837455,,,5.10975,82.22681739113547,0.250543,0.51,0.73,,1.0,0.4465,0.09186782117694085,0.8936820281756066,12.02674420674642,66.42842102050781,74.668304,14.744953,0.5492645,0.3110682964324951,/scicore/home/schwede/barta0000/germinal_ds/templates_target_shuffle/nb_s351880_mpnn_3_IL20/chai_no_constraints/seed_4642/pred.model_idx_2.cif,0.3267675042152405,/scicore/home/schwede/barta0000/germinal_ds/templates_target_shuffle/nb_s351880_mpnn_3_IL20/chai_with_constraints/seed_1797/pred.model_idx_3.cif,0.3110682964324951,0.6314629316329956,0.2309696525335312,"[[0.8870517611503601, 0.8990017175674438]]","[[[0.8870517611503601, 0.2309696525335312], [0.21054202318191528, 0.8990017175674438]]]",0.2309696525335312,0.3267675042152405,0.621640682220459,0.25304922461509705,"[[0.885811448097229, 0.8824781179428101]]","[[[0.885811448097229, 0.25304922461509705], [0.21599668264389038, 0.8824781179428101]]]",0.25304922461509705,0.676907479763031,0.8225236535072327,0.7105274200439453,0.6685024499893188,0.6291463375091553,0.7113041281700134,3.656635046005249,0.7105274200439453,/scicore/home/schwede/barta0000/germinal_ds/templates_target_shuffle/nb_s351880_mpnn_3_IL20/boltz_free/output/boltz_results_nb_s351880_mpnn_3_IL20/predictions/nb_s351880_mpnn_3_IL20/nb_s351880_mpnn_3_IL20_model_0.cif,0.812578022480011,0.7730942368507385,0.6414855718612671,0.8553511500358582,0.8253735303878784,0.7995525598526001,4.224062442779541,0.6414855718612671,/scicore/home/schwede/barta0000/germinal_ds/templates_target_shuffle/nb_s351880_mpnn_3_IL20/boltz_with_template/output/boltz_results_nb_s351880_mpnn_3_IL20/predictions/nb_s351880_mpnn_3_IL20/nb_s351880_mpnn_3_IL20_model_0.cif
nb_s105046_mpnn_2_PDL1,False,"A,B",13.654754401894284,78.67639935414424,58.34,4.22,9.636363636363635,66.2238456773833,0.005835,0.24,0.815,-101.4,0.0,0.31,0.0017,0.34,3.579956559668145,96.23919831223628,,,3.44547619047619,94.87428610665458,0.730766,0.84,0.88,,1.0,0.0548,0.09790361539932294,0.8254509148449449,20.787364959716797,56.060726165771484,66.126884,17.893887,0.47601032,0.33800816535949707,/scicore/home/schwede/barta0000/germinal_ds/templates_target_shuffle/nb_s105046_mpnn_2_PDL1/chai_no_constraints/seed_1898/pred.model_idx_0.cif,0.49254655838012695,/scicore/home/schwede/barta0000/germinal_ds/templates_target_shuffle/nb_s105046_mpnn_2_PDL1/chai_with_constraints/seed_2854/pred.model_idx_1.cif,0.33800816535949707,0.6824547052383423,0.25189653038978577,"[[0.9250167012214661, 0.8798715472221375]]","[[[0.9250167012214661, 0.25189653038978577], [0.236153244972229, 0.8798715472221375]]]",0.25189653038978577,0.49254655838012695,0.7690718173980713,0.42341524362564087,"[[0.9146186709403992, 0.8868438601493835]]","[[[0.9146186709403992, 0.42041125893592834], [0.42341524362564087, 0.8868438601493835]]]",0.42041125893592834,0.8682993054389954,0.8852604031562805,0.801649272441864,0.8849617838859558,0.800618052482605,0.38016143441200256,1.3146525621414185,0.7859366536140442,/scicore/home/schwede/barta0000/germinal_ds/templates_target_shuffle/nb_s105046_mpnn_2_PDL1/boltz_free/output/boltz_results_nb_s105046_mpnn_2_PDL1/predictions/nb_s105046_mpnn_2_PDL1/nb_s105046_mpnn_2_PDL1_model_0.cif,0.8776385188102722,0.8514358401298523,0.7274312376976013,0.9151903390884399,0.8466020822525024,0.4547526240348816,3.088763952255249,0.7225772738456726,/scicore/home/schwede/barta0000/germinal_ds/templates_target_shuffle/nb_s105046_mpnn_2_PDL1/boltz_with_template/output/boltz_results_nb_s105046_mpnn_2_PDL1/predictions/nb_s105046_mpnn_2_PDL1/nb_s105046_mpnn_2_PDL1_model_0.cif
nb_s33838_mpnn_1_BHRF,False,"A,B",14.059407552083334,79.32261429205502,241.54,13.89,16.931818181818183,65.62803408948584,0.005635,0.19,0.835,9.38,0.0,0.27,0.6698,14.664,6.023528043016975,90.96791666666667,,,5.049714285714286,82.87666621352687,0.332734,0.65,0.81,,1.0,0.9007,0.08175668652252933,0.8334787217325931,16.37039049466451,48.12823486328125,74.47359,14.883837,0.54651517,0.3020320534706116,/scicore/home/schwede/barta0000/germinal_ds/templates_target_shuffle/nb_s33838_mpnn_1_BHRF/chai_no_constraints/seed_1645/pred.model_idx_4.cif,0.49574336409568787,/scicore/home/schwede/barta0000/germinal_ds/templates_target_shuffle/nb_s33838_mpnn_1_BHRF/chai_with_constraints/seed_2785/pred.model_idx_0.cif,0.3020320534706116,0.6211770176887512,0.22224581241607666,"[[0.9145212769508362, 0.8988972902297974]]","[[[0.9145212769508362, 0.22224581241607666], [0.19206079840660095, 0.8988972902297974]]]",0.22224581241607666,0.49574336409568787,0.758213996887207,0.43012571334838867,"[[0.918455958366394, 0.9144561886787415]]","[[[0.918455958366394, 0.43012571334838867], [0.39446133375167847, 0.9144561886787415]]]",0.43012571334838867,0.7861802577972412,0.6948878765106201,0.4306960701942444,0.8750513195991516,0.8001449108123779,0.6576106548309326,5.712749481201172,0.41928601264953613,/scicore/home/schwede/barta0000/germinal_ds/templates_target_shuffle/nb_s33838_mpnn_1_BHRF/boltz_free/output/boltz_results_nb_s33838_mpnn_1_BHRF/predictions/nb_s33838_mpnn_1_BHRF/nb_s33838_mpnn_1_BHRF_model_0.cif,0.7519022226333618,0.593418300151825,0.23101083934307098,0.8821250200271606,0.8247367143630981,0.9953488111495972,10.462472915649414,0.22840650379657745,/scicore/home/schwede/barta0000/germinal_ds/templates_target_shuffle/nb_s33838_mpnn_1_BHRF/boltz_with_template/output/boltz_results_nb_s33838_mpnn_1_BHRF/predictions/nb_s33838_mpnn_1_BHRF/nb_s33838_mpnn_1_BHRF_model_0.cif
nb_s283003_mpnn_3_PDL1,False,"A,B",6.326973953604301,86.005582010582,77.75,5.29,4.196666666666667,79.18417765660719,0.348627,0.67,0.85,-150.09,0.0,0.69,0.9954,0.4,4.170738485641546,94.73447257383967,,,2.2601785714285714,90.5811109189634,0.533008,0.76,0.84,,1.0,0.9182,0.06502250895728792,0.8791245631428924,22.529186248779297,47.84307861328125,65.9854,17.567356,0.47390872,0.34522560238838196,/scicore/home/schwede/barta0000/germinal_ds/templates_target_shuffle/nb_s283003_mpnn_3_PDL1/chai_no_constraints/seed_2095/pred.model_idx_4.cif,0.4422972798347473,/scicore/home/schwede/barta0000/germinal_ds/templates_target_shuffle/nb_s283003_mpnn_3_PDL1/chai_with_constraints/seed_1824/pred.model_idx_0.cif,0.34522560238838196,0.6825418472290039,0.2608965337276459,"[[0.9133821725845337, 0.8829984664916992]]","[[[0.9133821725845337, 0.2608965337276459], [0.2280300259590149, 0.8829984664916992]]]",0.2608965337276459,0.4422972798347473,0.7444159984588623,0.3667675852775574,"[[0.9173321723937988, 0.8867424130439758]]","[[[0.9173321723937988, 0.3667675852775574], [0.3411303162574768, 0.8867424130439758]]]",0.3667675852775574,0.8795814514160156,0.8774291276931763,0.8209351301193237,0.894243061542511,0.8542600274085999,0.36948952078819275,1.344959020614624,0.7724310159683228,/scicore/home/schwede/barta0000/germinal_ds/templates_target_shuffle/nb_s283003_mpnn_3_PDL1/boltz_free/output/boltz_results_nb_s283003_mpnn_3_PDL1/predictions/nb_s283003_mpnn_3_PDL1/nb_s283003_mpnn_3_PDL1_model_0.cif,0.8883699774742126,0.8482329249382019,0.7474206686019897,0.9236072301864624,0.9079408049583435,0.41619017720222473,2.8962621688842773,0.6983796954154968,/scicore/home/schwede/barta0000/germinal_ds/templates_target_shuffle/nb_s283003_mpnn_3_PDL1/boltz_with_template/output/boltz_results_nb_s283003_mpnn_3_PDL1/predictions/nb_s283003_mpnn_3_PDL1/nb_s283003_mpnn_3_PDL1_model_0.cif
nb_s731008_mpnn_1_IL20,False,"A,B",13.277041791007504,83.16033422459893,124.48,9.45,6.647916666666667,67.95508249420331,0.00588,0.22,0.865,20.7,0.0,0.29,0.9169,0.338,4.848038931688496,94.48300353356892,,,5.7735714285714295,89.2717401255732,0.586789,0.78,0.85,,1.0,0.8305,0.05912774816828485,0.8530494678110515,20.46934986114502,44.265342712402344,72.54251,15.508063,0.53404415,0.5626331567764282,/scicore/home/schwede/barta0000/germinal_ds/templates_target_shuffle/nb_s731008_mpnn_1_IL20/chai_no_constraints/seed_3159/pred.model_idx_2.cif,0.48139721155166626,/scicore/home/schwede/barta0000/germinal_ds/templates_target_shuffle/nb_s731008_mpnn_1_IL20/chai_with_constraints/seed_1008/pred.model_idx_1.cif,0.5626331567764282,0.7549012899398804,0.5145660638809204,"[[0.8972412347793579, 0.8996766209602356]]","[[[0.8972412347793579, 0.5145660638809204], [0.5100426077842712, 0.8996766209602356]]]",0.5145660638809204,0.48139721155166626,0.707709014415741,0.4248192310333252,"[[0.8770418167114258, 0.8897887468338013]]","[[[0.8770418167114258, 0.41935575008392334], [0.4248192310333252, 0.8897887468338013]]]",0.41935575008392334,0.6616540551185608,0.7660890221595764,0.6040427088737488,0.6760568618774414,0.5857884883880615,0.6881203055381775,4.162023067474365,0.5861199498176575,/scicore/home/schwede/barta0000/germinal_ds/templates_target_shuffle/nb_s731008_mpnn_1_IL20/boltz_free/output/boltz_results_nb_s731008_mpnn_1_IL20/predictions/nb_s731008_mpnn_1_IL20/nb_s731008_mpnn_1_IL20_model_0.cif,0.8145944476127625,0.8402884602546692,0.7695209980010986,0.8258628249168396,0.7900388836860657,0.5701556205749512,2.889439821243286,0.7695209980010986,/scicore/home/schwede/barta0000/germinal_ds/templates_target_shuffle/nb_s731008_mpnn_1_IL20/boltz_with_template/output/boltz_results_nb_s731008_mpnn_1_IL20/predictions/nb_s731008_mpnn_1_IL20/nb_s731008_mpnn_1_IL20_model_0.cif
nb_s826150_mpnn_1_BHRF,False,"A,B",12.792236747322303,80.05783121993879,474.66,27.4,5.851612903225805,63.46746342749014,0.025681,0.26,0.84,223.19,0.0,0.32,0.0078,0.301,4.971353550383203,91.69659793814432,,,3.834827586206896,84.0235293893253,0.633132,0.78,0.86,,1.0,0.9594,0.063960245088198,0.8586941365653559,15.228743825639997,64.25518035888672,74.802444,14.910932,0.55296457,0.26738134026527405,/scicore/home/schwede/barta0000/germinal_ds/templates_target_shuffle/nb_s826150_mpnn_1_BHRF/chai_no_constraints/seed_2349/pred.model_idx_4.cif,0.414519727230072,/scicore/home/schwede/barta0000/germinal_ds/templates_target_shuffle/nb_s826150_mpnn_1_BHRF/chai_with_constraints/seed_2340/pred.model_idx_1.cif,0.26738134026527405,0.6003053784370422,0.1841503232717514,"[[0.9154317378997803, 0.909096896648407]]","[[[0.9154317378997803, 0.1841503232717514], [0.13016219437122345, 0.909096896648407]]]",0.1841503232717514,0.414519727230072,0.7020177841186523,0.34264522790908813,"[[0.9175277948379517, 0.9092416167259216]]","[[[0.9175277948379517, 0.34264522790908813], [0.3123205304145813, 0.9092416167259216]]]",0.34264522790908813,0.8434085845947266,0.867769718170166,0.7588480710983276,0.8645487427711487,0.75925213098526,0.42780801653862,2.306990623474121,0.7588480710983276,/scicore/home/schwede/barta0000/germinal_ds/templates_target_shuffle/nb_s826150_mpnn_1_BHRF/boltz_free/output/boltz_results_nb_s826150_mpnn_1_BHRF/predictions/nb_s826150_mpnn_1_BHRF/nb_s826150_mpnn_1_BHRF_model_0.cif,0.8068163990974426,0.7505297064781189,0.5178733468055725,0.8790521025657654,0.7880390286445618,0.782968282699585,8.452669143676758,0.5178733468055725,/scicore/home/schwede/barta0000/germinal_ds/templates_target_shuffle/nb_s826150_mpnn_1_BHRF/boltz_with_template/output/boltz_results_nb_s826150_mpnn_1_BHRF/predictions/nb_s826150_mpnn_1_BHRF/nb_s826150_mpnn_1_BHRF_model_0.cif
nb_s666722_mpnn_2_IL20,False,"A,B",12.444536989795917,81.19061874431301,88.29,5.55,5.6049999999999995,64.50484672700024,0.00608,0.21,0.85,-95.5,0.0,0.29,0.0008,0.273,4.890504336734693,94.07057142857141,,,2.4571875,89.02200012207031,0.47419,0.74,0.81,,1.0,0.1262,0.08127566003661416,0.8583044901796296,14.713512420654297,56.22043228149414,72.062416,14.711609,0.552218,0.31200504302978516,/scicore/home/schwede/barta0000/germinal_ds/templates_target_shuffle/nb_s666722_mpnn_2_IL20/chai_no_constraints/seed_3740/pred.model_idx_0.cif,0.3817408084869385,/scicore/home/schwede/barta0000/germinal_ds/templates_target_shuffle/nb_s666722_mpnn_2_IL20/chai_with_constraints/seed_3132/pred.model_idx_2.cif,0.31200504302978516,0.6236966848373413,0.23408213257789612,"[[0.9213464260101318, 0.8884910345077515]]","[[[0.9213464260101318, 0.23408213257789612], [0.19342376291751862, 0.8884910345077515]]]",0.23408213257789612,0.3817408084869385,0.6859601140022278,0.30568596720695496,"[[0.9205281734466553, 0.8903020620346069]]","[[[0.9205281734466553, 0.3032233715057373], [0.30568596720695496, 0.8903020620346069]]]",0.3032233715057373,0.6190293431282043,0.7678053975105286,0.6118593215942383,0.6208218336105347,0.5379505753517151,0.7849335074424744,4.049159049987793,0.6118593215942383,/scicore/home/schwede/barta0000/germinal_ds/templates_target_shuffle/nb_s666722_mpnn_2_IL20/boltz_free/output/boltz_results_nb_s666722_mpnn_2_IL20/predictions/nb_s666722_mpnn_2_IL20/nb_s666722_mpnn_2_IL20_model_0.cif,0.7623816132545471,0.7145770192146301,0.5231884121894836,0.822179913520813,0.7358725666999817,0.9195111393928528,6.235840320587158,0.5231884121894836,/scicore/home/schwede/barta0000/germinal_ds/templates_target_shuffle/nb_s666722_mpnn_2_IL20/boltz_with_template/output/boltz_results_nb_s666722_mpnn_2_IL20/predictions/nb_s666722_mpnn_2_IL20/nb_s666722_mpnn_2_IL20_model_0.cif
nb_s972445_mpnn_2_IL20,False,"A,B",14.39895663265306,80.11098382749326,145.44,8.39,8.1421875,67.65146953692856,0.00578,0.16,0.85,-55.19,0.0,0.24,0.7997,0.921,5.555212627551021,92.99549999999999,,,3.6325000000000003,87.17206810260642,0.370227,0.64,0.79,,1.0,0.9858,0.12879740659289907,0.8494794645634162,9.583429553292014,70.77230834960938,74.115555,13.579822,0.57222366,0.30158883333206177,/scicore/home/schwede/barta0000/germinal_ds/templates_target_shuffle/nb_s972445_mpnn_2_IL20/chai_no_constraints/seed_1234/pred.model_idx_3.cif,0.4159468412399292,/scicore/home/schwede/barta0000/germinal_ds/templates_target_shuffle/nb_s972445_mpnn_2_IL20/chai_with_constraints/seed_1060/pred.model_idx_1.cif,0.30158883333206177,0.616121768951416,0.2229555994272232,"[[0.8948371410369873, 0.8983235955238342]]","[[[0.8948371410369873, 0.2229555994272232], [0.16775378584861755, 0.8983235955238342]]]",0.2229555994272232,0.4159468412399292,0.6656861305236816,0.3535120189189911,"[[0.9061129093170166, 0.8636876344680786]]","[[[0.9061129093170166, 0.34597259759902954], [0.3535120189189911, 0.8636876344680786]]]",0.34597259759902954,0.575447142124176,0.5943078398704529,0.29197263717651367,0.6463157534599304,0.5560204982757568,1.279681921005249,7.134413242340088,0.256486713886261,/scicore/home/schwede/barta0000/germinal_ds/templates_target_shuffle/nb_s972445_mpnn_2_IL20/boltz_free/output/boltz_results_nb_s972445_mpnn_2_IL20/predictions/nb_s972445_mpnn_2_IL20/nb_s972445_mpnn_2_IL20_model_0.cif,0.8528699278831482,0.8340328931808472,0.7279189825057983,0.8841075897216797,0.8475050926208496,0.6423547267913818,2.8757078647613525,0.7278236746788025,/scicore/home/schwede/barta0000/germinal_ds/templates_target_shuffle/nb_s972445_mpnn_2_IL20/boltz_with_template/output/boltz_results_nb_s972445_mpnn_2_IL20/predictions/nb_s972445_mpnn_2_IL20/nb_s972445_mpnn_2_IL20_model_0.cif
nb_s462498_mpnn_2_IL20,False,"A,B",10.722258986877101,83.40122845779938,125.77,7.7,7.8,71.66235788812311,0.063185,0.39,0.845,-52.29,0.0,0.44,0.9961,0.422,4.116347563335789,95.12409893992933,,,2.515735294117647,93.73656344413757,0.719441,0.84,0.89,,1.0,0.9941,0.19023999972162675,0.8707694079054829,15.12598518371582,55.76820373535156,70.98267,13.417599,0.6068711,0.32705751061439514,/scicore/home/schwede/barta0000/germinal_ds/templates_target_shuffle/nb_s462498_mpnn_2_IL20/chai_no_constraints/seed_1702/pred.model_idx_2.cif,0.4029080271720886,/scicore/home/schwede/barta0000/germinal_ds/templates_target_shuffle/nb_s462498_mpnn_2_IL20/chai_with_constraints/seed_191/pred.model_idx_0.cif,0.32705751061439514,0.6266332864761353,0.2521635591983795,"[[0.9016977548599243, 0.896169126033783]]","[[[0.9016977548599243, 0.2521635591983795], [0.24325373768806458, 0.896169126033783]]]",0.2521635591983795,0.4029080271720886,0.6897786855697632,0.3311903774738312,"[[0.8989466428756714, 0.8990927934646606]]","[[[0.8989466428756714, 0.3311903774738312], [0.30837482213974, 0.8990927934646606]]]",0.3311903774738312,0.5719818472862244,0.5351842045783997,0.1925113946199417,0.6668494939804077,0.6178494095802307,1.0816961526870728,8.79922103881836,0.15182295441627502,/scicore/home/schwede/barta0000/germinal_ds/templates_target_shuffle/nb_s462498_mpnn_2_IL20/boltz_free/output/boltz_results_nb_s462498_mpnn_2_IL20/predictions/nb_s462498_mpnn_2_IL20/nb_s462498_mpnn_2_IL20_model_0.cif,0.7871686816215515,0.6539450287818909,0.468599796295166,0.8668108582496643,0.8175197839736938,1.1304012537002563,8.316240310668945,0.468599796295166,/scicore/home/schwede/barta0000/germinal_ds/templates_target_shuffle/nb_s462498_mpnn_2_IL20/boltz_with_template/output/boltz_results_nb_s462498_mpnn_2_IL20/predictions/nb_s462498_mpnn_2_IL20/nb_s462498_mpnn_2_IL20_model_0.cif
nb_s807208_mpnn_5_PDL1,False,"A,B",9.69380975271057,82.92277926242652,111.75,6.84,4.906451612903226,67.35750596955626,0.071215,0.34,0.85,-117.88,0.0,0.4,0.9428,0.359,4.3043545372002345,93.43101265822786,,,2.982580645161291,86.6842850276402,0.508898,0.71,0.82,,1.0,0.1604,0.09058005935115049,0.8604976271837477,22.111133575439453,52.66981506347656,68.14853,17.327288,0.49291885,0.3463124632835388,/scicore/home/schwede/barta0000/germinal_ds/templates_target_shuffle/nb_s807208_mpnn_5_PDL1/chai_no_constraints/seed_1133/pred.model_idx_3.cif,0.5099813938140869,/scicore/home/schwede/barta0000/germinal_ds/templates_target_shuffle/nb_s807208_mpnn_5_PDL1/chai_with_constraints/seed_186/pred.model_idx_2.cif,0.3463124632835388,0.6805039048194885,0.262764573097229,"[[0.9005363583564758, 0.8723607063293457]]","[[[0.9005363583564758, 0.262764573097229], [0.2604053318500519, 0.8723607063293457]]]",0.262764573097229,0.5099813938140869,0.7603598833084106,0.4473867416381836,"[[0.9026788473129272, 0.8570306301116943]]","[[[0.9026788473129272, 0.4086952805519104], [0.4473867416381836, 0.8570306301116943]]]",0.4086952805519104,0.8236746788024902,0.8162428140640259,0.682172954082489,0.8590500950813293,0.7723819613456726,0.4926643669605255,2.9421608448028564,0.6374258399009705,/scicore/home/schwede/barta0000/germinal_ds/templates_target_shuffle/nb_s807208_mpnn_5_PDL1/boltz_free/output/boltz_results_nb_s807208_mpnn_5_PDL1/predictions/nb_s807208_mpnn_5_PDL1/nb_s807208_mpnn_5_PDL1_model_0.cif,0.8268213272094727,0.7932313680648804,0.6272650361061096,0.8767104148864746,0.792439877986908,0.5106462836265564,4.141583442687988,0.58793705701828,/scicore/home/schwede/barta0000/germinal_ds/templates_target_shuffle/nb_s807208_mpnn_5_PDL1/boltz_with_template/output/boltz_results_nb_s807208_mpnn_5_PDL1/predictions/nb_s807208_mpnn_5_PDL1/nb_s807208_mpnn_5_PDL1_model_0.cif
nb_s286378_mpnn_1_IL3,False,"A,B",12.550010154821978,81.01683417085427,461.23,19.0,3.992105263157895,70.96257132425968,0.149494,0.51,0.8200000000000001,173.51,0.0,0.54,0.9522,0.5,6.101040166226624,89.98035573122529,,,2.466666666666667,84.60249909487638,0.602022,0.79,0.78,,1.0,0.9694,0.46688920428021924,0.881614985759785,25.37160015106201,39.185848236083984,51.70743,21.548979,0.4552312,0.4415033459663391,/scicore/home/schwede/barta0000/germinal_ds/templates_target_shuffle/nb_s286378_mpnn_1_IL3/chai_no_constraints/seed_5869/pred.model_idx_0.cif,0.4266331195831299,/scicore/home/schwede/barta0000/germinal_ds/templates_target_shuffle/nb_s286378_mpnn_1_IL3/chai_with_constraints/seed_4527/pred.model_idx_3.cif,0.4415033459663391,0.6393452882766724,0.3920428454875946,"[[0.9218178391456604, 0.31943070888519287]]","[[[0.9218178391456604, 0.22048601508140564], [0.3920428454875946, 0.31943070888519287]]]",0.22048601508140564,0.4266331195831299,0.6556279063224792,0.36938440799713135,"[[0.9088341593742371, 0.3251522183418274]]","[[[0.9088341593742371, 0.25037622451782227], [0.36938440799713135, 0.3251522183418274]]]",0.25037622451782227,0.7629575133323669,0.6454446911811829,0.4338749349117279,0.8452281355857849,0.7408290505409241,0.9357274174690247,7.280139923095703,0.4338749349117279,/scicore/home/schwede/barta0000/germinal_ds/templates_target_shuffle/nb_s286378_mpnn_1_IL3/boltz_free/output/boltz_results_nb_s286378_mpnn_1_IL3/predictions/nb_s286378_mpnn_1_IL3/nb_s286378_mpnn_1_IL3_model_0.cif,0.8499761819839478,0.7509200572967529,0.6882786750793457,0.8904005289077759,0.8354073762893677,0.6307297348976135,3.6820805072784424,0.6882786750793457,/scicore/home/schwede/barta0000/germinal_ds/templates_target_shuffle/nb_s286378_mpnn_1_IL3/boltz_with_template/output/boltz_results_nb_s286378_mpnn_1_IL3/predictions/nb_s286378_mpnn_1_IL3/nb_s286378_mpnn_1_IL3_model_0.cif
nb_s618542_mpnn_2_IL3,False,"A,B",11.354903216735147,81.08475262368815,78.55,4.85,4.322857142857143,74.79956672765019,0.075867,0.37,0.825,-4.35,0.0,0.42,0.9577,0.769,5.336176787639237,91.86442687747035,,,2.8540740740740738,91.14999973072725,0.642435,0.82,0.85,,1.0,0.7433,0.2090336500376775,0.8606250193050254,,,53.542652,21.132915,0.46697333,0.34927240014076233,/scicore/home/schwede/barta0000/germinal_ds/templates_target_shuffle/nb_s618542_mpnn_2_IL3/chai_no_constraints/seed_3848/pred.model_idx_2.cif,0.30016112327575684,/scicore/home/schwede/barta0000/germinal_ds/templates_target_shuffle/nb_s618542_mpnn_2_IL3/chai_with_constraints/seed_1252/pred.model_idx_3.cif,0.34927240014076233,0.6397359371185303,0.27665650844573975,"[[0.9177770018577576, 0.29971742630004883]]","[[[0.9177770018577576, 0.22606095671653748], [0.27665650844573975, 0.29971742630004883]]]",0.22606095671653748,0.30016112327575684,0.6308157444000244,0.21749745309352875,"[[0.9149504899978638, 0.31474006175994873]]","[[[0.9149504899978638, 0.21749745309352875], [0.17015893757343292, 0.31474006175994873]]]",0.21749745309352875,0.7999100089073181,0.8020763397216797,0.6628649234771729,0.8341712951660156,0.7521709203720093,0.5920805931091309,3.8096325397491455,0.6628649234771729,/scicore/home/schwede/barta0000/germinal_ds/templates_target_shuffle/nb_s618542_mpnn_2_IL3/boltz_free/output/boltz_results_nb_s618542_mpnn_2_IL3/predictions/nb_s618542_mpnn_2_IL3/nb_s618542_mpnn_2_IL3_model_0.cif,0.8487443923950195,0.839905321598053,0.7373147010803223,0.8766018748283386,0.812403678894043,0.6155779957771301,4.094905376434326,0.7373147010803223,/scicore/home/schwede/barta0000/germinal_ds/templates_target_shuffle/nb_s618542_mpnn_2_IL3/boltz_with_template/output/boltz_results_nb_s618542_mpnn_2_IL3/predictions/nb_s618542_mpnn_2_IL3/nb_s618542_mpnn_2_IL3_model_0.cif
nb_s133952_mpnn_4_BHRF,False,"A,B",11.10899040316358,81.5453442188879,235.93,13.8,8.327142857142857,68.4291409280023,0.063257,0.41,0.8300000000000001,-21.43,0.0,0.47,0.97,0.217,4.245837553047839,93.97434027777778,,,2.8868965517241376,92.12733332316081,0.710258,0.85,0.9,,1.0,0.9561,0.5392554650682821,0.8682226996892343,16.872756958007812,44.41182327270508,72.56761,15.73392,0.53855455,0.34277552366256714,/scicore/home/schwede/barta0000/germinal_ds/templates_target_shuffle/nb_s133952_mpnn_4_BHRF/chai_no_constraints/seed_2325/pred.model_idx_2.cif,0.4577323794364929,/scicore/home/schwede/barta0000/germinal_ds/templates_target_shuffle/nb_s133952_mpnn_4_BHRF/chai_with_constraints/seed_1262/pred.model_idx_2.cif,0.34277552366256714,0.6589211821556091,0.26373910903930664,"[[0.8788495063781738, 0.9124905467033386]]","[[[0.8788495063781738, 0.26373910903930664], [0.2190956473350525, 0.9124905467033386]]]",0.26373910903930664,0.4577323794364929,0.7529597878456116,0.38392555713653564,"[[0.8997340202331543, 0.9159249067306519]]","[[[0.8997340202331543, 0.38392555713653564], [0.3817704916000366, 0.9159249067306519]]]",0.38392555713653564,0.8145157098770142,0.7173275351524353,0.43700680136680603,0.9088929295539856,0.8326583504676819,0.6435099840164185,5.612096309661865,0.4297923147678375,/scicore/home/schwede/barta0000/germinal_ds/templates_target_shuffle/nb_s133952_mpnn_4_BHRF/boltz_free/output/boltz_results_nb_s133952_mpnn_4_BHRF/predictions/nb_s133952_mpnn_4_BHRF/nb_s133952_mpnn_4_BHRF_model_0.cif,0.8396880030632019,0.7313982248306274,0.4843757152557373,0.9285160899162292,0.8805449604988098,0.7876136302947998,6.8572096824646,0.4843757152557373,/scicore/home/schwede/barta0000/germinal_ds/templates_target_shuffle/nb_s133952_mpnn_4_BHRF/boltz_with_template/output/boltz_results_nb_s133952_mpnn_4_BHRF/predictions/nb_s133952_mpnn_4_BHRF/nb_s133952_mpnn_4_BHRF_model_0.cif
nb_s606821_mpnn_1_IL3,False,"A,B",10.845264,77.88004081632651,343.5,12.59,8.036290322580644,62.17447129456937,0.089664,0.33,0.8,34.54,0.0,0.39,0.9718,0.369,4.70112176,91.5886,,,3.7294897959183673,86.60191588706158,0.516798,0.72,0.83,,1.0,0.9739,0.11021597552763675,0.8231047353870732,,,51.629356,20.846231,0.47286505,0.320792555809021,/scicore/home/schwede/barta0000/germinal_ds/templates_target_shuffle/nb_s606821_mpnn_1_IL3/chai_no_constraints/seed_2801/pred.model_idx_2.cif,0.31524235010147095,/scicore/home/schwede/barta0000/germinal_ds/templates_target_shuffle/nb_s606821_mpnn_1_IL3/chai_with_constraints/seed_4912/pred.model_idx_0.cif,0.320792555809021,0.6206978559494019,0.24581624567508698,"[[0.892939031124115, 0.31450241804122925]]","[[[0.892939031124115, 0.20687755942344666], [0.24581624567508698, 0.31450241804122925]]]",0.20687755942344666,0.31524235010147095,0.628305971622467,0.23697644472122192,"[[0.8650301694869995, 0.347771555185318]]","[[[0.8650301694869995, 0.23697644472122192], [0.21295756101608276, 0.347771555185318]]]",0.23697644472122192,0.7786772847175598,0.7263029217720032,0.5140758156776428,0.8448276519775391,0.7982375025749207,0.703301727771759,5.371572971343994,0.5140758156776428,/scicore/home/schwede/barta0000/germinal_ds/templates_target_shuffle/nb_s606821_mpnn_1_IL3/boltz_free/output/boltz_results_nb_s606821_mpnn_1_IL3/predictions/nb_s606821_mpnn_1_IL3/nb_s606821_mpnn_1_IL3_model_0.cif,0.8021308779716492,0.7410085797309875,0.5288113951683044,0.8704608082771301,0.8178061842918396,0.7473179697990417,6.258835315704346,0.5288113951683044,/scicore/home/schwede/barta0000/germinal_ds/templates_target_shuffle/nb_s606821_mpnn_1_IL3/boltz_with_template/output/boltz_results_nb_s606821_mpnn_1_IL3/predictions/nb_s606821_mpnn_1_IL3/nb_s606821_mpnn_1_IL3_model_0.cif
nb_s299161_mpnn_2_BHRF,False,"A,B",11.291937979003555,80.46801480191554,120.06,11.05,9.802083333333334,72.75065484327797,0.099148,0.38,0.825,-26.08,0.0,0.44,0.0004,0.197,5.53639305157001,93.68453608247422,,,4.236428571428571,90.8576191493443,0.440395,0.73,0.84,,1.0,0.8792,0.2026961779988198,0.8587807144707308,20.571910858154297,65.06770324707031,73.78247,16.836304,0.52019763,0.33557456731796265,/scicore/home/schwede/barta0000/germinal_ds/templates_target_shuffle/nb_s299161_mpnn_2_BHRF/chai_no_constraints/seed_3618/pred.model_idx_2.cif,0.4071701467037201,/scicore/home/schwede/barta0000/germinal_ds/templates_target_shuffle/nb_s299161_mpnn_2_BHRF/chai_with_constraints/seed_4526/pred.model_idx_2.cif,0.33557456731796265,0.6392073631286621,0.2596663534641266,"[[0.9163625836372375, 0.905071496963501]]","[[[0.9163625836372375, 0.2596663534641266], [0.21383821964263916, 0.905071496963501]]]",0.2596663534641266,0.4071701467037201,0.6816154718399048,0.33855879306793213,"[[0.9209064841270447, 0.9097588658332825]]","[[[0.9209064841270447, 0.33855879306793213], [0.2684684693813324, 0.9097588658332825]]]",0.33855879306793213,0.8869457244873047,0.9072402715682983,0.8455865383148193,0.8972854614257812,0.8326512575149536,0.3636992573738098,1.40538489818573,0.8455865383148193,/scicore/home/schwede/barta0000/germinal_ds/templates_target_shuffle/nb_s299161_mpnn_2_BHRF/boltz_free/output/boltz_results_nb_s299161_mpnn_2_BHRF/predictions/nb_s299161_mpnn_2_BHRF/nb_s299161_mpnn_2_BHRF_model_0.cif,0.8971660733222961,0.8465406894683838,0.7137249112129211,0.9430263042449951,0.9088309407234192,0.5587279796600342,4.651228427886963,0.7137249112129211,/scicore/home/schwede/barta0000/germinal_ds/templates_target_shuffle/nb_s299161_mpnn_2_BHRF/boltz_with_template/output/boltz_results_nb_s299161_mpnn_2_BHRF/predictions/nb_s299161_mpnn_2_BHRF/nb_s299161_mpnn_2_BHRF_model_0.cif
nb_s68363_mpnn_3_BHRF,False,"A,B",14.098520329235603,78.3671096491228,612.24,31.93,8.441176470588234,59.14145876219271,0.006386,0.18,0.8300000000000001,209.83,0.0,0.25,0.0029,0.842,5.860710785182037,90.07158075601374,,,4.224827586206897,77.97250069512262,0.37171,0.61,0.79,,1.0,0.2612,0.060413889549389733,0.8086387659363804,15.976637045542398,67.79228973388672,79.60868,14.342915,0.5855111,0.3116964101791382,/scicore/home/schwede/barta0000/germinal_ds/templates_target_shuffle/nb_s68363_mpnn_3_BHRF/chai_no_constraints/seed_1363/pred.model_idx_3.cif,0.38559696078300476,/scicore/home/schwede/barta0000/germinal_ds/templates_target_shuffle/nb_s68363_mpnn_3_BHRF/chai_with_constraints/seed_2825/pred.model_idx_3.cif,0.3116964101791382,0.6157538294792175,0.23568204045295715,"[[0.908669114112854, 0.9089229106903076]]","[[[0.908669114112854, 0.23568204045295715], [0.17187291383743286, 0.9089229106903076]]]",0.23568204045295715,0.38559696078300476,0.6907134652137756,0.30931782722473145,"[[0.9028459787368774, 0.8885392546653748]]","[[[0.9028459787368774, 0.30931782722473145], [0.30627867579460144, 0.8885392546653748]]]",0.30931782722473145,0.8422097563743591,0.8643587231636047,0.7946203947067261,0.8541070222854614,0.7606158256530762,0.47566959261894226,2.4852633476257324,0.7946203947067261,/scicore/home/schwede/barta0000/germinal_ds/templates_target_shuffle/nb_s68363_mpnn_3_BHRF/boltz_free/output/boltz_results_nb_s68363_mpnn_3_BHRF/predictions/nb_s68363_mpnn_3_BHRF/nb_s68363_mpnn_3_BHRF_model_0.cif,0.8122225999832153,0.6976962089538574,0.4414481818675995,0.9049162268638611,0.8532245755195618,0.8382064700126648,6.724739074707031,0.4243505001068115,/scicore/home/schwede/barta0000/germinal_ds/templates_target_shuffle/nb_s68363_mpnn_3_BHRF/boltz_with_template/output/boltz_results_nb_s68363_mpnn_3_BHRF/predictions/nb_s68363_mpnn_3_BHRF/nb_s68363_mpnn_3_BHRF_model_0.cif
nb_s53820_mpnn_2_BHRF,False,"A,B",10.606021421570365,82.29686573670445,373.11,16.22,7.002222222222223,69.95003400938393,0.116424,0.42,0.845,37.94,0.0,0.47,0.9688,0.21,4.680591868305759,92.43659793814435,,,4.183829787234043,87.15673516721142,0.642804,0.82,0.89,,1.0,0.0548,0.3126042874545853,0.8581931392971942,20.432504812876385,45.18191146850586,72.873825,16.300556,0.5148053,0.3245552182197571,/scicore/home/schwede/barta0000/germinal_ds/templates_target_shuffle/nb_s53820_mpnn_2_BHRF/chai_no_constraints/seed_3035/pred.model_idx_0.cif,0.38234278559684753,/scicore/home/schwede/barta0000/germinal_ds/templates_target_shuffle/nb_s53820_mpnn_2_BHRF/chai_with_constraints/seed_5335/pred.model_idx_1.cif,0.3245552182197571,0.6364645957946777,0.2465778887271881,"[[0.8903931379318237, 0.9018120765686035]]","[[[0.8903931379318237, 0.2465778887271881], [0.21503408253192902, 0.9018120765686035]]]",0.2465778887271881,0.38234278559684753,0.6856922507286072,0.306505411863327,"[[0.8881313800811768, 0.9084486961364746]]","[[[0.8881313800811768, 0.306505411863327], [0.2784438133239746, 0.9084486961364746]]]",0.306505411863327,0.8460065126419067,0.8646240234375,0.7599053382873535,0.8675317764282227,0.7995050549507141,0.4757356643676758,2.723205804824829,0.7599053382873535,/scicore/home/schwede/barta0000/germinal_ds/templates_target_shuffle/nb_s53820_mpnn_2_BHRF/boltz_free/output/boltz_results_nb_s53820_mpnn_2_BHRF/predictions/nb_s53820_mpnn_2_BHRF/nb_s53820_mpnn_2_BHRF_model_0.cif,0.8931774497032166,0.8846393823623657,0.8238606452941895,0.910506546497345,0.8819151520729065,0.5638372302055359,3.01716947555542,0.8238606452941895,/scicore/home/schwede/barta0000/germinal_ds/templates_target_shuffle/nb_s53820_mpnn_2_BHRF/boltz_with_template/output/boltz_results_nb_s53820_mpnn_2_BHRF/predictions/nb_s53820_mpnn_2_BHRF/nb_s53820_mpnn_2_BHRF_model_0.cif
nb_s233025_mpnn_2_BHRF,False,"A,B",13.105299961419753,79.8265552133744,271.62,15.24,8.05625,64.01081949572628,0.007462,0.2,0.835,47.66,0.0,0.27,0.829,1.151,6.840387852044753,88.83722222222224,,,7.2683333333333335,71.714137636382,0.244462,0.5,0.74,,1.0,0.03,0.06992172484232678,0.8713655622037627,13.297362089157104,50.7031364440918,74.03687,14.15781,0.55786365,0.37676191329956055,/scicore/home/schwede/barta0000/germinal_ds/templates_target_shuffle/nb_s233025_mpnn_2_BHRF/chai_no_constraints/seed_3749/pred.model_idx_2.cif,0.4904176592826843,/scicore/home/schwede/barta0000/germinal_ds/templates_target_shuffle/nb_s233025_mpnn_2_BHRF/chai_with_constraints/seed_10/pred.model_idx_1.cif,0.37676191329956055,0.6797733306884766,0.30100905895233154,"[[0.9145016074180603, 0.9118978977203369]]","[[[0.9145016074180603, 0.30100905895233154], [0.26920777559280396, 0.9118978977203369]]]",0.30100905895233154,0.4904176592826843,0.7668331861495972,0.42131373286247253,"[[0.8863490223884583, 0.9171295166015625]]","[[[0.8863490223884583, 0.42131373286247253], [0.41448813676834106, 0.9171295166015625]]]",0.42131373286247253,0.8288196921348572,0.7811546325683594,0.5808113217353821,0.8908217549324036,0.7907761335372925,0.5259164571762085,4.680899143218994,0.5635104775428772,/scicore/home/schwede/barta0000/germinal_ds/templates_target_shuffle/nb_s233025_mpnn_2_BHRF/boltz_free/output/boltz_results_nb_s233025_mpnn_2_BHRF/predictions/nb_s233025_mpnn_2_BHRF/nb_s233025_mpnn_2_BHRF_model_0.cif,0.8649870157241821,0.8269819021224976,0.6758683323860168,0.9122666120529175,0.8417916893959045,0.5449113249778748,3.6683945655822754,0.6758683323860168,/scicore/home/schwede/barta0000/germinal_ds/templates_target_shuffle/nb_s233025_mpnn_2_BHRF/boltz_with_template/output/boltz_results_nb_s233025_mpnn_2_BHRF/predictions/nb_s233025_mpnn_2_BHRF/nb_s233025_mpnn_2_BHRF_model_0.cif
nb_s607831_mpnn_3_PDL1,False,"A,B",12.037947978422261,81.50098204857446,170.17,10.83,7.051851851851852,65.9425033149771,0.026231,0.22,0.85,-82.15,0.0,0.29,0.3551,3.018,8.54561252648258,89.83569620253165,,,3.4553571428571423,73.4956657409668,0.094826,0.32,0.65,,1.0,0.0211,0.13280098919613262,0.8967530736963376,,,65.92579,17.805695,0.47516632,0.39885640144348145,/scicore/home/schwede/barta0000/germinal_ds/templates_target_shuffle/nb_s607831_mpnn_3_PDL1/chai_no_constraints/seed_2091/pred.model_idx_0.cif,0.5181789994239807,/scicore/home/schwede/barta0000/germinal_ds/templates_target_shuffle/nb_s607831_mpnn_3_PDL1/chai_with_constraints/seed_1824/pred.model_idx_3.cif,0.39885640144348145,0.7136285901069641,0.3201633095741272,"[[0.9036945104598999, 0.8822318911552429]]","[[[0.9036945104598999, 0.3201633095741272], [0.30447614192962646, 0.8822318911552429]]]",0.3201633095741272,0.5181789994239807,0.7693340182304382,0.45539021492004395,"[[0.8859382271766663, 0.8826196193695068]]","[[[0.8859382271766663, 0.45008787512779236], [0.45539021492004395, 0.8826196193695068]]]",0.45008787512779236,0.8060159683227539,0.8511600494384766,0.7194382548332214,0.8276604413986206,0.7439940571784973,0.4780034124851227,2.8121626377105713,0.7046714425086975,/scicore/home/schwede/barta0000/germinal_ds/templates_target_shuffle/nb_s607831_mpnn_3_PDL1/boltz_free/output/boltz_results_nb_s607831_mpnn_3_PDL1/predictions/nb_s607831_mpnn_3_PDL1/nb_s607831_mpnn_3_PDL1_model_0.cif,0.7956864237785339,0.7244157195091248,0.48824524879455566,0.8725467324256897,0.8014870882034302,0.9480292797088623,8.490248680114746,0.48824524879455566,/scicore/home/schwede/barta0000/germinal_ds/templates_target_shuffle/nb_s607831_mpnn_3_PDL1/boltz_with_template/output/boltz_results_nb_s607831_mpnn_3_PDL1/predictions/nb_s607831_mpnn_3_PDL1/nb_s607831_mpnn_3_PDL1_model_0.cif
nb_s717713_mpnn_4_IL3,False,"A,B",12.6960448,79.98607215447154,473.41,25.25,6.1097222222222225,65.00030253329147,0.013086,0.22,0.8200000000000001,184.59,0.0,0.29,0.5264,0.473,6.342641759999999,90.30968000000001,,,2.8,80.93416733211942,0.27299,0.55,0.75,,1.0,0.6075,0.08271321822552136,0.8809349462837336,26.413588523864746,44.85009765625,53.678226,21.20633,0.46356118,0.2306714951992035,/scicore/home/schwede/barta0000/germinal_ds/templates_target_shuffle/nb_s717713_mpnn_4_IL3/chai_no_constraints/seed_1846/pred.model_idx_3.cif,0.46998000144958496,/scicore/home/schwede/barta0000/germinal_ds/templates_target_shuffle/nb_s717713_mpnn_4_IL3/chai_with_constraints/seed_2511/pred.model_idx_0.cif,0.2306714951992035,0.5730165243148804,0.14508523046970367,"[[0.8919900059700012, 0.305711030960083]]","[[[0.8919900059700012, 0.14508523046970367], [0.09371732920408249, 0.305711030960083]]]",0.14508523046970367,0.46998000144958496,0.6559767723083496,0.4234808087348938,"[[0.8994894027709961, 0.3859972655773163]]","[[[0.8994894027709961, 0.2631487250328064], [0.4234808087348938, 0.3859972655773163]]]",0.2631487250328064,0.7309443354606628,0.6293049454689026,0.33440980315208435,0.8300780057907104,0.7134746313095093,0.819808304309845,7.718606948852539,0.33440980315208435,/scicore/home/schwede/barta0000/germinal_ds/templates_target_shuffle/nb_s717713_mpnn_4_IL3/boltz_free/output/boltz_results_nb_s717713_mpnn_4_IL3/predictions/nb_s717713_mpnn_4_IL3/nb_s717713_mpnn_4_IL3_model_0.cif,0.7617931365966797,0.655912458896637,0.4137616455554962,0.8488010168075562,0.7523473501205444,0.853347659111023,7.641821384429932,0.4137616455554962,/scicore/home/schwede/barta0000/germinal_ds/templates_target_shuffle/nb_s717713_mpnn_4_IL3/boltz_with_template/output/boltz_results_nb_s717713_mpnn_4_IL3/predictions/nb_s717713_mpnn_4_IL3/nb_s717713_mpnn_4_IL3_model_0.cif
nb_s483532_mpnn_3_BHRF,False,"A,B",13.861604214891978,78.1525597874225,736.87,46.53,10.04423076923077,55.827256026578965,0.006884,0.18,0.815,184.08,0.0,0.26,0.2918,0.707,6.614560546875001,87.98920138888889,,,6.133333333333333,72.30517288734173,0.310814,0.58,0.78,,1.0,0.0783,0.09370476166298593,0.8419822316159089,17.414691274816338,61.53963088989258,73.96094,15.426173,0.5531091,0.27781248092651367,/scicore/home/schwede/barta0000/germinal_ds/templates_target_shuffle/nb_s483532_mpnn_3_BHRF/chai_no_constraints/seed_6602/pred.model_idx_3.cif,0.4477255344390869,/scicore/home/schwede/barta0000/germinal_ds/templates_target_shuffle/nb_s483532_mpnn_3_BHRF/chai_with_constraints/seed_163/pred.model_idx_0.cif,0.27781248092651367,0.6163148880004883,0.19318687915802002,"[[0.9030324816703796, 0.9065077900886536]]","[[[0.9030324816703796, 0.19318687915802002], [0.14778456091880798, 0.9065077900886536]]]",0.19318687915802002,0.4477255344390869,0.7294161915779114,0.3773028254508972,"[[0.880144476890564, 0.9023133516311646]]","[[[0.880144476890564, 0.3773028254508972], [0.3411201536655426, 0.9023133516311646]]]",0.3773028254508972,0.8246310353279114,0.8306882977485657,0.7021979689598083,0.8552393317222595,0.7712962031364441,0.49836358428001404,2.678421974182129,0.7021979689598083,/scicore/home/schwede/barta0000/germinal_ds/templates_target_shuffle/nb_s483532_mpnn_3_BHRF/boltz_free/output/boltz_results_nb_s483532_mpnn_3_BHRF/predictions/nb_s483532_mpnn_3_BHRF/nb_s483532_mpnn_3_BHRF_model_0.cif,0.792890191078186,0.7306251525878906,0.5132968425750732,0.8627884984016418,0.7652465105056763,0.8049550652503967,7.202411651611328,0.5132968425750732,/scicore/home/schwede/barta0000/germinal_ds/templates_target_shuffle/nb_s483532_mpnn_3_BHRF/boltz_with_template/output/boltz_results_nb_s483532_mpnn_3_BHRF/predictions/nb_s483532_mpnn_3_BHRF/nb_s483532_mpnn_3_BHRF_model_0.cif
nb_s358395_mpnn_3_PDL1,False,"A,B",11.901317452687428,81.06924719701016,166.42,10.31,8.114583333333334,62.28379277781252,0.00757,0.21,0.84,-116.87,0.0,0.28,0.5981,0.511,6.096278730260463,91.92059071729958,,,4.780263157894737,82.86090954867277,0.270039,0.52,0.74,,1.0,0.9469,0.1270558487158951,0.9080378607414296,,,67.75393,17.2777,0.49243298,0.3024004101753235,/scicore/home/schwede/barta0000/germinal_ds/templates_target_shuffle/nb_s358395_mpnn_3_PDL1/chai_no_constraints/seed_2349/pred.model_idx_0.cif,0.4420783519744873,/scicore/home/schwede/barta0000/germinal_ds/templates_target_shuffle/nb_s358395_mpnn_3_PDL1/chai_with_constraints/seed_2582/pred.model_idx_3.cif,0.3024004101753235,0.6501773595809937,0.21545617282390594,"[[0.9000193476676941, 0.8789631724357605]]","[[[0.9000193476676941, 0.21545617282390594], [0.1871049702167511, 0.8789631724357605]]]",0.21545617282390594,0.4420783519744873,0.737696647644043,0.368173748254776,"[[0.9000207781791687, 0.881980299949646]]","[[[0.9000207781791687, 0.368173748254776], [0.36462247371673584, 0.881980299949646]]]",0.368173748254776,0.8024398684501648,0.78941410779953,0.5883554816246033,0.8559610247612,0.7663117051124573,0.5635130405426025,3.901034355163574,0.5599403977394104,/scicore/home/schwede/barta0000/germinal_ds/templates_target_shuffle/nb_s358395_mpnn_3_PDL1/boltz_free/output/boltz_results_nb_s358395_mpnn_3_PDL1/predictions/nb_s358395_mpnn_3_PDL1/nb_s358395_mpnn_3_PDL1_model_0.cif,0.899528980255127,0.8737943172454834,0.7602779269218445,0.9343417286872864,0.9011021256446838,0.4674651026725769,3.251065731048584,0.7185350060462952,/scicore/home/schwede/barta0000/germinal_ds/templates_target_shuffle/nb_s358395_mpnn_3_PDL1/boltz_with_template/output/boltz_results_nb_s358395_mpnn_3_PDL1/predictions/nb_s358395_mpnn_3_PDL1/nb_s358395_mpnn_3_PDL1_model_0.cif
nb_s870186_mpnn_1_IL20,False,"A,B",13.771893768182895,80.90583221175416,149.77,9.15,7.554347826086956,69.46094355190004,0.005514,0.2,0.845,49.02,0.0,0.27,0.0416,0.525,6.757303000412041,91.65056537102474,,,4.688599999999999,82.32892813001361,0.270368,0.57,0.76,,1.0,0.1886,0.08053135560978633,0.8894626910019507,13.572731018066406,65.25714111328125,72.851395,15.47532,0.537938,0.3546797037124634,/scicore/home/schwede/barta0000/germinal_ds/templates_target_shuffle/nb_s870186_mpnn_1_IL20/chai_no_constraints/seed_2583/pred.model_idx_1.cif,0.3912372589111328,/scicore/home/schwede/barta0000/germinal_ds/templates_target_shuffle/nb_s870186_mpnn_1_IL20/chai_with_constraints/seed_3029/pred.model_idx_0.cif,0.3546797037124634,0.6246892809867859,0.28717732429504395,"[[0.8783168792724609, 0.9015282988548279]]","[[[0.8783168792724609, 0.28717732429504395], [0.2454879730939865, 0.9015282988548279]]]",0.28717732429504395,0.3912372589111328,0.6727771759033203,0.32085227966308594,"[[0.8808326721191406, 0.8623332977294922]]","[[[0.8808326721191406, 0.32085227966308594], [0.3094552755355835, 0.8623332977294922]]]",0.32085227966308594,0.6437525749206543,0.6437286138534546,0.6195923686027527,0.6497926115989685,0.6415706276893616,1.4849129915237427,5.9246392250061035,0.6195923686027527,/scicore/home/schwede/barta0000/germinal_ds/templates_target_shuffle/nb_s870186_mpnn_1_IL20/boltz_free/output/boltz_results_nb_s870186_mpnn_1_IL20/predictions/nb_s870186_mpnn_1_IL20/nb_s870186_mpnn_1_IL20_model_0.cif,0.8843263983726501,0.8467403054237366,0.846075713634491,0.8938890099525452,0.8853439092636108,0.6155894994735718,1.8244584798812866,0.846075713634491,/scicore/home/schwede/barta0000/germinal_ds/templates_target_shuffle/nb_s870186_mpnn_1_IL20/boltz_with_template/output/boltz_results_nb_s870186_mpnn_1_IL20/predictions/nb_s870186_mpnn_1_IL20/nb_s870186_mpnn_1_IL20_model_0.cif
nb_s877334_mpnn_2_IL20,False,"A,B",13.100465561224489,79.63015787099684,257.98,17.2,8.816071428571428,63.48313105172179,0.009278,0.19,0.8300000000000001,55.37,0.0,0.27,0.032,1.106,6.07578443877551,90.97010714285713,,,4.1075,83.54333368937175,0.321131,0.61,0.77,,1.0,0.0029,0.06180987013780261,0.8555415269661281,8.386060623022226,69.21784973144531,74.13956,12.813294,0.6121813,0.29839393496513367,/scicore/home/schwede/barta0000/germinal_ds/templates_target_shuffle/nb_s877334_mpnn_2_IL20/chai_no_constraints/seed_2946/pred.model_idx_2.cif,0.350011944770813,/scicore/home/schwede/barta0000/germinal_ds/templates_target_shuffle/nb_s877334_mpnn_2_IL20/chai_with_constraints/seed_1084/pred.model_idx_1.cif,0.29839393496513367,0.6156023740768433,0.21909181773662567,"[[0.8936129808425903, 0.8955930471420288]]","[[[0.8936129808425903, 0.21909181773662567], [0.16678263247013092, 0.8955930471420288]]]",0.21909181773662567,0.350011944770813,0.6300621628761292,0.27999937534332275,"[[0.8657656908035278, 0.8457366824150085]]","[[[0.8657656908035278, 0.27999937534332275], [0.23565524816513062, 0.8457366824150085]]]",0.27999937534332275,0.635947048664093,0.713701069355011,0.5186819434165955,0.665263295173645,0.593028724193573,0.9152119755744934,4.490768909454346,0.5186819434165955,/scicore/home/schwede/barta0000/germinal_ds/templates_target_shuffle/nb_s877334_mpnn_2_IL20/boltz_free/output/boltz_results_nb_s877334_mpnn_2_IL20/predictions/nb_s877334_mpnn_2_IL20/nb_s877334_mpnn_2_IL20_model_0.cif,0.8836343884468079,0.8211448192596436,0.7489694952964783,0.9173006415367126,0.8887385725975037,0.6354327201843262,2.8106420040130615,0.7489694952964783,/scicore/home/schwede/barta0000/germinal_ds/templates_target_shuffle/nb_s877334_mpnn_2_IL20/boltz_with_template/output/boltz_results_nb_s877334_mpnn_2_IL20/predictions/nb_s877334_mpnn_2_IL20/nb_s877334_mpnn_2_IL20_model_0.cif
nb_s202316_mpnn_3_IL20,False,"A,B",14.141053078450225,81.46076784912438,400.11,27.72,4.864583333333333,65.49752541104161,0.0,0.16,0.85,143.95,0.0,0.24,0.8885,0.417,5.640519047559589,93.27402826855123,,,2.5290740740740745,86.11107090541294,0.355995,0.61,0.78,,1.0,0.9694,0.103589054904269,0.8595496363625348,12.134788314501444,71.07434844970703,75.2097,13.535516,0.59536153,0.2547188401222229,/scicore/home/schwede/barta0000/germinal_ds/templates_target_shuffle/nb_s202316_mpnn_3_IL20/chai_no_constraints/seed_4168/pred.model_idx_3.cif,0.40699851512908936,/scicore/home/schwede/barta0000/germinal_ds/templates_target_shuffle/nb_s202316_mpnn_3_IL20/chai_with_constraints/seed_3941/pred.model_idx_0.cif,0.2547188401222229,0.5827099084854126,0.17272107303142548,"[[0.903640866279602, 0.8955854177474976]]","[[[0.903640866279602, 0.17272107303142548], [0.12794266641139984, 0.8955854177474976]]]",0.17272107303142548,0.40699851512908936,0.6941059827804565,0.33522164821624756,"[[0.9056362509727478, 0.8993360996246338]]","[[[0.9056362509727478, 0.33522164821624756], [0.3332592248916626, 0.8993360996246338]]]",0.33522164821624756,0.6078058481216431,0.6900883913040161,0.4677709937095642,0.6428145170211792,0.5745609998703003,1.1412049531936646,5.818939685821533,0.4677681624889374,/scicore/home/schwede/barta0000/germinal_ds/templates_target_shuffle/nb_s202316_mpnn_3_IL20/boltz_free/output/boltz_results_nb_s202316_mpnn_3_IL20/predictions/nb_s202316_mpnn_3_IL20/nb_s202316_mpnn_3_IL20_model_0.cif,0.8636857271194458,0.8172995448112488,0.7397485971450806,0.8946699500083923,0.8713059425354004,0.7408713102340698,3.416640520095825,0.7397485971450806,/scicore/home/schwede/barta0000/germinal_ds/templates_target_shuffle/nb_s202316_mpnn_3_IL20/boltz_with_template/output/boltz_results_nb_s202316_mpnn_3_IL20/predictions/nb_s202316_mpnn_3_IL20/nb_s202316_mpnn_3_IL20_model_0.cif
nb_s327251_mpnn_4_IL20,False,"A,B",5.949483418367346,86.46773224043716,57.15,3.13,5.02051282051282,78.84418985382105,0.472658,0.75,0.875,-42.0,0.0,0.76,0.921,0.296,3.4825964285714295,95.962,,,2.0927142857142855,95.3645468047171,0.771677,0.86,0.9,,1.0,0.9779,0.43664554143249146,0.8849774552829964,15.808240294456482,62.82996368408203,73.92873,15.1445675,0.54197556,0.7660150527954102,/scicore/home/schwede/barta0000/germinal_ds/templates_target_shuffle/nb_s327251_mpnn_4_IL20/chai_no_constraints/seed_2118/pred.model_idx_0.cif,0.36653029918670654,/scicore/home/schwede/barta0000/germinal_ds/templates_target_shuffle/nb_s327251_mpnn_4_IL20/chai_with_constraints/seed_1189/pred.model_idx_3.cif,0.7660150527954102,0.8782735466957092,0.7379503846168518,"[[0.9282293915748596, 0.9052861332893372]]","[[[0.9282293915748596, 0.7379503846168518], [0.7048869132995605, 0.9052861332893372]]]",0.7379503846168518,0.36653029918670654,0.6506142616271973,0.2955092787742615,"[[0.9285115599632263, 0.884376049041748]]","[[[0.9285115599632263, 0.2955092787742615], [0.23668931424617767, 0.884376049041748]]]",0.2955092787742615,0.6555723547935486,0.7670817375183105,0.5980824828147888,0.6699447631835938,0.6103276014328003,0.7284175157546997,4.539931297302246,0.5914161801338196,/scicore/home/schwede/barta0000/germinal_ds/templates_target_shuffle/nb_s327251_mpnn_4_IL20/boltz_free/output/boltz_results_nb_s327251_mpnn_4_IL20/predictions/nb_s327251_mpnn_4_IL20/nb_s327251_mpnn_4_IL20_model_0.cif,0.7925922274589539,0.7708461284637451,0.6237068772315979,0.8348135948181152,0.7769283056259155,0.8024021983146667,5.492373943328857,0.6237068772315979,/scicore/home/schwede/barta0000/germinal_ds/templates_target_shuffle/nb_s327251_mpnn_4_IL20/boltz_with_template/output/boltz_results_nb_s327251_mpnn_4_IL20/predictions/nb_s327251_mpnn_4_IL20/nb_s327251_mpnn_4_IL20_model_0.cif
nb_s410453_mpnn_2_PDL1,False,"A,B",13.146908437038222,79.70798208640674,198.82,12.94,8.05,64.67411473557226,0.006645,0.2,0.825,-89.95,0.0,0.27,0.8874,0.335,6.021907813918709,91.44510548523206,,,3.7308,81.5538456256573,0.240717,0.53,0.74,,1.0,0.9467,0.07130518246949014,0.8908692052425586,22.995676040649414,41.32798385620117,65.02432,17.575087,0.48398268,0.28412744402885437,/scicore/home/schwede/barta0000/germinal_ds/templates_target_shuffle/nb_s410453_mpnn_2_PDL1/chai_no_constraints/seed_162/pred.model_idx_2.cif,0.42453688383102417,/scicore/home/schwede/barta0000/germinal_ds/templates_target_shuffle/nb_s410453_mpnn_2_PDL1/chai_with_constraints/seed_3469/pred.model_idx_0.cif,0.28412744402885437,0.6350245475769043,0.19640317559242249,"[[0.8928380012512207, 0.8727468252182007]]","[[[0.8928380012512207, 0.19640317559242249], [0.1546129435300827, 0.8727468252182007]]]",0.19640317559242249,0.42453688383102417,0.7286112308502197,0.3485182523727417,"[[0.9003751277923584, 0.8539321422576904]]","[[[0.9003751277923584, 0.3485182523727417], [0.34006044268608093, 0.8539321422576904]]]",0.3485182523727417,0.8032755851745605,0.8291434645652771,0.6925511956214905,0.8309566974639893,0.7539924383163452,0.4274703562259674,2.2428741455078125,0.6569233536720276,/scicore/home/schwede/barta0000/germinal_ds/templates_target_shuffle/nb_s410453_mpnn_2_PDL1/boltz_free/output/boltz_results_nb_s410453_mpnn_2_PDL1/predictions/nb_s410453_mpnn_2_PDL1/nb_s410453_mpnn_2_PDL1_model_0.cif,0.8228497505187988,0.8098631501197815,0.6679220199584961,0.8615816831588745,0.7984646558761597,0.51988285779953,3.8948440551757812,0.6550388932228088,/scicore/home/schwede/barta0000/germinal_ds/templates_target_shuffle/nb_s410453_mpnn_2_PDL1/boltz_with_template/output/boltz_results_nb_s410453_mpnn_2_PDL1/predictions/nb_s410453_mpnn_2_PDL1/nb_s410453_mpnn_2_PDL1_model_0.cif
nb_s926337_mpnn_1_IL3,False,"A,B",13.446527832023621,80.08146169354839,542.01,38.51,8.336538461538462,61.024845979717156,0.00625,0.19,0.83,123.08,0.0,0.26,0.2132,0.403,7.8157399740661475,89.17395256916997,,,4.52304347826087,74.87190537225632,0.17189,0.44,0.69,,1.0,0.6371,0.07854805067972673,0.8774722612118274,25.998740832010906,58.97478485107422,55.97608,21.375547,0.46291962,0.22906851768493652,/scicore/home/schwede/barta0000/germinal_ds/templates_target_shuffle/nb_s926337_mpnn_1_IL3/chai_no_constraints/seed_2548/pred.model_idx_4.cif,0.34293800592422485,/scicore/home/schwede/barta0000/germinal_ds/templates_target_shuffle/nb_s926337_mpnn_1_IL3/chai_with_constraints/seed_2030/pred.model_idx_4.cif,0.22906851768493652,0.5864052772521973,0.13973432779312134,"[[0.919482946395874, 0.2989159822463989]]","[[[0.919482946395874, 0.13973432779312134], [0.10832887142896652, 0.2989159822463989]]]",0.13973432779312134,0.34293800592422485,0.6698181629180908,0.26121795177459717,"[[0.9245709776878357, 0.3742283284664154]]","[[[0.9245709776878357, 0.26121795177459717], [0.2579044699668884, 0.3742283284664154]]]",0.26121795177459717,0.7562296390533447,0.618229866027832,0.2530035972595215,0.8820361495018005,0.8281970620155334,0.8495923280715942,7.798346996307373,0.18352407217025757,/scicore/home/schwede/barta0000/germinal_ds/templates_target_shuffle/nb_s926337_mpnn_1_IL3/boltz_free/output/boltz_results_nb_s926337_mpnn_1_IL3/predictions/nb_s926337_mpnn_1_IL3/nb_s926337_mpnn_1_IL3_model_0.cif,0.8337158560752869,0.733363687992096,0.5209763050079346,0.9119007587432861,0.8905613422393799,0.7106685638427734,6.222811698913574,0.4792913496494293,/scicore/home/schwede/barta0000/germinal_ds/templates_target_shuffle/nb_s926337_mpnn_1_IL3/boltz_with_template/output/boltz_results_nb_s926337_mpnn_1_IL3/predictions/nb_s926337_mpnn_1_IL3/nb_s926337_mpnn_1_IL3_model_0.cif
nb_s81839_mpnn_1_BHRF,False,"A,B",12.517749324845678,83.13740350877192,276.21,18.93,10.314285714285713,70.09644135824385,0.019894,0.25,0.865,-33.19,0.0,0.32,0.6995,0.466,5.7003657889660495,92.43572916666666,,,5.285740740740741,84.03769038273738,0.359722,0.59,0.78,,1.0,0.0158,0.08799879516714913,0.8860760955323012,16.03262300491333,47.462345123291016,74.00629,15.172737,0.53991926,0.35950207710266113,/scicore/home/schwede/barta0000/germinal_ds/templates_target_shuffle/nb_s81839_mpnn_1_BHRF/chai_no_constraints/seed_360/pred.model_idx_0.cif,0.5645352602005005,/scicore/home/schwede/barta0000/germinal_ds/templates_target_shuffle/nb_s81839_mpnn_1_BHRF/chai_with_constraints/seed_1390/pred.model_idx_4.cif,0.35950207710266113,0.6507108211517334,0.28669989109039307,"[[0.9312925934791565, 0.8988433480262756]]","[[[0.9312925934791565, 0.28669989109039307], [0.2586599588394165, 0.8988433480262756]]]",0.28669989109039307,0.5645352602005005,0.7888864874839783,0.5084474682807922,"[[0.930778443813324, 0.9134499430656433]]","[[[0.930778443813324, 0.5084474682807922], [0.4628736674785614, 0.9134499430656433]]]",0.5084474682807922,0.8541454672813416,0.8305938243865967,0.6990652680397034,0.8929154276847839,0.8173381090164185,0.48851123452186584,3.1401870250701904,0.6990652680397034,/scicore/home/schwede/barta0000/germinal_ds/templates_target_shuffle/nb_s81839_mpnn_1_BHRF/boltz_free/output/boltz_results_nb_s81839_mpnn_1_BHRF/predictions/nb_s81839_mpnn_1_BHRF/nb_s81839_mpnn_1_BHRF_model_0.cif,0.8604493141174316,0.7913084030151367,0.610723078250885,0.9228808879852295,0.8708531856536865,0.6137478947639465,5.839566707611084,0.610723078250885,/scicore/home/schwede/barta0000/germinal_ds/templates_target_shuffle/nb_s81839_mpnn_1_BHRF/boltz_with_template/output/boltz_results_nb_s81839_mpnn_1_BHRF/predictions/nb_s81839_mpnn_1_BHRF/nb_s81839_mpnn_1_BHRF_model_0.cif
nb_s829439_mpnn_1_IL3,False,"A,B",12.28800949866425,79.59601605619667,382.3,17.08,6.84375,61.47825950086034,0.032107,0.31,0.8200000000000001,139.67,0.0,0.36,0.6899,0.229,5.485689981096408,89.80185770750988,,,3.5915957446808506,81.42520848910014,0.479943,0.7,0.81,,1.0,0.6465,0.16631266049977952,0.844122248181528,26.678001403808594,58.90473937988281,53.8373,21.342552,0.46006393,0.2213742434978485,/scicore/home/schwede/barta0000/germinal_ds/templates_target_shuffle/nb_s829439_mpnn_1_IL3/chai_no_constraints/seed_1813/pred.model_idx_3.cif,0.7334399223327637,/scicore/home/schwede/barta0000/germinal_ds/templates_target_shuffle/nb_s829439_mpnn_1_IL3/chai_with_constraints/seed_1799/pred.model_idx_1.cif,0.2213742434978485,0.5686442852020264,0.13455672562122345,"[[0.8824799656867981, 0.3183003067970276]]","[[[0.8824799656867981, 0.13455672562122345], [0.11791745573282242, 0.3183003067970276]]]",0.13455672562122345,0.7334399223327637,0.7542392015457153,0.7282400727272034,"[[0.9106308817863464, 0.5166021585464478]]","[[[0.9106308817863464, 0.4406343698501587], [0.7282400727272034, 0.5166021585464478]]]",0.4406343698501587,0.7856245040893555,0.8736196756362915,0.7881630659103394,0.7849898934364319,0.6832592487335205,0.4362167418003082,1.7510180473327637,0.7804018259048462,/scicore/home/schwede/barta0000/germinal_ds/templates_target_shuffle/nb_s829439_mpnn_1_IL3/boltz_free/output/boltz_results_nb_s829439_mpnn_1_IL3/predictions/nb_s829439_mpnn_1_IL3/nb_s829439_mpnn_1_IL3_model_0.cif,0.7816768288612366,0.7169115543365479,0.52891606092453,0.8448669910430908,0.7516270875930786,0.7191336154937744,4.9616193771362305,0.52891606092453,/scicore/home/schwede/barta0000/germinal_ds/templates_target_shuffle/nb_s829439_mpnn_1_IL3/boltz_with_template/output/boltz_results_nb_s829439_mpnn_1_IL3/predictions/nb_s829439_mpnn_1_IL3/nb_s829439_mpnn_1_IL3_model_0.cif
nb_s68363_mpnn_1_BHRF,False,"A,B",14.209214581783401,77.90662862159789,382.64,19.02,8.911538461538461,59.84285891247632,0.006239,0.18,0.825,212.91,0.0,0.25,0.9066,0.459,5.699414390477203,89.83151202749141,,,3.9699999999999993,80.55264686135685,0.44685,0.65,0.81,,1.0,0.6188,0.06396398700508169,0.8079373034550816,15.65243771496941,63.54326248168945,73.40368,15.220411,0.56256765,0.3103448748588562,/scicore/home/schwede/barta0000/germinal_ds/templates_target_shuffle/nb_s68363_mpnn_1_BHRF/chai_no_constraints/seed_4978/pred.model_idx_1.cif,0.4111611545085907,/scicore/home/schwede/barta0000/germinal_ds/templates_target_shuffle/nb_s68363_mpnn_1_BHRF/chai_with_constraints/seed_4251/pred.model_idx_0.cif,0.3103448748588562,0.6133992671966553,0.23458127677440643,"[[0.907880425453186, 0.9081475138664246]]","[[[0.907880425453186, 0.23458127677440643], [0.16659146547317505, 0.9081475138664246]]]",0.23458127677440643,0.4111611545085907,0.7039442658424377,0.33796536922454834,"[[0.9130890965461731, 0.9102303385734558]]","[[[0.9130890965461731, 0.33796536922454834], [0.31143030524253845, 0.9102303385734558]]]",0.33796536922454834,0.8273443579673767,0.8639918565750122,0.7497899532318115,0.8467329740524292,0.7711259126663208,0.4219699501991272,1.9863327741622925,0.7420329451560974,/scicore/home/schwede/barta0000/germinal_ds/templates_target_shuffle/nb_s68363_mpnn_1_BHRF/boltz_free/output/boltz_results_nb_s68363_mpnn_1_BHRF/predictions/nb_s68363_mpnn_1_BHRF/nb_s68363_mpnn_1_BHRF_model_0.cif,0.7683033347129822,0.6843919157981873,0.4062426686286926,0.8588184714317322,0.7855087518692017,0.7606310844421387,7.779735088348389,0.4062426686286926,/scicore/home/schwede/barta0000/germinal_ds/templates_target_shuffle/nb_s68363_mpnn_1_BHRF/boltz_with_template/output/boltz_results_nb_s68363_mpnn_1_BHRF/predictions/nb_s68363_mpnn_1_BHRF/nb_s68363_mpnn_1_BHRF_model_0.cif
nb_s652766_mpnn_5_BHRF,False,"A,B",7.294938753858025,85.02156112576957,67.55,4.24,5.636666666666666,80.4101646729448,0.55403,0.76,0.85,-91.97,0.0,0.77,0.0399,0.49,4.85420826099537,92.8645138888889,,,3.64774193548387,87.51757627544981,0.520349,0.75,0.85,,1.0,0.013,0.39251895875828685,0.8812859214845026,14.990903886159261,59.32598876953125,74.54038,14.178704,0.5758176,0.38113948702812195,/scicore/home/schwede/barta0000/germinal_ds/templates_target_shuffle/nb_s652766_mpnn_5_BHRF/chai_no_constraints/seed_1862/pred.model_idx_0.cif,0.5318459868431091,/scicore/home/schwede/barta0000/germinal_ds/templates_target_shuffle/nb_s652766_mpnn_5_BHRF/chai_with_constraints/seed_2154/pred.model_idx_2.cif,0.38113948702812195,0.6719659566879272,0.30843284726142883,"[[0.8897646069526672, 0.9089173078536987]]","[[[0.8897646069526672, 0.30843284726142883], [0.258788138628006, 0.9089173078536987]]]",0.30843284726142883,0.5318459868431091,0.7866950035095215,0.46813371777534485,"[[0.8845171928405762, 0.918702244758606]]","[[[0.8845171928405762, 0.46813371777534485], [0.44331789016723633, 0.918702244758606]]]",0.46813371777534485,0.8005083203315735,0.7484400272369385,0.5095070004463196,0.8732585906982422,0.7904778122901917,0.612649142742157,5.334218502044678,0.5095070004463196,/scicore/home/schwede/barta0000/germinal_ds/templates_target_shuffle/nb_s652766_mpnn_5_BHRF/boltz_free/output/boltz_results_nb_s652766_mpnn_5_BHRF/predictions/nb_s652766_mpnn_5_BHRF/nb_s652766_mpnn_5_BHRF_model_0.cif,0.8286423087120056,0.7309232950210571,0.4932750463485718,0.9124840497970581,0.8467438817024231,0.8057317733764648,8.385826110839844,0.4932750463485718,/scicore/home/schwede/barta0000/germinal_ds/templates_target_shuffle/nb_s652766_mpnn_5_BHRF/boltz_with_template/output/boltz_results_nb_s652766_mpnn_5_BHRF/predictions/nb_s652766_mpnn_5_BHRF/nb_s652766_mpnn_5_BHRF_model_0.cif
nb_s622643_mpnn_2_IL3,False,"A,B",12.82049086847162,80.97313953488371,182.21,15.44,5.9275,67.95362994378733,0.006844,0.25,0.835,-0.42,0.0,0.32,0.5757,0.613,4.93535502819916,92.65897233201582,,,2.5880952380952382,87.77439880371094,0.525257,0.74,0.84,,1.0,0.6649,0.0537222271709226,0.8527805407011324,24.958208401997883,58.2033805847168,53.04513,21.046516,0.46781865,0.21169915795326233,/scicore/home/schwede/barta0000/germinal_ds/templates_target_shuffle/nb_s622643_mpnn_2_IL3/chai_no_constraints/seed_4319/pred.model_idx_0.cif,0.3036263585090637,/scicore/home/schwede/barta0000/germinal_ds/templates_target_shuffle/nb_s622643_mpnn_2_IL3/chai_with_constraints/seed_7417/pred.model_idx_1.cif,0.21169915795326233,0.5620825290679932,0.12410330772399902,"[[0.8858988285064697, 0.3173397183418274]]","[[[0.8858988285064697, 0.12410330772399902], [0.08420836180448532, 0.3173397183418274]]]",0.12410330772399902,0.3036263585090637,0.6282120943069458,0.2224799245595932,"[[0.9245070815086365, 0.3281972408294678]]","[[[0.9245070815086365, 0.20184224843978882], [0.2224799245595932, 0.3281972408294678]]]",0.20184224843978882,0.8178285956382751,0.7601190805435181,0.5487675666809082,0.8850938677787781,0.8098364472389221,0.5488289594650269,3.875526189804077,0.5440028309822083,/scicore/home/schwede/barta0000/germinal_ds/templates_target_shuffle/nb_s622643_mpnn_2_IL3/boltz_free/output/boltz_results_nb_s622643_mpnn_2_IL3/predictions/nb_s622643_mpnn_2_IL3/nb_s622643_mpnn_2_IL3_model_0.cif,0.8947182893753052,0.8469040989875793,0.7419735789299011,0.9329044818878174,0.9021030068397522,0.43394383788108826,2.065995216369629,0.7419735789299011,/scicore/home/schwede/barta0000/germinal_ds/templates_target_shuffle/nb_s622643_mpnn_2_IL3/boltz_with_template/output/boltz_results_nb_s622643_mpnn_2_IL3/predictions/nb_s622643_mpnn_2_IL3/nb_s622643_mpnn_2_IL3_model_0.cif
nb_s206217_mpnn_5_IL20,False,"A,B",13.910372210915357,81.74053144375553,498.76,34.13,5.707407407407408,69.1581840865761,0.005107,0.18,0.855,188.46,0.0,0.25,0.1882,1.243,5.212320793117657,93.20219081272086,,,2.9063636363636363,86.83615288367638,0.436259,0.65,0.8,,1.0,0.0015,0.07838489851179781,0.8523263139729412,6.409979479653495,60.00336456298828,75.196655,10.905936,0.693992,0.3336247205734253,/scicore/home/schwede/barta0000/germinal_ds/templates_target_shuffle/nb_s206217_mpnn_5_IL20/chai_no_constraints/seed_1671/pred.model_idx_2.cif,0.391365110874176,/scicore/home/schwede/barta0000/germinal_ds/templates_target_shuffle/nb_s206217_mpnn_5_IL20/chai_with_constraints/seed_1766/pred.model_idx_2.cif,0.3336247205734253,0.6265921592712402,0.26038286089897156,"[[0.9145457148551941, 0.8979718685150146]]","[[[0.9145457148551941, 0.26038286089897156], [0.2243914157152176, 0.8979718685150146]]]",0.26038286089897156,0.391365110874176,0.661767303943634,0.3237645626068115,"[[0.9117593765258789, 0.8506922721862793]]","[[[0.9117593765258789, 0.32037052512168884], [0.3237645626068115, 0.8506922721862793]]]",0.32037052512168884,0.6751618385314941,0.7509745955467224,0.607178807258606,0.6921575665473938,0.6377732157707214,0.8057360649108887,5.225276947021484,0.5897671580314636,/scicore/home/schwede/barta0000/germinal_ds/templates_target_shuffle/nb_s206217_mpnn_5_IL20/boltz_free/output/boltz_results_nb_s206217_mpnn_5_IL20/predictions/nb_s206217_mpnn_5_IL20/nb_s206217_mpnn_5_IL20_model_0.cif,0.8456236124038696,0.8031451106071472,0.7323484420776367,0.8739423155784607,0.8472934365272522,0.6996989250183105,2.994283437728882,0.7323484420776367,/scicore/home/schwede/barta0000/germinal_ds/templates_target_shuffle/nb_s206217_mpnn_5_IL20/boltz_with_template/output/boltz_results_nb_s206217_mpnn_5_IL20/predictions/nb_s206217_mpnn_5_IL20/nb_s206217_mpnn_5_IL20_model_0.cif
nb_s745346_mpnn_4_BHRF,False,"A,B",11.799440252240762,78.03894218415417,656.11,26.77,8.251315789473685,61.96074301481066,0.05638,0.33,0.815,147.54,0.0,0.39,0.7392,0.361,6.338836102549569,88.88367697594502,,,4.392424242424243,80.35525016784668,0.367984,0.64,0.8,,1.0,0.0811,0.10615455402468411,0.8434575206181464,15.94351589679718,45.27008819580078,71.93243,15.611794,0.5391923,0.2669074237346649,/scicore/home/schwede/barta0000/germinal_ds/templates_target_shuffle/nb_s745346_mpnn_4_BHRF/chai_no_constraints/seed_2873/pred.model_idx_2.cif,0.40064698457717896,/scicore/home/schwede/barta0000/germinal_ds/templates_target_shuffle/nb_s745346_mpnn_4_BHRF/chai_with_constraints/seed_1652/pred.model_idx_3.cif,0.2669074237346649,0.6066514849662781,0.18197138607501984,"[[0.8649740219116211, 0.9074398279190063]]","[[[0.8649740219116211, 0.18197138607501984], [0.1413329541683197, 0.9074398279190063]]]",0.18197138607501984,0.40064698457717896,0.7021368145942688,0.3252745270729065,"[[0.8687891364097595, 0.9081578254699707]]","[[[0.8687891364097595, 0.3252745270729065], [0.3051426410675049, 0.9081578254699707]]]",0.3252745270729065,0.7418888211250305,0.670818030834198,0.3910372257232666,0.8296017050743103,0.7609968781471252,0.6168718934059143,6.508415699005127,0.3732428252696991,/scicore/home/schwede/barta0000/germinal_ds/templates_target_shuffle/nb_s745346_mpnn_4_BHRF/boltz_free/output/boltz_results_nb_s745346_mpnn_4_BHRF/predictions/nb_s745346_mpnn_4_BHRF/nb_s745346_mpnn_4_BHRF_model_0.cif,0.7269136309623718,0.6581440567970276,0.3605921268463135,0.8184940218925476,0.7179277539253235,0.7813273072242737,7.341482639312744,0.3505590558052063,/scicore/home/schwede/barta0000/germinal_ds/templates_target_shuffle/nb_s745346_mpnn_4_BHRF/boltz_with_template/output/boltz_results_nb_s745346_mpnn_4_BHRF/predictions/nb_s745346_mpnn_4_BHRF/nb_s745346_mpnn_4_BHRF_model_0.cif
nb_s299383_mpnn_3_IL3,False,"A,B",13.396632,78.63200506329113,1078.23,40.06,6.597272727272727,59.418485912827265,0.00591,0.21,0.825,401.74,0.0,0.29,0.334,0.518,5.443652480000001,91.73344,,,4.355,82.96697678676871,0.370005,0.64,0.79,,1.0,0.6049,0.059102589036633624,0.8139889003631327,25.337908267974854,47.880645751953125,55.716454,20.575224,0.47960597,0.3022112250328064,/scicore/home/schwede/barta0000/germinal_ds/templates_target_shuffle/nb_s299383_mpnn_3_IL3/chai_no_constraints/seed_3740/pred.model_idx_1.cif,0.4127097725868225,/scicore/home/schwede/barta0000/germinal_ds/templates_target_shuffle/nb_s299383_mpnn_3_IL3/chai_with_constraints/seed_3754/pred.model_idx_2.cif,0.3022112250328064,0.6023600697517395,0.22717401385307312,"[[0.9297854900360107, 0.3138144910335541]]","[[[0.9297854900360107, 0.15978001058101654], [0.22717401385307312, 0.3138144910335541]]]",0.15978001058101654,0.4127097725868225,0.6662895083427429,0.3493148386478424,"[[0.9230771064758301, 0.34743496775627136]]","[[[0.9230771064758301, 0.26793918013572693], [0.3493148386478424, 0.34743496775627136]]]",0.26793918013572693,0.8303055763244629,0.7669080495834351,0.6545013785362244,0.8742566108703613,0.8127722144126892,0.6142086386680603,4.628579616546631,0.6545013785362244,/scicore/home/schwede/barta0000/germinal_ds/templates_target_shuffle/nb_s299383_mpnn_3_IL3/boltz_free/output/boltz_results_nb_s299383_mpnn_3_IL3/predictions/nb_s299383_mpnn_3_IL3/nb_s299383_mpnn_3_IL3_model_0.cif,0.8225541114807129,0.7648512721061707,0.5755940675735474,0.8842940926551819,0.8074989914894104,0.73275226354599,5.398710250854492,0.5755940675735474,/scicore/home/schwede/barta0000/germinal_ds/templates_target_shuffle/nb_s299383_mpnn_3_IL3/boltz_with_template/output/boltz_results_nb_s299383_mpnn_3_IL3/predictions/nb_s299383_mpnn_3_IL3/nb_s299383_mpnn_3_IL3_model_0.cif
nb_s52054_mpnn_3_BHRF,False,"A,B",9.309618450419812,81.54503012048194,232.53,10.27,8.232051282051284,70.04305629999229,0.183,0.5,0.8300000000000001,-14.28,0.0,0.54,0.994,0.255,5.425176249690013,90.87872852233677,,,4.1225609756097565,86.55568192221902,0.527156,0.75,0.85,,1.0,0.9948,0.3361690505886253,0.8655497204527373,15.789779901504517,57.81575393676758,79.80093,14.410664,0.57436305,0.5646636486053467,/scicore/home/schwede/barta0000/germinal_ds/templates_target_shuffle/nb_s52054_mpnn_3_BHRF/chai_no_constraints/seed_1456/pred.model_idx_1.cif,0.5068016052246094,/scicore/home/schwede/barta0000/germinal_ds/templates_target_shuffle/nb_s52054_mpnn_3_BHRF/chai_with_constraints/seed_3596/pred.model_idx_1.cif,0.5646636486053467,0.7692732214927673,0.5135112404823303,"[[0.8856893181800842, 0.9147400259971619]]","[[[0.8856893181800842, 0.4712930917739868], [0.5135112404823303, 0.9147400259971619]]]",0.4712930917739868,0.5068016052246094,0.7584094405174255,0.44389963150024414,"[[0.8792811632156372, 0.8880905508995056]]","[[[0.8792811632156372, 0.44389963150024414], [0.43681928515434265, 0.8880905508995056]]]",0.44389963150024414,0.8352571725845337,0.8585508465766907,0.7633941173553467,0.8532228469848633,0.7688705921173096,0.47025248408317566,2.2595975399017334,0.7633941173553467,/scicore/home/schwede/barta0000/germinal_ds/templates_target_shuffle/nb_s52054_mpnn_3_BHRF/boltz_free/output/boltz_results_nb_s52054_mpnn_3_BHRF/predictions/nb_s52054_mpnn_3_BHRF/nb_s52054_mpnn_3_BHRF_model_0.cif,0.8355409502983093,0.8288455605506897,0.6820824146270752,0.8739055395126343,0.7984757423400879,0.6237326264381409,4.023080348968506,0.6820824146270752,/scicore/home/schwede/barta0000/germinal_ds/templates_target_shuffle/nb_s52054_mpnn_3_BHRF/boltz_with_template/output/boltz_results_nb_s52054_mpnn_3_BHRF/predictions/nb_s52054_mpnn_3_BHRF/nb_s52054_mpnn_3_BHRF_model_0.cif
nb_s651199_mpnn_2_PDL1,False,"A,B",10.787215367907564,81.70530798071773,119.97,8.3,5.042307692307692,67.34084976069879,0.052051,0.28,0.84,-53.22,0.0,0.34,0.0069,0.463,5.256419199202406,91.78763713080168,,,2.9830000000000005,84.3819225017841,0.35601,0.59,0.76,,1.0,0.0201,0.1164905021858302,0.8885011354049123,19.601499557495117,55.610626220703125,68.11004,17.473392,0.47816476,0.29532378911972046,/scicore/home/schwede/barta0000/germinal_ds/templates_target_shuffle/nb_s651199_mpnn_2_PDL1/chai_no_constraints/seed_1422/pred.model_idx_0.cif,0.4174116253852844,/scicore/home/schwede/barta0000/germinal_ds/templates_target_shuffle/nb_s651199_mpnn_2_PDL1/chai_with_constraints/seed_2645/pred.model_idx_1.cif,0.29532378911972046,0.6371682286262512,0.20986266434192657,"[[0.8847328424453735, 0.8769111037254333]]","[[[0.8847328424453735, 0.20986266434192657], [0.19766661524772644, 0.8769111037254333]]]",0.20986266434192657,0.4174116253852844,0.7166852355003357,0.3425932228565216,"[[0.8877488374710083, 0.8863552808761597]]","[[[0.8877488374710083, 0.3425932228565216], [0.33621859550476074, 0.8863552808761597]]]",0.3425932228565216,0.7864661812782288,0.7097740769386292,0.44796308875083923,0.8710919618606567,0.7740938663482666,0.6983584761619568,4.90108060836792,0.4190259575843811,/scicore/home/schwede/barta0000/germinal_ds/templates_target_shuffle/nb_s651199_mpnn_2_PDL1/boltz_free/output/boltz_results_nb_s651199_mpnn_2_PDL1/predictions/nb_s651199_mpnn_2_PDL1/nb_s651199_mpnn_2_PDL1_model_0.cif,0.8304325342178345,0.7912910580635071,0.596408486366272,0.8889384865760803,0.7871119379997253,0.5400476455688477,4.2690324783325195,0.5746487975120544,/scicore/home/schwede/barta0000/germinal_ds/templates_target_shuffle/nb_s651199_mpnn_2_PDL1/boltz_with_template/output/boltz_results_nb_s651199_mpnn_2_PDL1/predictions/nb_s651199_mpnn_2_PDL1/nb_s651199_mpnn_2_PDL1_model_0.cif
nb_s752383_mpnn_3_IL3,False,"A,B",14.843438399999998,80.9248385469223,14.41,1.28,3.7624999999999997,69.61262533171477,0.0,0.15,0.8300000000000001,-38.16,0.0,0.23,0.0109,0.711,5.419976159999999,94.52508,,,2.026578947368421,92.82823540182675,0.500728,0.73,0.8,,1.0,0.0153,0.046670173250638346,0.8327243747019464,,,54.984123,20.72394,0.47670636,0.46422576904296875,/scicore/home/schwede/barta0000/germinal_ds/templates_target_shuffle/nb_s752383_mpnn_3_IL3/chai_no_constraints/seed_1184/pred.model_idx_2.cif,0.7291682958602905,/scicore/home/schwede/barta0000/germinal_ds/templates_target_shuffle/nb_s752383_mpnn_3_IL3/chai_with_constraints/seed_227/pred.model_idx_0.cif,0.46422576904296875,0.6226758360862732,0.42461323738098145,"[[0.9211798906326294, 0.3115439713001251]]","[[[0.9211798906326294, 0.19894938170909882], [0.42461323738098145, 0.3115439713001251]]]",0.19894938170909882,0.7291682958602905,0.7487000226974487,0.7242853045463562,"[[0.9278408885002136, 0.4311337172985077]]","[[[0.9278408885002136, 0.41439351439476013], [0.7242853045463562, 0.4311337172985077]]]",0.41439351439476013,0.822655200958252,0.7368800044059753,0.534205973148346,0.8947674632072449,0.8453510999679565,0.6916393637657166,5.02047872543335,0.534205973148346,/scicore/home/schwede/barta0000/germinal_ds/templates_target_shuffle/nb_s752383_mpnn_3_IL3/boltz_free/output/boltz_results_nb_s752383_mpnn_3_IL3/predictions/nb_s752383_mpnn_3_IL3/nb_s752383_mpnn_3_IL3_model_0.cif,0.9387292861938477,0.9040312170982361,0.8580160140991211,0.9589075446128845,0.9506705403327942,0.38960495591163635,1.3518444299697876,0.8580021858215332,/scicore/home/schwede/barta0000/germinal_ds/templates_target_shuffle/nb_s752383_mpnn_3_IL3/boltz_with_template/output/boltz_results_nb_s752383_mpnn_3_IL3/predictions/nb_s752383_mpnn_3_IL3/nb_s752383_mpnn_3_IL3_model_0.cif
nb_s785824_mpnn_2_BHRF,False,"A,B",14.477762104552466,78.57585462555066,227.95,12.4,10.821428571428571,63.447327896573796,0.005555,0.15,0.825,-9.92,0.0,0.23,0.8517,0.356,6.031455198688271,89.298125,,,6.275535714285714,78.78437566757202,0.427024,0.65,0.81,,1.0,0.011,0.07144800907427537,0.8283775494422071,17.022565762201946,59.334571838378906,74.49231,15.345187,0.54790866,0.2725979685783386,/scicore/home/schwede/barta0000/germinal_ds/templates_target_shuffle/nb_s785824_mpnn_2_BHRF/chai_no_constraints/seed_1575/pred.model_idx_1.cif,0.5376191735267639,/scicore/home/schwede/barta0000/germinal_ds/templates_target_shuffle/nb_s785824_mpnn_2_BHRF/chai_with_constraints/seed_1335/pred.model_idx_4.cif,0.2725979685783386,0.6076356768608093,0.18883851170539856,"[[0.8739387392997742, 0.9058183431625366]]","[[[0.8739387392997742, 0.18883851170539856], [0.13157398998737335, 0.9058183431625366]]]",0.18883851170539856,0.5376191735267639,0.7769464254379272,0.4777873456478119,"[[0.8835837841033936, 0.9128548502922058]]","[[[0.8835837841033936, 0.4777873456478119], [0.44848325848579407, 0.9128548502922058]]]",0.4777873456478119,0.8097441792488098,0.8124054670333862,0.6389073729515076,0.852453351020813,0.780357837677002,0.475580632686615,3.572404384613037,0.6389073729515076,/scicore/home/schwede/barta0000/germinal_ds/templates_target_shuffle/nb_s785824_mpnn_2_BHRF/boltz_free/output/boltz_results_nb_s785824_mpnn_2_BHRF/predictions/nb_s785824_mpnn_2_BHRF/nb_s785824_mpnn_2_BHRF_model_0.cif,0.8179890513420105,0.756225049495697,0.5661083459854126,0.8809592723846436,0.852550208568573,0.7233490347862244,6.649013996124268,0.5661083459854126,/scicore/home/schwede/barta0000/germinal_ds/templates_target_shuffle/nb_s785824_mpnn_2_BHRF/boltz_with_template/output/boltz_results_nb_s785824_mpnn_2_BHRF/predictions/nb_s785824_mpnn_2_BHRF/nb_s785824_mpnn_2_BHRF_model_0.cif
nb_s795450_mpnn_4_PDL1,False,"A,B",10.00826790578433,83.08421757770633,95.1,7.62,4.717391304347827,68.01735497773296,0.064074,0.34,0.845,-131.71,0.0,0.39,0.9732,0.344,4.078828001210633,94.49881856540085,,,2.220740740740741,90.78703590675637,0.549676,0.77,0.84,,1.0,0.9854,0.18879403470824005,0.8682226996892343,,,68.82551,17.62597,0.48079944,0.3801831007003784,/scicore/home/schwede/barta0000/germinal_ds/templates_target_shuffle/nb_s795450_mpnn_4_PDL1/chai_no_constraints/seed_2921/pred.model_idx_0.cif,0.5490970611572266,/scicore/home/schwede/barta0000/germinal_ds/templates_target_shuffle/nb_s795450_mpnn_4_PDL1/chai_with_constraints/seed_2061/pred.model_idx_2.cif,0.3801831007003784,0.7007019519805908,0.30005335807800293,"[[0.9014870524406433, 0.8813017010688782]]","[[[0.9014870524406433, 0.30005335807800293], [0.29870402812957764, 0.8813017010688782]]]",0.30005335807800293,0.5490970611572266,0.8004498481750488,0.4862588942050934,"[[0.9284727573394775, 0.9221885204315186]]","[[[0.9284727573394775, 0.4766526520252228], [0.4862588942050934, 0.9221885204315186]]]",0.4766526520252228,0.783362090587616,0.7303776741027832,0.44975170493125916,0.8667647242546082,0.7692970633506775,0.5445094704627991,4.89417839050293,0.4303950369358063,/scicore/home/schwede/barta0000/germinal_ds/templates_target_shuffle/nb_s795450_mpnn_4_PDL1/boltz_free/output/boltz_results_nb_s795450_mpnn_4_PDL1/predictions/nb_s795450_mpnn_4_PDL1/nb_s795450_mpnn_4_PDL1_model_0.cif,0.846430778503418,0.7861641049385071,0.5868297815322876,0.911331057548523,0.8551216125488281,0.5391309261322021,4.871353626251221,0.5868297815322876,/scicore/home/schwede/barta0000/germinal_ds/templates_target_shuffle/nb_s795450_mpnn_4_PDL1/boltz_with_template/output/boltz_results_nb_s795450_mpnn_4_PDL1/predictions/nb_s795450_mpnn_4_PDL1/nb_s795450_mpnn_4_PDL1_model_0.cif
nb_s33838_mpnn_3_BHRF,False,"A,B",6.750610050154321,86.21409857904084,75.69,4.5,5.70735294117647,80.59584400998737,0.412078,0.71,0.86,35.73,0.0,0.73,0.9897,0.332,4.254789014274691,93.87020833333334,,,3.008833333333333,91.92142868041992,0.657457,0.82,0.88,,1.0,0.9765,0.7309752023783092,0.8848346364045745,17.017840794154576,48.597442626953125,74.27307,14.974747,0.54398465,0.37431392073631287,/scicore/home/schwede/barta0000/germinal_ds/templates_target_shuffle/nb_s33838_mpnn_3_BHRF/chai_no_constraints/seed_1744/pred.model_idx_3.cif,0.5153870582580566,/scicore/home/schwede/barta0000/germinal_ds/templates_target_shuffle/nb_s33838_mpnn_3_BHRF/chai_with_constraints/seed_2460/pred.model_idx_0.cif,0.37431392073631287,0.684536337852478,0.2967583239078522,"[[0.9219543933868408, 0.9117918610572815]]","[[[0.9219543933868408, 0.2967583239078522], [0.2648933231830597, 0.9117918610572815]]]",0.2967583239078522,0.5153870582580566,0.7801912426948547,0.4491859972476959,"[[0.8890894055366516, 0.9145990014076233]]","[[[0.8890894055366516, 0.4491859972476959], [0.4357282817363739, 0.9145990014076233]]]",0.4491859972476959,0.8390440940856934,0.8648387789726257,0.7571269869804382,0.859523355960846,0.7399347424507141,0.4505949318408966,2.184159994125366,0.7571269869804382,/scicore/home/schwede/barta0000/germinal_ds/templates_target_shuffle/nb_s33838_mpnn_3_BHRF/boltz_free/output/boltz_results_nb_s33838_mpnn_3_BHRF/predictions/nb_s33838_mpnn_3_BHRF/nb_s33838_mpnn_3_BHRF_model_0.cif,0.8438741564750671,0.8041752576828003,0.6232480406761169,0.8990306854248047,0.8220961093902588,0.6041720509529114,4.034269332885742,0.6232480406761169,/scicore/home/schwede/barta0000/germinal_ds/templates_target_shuffle/nb_s33838_mpnn_3_BHRF/boltz_with_template/output/boltz_results_nb_s33838_mpnn_3_BHRF/predictions/nb_s33838_mpnn_3_BHRF/nb_s33838_mpnn_3_BHRF_model_0.cif
nb_s185784_mpnn_4_BHRF,False,"A,B",13.764128907310969,77.25476314645807,852.32,37.99,11.728124999999999,57.805942012489616,0.006128,0.19,0.8049999999999999,302.33,0.0,0.26,0.0002,0.439,5.935090634262704,88.88285223367699,,,6.954615384615384,78.34419287404707,0.440537,0.68,0.82,,1.0,0.593,0.05793046142067648,0.7976827782506232,14.309152603149414,49.47212600708008,72.37839,15.427967,0.54669845,0.26571133732795715,/scicore/home/schwede/barta0000/germinal_ds/templates_target_shuffle/nb_s185784_mpnn_4_BHRF/chai_no_constraints/seed_1001/pred.model_idx_3.cif,0.41101890802383423,/scicore/home/schwede/barta0000/germinal_ds/templates_target_shuffle/nb_s185784_mpnn_4_BHRF/chai_with_constraints/seed_2480/pred.model_idx_1.cif,0.26571133732795715,0.6025019884109497,0.18151366710662842,"[[0.8916921019554138, 0.9076927304267883]]","[[[0.8916921019554138, 0.18151366710662842], [0.13439951837062836, 0.9076927304267883]]]",0.18151366710662842,0.41101890802383423,0.7085915803909302,0.33662575483322144,"[[0.9068513512611389, 0.9088945388793945]]","[[[0.9068513512611389, 0.33662575483322144], [0.3173760175704956, 0.9088945388793945]]]",0.33662575483322144,0.8215212821960449,0.9127761721611023,0.8481976985931396,0.8148521780967712,0.7348020076751709,0.38160714507102966,1.6072890758514404,0.8481976985931396,/scicore/home/schwede/barta0000/germinal_ds/templates_target_shuffle/nb_s185784_mpnn_4_BHRF/boltz_free/output/boltz_results_nb_s185784_mpnn_4_BHRF/predictions/nb_s185784_mpnn_4_BHRF/nb_s185784_mpnn_4_BHRF_model_0.cif,0.838752269744873,0.7826170325279236,0.6069813370704651,0.8966949582099915,0.8493521213531494,0.7776275873184204,6.877243995666504,0.6041688919067383,/scicore/home/schwede/barta0000/germinal_ds/templates_target_shuffle/nb_s185784_mpnn_4_BHRF/boltz_with_template/output/boltz_results_nb_s185784_mpnn_4_BHRF/predictions/nb_s185784_mpnn_4_BHRF/nb_s185784_mpnn_4_BHRF_model_0.cif
nb_s814263_mpnn_4_PDL1,False,"A,B",6.7280243550713035,86.487648,64.91,6.01,4.61578947368421,78.28643797711474,0.288761,0.61,0.86,-95.21,0.0,0.64,0.1465,0.711,4.323723584183447,94.92232067510547,,,2.5834782608695654,91.55909104780717,0.532794,0.75,0.84,,1.0,0.0238,0.061639428908508466,0.8800344558929505,20.487881660461426,55.723289489746094,67.06028,17.748644,0.47636473,0.3250367343425751,/scicore/home/schwede/barta0000/germinal_ds/templates_target_shuffle/nb_s814263_mpnn_4_PDL1/chai_no_constraints/seed_4553/pred.model_idx_4.cif,0.5501484870910645,/scicore/home/schwede/barta0000/germinal_ds/templates_target_shuffle/nb_s814263_mpnn_4_PDL1/chai_with_constraints/seed_1683/pred.model_idx_3.cif,0.3250367343425751,0.6578611731529236,0.24183061718940735,"[[0.8807451725006104, 0.8790178894996643]]","[[[0.8807451725006104, 0.24183061718940735], [0.22093115746974945, 0.8790178894996643]]]",0.24183061718940735,0.5501484870910645,0.7679827809333801,0.49568986892700195,"[[0.8829195499420166, 0.8818988800048828]]","[[[0.8829195499420166, 0.487743079662323], [0.49568986892700195, 0.8818988800048828]]]",0.487743079662323,0.8404616713523865,0.8315029144287109,0.6999536752700806,0.875588595867157,0.7941957116127014,0.4643580913543701,2.168339490890503,0.6999536752700806,/scicore/home/schwede/barta0000/germinal_ds/templates_target_shuffle/nb_s814263_mpnn_4_PDL1/boltz_free/output/boltz_results_nb_s814263_mpnn_4_PDL1/predictions/nb_s814263_mpnn_4_PDL1/nb_s814263_mpnn_4_PDL1_model_0.cif,0.8830471038818359,0.8758718967437744,0.7866477370262146,0.9071469306945801,0.869550883769989,0.44340965151786804,2.3675286769866943,0.7866477370262146,/scicore/home/schwede/barta0000/germinal_ds/templates_target_shuffle/nb_s814263_mpnn_4_PDL1/boltz_with_template/output/boltz_results_nb_s814263_mpnn_4_PDL1/predictions/nb_s814263_mpnn_4_PDL1/nb_s814263_mpnn_4_PDL1_model_0.cif
nb_s607831_mpnn_5_PDL1,False,"A,B",13.666013281347363,79.61209745762712,253.57,26.93,5.961111111111111,66.60342973584929,0.005496,0.19,0.825,-94.04,0.0,0.26,0.0294,1.786,5.269493848920222,92.33316455696202,,,4.4503125,84.60158056961863,0.384721,0.65,0.79,,1.0,0.9647,0.0957005037898551,0.8638364562020687,22.14031219482422,51.39410400390625,65.638145,17.67808,0.47677433,0.4009898900985718,/scicore/home/schwede/barta0000/germinal_ds/templates_target_shuffle/nb_s607831_mpnn_5_PDL1/chai_no_constraints/seed_1494/pred.model_idx_2.cif,0.40338438749313354,/scicore/home/schwede/barta0000/germinal_ds/templates_target_shuffle/nb_s607831_mpnn_5_PDL1/chai_with_constraints/seed_1700/pred.model_idx_0.cif,0.4009898900985718,0.7044111490249634,0.3251345753669739,"[[0.8784809708595276, 0.8859650492668152]]","[[[0.8784809708595276, 0.32230275869369507], [0.3251345753669739, 0.8859650492668152]]]",0.32230275869369507,0.40338438749313354,0.7043563723564148,0.32814136147499084,"[[0.8721086382865906, 0.875968337059021]]","[[[0.8721086382865906, 0.32814136147499084], [0.2977413535118103, 0.875968337059021]]]",0.32814136147499084,0.8068140149116516,0.7666066288948059,0.5582535862922668,0.868954062461853,0.7938123941421509,0.5519738793373108,3.704058885574341,0.5229344964027405,/scicore/home/schwede/barta0000/germinal_ds/templates_target_shuffle/nb_s607831_mpnn_5_PDL1/boltz_free/output/boltz_results_nb_s607831_mpnn_5_PDL1/predictions/nb_s607831_mpnn_5_PDL1/nb_s607831_mpnn_5_PDL1_model_0.cif,0.8773272633552551,0.8103981614112854,0.645130455493927,0.9353764057159424,0.9013957381248474,0.6572314500808716,4.104969501495361,0.627255380153656,/scicore/home/schwede/barta0000/germinal_ds/templates_target_shuffle/nb_s607831_mpnn_5_PDL1/boltz_with_template/output/boltz_results_nb_s607831_mpnn_5_PDL1/predictions/nb_s607831_mpnn_5_PDL1/nb_s607831_mpnn_5_PDL1_model_0.cif
nb_s109706_mpnn_2_IL3,False,"A,B",12.345372800000002,79.73953077699294,484.41,34.65,6.272916666666667,61.56325681093738,0.024974,0.22,0.825,199.87,0.0,0.3,0.9818,1.066,7.4945032,89.13220000000001,,,2.692391304347826,77.56500005722046,0.180109,0.44,0.7,,1.0,0.5614,0.09079900059096883,0.8768562454309495,27.57645893096924,54.25749206542969,53.46277,21.537626,0.46407914,0.27228450775146484,/scicore/home/schwede/barta0000/germinal_ds/templates_target_shuffle/nb_s109706_mpnn_2_IL3/chai_no_constraints/seed_2718/pred.model_idx_0.cif,0.3147734999656677,/scicore/home/schwede/barta0000/germinal_ds/templates_target_shuffle/nb_s109706_mpnn_2_IL3/chai_with_constraints/seed_1506/pred.model_idx_0.cif,0.27228450775146484,0.6201168894767761,0.18532639741897583,"[[0.9252957701683044, 0.3024163246154785]]","[[[0.9252957701683044, 0.18532639741897583], [0.1443311870098114, 0.3024163246154785]]]",0.18532639741897583,0.3147734999656677,0.6505463719367981,0.23083028197288513,"[[0.929958701133728, 0.35486912727355957]]","[[[0.929958701133728, 0.23083028197288513], [0.22135722637176514, 0.35486912727355957]]]",0.23083028197288513,0.8904532790184021,0.8701342344284058,0.7820310592651367,0.9175587892532349,0.8952875733375549,0.3728264272212982,1.4512146711349487,0.7790588140487671,/scicore/home/schwede/barta0000/germinal_ds/templates_target_shuffle/nb_s109706_mpnn_2_IL3/boltz_free/output/boltz_results_nb_s109706_mpnn_2_IL3/predictions/nb_s109706_mpnn_2_IL3/nb_s109706_mpnn_2_IL3_model_0.cif,0.8789498209953308,0.7700080275535583,0.6240519285202026,0.9426743388175964,0.9315184950828552,0.5675212144851685,4.745002269744873,0.5844489932060242,/scicore/home/schwede/barta0000/germinal_ds/templates_target_shuffle/nb_s109706_mpnn_2_IL3/boltz_with_template/output/boltz_results_nb_s109706_mpnn_2_IL3/predictions/nb_s109706_mpnn_2_IL3/nb_s109706_mpnn_2_IL3_model_0.cif
nb_s618542_mpnn_3_IL3,False,"A,B",9.25903701042041,82.91672499999999,227.54,14.17,3.954838709677419,78.98611597168092,0.166531,0.54,0.8300000000000001,7.33,0.0,0.57,0.9805,0.363,4.555637957162275,93.37652173913044,,,2.374666666666666,94.22605965354226,0.759045,0.86,0.88,,1.0,0.6397,0.23548398192315512,0.8672603235055357,27.62139654159546,40.10107421875,53.791546,21.175184,0.46724886,0.32887113094329834,/scicore/home/schwede/barta0000/germinal_ds/templates_target_shuffle/nb_s618542_mpnn_3_IL3/chai_no_constraints/seed_1332/pred.model_idx_3.cif,0.3675866723060608,/scicore/home/schwede/barta0000/germinal_ds/templates_target_shuffle/nb_s618542_mpnn_3_IL3/chai_with_constraints/seed_2683/pred.model_idx_1.cif,0.32887113094329834,0.6133463382720947,0.25775232911109924,"[[0.9135969281196594, 0.29684239625930786]]","[[[0.9135969281196594, 0.19070248305797577], [0.25775232911109924, 0.29684239625930786]]]",0.19070248305797577,0.3675866723060608,0.6802358627319336,0.2894243597984314,"[[0.9154070615768433, 0.3366941213607788]]","[[[0.9154070615768433, 0.28659042716026306], [0.2894243597984314, 0.3366941213607788]]]",0.28659042716026306,0.7844161987304688,0.7824463844299316,0.6173147559165955,0.8261915445327759,0.7393070459365845,0.5875495076179504,4.061156272888184,0.6173147559165955,/scicore/home/schwede/barta0000/germinal_ds/templates_target_shuffle/nb_s618542_mpnn_3_IL3/boltz_free/output/boltz_results_nb_s618542_mpnn_3_IL3/predictions/nb_s618542_mpnn_3_IL3/nb_s618542_mpnn_3_IL3_model_0.cif,0.797852635383606,0.70904541015625,0.47466081380844116,0.8786505460739136,0.8097003698348999,0.9159722328186035,8.465836524963379,0.47466081380844116,/scicore/home/schwede/barta0000/germinal_ds/templates_target_shuffle/nb_s618542_mpnn_3_IL3/boltz_with_template/output/boltz_results_nb_s618542_mpnn_3_IL3/predictions/nb_s618542_mpnn_3_IL3/nb_s618542_mpnn_3_IL3_model_0.cif
nb_s216967_mpnn_4_BHRF,False,"A,B",13.578068279779409,80.03931758530184,114.31,9.45,12.70909090909091,64.93049493723619,0.005883,0.2,0.84,33.01,0.0,0.27,0.0007,0.471,7.723860842455805,89.82986254295533,,,7.010681818181819,78.50320098876954,0.199101,0.49,0.73,,1.0,0.3146,0.07479643260462374,0.8774722612118274,14.583200005924,52.47262954711914,73.47257,14.013948,0.5720997,0.27151089906692505,/scicore/home/schwede/barta0000/germinal_ds/templates_target_shuffle/nb_s216967_mpnn_4_BHRF/chai_no_constraints/seed_1047/pred.model_idx_1.cif,0.6011918187141418,/scicore/home/schwede/barta0000/germinal_ds/templates_target_shuffle/nb_s216967_mpnn_4_BHRF/chai_with_constraints/seed_3879/pred.model_idx_0.cif,0.27151089906692505,0.6031826734542847,0.18859295547008514,"[[0.9003112316131592, 0.9040384292602539]]","[[[0.9003112316131592, 0.18859295547008514], [0.14150375127792358, 0.9040384292602539]]]",0.18859295547008514,0.6011918187141418,0.7977441549301147,0.5520537495613098,"[[0.9004713296890259, 0.9001650214195251]]","[[[0.9004713296890259, 0.5326219797134399], [0.5520537495613098, 0.9001650214195251]]]",0.5326219797134399,0.7475937008857727,0.6623527407646179,0.3984593152999878,0.8348772525787354,0.7607372999191284,0.7834274172782898,9.603859901428223,0.37648409605026245,/scicore/home/schwede/barta0000/germinal_ds/templates_target_shuffle/nb_s216967_mpnn_4_BHRF/boltz_free/output/boltz_results_nb_s216967_mpnn_4_BHRF/predictions/nb_s216967_mpnn_4_BHRF/nb_s216967_mpnn_4_BHRF_model_0.cif,0.8824209570884705,0.8273434638977051,0.7430465817451477,0.917264461517334,0.8852666020393372,0.6068335771560669,4.263085842132568,0.7430465817451477,/scicore/home/schwede/barta0000/germinal_ds/templates_target_shuffle/nb_s216967_mpnn_4_BHRF/boltz_with_template/output/boltz_results_nb_s216967_mpnn_4_BHRF/predictions/nb_s216967_mpnn_4_BHRF/nb_s216967_mpnn_4_BHRF_model_0.cif
nb_s648756_mpnn_3_IL20,False,"A,B",12.61980612244898,80.38183243727599,110.89,8.43,6.576470588235295,67.30427020937101,0.032851,0.33,0.85,-10.65,0.0,0.39,0.9872,0.97,6.101078954081633,91.84092857142856,,,4.499473684210526,80.19857006981259,0.298602,0.59,0.78,,1.0,0.0448,0.07350229721960133,0.8955919194079636,13.444598078727722,68.3670654296875,73.5014,14.382227,0.56197035,0.32689961791038513,/scicore/home/schwede/barta0000/germinal_ds/templates_target_shuffle/nb_s648756_mpnn_3_IL20/chai_no_constraints/seed_2059/pred.model_idx_1.cif,0.4725550413131714,/scicore/home/schwede/barta0000/germinal_ds/templates_target_shuffle/nb_s648756_mpnn_3_IL20/chai_with_constraints/seed_1541/pred.model_idx_0.cif,0.32689961791038513,0.6220741271972656,0.2531059980392456,"[[0.9023152589797974, 0.8945649862289429]]","[[[0.9023152589797974, 0.2531059980392456], [0.20258817076683044, 0.8945649862289429]]]",0.2531059980392456,0.4725550413131714,0.7067097425460815,0.41401633620262146,"[[0.9005883932113647, 0.8819549679756165]]","[[[0.9005883932113647, 0.41401633620262146], [0.383779376745224, 0.8819549679756165]]]",0.41401633620262146,0.5718938112258911,0.5851602554321289,0.26613450050354004,0.6483336091041565,0.5616642236709595,1.319541335105896,7.018981456756592,0.22187545895576477,/scicore/home/schwede/barta0000/germinal_ds/templates_target_shuffle/nb_s648756_mpnn_3_IL20/boltz_free/output/boltz_results_nb_s648756_mpnn_3_IL20/predictions/nb_s648756_mpnn_3_IL20/nb_s648756_mpnn_3_IL20_model_0.cif,0.8371046185493469,0.8488973379135132,0.742379367351532,0.860785961151123,0.8198642730712891,0.5432116985321045,2.2776851654052734,0.7367605566978455,/scicore/home/schwede/barta0000/germinal_ds/templates_target_shuffle/nb_s648756_mpnn_3_IL20/boltz_with_template/output/boltz_results_nb_s648756_mpnn_3_IL20/predictions/nb_s648756_mpnn_3_IL20/nb_s648756_mpnn_3_IL20_model_0.cif
nb_s849285_mpnn_4_PDL1,False,"A,B",7.457499688440244,87.51940138963121,26.92,2.37,2.977777777777778,78.95901152527432,0.225664,0.57,0.86,-134.91,0.0,0.59,0.9412,0.48,3.8490973668749664,96.13962025316455,,,1.9577083333333334,94.14960021972657,0.586798,0.79,0.86,,1.0,0.6749,0.22028853030224604,0.8880334437739708,19.89707088470459,55.988182067871094,66.57682,17.550417,0.4794979,0.474978506565094,/scicore/home/schwede/barta0000/germinal_ds/templates_target_shuffle/nb_s849285_mpnn_4_PDL1/chai_no_constraints/seed_2314/pred.model_idx_4.cif,0.7388215661048889,/scicore/home/schwede/barta0000/germinal_ds/templates_target_shuffle/nb_s849285_mpnn_4_PDL1/chai_with_constraints/seed_1286/pred.model_idx_3.cif,0.474978506565094,0.7570757865905762,0.40445417165756226,"[[0.9264557361602783, 0.884110689163208]]","[[[0.9264557361602783, 0.39380478858947754], [0.40445417165756226, 0.884110689163208]]]",0.39380478858947754,0.7388215661048889,0.8719649314880371,0.7055357098579407,"[[0.928979754447937, 0.9207842946052551]]","[[[0.928979754447937, 0.7055357098579407], [0.6836830377578735, 0.9207842946052551]]]",0.7055357098579407,0.8558833003044128,0.8401756286621094,0.6981476545333862,0.8953172564506531,0.8419656157493591,0.45461422204971313,2.4952030181884766,0.6817304491996765,/scicore/home/schwede/barta0000/germinal_ds/templates_target_shuffle/nb_s849285_mpnn_4_PDL1/boltz_free/output/boltz_results_nb_s849285_mpnn_4_PDL1/predictions/nb_s849285_mpnn_4_PDL1/nb_s849285_mpnn_4_PDL1_model_0.cif,0.8630478978157043,0.7823506593704224,0.5803655982017517,0.9337185025215149,0.8977020382881165,0.5270751118659973,5.006052017211914,0.5803655982017517,/scicore/home/schwede/barta0000/germinal_ds/templates_target_shuffle/nb_s849285_mpnn_4_PDL1/boltz_with_template/output/boltz_results_nb_s849285_mpnn_4_PDL1/predictions/nb_s849285_mpnn_4_PDL1/nb_s849285_mpnn_4_PDL1_model_0.cif
nb_s913468_mpnn_5_BHRF,False,"A,B",12.786939380787036,81.61274700930439,370.16,20.52,9.44090909090909,68.68747792365394,0.005327,0.28,0.845,78.62,0.0,0.35,0.0875,0.282,4.629095052083334,92.67645833333333,,,3.6697297297297298,85.97942810058593,0.591686,0.78,0.87,,1.0,0.0681,0.04793346860607134,0.8530494678110515,17.10071849822998,65.91281127929688,74.36027,15.442535,0.5463067,0.3422420620918274,/scicore/home/schwede/barta0000/germinal_ds/templates_target_shuffle/nb_s913468_mpnn_5_BHRF/chai_no_constraints/seed_1885/pred.model_idx_0.cif,0.43356388807296753,/scicore/home/schwede/barta0000/germinal_ds/templates_target_shuffle/nb_s913468_mpnn_5_BHRF/chai_with_constraints/seed_1116/pred.model_idx_0.cif,0.3422420620918274,0.6609073281288147,0.2625757157802582,"[[0.9014302492141724, 0.910304844379425]]","[[[0.9014302492141724, 0.2625757157802582], [0.2177780270576477, 0.910304844379425]]]",0.2625757157802582,0.43356388807296753,0.7264065146446228,0.3603532314300537,"[[0.8956723213195801, 0.9154284596443176]]","[[[0.8956723213195801, 0.3603532314300537], [0.3375706970691681, 0.9154284596443176]]]",0.3603532314300537,0.8279544711112976,0.7293696999549866,0.4904819428920746,0.9123225808143616,0.8498794436454773,0.6990840435028076,5.845788955688477,0.48257559537887573,/scicore/home/schwede/barta0000/germinal_ds/templates_target_shuffle/nb_s913468_mpnn_5_BHRF/boltz_free/output/boltz_results_nb_s913468_mpnn_5_BHRF/predictions/nb_s913468_mpnn_5_BHRF/nb_s913468_mpnn_5_BHRF_model_0.cif,0.9006695747375488,0.8295615315437317,0.6880226731300354,0.9538312554359436,0.939626932144165,0.6461542248725891,4.828804016113281,0.6880226731300354,/scicore/home/schwede/barta0000/germinal_ds/templates_target_shuffle/nb_s913468_mpnn_5_BHRF/boltz_with_template/output/boltz_results_nb_s913468_mpnn_5_BHRF/predictions/nb_s913468_mpnn_5_BHRF/nb_s913468_mpnn_5_BHRF_model_0.cif
nb_s201653_mpnn_1_BHRF,False,"A,B",14.6490234375,78.61548118985127,241.26,12.28,11.306896551724137,59.966195026358314,0.005822,0.15,0.84,44.76,0.0,0.23,0.0722,0.644,5.687396556712963,91.64090277777777,,,4.6371153846153845,79.4372408636685,0.361073,0.6,0.78,,1.0,0.1082,0.07285095747263025,0.8066068077293431,18.41356074810028,64.99669647216797,74.37128,15.603464,0.54257506,0.3482377529144287,/scicore/home/schwede/barta0000/germinal_ds/templates_target_shuffle/nb_s201653_mpnn_1_BHRF/chai_no_constraints/seed_4172/pred.model_idx_0.cif,0.4851537048816681,/scicore/home/schwede/barta0000/germinal_ds/templates_target_shuffle/nb_s201653_mpnn_1_BHRF/chai_with_constraints/seed_1036/pred.model_idx_2.cif,0.3482377529144287,0.6435335874557495,0.2744137942790985,"[[0.9138327240943909, 0.9060790538787842]]","[[[0.9138327240943909, 0.2744137942790985], [0.2549241781234741, 0.9060790538787842]]]",0.2744137942790985,0.4851537048816681,0.7664344906806946,0.4148334860801697,"[[0.891059398651123, 0.9147844314575195]]","[[[0.891059398651123, 0.4148334860801697], [0.4017814099788666, 0.9147844314575195]]]",0.4148334860801697,0.818480908870697,0.7657265067100525,0.5625930428504944,0.8824528455734253,0.7857592701911926,0.5889366865158081,6.0062055587768555,0.5303731560707092,/scicore/home/schwede/barta0000/germinal_ds/templates_target_shuffle/nb_s201653_mpnn_1_BHRF/boltz_free/output/boltz_results_nb_s201653_mpnn_1_BHRF/predictions/nb_s201653_mpnn_1_BHRF/nb_s201653_mpnn_1_BHRF_model_0.cif,0.8307598233222961,0.7814992070198059,0.6118323802947998,0.885491669178009,0.7882625460624695,0.7164398431777954,6.240917205810547,0.6118323802947998,/scicore/home/schwede/barta0000/germinal_ds/templates_target_shuffle/nb_s201653_mpnn_1_BHRF/boltz_with_template/output/boltz_results_nb_s201653_mpnn_1_BHRF/predictions/nb_s201653_mpnn_1_BHRF/nb_s201653_mpnn_1_BHRF_model_0.cif
nb_s807321_mpnn_2_IL3,False,"A,B",11.3240912,82.11171929824562,267.26,11.33,4.455319148936171,64.21928081855026,0.067364,0.35,0.845,35.49,0.0,0.41,0.4929,0.54,5.015507680000001,91.94484000000001,,,2.278125,83.68414595068955,0.55479,0.76,0.84,,1.0,0.5926,0.1669102306031655,0.8634264383013136,25.999217987060547,55.42420196533203,55.568165,20.91851,0.46978503,0.24954639375209808,/scicore/home/schwede/barta0000/germinal_ds/templates_target_shuffle/nb_s807321_mpnn_2_IL3/chai_no_constraints/seed_1536/pred.model_idx_2.cif,0.3156052231788635,/scicore/home/schwede/barta0000/germinal_ds/templates_target_shuffle/nb_s807321_mpnn_2_IL3/chai_with_constraints/seed_1894/pred.model_idx_3.cif,0.24954639375209808,0.6022089719772339,0.16138073801994324,"[[0.931031346321106, 0.3148813843727112]]","[[[0.931031346321106, 0.16138073801994324], [0.13378266990184784, 0.3148813843727112]]]",0.16138073801994324,0.3156052231788635,0.6508824229240417,0.23178590834140778,"[[0.9314425587654114, 0.3593110740184784]]","[[[0.9314425587654114, 0.23178590834140778], [0.2217370867729187, 0.3593110740184784]]]",0.23178590834140778,0.8474613428115845,0.890678346157074,0.8250818252563477,0.8530561327934265,0.760080099105835,0.37264543771743774,1.680485486984253,0.8250818252563477,/scicore/home/schwede/barta0000/germinal_ds/templates_target_shuffle/nb_s807321_mpnn_2_IL3/boltz_free/output/boltz_results_nb_s807321_mpnn_2_IL3/predictions/nb_s807321_mpnn_2_IL3/nb_s807321_mpnn_2_IL3_model_0.cif,0.8520973324775696,0.7965942025184631,0.6322157382965088,0.9070677161216736,0.8504553437232971,0.6036617755889893,4.720426559448242,0.6029039025306702,/scicore/home/schwede/barta0000/germinal_ds/templates_target_shuffle/nb_s807321_mpnn_2_IL3/boltz_with_template/output/boltz_results_nb_s807321_mpnn_2_IL3/predictions/nb_s807321_mpnn_2_IL3/nb_s807321_mpnn_2_IL3_model_0.cif
nb_s645924_mpnn_3_BHRF,False,"A,B",10.663715277777778,83.09277262693156,81.09,5.96,5.522916666666667,72.82458093802249,0.114604,0.42,0.85,10.73,0.0,0.47,0.0951,0.519,5.46305362654321,91.68239583333333,,,2.5999999999999996,87.04960052490235,0.522307,0.74,0.84,,1.0,0.5845,0.08325840053596144,0.8599840536648865,20.31301212310791,42.781524658203125,72.70731,16.511757,0.5279359,0.6389933228492737,/scicore/home/schwede/barta0000/germinal_ds/templates_target_shuffle/nb_s645924_mpnn_3_BHRF/chai_no_constraints/seed_1003/pred.model_idx_0.cif,0.6841193437576294,/scicore/home/schwede/barta0000/germinal_ds/templates_target_shuffle/nb_s645924_mpnn_3_BHRF/chai_with_constraints/seed_1799/pred.model_idx_1.cif,0.6389933228492737,0.8386706113815308,0.5890739560127258,"[[0.9269050359725952, 0.9174658060073853]]","[[[0.9269050359725952, 0.5890739560127258], [0.5801381468772888, 0.9174658060073853]]]",0.5890739560127258,0.6841193437576294,0.8553881049156189,0.6413021683692932,"[[0.9266232252120972, 0.9200248122215271]]","[[[0.9266232252120972, 0.6413021683692932], [0.6185387372970581, 0.9200248122215271]]]",0.6413021683692932,0.881368100643158,0.8701009154319763,0.7576417922973633,0.9122996926307678,0.8401501178741455,0.40462198853492737,1.9615464210510254,0.7576417922973633,/scicore/home/schwede/barta0000/germinal_ds/templates_target_shuffle/nb_s645924_mpnn_3_BHRF/boltz_free/output/boltz_results_nb_s645924_mpnn_3_BHRF/predictions/nb_s645924_mpnn_3_BHRF/nb_s645924_mpnn_3_BHRF_model_0.cif,0.8597219586372375,0.7918316125869751,0.6065077781677246,0.9230255484580994,0.8615154027938843,0.5554618835449219,4.417953014373779,0.6065077781677246,/scicore/home/schwede/barta0000/germinal_ds/templates_target_shuffle/nb_s645924_mpnn_3_BHRF/boltz_with_template/output/boltz_results_nb_s645924_mpnn_3_BHRF/predictions/nb_s645924_mpnn_3_BHRF/nb_s645924_mpnn_3_BHRF_model_0.cif
nb_s169413_mpnn_5_IL3,False,"A,B",13.7876816,76.7980716112532,156.66,7.86,7.6684210526315795,61.660329484037845,0.005856,0.2,0.8,-18.73,0.0,0.27,0.0358,0.407,6.58688224,87.23912,,,4.4793055555555545,78.8948726164989,0.32011,0.58,0.75,,1.0,0.083,0.09743470333287174,0.8461827658142,26.492155075073242,38.41029739379883,53.373768,21.346088,0.4570132,0.26288163661956787,/scicore/home/schwede/barta0000/germinal_ds/templates_target_shuffle/nb_s169413_mpnn_5_IL3/chai_no_constraints/seed_1084/pred.model_idx_0.cif,0.35839807987213135,/scicore/home/schwede/barta0000/germinal_ds/templates_target_shuffle/nb_s169413_mpnn_5_IL3/chai_with_constraints/seed_5210/pred.model_idx_2.cif,0.26288163661956787,0.5929729342460632,0.18035882711410522,"[[0.8792465925216675, 0.31901711225509644]]","[[[0.8792465925216675, 0.18035882711410522], [0.15414991974830627, 0.31901711225509644]]]",0.18035882711410522,0.35839807987213135,0.6517443656921387,0.28506147861480713,"[[0.8803467154502869, 0.3185407519340515]]","[[[0.8803467154502869, 0.2681860625743866], [0.28506147861480713, 0.3185407519340515]]]",0.2681860625743866,0.7800766825675964,0.8216160535812378,0.7022772431373596,0.799526572227478,0.733135461807251,0.6308087706565857,3.4258079528808594,0.7022772431373596,/scicore/home/schwede/barta0000/germinal_ds/templates_target_shuffle/nb_s169413_mpnn_5_IL3/boltz_free/output/boltz_results_nb_s169413_mpnn_5_IL3/predictions/nb_s169413_mpnn_5_IL3/nb_s169413_mpnn_5_IL3_model_0.cif,0.769014298915863,0.6856517791748047,0.46461910009384155,0.8451130390167236,0.7924239039421082,1.097414493560791,9.267724990844727,0.46461910009384155,/scicore/home/schwede/barta0000/germinal_ds/templates_target_shuffle/nb_s169413_mpnn_5_IL3/boltz_with_template/output/boltz_results_nb_s169413_mpnn_5_IL3/predictions/nb_s169413_mpnn_5_IL3/nb_s169413_mpnn_5_IL3_model_0.cif
nb_s353537_mpnn_1_IL20,False,"A,B",15.257179846938778,76.86234689316049,217.26,11.48,13.483823529411765,62.673702398560465,0.0,0.14,0.8300000000000001,29.39,0.0,0.22,0.5381,0.406,5.071894642857143,92.30942857142857,,,4.776206896551725,85.8084839329575,0.446008,0.7,0.82,,1.0,0.0089,0.059869063580336744,0.8141477552879812,10.85558557510376,64.70265197753906,72.67741,14.189282,0.5730826,0.2430267333984375,/scicore/home/schwede/barta0000/germinal_ds/templates_target_shuffle/nb_s353537_mpnn_1_IL20/chai_no_constraints/seed_1454/pred.model_idx_0.cif,0.3846484422683716,/scicore/home/schwede/barta0000/germinal_ds/templates_target_shuffle/nb_s353537_mpnn_1_IL20/chai_with_constraints/seed_3782/pred.model_idx_3.cif,0.2430267333984375,0.5852226614952087,0.15747776627540588,"[[0.8920755386352539, 0.8890992403030396]]","[[[0.8920755386352539, 0.15747776627540588], [0.12238699942827225, 0.8890992403030396]]]",0.15747776627540588,0.3846484422683716,0.6807286739349365,0.31062838435173035,"[[0.8909605741500854, 0.8995304107666016]]","[[[0.8909605741500854, 0.31062838435173035], [0.27156394720077515, 0.8995304107666016]]]",0.31062838435173035,0.6591124534606934,0.7279360890388489,0.5371209979057312,0.6896103024482727,0.6369727253913879,0.7875682711601257,5.212550163269043,0.5371209979057312,/scicore/home/schwede/barta0000/germinal_ds/templates_target_shuffle/nb_s353537_mpnn_1_IL20/boltz_free/output/boltz_results_nb_s353537_mpnn_1_IL20/predictions/nb_s353537_mpnn_1_IL20/nb_s353537_mpnn_1_IL20_model_0.cif,0.8374053239822388,0.8480545878410339,0.7430471181869507,0.860994815826416,0.8314115405082703,0.5500141978263855,2.4121103286743164,0.735958993434906,/scicore/home/schwede/barta0000/germinal_ds/templates_target_shuffle/nb_s353537_mpnn_1_IL20/boltz_with_template/output/boltz_results_nb_s353537_mpnn_1_IL20/predictions/nb_s353537_mpnn_1_IL20/nb_s353537_mpnn_1_IL20_model_0.cif
nb_s175477_mpnn_4_IL3,False,"A,B",10.918008,80.77598982188296,491.32,24.0,6.918055555555556,64.01448789007034,0.063601,0.35,0.825,206.21,0.0,0.4,0.486,0.334,5.4333431999999995,90.18060000000001,,,4.727285714285714,81.22837829589844,0.506492,0.73,0.82,,1.0,0.0329,0.09157403808694915,0.8605015528402996,27.813054084777832,34.71608352661133,53.34602,21.371653,0.45928758,0.24054814875125885,/scicore/home/schwede/barta0000/germinal_ds/templates_target_shuffle/nb_s175477_mpnn_4_IL3/chai_no_constraints/seed_2729/pred.model_idx_3.cif,0.3734774589538574,/scicore/home/schwede/barta0000/germinal_ds/templates_target_shuffle/nb_s175477_mpnn_4_IL3/chai_with_constraints/seed_2626/pred.model_idx_3.cif,0.24054814875125885,0.5834596157073975,0.1548202782869339,"[[0.9018414616584778, 0.313780814409256]]","[[[0.9018414616584778, 0.1548202782869339], [0.09714652597904205, 0.313780814409256]]]",0.1548202782869339,0.3734774589538574,0.6592321991920471,0.3020387887954712,"[[0.9180217981338501, 0.3248445391654968]]","[[[0.9180217981338501, 0.25828564167022705], [0.3020387887954712, 0.3248445391654968]]]",0.25828564167022705,0.863735020160675,0.883843719959259,0.7961274981498718,0.8806369304656982,0.8173502087593079,0.46597665548324585,1.6830631494522095,0.7961274981498718,/scicore/home/schwede/barta0000/germinal_ds/templates_target_shuffle/nb_s175477_mpnn_4_IL3/boltz_free/output/boltz_results_nb_s175477_mpnn_4_IL3/predictions/nb_s175477_mpnn_4_IL3/nb_s175477_mpnn_4_IL3_model_0.cif,0.8536586165428162,0.7897540926933289,0.6285664439201355,0.9099316596984863,0.8445698022842407,0.7115883827209473,5.009203910827637,0.6285664439201355,/scicore/home/schwede/barta0000/germinal_ds/templates_target_shuffle/nb_s175477_mpnn_4_IL3/boltz_with_template/output/boltz_results_nb_s175477_mpnn_4_IL3/predictions/nb_s175477_mpnn_4_IL3/nb_s175477_mpnn_4_IL3_model_0.cif
nb_s293208_mpnn_4_PDL1,False,"A,B",7.18610265448913,85.38286937901499,111.35,8.62,4.7796875,76.47132940820993,0.238265,0.58,0.855,-152.49,0.0,0.61,0.5394,0.674,4.103450301767878,95.52746835443037,,,2.32859375,92.84448321112271,0.539773,0.76,0.83,,1.0,0.7704,0.10517846076996581,0.8793113020548402,20.414915084838867,57.90939712524414,67.17475,17.744518,0.47799817,0.5619221925735474,/scicore/home/schwede/barta0000/germinal_ds/templates_target_shuffle/nb_s293208_mpnn_4_PDL1/chai_no_constraints/seed_2282/pred.model_idx_1.cif,0.6061795949935913,/scicore/home/schwede/barta0000/germinal_ds/templates_target_shuffle/nb_s293208_mpnn_4_PDL1/chai_with_constraints/seed_2241/pred.model_idx_2.cif,0.5619221925735474,0.7869355082511902,0.5056688189506531,"[[0.9127800464630127, 0.8850393295288086]]","[[[0.9127800464630127, 0.48478955030441284], [0.5056688189506531, 0.8850393295288086]]]",0.48478955030441284,0.6061795949935913,0.779047429561615,0.5629625916481018,"[[0.8850526213645935, 0.8787868618965149]]","[[[0.8850526213645935, 0.4756799340248108], [0.5629625916481018, 0.8787868618965149]]]",0.4756799340248108,0.8528094291687012,0.8159504532814026,0.7245073318481445,0.8848849534988403,0.8509478569030762,0.5124969482421875,2.780668258666992,0.7129940390586853,/scicore/home/schwede/barta0000/germinal_ds/templates_target_shuffle/nb_s293208_mpnn_4_PDL1/boltz_free/output/boltz_results_nb_s293208_mpnn_4_PDL1/predictions/nb_s293208_mpnn_4_PDL1/nb_s293208_mpnn_4_PDL1_model_0.cif,0.883796215057373,0.8332127332687378,0.7469052672386169,0.9180189967155457,0.9115595817565918,0.46852025389671326,2.971841335296631,0.7469052672386169,/scicore/home/schwede/barta0000/germinal_ds/templates_target_shuffle/nb_s293208_mpnn_4_PDL1/boltz_with_template/output/boltz_results_nb_s293208_mpnn_4_PDL1/predictions/nb_s293208_mpnn_4_PDL1/nb_s293208_mpnn_4_PDL1_model_0.cif
nb_s949322_mpnn_2_IL3,False,"A,B",14.2230496,75.34313567839196,553.55,30.66,10.408620689655173,53.88027384649906,0.006156,0.16,0.79,129.4,0.0,0.23,0.2035,2.435,7.196948639999999,85.97844,,,6.766166666666666,72.00666656494141,0.32405,0.59,0.75,,1.0,0.1225,0.11148653903325573,0.824682842602734,25.702649116516113,42.93206024169922,52.54792,21.229244,0.4547202,0.21898537874221802,/scicore/home/schwede/barta0000/germinal_ds/templates_target_shuffle/nb_s949322_mpnn_2_IL3/chai_no_constraints/seed_3344/pred.model_idx_2.cif,0.41261792182922363,/scicore/home/schwede/barta0000/germinal_ds/templates_target_shuffle/nb_s949322_mpnn_2_IL3/chai_with_constraints/seed_1364/pred.model_idx_1.cif,0.21898537874221802,0.553209125995636,0.13542942702770233,"[[0.8589609861373901, 0.3194323182106018]]","[[[0.8589609861373901, 0.13542942702770233], [0.08473706245422363, 0.3194323182106018]]]",0.13542942702770233,0.41261792182922363,0.6710312366485596,0.34801459312438965,"[[0.8759458065032959, 0.33826082944869995]]","[[[0.8759458065032959, 0.303952693939209], [0.34801459312438965, 0.33826082944869995]]]",0.303952693939209,0.8380002975463867,0.919590950012207,0.8821899890899658,0.8269529342651367,0.7112460136413574,0.34534481167793274,0.760444164276123,0.8606166839599609,/scicore/home/schwede/barta0000/germinal_ds/templates_target_shuffle/nb_s949322_mpnn_2_IL3/boltz_free/output/boltz_results_nb_s949322_mpnn_2_IL3/predictions/nb_s949322_mpnn_2_IL3/nb_s949322_mpnn_2_IL3_model_0.cif,0.7900771498680115,0.7495551705360413,0.5592618584632874,0.8477810025215149,0.7581642866134644,0.8516449928283691,5.976986885070801,0.5411741137504578,/scicore/home/schwede/barta0000/germinal_ds/templates_target_shuffle/nb_s949322_mpnn_2_IL3/boltz_with_template/output/boltz_results_nb_s949322_mpnn_2_IL3/predictions/nb_s949322_mpnn_2_IL3/nb_s949322_mpnn_2_IL3_model_0.cif
nb_s887286_mpnn_4_BHRF,False,"A,B",10.626778143857535,81.25899398108339,235.04,15.37,8.433823529411764,73.31038316689933,0.176465,0.49,0.825,40.35,0.0,0.53,0.0259,1.213,4.981290372102359,93.28195876288659,,,4.140892857142857,89.9561302431168,0.605947,0.76,0.84,,1.0,0.0593,0.2931350629651259,0.8640210043558959,16.13714635372162,47.60882568359375,71.99066,15.826306,0.53462666,0.2821834981441498,/scicore/home/schwede/barta0000/germinal_ds/templates_target_shuffle/nb_s887286_mpnn_4_BHRF/chai_no_constraints/seed_167/pred.model_idx_2.cif,0.4706980884075165,/scicore/home/schwede/barta0000/germinal_ds/templates_target_shuffle/nb_s887286_mpnn_4_BHRF/chai_with_constraints/seed_2219/pred.model_idx_3.cif,0.2821834981441498,0.616779625415802,0.19853445887565613,"[[0.8336322903633118, 0.910331666469574]]","[[[0.8336322903633118, 0.19853445887565613], [0.16943955421447754, 0.910331666469574]]]",0.19853445887565613,0.4706980884075165,0.7524257898330688,0.4002661406993866,"[[0.8711869120597839, 0.9192642569541931]]","[[[0.8711869120597839, 0.4002661406993866], [0.3926558792591095, 0.9192642569541931]]]",0.4002661406993866,0.8681970834732056,0.9061535000801086,0.8357079029083252,0.876319408416748,0.7873277068138123,0.3873637020587921,1.5509487390518188,0.8357079029083252,/scicore/home/schwede/barta0000/germinal_ds/templates_target_shuffle/nb_s887286_mpnn_4_BHRF/boltz_free/output/boltz_results_nb_s887286_mpnn_4_BHRF/predictions/nb_s887286_mpnn_4_BHRF/nb_s887286_mpnn_4_BHRF_model_0.cif,0.8538458943367004,0.8308451771736145,0.6959009766578674,0.8933321237564087,0.8231722712516785,0.5684154033660889,3.349673271179199,0.6959009766578674,/scicore/home/schwede/barta0000/germinal_ds/templates_target_shuffle/nb_s887286_mpnn_4_BHRF/boltz_with_template/output/boltz_results_nb_s887286_mpnn_4_BHRF/predictions/nb_s887286_mpnn_4_BHRF/nb_s887286_mpnn_4_BHRF_model_0.cif
nb_s648479_mpnn_1_BHRF,False,"A,B",14.518036265432098,79.1615187637969,532.34,21.48,10.052040816326532,67.46712151827201,0.005448,0.18,0.83,54.93,0.0,0.26,0.0084,0.656,5.067398124035494,90.69677083333333,,,4.286046511627907,83.67545474659313,0.525692,0.74,0.84,,1.0,0.552,0.07724058282244536,0.8273750288989056,16.082765022913616,57.85924530029297,75.13253,15.217099,0.5483775,0.26564091444015503,/scicore/home/schwede/barta0000/germinal_ds/templates_target_shuffle/nb_s648479_mpnn_1_BHRF/chai_no_constraints/seed_1499/pred.model_idx_2.cif,0.5340036153793335,/scicore/home/schwede/barta0000/germinal_ds/templates_target_shuffle/nb_s648479_mpnn_1_BHRF/chai_with_constraints/seed_1805/pred.model_idx_1.cif,0.26564091444015503,0.603169322013855,0.18125881254673004,"[[0.8810104131698608, 0.9056196212768555]]","[[[0.8810104131698608, 0.18125881254673004], [0.13123950362205505, 0.9056196212768555]]]",0.18125881254673004,0.5340036153793335,0.7784188389778137,0.47289979457855225,"[[0.891724705696106, 0.9197810888290405]]","[[[0.891724705696106, 0.47289979457855225], [0.42800676822662354, 0.9197810888290405]]]",0.47289979457855225,0.7725135684013367,0.6533911228179932,0.36488962173461914,0.8744195103645325,0.7938047647476196,0.752949595451355,8.644253730773926,0.36488962173461914,/scicore/home/schwede/barta0000/germinal_ds/templates_target_shuffle/nb_s648479_mpnn_1_BHRF/boltz_free/output/boltz_results_nb_s648479_mpnn_1_BHRF/predictions/nb_s648479_mpnn_1_BHRF/nb_s648479_mpnn_1_BHRF_model_0.cif,0.7849618196487427,0.6743581891059875,0.3798339366912842,0.8862437605857849,0.8092914819717407,0.8875745534896851,9.00572395324707,0.3798339366912842,/scicore/home/schwede/barta0000/germinal_ds/templates_target_shuffle/nb_s648479_mpnn_1_BHRF/boltz_with_template/output/boltz_results_nb_s648479_mpnn_1_BHRF/predictions/nb_s648479_mpnn_1_BHRF/nb_s648479_mpnn_1_BHRF_model_0.cif
nb_s887286_mpnn_2_IL20,False,"A,B",11.631953202062707,83.32718073353954,219.87,15.78,8.239285714285716,71.25996634887397,0.042895,0.33,0.86,64.12,0.0,0.39,0.9697,1.12,5.694665434703891,92.76561837455831,,,4.9687931034482755,84.30107116699219,0.386661,0.66,0.8,,1.0,0.7252,0.11500818026769404,0.8630607112518124,7.618373934427897,66.37013244628906,73.11871,11.664831,0.6747534,0.2985575795173645,/scicore/home/schwede/barta0000/germinal_ds/templates_target_shuffle/nb_s887286_mpnn_2_IL20/chai_no_constraints/seed_1798/pred.model_idx_4.cif,0.40548640489578247,/scicore/home/schwede/barta0000/germinal_ds/templates_target_shuffle/nb_s887286_mpnn_2_IL20/chai_with_constraints/seed_1280/pred.model_idx_1.cif,0.2985575795173645,0.6112520694732666,0.22038395702838898,"[[0.8505618572235107, 0.8984779119491577]]","[[[0.8505618572235107, 0.22038395702838898], [0.20528258383274078, 0.8984779119491577]]]",0.22038395702838898,0.40548640489578247,0.6693364381790161,0.33952388167381287,"[[0.8226106762886047, 0.8845893740653992]]","[[[0.8226106762886047, 0.33952388167381287], [0.31633445620536804, 0.8845893740653992]]]",0.33952388167381287,0.5546866059303284,0.5825567245483398,0.26888376474380493,0.6261373162269592,0.6117578744888306,1.4558353424072266,7.160696029663086,0.26452627778053284,/scicore/home/schwede/barta0000/germinal_ds/templates_target_shuffle/nb_s887286_mpnn_2_IL20/boltz_free/output/boltz_results_nb_s887286_mpnn_2_IL20/predictions/nb_s887286_mpnn_2_IL20/nb_s887286_mpnn_2_IL20_model_0.cif,0.773125171661377,0.6894707083702087,0.5243902206420898,0.8353089094161987,0.8145817518234253,1.1143602132797241,6.333212375640869,0.5243902206420898,/scicore/home/schwede/barta0000/germinal_ds/templates_target_shuffle/nb_s887286_mpnn_2_IL20/boltz_with_template/output/boltz_results_nb_s887286_mpnn_2_IL20/predictions/nb_s887286_mpnn_2_IL20/nb_s887286_mpnn_2_IL20_model_0.cif
nb_s689267_mpnn_2_BHRF,False,"A,B",12.160070650077161,82.91706555213374,92.15,6.5,5.230434782608696,73.1529866239668,0.032864,0.29,0.855,-87.36,0.0,0.35,0.3485,1.381,4.783091362847222,92.85944444444446,,,2.1613157894736843,86.32679931640625,0.525788,0.71,0.83,,1.0,0.9465,0.17453489684999443,0.8710173307907507,12.233350118001303,67.27522277832031,76.05149,13.2540455,0.5818461,0.44257503747940063,/scicore/home/schwede/barta0000/germinal_ds/templates_target_shuffle/nb_s689267_mpnn_2_BHRF/chai_no_constraints/seed_1414/pred.model_idx_0.cif,0.6018441915512085,/scicore/home/schwede/barta0000/germinal_ds/templates_target_shuffle/nb_s689267_mpnn_2_BHRF/chai_with_constraints/seed_1520/pred.model_idx_2.cif,0.44257503747940063,0.7152405977249146,0.37440866231918335,"[[0.9186047315597534, 0.90703284740448]]","[[[0.9186047315597534, 0.37440866231918335], [0.3539641499519348, 0.90703284740448]]]",0.37440866231918335,0.6018441915512085,0.8129301071166992,0.5490727424621582,"[[0.9161545634269714, 0.9092687368392944]]","[[[0.9161545634269714, 0.5428578853607178], [0.5490727424621582, 0.9092687368392944]]]",0.5428578853607178,0.8925883173942566,0.8829094767570496,0.7961281538009644,0.9167033433914185,0.8734941482543945,0.4183818995952606,2.7362687587738037,0.7961281538009644,/scicore/home/schwede/barta0000/germinal_ds/templates_target_shuffle/nb_s689267_mpnn_2_BHRF/boltz_free/output/boltz_results_nb_s689267_mpnn_2_BHRF/predictions/nb_s689267_mpnn_2_BHRF/nb_s689267_mpnn_2_BHRF_model_0.cif,0.9242302775382996,0.8969146013259888,0.8214902281761169,0.94991534948349,0.9365602731704712,0.4458443820476532,2.9184296131134033,0.8214902281761169,/scicore/home/schwede/barta0000/germinal_ds/templates_target_shuffle/nb_s689267_mpnn_2_BHRF/boltz_with_template/output/boltz_results_nb_s689267_mpnn_2_BHRF/predictions/nb_s689267_mpnn_2_BHRF/nb_s689267_mpnn_2_BHRF_model_0.cif
nb_s926337_mpnn_2_IL3,False,"A,B",13.541003608867502,79.42715863453815,200.94,13.19,7.455172413793104,64.10909478426554,0.005935,0.21,0.83,44.38,0.0,0.28,0.12,0.362,6.199338061835055,89.36632411067194,,,3.4709615384615384,81.64862047392747,0.307387,0.57,0.75,,1.0,0.9571,0.14654427571133474,0.8896643224317388,25.816794554392498,64.8436279296875,55.58234,21.137327,0.47031376,0.26636695861816406,/scicore/home/schwede/barta0000/germinal_ds/templates_target_shuffle/nb_s926337_mpnn_2_IL3/chai_no_constraints/seed_337/pred.model_idx_0.cif,0.35786885023117065,/scicore/home/schwede/barta0000/germinal_ds/templates_target_shuffle/nb_s926337_mpnn_2_IL3/chai_with_constraints/seed_1038/pred.model_idx_2.cif,0.26636695861816406,0.6019354462623596,0.18247483670711517,"[[0.926464319229126, 0.305062860250473]]","[[[0.926464319229126, 0.16065610945224762], [0.18247483670711517, 0.305062860250473]]]",0.16065610945224762,0.35786885023117065,0.6706464886665344,0.2796744406223297,"[[0.9130281805992126, 0.35649722814559937]]","[[[0.9130281805992126, 0.27132758498191833], [0.2796744406223297, 0.35649722814559937]]]",0.27132758498191833,0.7925278544425964,0.7954112887382507,0.6094063520431519,0.8383082151412964,0.7902843952178955,0.5243058204650879,3.439652919769287,0.6094063520431519,/scicore/home/schwede/barta0000/germinal_ds/templates_target_shuffle/nb_s926337_mpnn_2_IL3/boltz_free/output/boltz_results_nb_s926337_mpnn_2_IL3/predictions/nb_s926337_mpnn_2_IL3/nb_s926337_mpnn_2_IL3_model_0.cif,0.7695635557174683,0.731235146522522,0.5035416483879089,0.8360689878463745,0.8091385960578918,0.8255223631858826,7.877518653869629,0.5035416483879089,/scicore/home/schwede/barta0000/germinal_ds/templates_target_shuffle/nb_s926337_mpnn_2_IL3/boltz_with_template/output/boltz_results_nb_s926337_mpnn_2_IL3/predictions/nb_s926337_mpnn_2_IL3/nb_s926337_mpnn_2_IL3_model_0.cif
nb_s481672_mpnn_2_IL3,False,"A,B",11.371843022075021,82.09042617960425,253.59,12.12,6.1499999999999995,68.19613622162765,0.044632,0.32,0.825,86.59,0.0,0.38,0.939,0.618,5.033769313690263,91.37343873517787,,,2.49125,83.48515204227331,0.44143,0.67,0.8,,1.0,,0.1170932595026999,0.8627032844632033,,,53.30282,21.047415,0.47174338,0.23273172974586487,/scicore/home/schwede/barta0000/germinal_ds/templates_target_shuffle/nb_s481672_mpnn_2_IL3/chai_no_constraints/seed_4055/pred.model_idx_4.cif,0.3446924090385437,/scicore/home/schwede/barta0000/germinal_ds/templates_target_shuffle/nb_s481672_mpnn_2_IL3/chai_with_constraints/seed_4434/pred.model_idx_2.cif,0.23273172974586487,0.5913228988647461,0.14308393001556396,"[[0.9266560673713684, 0.30852627754211426]]","[[[0.9266560673713684, 0.14308393001556396], [0.10820312052965164, 0.30852627754211426]]]",0.14308393001556396,0.3446924090385437,0.6493619084358215,0.26852500438690186,"[[0.927164614200592, 0.30269327759742737]]","[[[0.927164614200592, 0.2324320673942566], [0.26852500438690186, 0.30269327759742737]]]",0.2324320673942566,0.8060248494148254,0.7508552670478821,0.555596113204956,0.8686320185661316,0.8022469282150269,0.6076349020004272,4.102931499481201,0.555596113204956,/scicore/home/schwede/barta0000/germinal_ds/templates_target_shuffle/nb_s481672_mpnn_2_IL3/boltz_free/output/boltz_results_nb_s481672_mpnn_2_IL3/predictions/nb_s481672_mpnn_2_IL3/nb_s481672_mpnn_2_IL3_model_0.cif,0.8683850169181824,0.7767997980117798,0.6140846610069275,0.9319601058959961,0.9196118712425232,0.7227932810783386,5.331399440765381,0.6140846610069275,/scicore/home/schwede/barta0000/germinal_ds/templates_target_shuffle/nb_s481672_mpnn_2_IL3/boltz_with_template/output/boltz_results_nb_s481672_mpnn_2_IL3/predictions/nb_s481672_mpnn_2_IL3/nb_s481672_mpnn_2_IL3_model_0.cif
nb_s771809_mpnn_3_PDL1,False,"A,B",15.173615339422103,80.86775685852609,60.12,5.72,3.51,71.0570836146531,0.0,0.09,0.84,-112.64,0.0,0.18,0.1022,11.056,4.376732005198597,93.90696202531646,,,3.1550000000000002,94.12464278084892,0.644371,0.83,0.88,,1.0,0.1833,-0.008105860385666578,0.8515266933481515,,,69.56107,16.903929,0.4987706,0.2736477255821228,/scicore/home/schwede/barta0000/germinal_ds/templates_target_shuffle/nb_s771809_mpnn_3_PDL1/chai_no_constraints/seed_4754/pred.model_idx_1.cif,0.4649967849254608,/scicore/home/schwede/barta0000/germinal_ds/templates_target_shuffle/nb_s771809_mpnn_3_PDL1/chai_with_constraints/seed_531/pred.model_idx_2.cif,0.2736477255821228,0.635919988155365,0.18307964503765106,"[[0.9370317459106445, 0.8842809200286865]]","[[[0.9370317459106445, 0.17798081040382385], [0.18307964503765106, 0.8842809200286865]]]",0.17798081040382385,0.4649967849254608,0.7624450325965881,0.3906347155570984,"[[0.9297420978546143, 0.8882244229316711]]","[[[0.9297420978546143, 0.3906347155570984], [0.3626677691936493, 0.8882244229316711]]]",0.3906347155570984,0.7899154424667358,0.679986834526062,0.3538169860839844,0.8989400267601013,0.8352060914039612,0.6108791828155518,7.053834438323975,0.29406604170799255,/scicore/home/schwede/barta0000/germinal_ds/templates_target_shuffle/nb_s771809_mpnn_3_PDL1/boltz_free/output/boltz_results_nb_s771809_mpnn_3_PDL1/predictions/nb_s771809_mpnn_3_PDL1/nb_s771809_mpnn_3_PDL1_model_0.cif,0.8166703581809998,0.7723966240882874,0.5418475270271301,0.8853759765625,0.8397595882415771,0.5773921608924866,6.578866958618164,0.49552440643310547,/scicore/home/schwede/barta0000/germinal_ds/templates_target_shuffle/nb_s771809_mpnn_3_PDL1/boltz_with_template/output/boltz_results_nb_s771809_mpnn_3_PDL1/predictions/nb_s771809_mpnn_3_PDL1/nb_s771809_mpnn_3_PDL1_model_0.cif
nb_s442197_mpnn_3_PDL1,False,"A,B",11.100913315173852,82.43838502673796,106.2,8.99,6.793749999999999,64.6158019963797,0.033409,0.28,0.84,-118.82,0.0,0.34,0.1211,0.681,5.754693158147733,91.8520253164557,,,5.244705882352941,80.3495002746582,0.338573,0.58,0.76,,1.0,,0.11589653366515622,0.8848216115025119,24.12971305847168,54.76378631591797,66.90304,17.440815,0.4803659,0.3091370463371277,/scicore/home/schwede/barta0000/germinal_ds/templates_target_shuffle/nb_s442197_mpnn_3_PDL1/chai_no_constraints/seed_1769/pred.model_idx_1.cif,0.4436476230621338,/scicore/home/schwede/barta0000/germinal_ds/templates_target_shuffle/nb_s442197_mpnn_3_PDL1/chai_with_constraints/seed_1335/pred.model_idx_0.cif,0.3091370463371277,0.6507635712623596,0.2237304300069809,"[[0.8919302225112915, 0.8814478516578674]]","[[[0.8919302225112915, 0.2237304300069809], [0.219804048538208, 0.8814478516578674]]]",0.2237304300069809,0.4436476230621338,0.7326064109802246,0.3714078962802887,"[[0.8939963579177856, 0.8827142715454102]]","[[[0.8939963579177856, 0.3714078962802887], [0.34571272134780884, 0.8827142715454102]]]",0.3714078962802887,0.7876809239387512,0.7695305347442627,0.5687455534934998,0.8424147367477417,0.7533484697341919,0.4840447008609772,4.1090850830078125,0.4994523227214813,/scicore/home/schwede/barta0000/germinal_ds/templates_target_shuffle/nb_s442197_mpnn_3_PDL1/boltz_free/output/boltz_results_nb_s442197_mpnn_3_PDL1/predictions/nb_s442197_mpnn_3_PDL1/nb_s442197_mpnn_3_PDL1_model_0.cif,0.7846086621284485,0.7041655778884888,0.44047605991363525,0.870641827583313,0.7863556146621704,0.648838460445404,6.928097724914551,0.4106232523918152,/scicore/home/schwede/barta0000/germinal_ds/templates_target_shuffle/nb_s442197_mpnn_3_PDL1/boltz_with_template/output/boltz_results_nb_s442197_mpnn_3_PDL1/predictions/nb_s442197_mpnn_3_PDL1/nb_s442197_mpnn_3_PDL1_model_0.cif
nb_s206217_mpnn_2_IL3,False,"A,B",9.490527894514834,84.29556439582298,70.45,3.75,3.637878787878788,74.14929531691621,0.144975,0.47,0.85,-40.58,0.0,0.52,0.8913,0.281,4.58611617116343,92.85889328063243,,,2.465,88.77916664547391,0.690449,0.83,0.87,,1.0,0.5772,0.33589053576455175,0.8675282961750128,26.648627440134685,40.734580993652344,53.44594,21.07988,0.47074065,0.23263466358184814,/scicore/home/schwede/barta0000/germinal_ds/templates_target_shuffle/nb_s206217_mpnn_2_IL3/chai_no_constraints/seed_1569/pred.model_idx_4.cif,0.4893842935562134,/scicore/home/schwede/barta0000/germinal_ds/templates_target_shuffle/nb_s206217_mpnn_2_IL3/chai_with_constraints/seed_1003/pred.model_idx_2.cif,0.23263466358184814,0.5871443152427673,0.14400725066661835,"[[0.918999433517456, 0.30788153409957886]]","[[[0.918999433517456, 0.14400725066661835], [0.12388600409030914, 0.30788153409957886]]]",0.14400725066661835,0.4893842935562134,0.6515207290649414,0.44885018467903137,"[[0.9218726754188538, 0.3157723546028137]]","[[[0.9218726754188538, 0.23708200454711914], [0.44885018467903137, 0.3157723546028137]]]",0.23708200454711914,0.8616847395896912,0.8754794001579285,0.8032797574996948,0.8762859106063843,0.8304502964019775,0.4051188826560974,2.2020106315612793,0.8032797574996948,/scicore/home/schwede/barta0000/germinal_ds/templates_target_shuffle/nb_s206217_mpnn_2_IL3/boltz_free/output/boltz_results_nb_s206217_mpnn_2_IL3/predictions/nb_s206217_mpnn_2_IL3/nb_s206217_mpnn_2_IL3_model_0.cif,0.9041573405265808,0.8413312435150146,0.7477090954780579,0.9432694315910339,0.9223618507385254,0.5418691039085388,3.5843539237976074,0.7477090954780579,/scicore/home/schwede/barta0000/germinal_ds/templates_target_shuffle/nb_s206217_mpnn_2_IL3/boltz_with_template/output/boltz_results_nb_s206217_mpnn_2_IL3/predictions/nb_s206217_mpnn_2_IL3/nb_s206217_mpnn_2_IL3_model_0.cif
nb_s55152_mpnn_1_PDL1,False,"A,B",9.484608947996227,81.56664309031555,181.35,12.56,6.642592592592593,69.49668851498352,0.135024,0.43,0.8200000000000001,-148.49,0.0,0.47,0.9833,0.421,5.09503765422208,92.00523206751053,,,3.35921875,84.58999904509514,0.396466,0.65,0.78,,1.0,,0.1537286351513154,0.8642928958710795,,,64.7003,18.175354,0.45434695,0.3140389919281006,/scicore/home/schwede/barta0000/germinal_ds/templates_target_shuffle/nb_s55152_mpnn_1_PDL1/chai_no_constraints/seed_1839/pred.model_idx_1.cif,0.463828444480896,/scicore/home/schwede/barta0000/germinal_ds/templates_target_shuffle/nb_s55152_mpnn_1_PDL1/chai_with_constraints/seed_1887/pred.model_idx_2.cif,0.3140389919281006,0.6281865239143372,0.23550209403038025,"[[0.8266425728797913, 0.8823826313018799]]","[[[0.8266425728797913, 0.23550209403038025], [0.22674642503261566, 0.8823826313018799]]]",0.23550209403038025,0.463828444480896,0.7267674207687378,0.39809373021125793,"[[0.8671063780784607, 0.8855786323547363]]","[[[0.8671063780784607, 0.3790462017059326], [0.39809373021125793, 0.8855786323547363]]]",0.3790462017059326,0.8125743865966797,0.8470892906188965,0.706972062587738,0.8389749526977539,0.7443650960922241,0.4629627764225006,2.232750177383423,0.6988223791122437,/scicore/home/schwede/barta0000/germinal_ds/templates_target_shuffle/nb_s55152_mpnn_1_PDL1/boltz_free/output/boltz_results_nb_s55152_mpnn_1_PDL1/predictions/nb_s55152_mpnn_1_PDL1/nb_s55152_mpnn_1_PDL1_model_0.cif,0.8842472434043884,0.8552595973014832,0.7288697361946106,0.9230915307998657,0.8732385635375977,0.4655361473560333,2.8100545406341553,0.7288697361946106,/scicore/home/schwede/barta0000/germinal_ds/templates_target_shuffle/nb_s55152_mpnn_1_PDL1/boltz_with_template/output/boltz_results_nb_s55152_mpnn_1_PDL1/predictions/nb_s55152_mpnn_1_PDL1/nb_s55152_mpnn_1_PDL1_model_0.cif
nb_s78562_mpnn_1_IL20,False,"A,B",13.223767308868881,80.94660595290982,292.26,23.09,7.75,68.46889886062698,0.005565,0.2,0.8400000000000001,125.67,0.0,0.28,0.8223,0.295,5.974165116308107,92.38925795053004,,,2.7808333333333333,85.30791759490967,0.323188,0.59,0.77,,1.0,,0.06412291598820469,0.8769926191711583,11.253756791353226,63.420623779296875,73.3128,13.084118,0.60123146,0.32373613119125366,/scicore/home/schwede/barta0000/germinal_ds/templates_target_shuffle/nb_s78562_mpnn_1_IL20/chai_no_constraints/seed_1237/pred.model_idx_3.cif,0.3647092580795288,/scicore/home/schwede/barta0000/germinal_ds/templates_target_shuffle/nb_s78562_mpnn_1_IL20/chai_with_constraints/seed_2437/pred.model_idx_3.cif,0.32373613119125366,0.6199843883514404,0.24967406690120697,"[[0.8817458152770996, 0.8983810544013977]]","[[[0.8817458152770996, 0.24967406690120697], [0.21731221675872803, 0.8983810544013977]]]",0.24967406690120697,0.3647092580795288,0.632235050201416,0.297827810049057,"[[0.8518233895301819, 0.8838381171226501]]","[[[0.8518233895301819, 0.297827810049057], [0.2270711362361908, 0.8838381171226501]]]",0.297827810049057,0.6657817959785461,0.7188828587532043,0.5270692110061646,0.700459897518158,0.6527187824249268,0.9131436944007874,5.982218265533447,0.5270692110061646,/scicore/home/schwede/barta0000/germinal_ds/templates_target_shuffle/nb_s78562_mpnn_1_IL20/boltz_free/output/boltz_results_nb_s78562_mpnn_1_IL20/predictions/nb_s78562_mpnn_1_IL20/nb_s78562_mpnn_1_IL20_model_0.cif,0.879213273525238,0.8606662154197693,0.7940096259117126,0.9005141854286194,0.8839157819747925,0.5873093008995056,2.8130433559417725,0.7940096259117126,/scicore/home/schwede/barta0000/germinal_ds/templates_target_shuffle/nb_s78562_mpnn_1_IL20/boltz_with_template/output/boltz_results_nb_s78562_mpnn_1_IL20/predictions/nb_s78562_mpnn_1_IL20/nb_s78562_mpnn_1_IL20_model_0.cif
nb_s473012_mpnn_5_PDL1,False,"A,B",13.612996492727305,81.12062566277837,161.21,11.22,5.319565217391306,66.17248308896262,0.005671,0.15,0.845,-66.46,0.0,0.23,0.326,0.292,3.74897114066478,96.51607594936708,,,2.2065217391304346,92.55730731670673,0.50744,0.73,0.85,,1.0,0.0015,0.05560236480278656,0.8539858960356829,24.835891723632812,55.8604850769043,66.877335,17.483124,0.49094003,0.27081298828125,/scicore/home/schwede/barta0000/germinal_ds/templates_target_shuffle/nb_s473012_mpnn_5_PDL1/chai_no_constraints/seed_2144/pred.model_idx_3.cif,0.5161674618721008,/scicore/home/schwede/barta0000/germinal_ds/templates_target_shuffle/nb_s473012_mpnn_5_PDL1/chai_with_constraints/seed_4568/pred.model_idx_2.cif,0.27081298828125,0.6412761211395264,0.17819717526435852,"[[0.9351683259010315, 0.8757816553115845]]","[[[0.9351683259010315, 0.17819717526435852], [0.14690592885017395, 0.8757816553115845]]]",0.17819717526435852,0.5161674618721008,0.7885628938674927,0.4480685889720917,"[[0.9255459308624268, 0.8759971857070923]]","[[[0.9255459308624268, 0.44750145077705383], [0.4480685889720917, 0.8759971857070923]]]",0.44750145077705383,0.8835161328315735,0.9064030051231384,0.8460476398468018,0.89288330078125,0.8394979238510132,0.32953938841819763,1.0653489828109741,0.8214157223701477,/scicore/home/schwede/barta0000/germinal_ds/templates_target_shuffle/nb_s473012_mpnn_5_PDL1/boltz_free/output/boltz_results_nb_s473012_mpnn_5_PDL1/predictions/nb_s473012_mpnn_5_PDL1/nb_s473012_mpnn_5_PDL1_model_0.cif,0.8046979904174805,0.756401538848877,0.5051485896110535,0.8795853853225708,0.8167833089828491,0.4676983654499054,5.240796089172363,0.4825095534324646,/scicore/home/schwede/barta0000/germinal_ds/templates_target_shuffle/nb_s473012_mpnn_5_PDL1/boltz_with_template/output/boltz_results_nb_s473012_mpnn_5_PDL1/predictions/nb_s473012_mpnn_5_PDL1/nb_s473012_mpnn_5_PDL1_model_0.cif
nb_s327664_mpnn_4_IL3,False,"A,B",13.6016192,79.91025432349949,265.84,14.61,6.936666666666667,65.31152189123108,0.033326,0.37,0.825,32.09,0.0,0.41,0.9813,0.24,5.672626559999999,91.53464,,,4.1386666666666665,86.08766657511393,0.439438,0.69,0.78,,1.0,0.9914,0.20313979296060955,0.8493719668093616,,,53.66851,21.226505,0.46588874,0.23511679470539093,/scicore/home/schwede/barta0000/germinal_ds/templates_target_shuffle/nb_s327664_mpnn_4_IL3/chai_no_constraints/seed_3499/pred.model_idx_3.cif,0.26804956793785095,/scicore/home/schwede/barta0000/germinal_ds/templates_target_shuffle/nb_s327664_mpnn_4_IL3/chai_with_constraints/seed_3860/pred.model_idx_4.cif,0.23511679470539093,0.5746209621429443,0.15024074912071228,"[[0.8841662406921387, 0.32536500692367554]]","[[[0.8841662406921387, 0.15024074912071228], [0.1286124438047409, 0.32536500692367554]]]",0.15024074912071228,0.26804956793785095,0.594369649887085,0.18646955490112305,"[[0.8879908323287964, 0.3109949231147766]]","[[[0.8879908323287964, 0.1756284236907959], [0.18646955490112305, 0.3109949231147766]]]",0.1756284236907959,0.8781260848045349,0.9381170272827148,0.9007675647735596,0.8724656701087952,0.8321705460548401,0.3769957423210144,1.0518286228179932,0.9007675647735596,/scicore/home/schwede/barta0000/germinal_ds/templates_target_shuffle/nb_s327664_mpnn_4_IL3/boltz_free/output/boltz_results_nb_s327664_mpnn_4_IL3/predictions/nb_s327664_mpnn_4_IL3/nb_s327664_mpnn_4_IL3_model_0.cif,0.7660830616950989,0.6955950260162354,0.4835011959075928,0.8367285132408142,0.7583742141723633,0.913486897945404,8.170425415039062,0.4835011959075928,/scicore/home/schwede/barta0000/germinal_ds/templates_target_shuffle/nb_s327664_mpnn_4_IL3/boltz_with_template/output/boltz_results_nb_s327664_mpnn_4_IL3/predictions/nb_s327664_mpnn_4_IL3/nb_s327664_mpnn_4_IL3_model_0.cif
nb_s183327_mpnn_2_PDL1,False,"A,B",10.782833947551138,83.61584795321639,179.51,16.41,6.126086956521738,67.67707873990076,0.034341,0.28,0.86,-91.63,0.0,0.34,0.807,0.64,6.959165019850807,92.27206751054851,,,3.238636363636364,80.1131820678711,0.171786,0.4,0.68,,1.0,0.8325,0.12072593814512292,0.9004153110696255,,,70.03313,17.31925,0.491407,0.3975009620189667,/scicore/home/schwede/barta0000/germinal_ds/templates_target_shuffle/nb_s183327_mpnn_2_PDL1/chai_no_constraints/seed_359/pred.model_idx_0.cif,0.45783156156539917,/scicore/home/schwede/barta0000/germinal_ds/templates_target_shuffle/nb_s183327_mpnn_2_PDL1/chai_with_constraints/seed_2889/pred.model_idx_1.cif,0.3975009620189667,0.7198631763458252,0.31691041588783264,"[[0.9292711615562439, 0.8817214369773865]]","[[[0.9292711615562439, 0.31691041588783264], [0.3080470860004425, 0.8817214369773865]]]",0.31691041588783264,0.45783156156539917,0.7572250962257385,0.38298317790031433,"[[0.9294103384017944, 0.8844172358512878]]","[[[0.9294103384017944, 0.38298317790031433], [0.36598458886146545, 0.8844172358512878]]]",0.38298317790031433,0.8053706288337708,0.7820378541946411,0.5730465054512024,0.8634516596794128,0.7777038812637329,0.5029897093772888,3.618333101272583,0.5392976999282837,/scicore/home/schwede/barta0000/germinal_ds/templates_target_shuffle/nb_s183327_mpnn_2_PDL1/boltz_free/output/boltz_results_nb_s183327_mpnn_2_PDL1/predictions/nb_s183327_mpnn_2_PDL1/nb_s183327_mpnn_2_PDL1_model_0.cif,0.8647307753562927,0.8215277194976807,0.6496903300285339,0.9184908866882324,0.8648558855056763,0.4863710105419159,4.266458511352539,0.6382010579109192,/scicore/home/schwede/barta0000/germinal_ds/templates_target_shuffle/nb_s183327_mpnn_2_PDL1/boltz_with_template/output/boltz_results_nb_s183327_mpnn_2_PDL1/predictions/nb_s183327_mpnn_2_PDL1/nb_s183327_mpnn_2_PDL1_model_0.cif
nb_s289628_mpnn_1_PDL1,False,"A,B",10.194048318467482,82.65091297383876,160.92,11.91,6.553703703703703,68.31319786153507,0.049587,0.29,0.84,-132.82,0.0,0.35,0.0485,0.54,5.806906122594313,91.05308016877636,,,4.285499999999999,81.14045472578569,0.305822,0.54,0.74,,1.0,0.8889,0.11999245411051704,0.887721637539739,,,68.44123,16.875162,0.50000715,0.3455161452293396,/scicore/home/schwede/barta0000/germinal_ds/templates_target_shuffle/nb_s289628_mpnn_1_PDL1/chai_no_constraints/seed_1419/pred.model_idx_4.cif,0.5003677606582642,/scicore/home/schwede/barta0000/germinal_ds/templates_target_shuffle/nb_s289628_mpnn_1_PDL1/chai_with_constraints/seed_2979/pred.model_idx_1.cif,0.3455161452293396,0.6741790771484375,0.26335039734840393,"[[0.9069128036499023, 0.881165623664856]]","[[[0.9069128036499023, 0.26335039734840393], [0.24543841183185577, 0.881165623664856]]]",0.26335039734840393,0.5003677606582642,0.7744236588478088,0.4318537414073944,"[[0.9108213782310486, 0.8775404095649719]]","[[[0.9108213782310486, 0.4318537414073944], [0.41107335686683655, 0.8775404095649719]]]",0.4318537414073944,0.8657868504524231,0.8873050808906555,0.7842004895210266,0.8861834406852722,0.7963775396347046,0.3675060272216797,1.522653341293335,0.7731633186340332,/scicore/home/schwede/barta0000/germinal_ds/templates_target_shuffle/nb_s289628_mpnn_1_PDL1/boltz_free/output/boltz_results_nb_s289628_mpnn_1_PDL1/predictions/nb_s289628_mpnn_1_PDL1/nb_s289628_mpnn_1_PDL1_model_0.cif,0.8745852708816528,0.8325614333152771,0.6849384307861328,0.9219969511032104,0.8554943203926086,0.534047544002533,4.260547161102295,0.6700779795646667,/scicore/home/schwede/barta0000/germinal_ds/templates_target_shuffle/nb_s289628_mpnn_1_PDL1/boltz_with_template/output/boltz_results_nb_s289628_mpnn_1_PDL1/predictions/nb_s289628_mpnn_1_PDL1/nb_s289628_mpnn_1_PDL1_model_0.cif
nb_s80903_mpnn_4_BHRF,False,"A,B",14.402870773845372,78.8383652173913,312.74,14.57,7.075,67.39078986676397,0.00541,0.15,0.845,32.61,0.0,0.23,0.5337,1.017,6.383025235885264,89.31281786941581,,,3.8180000000000005,78.63344810748923,0.29664,0.54,0.76,,1.0,0.005,0.086697735182317,0.8522921507935205,15.57843976020813,54.827640533447266,75.54647,14.726948,0.5464431,0.385286808013916,/scicore/home/schwede/barta0000/germinal_ds/templates_target_shuffle/nb_s80903_mpnn_4_BHRF/chai_no_constraints/seed_1254/pred.model_idx_1.cif,0.4400652050971985,/scicore/home/schwede/barta0000/germinal_ds/templates_target_shuffle/nb_s80903_mpnn_4_BHRF/chai_with_constraints/seed_1797/pred.model_idx_4.cif,0.385286808013916,0.6698300838470459,0.31415098905563354,"[[0.9171203970909119, 0.9021751284599304]]","[[[0.9171203970909119, 0.31415098905563354], [0.2863703668117523, 0.9021751284599304]]]",0.31415098905563354,0.4400652050971985,0.7152793407440186,0.3712616562843323,"[[0.9171374440193176, 0.900234043598175]]","[[[0.9171374440193176, 0.3712616562843323], [0.3278965950012207, 0.900234043598175]]]",0.3712616562843323,0.8657771348953247,0.9132153391838074,0.8730180263519287,0.8639668822288513,0.8081433773040771,0.35669171810150146,1.1078170537948608,0.8730180263519287,/scicore/home/schwede/barta0000/germinal_ds/templates_target_shuffle/nb_s80903_mpnn_4_BHRF/boltz_free/output/boltz_results_nb_s80903_mpnn_4_BHRF/predictions/nb_s80903_mpnn_4_BHRF/nb_s80903_mpnn_4_BHRF_model_0.cif,0.8799760937690735,0.8646788597106934,0.759467363357544,0.9101032018661499,0.8766429424285889,0.4801623821258545,2.92038631439209,0.759467363357544,/scicore/home/schwede/barta0000/germinal_ds/templates_target_shuffle/nb_s80903_mpnn_4_BHRF/boltz_with_template/output/boltz_results_nb_s80903_mpnn_4_BHRF/predictions/nb_s80903_mpnn_4_BHRF/nb_s80903_mpnn_4_BHRF_model_0.cif
nb_s78562_mpnn_2_IL20,False,"A,B",12.979084518473199,83.1051286601597,103.21,8.52,5.368,71.82752740570781,0.005849,0.23,0.855,57.79,0.0,0.3,0.0049,0.534,5.9127323352770045,93.2160777385159,,,2.309230769230769,88.77760040283204,0.38645,0.66,0.79,,1.0,0.5438,0.08792316075805211,0.8544746551292426,12.31982736154036,56.93817138671875,72.89249,13.368489,0.59267783,0.46482759714126587,/scicore/home/schwede/barta0000/germinal_ds/templates_target_shuffle/nb_s78562_mpnn_2_IL20/chai_no_constraints/seed_2548/pred.model_idx_4.cif,0.6681692004203796,/scicore/home/schwede/barta0000/germinal_ds/templates_target_shuffle/nb_s78562_mpnn_2_IL20/chai_with_constraints/seed_1438/pred.model_idx_1.cif,0.46482759714126587,0.6871194243431091,0.40925464034080505,"[[0.9036087393760681, 0.8970350623130798]]","[[[0.9036087393760681, 0.3445696234703064], [0.40925464034080505, 0.8970350623130798]]]",0.3445696234703064,0.6681692004203796,0.8139657974243164,0.6317200064659119,"[[0.9082045555114746, 0.9040408134460449]]","[[[0.9082045555114746, 0.6317200064659119], [0.5730893015861511, 0.9040408134460449]]]",0.6317200064659119,0.681134819984436,0.7186787128448486,0.5443463325500488,0.7153319120407104,0.6897011995315552,0.9242037534713745,6.088886737823486,0.5443463325500488,/scicore/home/schwede/barta0000/germinal_ds/templates_target_shuffle/nb_s78562_mpnn_2_IL20/boltz_free/output/boltz_results_nb_s78562_mpnn_2_IL20/predictions/nb_s78562_mpnn_2_IL20/nb_s78562_mpnn_2_IL20_model_0.cif,0.8284288644790649,0.768951952457428,0.6509109735488892,0.8728082776069641,0.8713296055793762,0.9083277583122253,4.6754841804504395,0.6509109735488892,/scicore/home/schwede/barta0000/germinal_ds/templates_target_shuffle/nb_s78562_mpnn_2_IL20/boltz_with_template/output/boltz_results_nb_s78562_mpnn_2_IL20/predictions/nb_s78562_mpnn_2_IL20/nb_s78562_mpnn_2_IL20_model_0.cif
nb_s351880_mpnn_1_BHRF,False,"A,B",14.095696791488054,78.47041448516579,922.77,43.56,15.504166666666666,64.37100628555365,0.006589,0.18,0.84,355.47,0.0,0.25,0.3674,0.678,6.033386001582409,89.99261168384879,,,6.702173913043477,77.9968964149212,0.334395,0.55,0.76,,1.0,0.1411,0.06446657252794019,0.8533380600899675,16.6036864194003,51.29092788696289,73.439095,15.320657,0.54208493,0.36892449855804443,/scicore/home/schwede/barta0000/germinal_ds/templates_target_shuffle/nb_s351880_mpnn_1_BHRF/chai_no_constraints/seed_2283/pred.model_idx_2.cif,0.3945397138595581,/scicore/home/schwede/barta0000/germinal_ds/templates_target_shuffle/nb_s351880_mpnn_1_BHRF/chai_with_constraints/seed_1842/pred.model_idx_1.cif,0.36892449855804443,0.6874507665634155,0.2892929017543793,"[[0.8919870257377625, 0.9112770557403564]]","[[[0.8919870257377625, 0.2892929017543793], [0.27364403009414673, 0.9112770557403564]]]",0.2892929017543793,0.3945397138595581,0.7115093469619751,0.31529727578163147,"[[0.8798891305923462, 0.9131598472595215]]","[[[0.8798891305923462, 0.31529727578163147], [0.31193307042121887, 0.9131598472595215]]]",0.31529727578163147,0.8778602480888367,0.9057334065437317,0.8487688899040222,0.8851330876350403,0.8219144344329834,0.3978036046028137,1.6658397912979126,0.8487688899040222,/scicore/home/schwede/barta0000/germinal_ds/templates_target_shuffle/nb_s351880_mpnn_1_BHRF/boltz_free/output/boltz_results_nb_s351880_mpnn_1_BHRF/predictions/nb_s351880_mpnn_1_BHRF/nb_s351880_mpnn_1_BHRF_model_0.cif,0.877483069896698,0.8389609456062317,0.7218366265296936,0.9163947105407715,0.8903656601905823,0.5710203051567078,3.881744146347046,0.7218366265296936,/scicore/home/schwede/barta0000/germinal_ds/templates_target_shuffle/nb_s351880_mpnn_1_BHRF/boltz_with_template/output/boltz_results_nb_s351880_mpnn_1_BHRF/predictions/nb_s351880_mpnn_1_BHRF/nb_s351880_mpnn_1_BHRF_model_0.cif
nb_s37712_mpnn_5_BHRF,False,"A,B",11.591086548340241,79.03611953226505,380.18,12.98,6.473469387755103,68.31007983925228,0.08775,0.36,0.835,62.95,0.0,0.41,0.8857,0.315,4.077652247847806,93.69573883161512,,,3.2270192307692316,91.26185169926396,0.693082,0.83,0.89,,1.0,0.9786,0.27552319813754944,0.8388835360717783,14.364017645517984,61.81101989746094,74.52434,15.187725,0.54325616,0.5604814291000366,/scicore/home/schwede/barta0000/germinal_ds/templates_target_shuffle/nb_s37712_mpnn_5_BHRF/chai_no_constraints/seed_1441/pred.model_idx_3.cif,0.7308238744735718,/scicore/home/schwede/barta0000/germinal_ds/templates_target_shuffle/nb_s37712_mpnn_5_BHRF/chai_with_constraints/seed_1695/pred.model_idx_0.cif,0.5604814291000366,0.7580194473266602,0.5110968947410583,"[[0.901604175567627, 0.904385507106781]]","[[[0.901604175567627, 0.5110968947410583], [0.467487633228302, 0.904385507106781]]]",0.5110968947410583,0.7308238744735718,0.8617825508117676,0.6980841755867004,"[[0.9090766906738281, 0.9132107496261597]]","[[[0.9090766906738281, 0.6980841755867004], [0.6753541231155396, 0.9132107496261597]]]",0.6980841755867004,0.8091147541999817,0.7627532482147217,0.5806079506874084,0.866241455078125,0.8141394853591919,0.7088557481765747,6.381453990936279,0.5717262625694275,/scicore/home/schwede/barta0000/germinal_ds/templates_target_shuffle/nb_s37712_mpnn_5_BHRF/boltz_free/output/boltz_results_nb_s37712_mpnn_5_BHRF/predictions/nb_s37712_mpnn_5_BHRF/nb_s37712_mpnn_5_BHRF_model_0.cif,0.8873862624168396,0.866857647895813,0.7965136170387268,0.9101043343544006,0.8858901262283325,0.5644449591636658,2.7475359439849854,0.7965136170387268,/scicore/home/schwede/barta0000/germinal_ds/templates_target_shuffle/nb_s37712_mpnn_5_BHRF/boltz_with_template/output/boltz_results_nb_s37712_mpnn_5_BHRF/predictions/nb_s37712_mpnn_5_BHRF/nb_s37712_mpnn_5_BHRF_model_0.cif
nb_s255632_mpnn_3_IL20,False,"A,B",14.673676784577156,79.41546222222222,416.6,21.89,9.317241379310344,64.61256246739805,0.0,0.15,0.84,201.88,0.0,0.23,0.6236,0.263,4.983065090087277,92.12724381625442,,,3.5437499999999997,86.33571325029645,0.526137,0.72,0.82,,1.0,0.6715,0.06033588879399159,0.8380859327168637,12.569182300567627,63.29014587402344,72.654305,15.13817,0.5455798,0.5529130101203918,/scicore/home/schwede/barta0000/germinal_ds/templates_target_shuffle/nb_s255632_mpnn_3_IL20/chai_no_constraints/seed_4305/pred.model_idx_4.cif,0.3524911403656006,/scicore/home/schwede/barta0000/germinal_ds/templates_target_shuffle/nb_s255632_mpnn_3_IL20/chai_with_constraints/seed_376/pred.model_idx_2.cif,0.5529130101203918,0.7290024161338806,0.5088906288146973,"[[0.8957800269126892, 0.9009079933166504]]","[[[0.8957800269126892, 0.5088906288146973], [0.42794862389564514, 0.9009079933166504]]]",0.5088906288146973,0.3524911403656006,0.6525700092315674,0.2774713933467865,"[[0.8956106901168823, 0.8810787200927734]]","[[[0.8956106901168823, 0.2774713933467865], [0.260239839553833, 0.8810787200927734]]]",0.2774713933467865,0.5876155495643616,0.6154824495315552,0.32566043734550476,0.653104305267334,0.6014358997344971,1.1338649988174438,7.43731164932251,0.2592032849788666,/scicore/home/schwede/barta0000/germinal_ds/templates_target_shuffle/nb_s255632_mpnn_3_IL20/boltz_free/output/boltz_results_nb_s255632_mpnn_3_IL20/predictions/nb_s255632_mpnn_3_IL20/nb_s255632_mpnn_3_IL20_model_0.cif,0.8367495536804199,0.7515062093734741,0.6244174838066101,0.889832615852356,0.8596273064613342,0.808881938457489,4.284861087799072,0.6244174838066101,/scicore/home/schwede/barta0000/germinal_ds/templates_target_shuffle/nb_s255632_mpnn_3_IL20/boltz_with_template/output/boltz_results_nb_s255632_mpnn_3_IL20/predictions/nb_s255632_mpnn_3_IL20/nb_s255632_mpnn_3_IL20_model_0.cif
nb_s792926_mpnn_4_BHRF,False,"A,B",12.494127363040123,79.91826948480846,471.12,27.96,8.783333333333333,63.13081591392215,0.022821,0.24,0.8300000000000001,285.55,0.0,0.31,0.3606,1.174,5.753457995756173,90.97138888888888,,,5.307142857142857,80.48961624732384,0.394064,0.63,0.8,,1.0,0.0494,0.07289953990273162,0.8462196980752609,17.6609970501491,47.933982849121094,73.41653,15.647565,0.52056694,0.32510945200920105,/scicore/home/schwede/barta0000/germinal_ds/templates_target_shuffle/nb_s792926_mpnn_4_BHRF/chai_no_constraints/seed_6399/pred.model_idx_1.cif,0.37530767917633057,/scicore/home/schwede/barta0000/germinal_ds/templates_target_shuffle/nb_s792926_mpnn_4_BHRF/chai_with_constraints/seed_1601/pred.model_idx_0.cif,0.32510945200920105,0.6563442349433899,0.24230074882507324,"[[0.8855748772621155, 0.9106225967407227]]","[[[0.8855748772621155, 0.24230074882507324], [0.2046339362859726, 0.9106225967407227]]]",0.24230074882507324,0.37530767917633057,0.6861683130264282,0.29759252071380615,"[[0.8857873678207397, 0.904313862323761]]","[[[0.8857873678207397, 0.29759252071380615], [0.26341429352760315, 0.904313862323761]]]",0.29759252071380615,0.8032771944999695,0.748337984085083,0.5167340040206909,0.8749129772186279,0.8140631914138794,0.5315589308738708,5.247109413146973,0.5167340040206909,/scicore/home/schwede/barta0000/germinal_ds/templates_target_shuffle/nb_s792926_mpnn_4_BHRF/boltz_free/output/boltz_results_nb_s792926_mpnn_4_BHRF/predictions/nb_s792926_mpnn_4_BHRF/nb_s792926_mpnn_4_BHRF_model_0.cif,0.7831246852874756,0.6439095735549927,0.3036697804927826,0.9029884338378906,0.8552142977714539,0.7738919258117676,9.522102355957031,0.30321019887924194,/scicore/home/schwede/barta0000/germinal_ds/templates_target_shuffle/nb_s792926_mpnn_4_BHRF/boltz_with_template/output/boltz_results_nb_s792926_mpnn_4_BHRF/predictions/nb_s792926_mpnn_4_BHRF/nb_s792926_mpnn_4_BHRF_model_0.cif
nb_s563170_mpnn_3_PDL1,False,"A,B",8.792976552902847,85.50276842105264,43.14,3.25,4.721739130434782,74.87532227226907,0.125935,0.45,0.855,-135.56,0.0,0.5,0.5252,0.333,3.6806083426801255,96.57092827004222,,,1.7950000000000004,94.74279998779296,0.617206,0.8,0.87,,1.0,0.0002,0.2469103588809874,0.8665205085138301,,,69.80385,17.039757,0.5030521,0.33940020203590393,/scicore/home/schwede/barta0000/germinal_ds/templates_target_shuffle/nb_s563170_mpnn_3_PDL1/chai_no_constraints/seed_3520/pred.model_idx_1.cif,0.5034279227256775,/scicore/home/schwede/barta0000/germinal_ds/templates_target_shuffle/nb_s563170_mpnn_3_PDL1/chai_with_constraints/seed_2466/pred.model_idx_3.cif,0.33940020203590393,0.682712197303772,0.2535721957683563,"[[0.9229153394699097, 0.882253885269165]]","[[[0.9229153394699097, 0.2535721957683563], [0.22213977575302124, 0.882253885269165]]]",0.2535721957683563,0.5034279227256775,0.7568786144256592,0.4400652050971985,"[[0.8869327902793884, 0.8816085457801819]]","[[[0.8869327902793884, 0.41974568367004395], [0.4400652050971985, 0.8816085457801819]]]",0.41974568367004395,0.8211016058921814,0.856505274772644,0.7466756105422974,0.8397080302238464,0.7432441711425781,0.39632177352905273,1.8212085962295532,0.7309533953666687,/scicore/home/schwede/barta0000/germinal_ds/templates_target_shuffle/nb_s563170_mpnn_3_PDL1/boltz_free/output/boltz_results_nb_s563170_mpnn_3_PDL1/predictions/nb_s563170_mpnn_3_PDL1/nb_s563170_mpnn_3_PDL1_model_0.cif,0.8246726393699646,0.8339008688926697,0.683675229549408,0.8599219918251038,0.7850562930107117,0.44023868441581726,3.0590267181396484,0.683675229549408,/scicore/home/schwede/barta0000/germinal_ds/templates_target_shuffle/nb_s563170_mpnn_3_PDL1/boltz_with_template/output/boltz_results_nb_s563170_mpnn_3_PDL1/predictions/nb_s563170_mpnn_3_PDL1/nb_s563170_mpnn_3_PDL1_model_0.cif
nb_s282075_mpnn_1_IL20,False,"A,B",14.752816241930853,81.61415846016116,296.71,26.99,4.778947368421053,66.83742423079448,0.0,0.14,0.85,124.1,0.0,0.22,0.0007,1.096,9.194792043851216,91.27989399293286,,,2.0804761904761904,79.80954569036311,0.089421,0.34,0.66,,1.0,0.7147,0.10154635581478286,0.8906809219255162,16.532256444295246,61.94321823120117,73.057686,15.617719,0.5452131,0.29989126324653625,/scicore/home/schwede/barta0000/germinal_ds/templates_target_shuffle/nb_s282075_mpnn_1_IL20/chai_no_constraints/seed_1040/pred.model_idx_4.cif,0.36836111545562744,/scicore/home/schwede/barta0000/germinal_ds/templates_target_shuffle/nb_s282075_mpnn_1_IL20/chai_with_constraints/seed_1783/pred.model_idx_1.cif,0.29989126324653625,0.6127367615699768,0.22167988121509552,"[[0.8992629647254944, 0.8969506621360779]]","[[[0.8992629647254944, 0.22167988121509552], [0.17317749559879303, 0.8969506621360779]]]",0.22167988121509552,0.36836111545562744,0.6525555849075317,0.29731249809265137,"[[0.8771110773086548, 0.885764479637146]]","[[[0.8771110773086548, 0.29731249809265137], [0.26768672466278076, 0.885764479637146]]]",0.29731249809265137,0.5857757925987244,0.6333626508712769,0.36125802993774414,0.6419052481651306,0.5776246786117554,1.248404622077942,7.1577677726745605,0.30068546533584595,/scicore/home/schwede/barta0000/germinal_ds/templates_target_shuffle/nb_s282075_mpnn_1_IL20/boltz_free/output/boltz_results_nb_s282075_mpnn_1_IL20/predictions/nb_s282075_mpnn_1_IL20/nb_s282075_mpnn_1_IL20_model_0.cif,0.7718048095703125,0.7138906121253967,0.5624788999557495,0.8241362571716309,0.7827838659286499,1.1492226123809814,7.005216598510742,0.5624788999557495,/scicore/home/schwede/barta0000/germinal_ds/templates_target_shuffle/nb_s282075_mpnn_1_IL20/boltz_with_template/output/boltz_results_nb_s282075_mpnn_1_IL20/predictions/nb_s282075_mpnn_1_IL20/nb_s282075_mpnn_1_IL20_model_0.cif
nb_s854077_mpnn_1_IL3,False,"A,B",12.128411629614584,80.22537917087968,272.05,14.43,4.537878787878788,67.89347086478804,0.028951,0.26,0.83,-1.09,0.0,0.33,0.9185,1.153,5.588605039916262,89.5704743083004,,,2.4504687499999998,81.72125005722046,0.394731,0.62,0.77,,1.0,0.8553,0.11895633040376816,0.8507934145609595,25.367246627807617,56.96910858154297,53.833984,21.409975,0.45917052,0.23109006881713867,/scicore/home/schwede/barta0000/germinal_ds/templates_target_shuffle/nb_s854077_mpnn_1_IL3/chai_no_constraints/seed_3669/pred.model_idx_1.cif,0.2902641296386719,/scicore/home/schwede/barta0000/germinal_ds/templates_target_shuffle/nb_s854077_mpnn_1_IL3/chai_with_constraints/seed_1528/pred.model_idx_0.cif,0.23109006881713867,0.5830702185630798,0.1430950164794922,"[[0.9221025705337524, 0.3060522675514221]]","[[[0.9221025705337524, 0.13478927314281464], [0.1430950164794922, 0.3060522675514221]]]",0.13478927314281464,0.2902641296386719,0.628760039806366,0.20564015209674835,"[[0.9240972995758057, 0.316316157579422]]","[[[0.9240972995758057, 0.19617393612861633], [0.20564015209674835, 0.316316157579422]]]",0.19617393612861633,0.7991941571235657,0.7423986792564392,0.5047243237495422,0.8728116154670715,0.8035788536071777,0.609516978263855,4.876004219055176,0.4903438687324524,/scicore/home/schwede/barta0000/germinal_ds/templates_target_shuffle/nb_s854077_mpnn_1_IL3/boltz_free/output/boltz_results_nb_s854077_mpnn_1_IL3/predictions/nb_s854077_mpnn_1_IL3/nb_s854077_mpnn_1_IL3_model_0.cif,0.8431059718132019,0.7414603233337402,0.5365526676177979,0.9197443127632141,0.9006076455116272,0.704818844795227,6.976588726043701,0.5365526676177979,/scicore/home/schwede/barta0000/germinal_ds/templates_target_shuffle/nb_s854077_mpnn_1_IL3/boltz_with_template/output/boltz_results_nb_s854077_mpnn_1_IL3/predictions/nb_s854077_mpnn_1_IL3/nb_s854077_mpnn_1_IL3_model_0.cif
nb_s1156_mpnn_5_PDL1,False,"A,B",7.201467001370862,86.77044913419913,85.21,6.62,5.085714285714286,76.96966925889268,0.215026,0.51,0.855,-110.69,0.0,0.55,0.4315,0.351,4.505515675906639,94.39392405063292,,,3.235208333333333,90.47000061035156,0.48767,0.68,0.81,,1.0,0.8367,0.046553450889474615,0.8797366289994446,,,67.30782,17.784245,0.4768908,0.5576169490814209,/scicore/home/schwede/barta0000/germinal_ds/templates_target_shuffle/nb_s1156_mpnn_5_PDL1/chai_no_constraints/seed_3179/pred.model_idx_3.cif,0.5471417903900146,/scicore/home/schwede/barta0000/germinal_ds/templates_target_shuffle/nb_s1156_mpnn_5_PDL1/chai_with_constraints/seed_1382/pred.model_idx_1.cif,0.5576169490814209,0.7908052206039429,0.49931982159614563,"[[0.9153305292129517, 0.8904058337211609]]","[[[0.9153305292129517, 0.46892574429512024], [0.49931982159614563, 0.8904058337211609]]]",0.46892574429512024,0.5471417903900146,0.7907167077064514,0.48624807596206665,"[[0.9222665429115295, 0.9258347749710083]]","[[[0.9222665429115295, 0.45861050486564636], [0.48624807596206665, 0.9258347749710083]]]",0.45861050486564636,0.8865494728088379,0.8771374821662903,0.8013516068458557,0.9078488945960999,0.8588873744010925,0.39257049560546875,1.4686388969421387,0.7724156379699707,/scicore/home/schwede/barta0000/germinal_ds/templates_target_shuffle/nb_s1156_mpnn_5_PDL1/boltz_free/output/boltz_results_nb_s1156_mpnn_5_PDL1/predictions/nb_s1156_mpnn_5_PDL1/nb_s1156_mpnn_5_PDL1_model_0.cif,0.9186879992485046,0.8964167833328247,0.8102131485939026,0.9458066821098328,0.9290515780448914,0.3523734211921692,1.2687549591064453,0.8008126616477966,/scicore/home/schwede/barta0000/germinal_ds/templates_target_shuffle/nb_s1156_mpnn_5_PDL1/boltz_with_template/output/boltz_results_nb_s1156_mpnn_5_PDL1/predictions/nb_s1156_mpnn_5_PDL1/nb_s1156_mpnn_5_PDL1_model_0.cif
nb_s373735_mpnn_2_PDL1,False,"A,B",9.532067510548522,84.49097349918875,96.32,6.45,5.418181818181819,70.6725672053256,0.073227,0.33,0.865,-97.25,0.0,0.39,0.35,0.3,4.723296836333208,93.12046413502108,,,2.6631250000000004,84.17193529682774,0.407988,0.64,0.8,,1.0,0.0229,0.1772187598740479,0.872630239026327,,,70.91269,16.647408,0.51118267,0.652207612991333,/scicore/home/schwede/barta0000/germinal_ds/templates_target_shuffle/nb_s373735_mpnn_2_PDL1/chai_no_constraints/seed_1960/pred.model_idx_0.cif,0.5147808194160461,/scicore/home/schwede/barta0000/germinal_ds/templates_target_shuffle/nb_s373735_mpnn_2_PDL1/chai_with_constraints/seed_3829/pred.model_idx_3.cif,0.652207612991333,0.848939061164856,0.6030247211456299,"[[0.9341803789138794, 0.8845449686050415]]","[[[0.9341803789138794, 0.595369279384613], [0.6030247211456299, 0.8845449686050415]]]",0.595369279384613,0.5147808194160461,0.7902407050132751,0.4459158480167389,"[[0.9366353154182434, 0.8897387385368347]]","[[[0.9366353154182434, 0.4459158480167389], [0.4397664964199066, 0.8897387385368347]]]",0.4459158480167389,0.8904511332511902,0.8942058086395264,0.7932173013687134,0.9147595763206482,0.8652846813201904,0.3776509165763855,1.5783259868621826,0.7842724919319153,/scicore/home/schwede/barta0000/germinal_ds/templates_target_shuffle/nb_s373735_mpnn_2_PDL1/boltz_free/output/boltz_results_nb_s373735_mpnn_2_PDL1/predictions/nb_s373735_mpnn_2_PDL1/nb_s373735_mpnn_2_PDL1_model_0.cif,0.8555827140808105,0.8169755935668945,0.6672849059104919,0.902657151222229,0.832268476486206,0.46507400274276733,3.5931556224823,0.6672849059104919,/scicore/home/schwede/barta0000/germinal_ds/templates_target_shuffle/nb_s373735_mpnn_2_PDL1/boltz_with_template/output/boltz_results_nb_s373735_mpnn_2_PDL1/predictions/nb_s373735_mpnn_2_PDL1/nb_s373735_mpnn_2_PDL1_model_0.cif
nb_s558025_mpnn_1_IL20,False,"A,B",12.672801020408164,80.05846431797652,51.9,3.79,9.348,66.36011126574144,0.013756,0.3,0.8300000000000001,15.39,0.0,0.36,0.9319,0.285,5.6672714285714285,92.58978571428571,,,4.330961538461539,87.3448161372432,0.398944,0.68,0.8,,1.0,0.1136,0.16871843297743677,0.8409863990711415,14.997404336929321,64.59793853759766,73.66654,14.64915,0.5526463,0.3750455379486084,/scicore/home/schwede/barta0000/germinal_ds/templates_target_shuffle/nb_s558025_mpnn_1_IL20/chai_no_constraints/seed_6406/pred.model_idx_1.cif,0.3161596357822418,/scicore/home/schwede/barta0000/germinal_ds/templates_target_shuffle/nb_s558025_mpnn_1_IL20/chai_with_constraints/seed_1819/pred.model_idx_4.cif,0.3750455379486084,0.6719460487365723,0.30082041025161743,"[[0.8776758909225464, 0.8974651098251343]]","[[[0.8776758909225464, 0.30082041025161743], [0.2769066393375397, 0.8974651098251343]]]",0.30082041025161743,0.3161596357822418,0.6428017616271973,0.23449911177158356,"[[0.8713894486427307, 0.8947133421897888]]","[[[0.8713894486427307, 0.23449911177158356], [0.22779150307178497, 0.8947133421897888]]]",0.23449911177158356,0.5560569167137146,0.5333558917045593,0.18946075439453125,0.6477059721946716,0.5543137788772583,1.1141258478164673,8.068086624145508,0.12943466007709503,/scicore/home/schwede/barta0000/germinal_ds/templates_target_shuffle/nb_s558025_mpnn_1_IL20/boltz_free/output/boltz_results_nb_s558025_mpnn_1_IL20/predictions/nb_s558025_mpnn_1_IL20/nb_s558025_mpnn_1_IL20_model_0.cif,0.7519347667694092,0.6763532161712646,0.46328574419021606,0.8240970373153687,0.7650406956672668,0.9162387251853943,6.16016149520874,0.46328574419021606,/scicore/home/schwede/barta0000/germinal_ds/templates_target_shuffle/nb_s558025_mpnn_1_IL20/boltz_with_template/output/boltz_results_nb_s558025_mpnn_1_IL20/predictions/nb_s558025_mpnn_1_IL20/nb_s558025_mpnn_1_IL20_model_0.cif
nb_s465730_mpnn_3_BHRF,False,"A,B",13.627548092252098,79.34785993910397,398.13,21.45,5.319696969696969,63.56167313587365,0.007819,0.21,0.84,12.18,0.0,0.28,0.0181,0.335,5.3880976842503046,90.98079037800689,,,2.58234375,83.81750064425998,0.467489,0.7,0.83,,1.0,0.0443,0.06819643564840056,0.8463203379710735,17.376742521921795,52.02412414550781,74.06787,15.446889,0.5233303,0.3616410791873932,/scicore/home/schwede/barta0000/germinal_ds/templates_target_shuffle/nb_s465730_mpnn_3_BHRF/chai_no_constraints/seed_2414/pred.model_idx_0.cif,0.2879396080970764,/scicore/home/schwede/barta0000/germinal_ds/templates_target_shuffle/nb_s465730_mpnn_3_BHRF/chai_with_constraints/seed_5151/pred.model_idx_0.cif,0.3616410791873932,0.6688563823699951,0.2848372459411621,"[[0.8878574967384338, 0.9066202044487]]","[[[0.8878574967384338, 0.2848372459411621], [0.24688291549682617, 0.9066202044487]]]",0.2848372459411621,0.2879396080970764,0.6180481910705566,0.20541244745254517,"[[0.8955960273742676, 0.9081302881240845]]","[[[0.8955960273742676, 0.20541244745254517], [0.15681517124176025, 0.9081302881240845]]]",0.20541244745254517,0.8330497741699219,0.8674617409706116,0.7875781059265137,0.8444176316261292,0.7668055295944214,0.45688897371292114,2.2886247634887695,0.7875781059265137,/scicore/home/schwede/barta0000/germinal_ds/templates_target_shuffle/nb_s465730_mpnn_3_BHRF/boltz_free/output/boltz_results_nb_s465730_mpnn_3_BHRF/predictions/nb_s465730_mpnn_3_BHRF/nb_s465730_mpnn_3_BHRF_model_0.cif,0.7463504076004028,0.6669710874557495,0.3735252618789673,0.8395566344261169,0.7428344488143921,0.8898797035217285,8.197442054748535,0.37083590030670166,/scicore/home/schwede/barta0000/germinal_ds/templates_target_shuffle/nb_s465730_mpnn_3_BHRF/boltz_with_template/output/boltz_results_nb_s465730_mpnn_3_BHRF/predictions/nb_s465730_mpnn_3_BHRF/nb_s465730_mpnn_3_BHRF_model_0.cif
nb_s390940_mpnn_4_PDL1,False,"A,B",14.583035126137194,76.25873397435898,210.17,17.72,12.288095238095242,60.10690417364524,0.005324,0.14,0.8049999999999999,3.27,0.0,0.22,0.2789,0.283,8.395795723619791,86.8283122362869,,,8.965,71.71652304607889,0.150625,0.42,0.67,,1.0,0.0401,0.09469022088346199,0.8330747934631669,23.855806986490887,44.66913604736328,64.42243,18.039448,0.4676063,0.276479572057724,/scicore/home/schwede/barta0000/germinal_ds/templates_target_shuffle/nb_s390940_mpnn_4_PDL1/chai_no_constraints/seed_1006/pred.model_idx_2.cif,0.4559003710746765,/scicore/home/schwede/barta0000/germinal_ds/templates_target_shuffle/nb_s390940_mpnn_4_PDL1/chai_with_constraints/seed_1261/pred.model_idx_4.cif,0.276479572057724,0.6069350242614746,0.19386570155620575,"[[0.8568333387374878, 0.877371609210968]]","[[[0.8568333387374878, 0.19386570155620575], [0.15997308492660522, 0.877371609210968]]]",0.19386570155620575,0.4559003710746765,0.7245888710021973,0.38872823119163513,"[[0.8644354939460754, 0.8882511854171753]]","[[[0.8644354939460754, 0.38200312852859497], [0.38872823119163513, 0.8882511854171753]]]",0.38200312852859497,0.7889606356620789,0.8242349624633789,0.6928614974021912,0.812985360622406,0.8012762069702148,0.6007300615310669,3.9958791732788086,0.6195749044418335,/scicore/home/schwede/barta0000/germinal_ds/templates_target_shuffle/nb_s390940_mpnn_4_PDL1/boltz_free/output/boltz_results_nb_s390940_mpnn_4_PDL1/predictions/nb_s390940_mpnn_4_PDL1/nb_s390940_mpnn_4_PDL1_model_0.cif,0.7962217926979065,0.7427060008049011,0.5176940560340881,0.8658537268638611,0.8368077874183655,0.6916344165802002,7.618342876434326,0.5176940560340881,/scicore/home/schwede/barta0000/germinal_ds/templates_target_shuffle/nb_s390940_mpnn_4_PDL1/boltz_with_template/output/boltz_results_nb_s390940_mpnn_4_PDL1/predictions/nb_s390940_mpnn_4_PDL1/nb_s390940_mpnn_4_PDL1_model_0.cif
nb_s2898_mpnn_1_IL20,False,"A,B",9.682968112244897,84.48951363636364,51.3,4.59,4.5,75.76658118264918,0.138446,0.45,0.865,-99.99,0.0,0.5,0.9565,0.383,4.595226275510204,94.45774999999999,,,2.167857142857143,93.15523819696335,0.576826,0.77,0.86,,1.0,0.5722,0.23115825326077333,0.8665205085138301,11.716114521026611,70.02517700195312,76.21929,14.069535,0.5669791,0.33991414308547974,/scicore/home/schwede/barta0000/germinal_ds/templates_target_shuffle/nb_s2898_mpnn_1_IL20/chai_no_constraints/seed_1722/pred.model_idx_1.cif,0.42738017439842224,/scicore/home/schwede/barta0000/germinal_ds/templates_target_shuffle/nb_s2898_mpnn_1_IL20/chai_with_constraints/seed_3100/pred.model_idx_3.cif,0.33991414308547974,0.6414097547531128,0.26454025506973267,"[[0.8927441835403442, 0.8875618577003479]]","[[[0.8927441835403442, 0.26454025506973267], [0.22673262655735016, 0.8875618577003479]]]",0.26454025506973267,0.42738017439842224,0.6930376291275024,0.3609657883644104,"[[0.9013314247131348, 0.8894490599632263]]","[[[0.9013314247131348, 0.3609657883644104], [0.30475914478302, 0.8894490599632263]]]",0.3609657883644104,0.6253880262374878,0.7219551801681519,0.5136305689811707,0.6533273458480835,0.5864943265914917,1.0073233842849731,5.500335216522217,0.5097351670265198,/scicore/home/schwede/barta0000/germinal_ds/templates_target_shuffle/nb_s2898_mpnn_1_IL20/boltz_free/output/boltz_results_nb_s2898_mpnn_1_IL20/predictions/nb_s2898_mpnn_1_IL20/nb_s2898_mpnn_1_IL20_model_0.cif,0.7604897022247314,0.8074589371681213,0.6766363978385925,0.781453013420105,0.7383483052253723,0.7592386603355408,3.718393087387085,0.6620662808418274,/scicore/home/schwede/barta0000/germinal_ds/templates_target_shuffle/nb_s2898_mpnn_1_IL20/boltz_with_template/output/boltz_results_nb_s2898_mpnn_1_IL20/predictions/nb_s2898_mpnn_1_IL20/nb_s2898_mpnn_1_IL20_model_0.cif
nb_s358395_mpnn_2_PDL1,False,"A,B",11.949954601292529,80.61934724451578,169.25,11.61,9.053846153846154,62.307534448852664,0.01316,0.2,0.83,-69.49,0.0,0.27,0.9888,0.453,5.5530630774982646,91.77493670886075,,,4.008181818181818,79.59919982910156,0.302684,0.56,0.76,,1.0,0.9804,0.13842005495213994,0.8922715896810823,,,67.770256,17.220255,0.49242994,0.34378063678741455,/scicore/home/schwede/barta0000/germinal_ds/templates_target_shuffle/nb_s358395_mpnn_2_PDL1/chai_no_constraints/seed_409/pred.model_idx_0.cif,0.4786982536315918,/scicore/home/schwede/barta0000/germinal_ds/templates_target_shuffle/nb_s358395_mpnn_2_PDL1/chai_with_constraints/seed_28/pred.model_idx_4.cif,0.34378063678741455,0.6793814301490784,0.2598804235458374,"[[0.9060090184211731, 0.8843039274215698]]","[[[0.9060090184211731, 0.2598804235458374], [0.24634738266468048, 0.8843039274215698]]]",0.2598804235458374,0.4786982536315918,0.7545348405838013,0.40973907709121704,"[[0.9025282263755798, 0.8814187049865723]]","[[[0.9025282263755798, 0.3977595865726471], [0.40973907709121704, 0.8814187049865723]]]",0.3977595865726471,0.8296071887016296,0.8728740215301514,0.7508438229560852,0.8492980599403381,0.7387731671333313,0.3927757143974304,1.8025946617126465,0.7440017461776733,/scicore/home/schwede/barta0000/germinal_ds/templates_target_shuffle/nb_s358395_mpnn_2_PDL1/boltz_free/output/boltz_results_nb_s358395_mpnn_2_PDL1/predictions/nb_s358395_mpnn_2_PDL1/nb_s358395_mpnn_2_PDL1_model_0.cif,0.8483763933181763,0.8216613531112671,0.6532322764396667,0.8971623778343201,0.8176709413528442,0.49642518162727356,3.0741701126098633,0.6331108212471008,/scicore/home/schwede/barta0000/germinal_ds/templates_target_shuffle/nb_s358395_mpnn_2_PDL1/boltz_with_template/output/boltz_results_nb_s358395_mpnn_2_PDL1/predictions/nb_s358395_mpnn_2_PDL1/nb_s358395_mpnn_2_PDL1_model_0.cif
nb_s817878_mpnn_2_IL3,False,"A,B",12.197000421815684,81.47255511022043,202.2,15.78,6.404545454545454,73.56959023768972,0.050401,0.36,0.83,-2.3,0.0,0.42,0.2804,0.473,6.269935009139339,91.94999999999999,,,3.4078846153846154,87.64043459684953,0.335914,0.64,0.77,,1.0,0.0429,0.15627615919429125,0.8684225858238395,27.808216094970703,51.21308517456055,52.646317,21.655968,0.45474356,0.26697206497192383,/scicore/home/schwede/barta0000/germinal_ds/templates_target_shuffle/nb_s817878_mpnn_2_IL3/chai_no_constraints/seed_2483/pred.model_idx_1.cif,0.34739166498184204,/scicore/home/schwede/barta0000/germinal_ds/templates_target_shuffle/nb_s817878_mpnn_2_IL3/chai_with_constraints/seed_1333/pred.model_idx_4.cif,0.26697206497192383,0.6161125302314758,0.17968693375587463,"[[0.9166056513786316, 0.3092881143093109]]","[[[0.9166056513786316, 0.17968693375587463], [0.15171325206756592, 0.3092881143093109]]]",0.17968693375587463,0.34739166498184204,0.6683766841888428,0.26714539527893066,"[[0.9153071641921997, 0.30940163135528564]]","[[[0.9153071641921997, 0.26431727409362793], [0.26714539527893066, 0.30940163135528564]]]",0.26431727409362793,0.8032481074333191,0.7268199324607849,0.549194872379303,0.8667613863945007,0.8139054179191589,0.5484110116958618,4.837119102478027,0.46391984820365906,/scicore/home/schwede/barta0000/germinal_ds/templates_target_shuffle/nb_s817878_mpnn_2_IL3/boltz_free/output/boltz_results_nb_s817878_mpnn_2_IL3/predictions/nb_s817878_mpnn_2_IL3/nb_s817878_mpnn_2_IL3_model_0.cif,0.8211098909378052,0.7160102128982544,0.5188902616500854,0.8966647982597351,0.8445987105369568,0.6455535888671875,5.936013221740723,0.4808353781700134,/scicore/home/schwede/barta0000/germinal_ds/templates_target_shuffle/nb_s817878_mpnn_2_IL3/boltz_with_template/output/boltz_results_nb_s817878_mpnn_2_IL3/predictions/nb_s817878_mpnn_2_IL3/nb_s817878_mpnn_2_IL3_model_0.cif
nb_s81839_mpnn_3_IL20,False,"A,B",13.527184948979592,83.01491891891892,193.99,13.22,4.513461538461538,67.77963485713697,0.006207,0.2,0.875,95.4,0.0,0.27,0.0188,0.523,6.414386096938776,92.19667857142856,,,2.9589130434782605,79.35039962768555,0.269191,0.51,0.73,,1.0,0.029,0.09511257669956336,0.8936820281756066,15.506067037582397,58.20829391479492,73.32215,14.569136,0.5577811,0.2952757477760315,/scicore/home/schwede/barta0000/germinal_ds/templates_target_shuffle/nb_s81839_mpnn_3_IL20/chai_no_constraints/seed_1121/pred.model_idx_3.cif,0.4491417407989502,/scicore/home/schwede/barta0000/germinal_ds/templates_target_shuffle/nb_s81839_mpnn_3_IL20/chai_with_constraints/seed_142/pred.model_idx_2.cif,0.2952757477760315,0.6076005697250366,0.2171945422887802,"[[0.9299207925796509, 0.8888375759124756]]","[[[0.9299207925796509, 0.2171945422887802], [0.16372288763523102, 0.8888375759124756]]]",0.2171945422887802,0.4491417407989502,0.7148091793060303,0.3827248811721802,"[[0.8984809517860413, 0.890215277671814]]","[[[0.8984809517860413, 0.3827248811721802], [0.3463423252105713, 0.890215277671814]]]",0.3827248811721802,0.7071756720542908,0.8528132438659668,0.7589008808135986,0.6942443251609802,0.6225990056991577,0.57120281457901,2.051596164703369,0.7589008808135986,/scicore/home/schwede/barta0000/germinal_ds/templates_target_shuffle/nb_s81839_mpnn_3_IL20/boltz_free/output/boltz_results_nb_s81839_mpnn_3_IL20/predictions/nb_s81839_mpnn_3_IL20/nb_s81839_mpnn_3_IL20_model_0.cif,0.8441565632820129,0.8365902900695801,0.7587448358535767,0.8655095100402832,0.8274516463279724,0.601058304309845,2.1642701625823975,0.7587448358535767,/scicore/home/schwede/barta0000/germinal_ds/templates_target_shuffle/nb_s81839_mpnn_3_IL20/boltz_with_template/output/boltz_results_nb_s81839_mpnn_3_IL20/predictions/nb_s81839_mpnn_3_IL20/nb_s81839_mpnn_3_IL20_model_0.cif
nb_s830050_mpnn_4_PDL1,False,"A,B",7.81143335291709,85.84774959525095,43.15,3.78,6.2318181818181815,76.31310187245906,0.19997,0.57,0.845,-133.12,0.0,0.59,0.0003,0.271,4.6451556908615075,93.21362869198312,,,5.1234090909090915,84.90956513778023,0.508122,0.72,0.83,,1.0,0.0097,0.1478013856359908,0.8784014093047822,20.56377379099528,50.5864143371582,67.3073,16.86473,0.5001568,0.572044849395752,/scicore/home/schwede/barta0000/germinal_ds/templates_target_shuffle/nb_s830050_mpnn_4_PDL1/chai_no_constraints/seed_1132/pred.model_idx_4.cif,0.7516629695892334,/scicore/home/schwede/barta0000/germinal_ds/templates_target_shuffle/nb_s830050_mpnn_4_PDL1/chai_with_constraints/seed_1493/pred.model_idx_0.cif,0.572044849395752,0.7898407578468323,0.5175958871841431,"[[0.9203143119812012, 0.9235373139381409]]","[[[0.9203143119812012, 0.48738110065460205], [0.5175958871841431, 0.9235373139381409]]]",0.48738110065460205,0.7516629695892334,0.8452692627906799,0.728261411190033,"[[0.9131640791893005, 0.885397732257843]]","[[[0.9131640791893005, 0.728261411190033], [0.7244744896888733, 0.885397732257843]]]",0.728261411190033,0.766360878944397,0.7160645127296448,0.5606644153594971,0.8177849650382996,0.7467201352119446,0.7624928951263428,5.775152206420898,0.5210548043251038,/scicore/home/schwede/barta0000/germinal_ds/templates_target_shuffle/nb_s830050_mpnn_4_PDL1/boltz_free/output/boltz_results_nb_s830050_mpnn_4_PDL1/predictions/nb_s830050_mpnn_4_PDL1/nb_s830050_mpnn_4_PDL1_model_0.cif,0.9067836999893188,0.8689741492271423,0.8466984033584595,0.9218049645423889,0.890923023223877,0.4325975775718689,1.7324672937393188,0.8129404783248901,/scicore/home/schwede/barta0000/germinal_ds/templates_target_shuffle/nb_s830050_mpnn_4_PDL1/boltz_with_template/output/boltz_results_nb_s830050_mpnn_4_PDL1/predictions/nb_s830050_mpnn_4_PDL1/nb_s830050_mpnn_4_PDL1_model_0.cif
nb_s837885_mpnn_1_BHRF,False,"A,B",10.83273654513889,82.75109258446686,359.41,16.51,9.575000000000001,67.39508468818889,0.060573,0.37,0.855,11.95,0.0,0.42,0.9678,0.255,4.161344280478394,93.73288194444444,,,4.06093023255814,88.15450038909913,0.664323,0.83,0.89,,1.0,0.9779,0.3013722813990091,0.8661437037323078,17.236359323774064,51.999237060546875,75.56506,15.031635,0.53445065,0.3522496819496155,/scicore/home/schwede/barta0000/germinal_ds/templates_target_shuffle/nb_s837885_mpnn_1_BHRF/chai_no_constraints/seed_3388/pred.model_idx_0.cif,0.6085505485534668,/scicore/home/schwede/barta0000/germinal_ds/templates_target_shuffle/nb_s837885_mpnn_1_BHRF/chai_with_constraints/seed_1319/pred.model_idx_3.cif,0.3522496819496155,0.6572063565254211,0.27601051330566406,"[[0.9216437935829163, 0.9079442024230957]]","[[[0.9216437935829163, 0.27601051330566406], [0.2393648624420166, 0.9079442024230957]]]",0.27601051330566406,0.6085505485534668,0.8244560956954956,0.5545741319656372,"[[0.901344895362854, 0.9087697267532349]]","[[[0.901344895362854, 0.5350329875946045], [0.5545741319656372, 0.9087697267532349]]]",0.5350329875946045,0.8828116655349731,0.8703052401542664,0.7599176168441772,0.9135351181030273,0.8580463528633118,0.470681756734848,3.370059013366699,0.7599176168441772,/scicore/home/schwede/barta0000/germinal_ds/templates_target_shuffle/nb_s837885_mpnn_1_BHRF/boltz_free/output/boltz_results_nb_s837885_mpnn_1_BHRF/predictions/nb_s837885_mpnn_1_BHRF/nb_s837885_mpnn_1_BHRF_model_0.cif,0.8736292123794556,0.8672634363174438,0.7702223062515259,0.899480938911438,0.8576704859733582,0.5521855354309082,3.586826801300049,0.7702223062515259,/scicore/home/schwede/barta0000/germinal_ds/templates_target_shuffle/nb_s837885_mpnn_1_BHRF/boltz_with_template/output/boltz_results_nb_s837885_mpnn_1_BHRF/predictions/nb_s837885_mpnn_1_BHRF/nb_s837885_mpnn_1_BHRF_model_0.cif
nb_s80385_mpnn_2_PDL1,False,"A,B",10.329918638394844,80.0406780565937,88.0,4.44,8.175675675675675,64.0598492678901,0.082386,0.3,0.8300000000000001,-108.95,0.0,0.36,0.9773,0.238,3.765970909220388,94.50367088607595,,,3.3142682926829266,91.290975989365,0.630973,0.79,0.87,,1.0,0.9179,0.2880239545141874,0.8508913987659289,,,68.00096,17.749008,0.4855569,0.347866952419281,/scicore/home/schwede/barta0000/germinal_ds/templates_target_shuffle/nb_s80385_mpnn_2_PDL1/chai_no_constraints/seed_1848/pred.model_idx_4.cif,0.46944892406463623,/scicore/home/schwede/barta0000/germinal_ds/templates_target_shuffle/nb_s80385_mpnn_2_PDL1/chai_with_constraints/seed_1115/pred.model_idx_0.cif,0.347866952419281,0.6535142660140991,0.2714551091194153,"[[0.8666792511940002, 0.8737021684646606]]","[[[0.8666792511940002, 0.2714551091194153], [0.24651196599006653, 0.8737021684646606]]]",0.2714551091194153,0.46944892406463623,0.7267648577690125,0.405119925737381,"[[0.8726030588150024, 0.8665340542793274]]","[[[0.8726030588150024, 0.3875606656074524], [0.405119925737381, 0.8665340542793274]]]",0.3875606656074524,0.8241444826126099,0.8359890580177307,0.7111087441444397,0.8524034023284912,0.7995992302894592,0.5525286793708801,3.2009775638580322,0.7036754488945007,/scicore/home/schwede/barta0000/germinal_ds/templates_target_shuffle/nb_s80385_mpnn_2_PDL1/boltz_free/output/boltz_results_nb_s80385_mpnn_2_PDL1/predictions/nb_s80385_mpnn_2_PDL1/nb_s80385_mpnn_2_PDL1_model_0.cif,0.7994157075881958,0.7624045014381409,0.5545371174812317,0.8606353402137756,0.8134692311286926,0.8107144236564636,7.056139945983887,0.5236336588859558,/scicore/home/schwede/barta0000/germinal_ds/templates_target_shuffle/nb_s80385_mpnn_2_PDL1/boltz_with_template/output/boltz_results_nb_s80385_mpnn_2_PDL1/predictions/nb_s80385_mpnn_2_PDL1/nb_s80385_mpnn_2_PDL1_model_0.cif
nb_s923023_mpnn_1_PDL1,False,"A,B",11.227600633801563,83.16199034334764,123.04,11.13,3.999999999999999,71.17643796343953,0.032261,0.24,0.845,-135.38,0.0,0.31,0.5593,0.433,4.664104755292065,94.77101265822786,,,1.7763333333333333,91.42470595415901,0.389968,0.64,0.81,,1.0,0.0543,0.0991411610914825,0.8614075199338057,21.764473915100098,52.56398391723633,66.95702,17.552366,0.48648703,0.3326665759086609,/scicore/home/schwede/barta0000/germinal_ds/templates_target_shuffle/nb_s923023_mpnn_1_PDL1/chai_no_constraints/seed_1794/pred.model_idx_4.cif,0.4376537799835205,/scicore/home/schwede/barta0000/germinal_ds/templates_target_shuffle/nb_s923023_mpnn_1_PDL1/chai_with_constraints/seed_1436/pred.model_idx_4.cif,0.3326665759086609,0.6804096102714539,0.24573080241680145,"[[0.9330185651779175, 0.8786030411720276]]","[[[0.9330185651779175, 0.24573080241680145], [0.22211045026779175, 0.8786030411720276]]]",0.24573080241680145,0.4376537799835205,0.7454183101654053,0.3607126474380493,"[[0.9333374500274658, 0.8870302438735962]]","[[[0.9333374500274658, 0.3607126474380493], [0.3549571633338928, 0.8870302438735962]]]",0.3607126474380493,0.8562410473823547,0.8478066325187683,0.734955906867981,0.8865622878074646,0.8370853662490845,0.4169136881828308,2.160158634185791,0.70319002866745,/scicore/home/schwede/barta0000/germinal_ds/templates_target_shuffle/nb_s923023_mpnn_1_PDL1/boltz_free/output/boltz_results_nb_s923023_mpnn_1_PDL1/predictions/nb_s923023_mpnn_1_PDL1/nb_s923023_mpnn_1_PDL1_model_0.cif,0.8730525970458984,0.8492997288703918,0.710679829120636,0.9136458039283752,0.8775482773780823,0.4375690221786499,2.8124918937683105,0.7051879167556763,/scicore/home/schwede/barta0000/germinal_ds/templates_target_shuffle/nb_s923023_mpnn_1_PDL1/boltz_with_template/output/boltz_results_nb_s923023_mpnn_1_PDL1/predictions/nb_s923023_mpnn_1_PDL1/nb_s923023_mpnn_1_PDL1_model_0.cif
nb_s103722_mpnn_4_PDL1,False,"A,B",14.360643771475367,77.28103410936654,65.46,4.31,8.481944444444444,67.10296330306704,0.00585,0.23,0.79,-117.81,0.0,0.29,0.463,0.325,4.01895654186473,94.63409282700421,,,2.662878787878788,91.53294148164638,0.589771,0.76,0.86,,1.0,0.764,0.053301898731018336,0.8159428264997776,,,68.45575,17.042429,0.50035286,0.4018315076828003,/scicore/home/schwede/barta0000/germinal_ds/templates_target_shuffle/nb_s103722_mpnn_4_PDL1/chai_no_constraints/seed_1558/pred.model_idx_4.cif,0.4982427954673767,/scicore/home/schwede/barta0000/germinal_ds/templates_target_shuffle/nb_s103722_mpnn_4_PDL1/chai_with_constraints/seed_1285/pred.model_idx_2.cif,0.4018315076828003,0.6954790353775024,0.32841962575912476,"[[0.8541395664215088, 0.8866255283355713]]","[[[0.8541395664215088, 0.32841962575912476], [0.3113448917865753, 0.8866255283355713]]]",0.32841962575912476,0.4982427954673767,0.7500966787338257,0.43527930974960327,"[[0.8595438003540039, 0.8906408548355103]]","[[[0.8595438003540039, 0.43527930974960327], [0.4242301285266876, 0.8906408548355103]]]",0.43527930974960327,0.7651827335357666,0.6743696928024292,0.41144585609436035,0.8536169528961182,0.7699162364006042,0.920997142791748,6.795753479003906,0.37139227986335754,/scicore/home/schwede/barta0000/germinal_ds/templates_target_shuffle/nb_s103722_mpnn_4_PDL1/boltz_free/output/boltz_results_nb_s103722_mpnn_4_PDL1/predictions/nb_s103722_mpnn_4_PDL1/nb_s103722_mpnn_4_PDL1_model_0.cif,0.8813150525093079,0.8544521927833557,0.7395796775817871,0.9167489409446716,0.8807588219642639,0.5599000453948975,3.937703847885132,0.7155353426933289,/scicore/home/schwede/barta0000/germinal_ds/templates_target_shuffle/nb_s103722_mpnn_4_PDL1/boltz_with_template/output/boltz_results_nb_s103722_mpnn_4_PDL1/predictions/nb_s103722_mpnn_4_PDL1/nb_s103722_mpnn_4_PDL1_model_0.cif
nb_s175477_mpnn_2_IL20,False,"A,B",12.422619897959182,79.66788974243109,107.06,5.93,11.1,60.369069955042995,0.008128,0.23,0.8400000000000001,3.03,0.0,0.3,0.9682,0.497,5.090005484693877,92.76042857142856,,,5.498382352941175,84.81548247798797,0.445597,0.68,0.82,,1.0,0.0797,0.057535102498863816,0.8443969958636227,11.303443431854248,64.85499572753906,74.32546,12.276857,0.64363396,0.36680740118026733,/scicore/home/schwede/barta0000/germinal_ds/templates_target_shuffle/nb_s175477_mpnn_2_IL20/chai_no_constraints/seed_1810/pred.model_idx_3.cif,0.34373652935028076,/scicore/home/schwede/barta0000/germinal_ds/templates_target_shuffle/nb_s175477_mpnn_2_IL20/chai_with_constraints/seed_3238/pred.model_idx_1.cif,0.36680740118026733,0.6645968556404114,0.2923600375652313,"[[0.8827996253967285, 0.8973776698112488]]","[[[0.8827996253967285, 0.2923600375652313], [0.2668519914150238, 0.8973776698112488]]]",0.2923600375652313,0.34373652935028076,0.6401175856590271,0.269641250371933,"[[0.8781729340553284, 0.8722115159034729]]","[[[0.8781729340553284, 0.269641250371933], [0.21377716958522797, 0.8722115159034729]]]",0.269641250371933,0.6415140628814697,0.710779070854187,0.5964774489402771,0.6527732014656067,0.567305326461792,1.1398109197616577,4.168334007263184,0.5964774489402771,/scicore/home/schwede/barta0000/germinal_ds/templates_target_shuffle/nb_s175477_mpnn_2_IL20/boltz_free/output/boltz_results_nb_s175477_mpnn_2_IL20/predictions/nb_s175477_mpnn_2_IL20/nb_s175477_mpnn_2_IL20_model_0.cif,0.8453702330589294,0.8218644261360168,0.7369045615196228,0.8724865913391113,0.8282073736190796,0.646916925907135,2.3920180797576904,0.7369045615196228,/scicore/home/schwede/barta0000/germinal_ds/templates_target_shuffle/nb_s175477_mpnn_2_IL20/boltz_with_template/output/boltz_results_nb_s175477_mpnn_2_IL20/predictions/nb_s175477_mpnn_2_IL20/nb_s175477_mpnn_2_IL20_model_0.cif
nb_s410453_mpnn_5_PDL1,False,"A,B",12.679259021880396,80.83481012658228,159.48,14.82,7.06,62.21226107535031,0.013614,0.21,0.835,-29.08,0.0,0.28,0.9037,0.707,6.116443055778097,92.00624472573838,,,3.444473684210526,81.41142817905971,0.25954,0.5,0.73,,1.0,0.0349,0.07687658847218505,0.8873990732955966,23.11036205291748,41.78194808959961,65.47802,17.591856,0.4836685,0.28593167662620544,/scicore/home/schwede/barta0000/germinal_ds/templates_target_shuffle/nb_s410453_mpnn_5_PDL1/chai_no_constraints/seed_3818/pred.model_idx_2.cif,0.5517698526382446,/scicore/home/schwede/barta0000/germinal_ds/templates_target_shuffle/nb_s410453_mpnn_5_PDL1/chai_with_constraints/seed_1486/pred.model_idx_4.cif,0.28593167662620544,0.6351782083511353,0.1986200362443924,"[[0.8900225162506104, 0.8723114132881165]]","[[[0.8900225162506104, 0.1986200362443924], [0.1573236733675003, 0.8723114132881165]]]",0.1986200362443924,0.5517698526382446,0.7756794691085815,0.4957924485206604,"[[0.8857682943344116, 0.9199385643005371]]","[[[0.8857682943344116, 0.4612317681312561], [0.4957924485206604, 0.9199385643005371]]]",0.4612317681312561,0.7398226857185364,0.6353472471237183,0.26006683707237244,0.859761655330658,0.7708499431610107,0.6623662710189819,7.6879754066467285,0.21172693371772766,/scicore/home/schwede/barta0000/germinal_ds/templates_target_shuffle/nb_s410453_mpnn_5_PDL1/boltz_free/output/boltz_results_nb_s410453_mpnn_5_PDL1/predictions/nb_s410453_mpnn_5_PDL1/nb_s410453_mpnn_5_PDL1_model_0.cif,0.8242479562759399,0.7231962084770203,0.48970526456832886,0.9078836441040039,0.8580924272537231,0.6452779769897461,6.598814487457275,0.44313710927963257,/scicore/home/schwede/barta0000/germinal_ds/templates_target_shuffle/nb_s410453_mpnn_5_PDL1/boltz_with_template/output/boltz_results_nb_s410453_mpnn_5_PDL1/predictions/nb_s410453_mpnn_5_PDL1/nb_s410453_mpnn_5_PDL1_model_0.cif
nb_s141576_mpnn_4_PDL1,False,"A,B",9.322532001637915,84.83043733333334,77.27,6.63,3.4875000000000003,74.06619220102856,0.102809,0.41,0.87,-136.08,0.0,0.46,0.0569,0.282,4.3838284462959995,94.1753164556962,,,2.3420454545454543,92.14913011633831,0.550359,0.77,0.84,,1.0,0.2056,0.22610575901532537,0.8684381889250709,20.155234336853027,43.46638107299805,65.91777,17.109287,0.4929032,0.4242236018180847,/scicore/home/schwede/barta0000/germinal_ds/templates_target_shuffle/nb_s141576_mpnn_4_PDL1/chai_no_constraints/seed_1019/pred.model_idx_2.cif,0.5105231404304504,/scicore/home/schwede/barta0000/germinal_ds/templates_target_shuffle/nb_s141576_mpnn_4_PDL1/chai_with_constraints/seed_1048/pred.model_idx_2.cif,0.4242236018180847,0.734157383441925,0.34674015641212463,"[[0.9225329160690308, 0.8840442895889282]]","[[[0.9225329160690308, 0.34674015641212463], [0.33077913522720337, 0.8840442895889282]]]",0.34674015641212463,0.5105231404304504,0.7870321273803711,0.4413958787918091,"[[0.932966411113739, 0.8863349556922913]]","[[[0.932966411113739, 0.4413958787918091], [0.4280722737312317, 0.8863349556922913]]]",0.4413958787918091,0.8010105490684509,0.7311528921127319,0.5998507142066956,0.8513004183769226,0.7494065761566162,0.593273401260376,4.00552225112915,0.47257429361343384,/scicore/home/schwede/barta0000/germinal_ds/templates_target_shuffle/nb_s141576_mpnn_4_PDL1/boltz_free/output/boltz_results_nb_s141576_mpnn_4_PDL1/predictions/nb_s141576_mpnn_4_PDL1/nb_s141576_mpnn_4_PDL1_model_0.cif,0.8323176503181458,0.7444140911102295,0.5400139093399048,0.9053936004638672,0.8409059643745422,0.5911350250244141,5.670670986175537,0.5185997486114502,/scicore/home/schwede/barta0000/germinal_ds/templates_target_shuffle/nb_s141576_mpnn_4_PDL1/boltz_with_template/output/boltz_results_nb_s141576_mpnn_4_PDL1/predictions/nb_s141576_mpnn_4_PDL1/nb_s141576_mpnn_4_PDL1_model_0.cif
nb_s499859_mpnn_4_IL3,False,"A,B",15.333310940648971,77.59153961136022,114.13,6.12,5.28625,62.00186417584468,0.005476,0.22,0.815,116.55,0.0,0.29,0.9572,0.526,7.182560264962739,88.38177865612647,,,2.714,79.38057087489537,0.290806,0.61,0.74,,1.0,0.9909,0.1740034251740296,0.8430658920204592,21.607616697038925,47.69197082519531,52.597664,19.890951,0.48942715,0.43065690994262695,/scicore/home/schwede/barta0000/germinal_ds/templates_target_shuffle/nb_s499859_mpnn_4_IL3/chai_no_constraints/seed_1716/pred.model_idx_0.cif,0.3915403485298157,/scicore/home/schwede/barta0000/germinal_ds/templates_target_shuffle/nb_s499859_mpnn_4_IL3/chai_with_constraints/seed_1753/pred.model_idx_4.cif,0.43065690994262695,0.6236233115196228,0.3824153244495392,"[[0.8951644897460938, 0.3022969961166382]]","[[[0.8951644897460938, 0.2114759236574173], [0.3824153244495392, 0.3022969961166382]]]",0.2114759236574173,0.3915403485298157,0.6324524283409119,0.33131229877471924,"[[0.8911992907524109, 0.32717543840408325]]","[[[0.8911992907524109, 0.23143544793128967], [0.33131229877471924, 0.32717543840408325]]]",0.23143544793128967,0.869513988494873,0.9161016345024109,0.8839318156242371,0.8659095168113708,0.7970219254493713,0.3891182243824005,1.1045736074447632,0.867751955986023,/scicore/home/schwede/barta0000/germinal_ds/templates_target_shuffle/nb_s499859_mpnn_4_IL3/boltz_free/output/boltz_results_nb_s499859_mpnn_4_IL3/predictions/nb_s499859_mpnn_4_IL3/nb_s499859_mpnn_4_IL3_model_0.cif,0.8518385887145996,0.8347282409667969,0.7084749937057495,0.8876795172691345,0.836877167224884,0.6200422644615173,3.7389793395996094,0.7025080323219299,/scicore/home/schwede/barta0000/germinal_ds/templates_target_shuffle/nb_s499859_mpnn_4_IL3/boltz_with_template/output/boltz_results_nb_s499859_mpnn_4_IL3/predictions/nb_s499859_mpnn_4_IL3/nb_s499859_mpnn_4_IL3_model_0.cif
nb_s752383_mpnn_5_PDL1,False,"A,B",14.443338852391888,81.02385964912281,14.51,1.54,5.4300000000000015,68.29432778600096,0.0,0.16,0.84,-135.79,0.0,0.24,0.0063,0.519,7.999525004895939,91.50405063291139,,,2.8453333333333335,82.88666585286458,0.135087,0.43,0.69,,1.0,0.7716,0.08076576519435474,0.8867384545482067,20.220752716064453,51.99320983886719,67.26646,17.382675,0.4881355,0.24699530005455017,/scicore/home/schwede/barta0000/germinal_ds/templates_target_shuffle/nb_s752383_mpnn_5_PDL1/chai_no_constraints/seed_1768/pred.model_idx_4.cif,0.5998703837394714,/scicore/home/schwede/barta0000/germinal_ds/templates_target_shuffle/nb_s752383_mpnn_5_PDL1/chai_with_constraints/seed_4748/pred.model_idx_2.cif,0.24699530005455017,0.603904128074646,0.15776808559894562,"[[0.9031116962432861, 0.8776677846908569]]","[[[0.9031116962432861, 0.14268767833709717], [0.15776808559894562, 0.8776677846908569]]]",0.14268767833709717,0.5998703837394714,0.8126403093338013,0.5466778874397278,"[[0.9100141525268555, 0.8803142309188843]]","[[[0.9100141525268555, 0.5466778874397278], [0.5309488773345947, 0.8803142309188843]]]",0.5466778874397278,0.806230366230011,0.8113538026809692,0.6354261040687561,0.8489313721656799,0.7903245687484741,0.5231996774673462,4.2643890380859375,0.6295470595359802,/scicore/home/schwede/barta0000/germinal_ds/templates_target_shuffle/nb_s752383_mpnn_5_PDL1/boltz_free/output/boltz_results_nb_s752383_mpnn_5_PDL1/predictions/nb_s752383_mpnn_5_PDL1/nb_s752383_mpnn_5_PDL1_model_0.cif,0.848903477191925,0.8014541268348694,0.6233993172645569,0.9052795171737671,0.8588716983795166,0.6669826507568359,6.90281867980957,0.592914342880249,/scicore/home/schwede/barta0000/germinal_ds/templates_target_shuffle/nb_s752383_mpnn_5_PDL1/boltz_with_template/output/boltz_results_nb_s752383_mpnn_5_PDL1/predictions/nb_s752383_mpnn_5_PDL1/nb_s752383_mpnn_5_PDL1_model_0.cif
nb_s251319_mpnn_2_IL20,False,"A,B",12.456945398244452,79.21234185733513,217.57,13.27,10.020000000000001,63.55575977045843,0.021221,0.24,0.8300000000000001,133.92,0.0,0.31,0.0781,0.42,6.362263232154228,89.41335689045937,,,6.437954545454544,78.60615436847394,0.334806,0.61,0.78,,1.0,,0.10473215438794682,0.8331290169150716,12.88473635561326,62.272789001464844,72.09809,14.177997,0.5806821,0.23658156394958496,/scicore/home/schwede/barta0000/germinal_ds/templates_target_shuffle/nb_s251319_mpnn_2_IL20/chai_no_constraints/seed_3012/pred.model_idx_3.cif,0.33882462978363037,/scicore/home/schwede/barta0000/germinal_ds/templates_target_shuffle/nb_s251319_mpnn_2_IL20/chai_with_constraints/seed_3235/pred.model_idx_1.cif,0.23658156394958496,0.5816909670829773,0.15030419826507568,"[[0.882672131061554, 0.889552891254425]]","[[[0.882672131061554, 0.15030419826507568], [0.12455858290195465, 0.889552891254425]]]",0.15030419826507568,0.33882462978363037,0.609494149684906,0.27115726470947266,"[[0.8632710576057434, 0.6912581920623779]]","[[[0.8632710576057434, 0.27115726470947266], [0.22828765213489532, 0.6912581920623779]]]",0.27115726470947266,0.6289255023002625,0.7671234011650085,0.7233098745346069,0.6053294539451599,0.5528565049171448,1.1226422786712646,5.194547176361084,0.7233098745346069,/scicore/home/schwede/barta0000/germinal_ds/templates_target_shuffle/nb_s251319_mpnn_2_IL20/boltz_free/output/boltz_results_nb_s251319_mpnn_2_IL20/predictions/nb_s251319_mpnn_2_IL20/nb_s251319_mpnn_2_IL20_model_0.cif,0.7743078470230103,0.7576432228088379,0.6153842210769653,0.8140386939048767,0.7490759491920471,0.8560009598731995,4.538393020629883,0.6153842210769653,/scicore/home/schwede/barta0000/germinal_ds/templates_target_shuffle/nb_s251319_mpnn_2_IL20/boltz_with_template/output/boltz_results_nb_s251319_mpnn_2_IL20/predictions/nb_s251319_mpnn_2_IL20/nb_s251319_mpnn_2_IL20_model_0.cif
nb_s327251_mpnn_3_PDL1,False,"A,B",6.2484858195801944,88.38354347826089,98.36,7.72,3.0152173913043483,81.85212808783253,0.331025,0.67,0.86,-118.91,0.0,0.69,0.9927,0.324,3.3291721412166857,96.64299578059071,,,1.7683333333333335,95.39291795094807,0.705113,0.85,0.89,,1.0,0.9052,0.7861737070395637,0.8990244167714889,,,69.47792,17.105448,0.49637145,0.3863975405693054,/scicore/home/schwede/barta0000/germinal_ds/templates_target_shuffle/nb_s327251_mpnn_3_PDL1/chai_no_constraints/seed_1497/pred.model_idx_1.cif,0.4421241879463196,/scicore/home/schwede/barta0000/germinal_ds/templates_target_shuffle/nb_s327251_mpnn_3_PDL1/chai_with_constraints/seed_2765/pred.model_idx_4.cif,0.3863975405693054,0.715401828289032,0.3041464388370514,"[[0.9440889954566956, 0.8832200169563293]]","[[[0.9440889954566956, 0.3041464388370514], [0.2928885817527771, 0.8832200169563293]]]",0.3041464388370514,0.4421241879463196,0.7503414154052734,0.3650698661804199,"[[0.9436497092247009, 0.8782756328582764]]","[[[0.9436497092247009, 0.3650698661804199], [0.35532039403915405, 0.8782756328582764]]]",0.3650698661804199,0.8967637419700623,0.8855972290039062,0.8087698221206665,0.91876220703125,0.8769067525863647,0.4249870479106903,1.8093159198760986,0.7779285907745361,/scicore/home/schwede/barta0000/germinal_ds/templates_target_shuffle/nb_s327251_mpnn_3_PDL1/boltz_free/output/boltz_results_nb_s327251_mpnn_3_PDL1/predictions/nb_s327251_mpnn_3_PDL1/nb_s327251_mpnn_3_PDL1_model_0.cif,0.9018661379814148,0.8538416624069214,0.7191738486289978,0.9475392699241638,0.913597047328949,0.41952207684516907,2.965521812438965,0.7020882964134216,/scicore/home/schwede/barta0000/germinal_ds/templates_target_shuffle/nb_s327251_mpnn_3_PDL1/boltz_with_template/output/boltz_results_nb_s327251_mpnn_3_PDL1/predictions/nb_s327251_mpnn_3_PDL1/nb_s327251_mpnn_3_PDL1_model_0.cif
nb_s416874_mpnn_3_IL20,False,"A,B",12.705321579742536,80.88686379928315,123.71,7.64,10.273214285714285,71.80263408547061,0.01728,0.24,0.835,62.34,0.0,0.31,0.8035,0.609,6.0371205783565784,90.54462897526503,,,5.349318181818182,82.62041632334392,0.371898,0.63,0.8,,1.0,0.0351,0.07695222288128208,0.8664897813108549,13.093811443873815,65.22034454345703,72.908844,14.625715,0.54803944,0.3002864122390747,/scicore/home/schwede/barta0000/germinal_ds/templates_target_shuffle/nb_s416874_mpnn_3_IL20/chai_no_constraints/seed_4870/pred.model_idx_4.cif,0.47222521901130676,/scicore/home/schwede/barta0000/germinal_ds/templates_target_shuffle/nb_s416874_mpnn_3_IL20/chai_with_constraints/seed_2074/pred.model_idx_4.cif,0.3002864122390747,0.6251248121261597,0.21907681226730347,"[[0.8977196216583252, 0.8903167843818665]]","[[[0.8977196216583252, 0.21907681226730347], [0.20470821857452393, 0.8903167843818665]]]",0.21907681226730347,0.47222521901130676,0.7244194746017456,0.40917664766311646,"[[0.890764594078064, 0.9026936292648315]]","[[[0.890764594078064, 0.40917664766311646], [0.3679371476173401, 0.9026936292648315]]]",0.40917664766311646,0.6234047412872314,0.6521663665771484,0.4115379750728607,0.6763714551925659,0.6518771052360535,1.187794804573059,7.561530590057373,0.4115379750728607,/scicore/home/schwede/barta0000/germinal_ds/templates_target_shuffle/nb_s416874_mpnn_3_IL20/boltz_free/output/boltz_results_nb_s416874_mpnn_3_IL20/predictions/nb_s416874_mpnn_3_IL20/nb_s416874_mpnn_3_IL20_model_0.cif,0.9023875594139099,0.8291628956794739,0.7752359509468079,0.934175431728363,0.9323843121528625,0.7031213641166687,2.9178626537323,0.7752359509468079,/scicore/home/schwede/barta0000/germinal_ds/templates_target_shuffle/nb_s416874_mpnn_3_IL20/boltz_with_template/output/boltz_results_nb_s416874_mpnn_3_IL20/predictions/nb_s416874_mpnn_3_IL20/nb_s416874_mpnn_3_IL20_model_0.cif
nb_s921313_mpnn_2_PDL1,False,"A,B",12.64333173102601,80.8981945945946,60.18,4.73,6.459615384615384,70.1394965079942,0.005576,0.24,0.83,-62.11,0.0,0.31,0.6729,0.293,4.213383360928626,94.39122362869199,,,3.2411111111111115,90.79370343243635,0.548898,0.73,0.84,,1.0,0.0754,0.03319920857345728,0.8541692548819916,,,67.0597,17.845556,0.47596943,0.24224302172660828,/scicore/home/schwede/barta0000/germinal_ds/templates_target_shuffle/nb_s921313_mpnn_2_PDL1/chai_no_constraints/seed_4503/pred.model_idx_1.cif,0.4743198752403259,/scicore/home/schwede/barta0000/germinal_ds/templates_target_shuffle/nb_s921313_mpnn_2_PDL1/chai_with_constraints/seed_1190/pred.model_idx_4.cif,0.24224302172660828,0.607030987739563,0.151046022772789,"[[0.8898431658744812, 0.8788595199584961]]","[[[0.8898431658744812, 0.151046022772789], [0.13201361894607544, 0.8788595199584961]]]",0.151046022772789,0.4743198752403259,0.7532448768615723,0.40458860993385315,"[[0.905130922794342, 0.8783754110336304]]","[[[0.905130922794342, 0.39103782176971436], [0.40458860993385315, 0.8783754110336304]]]",0.39103782176971436,0.7545596957206726,0.6684891581535339,0.3579561114311218,0.8537105917930603,0.7844392657279968,0.6924739480018616,6.575190544128418,0.3439531624317169,/scicore/home/schwede/barta0000/germinal_ds/templates_target_shuffle/nb_s921313_mpnn_2_PDL1/boltz_free/output/boltz_results_nb_s921313_mpnn_2_PDL1/predictions/nb_s921313_mpnn_2_PDL1/nb_s921313_mpnn_2_PDL1_model_0.cif,0.7926457524299622,0.642352819442749,0.32351893186569214,0.9099274277687073,0.8764905333518982,0.8857435584068298,8.595192909240723,0.3205885887145996,/scicore/home/schwede/barta0000/germinal_ds/templates_target_shuffle/nb_s921313_mpnn_2_PDL1/boltz_with_template/output/boltz_results_nb_s921313_mpnn_2_PDL1/predictions/nb_s921313_mpnn_2_PDL1/nb_s921313_mpnn_2_PDL1_model_0.cif
nb_s664067_mpnn_3_IL3,False,"A,B",10.251527999999999,80.8072193877551,341.08,19.54,6.758064516129032,67.41175461995051,0.125633,0.4,0.815,92.39,0.0,0.46,0.0727,0.294,5.09347008,90.95844,,,3.9609677419354834,83.32551811481345,0.466517,0.68,0.8,,1.0,0.0289,0.218113310771557,0.8584041029465668,26.812029361724854,44.6463623046875,53.990948,21.36593,0.45732033,0.265697717666626,/scicore/home/schwede/barta0000/germinal_ds/templates_target_shuffle/nb_s664067_mpnn_3_IL3/chai_no_constraints/seed_1880/pred.model_idx_3.cif,0.6888120174407959,/scicore/home/schwede/barta0000/germinal_ds/templates_target_shuffle/nb_s664067_mpnn_3_IL3/chai_with_constraints/seed_1984/pred.model_idx_2.cif,0.265697717666626,0.6003263592720032,0.1820405274629593,"[[0.8941321969032288, 0.3112298846244812]]","[[[0.8941321969032288, 0.1820405274629593], [0.11963105201721191, 0.3112298846244812]]]",0.1820405274629593,0.6888120174407959,0.8175848126411438,0.6566188335418701,"[[0.9222757816314697, 0.618835985660553]]","[[[0.9222757816314697, 0.5675128698348999], [0.6566188335418701, 0.618835985660553]]]",0.5675128698348999,0.8819405436515808,0.8972066640853882,0.8213483691215515,0.8970885872840881,0.8634286522865295,0.4293754994869232,1.3536455631256104,0.8213483691215515,/scicore/home/schwede/barta0000/germinal_ds/templates_target_shuffle/nb_s664067_mpnn_3_IL3/boltz_free/output/boltz_results_nb_s664067_mpnn_3_IL3/predictions/nb_s664067_mpnn_3_IL3/nb_s664067_mpnn_3_IL3_model_0.cif,0.8903549313545227,0.8434376120567322,0.7737967371940613,0.9194944500923157,0.9013507962226868,0.7344887852668762,3.2617387771606445,0.7737967371940613,/scicore/home/schwede/barta0000/germinal_ds/templates_target_shuffle/nb_s664067_mpnn_3_IL3/boltz_with_template/output/boltz_results_nb_s664067_mpnn_3_IL3/predictions/nb_s664067_mpnn_3_IL3/nb_s664067_mpnn_3_IL3_model_0.cif
nb_s453654_mpnn_1_IL3,False,"A,B",8.387024000000002,81.90458480120785,506.33,27.36,7.546428571428571,73.5751057343376,0.385277,0.65,0.83,95.56,0.0,0.67,0.5718,0.7,5.34774288,90.53528,,,4.829393939393938,85.45000076293945,0.619598,0.79,0.82,,1.0,0.7056,0.4311458734259601,0.8592608998267762,23.88304546901158,45.818912506103516,51.778084,20.819632,0.46916816,0.35037875175476074,/scicore/home/schwede/barta0000/germinal_ds/templates_target_shuffle/nb_s453654_mpnn_1_IL3/chai_no_constraints/seed_1911/pred.model_idx_1.cif,0.3911982774734497,/scicore/home/schwede/barta0000/germinal_ds/templates_target_shuffle/nb_s453654_mpnn_1_IL3/chai_with_constraints/seed_1423/pred.model_idx_3.cif,0.35037875175476074,0.5841958522796631,0.29192447662353516,"[[0.89301598072052, 0.30973324179649353]]","[[[0.89301598072052, 0.16177429258823395], [0.29192447662353516, 0.30973324179649353]]]",0.16177429258823395,0.3911982774734497,0.671896755695343,0.3210236430168152,"[[0.897498607635498, 0.37202420830726624]]","[[[0.897498607635498, 0.300693541765213], [0.3210236430168152, 0.37202420830726624]]]",0.300693541765213,0.7809996008872986,0.8092343211174011,0.6548160314559937,0.8125454783439636,0.7092381119728088,0.6012127995491028,3.844477415084839,0.6427095532417297,/scicore/home/schwede/barta0000/germinal_ds/templates_target_shuffle/nb_s453654_mpnn_1_IL3/boltz_free/output/boltz_results_nb_s453654_mpnn_1_IL3/predictions/nb_s453654_mpnn_1_IL3/nb_s453654_mpnn_1_IL3_model_0.cif,0.8193928599357605,0.8381553292274475,0.7194693684577942,0.8443737030029297,0.7333276271820068,0.5876708626747131,3.338935613632202,0.7188721299171448,/scicore/home/schwede/barta0000/germinal_ds/templates_target_shuffle/nb_s453654_mpnn_1_IL3/boltz_with_template/output/boltz_results_nb_s453654_mpnn_1_IL3/predictions/nb_s453654_mpnn_1_IL3/nb_s453654_mpnn_1_IL3_model_0.cif
nb_s558025_mpnn_4_PDL1,False,"A,B",9.448916662215812,82.65431720430108,25.09,1.79,5.7578125,70.21855541010525,0.111057,0.42,0.825,-155.09,0.0,0.47,0.9919,0.804,4.103283661806334,94.5575105485232,,,3.305,91.68888982137044,0.638048,0.83,0.87,,1.0,0.1514,0.22108021856715163,0.8565985949867303,,,67.19273,17.686697,0.48283798,0.31064826250076294,/scicore/home/schwede/barta0000/germinal_ds/templates_target_shuffle/nb_s558025_mpnn_4_PDL1/chai_no_constraints/seed_1794/pred.model_idx_1.cif,0.43779313564300537,/scicore/home/schwede/barta0000/germinal_ds/templates_target_shuffle/nb_s558025_mpnn_4_PDL1/chai_with_constraints/seed_271/pred.model_idx_4.cif,0.31064826250076294,0.6437710523605347,0.22736753523349762,"[[0.8786278367042542, 0.8731329441070557]]","[[[0.8786278367042542, 0.227329820394516], [0.22736753523349762, 0.8731329441070557]]]",0.227329820394516,0.43779313564300537,0.7332637310028076,0.3639254570007324,"[[0.8944911956787109, 0.8806517720222473]]","[[[0.8944911956787109, 0.3639254570007324], [0.3578921854496002, 0.8806517720222473]]]",0.3639254570007324,0.8397957682609558,0.7373127341270447,0.5417693853378296,0.9143023490905762,0.8700332045555115,0.6062151789665222,3.992762327194214,0.45146507024765015,/scicore/home/schwede/barta0000/germinal_ds/templates_target_shuffle/nb_s558025_mpnn_4_PDL1/boltz_free/output/boltz_results_nb_s558025_mpnn_4_PDL1/predictions/nb_s558025_mpnn_4_PDL1/nb_s558025_mpnn_4_PDL1_model_0.cif,0.8780598044395447,0.8192541003227234,0.6560766696929932,0.933555543422699,0.8888225555419922,0.45727860927581787,2.9175832271575928,0.648959755897522,/scicore/home/schwede/barta0000/germinal_ds/templates_target_shuffle/nb_s558025_mpnn_4_PDL1/boltz_with_template/output/boltz_results_nb_s558025_mpnn_4_PDL1/predictions/nb_s558025_mpnn_4_PDL1/nb_s558025_mpnn_4_PDL1_model_0.cif
nb_s814263_mpnn_3_PDL1,False,"A,B",8.338170521105948,84.94978121664889,46.71,4.13,5.004761904761905,72.22307915921208,0.141756,0.48,0.85,-87.16,0.0,0.52,0.0494,0.806,4.456578717798075,93.67232067510547,,,3.6768,89.45000060399373,0.5876,0.77,0.84,,1.0,0.002,0.22773875322251708,0.8656106157637721,,,66.682846,17.716393,0.47916555,0.32358673214912415,/scicore/home/schwede/barta0000/germinal_ds/templates_target_shuffle/nb_s814263_mpnn_3_PDL1/chai_no_constraints/seed_1015/pred.model_idx_1.cif,0.5072380304336548,/scicore/home/schwede/barta0000/germinal_ds/templates_target_shuffle/nb_s814263_mpnn_3_PDL1/chai_with_constraints/seed_1160/pred.model_idx_2.cif,0.32358673214912415,0.6561983823776245,0.24043381214141846,"[[0.8754222989082336, 0.8809908628463745]]","[[[0.8754222989082336, 0.24043381214141846], [0.22271955013275146, 0.8809908628463745]]]",0.24043381214141846,0.5072380304336548,0.764733612537384,0.44286414980888367,"[[0.909910261631012, 0.8829303979873657]]","[[[0.909910261631012, 0.41199201345443726], [0.44286414980888367, 0.8829303979873657]]]",0.41199201345443726,0.7986608743667603,0.7554271817207336,0.5351660251617432,0.8645345568656921,0.7738721966743469,0.5656558871269226,3.773226499557495,0.5237745046615601,/scicore/home/schwede/barta0000/germinal_ds/templates_target_shuffle/nb_s814263_mpnn_3_PDL1/boltz_free/output/boltz_results_nb_s814263_mpnn_3_PDL1/predictions/nb_s814263_mpnn_3_PDL1/nb_s814263_mpnn_3_PDL1_model_0.cif,0.8187133073806763,0.7676926851272583,0.5719572901725769,0.8804022669792175,0.8142148852348328,0.6295347809791565,5.06019926071167,0.5719572901725769,/scicore/home/schwede/barta0000/germinal_ds/templates_target_shuffle/nb_s814263_mpnn_3_PDL1/boltz_with_template/output/boltz_results_nb_s814263_mpnn_3_PDL1/predictions/nb_s814263_mpnn_3_PDL1/nb_s814263_mpnn_3_PDL1_model_0.cif
nb_s310510_mpnn_2_BHRF,False,"A,B",11.631868489583333,82.31922569291686,247.13,14.88,5.435416666666666,72.5085900355555,0.04696,0.3,0.85,70.62,0.0,0.36,0.0396,1.111,6.635716989776234,90.3265625,,,4.405681818181819,77.2633337797942,0.251592,0.51,0.75,,1.0,,0.11943672612754506,0.8953833150253222,14.025735139846802,58.238529205322266,74.59913,14.58539,0.5566032,0.36441537737846375,/scicore/home/schwede/barta0000/germinal_ds/templates_target_shuffle/nb_s310510_mpnn_2_BHRF/chai_no_constraints/seed_1716/pred.model_idx_3.cif,0.7111167907714844,/scicore/home/schwede/barta0000/germinal_ds/templates_target_shuffle/nb_s310510_mpnn_2_BHRF/chai_with_constraints/seed_2244/pred.model_idx_0.cif,0.36441537737846375,0.6686013340950012,0.2883688807487488,"[[0.9054093360900879, 0.9096938371658325]]","[[[0.9054093360900879, 0.2883688807487488], [0.2587358057498932, 0.9096938371658325]]]",0.2883688807487488,0.7111167907714844,0.8666906356811523,0.6722233295440674,"[[0.9151861667633057, 0.9153876900672913]]","[[[0.9151861667633057, 0.6323151588439941], [0.6722233295440674, 0.9153876900672913]]]",0.6323151588439941,0.8285292983055115,0.844351053237915,0.7088116407394409,0.8584586381912231,0.7744796872138977,0.5097460150718689,3.0921146869659424,0.7088116407394409,/scicore/home/schwede/barta0000/germinal_ds/templates_target_shuffle/nb_s310510_mpnn_2_BHRF/boltz_free/output/boltz_results_nb_s310510_mpnn_2_BHRF/predictions/nb_s310510_mpnn_2_BHRF/nb_s310510_mpnn_2_BHRF_model_0.cif,0.833300769329071,0.8014891743659973,0.6361204981803894,0.8825958371162415,0.8175336122512817,0.6706100702285767,5.250258922576904,0.6361204981803894,/scicore/home/schwede/barta0000/germinal_ds/templates_target_shuffle/nb_s310510_mpnn_2_BHRF/boltz_with_template/output/boltz_results_nb_s310510_mpnn_2_BHRF/predictions/nb_s310510_mpnn_2_BHRF/nb_s310510_mpnn_2_BHRF_model_0.cif
nb_s829439_mpnn_5_BHRF,False,"A,B",13.655633495116968,78.4867695652174,196.99,9.5,12.123529411764707,64.44166317233449,0.006005,0.19,0.8300000000000001,-45.35,0.0,0.27,0.0989,0.239,5.129922178528831,91.68666666666667,,,4.4143103448275856,84.29999983938117,0.466944,0.69,0.83,,1.0,0.5532,0.06285950413608964,0.8282414864686715,16.569693565368652,64.18742370605469,73.37386,16.510405,0.5262321,0.29222989082336426,/scicore/home/schwede/barta0000/germinal_ds/templates_target_shuffle/nb_s829439_mpnn_5_BHRF/chai_no_constraints/seed_1933/pred.model_idx_1.cif,0.5577716827392578,/scicore/home/schwede/barta0000/germinal_ds/templates_target_shuffle/nb_s829439_mpnn_5_BHRF/chai_with_constraints/seed_2481/pred.model_idx_0.cif,0.29222989082336426,0.6285096406936646,0.2081599235534668,"[[0.885124921798706, 0.9083220958709717]]","[[[0.885124921798706, 0.2081599235534668], [0.18363429605960846, 0.9083220958709717]]]",0.2081599235534668,0.5577716827392578,0.7860085964202881,0.5007124543190002,"[[0.8968446254730225, 0.9077672362327576]]","[[[0.8968446254730225, 0.5007124543190002], [0.49504318833351135, 0.9077672362327576]]]",0.5007124543190002,0.8393399119377136,0.8860688805580139,0.8086228966712952,0.8470191359519958,0.763438880443573,0.4196636974811554,1.8755871057510376,0.8086228966712952,/scicore/home/schwede/barta0000/germinal_ds/templates_target_shuffle/nb_s829439_mpnn_5_BHRF/boltz_free/output/boltz_results_nb_s829439_mpnn_5_BHRF/predictions/nb_s829439_mpnn_5_BHRF/nb_s829439_mpnn_5_BHRF_model_0.cif,0.8153116106987,0.7617736458778381,0.5530990958213806,0.8808647990226746,0.8066778779029846,0.7144939303398132,5.541943550109863,0.5530990958213806,/scicore/home/schwede/barta0000/germinal_ds/templates_target_shuffle/nb_s829439_mpnn_5_BHRF/boltz_with_template/output/boltz_results_nb_s829439_mpnn_5_BHRF/predictions/nb_s829439_mpnn_5_BHRF/nb_s829439_mpnn_5_BHRF_model_0.cif
nb_s713450_mpnn_1_PDL1,False,"A,B",8.224501059303174,85.59762419006479,68.21,4.9,4.693333333333334,78.13123348194989,0.184468,0.54,0.845,-116.92,0.0,0.58,0.0367,0.438,3.8210359807010983,96.25194092827005,,,2.5353703703703703,93.60333220163982,0.635606,0.79,0.85,,1.0,0.7037,0.23152790812735868,0.8665205085138301,20.813318252563477,55.956695556640625,67.341156,17.890413,0.48051292,0.24414664506912231,/scicore/home/schwede/barta0000/germinal_ds/templates_target_shuffle/nb_s713450_mpnn_1_PDL1/chai_no_constraints/seed_3304/pred.model_idx_3.cif,0.6656330823898315,/scicore/home/schwede/barta0000/germinal_ds/templates_target_shuffle/nb_s713450_mpnn_1_PDL1/chai_with_constraints/seed_2466/pred.model_idx_1.cif,0.24414664506912231,0.5979875326156616,0.1556864082813263,"[[0.8829525113105774, 0.8771287202835083]]","[[[0.8829525113105774, 0.1556864082813263], [0.1372542381286621, 0.8771287202835083]]]",0.1556864082813263,0.6656330823898315,0.8190305233001709,0.6272836923599243,"[[0.9078790545463562, 0.8818314671516418]]","[[[0.9078790545463562, 0.5451152324676514], [0.6272836923599243, 0.8818314671516418]]]",0.5451152324676514,0.7708123326301575,0.7536649107933044,0.5656958818435669,0.8220914602279663,0.7654346823692322,0.5878878235816956,5.09683084487915,0.5656958818435669,/scicore/home/schwede/barta0000/germinal_ds/templates_target_shuffle/nb_s713450_mpnn_1_PDL1/boltz_free/output/boltz_results_nb_s713450_mpnn_1_PDL1/predictions/nb_s713450_mpnn_1_PDL1/nb_s713450_mpnn_1_PDL1_model_0.cif,0.8275730013847351,0.8686051368713379,0.7929367423057556,0.83623206615448,0.7850005030632019,0.4723619520664215,2.9137797355651855,0.7929367423057556,/scicore/home/schwede/barta0000/germinal_ds/templates_target_shuffle/nb_s713450_mpnn_1_PDL1/boltz_with_template/output/boltz_results_nb_s713450_mpnn_1_PDL1/predictions/nb_s713450_mpnn_1_PDL1/nb_s713450_mpnn_1_PDL1_model_0.cif
nb_s140867_mpnn_3_PDL1,False,"A,B",11.469472484822587,80.59929292929293,163.59,10.75,7.082758620689655,61.91685505978473,0.01572,0.25,0.825,-112.09,0.0,0.31,0.9604,0.441,5.298723317132227,93.66957805907174,,,2.7392307692307694,85.04793075035359,0.329633,0.55,0.75,,1.0,,0.107225816154699,0.8760734801808524,,,67.336586,17.824928,0.48026878,0.37079718708992004,/scicore/home/schwede/barta0000/germinal_ds/templates_target_shuffle/nb_s140867_mpnn_3_PDL1/chai_no_constraints/seed_4690/pred.model_idx_2.cif,0.5707361102104187,/scicore/home/schwede/barta0000/germinal_ds/templates_target_shuffle/nb_s140867_mpnn_3_PDL1/chai_with_constraints/seed_5804/pred.model_idx_4.cif,0.37079718708992004,0.6882447004318237,0.2914353013038635,"[[0.8887251019477844, 0.8836802840232849]]","[[[0.8887251019477844, 0.2914353013038635], [0.29097503423690796, 0.8836802840232849]]]",0.2914353013038635,0.5707361102104187,0.8084743022918701,0.511301577091217,"[[0.9084246158599854, 0.8863793611526489]]","[[[0.9084246158599854, 0.511301577091217], [0.5061299204826355, 0.8863793611526489]]]",0.511301577091217,0.8373144268989563,0.8882685303688049,0.8012409210205078,0.8463327288627625,0.7509423494338989,0.3872918486595154,1.3880454301834106,0.7878419160842896,/scicore/home/schwede/barta0000/germinal_ds/templates_target_shuffle/nb_s140867_mpnn_3_PDL1/boltz_free/output/boltz_results_nb_s140867_mpnn_3_PDL1/predictions/nb_s140867_mpnn_3_PDL1/nb_s140867_mpnn_3_PDL1_model_0.cif,0.8428718447685242,0.8528668284416199,0.745554506778717,0.8672011494636536,0.7768032550811768,0.4594593942165375,2.6012752056121826,0.7289988398551941,/scicore/home/schwede/barta0000/germinal_ds/templates_target_shuffle/nb_s140867_mpnn_3_PDL1/boltz_with_template/output/boltz_results_nb_s140867_mpnn_3_PDL1/predictions/nb_s140867_mpnn_3_PDL1/nb_s140867_mpnn_3_PDL1_model_0.cif
nb_s830050_mpnn_2_PDL1,False,"A,B",9.312113443358436,85.10623383620688,120.71,9.93,5.131578947368422,73.9604691826201,0.090911,0.41,0.845,-105.39,0.0,0.46,0.0308,0.336,3.8134221723726607,96.11704641350212,,,2.2459999999999996,93.08772693980823,0.526819,0.73,0.85,,1.0,0.5195,0.12047877133139123,0.8665205085138301,20.376391172409058,51.4456672668457,68.26742,16.85951,0.50284755,0.45622438192367554,/scicore/home/schwede/barta0000/germinal_ds/templates_target_shuffle/nb_s830050_mpnn_2_PDL1/chai_no_constraints/seed_2436/pred.model_idx_4.cif,0.7225269675254822,/scicore/home/schwede/barta0000/germinal_ds/templates_target_shuffle/nb_s830050_mpnn_2_PDL1/chai_with_constraints/seed_3473/pred.model_idx_0.cif,0.45622438192367554,0.7403199672698975,0.3852004408836365,"[[0.9279410243034363, 0.8734163045883179]]","[[[0.9279410243034363, 0.3623155355453491], [0.3852004408836365, 0.8734163045883179]]]",0.3623155355453491,0.7225269675254822,0.833227813243866,0.6948516964912415,"[[0.8834943771362305, 0.9017210602760315]]","[[[0.8834943771362305, 0.6948516964912415], [0.6889707446098328, 0.9017210602760315]]]",0.6948516964912415,0.7996217608451843,0.7283939123153687,0.5205495953559875,0.8693897724151611,0.8238652348518372,0.6040226221084595,6.254188060760498,0.5205495953559875,/scicore/home/schwede/barta0000/germinal_ds/templates_target_shuffle/nb_s830050_mpnn_2_PDL1/boltz_free/output/boltz_results_nb_s830050_mpnn_2_PDL1/predictions/nb_s830050_mpnn_2_PDL1/nb_s830050_mpnn_2_PDL1_model_0.cif,0.8258758783340454,0.7369367480278015,0.5758116841316223,0.88839191198349,0.8355080485343933,0.7009150981903076,6.8287787437438965,0.5758116841316223,/scicore/home/schwede/barta0000/germinal_ds/templates_target_shuffle/nb_s830050_mpnn_2_PDL1/boltz_with_template/output/boltz_results_nb_s830050_mpnn_2_PDL1/predictions/nb_s830050_mpnn_2_PDL1/nb_s830050_mpnn_2_PDL1_model_0.cif
nb_s566504_mpnn_5_PDL1,False,"A,B",9.697852908187789,84.83826737967914,36.7,2.63,6.137037037037037,71.0111423963171,0.103023,0.36,0.855,-126.37,0.0,0.41,0.9682,0.294,5.050928804144635,93.76303797468353,,,3.381166666666667,84.10645208051127,0.351655,0.64,0.79,,1.0,0.8826,0.2047520160577743,0.8683298465620889,20.881545861562092,53.61485290527344,69.55465,16.835789,0.50680536,0.3489376902580261,/scicore/home/schwede/barta0000/germinal_ds/templates_target_shuffle/nb_s566504_mpnn_5_PDL1/chai_no_constraints/seed_1362/pred.model_idx_0.cif,0.6072574853897095,/scicore/home/schwede/barta0000/germinal_ds/templates_target_shuffle/nb_s566504_mpnn_5_PDL1/chai_with_constraints/seed_1200/pred.model_idx_3.cif,0.3489376902580261,0.6802359819412231,0.2661131024360657,"[[0.9191077947616577, 0.8743299245834351]]","[[[0.9191077947616577, 0.2661131024360657], [0.265617698431015, 0.8743299245834351]]]",0.2661131024360657,0.6072574853897095,0.804659366607666,0.557906985282898,"[[0.9238049983978271, 0.9221221208572388]]","[[[0.9238049983978271, 0.557906985282898], [0.5369457602500916, 0.9221221208572388]]]",0.557906985282898,0.798089861869812,0.7624427080154419,0.5322971343994141,0.8645380139350891,0.7764977216720581,0.6082401871681213,5.114663600921631,0.5122466683387756,/scicore/home/schwede/barta0000/germinal_ds/templates_target_shuffle/nb_s566504_mpnn_5_PDL1/boltz_free/output/boltz_results_nb_s566504_mpnn_5_PDL1/predictions/nb_s566504_mpnn_5_PDL1/nb_s566504_mpnn_5_PDL1_model_0.cif,0.8792908787727356,0.8501318097114563,0.725050151348114,0.9178510308265686,0.8684356212615967,0.3900969624519348,2.592501640319824,0.6857622861862183,/scicore/home/schwede/barta0000/germinal_ds/templates_target_shuffle/nb_s566504_mpnn_5_PDL1/boltz_with_template/output/boltz_results_nb_s566504_mpnn_5_PDL1/predictions/nb_s566504_mpnn_5_PDL1/nb_s566504_mpnn_5_PDL1_model_0.cif
nb_s785824_mpnn_3_PDL1,False,"A,B",12.689850273282415,82.96523963381799,116.23,13.32,4.5441176470588225,72.40195180783195,0.006306,0.27,0.85,-37.96,0.0,0.33,0.118,13.087,8.756527265929604,88.46675105485234,,,7.296666666666665,77.05789345189145,0.106842,0.36,0.65,,1.0,0.0303,0.12154111217317601,0.8933106890599105,,,68.10413,17.538158,0.48454297,0.264109343290329,/scicore/home/schwede/barta0000/germinal_ds/templates_target_shuffle/nb_s785824_mpnn_3_PDL1/chai_no_constraints/seed_1038/pred.model_idx_0.cif,0.621350884437561,/scicore/home/schwede/barta0000/germinal_ds/templates_target_shuffle/nb_s785824_mpnn_3_PDL1/chai_with_constraints/seed_2156/pred.model_idx_2.cif,0.264109343290329,0.606427788734436,0.17852972447872162,"[[0.880375862121582, 0.876335859298706]]","[[[0.880375862121582, 0.17852972447872162], [0.13787320256233215, 0.876335859298706]]]",0.17852972447872162,0.621350884437561,0.813520610332489,0.5733084082603455,"[[0.9071606397628784, 0.8851900696754456]]","[[[0.9071606397628784, 0.5351803302764893], [0.5733084082603455, 0.8851900696754456]]]",0.5351803302764893,0.8683663606643677,0.9445078372955322,0.9250087141990662,0.8542057871818542,0.7975735068321228,0.3440997004508972,0.7043878436088562,0.9250087141990662,/scicore/home/schwede/barta0000/germinal_ds/templates_target_shuffle/nb_s785824_mpnn_3_PDL1/boltz_free/output/boltz_results_nb_s785824_mpnn_3_PDL1/predictions/nb_s785824_mpnn_3_PDL1/nb_s785824_mpnn_3_PDL1_model_0.cif,0.8059736490249634,0.794218122959137,0.6177337169647217,0.8530336022377014,0.7616263031959534,0.6378320455551147,4.815589904785156,0.6048253774642944,/scicore/home/schwede/barta0000/germinal_ds/templates_target_shuffle/nb_s785824_mpnn_3_PDL1/boltz_with_template/output/boltz_results_nb_s785824_mpnn_3_PDL1/predictions/nb_s785824_mpnn_3_PDL1/nb_s785824_mpnn_3_PDL1_model_0.cif
nb_s7171_mpnn_3_IL3,False,"A,B",12.916352387945446,79.88794294294294,193.8,12.07,6.387931034482761,63.88667869666168,0.015096,0.24,0.83,21.59,0.0,0.31,,0.541,6.852584480307456,89.46909090909091,,,3.219342105263158,79.64181795987216,0.255752,0.53,0.74,,1.0,0.0708,0.09079900059096883,0.8794535121708787,25.759408777410332,67.664794921875,57.020008,21.059692,0.47862425,0.24014639854431152,/scicore/home/schwede/barta0000/germinal_ds/templates_target_shuffle/nb_s7171_mpnn_3_IL3/chai_no_constraints/seed_1848/pred.model_idx_3.cif,0.2775510251522064,/scicore/home/schwede/barta0000/germinal_ds/templates_target_shuffle/nb_s7171_mpnn_3_IL3/chai_with_constraints/seed_5425/pred.model_idx_4.cif,0.24014639854431152,0.5974323153495789,0.1508249193429947,"[[0.9196368455886841, 0.3014475405216217]]","[[[0.9196368455886841, 0.1508249193429947], [0.11182346194982529, 0.3014475405216217]]]",0.1508249193429947,0.2775510251522064,0.6258673071861267,0.19047194719314575,"[[0.9211505651473999, 0.3306404650211334]]","[[[0.9211505651473999, 0.19047194719314575], [0.14228682219982147, 0.3306404650211334]]]",0.19047194719314575,0.8834328055381775,0.9076409935951233,0.8527917265892029,0.8910930752754211,0.877433180809021,0.34169360995292664,1.0852757692337036,0.8527917265892029,/scicore/home/schwede/barta0000/germinal_ds/templates_target_shuffle/nb_s7171_mpnn_3_IL3/boltz_free/output/boltz_results_nb_s7171_mpnn_3_IL3/predictions/nb_s7171_mpnn_3_IL3/nb_s7171_mpnn_3_IL3_model_0.cif,0.8404227495193481,0.7763442993164062,0.6002897024154663,0.9004559516906738,0.8831261396408081,0.5909271240234375,5.745692253112793,0.580804169178009,/scicore/home/schwede/barta0000/germinal_ds/templates_target_shuffle/nb_s7171_mpnn_3_IL3/boltz_with_template/output/boltz_results_nb_s7171_mpnn_3_IL3/predictions/nb_s7171_mpnn_3_IL3/nb_s7171_mpnn_3_IL3_model_0.cif
nb_s877334_mpnn_1_IL20,False,"A,B",13.154367346938775,79.69657645466847,184.01,15.16,10.55,62.58890146089397,0.006458,0.2,0.835,102.68,0.0,0.27,0.9823,0.395,6.209260841836734,92.40425,,,4.446363636363636,82.77333354949951,0.272629,0.54,0.76,,1.0,0.979,0.16428565871685977,0.8932355822462105,7.339418252309163,69.72085571289062,74.25901,12.376509,0.6227207,0.34609758853912354,/scicore/home/schwede/barta0000/germinal_ds/templates_target_shuffle/nb_s877334_mpnn_1_IL20/chai_no_constraints/seed_3191/pred.model_idx_0.cif,0.33859193325042725,/scicore/home/schwede/barta0000/germinal_ds/templates_target_shuffle/nb_s877334_mpnn_1_IL20/chai_with_constraints/seed_1781/pred.model_idx_3.cif,0.34609758853912354,0.643518328666687,0.2717423737049103,"[[0.8863030076026917, 0.8920926451683044]]","[[[0.8863030076026917, 0.2704426348209381], [0.2717423737049103, 0.8920926451683044]]]",0.2704426348209381,0.33859193325042725,0.6444526314735413,0.26212674379348755,"[[0.87212073802948, 0.886790931224823]]","[[[0.87212073802948, 0.26212674379348755], [0.22045156359672546, 0.886790931224823]]]",0.26212674379348755,0.6388866305351257,0.7302422523498535,0.6019318103790283,0.6481253504753113,0.5687845945358276,1.0675749778747559,4.762876033782959,0.6019318103790283,/scicore/home/schwede/barta0000/germinal_ds/templates_target_shuffle/nb_s877334_mpnn_1_IL20/boltz_free/output/boltz_results_nb_s877334_mpnn_1_IL20/predictions/nb_s877334_mpnn_1_IL20/nb_s877334_mpnn_1_IL20_model_0.cif,0.8576557040214539,0.8489918112754822,0.7961472272872925,0.873032808303833,0.8151108622550964,0.5492841601371765,1.787014365196228,0.7961472272872925,/scicore/home/schwede/barta0000/germinal_ds/templates_target_shuffle/nb_s877334_mpnn_1_IL20/boltz_with_template/output/boltz_results_nb_s877334_mpnn_1_IL20/predictions/nb_s877334_mpnn_1_IL20/nb_s877334_mpnn_1_IL20_model_0.cif
nb_s666722_mpnn_1_BHRF,False,"A,B",10.178724199459877,82.12019911504424,288.8,14.85,8.726470588235294,66.6790412136575,0.119748,0.42,0.835,62.48,0.0,0.48,0.6724,1.074,5.345215808256174,91.19156249999999,,,3.2423076923076914,81.8362949512623,0.431629,0.68,0.81,,1.0,0.0012,0.15499999837734016,0.8627032844632033,15.947413762410482,66.5046615600586,73.215904,15.487758,0.5515941,0.6452264785766602,/scicore/home/schwede/barta0000/germinal_ds/templates_target_shuffle/nb_s666722_mpnn_1_BHRF/chai_no_constraints/seed_1560/pred.model_idx_2.cif,0.43068617582321167,/scicore/home/schwede/barta0000/germinal_ds/templates_target_shuffle/nb_s666722_mpnn_1_BHRF/chai_with_constraints/seed_2786/pred.model_idx_4.cif,0.6452264785766602,0.8368099331855774,0.597330629825592,"[[0.9234157204627991, 0.9200664162635803]]","[[[0.9234157204627991, 0.5887104272842407], [0.597330629825592, 0.9200664162635803]]]",0.5887104272842407,0.43068617582321167,0.7269290685653687,0.35662543773651123,"[[0.9212293028831482, 0.9126895666122437]]","[[[0.9212293028831482, 0.35662543773651123], [0.32963356375694275, 0.9126895666122437]]]",0.35662543773651123,0.8206247687339783,0.8130441308021545,0.6400429606437683,0.865770161151886,0.7674064040184021,0.513921320438385,3.1470553874969482,0.6400429606437683,/scicore/home/schwede/barta0000/germinal_ds/templates_target_shuffle/nb_s666722_mpnn_1_BHRF/boltz_free/output/boltz_results_nb_s666722_mpnn_1_BHRF/predictions/nb_s666722_mpnn_1_BHRF/nb_s666722_mpnn_1_BHRF_model_0.cif,0.8230041861534119,0.7769031524658203,0.5724754929542542,0.8856363296508789,0.7848421335220337,0.6081914305686951,4.7779541015625,0.5724754929542542,/scicore/home/schwede/barta0000/germinal_ds/templates_target_shuffle/nb_s666722_mpnn_1_BHRF/boltz_with_template/output/boltz_results_nb_s666722_mpnn_1_BHRF/predictions/nb_s666722_mpnn_1_BHRF/nb_s666722_mpnn_1_BHRF_model_0.cif
nb_s378562_mpnn_3_IL20,False,"A,B",14.617745258400031,81.32265297007594,429.41,31.83,10.506000000000002,65.64116828013864,0.005715,0.15,0.85,48.43,0.0,0.23,0.8354,0.579,7.768365193721984,90.06367491166078,,,7.442708333333333,77.00000031789143,0.194382,0.51,0.74,,1.0,0.9399,0.09860351373527325,0.9001620101151155,9.958858052889505,61.343994140625,72.81204,13.299105,0.60263145,0.37412410974502563,/scicore/home/schwede/barta0000/germinal_ds/templates_target_shuffle/nb_s378562_mpnn_3_IL20/chai_no_constraints/seed_139/pred.model_idx_0.cif,0.37102222442626953,/scicore/home/schwede/barta0000/germinal_ds/templates_target_shuffle/nb_s378562_mpnn_3_IL20/chai_with_constraints/seed_3360/pred.model_idx_3.cif,0.37412410974502563,0.6551573872566223,0.30386579036712646,"[[0.9039926528930664, 0.8965121507644653]]","[[[0.9039926528930664, 0.30386579036712646], [0.2947818338871002, 0.8965121507644653]]]",0.30386579036712646,0.37102222442626953,0.6342636346817017,0.3052118718624115,"[[0.8894137740135193, 0.876270592212677]]","[[[0.8894137740135193, 0.3052118718624115], [0.2452990859746933, 0.876270592212677]]]",0.3052118718624115,0.646108090877533,0.7197696566581726,0.5274103879928589,0.6757824420928955,0.6072331666946411,0.8422052264213562,5.212432861328125,0.48512306809425354,/scicore/home/schwede/barta0000/germinal_ds/templates_target_shuffle/nb_s378562_mpnn_3_IL20/boltz_free/output/boltz_results_nb_s378562_mpnn_3_IL20/predictions/nb_s378562_mpnn_3_IL20/nb_s378562_mpnn_3_IL20_model_0.cif,0.7946454882621765,0.750148355960846,0.5991324782371521,0.8435237407684326,0.7845127582550049,0.7968955636024475,4.1479010581970215,0.5991324782371521,/scicore/home/schwede/barta0000/germinal_ds/templates_target_shuffle/nb_s378562_mpnn_3_IL20/boltz_with_template/output/boltz_results_nb_s378562_mpnn_3_IL20/predictions/nb_s378562_mpnn_3_IL20/nb_s378562_mpnn_3_IL20_model_0.cif
nb_s916275_mpnn_4_BHRF,False,"A,B",13.81021008254508,78.15957074025404,186.43,9.8,6.800000000000001,64.038641335704,0.005884,0.22,0.825,24.91,0.0,0.29,0.5677,0.414,5.221430072861681,91.54137457044673,,,3.354833333333333,83.13722292582194,0.461178,0.69,0.83,,1.0,0.0767,0.06603147179525302,0.8245544251670625,14.603587297292856,54.72908020019531,72.69306,14.500542,0.54721093,0.38315707445144653,/scicore/home/schwede/barta0000/germinal_ds/templates_target_shuffle/nb_s916275_mpnn_4_BHRF/chai_no_constraints/seed_2960/pred.model_idx_2.cif,0.40707704424858093,/scicore/home/schwede/barta0000/germinal_ds/templates_target_shuffle/nb_s916275_mpnn_4_BHRF/chai_with_constraints/seed_3678/pred.model_idx_4.cif,0.38315707445144653,0.6734021902084351,0.3105958104133606,"[[0.8817291855812073, 0.9071786999702454]]","[[[0.8817291855812073, 0.3105958104133606], [0.27998489141464233, 0.9071786999702454]]]",0.3105958104133606,0.40707704424858093,0.7006127834320068,0.33369308710098267,"[[0.8829168081283569, 0.8894416689872742]]","[[[0.8829168081283569, 0.33369308710098267], [0.31528401374816895, 0.8894416689872742]]]",0.33369308710098267,0.8405470252037048,0.8393906950950623,0.7214004993438721,0.8703336119651794,0.7993126511573792,0.5319974422454834,3.0145821571350098,0.7214004993438721,/scicore/home/schwede/barta0000/germinal_ds/templates_target_shuffle/nb_s916275_mpnn_4_BHRF/boltz_free/output/boltz_results_nb_s916275_mpnn_4_BHRF/predictions/nb_s916275_mpnn_4_BHRF/nb_s916275_mpnn_4_BHRF_model_0.cif,0.8274098634719849,0.7133869528770447,0.4692405164241791,0.9169521331787109,0.8837916254997253,0.8745982646942139,7.447226524353027,0.4633977711200714,/scicore/home/schwede/barta0000/germinal_ds/templates_target_shuffle/nb_s916275_mpnn_4_BHRF/boltz_with_template/output/boltz_results_nb_s916275_mpnn_4_BHRF/predictions/nb_s916275_mpnn_4_BHRF/nb_s916275_mpnn_4_BHRF_model_0.cif
nb_s817878_mpnn_1_BHRF,False,"A,B",14.198431761552177,77.4274098218166,499.62,29.99,9.17741935483871,59.303046718315755,0.007533,0.19,0.815,148.35,0.0,0.26,0.1267,1.68,9.587678936243078,86.7624054982818,,,5.75142857142857,72.59666633605957,0.099997,0.37,0.68,,1.0,0.0066,0.11043748774130555,0.8328717218544804,18.11222062792097,61.507808685302734,79.5744,15.16504,0.5712224,0.35401421785354614,/scicore/home/schwede/barta0000/germinal_ds/templates_target_shuffle/nb_s817878_mpnn_1_BHRF/chai_no_constraints/seed_1088/pred.model_idx_0.cif,0.40021491050720215,/scicore/home/schwede/barta0000/germinal_ds/templates_target_shuffle/nb_s817878_mpnn_1_BHRF/chai_with_constraints/seed_1951/pred.model_idx_4.cif,0.35401421785354614,0.6528117060661316,0.2793148458003998,"[[0.9078053832054138, 0.9057915210723877]]","[[[0.9078053832054138, 0.2793148458003998], [0.24168570339679718, 0.9057915210723877]]]",0.2793148458003998,0.40021491050720215,0.6911571025848389,0.32747936248779297,"[[0.9089359045028687, 0.8986713290214539]]","[[[0.9089359045028687, 0.32747936248779297], [0.29435113072395325, 0.8986713290214539]]]",0.32747936248779297,0.7800431847572327,0.7441651821136475,0.5332078337669373,0.8417519927024841,0.7428845763206482,0.5663930773735046,4.887265682220459,0.5156245827674866,/scicore/home/schwede/barta0000/germinal_ds/templates_target_shuffle/nb_s817878_mpnn_1_BHRF/boltz_free/output/boltz_results_nb_s817878_mpnn_1_BHRF/predictions/nb_s817878_mpnn_1_BHRF/nb_s817878_mpnn_1_BHRF_model_0.cif,0.7561352252960205,0.7133650779724121,0.46859651803970337,0.828019917011261,0.7284148931503296,0.7656079530715942,8.192216873168945,0.45105504989624023,/scicore/home/schwede/barta0000/germinal_ds/templates_target_shuffle/nb_s817878_mpnn_1_BHRF/boltz_with_template/output/boltz_results_nb_s817878_mpnn_1_BHRF/predictions/nb_s817878_mpnn_1_BHRF/nb_s817878_mpnn_1_BHRF_model_0.cif
nb_s319551_mpnn_2_BHRF,False,"A,B",14.287823714882913,79.09355497609735,399.39,27.58,15.235999999999999,59.60124987980472,0.005636,0.18,0.8300000000000001,120.74,0.0,0.25,0.9552,1.131,7.379633329790626,89.25398625429554,,,8.62952380952381,72.69913068025008,0.237348,0.51,0.75,,1.0,0.2374,0.07257842723246435,0.8328717218544804,15.885492188589913,51.338809967041016,72.38907,15.213276,0.5455345,0.24932023882865906,/scicore/home/schwede/barta0000/germinal_ds/templates_target_shuffle/nb_s319551_mpnn_2_BHRF/chai_no_constraints/seed_3621/pred.model_idx_3.cif,0.5534321665763855,/scicore/home/schwede/barta0000/germinal_ds/templates_target_shuffle/nb_s319551_mpnn_2_BHRF/chai_with_constraints/seed_1191/pred.model_idx_0.cif,0.24932023882865906,0.5954146981239319,0.16279661655426025,"[[0.901191771030426, 0.9093650579452515]]","[[[0.901191771030426, 0.16279661655426025], [0.11853420734405518, 0.9093650579452515]]]",0.16279661655426025,0.5534321665763855,0.7845388054847717,0.49565550684928894,"[[0.9106888771057129, 0.9173795580863953]]","[[[0.9106888771057129, 0.49565550684928894], [0.4657418131828308, 0.9173795580863953]]]",0.49565550684928894,0.8680762648582458,0.8649339079856873,0.7602835297584534,0.8950243592262268,0.8312073349952698,0.4362528622150421,2.2387008666992188,0.7602835297584534,/scicore/home/schwede/barta0000/germinal_ds/templates_target_shuffle/nb_s319551_mpnn_2_BHRF/boltz_free/output/boltz_results_nb_s319551_mpnn_2_BHRF/predictions/nb_s319551_mpnn_2_BHRF/nb_s319551_mpnn_2_BHRF_model_0.cif,0.8555264472961426,0.7472231388092041,0.5342916250228882,0.9358351826667786,0.9040358662605286,0.7131398320198059,5.731019496917725,0.5303587317466736,/scicore/home/schwede/barta0000/germinal_ds/templates_target_shuffle/nb_s319551_mpnn_2_BHRF/boltz_with_template/output/boltz_results_nb_s319551_mpnn_2_BHRF/predictions/nb_s319551_mpnn_2_BHRF/nb_s319551_mpnn_2_BHRF_model_0.cif
nb_s467146_mpnn_5_BHRF,False,"A,B",7.06953744051204,85.08480802792322,110.47,4.99,3.0957142857142856,79.7560890041931,0.551733,0.75,0.86,-75.41,0.0,0.76,0.0998,0.251,4.067267037470034,94.28268041237114,,,2.5333783783783788,92.5597505569458,0.779379,0.87,0.9,,1.0,,0.795812782888669,0.8823638822925323,18.187007999420167,43.051883697509766,72.04218,16.58602,0.52825826,0.26148590445518494,/scicore/home/schwede/barta0000/germinal_ds/templates_target_shuffle/nb_s467146_mpnn_5_BHRF/chai_no_constraints/seed_1258/pred.model_idx_1.cif,0.6262093782424927,/scicore/home/schwede/barta0000/germinal_ds/templates_target_shuffle/nb_s467146_mpnn_5_BHRF/chai_with_constraints/seed_2480/pred.model_idx_1.cif,0.26148590445518494,0.5999079942703247,0.1768803745508194,"[[0.8756818175315857, 0.9056629538536072]]","[[[0.8756818175315857, 0.1768803745508194], [0.13222287595272064, 0.9056629538536072]]]",0.1768803745508194,0.6262093782424927,0.8259202241897583,0.5762816071510315,"[[0.9003415107727051, 0.9180148839950562]]","[[[0.9003415107727051, 0.5606352090835571], [0.5762816071510315, 0.9180148839950562]]]",0.5606352090835571,0.8097016215324402,0.8538522720336914,0.7889110445976257,0.8148993253707886,0.708599865436554,0.4989290237426758,2.235616683959961,0.7889110445976257,/scicore/home/schwede/barta0000/germinal_ds/templates_target_shuffle/nb_s467146_mpnn_5_BHRF/boltz_free/output/boltz_results_nb_s467146_mpnn_5_BHRF/predictions/nb_s467146_mpnn_5_BHRF/nb_s467146_mpnn_5_BHRF_model_0.cif,0.7873151302337646,0.6829286813735962,0.42877450585365295,0.8769502639770508,0.8127976059913635,0.978794515132904,8.359694480895996,0.42801210284233093,/scicore/home/schwede/barta0000/germinal_ds/templates_target_shuffle/nb_s467146_mpnn_5_BHRF/boltz_with_template/output/boltz_results_nb_s467146_mpnn_5_BHRF/predictions/nb_s467146_mpnn_5_BHRF/nb_s467146_mpnn_5_BHRF_model_0.cif
nb_s759449_mpnn_1_IL3,False,"A,B",10.451406833414051,82.5892663316583,329.35,19.21,3.7852941176470587,66.78883870159973,0.117708,0.43,0.835,28.19,0.0,0.48,0.6296,0.32,5.6909339311659295,90.18256916996049,,,2.593965517241379,81.42645214449975,0.465585,0.72,0.81,,1.0,0.2749,0.09396064446219898,0.8598826291309166,26.039758682250977,59.813087463378906,53.50685,21.183899,0.46563524,0.704297661781311,/scicore/home/schwede/barta0000/germinal_ds/templates_target_shuffle/nb_s759449_mpnn_1_IL3/chai_no_constraints/seed_1658/pred.model_idx_2.cif,0.544566810131073,/scicore/home/schwede/barta0000/germinal_ds/templates_target_shuffle/nb_s759449_mpnn_1_IL3/chai_with_constraints/seed_1045/pred.model_idx_4.cif,0.704297661781311,0.7189993858337402,0.7006222009658813,"[[0.9215196967124939, 0.3936835527420044]]","[[[0.9215196967124939, 0.37238141894340515], [0.7006222009658813, 0.3936835527420044]]]",0.37238141894340515,0.544566810131073,0.7220451831817627,0.500197172164917,"[[0.9233378171920776, 0.4228447675704956]]","[[[0.9233378171920776, 0.3723553419113159], [0.500197172164917, 0.4228447675704956]]]",0.3723553419113159,0.8517397046089172,0.9024668335914612,0.8765286803245544,0.8455424308776855,0.7863030433654785,0.385786235332489,1.1906418800354004,0.8564996123313904,/scicore/home/schwede/barta0000/germinal_ds/templates_target_shuffle/nb_s759449_mpnn_1_IL3/boltz_free/output/boltz_results_nb_s759449_mpnn_1_IL3/predictions/nb_s759449_mpnn_1_IL3/nb_s759449_mpnn_1_IL3_model_0.cif,0.807797908782959,0.718905508518219,0.5161868929862976,0.8807006478309631,0.821862518787384,0.8136556148529053,6.290735244750977,0.5064597725868225,/scicore/home/schwede/barta0000/germinal_ds/templates_target_shuffle/nb_s759449_mpnn_1_IL3/boltz_with_template/output/boltz_results_nb_s759449_mpnn_1_IL3/predictions/nb_s759449_mpnn_1_IL3/nb_s759449_mpnn_1_IL3_model_0.cif
nb_s149825_mpnn_4_IL3,False,"A,B",14.284913059101065,76.51911354581674,415.06,14.73,5.226,63.31007672920429,0.005939,0.17,0.8049999999999999,226.73,0.0,0.26,0.1538,0.585,6.535105063350466,86.55229249011859,,,3.279555555555556,76.988846045274,0.359845,0.62,0.78,,1.0,0.0028,0.10208914660767598,0.8189986042287624,16.178440868854523,47.925140380859375,53.141518,20.581648,0.48333675,0.24855387210845947,/scicore/home/schwede/barta0000/germinal_ds/templates_target_shuffle/nb_s149825_mpnn_4_IL3/chai_no_constraints/seed_2108/pred.model_idx_3.cif,0.3565853238105774,/scicore/home/schwede/barta0000/germinal_ds/templates_target_shuffle/nb_s149825_mpnn_4_IL3/chai_with_constraints/seed_1179/pred.model_idx_0.cif,0.24855387210845947,0.589938223361969,0.1632077693939209,"[[0.8980194926261902, 0.30323314666748047]]","[[[0.8980194926261902, 0.1632077693939209], [0.13669823110103607, 0.30323314666748047]]]",0.1632077693939209,0.3565853238105774,0.6324356198310852,0.28762274980545044,"[[0.9062701463699341, 0.33344924449920654]]","[[[0.9062701463699341, 0.2146366387605667], [0.28762274980545044, 0.33344924449920654]]]",0.2146366387605667,0.7831802368164062,0.8165459036827087,0.6935073137283325,0.8055984377861023,0.7194669246673584,0.6584156155586243,3.3020055294036865,0.689998209476471,/scicore/home/schwede/barta0000/germinal_ds/templates_target_shuffle/nb_s149825_mpnn_4_IL3/boltz_free/output/boltz_results_nb_s149825_mpnn_4_IL3/predictions/nb_s149825_mpnn_4_IL3/nb_s149825_mpnn_4_IL3_model_0.cif,0.8694807291030884,0.8483958840370178,0.7430956363677979,0.9010769128799438,0.8667007684707642,0.5603746771812439,2.447664976119995,0.7430956363677979,/scicore/home/schwede/barta0000/germinal_ds/templates_target_shuffle/nb_s149825_mpnn_4_IL3/boltz_with_template/output/boltz_results_nb_s149825_mpnn_4_IL3/predictions/nb_s149825_mpnn_4_IL3/nb_s149825_mpnn_4_IL3_model_0.cif
nb_s895571_mpnn_3_IL3,False,"A,B",12.817271008764394,80.47664807302232,687.96,30.34,5.691489361702127,69.68026513054137,0.181824,0.53,0.815,207.05,0.0,0.55,0.99,1.344,6.707004015060381,86.99312252964428,,,3.6103658536585375,78.04275026321412,0.567748,0.76,0.76,,1.0,0.9683,0.5063337118601295,0.8758343701302936,26.550458908081055,58.020469665527344,54.481926,21.353682,0.46479535,0.22729100286960602,/scicore/home/schwede/barta0000/germinal_ds/templates_target_shuffle/nb_s895571_mpnn_3_IL3/chai_no_constraints/seed_1481/pred.model_idx_1.cif,0.6533756256103516,/scicore/home/schwede/barta0000/germinal_ds/templates_target_shuffle/nb_s895571_mpnn_3_IL3/chai_with_constraints/seed_1046/pred.model_idx_1.cif,0.22729100286960602,0.5819634199142456,0.13862289488315582,"[[0.9093118906021118, 0.31344467401504517]]","[[[0.9093118906021118, 0.13862289488315582], [0.13036440312862396, 0.31344467401504517]]]",0.13862289488315582,0.6533756256103516,0.7548414468765259,0.6280091404914856,"[[0.9227930307388306, 0.49925845861434937]]","[[[0.9227930307388306, 0.45169734954833984], [0.6280091404914856, 0.49925845861434937]]]",0.45169734954833984,0.8847419619560242,0.8307931423187256,0.7284107804298401,0.9238247275352478,0.9216577410697937,0.47790902853012085,2.6471469402313232,0.689271867275238,/scicore/home/schwede/barta0000/germinal_ds/templates_target_shuffle/nb_s895571_mpnn_3_IL3/boltz_free/output/boltz_results_nb_s895571_mpnn_3_IL3/predictions/nb_s895571_mpnn_3_IL3/nb_s895571_mpnn_3_IL3_model_0.cif,0.9091746211051941,0.8367629647254944,0.7289391756057739,0.9542334675788879,0.9600330591201782,0.5443480610847473,4.872315883636475,0.6923786997795105,/scicore/home/schwede/barta0000/germinal_ds/templates_target_shuffle/nb_s895571_mpnn_3_IL3/boltz_with_template/output/boltz_results_nb_s895571_mpnn_3_IL3/predictions/nb_s895571_mpnn_3_IL3/nb_s895571_mpnn_3_IL3_model_0.cif
nb_s206651_mpnn_1_IL3,False,"A,B",9.432630399999999,83.50267382413087,209.78,13.48,3.856896551724138,77.50329811007867,0.140744,0.49,0.835,69.85,0.0,0.53,0.0478,0.671,5.44619888,91.8052,,,2.7241176470588235,86.8715790196469,0.390233,0.66,0.79,,1.0,0.9385,0.09083150738406043,0.872829224994189,25.0150883992513,35.83528518676758,52.9848,21.139061,0.4633091,0.24659791588783264,/scicore/home/schwede/barta0000/germinal_ds/templates_target_shuffle/nb_s206651_mpnn_1_IL3/chai_no_constraints/seed_2690/pred.model_idx_3.cif,0.33628982305526733,/scicore/home/schwede/barta0000/germinal_ds/templates_target_shuffle/nb_s206651_mpnn_1_IL3/chai_with_constraints/seed_1291/pred.model_idx_3.cif,0.24659791588783264,0.5772240161895752,0.1639413833618164,"[[0.8686328530311584, 0.3101271986961365]]","[[[0.8686328530311584, 0.1639413833618164], [0.14412938058376312, 0.3101271986961365]]]",0.1639413833618164,0.33628982305526733,0.6483067274093628,0.2582855820655823,"[[0.88742995262146, 0.3219488561153412]]","[[[0.88742995262146, 0.2582855820655823], [0.25260767340660095, 0.3219488561153412]]]",0.2582855820655823,0.7748903632164001,0.7788712978363037,0.6168501973152161,0.8144003748893738,0.7253949046134949,0.7225317358970642,3.9912269115448,0.6168501973152161,/scicore/home/schwede/barta0000/germinal_ds/templates_target_shuffle/nb_s206651_mpnn_1_IL3/boltz_free/output/boltz_results_nb_s206651_mpnn_1_IL3/predictions/nb_s206651_mpnn_1_IL3/nb_s206651_mpnn_1_IL3_model_0.cif,0.8379823565483093,0.809028685092926,0.6944981813430786,0.8738534450531006,0.8099247217178345,0.7396830320358276,4.881056785583496,0.6944981813430786,/scicore/home/schwede/barta0000/germinal_ds/templates_target_shuffle/nb_s206651_mpnn_1_IL3/boltz_with_template/output/boltz_results_nb_s206651_mpnn_1_IL3/predictions/nb_s206651_mpnn_1_IL3/nb_s206651_mpnn_1_IL3_model_0.cif
nb_s450006_mpnn_3_IL20,False,"A,B",9.377125,83.16039927404718,202.15,11.19,6.4390625,68.86227042597179,0.131817,0.42,0.86,124.2,0.0,0.47,0.9525,0.528,5.767004719387755,91.11146428571428,,,3.1996774193548396,82.09636387680516,0.336624,0.6,0.77,,1.0,0.006,0.1850528817058156,0.859023760560803,10.425288779394966,59.771278381347656,73.791695,11.98222,0.6328643,0.3913846015930176,/scicore/home/schwede/barta0000/germinal_ds/templates_target_shuffle/nb_s450006_mpnn_3_IL20/chai_no_constraints/seed_1704/pred.model_idx_1.cif,0.34392476081848145,/scicore/home/schwede/barta0000/germinal_ds/templates_target_shuffle/nb_s450006_mpnn_3_IL20/chai_with_constraints/seed_1955/pred.model_idx_3.cif,0.3913846015930176,0.6694411039352417,0.32187044620513916,"[[0.9246132373809814, 0.8847168684005737]]","[[[0.9246132373809814, 0.32187044620513916], [0.2949119210243225, 0.8847168684005737]]]",0.32187044620513916,0.34392476081848145,0.6521645784378052,0.2668648064136505,"[[0.8943764567375183, 0.8786514401435852]]","[[[0.8943764567375183, 0.2668648064136505], [0.2450614869594574, 0.8786514401435852]]]",0.2668648064136505,0.5545163154602051,0.5784829258918762,0.25470855832099915,0.6294682621955872,0.5692236423492432,0.8387625813484192,7.817806243896484,0.2127462476491928,/scicore/home/schwede/barta0000/germinal_ds/templates_target_shuffle/nb_s450006_mpnn_3_IL20/boltz_free/output/boltz_results_nb_s450006_mpnn_3_IL20/predictions/nb_s450006_mpnn_3_IL20/nb_s450006_mpnn_3_IL20_model_0.cif,0.7702616453170776,0.7099844813346863,0.522256076335907,0.8322629928588867,0.7684915065765381,0.7980661392211914,6.651886940002441,0.522256076335907,/scicore/home/schwede/barta0000/germinal_ds/templates_target_shuffle/nb_s450006_mpnn_3_IL20/boltz_with_template/output/boltz_results_nb_s450006_mpnn_3_IL20/predictions/nb_s450006_mpnn_3_IL20/nb_s450006_mpnn_3_IL20_model_0.cif
nb_s459933_mpnn_3_PDL1,False,"A,B",11.675796257722231,82.50045647558386,141.47,10.79,3.9479166666666665,66.59560639168448,0.006599,0.21,0.85,-74.88,0.0,0.28,0.0152,0.336,5.367199522868486,93.74945147679324,,,2.1814583333333335,85.7772006225586,0.275147,0.55,0.76,,1.0,0.0004,0.1183611482706888,0.8858969110030815,,,69.479515,16.92156,0.5040849,0.31561651825904846,/scicore/home/schwede/barta0000/germinal_ds/templates_target_shuffle/nb_s459933_mpnn_3_PDL1/chai_no_constraints/seed_3659/pred.model_idx_4.cif,0.440565288066864,/scicore/home/schwede/barta0000/germinal_ds/templates_target_shuffle/nb_s459933_mpnn_3_PDL1/chai_with_constraints/seed_4511/pred.model_idx_1.cif,0.31561651825904846,0.6657481789588928,0.22808359563350677,"[[0.9264535307884216, 0.8804860711097717]]","[[[0.9264535307884216, 0.22802484035491943], [0.22808359563350677, 0.8804860711097717]]]",0.22802484035491943,0.440565288066864,0.7452968955039978,0.3643823564052582,"[[0.9276079535484314, 0.8827093243598938]]","[[[0.9276079535484314, 0.3637532591819763], [0.3643823564052582, 0.8827093243598938]]]",0.3637532591819763,0.8794521689414978,0.9200775027275085,0.8592371940612793,0.8845058679580688,0.8177685737609863,0.31867507100105286,0.8530886173248291,0.847772479057312,/scicore/home/schwede/barta0000/germinal_ds/templates_target_shuffle/nb_s459933_mpnn_3_PDL1/boltz_free/output/boltz_results_nb_s459933_mpnn_3_PDL1/predictions/nb_s459933_mpnn_3_PDL1/nb_s459933_mpnn_3_PDL1_model_0.cif,0.8677530288696289,0.8382109999656677,0.7127976417541504,0.9064919352531433,0.8492168188095093,0.44028693437576294,3.35442852973938,0.7104249596595764,/scicore/home/schwede/barta0000/germinal_ds/templates_target_shuffle/nb_s459933_mpnn_3_PDL1/boltz_with_template/output/boltz_results_nb_s459933_mpnn_3_PDL1/predictions/nb_s459933_mpnn_3_PDL1/nb_s459933_mpnn_3_PDL1_model_0.cif
nb_s467069_mpnn_3_IL3,False,"A,B",12.627599243856332,80.28090954522737,498.27,33.86,8.355,66.20819150187064,0.009208,0.23,0.82,223.12,0.0,0.3,0.5974,0.746,8.641854270493212,87.53901185770751,,,4.723148148148148,75.38833300272624,0.135586,0.38,0.66,,1.0,0.5916,0.1201574324017851,0.8897654502992486,26.03407108783722,60.95920944213867,58.634518,20.703945,0.48717865,0.23448705673217773,/scicore/home/schwede/barta0000/germinal_ds/templates_target_shuffle/nb_s467069_mpnn_3_IL3/chai_no_constraints/seed_1527/pred.model_idx_0.cif,0.32967275381088257,/scicore/home/schwede/barta0000/germinal_ds/templates_target_shuffle/nb_s467069_mpnn_3_IL3/chai_with_constraints/seed_1266/pred.model_idx_1.cif,0.23448705673217773,0.5886629819869995,0.1459430754184723,"[[0.9128774404525757, 0.3078371584415436]]","[[[0.9128774404525757, 0.14224742352962494], [0.1459430754184723, 0.3078371584415436]]]",0.14224742352962494,0.32967275381088257,0.6592512726783752,0.2472781091928482,"[[0.9130479693412781, 0.32028356194496155]]","[[[0.9130479693412781, 0.2472781091928482], [0.2114807665348053, 0.32028356194496155]]]",0.2472781091928482,0.7869009971618652,0.7623808979988098,0.5593169927597046,0.8437970280647278,0.7465103268623352,0.5406318306922913,4.1519904136657715,0.5380347371101379,/scicore/home/schwede/barta0000/germinal_ds/templates_target_shuffle/nb_s467069_mpnn_3_IL3/boltz_free/output/boltz_results_nb_s467069_mpnn_3_IL3/predictions/nb_s467069_mpnn_3_IL3/nb_s467069_mpnn_3_IL3_model_0.cif,0.8643515706062317,0.8916326761245728,0.8070536255836487,0.8786760568618774,0.8053427934646606,0.416737824678421,2.375236988067627,0.8070536255836487,/scicore/home/schwede/barta0000/germinal_ds/templates_target_shuffle/nb_s467069_mpnn_3_IL3/boltz_with_template/output/boltz_results_nb_s467069_mpnn_3_IL3/predictions/nb_s467069_mpnn_3_IL3/nb_s467069_mpnn_3_IL3_model_0.cif
nb_s776407_mpnn_2_IL3,False,"A,B",13.370335999999998,75.78755255255255,345.49,15.79,7.779166666666667,56.00328775004391,0.006365,0.2,0.795,61.53,0.0,0.28,0.9885,0.498,6.726334400000001,86.8424,,,6.398000000000001,72.81642804827008,0.3205,0.57,0.73,,1.0,0.5185,0.08968817632999086,0.8239813801214352,24.407247734069824,45.74985122680664,50.98983,21.293587,0.45769793,0.242773175239563,/scicore/home/schwede/barta0000/germinal_ds/templates_target_shuffle/nb_s776407_mpnn_2_IL3/chai_no_constraints/seed_1744/pred.model_idx_4.cif,0.3409092426300049,/scicore/home/schwede/barta0000/germinal_ds/templates_target_shuffle/nb_s776407_mpnn_2_IL3/chai_with_constraints/seed_4758/pred.model_idx_1.cif,0.242773175239563,0.576248824596405,0.15940426290035248,"[[0.8776726126670837, 0.3146805167198181]]","[[[0.8776726126670837, 0.15940426290035248], [0.1426343321800232, 0.3146805167198181]]]",0.15940426290035248,0.3409092426300049,0.6497564315795898,0.26369744539260864,"[[0.8920207023620605, 0.32630589604377747]]","[[[0.8920207023620605, 0.25755614042282104], [0.26369744539260864, 0.32630589604377747]]]",0.25755614042282104,0.8064932823181152,0.782979428768158,0.6093114018440247,0.8557887077331543,0.7728259563446045,0.5351649522781372,3.558126449584961,0.6093114018440247,/scicore/home/schwede/barta0000/germinal_ds/templates_target_shuffle/nb_s776407_mpnn_2_IL3/boltz_free/output/boltz_results_nb_s776407_mpnn_2_IL3/predictions/nb_s776407_mpnn_2_IL3/nb_s776407_mpnn_2_IL3_model_0.cif,0.7895253896713257,0.7460517883300781,0.5328938961029053,0.8536832332611084,0.7804170250892639,0.7421914339065552,5.688096523284912,0.5058250427246094,/scicore/home/schwede/barta0000/germinal_ds/templates_target_shuffle/nb_s776407_mpnn_2_IL3/boltz_with_template/output/boltz_results_nb_s776407_mpnn_2_IL3/predictions/nb_s776407_mpnn_2_IL3/nb_s776407_mpnn_2_IL3_model_0.cif
nb_s854077_mpnn_2_IL3,False,"A,B",13.387857957474731,81.30688383838384,315.46,17.6,3.4299999999999997,65.53067786959942,0.005664,0.18,0.8400000000000001,86.49,0.0,0.26,0.86,0.682,5.3551413082535255,90.84565217391305,,,2.184565217391304,82.9744452017325,0.39717,0.64,0.79,,1.0,0.0044,0.08995029269057563,0.8584184815471743,25.849374294281006,59.229888916015625,52.656376,21.642963,0.453625,0.2274942249059677,/scicore/home/schwede/barta0000/germinal_ds/templates_target_shuffle/nb_s854077_mpnn_2_IL3/chai_no_constraints/seed_4953/pred.model_idx_0.cif,0.32295215129852295,/scicore/home/schwede/barta0000/germinal_ds/templates_target_shuffle/nb_s854077_mpnn_2_IL3/chai_with_constraints/seed_3321/pred.model_idx_4.cif,0.2274942249059677,0.583486795425415,0.13849607110023499,"[[0.9239638447761536, 0.31108972430229187]]","[[[0.9239638447761536, 0.13391414284706116], [0.13849607110023499, 0.31108972430229187]]]",0.13391414284706116,0.32295215129852295,0.6493754982948303,0.2413463145494461,"[[0.9215571284294128, 0.3591696619987488]]","[[[0.9215571284294128, 0.2413463145494461], [0.19179461896419525, 0.3591696619987488]]]",0.2413463145494461,0.8412491679191589,0.8564860224723816,0.7356324195861816,0.8676533699035645,0.7962142825126648,0.4841616153717041,2.7425854206085205,0.7356324195861816,/scicore/home/schwede/barta0000/germinal_ds/templates_target_shuffle/nb_s854077_mpnn_2_IL3/boltz_free/output/boltz_results_nb_s854077_mpnn_2_IL3/predictions/nb_s854077_mpnn_2_IL3/nb_s854077_mpnn_2_IL3_model_0.cif,0.880040168762207,0.827999472618103,0.6760377883911133,0.9310407042503357,0.8920581340789795,0.6400609016418457,5.90962028503418,0.6529516577720642,/scicore/home/schwede/barta0000/germinal_ds/templates_target_shuffle/nb_s854077_mpnn_2_IL3/boltz_with_template/output/boltz_results_nb_s854077_mpnn_2_IL3/predictions/nb_s854077_mpnn_2_IL3/nb_s854077_mpnn_2_IL3_model_0.cif
nb_s792926_mpnn_5_IL20,False,"A,B",14.789002551020408,79.45753964657906,164.56,12.26,10.820000000000002,65.46406426106638,0.005371,0.16,0.8400000000000001,59.84,0.0,0.24,0.018,0.736,5.750366326530614,92.63942857142858,,,5.2938,85.25519958496093,0.363387,0.63,0.8,,1.0,0.1611,0.07826352339403819,0.8379729590773659,11.175680024283272,65.09272003173828,73.882835,14.060622,0.562508,0.3839908242225647,/scicore/home/schwede/barta0000/germinal_ds/templates_target_shuffle/nb_s792926_mpnn_5_IL20/chai_no_constraints/seed_1038/pred.model_idx_1.cif,0.37495964765548706,/scicore/home/schwede/barta0000/germinal_ds/templates_target_shuffle/nb_s792926_mpnn_5_IL20/chai_with_constraints/seed_3041/pred.model_idx_4.cif,0.3839908242225647,0.6690446138381958,0.31272733211517334,"[[0.907727837562561, 0.8871829509735107]]","[[[0.907727837562561, 0.30522680282592773], [0.31272733211517334, 0.8871829509735107]]]",0.30522680282592773,0.37495964765548706,0.6490305066108704,0.30644193291664124,"[[0.8855195045471191, 0.8664417266845703]]","[[[0.8855195045471191, 0.30644193291664124], [0.2728782892227173, 0.8664417266845703]]]",0.30644193291664124,0.587060809135437,0.6259737610816956,0.34899041056632996,0.6465783715248108,0.5820143818855286,1.1002368927001953,7.191595077514648,0.3046134412288666,/scicore/home/schwede/barta0000/germinal_ds/templates_target_shuffle/nb_s792926_mpnn_5_IL20/boltz_free/output/boltz_results_nb_s792926_mpnn_5_IL20/predictions/nb_s792926_mpnn_5_IL20/nb_s792926_mpnn_5_IL20_model_0.cif,0.8280728459358215,0.8062747120857239,0.6777024865150452,0.8656654357910156,0.8336447477340698,0.7505106329917908,3.0454366207122803,0.6777024865150452,/scicore/home/schwede/barta0000/germinal_ds/templates_target_shuffle/nb_s792926_mpnn_5_IL20/boltz_with_template/output/boltz_results_nb_s792926_mpnn_5_IL20/predictions/nb_s792926_mpnn_5_IL20/nb_s792926_mpnn_5_IL20_model_0.cif
nb_s166775_mpnn_5_IL20,False,"A,B",14.875342431544906,80.11540035587188,384.07,22.58,6.846296296296296,67.53286900063901,0.0054,0.14,0.85,264.76,0.0,0.22,0.0266,0.598,6.006752987301627,91.59763250883391,,,3.5665,81.0200001852853,0.310269,0.57,0.77,,1.0,0.0002,0.07818788898494117,0.8784691012866384,13.081266749988902,66.19332885742188,73.0252,14.687769,0.5466184,0.6151343584060669,/scicore/home/schwede/barta0000/germinal_ds/templates_target_shuffle/nb_s166775_mpnn_5_IL20/chai_no_constraints/seed_2387/pred.model_idx_2.cif,0.43324023485183716,/scicore/home/schwede/barta0000/germinal_ds/templates_target_shuffle/nb_s166775_mpnn_5_IL20/chai_with_constraints/seed_275/pred.model_idx_2.cif,0.6151343584060669,0.7313832640647888,0.5860720872879028,"[[0.8920544385910034, 0.9047362804412842]]","[[[0.8920544385910034, 0.5860720872879028], [0.42044711112976074, 0.9047362804412842]]]",0.5860720872879028,0.43324023485183716,0.7137499451637268,0.36311280727386475,"[[0.9097190499305725, 0.8973602652549744]]","[[[0.9097190499305725, 0.3449915647506714], [0.36311280727386475, 0.8973602652549744]]]",0.3449915647506714,0.5816174745559692,0.6338820457458496,0.3466169238090515,0.6403675675392151,0.5978301167488098,1.0783368349075317,7.395366191864014,0.29152530431747437,/scicore/home/schwede/barta0000/germinal_ds/templates_target_shuffle/nb_s166775_mpnn_5_IL20/boltz_free/output/boltz_results_nb_s166775_mpnn_5_IL20/predictions/nb_s166775_mpnn_5_IL20/nb_s166775_mpnn_5_IL20_model_0.cif,0.7337727546691895,0.6709458827972412,0.41848793625831604,0.812593936920166,0.7691033482551575,0.9571980834007263,7.441657066345215,0.3886110782623291,/scicore/home/schwede/barta0000/germinal_ds/templates_target_shuffle/nb_s166775_mpnn_5_IL20/boltz_with_template/output/boltz_results_nb_s166775_mpnn_5_IL20/predictions/nb_s166775_mpnn_5_IL20/nb_s166775_mpnn_5_IL20_model_0.cif
nb_s80543_mpnn_1_IL20,False,"A,B",12.382540816326529,80.93398828301038,546.19,47.6,7.53888888888889,69.29494028574395,0.006252,0.23,0.845,220.61,0.0,0.31,0.0227,1.416,9.044682015306122,89.37042857142858,,,4.837894736842106,79.68349952697754,0.113922,0.38,0.68,,1.0,0.045,0.1047660209764261,0.8951634622884614,,,71.425385,16.613792,0.5155609,0.33530834317207336,/scicore/home/schwede/barta0000/germinal_ds/templates_target_shuffle/nb_s80543_mpnn_1_IL20/chai_no_constraints/seed_2907/pred.model_idx_4.cif,0.4504096508026123,/scicore/home/schwede/barta0000/germinal_ds/templates_target_shuffle/nb_s80543_mpnn_1_IL20/chai_with_constraints/seed_1327/pred.model_idx_3.cif,0.33530834317207336,0.6515566110610962,0.25624626874923706,"[[0.8932135701179504, 0.902681291103363]]","[[[0.8932135701179504, 0.25624626874923706], [0.23234760761260986, 0.902681291103363]]]",0.25624626874923706,0.4504096508026123,0.6994019746780396,0.3881615400314331,"[[0.8838487267494202, 0.8942214250564575]]","[[[0.8838487267494202, 0.3881615400314331], [0.3683784604072571, 0.8942214250564575]]]",0.3881615400314331,0.6165422201156616,0.7614548802375793,0.6376249194145203,0.6112715005874634,0.56634122133255,0.8565930724143982,4.561437129974365,0.6376249194145203,/scicore/home/schwede/barta0000/germinal_ds/templates_target_shuffle/nb_s80543_mpnn_1_IL20/boltz_free/output/boltz_results_nb_s80543_mpnn_1_IL20/predictions/nb_s80543_mpnn_1_IL20/nb_s80543_mpnn_1_IL20_model_0.cif,0.7385360598564148,0.6849273443222046,0.4634472131729126,0.8073083162307739,0.7529769539833069,1.072044849395752,7.898364067077637,0.46036553382873535,/scicore/home/schwede/barta0000/germinal_ds/templates_target_shuffle/nb_s80543_mpnn_1_IL20/boltz_with_template/output/boltz_results_nb_s80543_mpnn_1_IL20/predictions/nb_s80543_mpnn_1_IL20/nb_s80543_mpnn_1_IL20_model_0.cif
nb_s771573_mpnn_5_BHRF,False,"A,B",7.719566372621956,86.59360770577935,23.2,1.57,5.1051724137931025,83.70779453958586,0.315076,0.65,0.87,-123.88,0.0,0.67,0.0138,0.211,4.119184468771035,94.73512027491408,,,2.6041071428571425,93.12571552821568,0.719798,0.83,0.88,,1.0,0.0343,0.8095464323089082,0.8774231102744733,19.592741012573242,52.394004821777344,74.47321,16.663198,0.5141605,0.28197336196899414,/scicore/home/schwede/barta0000/germinal_ds/templates_target_shuffle/nb_s771573_mpnn_5_BHRF/chai_no_constraints/seed_1878/pred.model_idx_3.cif,0.5148882865905762,/scicore/home/schwede/barta0000/germinal_ds/templates_target_shuffle/nb_s771573_mpnn_5_BHRF/chai_with_constraints/seed_2247/pred.model_idx_4.cif,0.28197336196899414,0.616344153881073,0.19838066399097443,"[[0.8950916528701782, 0.9125533699989319]]","[[[0.8950916528701782, 0.19838066399097443], [0.15346728265285492, 0.9125533699989319]]]",0.19838066399097443,0.5148882865905762,0.7773072123527527,0.44928351044654846,"[[0.8993630409240723, 0.9132005572319031]]","[[[0.8993630409240723, 0.4476622939109802], [0.44928351044654846, 0.9132005572319031]]]",0.4476622939109802,0.7893779277801514,0.6722001433372498,0.3672780394554138,0.8949028849601746,0.8182389140129089,0.6279999017715454,7.454079627990723,0.33366647362709045,/scicore/home/schwede/barta0000/germinal_ds/templates_target_shuffle/nb_s771573_mpnn_5_BHRF/boltz_free/output/boltz_results_nb_s771573_mpnn_5_BHRF/predictions/nb_s771573_mpnn_5_BHRF/nb_s771573_mpnn_5_BHRF_model_0.cif,0.8084127306938171,0.7006389498710632,0.447659969329834,0.8986008763313293,0.8338345885276794,0.817726731300354,8.886248588562012,0.447659969329834,/scicore/home/schwede/barta0000/germinal_ds/templates_target_shuffle/nb_s771573_mpnn_5_BHRF/boltz_with_template/output/boltz_results_nb_s771573_mpnn_5_BHRF/predictions/nb_s771573_mpnn_5_BHRF/nb_s771573_mpnn_5_BHRF_model_0.cif
nb_s206830_mpnn_1_PDL1,False,"A,B",8.631262796204313,85.2742780172414,10.64,0.92,3.7568181818181814,76.29882486724922,0.131566,0.47,0.85,-164.41,0.0,0.52,0.6056,0.4,3.4139952642916915,96.65135021097048,,,1.6228846153846157,95.01666683620877,0.682697,0.84,0.89,,1.0,0.1307,0.265049688241615,0.8428895396821766,22.9969539642334,39.662235260009766,67.48249,17.202482,0.49045104,0.33886611461639404,/scicore/home/schwede/barta0000/germinal_ds/templates_target_shuffle/nb_s206830_mpnn_1_PDL1/chai_no_constraints/seed_626/pred.model_idx_4.cif,0.6780077219009399,/scicore/home/schwede/barta0000/germinal_ds/templates_target_shuffle/nb_s206830_mpnn_1_PDL1/chai_with_constraints/seed_3558/pred.model_idx_0.cif,0.33886611461639404,0.6634244918823242,0.2577264904975891,"[[0.8867719173431396, 0.8811416029930115]]","[[[0.8867719173431396, 0.2531697750091553], [0.2577264904975891, 0.8811416029930115]]]",0.2531697750091553,0.6780077219009399,0.8464499115943909,0.635897159576416,"[[0.9276860356330872, 0.9284685850143433]]","[[[0.9276860356330872, 0.6341004371643066], [0.635897159576416, 0.9284685850143433]]]",0.6341004371643066,0.8167160153388977,0.767533540725708,0.5604283809661865,0.8807879686355591,0.8193574547767639,0.5142194032669067,3.734299898147583,0.5266934633255005,/scicore/home/schwede/barta0000/germinal_ds/templates_target_shuffle/nb_s206830_mpnn_1_PDL1/boltz_free/output/boltz_results_nb_s206830_mpnn_1_PDL1/predictions/nb_s206830_mpnn_1_PDL1/nb_s206830_mpnn_1_PDL1_model_0.cif,0.8941810727119446,0.8637077808380127,0.7797189354896545,0.9227966070175171,0.8921819925308228,0.4004461467266083,1.7526402473449707,0.7321112155914307,/scicore/home/schwede/barta0000/germinal_ds/templates_target_shuffle/nb_s206830_mpnn_1_PDL1/boltz_with_template/output/boltz_results_nb_s206830_mpnn_1_PDL1/predictions/nb_s206830_mpnn_1_PDL1/nb_s206830_mpnn_1_PDL1_model_0.cif
nb_s609713_mpnn_4_BHRF,False,"A,B",12.62684944058642,83.68917398945518,238.8,15.58,5.320689655172414,71.41193330740917,0.023218,0.32,0.87,77.4,0.0,0.37,0.0168,0.41,4.6821108217592595,94.48086805555555,,,2.8699999999999997,89.17482889109644,0.52925,0.73,0.85,,1.0,0.0014,0.11214236421848393,0.860358766982608,17.86694633960724,63.58346176147461,75.557945,14.814846,0.55822337,0.27761536836624146,/scicore/home/schwede/barta0000/germinal_ds/templates_target_shuffle/nb_s609713_mpnn_4_BHRF/chai_no_constraints/seed_1364/pred.model_idx_2.cif,0.43496084213256836,/scicore/home/schwede/barta0000/germinal_ds/templates_target_shuffle/nb_s609713_mpnn_4_BHRF/chai_with_constraints/seed_1251/pred.model_idx_3.cif,0.27761536836624146,0.6105058193206787,0.19439275562763214,"[[0.9263151288032532, 0.9032411575317383]]","[[[0.9263151288032532, 0.19439275562763214], [0.13708828389644623, 0.9032411575317383]]]",0.19439275562763214,0.43496084213256836,0.714677095413208,0.36503177881240845,"[[0.9231283664703369, 0.8932523727416992]]","[[[0.9231283664703369, 0.36503177881240845], [0.3257236182689667, 0.8932523727416992]]]",0.36503177881240845,0.8348720669746399,0.8158915638923645,0.6433752775192261,0.8827462196350098,0.8373836278915405,0.45631489157676697,4.025406837463379,0.6433752775192261,/scicore/home/schwede/barta0000/germinal_ds/templates_target_shuffle/nb_s609713_mpnn_4_BHRF/boltz_free/output/boltz_results_nb_s609713_mpnn_4_BHRF/predictions/nb_s609713_mpnn_4_BHRF/nb_s609713_mpnn_4_BHRF_model_0.cif,0.8131193518638611,0.741828203201294,0.51548171043396,0.8875287771224976,0.8315930962562561,0.6535432934761047,7.848969459533691,0.51548171043396,/scicore/home/schwede/barta0000/germinal_ds/templates_target_shuffle/nb_s609713_mpnn_4_BHRF/boltz_with_template/output/boltz_results_nb_s609713_mpnn_4_BHRF/predictions/nb_s609713_mpnn_4_BHRF/nb_s609713_mpnn_4_BHRF_model_0.cif
nb_s282075_mpnn_3_IL20,False,"A,B",14.400305909675485,81.42606344950849,155.44,14.5,5.284375,64.00176805299273,0.00497,0.15,0.855,13.04,0.0,0.23,0.646,2.752,8.876814543820002,91.56077738515901,,,1.8807894736842108,79.82249895731609,0.104353,0.35,0.66,,1.0,0.6616,0.10651599926808063,0.8906809219255162,10.12091623544693,64.14080047607422,74.26009,13.093212,0.61647666,0.30157241225242615,/scicore/home/schwede/barta0000/germinal_ds/templates_target_shuffle/nb_s282075_mpnn_3_IL20/chai_no_constraints/seed_2686/pred.model_idx_4.cif,0.38748031854629517,/scicore/home/schwede/barta0000/germinal_ds/templates_target_shuffle/nb_s282075_mpnn_3_IL20/chai_with_constraints/seed_2279/pred.model_idx_4.cif,0.30157241225242615,0.6156041622161865,0.22306446731090546,"[[0.8977019190788269, 0.8974779844284058]]","[[[0.8977019190788269, 0.22306446731090546], [0.1842358410358429, 0.8974779844284058]]]",0.22306446731090546,0.38748031854629517,0.6723017692565918,0.3162749409675598,"[[0.8724618554115295, 0.8807743787765503]]","[[[0.8724618554115295, 0.3162749409675598], [0.2931399345397949, 0.8807743787765503]]]",0.3162749409675598,0.614628791809082,0.7070584297180176,0.4896599054336548,0.6458709836006165,0.5791789293289185,0.9709305763244629,5.429208755493164,0.46535778045654297,/scicore/home/schwede/barta0000/germinal_ds/templates_target_shuffle/nb_s282075_mpnn_3_IL20/boltz_free/output/boltz_results_nb_s282075_mpnn_3_IL20/predictions/nb_s282075_mpnn_3_IL20/nb_s282075_mpnn_3_IL20_model_0.cif,0.7980225086212158,0.7326382994651794,0.5620853900909424,0.8570067882537842,0.8261297345161438,0.9623342752456665,6.7703704833984375,0.5620853900909424,/scicore/home/schwede/barta0000/germinal_ds/templates_target_shuffle/nb_s282075_mpnn_3_IL20/boltz_with_template/output/boltz_results_nb_s282075_mpnn_3_IL20/predictions/nb_s282075_mpnn_3_IL20/nb_s282075_mpnn_3_IL20_model_0.cif
nb_s556135_mpnn_2_IL20,False,"A,B",11.137119897959186,83.46348636363636,163.9,15.01,6.050000000000001,70.26033884305475,0.066389,0.38,0.86,-2.84,0.0,0.44,0.005,0.496,5.20358443877551,93.63264285714286,,,3.5264705882352945,87.48428417387463,0.439123,0.71,0.82,,1.0,0.0155,0.09840389795098721,0.8586701587183346,11.592020034790039,69.38668823242188,77.1967,13.636516,0.5672309,0.28098607063293457,/scicore/home/schwede/barta0000/germinal_ds/templates_target_shuffle/nb_s556135_mpnn_2_IL20/chai_no_constraints/seed_2493/pred.model_idx_1.cif,0.4491007328033447,/scicore/home/schwede/barta0000/germinal_ds/templates_target_shuffle/nb_s556135_mpnn_2_IL20/chai_with_constraints/seed_2006/pred.model_idx_2.cif,0.28098607063293457,0.6035065054893494,0.20035596191883087,"[[0.8838401436805725, 0.893842339515686]]","[[[0.8838401436805725, 0.20035596191883087], [0.16412353515625, 0.893842339515686]]]",0.20035596191883087,0.4491007328033447,0.6933276653289795,0.38804399967193604,"[[0.8918613195419312, 0.8411028981208801]]","[[[0.8918613195419312, 0.38804399967193604], [0.3490801751613617, 0.8411028981208801]]]",0.38804399967193604,0.5472880601882935,0.5445182919502258,0.23210041224956512,0.6260849237442017,0.5882723927497864,1.3212823867797852,8.548809051513672,0.22848299145698547,/scicore/home/schwede/barta0000/germinal_ds/templates_target_shuffle/nb_s556135_mpnn_2_IL20/boltz_free/output/boltz_results_nb_s556135_mpnn_2_IL20/predictions/nb_s556135_mpnn_2_IL20/nb_s556135_mpnn_2_IL20_model_0.cif,0.864035427570343,0.8448541760444641,0.8048166036605835,0.8788400888442993,0.8557484745979309,0.7223563194274902,3.0050740242004395,0.8048166036605835,/scicore/home/schwede/barta0000/germinal_ds/templates_target_shuffle/nb_s556135_mpnn_2_IL20/boltz_with_template/output/boltz_results_nb_s556135_mpnn_2_IL20/predictions/nb_s556135_mpnn_2_IL20/nb_s556135_mpnn_2_IL20_model_0.cif
nb_s556135_mpnn_1_IL20,False,"A,B",9.460483418367348,84.57661246612466,121.89,10.9,6.094444444444445,75.69107655374339,0.235425,0.58,0.86,-52.19,0.0,0.6,0.5497,0.225,4.86200025510204,94.74210714285715,,,2.9752777777777784,90.41380964006696,0.448175,0.72,0.83,,1.0,0.5674,0.1753491469354156,0.8648874619256618,15.582212448120117,57.88922119140625,72.90238,15.152065,0.5397191,0.2908920645713806,/scicore/home/schwede/barta0000/germinal_ds/templates_target_shuffle/nb_s556135_mpnn_1_IL20/chai_no_constraints/seed_1087/pred.model_idx_2.cif,0.39684271812438965,/scicore/home/schwede/barta0000/germinal_ds/templates_target_shuffle/nb_s556135_mpnn_1_IL20/chai_with_constraints/seed_2595/pred.model_idx_0.cif,0.2908920645713806,0.6109228134155273,0.21088436245918274,"[[0.8950762748718262, 0.9021466970443726]]","[[[0.8950762748718262, 0.21088436245918274], [0.15974004566669464, 0.9021466970443726]]]",0.21088436245918274,0.39684271812438965,0.6551784873008728,0.33225879073143005,"[[0.891257107257843, 0.8586559295654297]]","[[[0.891257107257843, 0.33225879073143005], [0.266710102558136, 0.8586559295654297]]]",0.33225879073143005,0.6195046305656433,0.6539856791496277,0.39631038904190063,0.6753031611442566,0.6160807609558105,0.7373405694961548,6.6396636962890625,0.35812848806381226,/scicore/home/schwede/barta0000/germinal_ds/templates_target_shuffle/nb_s556135_mpnn_1_IL20/boltz_free/output/boltz_results_nb_s556135_mpnn_1_IL20/predictions/nb_s556135_mpnn_1_IL20/nb_s556135_mpnn_1_IL20_model_0.cif,0.7609546780586243,0.6786370277404785,0.4894265830516815,0.8288366794586182,0.7848548889160156,0.8697224259376526,6.526560306549072,0.4894265830516815,/scicore/home/schwede/barta0000/germinal_ds/templates_target_shuffle/nb_s556135_mpnn_1_IL20/boltz_with_template/output/boltz_results_nb_s556135_mpnn_1_IL20/predictions/nb_s556135_mpnn_1_IL20/nb_s556135_mpnn_1_IL20_model_0.cif
nb_s53820_mpnn_1_IL3,False,"A,B",10.53834460778953,81.32952692501259,124.67,6.11,7.436666666666667,68.6975742299374,0.108216,0.43,0.825,-35.15,0.0,0.48,0.0312,0.298,4.50567623302973,92.91956521739131,,,3.928170731707317,89.35894775390625,0.656051,0.8,0.87,,1.0,0.0057,0.3834785514666783,0.8626898813910278,27.063494205474854,41.722320556640625,54.12011,21.430529,0.46331358,0.2513068914413452,/scicore/home/schwede/barta0000/germinal_ds/templates_target_shuffle/nb_s53820_mpnn_1_IL3/chai_no_constraints/seed_2888/pred.model_idx_3.cif,0.3212648928165436,/scicore/home/schwede/barta0000/germinal_ds/templates_target_shuffle/nb_s53820_mpnn_1_IL3/chai_with_constraints/seed_1568/pred.model_idx_4.cif,0.2513068914413452,0.5973032712936401,0.16480781137943268,"[[0.9037010669708252, 0.3406783938407898]]","[[[0.9037010669708252, 0.16480781137943268], [0.1422039419412613, 0.3406783938407898]]]",0.16480781137943268,0.3212648928165436,0.6457995772361755,0.2401312291622162,"[[0.9010019302368164, 0.35724636912345886]]","[[[0.9010019302368164, 0.2401312291622162], [0.22623321413993835, 0.35724636912345886]]]",0.2401312291622162,0.7789174318313599,0.7404487729072571,0.505588173866272,0.8472496867179871,0.7641399502754211,0.5755216479301453,4.511026382446289,0.4786369502544403,/scicore/home/schwede/barta0000/germinal_ds/templates_target_shuffle/nb_s53820_mpnn_1_IL3/boltz_free/output/boltz_results_nb_s53820_mpnn_1_IL3/predictions/nb_s53820_mpnn_1_IL3/nb_s53820_mpnn_1_IL3_model_0.cif,0.8015567660331726,0.7466155290603638,0.535209059715271,0.8681436777114868,0.7970401048660278,0.7749937772750854,6.775782108306885,0.5285446047782898,/scicore/home/schwede/barta0000/germinal_ds/templates_target_shuffle/nb_s53820_mpnn_1_IL3/boltz_with_template/output/boltz_results_nb_s53820_mpnn_1_IL3/predictions/nb_s53820_mpnn_1_IL3/nb_s53820_mpnn_1_IL3_model_0.cif
nb_s1683_mpnn_1_IL3,False,"A,B",14.433173459982187,79.94281062124247,174.49,13.33,5.865217391304348,63.48661731129959,0.00565,0.16,0.815,70.21,0.0,0.24,0.5763,0.455,7.072651814588572,91.82521739130435,,,2.168611111111111,81.67549991607666,0.21414,0.51,0.73,,1.0,0.9362,0.0916906706605252,0.8840583252496033,25.87424921989441,54.26426696777344,53.444157,21.497467,0.4579128,0.20783263444900513,/scicore/home/schwede/barta0000/germinal_ds/templates_target_shuffle/nb_s1683_mpnn_1_IL3/chai_no_constraints/seed_2980/pred.model_idx_2.cif,0.5718835592269897,/scicore/home/schwede/barta0000/germinal_ds/templates_target_shuffle/nb_s1683_mpnn_1_IL3/chai_with_constraints/seed_2518/pred.model_idx_2.cif,0.20783263444900513,0.5478933453559875,0.12281744927167892,"[[0.8533692955970764, 0.32832059264183044]]","[[[0.8533692955970764, 0.12281744927167892], [0.08783562481403351, 0.32832059264183044]]]",0.12281744927167892,0.5718835592269897,0.7209819555282593,0.5346089005470276,"[[0.9055424332618713, 0.4286261200904846]]","[[[0.9055424332618713, 0.3717457354068756], [0.5346089005470276, 0.4286261200904846]]]",0.3717457354068756,0.8472220301628113,0.8217555284500122,0.7906565070152283,0.8613634705543518,0.7884926199913025,0.5297420024871826,2.176370620727539,0.7906565070152283,/scicore/home/schwede/barta0000/germinal_ds/templates_target_shuffle/nb_s1683_mpnn_1_IL3/boltz_free/output/boltz_results_nb_s1683_mpnn_1_IL3/predictions/nb_s1683_mpnn_1_IL3/nb_s1683_mpnn_1_IL3_model_0.cif,0.8342995643615723,0.7376999258995056,0.6144301295280457,0.8892669081687927,0.8386167883872986,0.7839900851249695,5.224770545959473,0.6144301295280457,/scicore/home/schwede/barta0000/germinal_ds/templates_target_shuffle/nb_s1683_mpnn_1_IL3/boltz_with_template/output/boltz_results_nb_s1683_mpnn_1_IL3/predictions/nb_s1683_mpnn_1_IL3/nb_s1683_mpnn_1_IL3_model_0.cif
nb_s983700_mpnn_2_IL3,False,"A,B",13.493486400000002,77.8641789527199,253.89,17.81,7.486363636363637,60.481630948236216,0.006794,0.19,0.81,66.9,0.0,0.26,0.0072,1.229,7.7609993600000005,87.72796,,,4.060652173913043,71.97833331425984,0.208489,0.45,0.68,,1.0,0.0147,0.10208914660767598,0.8327251895726643,24.859928766886394,50.06636428833008,50.79673,21.369036,0.45471197,0.23399853706359863,/scicore/home/schwede/barta0000/germinal_ds/templates_target_shuffle/nb_s983700_mpnn_2_IL3/chai_no_constraints/seed_4631/pred.model_idx_3.cif,0.24020478129386902,/scicore/home/schwede/barta0000/germinal_ds/templates_target_shuffle/nb_s983700_mpnn_2_IL3/chai_with_constraints/seed_1098/pred.model_idx_4.cif,0.23399853706359863,0.5685937404632568,0.1503497213125229,"[[0.864924967288971, 0.3165361285209656]]","[[[0.864924967288971, 0.1503497213125229], [0.11321919411420822, 0.3165361285209656]]]",0.1503497213125229,0.24020478129386902,0.5755741596221924,0.15636242926120758,"[[0.8685654997825623, 0.302077054977417]]","[[[0.8685654997825623, 0.15636242926120758], [0.11429604887962341, 0.302077054977417]]]",0.15636242926120758,0.8246874809265137,0.7197692394256592,0.5920946598052979,0.8828356862068176,0.8063275218009949,0.6543138027191162,3.935011863708496,0.49520957469940186,/scicore/home/schwede/barta0000/germinal_ds/templates_target_shuffle/nb_s983700_mpnn_2_IL3/boltz_free/output/boltz_results_nb_s983700_mpnn_2_IL3/predictions/nb_s983700_mpnn_2_IL3/nb_s983700_mpnn_2_IL3_model_0.cif,0.8170071840286255,0.692107617855072,0.43897515535354614,0.9115151762962341,0.8540082573890686,0.7505767345428467,5.578176975250244,0.43897515535354614,/scicore/home/schwede/barta0000/germinal_ds/templates_target_shuffle/nb_s983700_mpnn_2_IL3/boltz_with_template/output/boltz_results_nb_s983700_mpnn_2_IL3/predictions/nb_s983700_mpnn_2_IL3/nb_s983700_mpnn_2_IL3_model_0.cif
nb_s717713_mpnn_2_BHRF,False,"A,B",6.531610484182099,87.12842429577465,45.51,2.85,4.030645161290322,84.92267364709379,0.537813,0.76,0.86,-87.4,0.0,0.77,,0.284,4.245579065393518,94.08569444444444,,,3.0589062499999997,91.95468831062317,0.690746,0.84,0.9,,1.0,0.2001,0.7926232731235279,0.8801815520105003,18.812555040631974,65.87089538574219,74.50914,16.090302,0.5338821,0.33836886286735535,/scicore/home/schwede/barta0000/germinal_ds/templates_target_shuffle/nb_s717713_mpnn_2_BHRF/chai_no_constraints/seed_2221/pred.model_idx_3.cif,0.5295073986053467,/scicore/home/schwede/barta0000/germinal_ds/templates_target_shuffle/nb_s717713_mpnn_2_BHRF/chai_with_constraints/seed_3671/pred.model_idx_0.cif,0.33836886286735535,0.6532490849494934,0.25964879989624023,"[[0.8941509127616882, 0.9034110307693481]]","[[[0.8941509127616882, 0.25964879989624023], [0.24400867521762848, 0.9034110307693481]]]",0.25964879989624023,0.5295073986053467,0.7752565145492554,0.4680700898170471,"[[0.90666663646698, 0.9081364274024963]]","[[[0.90666663646698, 0.4680700898170471], [0.44401150941848755, 0.9081364274024963]]]",0.4680700898170471,0.8028661608695984,0.7296686172485352,0.4961874485015869,0.8795359134674072,0.7937211394309998,0.6596741080284119,6.378600120544434,0.48200690746307373,/scicore/home/schwede/barta0000/germinal_ds/templates_target_shuffle/nb_s717713_mpnn_2_BHRF/boltz_free/output/boltz_results_nb_s717713_mpnn_2_BHRF/predictions/nb_s717713_mpnn_2_BHRF/nb_s717713_mpnn_2_BHRF_model_0.cif,0.8736069798469543,0.8256561756134033,0.6929811835289001,0.9187634587287903,0.8787429928779602,0.6035924553871155,4.4729180335998535,0.6929811835289001,/scicore/home/schwede/barta0000/germinal_ds/templates_target_shuffle/nb_s717713_mpnn_2_BHRF/boltz_with_template/output/boltz_results_nb_s717713_mpnn_2_BHRF/predictions/nb_s717713_mpnn_2_BHRF/nb_s717713_mpnn_2_BHRF_model_0.cif
nb_s949322_mpnn_4_IL3,False,"A,B",14.530560000000001,73.86471679197994,517.86,28.88,9.1625,57.52752393677967,0.005801,0.15,0.7749999999999999,131.27,0.0,0.23,0.1047,0.643,7.1260912,86.63516,,,5.945185185185187,75.53241335112473,0.27579,0.55,0.73,,1.0,0.5935,0.09370476166298593,0.8306744541052313,28.733783721923828,48.838897705078125,52.83295,21.34122,0.4583866,0.21390438079833984,/scicore/home/schwede/barta0000/germinal_ds/templates_target_shuffle/nb_s949322_mpnn_4_IL3/chai_no_constraints/seed_2924/pred.model_idx_1.cif,0.2638261020183563,/scicore/home/schwede/barta0000/germinal_ds/templates_target_shuffle/nb_s949322_mpnn_4_IL3/chai_with_constraints/seed_1270/pred.model_idx_2.cif,0.21390438079833984,0.5486428141593933,0.13021977245807648,"[[0.8550662994384766, 0.3096354901790619]]","[[[0.8550662994384766, 0.13021977245807648], [0.08817499876022339, 0.3096354901790619]]]",0.13021977245807648,0.2638261020183563,0.5931606292724609,0.18149247765541077,"[[0.8519356846809387, 0.3502098619937897]]","[[[0.8519356846809387, 0.18149247765541077], [0.1274857074022293, 0.3502098619937897]]]",0.18149247765541077,0.839134693145752,0.8505994081497192,0.8167747259140015,0.844724714756012,0.7614645957946777,0.4510160982608795,1.8296579122543335,0.7574419975280762,/scicore/home/schwede/barta0000/germinal_ds/templates_target_shuffle/nb_s949322_mpnn_4_IL3/boltz_free/output/boltz_results_nb_s949322_mpnn_4_IL3/predictions/nb_s949322_mpnn_4_IL3/nb_s949322_mpnn_4_IL3_model_0.cif,0.8088507056236267,0.7831250429153442,0.6327586770057678,0.852873682975769,0.7940543293952942,0.6549188494682312,4.190095901489258,0.6130877137184143,/scicore/home/schwede/barta0000/germinal_ds/templates_target_shuffle/nb_s949322_mpnn_4_IL3/boltz_with_template/output/boltz_results_nb_s949322_mpnn_4_IL3/predictions/nb_s949322_mpnn_4_IL3/nb_s949322_mpnn_4_IL3_model_0.cif
nb_s983700_mpnn_1_PDL1,False,"A,B",9.409485659349462,83.0743392188336,136.57,10.94,7.185714285714286,66.79106708607918,0.100205,0.34,0.835,-102.52,0.0,0.39,0.8506,0.646,6.511565632288272,90.01025316455696,,,4.548181818181819,80.88869575832202,0.272694,0.53,0.71,,1.0,0.1854,0.12121861238228093,0.9044940119224095,,,65.590294,17.91002,0.4711731,0.3202997148036957,/scicore/home/schwede/barta0000/germinal_ds/templates_target_shuffle/nb_s983700_mpnn_1_PDL1/chai_no_constraints/seed_1114/pred.model_idx_2.cif,0.3730209171772003,/scicore/home/schwede/barta0000/germinal_ds/templates_target_shuffle/nb_s983700_mpnn_1_PDL1/chai_with_constraints/seed_1155/pred.model_idx_4.cif,0.3202997148036957,0.6496365070343018,0.23796550929546356,"[[0.872607946395874, 0.8783441781997681]]","[[[0.872607946395874, 0.23796550929546356], [0.22531858086585999, 0.8783441781997681]]]",0.23796550929546356,0.3730209171772003,0.6842280626296997,0.2952191233634949,"[[0.8659977912902832, 0.8676385879516602]]","[[[0.8659977912902832, 0.2952191233634949], [0.28665176033973694, 0.8676385879516602]]]",0.2952191233634949,0.8123946189880371,0.83149254322052,0.7027571797370911,0.83980393409729,0.7366116642951965,0.4340645968914032,2.178816318511963,0.6731249094009399,/scicore/home/schwede/barta0000/germinal_ds/templates_target_shuffle/nb_s983700_mpnn_1_PDL1/boltz_free/output/boltz_results_nb_s983700_mpnn_1_PDL1/predictions/nb_s983700_mpnn_1_PDL1/nb_s983700_mpnn_1_PDL1_model_0.cif,0.8172585368156433,0.7632859349250793,0.5794628262519836,0.8767074346542358,0.7984786033630371,0.5319187641143799,3.064626693725586,0.551352322101593,/scicore/home/schwede/barta0000/germinal_ds/templates_target_shuffle/nb_s983700_mpnn_1_PDL1/boltz_with_template/output/boltz_results_nb_s983700_mpnn_1_PDL1/predictions/nb_s983700_mpnn_1_PDL1/nb_s983700_mpnn_1_PDL1_model_0.cif
nb_s713450_mpnn_2_IL3,False,"A,B",13.803548800000002,79.61248466257669,272.9,17.61,5.927777777777778,64.79466424282838,0.005718,0.18,0.8200000000000001,47.17,0.0,0.26,0.369,1.278,9.553464479999999,87.41839999999999,,,2.5616000000000003,72.91035720280239,0.078783,0.3,0.62,,1.0,0.8222,0.1277276017358947,0.86926811231003,25.068864504496258,48.13859558105469,55.876972,20.98325,0.47775397,0.5167301297187805,/scicore/home/schwede/barta0000/germinal_ds/templates_target_shuffle/nb_s713450_mpnn_2_IL3/chai_no_constraints/seed_1490/pred.model_idx_1.cif,0.6507762670516968,/scicore/home/schwede/barta0000/germinal_ds/templates_target_shuffle/nb_s713450_mpnn_2_IL3/chai_with_constraints/seed_1986/pred.model_idx_3.cif,0.5167301297187805,0.6259350776672363,0.48942890763282776,"[[0.8879833817481995, 0.30600640177726746]]","[[[0.8879833817481995, 0.24566057324409485], [0.48942890763282776, 0.30600640177726746]]]",0.24566057324409485,0.6507762670516968,0.679710865020752,0.6435425877571106,"[[0.9328705072402954, 0.3466043770313263]]","[[[0.9328705072402954, 0.2986754775047302], [0.6435425877571106, 0.3466043770313263]]]",0.2986754775047302,0.8103165030479431,0.8114579916000366,0.6905966997146606,0.8402464389801025,0.756104052066803,0.5957932472229004,3.5838332176208496,0.6905966997146606,/scicore/home/schwede/barta0000/germinal_ds/templates_target_shuffle/nb_s713450_mpnn_2_IL3/boltz_free/output/boltz_results_nb_s713450_mpnn_2_IL3/predictions/nb_s713450_mpnn_2_IL3/nb_s713450_mpnn_2_IL3_model_0.cif,0.8458023071289062,0.7936593890190125,0.6369635462760925,0.8980119824409485,0.834351658821106,0.7576147317886353,5.623936176300049,0.6369635462760925,/scicore/home/schwede/barta0000/germinal_ds/templates_target_shuffle/nb_s713450_mpnn_2_IL3/boltz_with_template/output/boltz_results_nb_s713450_mpnn_2_IL3/predictions/nb_s713450_mpnn_2_IL3/nb_s713450_mpnn_2_IL3_model_0.cif
nb_s214428_mpnn_1_IL20,False,"A,B",15.442618836544343,80.54449443207128,187.82,11.52,5.84375,77.01051337903388,0.0,0.15,0.85,-12.35,0.0,0.23,0.0907,0.351,4.068302014009414,95.00406360424029,,,2.936333333333334,93.64133326212566,0.679007,0.83,0.88,,1.0,0.0254,0.01638330312506373,0.8522180107431652,16.800263583660126,56.95009231567383,73.86763,14.676197,0.5606358,0.29656362533569336,/scicore/home/schwede/barta0000/germinal_ds/templates_target_shuffle/nb_s214428_mpnn_1_IL20/chai_no_constraints/seed_3811/pred.model_idx_1.cif,0.4342729151248932,/scicore/home/schwede/barta0000/germinal_ds/templates_target_shuffle/nb_s214428_mpnn_1_IL20/chai_with_constraints/seed_2176/pred.model_idx_2.cif,0.29656362533569336,0.6125134825706482,0.21757613122463226,"[[0.876763641834259, 0.9002991318702698]]","[[[0.876763641834259, 0.21757613122463226], [0.18376785516738892, 0.9002991318702698]]]",0.21757613122463226,0.4342729151248932,0.7124785780906677,0.36472147703170776,"[[0.8822166919708252, 0.8946493864059448]]","[[[0.8822166919708252, 0.36472147703170776], [0.3612785339355469, 0.8946493864059448]]]",0.36472147703170776,0.6319515109062195,0.7160667181015015,0.5507356524467468,0.6522554159164429,0.5985647439956665,1.1470592021942139,5.220581531524658,0.5507356524467468,/scicore/home/schwede/barta0000/germinal_ds/templates_target_shuffle/nb_s214428_mpnn_1_IL20/boltz_free/output/boltz_results_nb_s214428_mpnn_1_IL20/predictions/nb_s214428_mpnn_1_IL20/nb_s214428_mpnn_1_IL20_model_0.cif,0.8234448432922363,0.7826114296913147,0.7013713717460632,0.8539631962776184,0.8310810923576355,0.8542672991752625,3.358109951019287,0.7013713717460632,/scicore/home/schwede/barta0000/germinal_ds/templates_target_shuffle/nb_s214428_mpnn_1_IL20/boltz_with_template/output/boltz_results_nb_s214428_mpnn_1_IL20/predictions/nb_s214428_mpnn_1_IL20/nb_s214428_mpnn_1_IL20_model_0.cif
nb_s802159_mpnn_2_PDL1,False,"A,B",5.823942032081753,87.33395174262735,99.85,7.66,5.0534482758620705,82.19910788568508,0.520334,0.77,0.855,-89.75,0.0,0.77,0.9961,3.565,5.851852445299008,90.68481012658228,,,5.1885,84.59428446633476,0.461977,0.74,0.75,,1.0,0.9957,0.5142083746329325,0.8910954416057429,19.11903738975525,50.058250427246094,67.309006,16.035158,0.52221537,0.7227157354354858,/scicore/home/schwede/barta0000/germinal_ds/templates_target_shuffle/nb_s802159_mpnn_2_PDL1/chai_no_constraints/seed_1838/pred.model_idx_1.cif,0.44242334365844727,/scicore/home/schwede/barta0000/germinal_ds/templates_target_shuffle/nb_s802159_mpnn_2_PDL1/chai_with_constraints/seed_3157/pred.model_idx_2.cif,0.7227157354354858,0.8409256935119629,0.6931632161140442,"[[0.925972044467926, 0.8919700980186462]]","[[[0.925972044467926, 0.6931632161140442], [0.6644908785820007, 0.8919700980186462]]]",0.6931632161140442,0.44242334365844727,0.7394261360168457,0.36817264556884766,"[[0.9122778177261353, 0.8826005458831787]]","[[[0.9122778177261353, 0.3598986268043518], [0.36817264556884766, 0.8826005458831787]]]",0.3598986268043518,0.797256588935852,0.7744656205177307,0.563508927822113,0.8556934595108032,0.7722703218460083,0.5615230202674866,3.4695489406585693,0.5420843362808228,/scicore/home/schwede/barta0000/germinal_ds/templates_target_shuffle/nb_s802159_mpnn_2_PDL1/boltz_free/output/boltz_results_nb_s802159_mpnn_2_PDL1/predictions/nb_s802159_mpnn_2_PDL1/nb_s802159_mpnn_2_PDL1_model_0.cif,0.8056061863899231,0.7365504503250122,0.537879467010498,0.8725378513336182,0.7904373407363892,0.6065688133239746,4.52763032913208,0.537879467010498,/scicore/home/schwede/barta0000/germinal_ds/templates_target_shuffle/nb_s802159_mpnn_2_PDL1/boltz_with_template/output/boltz_results_nb_s802159_mpnn_2_PDL1/predictions/nb_s802159_mpnn_2_PDL1/nb_s802159_mpnn_2_PDL1_model_0.cif
nb_s663598_mpnn_2_IL3,False,"A,B",6.2321056,87.94265816326529,116.17,7.15,2.9578125,81.87655608398657,0.516963,0.77,0.865,-1.82,0.0,0.79,0.9919,0.22,3.86616048,95.22331999999999,,,2.047241379310345,92.76999994913737,0.74969,0.87,0.89,,1.0,0.0004,0.8800642239076742,0.8975776242420347,,,53.25072,21.51226,0.457165,0.6579996347427368,/scicore/home/schwede/barta0000/germinal_ds/templates_target_shuffle/nb_s663598_mpnn_2_IL3/chai_no_constraints/seed_105/pred.model_idx_0.cif,0.6570340991020203,/scicore/home/schwede/barta0000/germinal_ds/templates_target_shuffle/nb_s663598_mpnn_2_IL3/chai_with_constraints/seed_1498/pred.model_idx_4.cif,0.6579996347427368,0.7223067879676819,0.6419228911399841,"[[0.9434641599655151, 0.38908740878105164]]","[[[0.9434641599655151, 0.36698365211486816], [0.6419228911399841, 0.38908740878105164]]]",0.36698365211486816,0.6570340991020203,0.7499808669090271,0.6337974071502686,"[[0.9420354962348938, 0.41971611976623535]]","[[[0.9420354962348938, 0.4171094298362732], [0.6337974071502686, 0.41971611976623535]]]",0.4171094298362732,0.8222238421440125,0.872351348400116,0.7753468751907349,0.8339430689811707,0.7327679991722107,0.45463037490844727,1.6516691446304321,0.7658860683441162,/scicore/home/schwede/barta0000/germinal_ds/templates_target_shuffle/nb_s663598_mpnn_2_IL3/boltz_free/output/boltz_results_nb_s663598_mpnn_2_IL3/predictions/nb_s663598_mpnn_2_IL3/nb_s663598_mpnn_2_IL3_model_0.cif,0.8781260848045349,0.8651918172836304,0.781889796257019,0.9021850824356079,0.8704670667648315,0.5352205634117126,2.508349657058716,0.781889796257019,/scicore/home/schwede/barta0000/germinal_ds/templates_target_shuffle/nb_s663598_mpnn_2_IL3/boltz_with_template/output/boltz_results_nb_s663598_mpnn_2_IL3/predictions/nb_s663598_mpnn_2_IL3/nb_s663598_mpnn_2_IL3_model_0.cif
nb_s299548_mpnn_5_PDL1,False,"A,B",11.248008688066372,83.03747723620783,86.3,6.85,7.60925925925926,67.77867784986364,0.030156,0.27,0.835,-123.74,0.0,0.34,0.9377,0.661,4.325521016931048,95.2494936708861,,,3.005,90.04346025907077,0.502426,0.71,0.83,,1.0,0.6388,0.07245215098631005,0.8604976271837477,,,67.79865,16.867094,0.49846497,0.2831130921840668,/scicore/home/schwede/barta0000/germinal_ds/templates_target_shuffle/nb_s299548_mpnn_5_PDL1/chai_no_constraints/seed_188/pred.model_idx_0.cif,0.6006597280502319,/scicore/home/schwede/barta0000/germinal_ds/templates_target_shuffle/nb_s299548_mpnn_5_PDL1/chai_with_constraints/seed_2150/pred.model_idx_1.cif,0.2831130921840668,0.6442665457725525,0.19282473623752594,"[[0.9216934442520142, 0.8773463368415833]]","[[[0.9216934442520142, 0.19282473623752594], [0.16472752392292023, 0.8773463368415833]]]",0.19282473623752594,0.6006597280502319,0.8239550590515137,0.5448359251022339,"[[0.9259772896766663, 0.8797323703765869]]","[[[0.9259772896766663, 0.5283856987953186], [0.5448359251022339, 0.8797323703765869]]]",0.5283856987953186,0.7785295844078064,0.8315909504890442,0.665294349193573,0.8068383932113647,0.6823972463607788,0.4839994013309479,3.099581003189087,0.6521949172019958,/scicore/home/schwede/barta0000/germinal_ds/templates_target_shuffle/nb_s299548_mpnn_5_PDL1/boltz_free/output/boltz_results_nb_s299548_mpnn_5_PDL1/predictions/nb_s299548_mpnn_5_PDL1/nb_s299548_mpnn_5_PDL1_model_0.cif,0.8452877402305603,0.8406804203987122,0.7034540772438049,0.880746066570282,0.7813962697982788,0.5479221940040588,3.973682165145874,0.6834622025489807,/scicore/home/schwede/barta0000/germinal_ds/templates_target_shuffle/nb_s299548_mpnn_5_PDL1/boltz_with_template/output/boltz_results_nb_s299548_mpnn_5_PDL1/predictions/nb_s299548_mpnn_5_PDL1/nb_s299548_mpnn_5_PDL1_model_0.cif
nb_s878765_mpnn_2_BHRF,False,"A,B",13.557121432198487,79.80121357111788,238.84,12.59,7.760256410256411,65.73970366006307,0.006434,0.19,0.84,45.95,0.0,0.26,0.0074,1.142,7.120951216919972,89.82405498281788,,,3.878833333333333,78.67161338560042,0.238128,0.49,0.73,,1.0,0.0014,0.08053135560978633,0.8753748113180947,18.261433919270832,49.07394027709961,74.95061,16.20906,0.52525073,0.27319464087486267,/scicore/home/schwede/barta0000/germinal_ds/templates_target_shuffle/nb_s878765_mpnn_2_BHRF/chai_no_constraints/seed_2414/pred.model_idx_0.cif,0.3379337787628174,/scicore/home/schwede/barta0000/germinal_ds/templates_target_shuffle/nb_s878765_mpnn_2_BHRF/chai_with_constraints/seed_1917/pred.model_idx_4.cif,0.27319464087486267,0.6106528043746948,0.18883007764816284,"[[0.9175134301185608, 0.9053439497947693]]","[[[0.9175134301185608, 0.18883007764816284], [0.15056321024894714, 0.9053439497947693]]]",0.18883007764816284,0.3379337787628174,0.6515385508537292,0.2595325708389282,"[[0.9128563404083252, 0.9078086614608765]]","[[[0.9128563404083252, 0.2595325708389282], [0.2145582139492035, 0.9078086614608765]]]",0.2595325708389282,0.8512396812438965,0.8441986441612244,0.7222594618797302,0.8834847211837769,0.8055452704429626,0.4356527030467987,2.5927138328552246,0.7222594618797302,/scicore/home/schwede/barta0000/germinal_ds/templates_target_shuffle/nb_s878765_mpnn_2_BHRF/boltz_free/output/boltz_results_nb_s878765_mpnn_2_BHRF/predictions/nb_s878765_mpnn_2_BHRF/nb_s878765_mpnn_2_BHRF_model_0.cif,0.8102836012840271,0.7769493460655212,0.5658013224601746,0.8714041709899902,0.7814037799835205,0.5696043372154236,5.621544361114502,0.5658013224601746,/scicore/home/schwede/barta0000/germinal_ds/templates_target_shuffle/nb_s878765_mpnn_2_BHRF/boltz_with_template/output/boltz_results_nb_s878765_mpnn_2_BHRF/predictions/nb_s878765_mpnn_2_BHRF/nb_s878765_mpnn_2_BHRF_model_0.cif
nb_s885633_mpnn_2_IL3,False,"A,B",13.687887640800513,78.84021543086172,203.53,15.09,5.85625,63.76108101394786,0.00589,0.2,0.81,43.89,0.0,0.28,0.8873,0.286,6.096265212704463,91.28782608695651,,,1.9377083333333331,82.54840118408202,0.309382,0.57,0.76,,1.0,0.0359,0.07111132034448187,0.840010563396286,24.62665843963623,46.50924301147461,54.242565,21.400146,0.46056998,0.2567322850227356,/scicore/home/schwede/barta0000/germinal_ds/templates_target_shuffle/nb_s885633_mpnn_2_IL3/chai_no_constraints/seed_4569/pred.model_idx_2.cif,0.43574047088623047,/scicore/home/schwede/barta0000/germinal_ds/templates_target_shuffle/nb_s885633_mpnn_2_IL3/chai_with_constraints/seed_1226/pred.model_idx_3.cif,0.2567322850227356,0.5959203243255615,0.1719352751970291,"[[0.9203233122825623, 0.320901095867157]]","[[[0.9203233122825623, 0.15628990530967712], [0.1719352751970291, 0.320901095867157]]]",0.15628990530967712,0.43574047088623047,0.7060016393661499,0.3681751489639282,"[[0.9189188480377197, 0.3660599887371063]]","[[[0.9189188480377197, 0.3233962059020996], [0.3681751489639282, 0.3660599887371063]]]",0.3233962059020996,0.7537232041358948,0.6489706039428711,0.3491296172142029,0.8548715710639954,0.7829150557518005,0.7068544626235962,7.622462749481201,0.2804434299468994,/scicore/home/schwede/barta0000/germinal_ds/templates_target_shuffle/nb_s885633_mpnn_2_IL3/boltz_free/output/boltz_results_nb_s885633_mpnn_2_IL3/predictions/nb_s885633_mpnn_2_IL3/nb_s885633_mpnn_2_IL3_model_0.cif,0.895382821559906,0.8506592512130737,0.7289374470710754,0.9369940757751465,0.9143994450569153,0.4734770953655243,2.9339778423309326,0.7289374470710754,/scicore/home/schwede/barta0000/germinal_ds/templates_target_shuffle/nb_s885633_mpnn_2_IL3/boltz_with_template/output/boltz_results_nb_s885633_mpnn_2_IL3/predictions/nb_s885633_mpnn_2_IL3/nb_s885633_mpnn_2_IL3_model_0.cif
nb_s191527_mpnn_5_IL3,False,"A,B",14.66104610289178,78.01721245605223,171.53,7.56,10.601219512195122,60.84443136898299,0.005954,0.17,0.815,33.57,0.0,0.24,0.9769,0.555,5.88476354887594,89.23181818181818,,,6.696875,81.60743586222331,0.491727,0.71,0.8,,1.0,0.9715,0.11007987329555029,0.8320440585200124,26.781784193856375,62.473758697509766,55.83847,21.393532,0.46612048,0.2292141616344452,/scicore/home/schwede/barta0000/germinal_ds/templates_target_shuffle/nb_s191527_mpnn_5_IL3/chai_no_constraints/seed_1224/pred.model_idx_4.cif,0.5608106255531311,/scicore/home/schwede/barta0000/germinal_ds/templates_target_shuffle/nb_s191527_mpnn_5_IL3/chai_with_constraints/seed_3306/pred.model_idx_3.cif,0.2292141616344452,0.5857744812965393,0.14007408916950226,"[[0.9139910936355591, 0.31336328387260437]]","[[[0.9139910936355591, 0.14007408916950226], [0.10535065829753876, 0.31336328387260437]]]",0.14007408916950226,0.5608106255531311,0.6741212606430054,0.5324829816818237,"[[0.8852702379226685, 0.4044378995895386]]","[[[0.8852702379226685, 0.3085545003414154], [0.5324829816818237, 0.4044378995895386]]]",0.3085545003414154,0.8351083993911743,0.8701261878013611,0.8090323209762573,0.8416274189949036,0.7549384236335754,0.4556921124458313,2.1715316772460938,0.8090323209762573,/scicore/home/schwede/barta0000/germinal_ds/templates_target_shuffle/nb_s191527_mpnn_5_IL3/boltz_free/output/boltz_results_nb_s191527_mpnn_5_IL3/predictions/nb_s191527_mpnn_5_IL3/nb_s191527_mpnn_5_IL3_model_0.cif,0.8953220248222351,0.836051344871521,0.7651703357696533,0.9278600215911865,0.9093910455703735,0.5656532049179077,2.6892619132995605,0.7651703357696533,/scicore/home/schwede/barta0000/germinal_ds/templates_target_shuffle/nb_s191527_mpnn_5_IL3/boltz_with_template/output/boltz_results_nb_s191527_mpnn_5_IL3/predictions/nb_s191527_mpnn_5_IL3/nb_s191527_mpnn_5_IL3_model_0.cif
nb_s544951_mpnn_3_PDL1,False,"A,B",10.933657355480781,81.97114701130857,79.65,5.34,7.8374999999999995,65.557560716042,0.027315,0.26,0.845,-120.8,0.0,0.32,0.004,1.021,5.498415496092152,91.10818565400844,,,3.3759615384615387,81.91551734661233,0.306522,0.55,0.74,,1.0,0.585,0.11987358223460964,0.887721637539739,21.946602821350098,53.14918518066406,68.623405,17.337412,0.49396646,0.2953174114227295,/scicore/home/schwede/barta0000/germinal_ds/templates_target_shuffle/nb_s544951_mpnn_3_PDL1/chai_no_constraints/seed_2044/pred.model_idx_0.cif,0.6185253262519836,/scicore/home/schwede/barta0000/germinal_ds/templates_target_shuffle/nb_s544951_mpnn_3_PDL1/chai_with_constraints/seed_6183/pred.model_idx_3.cif,0.2953174114227295,0.6516604423522949,0.20623165369033813,"[[0.9319474697113037, 0.8842767477035522]]","[[[0.9319474697113037, 0.19661590456962585], [0.20623165369033813, 0.8842767477035522]]]",0.19661590456962585,0.6185253262519836,0.7861863374710083,0.5766100287437439,"[[0.9263316988945007, 0.8929960131645203]]","[[[0.9263316988945007, 0.4681189954280853], [0.5766100287437439, 0.8929960131645203]]]",0.4681189954280853,0.834391713142395,0.8667008280754089,0.8050998449325562,0.84171462059021,0.7792682647705078,0.4622596800327301,1.8212165832519531,0.7773479223251343,/scicore/home/schwede/barta0000/germinal_ds/templates_target_shuffle/nb_s544951_mpnn_3_PDL1/boltz_free/output/boltz_results_nb_s544951_mpnn_3_PDL1/predictions/nb_s544951_mpnn_3_PDL1/nb_s544951_mpnn_3_PDL1_model_0.cif,0.8647587895393372,0.8332355618476868,0.7269780039787292,0.8992039561271667,0.853145182132721,0.5652022957801819,3.193690776824951,0.7269780039787292,/scicore/home/schwede/barta0000/germinal_ds/templates_target_shuffle/nb_s544951_mpnn_3_PDL1/boltz_with_template/output/boltz_results_nb_s544951_mpnn_3_PDL1/predictions/nb_s544951_mpnn_3_PDL1/nb_s544951_mpnn_3_PDL1_model_0.cif
nb_s807688_mpnn_3_IL20,False,"A,B",8.145461734693878,83.87575317604356,89.49,5.68,6.621875,76.07870056286289,0.25227,0.65,0.86,41.65,0.0,0.68,0.0144,0.278,4.379839158163265,93.75592857142857,,,3.8638571428571433,91.46375179290771,0.688344,0.84,0.88,,1.0,,0.328857259009476,0.8649308971059539,12.037306785583496,68.1067123413086,74.1805,14.172372,0.56333524,0.3106444776058197,/scicore/home/schwede/barta0000/germinal_ds/templates_target_shuffle/nb_s807688_mpnn_3_IL20/chai_no_constraints/seed_3519/pred.model_idx_4.cif,0.40903139114379883,/scicore/home/schwede/barta0000/germinal_ds/templates_target_shuffle/nb_s807688_mpnn_3_IL20/chai_with_constraints/seed_2008/pred.model_idx_3.cif,0.3106444776058197,0.6122126579284668,0.23525241017341614,"[[0.9232256412506104, 0.8915451169013977]]","[[[0.9232256412506104, 0.23525241017341614], [0.2161247879266739, 0.8915451169013977]]]",0.23525241017341614,0.40903139114379883,0.6672208905220032,0.34448403120040894,"[[0.916406512260437, 0.881165623664856]]","[[[0.916406512260437, 0.34448403120040894], [0.2911642789840698, 0.881165623664856]]]",0.34448403120040894,0.631016194820404,0.6813130378723145,0.44924619793891907,0.6764586567878723,0.5795530676841736,0.9328198432922363,5.854108810424805,0.4148762822151184,/scicore/home/schwede/barta0000/germinal_ds/templates_target_shuffle/nb_s807688_mpnn_3_IL20/boltz_free/output/boltz_results_nb_s807688_mpnn_3_IL20/predictions/nb_s807688_mpnn_3_IL20/nb_s807688_mpnn_3_IL20_model_0.cif,0.8457449078559875,0.8441911339759827,0.7742590308189392,0.8636163473129272,0.8081175088882446,0.5476034879684448,2.3636269569396973,0.7742590308189392,/scicore/home/schwede/barta0000/germinal_ds/templates_target_shuffle/nb_s807688_mpnn_3_IL20/boltz_with_template/output/boltz_results_nb_s807688_mpnn_3_IL20/predictions/nb_s807688_mpnn_3_IL20/nb_s807688_mpnn_3_IL20_model_0.cif
nb_s892360_mpnn_1_IL3,False,"A,B",12.527058694871034,81.53686723023372,146.34,9.47,5.765,71.88573137824676,0.021175,0.31,0.835,-52.35,0.0,0.37,0.9972,0.218,4.8673249074348925,93.54098814229249,,,3.1563333333333343,92.94413809940733,0.57735,0.79,0.86,,1.0,0.9924,0.4024172558513656,0.8693810347367654,26.025539875030518,43.435665130615234,51.434677,21.537409,0.45998514,0.3503888249397278,/scicore/home/schwede/barta0000/germinal_ds/templates_target_shuffle/nb_s892360_mpnn_1_IL3/chai_no_constraints/seed_1710/pred.model_idx_2.cif,0.2633397579193115,/scicore/home/schwede/barta0000/germinal_ds/templates_target_shuffle/nb_s892360_mpnn_1_IL3/chai_with_constraints/seed_5379/pred.model_idx_3.cif,0.3503888249397278,0.5867559313774109,0.2912970185279846,"[[0.916169285774231, 0.30691903829574585]]","[[[0.916169285774231, 0.14384354650974274], [0.2912970185279846, 0.30691903829574585]]]",0.14384354650974274,0.2633397579193115,0.6063117980957031,0.17759674787521362,"[[0.899133563041687, 0.32150864601135254]]","[[[0.899133563041687, 0.17759674787521362], [0.1515103131532669, 0.32150864601135254]]]",0.17759674787521362,0.8802081942558289,0.8742741942405701,0.7886772155761719,0.9030908942222595,0.8873165249824524,0.4638606309890747,2.1835012435913086,0.7798557281494141,/scicore/home/schwede/barta0000/germinal_ds/templates_target_shuffle/nb_s892360_mpnn_1_IL3/boltz_free/output/boltz_results_nb_s892360_mpnn_1_IL3/predictions/nb_s892360_mpnn_1_IL3/nb_s892360_mpnn_1_IL3_model_0.cif,0.887943685054779,0.8447861075401306,0.7265638113021851,0.9282886385917664,0.9196579456329346,0.6068434119224548,5.771128177642822,0.7220160365104675,/scicore/home/schwede/barta0000/germinal_ds/templates_target_shuffle/nb_s892360_mpnn_1_IL3/boltz_with_template/output/boltz_results_nb_s892360_mpnn_1_IL3/predictions/nb_s892360_mpnn_1_IL3/nb_s892360_mpnn_1_IL3_model_0.cif
nb_s64546_mpnn_3_PDL1,False,"A,B",13.210867204329789,82.47358390682899,34.42,4.14,4.502941176470588,68.03926581505876,0.00497,0.21,0.855,-139.73,0.0,0.28,0.7773,0.529,4.912245900763766,96.0815611814346,,,2.3379411764705886,93.04444376627605,0.429374,0.72,0.82,,1.0,0.1084,0.07554723721506858,0.856263848447663,18.42332649230957,60.656341552734375,69.42059,16.848421,0.50811166,0.3073018789291382,/scicore/home/schwede/barta0000/germinal_ds/templates_target_shuffle/nb_s64546_mpnn_3_PDL1/chai_no_constraints/seed_4266/pred.model_idx_4.cif,0.41269442439079285,/scicore/home/schwede/barta0000/germinal_ds/templates_target_shuffle/nb_s64546_mpnn_3_PDL1/chai_with_constraints/seed_3177/pred.model_idx_0.cif,0.3073018789291382,0.6626299619674683,0.21846985816955566,"[[0.9277220368385315, 0.8775081634521484]]","[[[0.9277220368385315, 0.21846985816955566], [0.1983852982521057, 0.8775081634521484]]]",0.21846985816955566,0.41269442439079285,0.7278388738632202,0.3339083194732666,"[[0.9267145991325378, 0.8816540241241455]]","[[[0.9267145991325378, 0.3339083194732666], [0.3244004547595978, 0.8816540241241455]]]",0.3339083194732666,0.8592263460159302,0.9359694123268127,0.9006726145744324,0.848864734172821,0.8084352016448975,0.3624405264854431,1.2577131986618042,0.8808404207229614,/scicore/home/schwede/barta0000/germinal_ds/templates_target_shuffle/nb_s64546_mpnn_3_PDL1/boltz_free/output/boltz_results_nb_s64546_mpnn_3_PDL1/predictions/nb_s64546_mpnn_3_PDL1/nb_s64546_mpnn_3_PDL1_model_0.cif,0.7661808729171753,0.7022963166236877,0.4268036484718323,0.8510251641273499,0.81765216588974,0.6983027458190918,9.569234848022461,0.4268036484718323,/scicore/home/schwede/barta0000/germinal_ds/templates_target_shuffle/nb_s64546_mpnn_3_PDL1/boltz_with_template/output/boltz_results_nb_s64546_mpnn_3_PDL1/predictions/nb_s64546_mpnn_3_PDL1/nb_s64546_mpnn_3_PDL1_model_0.cif
nb_s453654_mpnn_2_IL20,False,"A,B",15.024367346938778,79.7725314183124,147.64,10.42,6.389583333333333,69.18477288993176,0.0,0.13,0.855,15.45,0.0,0.21,0.1142,0.298,6.627695663265306,92.10578571428572,,,4.712000000000001,82.8807688492995,0.241885,0.54,0.76,,1.0,0.4657,0.060298813869838624,0.8689990678315229,20.01702356338501,49.89483642578125,72.60591,14.973986,0.5507387,0.25632989406585693,/scicore/home/schwede/barta0000/germinal_ds/templates_target_shuffle/nb_s453654_mpnn_2_IL20/chai_no_constraints/seed_1077/pred.model_idx_4.cif,0.3751521110534668,/scicore/home/schwede/barta0000/germinal_ds/templates_target_shuffle/nb_s453654_mpnn_2_IL20/chai_with_constraints/seed_3400/pred.model_idx_1.cif,0.25632989406585693,0.5864774584770203,0.1737929880619049,"[[0.8958497643470764, 0.8878688812255859]]","[[[0.8958497643470764, 0.1737929880619049], [0.1222962960600853, 0.8878688812255859]]]",0.1737929880619049,0.3751521110534668,0.6585875749588013,0.3042932152748108,"[[0.8879993557929993, 0.8708465695381165]]","[[[0.8879993557929993, 0.3042932152748108], [0.24667370319366455, 0.8708465695381165]]]",0.3042932152748108,0.6088045835494995,0.6409580707550049,0.5745372176170349,0.6173713803291321,0.5641481280326843,1.38938307762146,6.619196891784668,0.5745372176170349,/scicore/home/schwede/barta0000/germinal_ds/templates_target_shuffle/nb_s453654_mpnn_2_IL20/boltz_free/output/boltz_results_nb_s453654_mpnn_2_IL20/predictions/nb_s453654_mpnn_2_IL20/nb_s453654_mpnn_2_IL20_model_0.cif,0.8557180762290955,0.8597882986068726,0.7979581356048584,0.8701579570770264,0.8380375504493713,0.6483192443847656,2.395982027053833,0.7979581356048584,/scicore/home/schwede/barta0000/germinal_ds/templates_target_shuffle/nb_s453654_mpnn_2_IL20/boltz_with_template/output/boltz_results_nb_s453654_mpnn_2_IL20/predictions/nb_s453654_mpnn_2_IL20/nb_s453654_mpnn_2_IL20_model_0.cif
nb_s877988_mpnn_3_IL20,False,"A,B",13.99034693877551,77.96607577807848,375.18,20.22,9.280263157894739,59.42988259955837,0.005555,0.21,0.8200000000000001,164.76,0.0,0.28,0.0007,0.692,7.14400676020408,89.80257142857143,,,5.252205882352941,77.73416699303522,0.257225,0.53,0.75,,1.0,0.6281,0.08970162258179853,0.8423556592340304,10.008553600311279,65.95735168457031,73.2076,13.430684,0.58922493,0.27639633417129517,/scicore/home/schwede/barta0000/germinal_ds/templates_target_shuffle/nb_s877988_mpnn_3_IL20/chai_no_constraints/seed_1808/pred.model_idx_0.cif,0.3232976794242859,/scicore/home/schwede/barta0000/germinal_ds/templates_target_shuffle/nb_s877988_mpnn_3_IL20/chai_with_constraints/seed_3932/pred.model_idx_0.cif,0.27639633417129517,0.5977362394332886,0.196061372756958,"[[0.906462550163269, 0.8909662961959839]]","[[[0.906462550163269, 0.196061372756958], [0.15036641061306, 0.8909662961959839]]]",0.196061372756958,0.3232976794242859,0.640597403049469,0.24397273361682892,"[[0.9075758457183838, 0.8957079648971558]]","[[[0.9075758457183838, 0.24397273361682892], [0.21188560128211975, 0.8957079648971558]]]",0.24397273361682892,0.6025099158287048,0.600041389465332,0.3572087585926056,0.6638352274894714,0.5924868583679199,0.9944227933883667,8.328390121459961,0.3572087585926056,/scicore/home/schwede/barta0000/germinal_ds/templates_target_shuffle/nb_s877988_mpnn_3_IL20/boltz_free/output/boltz_results_nb_s877988_mpnn_3_IL20/predictions/nb_s877988_mpnn_3_IL20/nb_s877988_mpnn_3_IL20_model_0.cif,0.7811688184738159,0.697402834892273,0.571479856967926,0.8335910439491272,0.7803440690040588,0.8811908960342407,4.960489273071289,0.571479856967926,/scicore/home/schwede/barta0000/germinal_ds/templates_target_shuffle/nb_s877988_mpnn_3_IL20/boltz_with_template/output/boltz_results_nb_s877988_mpnn_3_IL20/predictions/nb_s877988_mpnn_3_IL20/nb_s877988_mpnn_3_IL20_model_0.cif
nb_s689267_mpnn_1_IL3,False,"A,B",12.0188704,80.25983681795002,313.57,10.81,5.493220338983051,64.98071858513407,0.040532,0.31,0.825,29.4,0.0,0.39,0.5678,0.49,4.916542399999999,91.76635999999999,,,3.446509433962264,85.39129553900824,0.530319,0.74,0.84,,1.0,0.9272,0.1618871307700838,0.8564191983559444,,,54.768265,20.94875,0.47529238,0.2912430763244629,/scicore/home/schwede/barta0000/germinal_ds/templates_target_shuffle/nb_s689267_mpnn_1_IL3/chai_no_constraints/seed_2266/pred.model_idx_1.cif,0.34159308671951294,/scicore/home/schwede/barta0000/germinal_ds/templates_target_shuffle/nb_s689267_mpnn_1_IL3/chai_with_constraints/seed_2382/pred.model_idx_4.cif,0.2912430763244629,0.5956907272338867,0.21513116359710693,"[[0.92665696144104, 0.32710960507392883]]","[[[0.92665696144104, 0.1571502983570099], [0.21513116359710693, 0.32710960507392883]]]",0.1571502983570099,0.34159308671951294,0.6647850275039673,0.26079511642456055,"[[0.9221262335777283, 0.3276813328266144]]","[[[0.9221262335777283, 0.26079511642456055], [0.20594896376132965, 0.3276813328266144]]]",0.26079511642456055,0.8207547068595886,0.677652895450592,0.408722847700119,0.9237626791000366,0.9113183617591858,0.5769380331039429,5.698849201202393,0.346101850271225,/scicore/home/schwede/barta0000/germinal_ds/templates_target_shuffle/nb_s689267_mpnn_1_IL3/boltz_free/output/boltz_results_nb_s689267_mpnn_1_IL3/predictions/nb_s689267_mpnn_1_IL3/nb_s689267_mpnn_1_IL3_model_0.cif,0.7783628702163696,0.6214825510978699,0.28137287497520447,0.9026103615760803,0.8802671432495117,0.9804897308349609,11.35297679901123,0.24575501680374146,/scicore/home/schwede/barta0000/germinal_ds/templates_target_shuffle/nb_s689267_mpnn_1_IL3/boltz_with_template/output/boltz_results_nb_s689267_mpnn_1_IL3/predictions/nb_s689267_mpnn_1_IL3/nb_s689267_mpnn_1_IL3_model_0.cif
nb_s919455_mpnn_1_BHRF,False,"A,B",14.596170333368757,80.05665788317962,310.39,19.15,10.9,63.94433328908801,0.0,0.16,0.845,90.44,0.0,0.24,0.0005,0.828,6.676978070641583,90.47096219931271,,,5.9638636363636355,78.74964196341378,0.276732,0.54,0.76,,1.0,0.0014,0.08458403858833678,0.8785498558145212,16.455710411071777,54.0710334777832,73.572296,14.952634,0.5458004,0.29573482275009155,/scicore/home/schwede/barta0000/germinal_ds/templates_target_shuffle/nb_s919455_mpnn_1_BHRF/chai_no_constraints/seed_3188/pred.model_idx_1.cif,0.4991668462753296,/scicore/home/schwede/barta0000/germinal_ds/templates_target_shuffle/nb_s919455_mpnn_1_BHRF/chai_with_constraints/seed_2210/pred.model_idx_4.cif,0.29573482275009155,0.6186473965644836,0.21500669419765472,"[[0.9129685163497925, 0.9114517569541931]]","[[[0.9129685163497925, 0.21500669419765472], [0.1639101356267929, 0.9114517569541931]]]",0.21500669419765472,0.4991668462753296,0.7526835203170776,0.43578770756721497,"[[0.9162793159484863, 0.9155517816543579]]","[[[0.9162793159484863, 0.43578770756721497], [0.41219568252563477, 0.9155517816543579]]]",0.43578770756721497,0.8409892320632935,0.8595873713493347,0.7760286331176758,0.8572293519973755,0.7833753824234009,0.4155048131942749,2.2507171630859375,0.7760286331176758,/scicore/home/schwede/barta0000/germinal_ds/templates_target_shuffle/nb_s919455_mpnn_1_BHRF/boltz_free/output/boltz_results_nb_s919455_mpnn_1_BHRF/predictions/nb_s919455_mpnn_1_BHRF/nb_s919455_mpnn_1_BHRF_model_0.cif,0.8323785066604614,0.7572197318077087,0.5592219829559326,0.9006676077842712,0.8566046357154846,0.7387222647666931,6.329082489013672,0.5592219829559326,/scicore/home/schwede/barta0000/germinal_ds/templates_target_shuffle/nb_s919455_mpnn_1_BHRF/boltz_with_template/output/boltz_results_nb_s919455_mpnn_1_BHRF/predictions/nb_s919455_mpnn_1_BHRF/nb_s919455_mpnn_1_BHRF_model_0.cif
nb_s204617_mpnn_1_IL20,False,"A,B",15.06043112244898,79.40144404332129,194.15,10.35,9.701666666666666,69.66566221068302,0.0,0.14,0.85,24.71,0.0,0.22,0.3752,1.229,5.691525382653062,90.29132142857142,,,5.290441176470587,79.98906219005585,0.400851,0.63,0.79,,1.0,0.0568,0.070087534479923,0.8417371577123155,15.604117325374059,56.98667907714844,72.6623,14.89553,0.5512585,0.28180718421936035,/scicore/home/schwede/barta0000/germinal_ds/templates_target_shuffle/nb_s204617_mpnn_1_IL20/chai_no_constraints/seed_3619/pred.model_idx_0.cif,0.4736490845680237,/scicore/home/schwede/barta0000/germinal_ds/templates_target_shuffle/nb_s204617_mpnn_1_IL20/chai_with_constraints/seed_2284/pred.model_idx_1.cif,0.28180718421936035,0.6021173000335693,0.2017296552658081,"[[0.8846163749694824, 0.8859371542930603]]","[[[0.8846163749694824, 0.2017296552658081], [0.18275097012519836, 0.8859371542930603]]]",0.2017296552658081,0.4736490845680237,0.7356969118118286,0.40813708305358887,"[[0.8962458968162537, 0.8942217826843262]]","[[[0.8962458968162537, 0.40813708305358887], [0.3863987326622009, 0.8942217826843262]]]",0.40813708305358887,0.664604127407074,0.804358720779419,0.6673404574394226,0.6639200448989868,0.6005457043647766,0.647554874420166,3.379197120666504,0.6673404574394226,/scicore/home/schwede/barta0000/germinal_ds/templates_target_shuffle/nb_s204617_mpnn_1_IL20/boltz_free/output/boltz_results_nb_s204617_mpnn_1_IL20/predictions/nb_s204617_mpnn_1_IL20/nb_s204617_mpnn_1_IL20_model_0.cif,0.8079447150230408,0.7286652326583862,0.5942899584770203,0.8613583445549011,0.8263592720031738,0.897513747215271,4.992600917816162,0.5942899584770203,/scicore/home/schwede/barta0000/germinal_ds/templates_target_shuffle/nb_s204617_mpnn_1_IL20/boltz_with_template/output/boltz_results_nb_s204617_mpnn_1_IL20/predictions/nb_s204617_mpnn_1_IL20/nb_s204617_mpnn_1_IL20_model_0.cif
nb_s390940_mpnn_2_PDL1,False,"A,B",13.323384785201803,78.66606951871658,112.77,7.7,8.225999999999999,63.500089317663985,0.008421,0.2,0.815,-109.2,0.0,0.27,0.9025,0.469,4.936939949082235,93.11886075949366,,,3.4544230769230775,86.45466690063476,0.365091,0.61,0.79,,1.0,0.9894,0.12029195340011428,0.8307146580094955,,,65.16451,17.842402,0.47330445,0.2726297080516815,/scicore/home/schwede/barta0000/germinal_ds/templates_target_shuffle/nb_s390940_mpnn_2_PDL1/chai_no_constraints/seed_1239/pred.model_idx_1.cif,0.3151061534881592,/scicore/home/schwede/barta0000/germinal_ds/templates_target_shuffle/nb_s390940_mpnn_2_PDL1/chai_with_constraints/seed_1472/pred.model_idx_3.cif,0.2726297080516815,0.6024021506309509,0.19018658995628357,"[[0.8551658987998962, 0.8777616620063782]]","[[[0.8551658987998962, 0.19018658995628357], [0.15192075073719025, 0.8777616620063782]]]",0.19018658995628357,0.3151061534881592,0.6368929743766785,0.23465946316719055,"[[0.8615000247955322, 0.8573126792907715]]","[[[0.8615000247955322, 0.22835519909858704], [0.23465946316719055, 0.8573126792907715]]]",0.22835519909858704,0.7400941252708435,0.7096019983291626,0.4627147316932678,0.809438943862915,0.7707270979881287,0.6949114799499512,5.8356523513793945,0.4627147316932678,/scicore/home/schwede/barta0000/germinal_ds/templates_target_shuffle/nb_s390940_mpnn_2_PDL1/boltz_free/output/boltz_results_nb_s390940_mpnn_2_PDL1/predictions/nb_s390940_mpnn_2_PDL1/nb_s390940_mpnn_2_PDL1_model_0.cif,0.8117847442626953,0.7420889735221863,0.5699098706245422,0.87225341796875,0.8340493440628052,0.6771141290664673,6.93117094039917,0.5224105715751648,/scicore/home/schwede/barta0000/germinal_ds/templates_target_shuffle/nb_s390940_mpnn_2_PDL1/boltz_with_template/output/boltz_results_nb_s390940_mpnn_2_PDL1/predictions/nb_s390940_mpnn_2_PDL1/nb_s390940_mpnn_2_PDL1_model_0.cif
nb_s481672_mpnn_4_IL3,False,"A,B",11.067178053086284,79.97099492385786,577.76,25.69,11.158333333333333,63.524886135354464,0.08571,0.33,0.81,113.15,0.0,0.38,0.7853,0.422,4.838840319330094,90.81600790513833,,,4.415568181818181,84.56255810759788,0.601215,0.77,0.85,,1.0,0.1772,0.19594911332726536,0.8419019455789614,28.027294158935547,30.211688995361328,53.112766,21.155514,0.46677077,0.23625218868255615,/scicore/home/schwede/barta0000/germinal_ds/templates_target_shuffle/nb_s481672_mpnn_4_IL3/chai_no_constraints/seed_2124/pred.model_idx_2.cif,0.5126549005508423,/scicore/home/schwede/barta0000/germinal_ds/templates_target_shuffle/nb_s481672_mpnn_4_IL3/chai_with_constraints/seed_1230/pred.model_idx_0.cif,0.23625218868255615,0.5913764238357544,0.1474711298942566,"[[0.9272820353507996, 0.30741599202156067]]","[[[0.9272820353507996, 0.1474711298942566], [0.10576117038726807, 0.30741599202156067]]]",0.1474711298942566,0.5126549005508423,0.711401641368866,0.46296820044517517,"[[0.9252206683158875, 0.3701445162296295]]","[[[0.9252206683158875, 0.34364020824432373], [0.46296820044517517, 0.3701445162296295]]]",0.34364020824432373,0.7868805527687073,0.7653589248657227,0.5667964816093445,0.8419015407562256,0.7693849802017212,0.570848286151886,4.579184532165527,0.5667964816093445,/scicore/home/schwede/barta0000/germinal_ds/templates_target_shuffle/nb_s481672_mpnn_4_IL3/boltz_free/output/boltz_results_nb_s481672_mpnn_4_IL3/predictions/nb_s481672_mpnn_4_IL3/nb_s481672_mpnn_4_IL3_model_0.cif,0.8263714909553528,0.7399595379829407,0.5356388688087463,0.8990545868873596,0.8667235374450684,0.8445253372192383,7.9478759765625,0.5356388688087463,/scicore/home/schwede/barta0000/germinal_ds/templates_target_shuffle/nb_s481672_mpnn_4_IL3/boltz_with_template/output/boltz_results_nb_s481672_mpnn_4_IL3/predictions/nb_s481672_mpnn_4_IL3/nb_s481672_mpnn_4_IL3_model_0.cif
nb_s105306_mpnn_3_PDL1,False,"A,B",9.567973437305275,83.65898222940226,239.59,17.41,5.192592592592592,71.02192095731097,0.089064,0.38,0.84,-40.12,0.0,0.43,0.9907,0.467,4.215154266588332,93.80417721518987,,,2.1755172413793105,89.97275832603718,0.573415,0.75,0.85,,1.0,0.0356,0.17182045056817694,0.861220781021858,,,67.03617,17.79755,0.47742492,0.3496692180633545,/scicore/home/schwede/barta0000/germinal_ds/templates_target_shuffle/nb_s105306_mpnn_3_PDL1/chai_no_constraints/seed_2768/pred.model_idx_1.cif,0.5251763463020325,/scicore/home/schwede/barta0000/germinal_ds/templates_target_shuffle/nb_s105306_mpnn_3_PDL1/chai_with_constraints/seed_3006/pred.model_idx_3.cif,0.3496692180633545,0.6864162087440491,0.26548245549201965,"[[0.9132986664772034, 0.8861261010169983]]","[[[0.9132986664772034, 0.26548245549201965], [0.2584349811077118, 0.8861261010169983]]]",0.26548245549201965,0.5251763463020325,0.7784855961799622,0.46184903383255005,"[[0.9196392297744751, 0.8885297775268555]]","[[[0.9196392297744751, 0.4414447844028473], [0.46184903383255005, 0.8885297775268555]]]",0.4414447844028473,0.7623161673545837,0.6298894286155701,0.28025442361831665,0.8828315734863281,0.7955343127250671,0.7083712816238403,5.720093727111816,0.28025442361831665,/scicore/home/schwede/barta0000/germinal_ds/templates_target_shuffle/nb_s105306_mpnn_3_PDL1/boltz_free/output/boltz_results_nb_s105306_mpnn_3_PDL1/predictions/nb_s105306_mpnn_3_PDL1/nb_s105306_mpnn_3_PDL1_model_0.cif,0.8485680818557739,0.8106402158737183,0.6413001418113708,0.9003850817680359,0.8240447640419006,0.4568498730659485,2.7501044273376465,0.6398456692695618,/scicore/home/schwede/barta0000/germinal_ds/templates_target_shuffle/nb_s105306_mpnn_3_PDL1/boltz_with_template/output/boltz_results_nb_s105306_mpnn_3_PDL1/predictions/nb_s105306_mpnn_3_PDL1/nb_s105306_mpnn_3_PDL1_model_0.cif
nb_s182729_mpnn_5_PDL1,False,"A,B",11.791422314799979,83.2748665955176,71.94,6.27,4.855263157894737,75.2139337333785,0.01062,0.33,0.85,-154.6,0.0,0.39,0.4911,0.452,5.086764229379194,95.54194092827002,,,2.55452380952381,92.56849937438965,0.375815,0.7,0.81,,1.0,0.2217,0.12240979456134574,0.8657973546757198,,,69.28561,17.306572,0.4958885,0.36916840076446533,/scicore/home/schwede/barta0000/germinal_ds/templates_target_shuffle/nb_s182729_mpnn_5_PDL1/chai_no_constraints/seed_1118/pred.model_idx_0.cif,0.49074041843414307,/scicore/home/schwede/barta0000/germinal_ds/templates_target_shuffle/nb_s182729_mpnn_5_PDL1/chai_with_constraints/seed_3477/pred.model_idx_0.cif,0.36916840076446533,0.7007176280021667,0.2862810790538788,"[[0.9178774356842041, 0.8812375068664551]]","[[[0.9178774356842041, 0.2862810790538788], [0.27216050028800964, 0.8812375068664551]]]",0.2862810790538788,0.49074041843414307,0.7632375359535217,0.4226161241531372,"[[0.9174694418907166, 0.8870203495025635]]","[[[0.9174694418907166, 0.40292230248451233], [0.4226161241531372, 0.8870203495025635]]]",0.40292230248451233,0.795228123664856,0.771003246307373,0.6076386570930481,0.8421254754066467,0.743624746799469,0.4986974000930786,3.7952661514282227,0.5232905745506287,/scicore/home/schwede/barta0000/germinal_ds/templates_target_shuffle/nb_s182729_mpnn_5_PDL1/boltz_free/output/boltz_results_nb_s182729_mpnn_5_PDL1/predictions/nb_s182729_mpnn_5_PDL1/nb_s182729_mpnn_5_PDL1_model_0.cif,0.8730823397636414,0.8449727892875671,0.736038863658905,0.9073432087898254,0.8479508757591248,0.3847500681877136,2.6291983127593994,0.6917995810508728,/scicore/home/schwede/barta0000/germinal_ds/templates_target_shuffle/nb_s182729_mpnn_5_PDL1/boltz_with_template/output/boltz_results_nb_s182729_mpnn_5_PDL1/predictions/nb_s182729_mpnn_5_PDL1/nb_s182729_mpnn_5_PDL1_model_0.cif
nb_s632243_mpnn_4_IL20,False,"A,B",12.487517636629251,84.02892050587172,246.12,20.15,3.7818181818181813,71.62467477022312,0.006494,0.24,0.87,64.8,0.0,0.3,0.9686,0.658,7.639549875763214,91.62060070671377,,,3.0472222222222225,83.99750010172527,0.170515,0.51,0.73,,1.0,0.0055,0.08879014705809064,0.8936387580632751,15.279600143432617,58.708885192871094,71.677864,15.392079,0.54516155,0.41328662633895874,/scicore/home/schwede/barta0000/germinal_ds/templates_target_shuffle/nb_s632243_mpnn_4_IL20/chai_no_constraints/seed_1060/pred.model_idx_4.cif,0.40479183197021484,/scicore/home/schwede/barta0000/germinal_ds/templates_target_shuffle/nb_s632243_mpnn_4_IL20/chai_with_constraints/seed_5732/pred.model_idx_4.cif,0.41328662633895874,0.6970768570899963,0.34233906865119934,"[[0.8694226741790771, 0.890430212020874]]","[[[0.8694226741790771, 0.34233906865119934], [0.32137757539749146, 0.890430212020874]]]",0.34233906865119934,0.40479183197021484,0.6954689621925354,0.3321225643157959,"[[0.8586106300354004, 0.9033980965614319]]","[[[0.8586106300354004, 0.3321225643157959], [0.3186427652835846, 0.9033980965614319]]]",0.3321225643157959,0.6528724431991577,0.7196453809738159,0.5586563944816589,0.6764264106750488,0.5843056440353394,0.7768781781196594,4.4431633949279785,0.5586563944816589,/scicore/home/schwede/barta0000/germinal_ds/templates_target_shuffle/nb_s632243_mpnn_4_IL20/boltz_free/output/boltz_results_nb_s632243_mpnn_4_IL20/predictions/nb_s632243_mpnn_4_IL20/nb_s632243_mpnn_4_IL20_model_0.cif,0.8382146954536438,0.7694020867347717,0.639028012752533,0.8880113959312439,0.8412203788757324,0.7103762626647949,3.629789113998413,0.639028012752533,/scicore/home/schwede/barta0000/germinal_ds/templates_target_shuffle/nb_s632243_mpnn_4_IL20/boltz_with_template/output/boltz_results_nb_s632243_mpnn_4_IL20/predictions/nb_s632243_mpnn_4_IL20/nb_s632243_mpnn_4_IL20_model_0.cif
nb_s883690_mpnn_4_IL20,False,"A,B",13.662386844635343,82.13589539007091,164.14,12.06,10.066071428571428,69.71552266813116,0.005573,0.24,0.855,34.62,0.0,0.3,0.3757,0.97,4.762760179300529,94.50130742049471,,,3.2205172413793104,90.93586231100149,0.549982,0.75,0.84,,1.0,0.9038,0.07877096352851834,0.8539593605611095,18.426225503285725,47.006919860839844,70.25098,15.715792,0.5305349,0.32751476764678955,/scicore/home/schwede/barta0000/germinal_ds/templates_target_shuffle/nb_s883690_mpnn_4_IL20/chai_no_constraints/seed_3183/pred.model_idx_1.cif,0.3669888377189636,/scicore/home/schwede/barta0000/germinal_ds/templates_target_shuffle/nb_s883690_mpnn_4_IL20/chai_with_constraints/seed_1036/pred.model_idx_2.cif,0.32751476764678955,0.6305132508277893,0.2517651617527008,"[[0.8474993109703064, 0.8965689539909363]]","[[[0.8474993109703064, 0.2517651617527008], [0.21207764744758606, 0.8965689539909363]]]",0.2517651617527008,0.3669888377189636,0.6520219445228577,0.2957305312156677,"[[0.8790551424026489, 0.8459552526473999]]","[[[0.8790551424026489, 0.2957305312156677], [0.28426069021224976, 0.8459552526473999]]]",0.2957305312156677,0.5912805199623108,0.6156305074691772,0.3476932942867279,0.6521773338317871,0.5832711458206177,0.7972404956817627,6.158907890319824,0.3309057056903839,/scicore/home/schwede/barta0000/germinal_ds/templates_target_shuffle/nb_s883690_mpnn_4_IL20/boltz_free/output/boltz_results_nb_s883690_mpnn_4_IL20/predictions/nb_s883690_mpnn_4_IL20/nb_s883690_mpnn_4_IL20_model_0.cif,0.7520479559898376,0.7151796817779541,0.5361892580986023,0.8060125708580017,0.7456207275390625,0.9204185009002686,5.3042402267456055,0.5361892580986023,/scicore/home/schwede/barta0000/germinal_ds/templates_target_shuffle/nb_s883690_mpnn_4_IL20/boltz_with_template/output/boltz_results_nb_s883690_mpnn_4_IL20/predictions/nb_s883690_mpnn_4_IL20/nb_s883690_mpnn_4_IL20_model_0.cif
nb_s938027_mpnn_3_IL3,False,"A,B",15.6720144,79.39757668711655,317.85,24.39,9.36875,68.6010172917081,0.0,0.13,0.835,85.94,0.0,0.22,0.0526,0.414,8.62115552,88.97744,,,6.739310344827586,76.49333459359629,0.142192,0.43,0.67,,1.0,0.0557,0.060298813869838624,0.8649203669787389,25.306952794392902,47.515193939208984,54.170677,20.95688,0.4684161,0.2319248467683792,/scicore/home/schwede/barta0000/germinal_ds/templates_target_shuffle/nb_s938027_mpnn_3_IL3/chai_no_constraints/seed_1509/pred.model_idx_2.cif,0.2692006230354309,/scicore/home/schwede/barta0000/germinal_ds/templates_target_shuffle/nb_s938027_mpnn_3_IL3/chai_with_constraints/seed_2479/pred.model_idx_1.cif,0.2319248467683792,0.5855046510696411,0.14352989196777344,"[[0.9192464351654053, 0.3208808898925781]]","[[[0.9192464351654053, 0.14352989196777344], [0.13056865334510803, 0.3208808898925781]]]",0.14352989196777344,0.2692006230354309,0.6120806932449341,0.18348060548305511,"[[0.9222624897956848, 0.32074475288391113]]","[[[0.9222624897956848, 0.181837260723114], [0.18348060548305511, 0.32074475288391113]]]",0.181837260723114,0.8557084202766418,0.9016153812408447,0.8414653539657593,0.8592691421508789,0.8036566376686096,0.39074116945266724,1.2256063222885132,0.8414653539657593,/scicore/home/schwede/barta0000/germinal_ds/templates_target_shuffle/nb_s938027_mpnn_3_IL3/boltz_free/output/boltz_results_nb_s938027_mpnn_3_IL3/predictions/nb_s938027_mpnn_3_IL3/nb_s938027_mpnn_3_IL3_model_0.cif,0.8596715331077576,0.8294248580932617,0.6969882845878601,0.9003422856330872,0.8458557724952698,0.5893934369087219,4.534072399139404,0.6969882845878601,/scicore/home/schwede/barta0000/germinal_ds/templates_target_shuffle/nb_s938027_mpnn_3_IL3/boltz_with_template/output/boltz_results_nb_s938027_mpnn_3_IL3/predictions/nb_s938027_mpnn_3_IL3/nb_s938027_mpnn_3_IL3_model_0.cif
nb_s491148_mpnn_3_IL20,False,"A,B",10.446772965076352,83.41748655913977,138.93,13.46,6.446428571428571,73.94235735748066,0.088467,0.45,0.855,7.76,0.0,0.5,0.0089,0.261,4.51838392288579,94.76798586572438,,,2.7325,93.04999923706055,0.662919,0.82,0.87,,1.0,0.0075,0.314309550151269,0.8649308971059539,11.85030460357666,63.88519287109375,74.54108,13.715107,0.58069646,0.5985785722732544,/scicore/home/schwede/barta0000/germinal_ds/templates_target_shuffle/nb_s491148_mpnn_3_IL20/chai_no_constraints/seed_4849/pred.model_idx_0.cif,0.4116772413253784,/scicore/home/schwede/barta0000/germinal_ds/templates_target_shuffle/nb_s491148_mpnn_3_IL20/chai_with_constraints/seed_2264/pred.model_idx_2.cif,0.5985785722732544,0.7734267115592957,0.5548665523529053,"[[0.9115709066390991, 0.8983253836631775]]","[[[0.9115709066390991, 0.5309823155403137], [0.5548665523529053, 0.8983253836631775]]]",0.5309823155403137,0.4116772413253784,0.6780739426612854,0.3450780510902405,"[[0.9179716110229492, 0.8808775544166565]]","[[[0.9179716110229492, 0.3450780510902405], [0.2984045743942261, 0.8808775544166565]]]",0.3450780510902405,0.5949703454971313,0.6077990531921387,0.31335827708244324,0.6653733253479004,0.6035929918289185,1.2321960926055908,7.257925510406494,0.26486656069755554,/scicore/home/schwede/barta0000/germinal_ds/templates_target_shuffle/nb_s491148_mpnn_3_IL20/boltz_free/output/boltz_results_nb_s491148_mpnn_3_IL20/predictions/nb_s491148_mpnn_3_IL20/nb_s491148_mpnn_3_IL20_model_0.cif,0.830622136592865,0.811341404914856,0.7148334383964539,0.8595693111419678,0.8369277715682983,0.7392387390136719,3.6792798042297363,0.7148334383964539,/scicore/home/schwede/barta0000/germinal_ds/templates_target_shuffle/nb_s491148_mpnn_3_IL20/boltz_with_template/output/boltz_results_nb_s491148_mpnn_3_IL20/predictions/nb_s491148_mpnn_3_IL20/nb_s491148_mpnn_3_IL20_model_0.cif
nb_s596199_mpnn_2_PDL1,False,"A,B",11.236082180562232,83.8639575596817,102.38,10.32,5.992105263157894,68.36900484717098,0.040679,0.28,0.85,-133.16,0.0,0.34,0.5465,0.412,5.930748633587922,94.04789029535864,,,2.2926470588235297,85.04399909973145,0.236522,0.54,0.75,,1.0,0.7817,0.11711110829425296,0.8831472370161148,21.63790225982666,44.12872314453125,67.18381,17.255941,0.48423707,0.2907114028930664,/scicore/home/schwede/barta0000/germinal_ds/templates_target_shuffle/nb_s596199_mpnn_2_PDL1/chai_no_constraints/seed_2622/pred.model_idx_4.cif,0.45521771907806396,/scicore/home/schwede/barta0000/germinal_ds/templates_target_shuffle/nb_s596199_mpnn_2_PDL1/chai_with_constraints/seed_1963/pred.model_idx_0.cif,0.2907114028930664,0.6529421806335449,0.2001536786556244,"[[0.9271686673164368, 0.876771867275238]]","[[[0.9271686673164368, 0.2001536786556244], [0.17559193074703217, 0.876771867275238]]]",0.2001536786556244,0.45521771907806396,0.7478498816490173,0.38205966353416443,"[[0.9073376655578613, 0.8818002343177795]]","[[[0.9073376655578613, 0.38205966353416443], [0.3809099793434143, 0.8818002343177795]]]",0.38205966353416443,0.8079044222831726,0.7369024753570557,0.5733487606048584,0.8665432929992676,0.7669433355331421,0.5176414847373962,3.418062210083008,0.4831728935241699,/scicore/home/schwede/barta0000/germinal_ds/templates_target_shuffle/nb_s596199_mpnn_2_PDL1/boltz_free/output/boltz_results_nb_s596199_mpnn_2_PDL1/predictions/nb_s596199_mpnn_2_PDL1/nb_s596199_mpnn_2_PDL1_model_0.cif,0.8754288554191589,0.8244900107383728,0.6751943230628967,0.9254875183105469,0.8661934733390808,0.44017449021339417,2.4748520851135254,0.6751943230628967,/scicore/home/schwede/barta0000/germinal_ds/templates_target_shuffle/nb_s596199_mpnn_2_PDL1/boltz_with_template/output/boltz_results_nb_s596199_mpnn_2_PDL1/predictions/nb_s596199_mpnn_2_PDL1/nb_s596199_mpnn_2_PDL1_model_0.cif
nb_s566504_mpnn_1_BHRF,False,"A,B",13.423210841049384,81.39675604395605,280.75,16.42,7.717307692307693,64.53353964639547,0.00618,0.18,0.855,25.85,0.0,0.26,0.9063,0.378,5.511808690200617,90.9095138888889,,,3.871,79.478517320421,0.406856,0.62,0.79,,1.0,0.1723,0.06980319294290901,0.8538800890746603,16.632020115852356,57.952850341796875,75.40599,15.049196,0.5462791,0.534866213798523,/scicore/home/schwede/barta0000/germinal_ds/templates_target_shuffle/nb_s566504_mpnn_1_BHRF/chai_no_constraints/seed_1937/pred.model_idx_1.cif,0.6776357889175415,/scicore/home/schwede/barta0000/germinal_ds/templates_target_shuffle/nb_s566504_mpnn_1_BHRF/chai_with_constraints/seed_1795/pred.model_idx_2.cif,0.534866213798523,0.7536497712135315,0.4801703691482544,"[[0.9081736207008362, 0.9077101945877075]]","[[[0.9081736207008362, 0.4801703691482544], [0.40442997217178345, 0.9077101945877075]]]",0.4801703691482544,0.6776357889175415,0.8457359075546265,0.6356106996536255,"[[0.9131377935409546, 0.9107585549354553]]","[[[0.9131377935409546, 0.6356106996536255], [0.628612220287323, 0.9107585549354553]]]",0.6356106996536255,0.9152805209159851,0.9356005191802979,0.8900631666183472,0.9215848445892334,0.8719637393951416,0.3398374915122986,1.0259367227554321,0.8900631666183472,/scicore/home/schwede/barta0000/germinal_ds/templates_target_shuffle/nb_s566504_mpnn_1_BHRF/boltz_free/output/boltz_results_nb_s566504_mpnn_1_BHRF/predictions/nb_s566504_mpnn_1_BHRF/nb_s566504_mpnn_1_BHRF_model_0.cif,0.883165180683136,0.8286238312721252,0.6907392144203186,0.9312716722488403,0.8907157778739929,0.6318363547325134,4.337282180786133,0.6907392144203186,/scicore/home/schwede/barta0000/germinal_ds/templates_target_shuffle/nb_s566504_mpnn_1_BHRF/boltz_with_template/output/boltz_results_nb_s566504_mpnn_1_BHRF/predictions/nb_s566504_mpnn_1_BHRF/nb_s566504_mpnn_1_BHRF_model_0.cif
nb_s605394_mpnn_5_IL20,False,"A,B",14.456067624767446,80.7861229946524,110.69,9.24,6.194444444444445,69.6322006076237,0.0,0.15,0.85,29.95,0.0,0.23,0.0001,0.351,6.280470851178064,91.94501766784452,,,2.608636363636364,85.4204548922452,0.347048,0.6,0.76,,1.0,0.5971,0.10859303946616351,0.8555510263646449,10.941226232619513,63.22785568237305,73.59547,13.049898,0.60563016,0.2540643513202667,/scicore/home/schwede/barta0000/germinal_ds/templates_target_shuffle/nb_s605394_mpnn_5_IL20/chai_no_constraints/seed_3424/pred.model_idx_1.cif,0.3411487340927124,/scicore/home/schwede/barta0000/germinal_ds/templates_target_shuffle/nb_s605394_mpnn_5_IL20/chai_with_constraints/seed_3879/pred.model_idx_2.cif,0.2540643513202667,0.5889800786972046,0.17033541202545166,"[[0.876049280166626, 0.8899450302124023]]","[[[0.876049280166626, 0.17033541202545166], [0.13703174889087677, 0.8899450302124023]]]",0.17033541202545166,0.3411487340927124,0.6442487835884094,0.26537373661994934,"[[0.8792168498039246, 0.859794020652771]]","[[[0.8792168498039246, 0.26537373661994934], [0.2496325969696045, 0.859794020652771]]]",0.26537373661994934,0.6404022574424744,0.6262549757957458,0.513662576675415,0.6720871925354004,0.5862054824829102,1.1371222734451294,6.924139022827148,0.513662576675415,/scicore/home/schwede/barta0000/germinal_ds/templates_target_shuffle/nb_s605394_mpnn_5_IL20/boltz_free/output/boltz_results_nb_s605394_mpnn_5_IL20/predictions/nb_s605394_mpnn_5_IL20/nb_s605394_mpnn_5_IL20_model_0.cif,0.8407174944877625,0.7336171269416809,0.6247069835662842,0.894720196723938,0.8687239289283752,0.9506368637084961,4.351102352142334,0.6247069835662842,/scicore/home/schwede/barta0000/germinal_ds/templates_target_shuffle/nb_s605394_mpnn_5_IL20/boltz_with_template/output/boltz_results_nb_s605394_mpnn_5_IL20/predictions/nb_s605394_mpnn_5_IL20/nb_s605394_mpnn_5_IL20_model_0.cif
nb_s506400_mpnn_4_PDL1,False,"A,B",12.176588509676156,81.22960042621204,164.37,14.05,10.056000000000001,62.2902925430247,0.007659,0.2,0.835,-30.12,0.0,0.27,0.8765,0.309,3.8634082857091987,96.11075949367088,,,2.616346153846154,94.46499933515277,0.572836,0.78,0.85,,1.0,0.0514,0.07016754215883594,0.8566098978808329,19.210172653198242,56.74626159667969,67.96657,17.415844,0.4744113,0.3100643754005432,/scicore/home/schwede/barta0000/germinal_ds/templates_target_shuffle/nb_s506400_mpnn_4_PDL1/chai_no_constraints/seed_507/pred.model_idx_1.cif,0.4212486147880554,/scicore/home/schwede/barta0000/germinal_ds/templates_target_shuffle/nb_s506400_mpnn_4_PDL1/chai_with_constraints/seed_3735/pred.model_idx_2.cif,0.3100643754005432,0.6545758247375488,0.22393649816513062,"[[0.8949377536773682, 0.8815885186195374]]","[[[0.8949377536773682, 0.22393649816513062], [0.21317581832408905, 0.8815885186195374]]]",0.22393649816513062,0.4212486147880554,0.7168683409690857,0.34734368324279785,"[[0.8919042944908142, 0.8806934952735901]]","[[[0.8919042944908142, 0.33281248807907104], [0.34734368324279785, 0.8806934952735901]]]",0.33281248807907104,0.8172454833984375,0.8234831094741821,0.6523755192756653,0.858462929725647,0.7667041420936584,0.4443180561065674,3.0028328895568848,0.6523755192756653,/scicore/home/schwede/barta0000/germinal_ds/templates_target_shuffle/nb_s506400_mpnn_4_PDL1/boltz_free/output/boltz_results_nb_s506400_mpnn_4_PDL1/predictions/nb_s506400_mpnn_4_PDL1/nb_s506400_mpnn_4_PDL1_model_0.cif,0.8086361289024353,0.7683985233306885,0.5654177069664001,0.8694406747817993,0.778149425983429,0.5879501700401306,5.084982395172119,0.5654177069664001,/scicore/home/schwede/barta0000/germinal_ds/templates_target_shuffle/nb_s506400_mpnn_4_PDL1/boltz_with_template/output/boltz_results_nb_s506400_mpnn_4_PDL1/predictions/nb_s506400_mpnn_4_PDL1/nb_s506400_mpnn_4_PDL1_model_0.cif
nb_s1683_mpnn_2_IL20,False,"A,B",15.051713718488184,77.70780411449016,252.0,12.23,11.930555555555555,65.16274919379696,0.0,0.14,0.825,89.23,0.0,0.22,0.7427,0.538,8.159523530072793,86.41137809187279,,,8.811666666666666,74.89580609721523,0.172419,0.46,0.71,,1.0,0.0296,0.09635422360251335,0.846041185315865,14.884786128997803,61.07749557495117,71.87727,15.220741,0.5427538,0.24988162517547607,/scicore/home/schwede/barta0000/germinal_ds/templates_target_shuffle/nb_s1683_mpnn_2_IL20/chai_no_constraints/seed_1928/pred.model_idx_3.cif,0.3424622118473053,/scicore/home/schwede/barta0000/germinal_ds/templates_target_shuffle/nb_s1683_mpnn_2_IL20/chai_with_constraints/seed_1466/pred.model_idx_2.cif,0.24988162517547607,0.5849654674530029,0.16611064970493317,"[[0.8444764614105225, 0.8963204026222229]]","[[[0.8444764614105225, 0.16611064970493317], [0.13506712019443512, 0.8963204026222229]]]",0.16611064970493317,0.3424622118473053,0.6208993792533875,0.27285289764404297,"[[0.8314532041549683, 0.8648417592048645]]","[[[0.8314532041549683, 0.27285289764404297], [0.22400224208831787, 0.8648417592048645]]]",0.27285289764404297,0.5539023280143738,0.5630536079406738,0.2479015439748764,0.6304025650024414,0.5615987181663513,1.266692876815796,8.146283149719238,0.23711441457271576,/scicore/home/schwede/barta0000/germinal_ds/templates_target_shuffle/nb_s1683_mpnn_2_IL20/boltz_free/output/boltz_results_nb_s1683_mpnn_2_IL20/predictions/nb_s1683_mpnn_2_IL20/nb_s1683_mpnn_2_IL20_model_0.cif,0.7150890827178955,0.6844263076782227,0.47900980710983276,0.77410888671875,0.7066285014152527,1.0347923040390015,6.321354389190674,0.47900980710983276,/scicore/home/schwede/barta0000/germinal_ds/templates_target_shuffle/nb_s1683_mpnn_2_IL20/boltz_with_template/output/boltz_results_nb_s1683_mpnn_2_IL20/predictions/nb_s1683_mpnn_2_IL20/nb_s1683_mpnn_2_IL20_model_0.cif
nb_s417721_mpnn_3_PDL1,False,"A,B",8.935790204561235,83.56542933333333,91.33,8.78,7.640000000000001,73.94957191982691,0.153199,0.46,0.835,-119.13,0.0,0.49,0.9752,0.889,5.069157186348342,91.95253164556964,,,3.75225,85.63304337211277,0.407744,0.62,0.78,,1.0,0.9649,0.11138449943699018,0.8692164013565411,,,67.9608,17.398893,0.4941981,0.40403974056243896,/scicore/home/schwede/barta0000/germinal_ds/templates_target_shuffle/nb_s417721_mpnn_3_PDL1/chai_no_constraints/seed_3192/pred.model_idx_1.cif,0.46027541160583496,/scicore/home/schwede/barta0000/germinal_ds/templates_target_shuffle/nb_s417721_mpnn_3_PDL1/chai_with_constraints/seed_2432/pred.model_idx_4.cif,0.40403974056243896,0.7154345512390137,0.3261910378932953,"[[0.9044948816299438, 0.8872318267822266]]","[[[0.9044948816299438, 0.32567861676216125], [0.3261910378932953, 0.8872318267822266]]]",0.32567861676216125,0.46027541160583496,0.743421733379364,0.3894888162612915,"[[0.9026796221733093, 0.9240380525588989]]","[[[0.9026796221733093, 0.3781498670578003], [0.3894888162612915, 0.9240380525588989]]]",0.3781498670578003,0.8166632056236267,0.7665192484855652,0.5981149673461914,0.8713002800941467,0.8009297847747803,0.5695198774337769,3.3538248538970947,0.52430260181427,/scicore/home/schwede/barta0000/germinal_ds/templates_target_shuffle/nb_s417721_mpnn_3_PDL1/boltz_free/output/boltz_results_nb_s417721_mpnn_3_PDL1/predictions/nb_s417721_mpnn_3_PDL1/nb_s417721_mpnn_3_PDL1_model_0.cif,0.8738228678703308,0.8101181387901306,0.6409414410591125,0.9320432543754578,0.9032751321792603,0.4727010130882263,3.024264335632324,0.6279107332229614,/scicore/home/schwede/barta0000/germinal_ds/templates_target_shuffle/nb_s417721_mpnn_3_PDL1/boltz_with_template/output/boltz_results_nb_s417721_mpnn_3_PDL1/predictions/nb_s417721_mpnn_3_PDL1/nb_s417721_mpnn_3_PDL1_model_0.cif
nb_s461534_mpnn_4_BHRF,False,"A,B",9.178909082320711,84.93993037423847,169.52,9.3,6.604054054054054,73.87510637125757,0.161733,0.47,0.87,-36.95,0.0,0.52,0.5454,0.232,4.172593025590156,94.70395189003436,,,2.8264062500000002,93.52031350135803,0.680945,0.82,0.88,,1.0,0.4156,0.2959531134082369,0.8665205085138301,17.840562915802003,65.89110565185547,74.46781,15.622893,0.54581416,0.31162387132644653,/scicore/home/schwede/barta0000/germinal_ds/templates_target_shuffle/nb_s461534_mpnn_4_BHRF/chai_no_constraints/seed_1094/pred.model_idx_0.cif,0.5667253732681274,/scicore/home/schwede/barta0000/germinal_ds/templates_target_shuffle/nb_s461534_mpnn_4_BHRF/chai_with_constraints/seed_1628/pred.model_idx_2.cif,0.31162387132644653,0.6278927326202393,0.23255665600299835,"[[0.929587721824646, 0.9108000993728638]]","[[[0.929587721824646, 0.23255665600299835], [0.1935189664363861, 0.9108000993728638]]]",0.23255665600299835,0.5667253732681274,0.7979029417037964,0.5089309215545654,"[[0.9235526919364929, 0.9162302017211914]]","[[[0.9235526919364929, 0.5089309215545654], [0.49424463510513306, 0.9162302017211914]]]",0.5089309215545654,0.8439178466796875,0.8537479043006897,0.7277344465255737,0.8729637265205383,0.79022216796875,0.4885838031768799,3.711765766143799,0.7277344465255737,/scicore/home/schwede/barta0000/germinal_ds/templates_target_shuffle/nb_s461534_mpnn_4_BHRF/boltz_free/output/boltz_results_nb_s461534_mpnn_4_BHRF/predictions/nb_s461534_mpnn_4_BHRF/nb_s461534_mpnn_4_BHRF_model_0.cif,0.9154924750328064,0.9165007472038269,0.8547215461730957,0.9306851625442505,0.895480215549469,0.3903292715549469,1.5133084058761597,0.8547215461730957,/scicore/home/schwede/barta0000/germinal_ds/templates_target_shuffle/nb_s461534_mpnn_4_BHRF/boltz_with_template/output/boltz_results_nb_s461534_mpnn_4_BHRF/predictions/nb_s461534_mpnn_4_BHRF/nb_s461534_mpnn_4_BHRF_model_0.cif
nb_s24110_mpnn_5_BHRF,False,"A,B",12.029322193287038,79.79017613386173,597.94,34.35,9.780000000000001,61.55962380692242,0.04065,0.27,0.835,185.54,0.0,0.34,0.3229,0.345,6.03234893422068,90.93861111111111,,,5.4596,76.3764529074392,0.351458,0.61,0.79,,1.0,0.16,0.09521124426166189,0.8591204109727156,16.99708843231201,44.248897552490234,73.364944,16.120419,0.5310247,0.4388142228126526,/scicore/home/schwede/barta0000/germinal_ds/templates_target_shuffle/nb_s24110_mpnn_5_BHRF/chai_no_constraints/seed_1498/pred.model_idx_3.cif,0.6254787445068359,/scicore/home/schwede/barta0000/germinal_ds/templates_target_shuffle/nb_s24110_mpnn_5_BHRF/chai_with_constraints/seed_2601/pred.model_idx_2.cif,0.4388142228126526,0.7283959984779358,0.3664187788963318,"[[0.8851436376571655, 0.9157605171203613]]","[[[0.8851436376571655, 0.3664187788963318], [0.34656819701194763, 0.9157605171203613]]]",0.3664187788963318,0.6254787445068359,0.8403403162956238,0.5717633366584778,"[[0.8976579308509827, 0.9190750122070312]]","[[[0.8976579308509827, 0.541994035243988], [0.5717633366584778, 0.9190750122070312]]]",0.541994035243988,0.8175312876701355,0.7521858215332031,0.5050541162490845,0.8956506252288818,0.7879432439804077,0.572072446346283,4.738682270050049,0.5021591782569885,/scicore/home/schwede/barta0000/germinal_ds/templates_target_shuffle/nb_s24110_mpnn_5_BHRF/boltz_free/output/boltz_results_nb_s24110_mpnn_5_BHRF/predictions/nb_s24110_mpnn_5_BHRF/nb_s24110_mpnn_5_BHRF_model_0.cif,0.8618258833885193,0.8222187757492065,0.6567475199699402,0.9130954742431641,0.8351109027862549,0.5716140270233154,4.8053107261657715,0.6567475199699402,/scicore/home/schwede/barta0000/germinal_ds/templates_target_shuffle/nb_s24110_mpnn_5_BHRF/boltz_with_template/output/boltz_results_nb_s24110_mpnn_5_BHRF/predictions/nb_s24110_mpnn_5_BHRF/nb_s24110_mpnn_5_BHRF_model_0.cif
nb_s916275_mpnn_1_BHRF,False,"A,B",13.927125329176556,77.43389644580957,358.28,16.08,5.3112903225806445,63.98762078199103,0.006491,0.2,0.8200000000000001,18.48,0.0,0.27,0.4394,0.518,5.293914573517081,90.80079037800687,,,2.810483870967742,81.73542742047991,0.42806,0.67,0.82,,1.0,0.0006,0.06444787244604397,0.8245544251670625,16.12991007891568,52.029335021972656,72.562675,14.76542,0.5447744,0.4285482168197632,/scicore/home/schwede/barta0000/germinal_ds/templates_target_shuffle/nb_s916275_mpnn_1_BHRF/chai_no_constraints/seed_5396/pred.model_idx_3.cif,0.44848451018333435,/scicore/home/schwede/barta0000/germinal_ds/templates_target_shuffle/nb_s916275_mpnn_1_BHRF/chai_with_constraints/seed_1514/pred.model_idx_2.cif,0.4285482168197632,0.6992250084877014,0.36087900400161743,"[[0.887488842010498, 0.9031825065612793]]","[[[0.887488842010498, 0.36087900400161743], [0.3225015103816986, 0.9031825065612793]]]",0.36087900400161743,0.44848451018333435,0.7293574213981628,0.37826627492904663,"[[0.887906014919281, 0.903792142868042]]","[[[0.887906014919281, 0.37826627492904663], [0.35631200671195984, 0.903792142868042]]]",0.37826627492904663,0.844546914100647,0.8700929284095764,0.773661732673645,0.8622681498527527,0.7900359630584717,0.4801194667816162,2.3551313877105713,0.773661732673645,/scicore/home/schwede/barta0000/germinal_ds/templates_target_shuffle/nb_s916275_mpnn_1_BHRF/boltz_free/output/boltz_results_nb_s916275_mpnn_1_BHRF/predictions/nb_s916275_mpnn_1_BHRF/nb_s916275_mpnn_1_BHRF_model_0.cif,0.8454494476318359,0.7562338709831238,0.5474606156349182,0.9199466109275818,0.8876716494560242,0.813848614692688,6.432510852813721,0.5474606156349182,/scicore/home/schwede/barta0000/germinal_ds/templates_target_shuffle/nb_s916275_mpnn_1_BHRF/boltz_with_template/output/boltz_results_nb_s916275_mpnn_1_BHRF/predictions/nb_s916275_mpnn_1_BHRF/nb_s916275_mpnn_1_BHRF_model_0.cif
nb_s870461_mpnn_4_IL20,False,"A,B",10.767061224489796,81.92930285196923,50.99,2.9,8.060714285714285,71.33622678295391,0.086338,0.37,0.845,-117.99,0.0,0.43,0.0259,0.556,4.124438392857143,95.04996428571428,,,3.154375,93.39911741368911,0.697205,0.83,0.88,,1.0,0.0157,0.16109386779623439,0.8665205085138301,8.274225966135662,69.54432678222656,74.065,13.144998,0.602363,0.33347567915916443,/scicore/home/schwede/barta0000/germinal_ds/templates_target_shuffle/nb_s870461_mpnn_4_IL20/chai_no_constraints/seed_1235/pred.model_idx_4.cif,0.6014223694801331,/scicore/home/schwede/barta0000/germinal_ds/templates_target_shuffle/nb_s870461_mpnn_4_IL20/chai_with_constraints/seed_501/pred.model_idx_4.cif,0.33347567915916443,0.633797824382782,0.25839513540267944,"[[0.8943691849708557, 0.8938325643539429]]","[[[0.8943691849708557, 0.25839513540267944], [0.212668314576149, 0.8938325643539429]]]",0.25839513540267944,0.6014223694801331,0.8024226427078247,0.5511722564697266,"[[0.87799072265625, 0.8950178623199463]]","[[[0.87799072265625, 0.546647310256958], [0.5511722564697266, 0.8950178623199463]]]",0.546647310256958,0.6037928462028503,0.6684213280677795,0.41424325108528137,0.6511802077293396,0.5939452648162842,1.014275074005127,6.0452799797058105,0.40151721239089966,/scicore/home/schwede/barta0000/germinal_ds/templates_target_shuffle/nb_s870461_mpnn_4_IL20/boltz_free/output/boltz_results_nb_s870461_mpnn_4_IL20/predictions/nb_s870461_mpnn_4_IL20/nb_s870461_mpnn_4_IL20_model_0.cif,0.7902207970619202,0.7740333676338196,0.6201646327972412,0.8327348232269287,0.7747530341148376,0.7998408079147339,4.9954376220703125,0.6201646327972412,/scicore/home/schwede/barta0000/germinal_ds/templates_target_shuffle/nb_s870461_mpnn_4_IL20/boltz_with_template/output/boltz_results_nb_s870461_mpnn_4_IL20/predictions/nb_s870461_mpnn_4_IL20/nb_s870461_mpnn_4_IL20_model_0.cif
nb_s7171_mpnn_2_BHRF,False,"A,B",12.229230878237148,79.0153515625,287.72,14.91,7.648529411764706,62.4221376552516,0.030419,0.24,0.835,69.84,0.0,0.31,0.8404,0.767,6.411620670516408,89.64580756013746,,,3.9600000000000004,78.48899892171224,0.309094,0.57,0.77,,1.0,0.9516,0.11817099448410895,0.8704760067039148,15.59563570022583,56.57253646850586,75.03622,14.339805,0.55253136,0.30331313610076904,/scicore/home/schwede/barta0000/germinal_ds/templates_target_shuffle/nb_s7171_mpnn_2_BHRF/chai_no_constraints/seed_1103/pred.model_idx_1.cif,0.4049041271209717,/scicore/home/schwede/barta0000/germinal_ds/templates_target_shuffle/nb_s7171_mpnn_2_BHRF/chai_with_constraints/seed_1689/pred.model_idx_2.cif,0.30331313610076904,0.6162164211273193,0.22508731484413147,"[[0.8931834101676941, 0.8984923362731934]]","[[[0.8931834101676941, 0.22508731484413147], [0.18302445113658905, 0.8984923362731934]]]",0.22508731484413147,0.4049041271209717,0.6929364204406738,0.33289605379104614,"[[0.8941187262535095, 0.891424834728241]]","[[[0.8941187262535095, 0.33289605379104614], [0.3051014244556427, 0.891424834728241]]]",0.33289605379104614,0.8443765640258789,0.9066632986068726,0.8463104367256165,0.8438930511474609,0.7692290544509888,0.3731088638305664,1.364205241203308,0.8463104367256165,/scicore/home/schwede/barta0000/germinal_ds/templates_target_shuffle/nb_s7171_mpnn_2_BHRF/boltz_free/output/boltz_results_nb_s7171_mpnn_2_BHRF/predictions/nb_s7171_mpnn_2_BHRF/nb_s7171_mpnn_2_BHRF_model_0.cif,0.7746054530143738,0.6743061542510986,0.405816912651062,0.8668026328086853,0.7828441262245178,0.886286735534668,8.905012130737305,0.402432382106781,/scicore/home/schwede/barta0000/germinal_ds/templates_target_shuffle/nb_s7171_mpnn_2_BHRF/boltz_with_template/output/boltz_results_nb_s7171_mpnn_2_BHRF/predictions/nb_s7171_mpnn_2_BHRF/nb_s7171_mpnn_2_BHRF_model_0.cif
nb_s494235_mpnn_5_IL20,False,"A,B",12.304402602105158,81.80575446428571,510.13,32.17,3.8481481481481485,72.56960984599932,0.012392,0.26,0.845,236.07,0.0,0.32,0.2297,2.912,6.755834883691893,91.02229681978798,,,1.9434482758620693,84.32482831231479,0.249485,0.54,0.74,,1.0,0.0033,0.09540246998085082,0.8977174589160591,13.63593833586749,59.90055465698242,72.86866,13.614395,0.57122445,0.3135475516319275,/scicore/home/schwede/barta0000/germinal_ds/templates_target_shuffle/nb_s494235_mpnn_5_IL20/chai_no_constraints/seed_3300/pred.model_idx_3.cif,0.39809346199035645,/scicore/home/schwede/barta0000/germinal_ds/templates_target_shuffle/nb_s494235_mpnn_5_IL20/chai_with_constraints/seed_39/pred.model_idx_1.cif,0.3135475516319275,0.6199907064437866,0.2369367480278015,"[[0.9150165319442749, 0.8865132927894592]]","[[[0.9150165319442749, 0.2369367480278015], [0.20677605271339417, 0.8865132927894592]]]",0.2369367480278015,0.39809346199035645,0.6823626756668091,0.3270261287689209,"[[0.915280818939209, 0.8876911997795105]]","[[[0.915280818939209, 0.3270261287689209], [0.2989945113658905, 0.8876911997795105]]]",0.3270261287689209,0.5834242701530457,0.6537535786628723,0.4340963661670685,0.620756208896637,0.5505255460739136,1.1216925382614136,7.43024206161499,0.4340963661670685,/scicore/home/schwede/barta0000/germinal_ds/templates_target_shuffle/nb_s494235_mpnn_5_IL20/boltz_free/output/boltz_results_nb_s494235_mpnn_5_IL20/predictions/nb_s494235_mpnn_5_IL20/nb_s494235_mpnn_5_IL20_model_0.cif,0.8005272746086121,0.7682005167007446,0.6118755340576172,0.847690224647522,0.7973150014877319,0.8563576936721802,4.1832966804504395,0.6118755340576172,/scicore/home/schwede/barta0000/germinal_ds/templates_target_shuffle/nb_s494235_mpnn_5_IL20/boltz_with_template/output/boltz_results_nb_s494235_mpnn_5_IL20/predictions/nb_s494235_mpnn_5_IL20/nb_s494235_mpnn_5_IL20_model_0.cif
nb_s171911_mpnn_1_IL20,False,"A,B",14.834261883654435,79.659285399206,384.99,29.12,4.9825,67.61262125710904,0.005477,0.13,0.85,143.03,0.0,0.21,0.0007,0.806,6.580466855623119,91.18936395759718,,,2.8539473684210526,81.80759796142578,0.276579,0.52,0.74,,1.0,,0.0690765630802076,0.8628229170850061,16.16259412765503,62.98684310913086,72.01025,15.511389,0.5330851,0.3232775926589966,/scicore/home/schwede/barta0000/germinal_ds/templates_target_shuffle/nb_s171911_mpnn_1_IL20/chai_no_constraints/seed_2143/pred.model_idx_3.cif,0.3318716585636139,/scicore/home/schwede/barta0000/germinal_ds/templates_target_shuffle/nb_s171911_mpnn_1_IL20/chai_with_constraints/seed_1990/pred.model_idx_1.cif,0.3232775926589966,0.6345453262329102,0.245460644364357,"[[0.9125576019287109, 0.8968087434768677]]","[[[0.9125576019287109, 0.245460644364357], [0.23537690937519073, 0.8968087434768677]]]",0.245460644364357,0.3318716585636139,0.6247696876525879,0.2586471438407898,"[[0.8627467155456543, 0.8467234969139099]]","[[[0.8627467155456543, 0.2586471438407898], [0.25517839193344116, 0.8467234969139099]]]",0.2586471438407898,0.642586350440979,0.7108228206634521,0.5272631645202637,0.6714171171188354,0.6184795498847961,0.9452835917472839,5.043467998504639,0.4927332103252411,/scicore/home/schwede/barta0000/germinal_ds/templates_target_shuffle/nb_s171911_mpnn_1_IL20/boltz_free/output/boltz_results_nb_s171911_mpnn_1_IL20/predictions/nb_s171911_mpnn_1_IL20/nb_s171911_mpnn_1_IL20_model_0.cif,0.7782776951789856,0.7327459454536438,0.5687665343284607,0.8306554555892944,0.7569331526756287,0.817898690700531,3.906646490097046,0.5687665343284607,/scicore/home/schwede/barta0000/germinal_ds/templates_target_shuffle/nb_s171911_mpnn_1_IL20/boltz_with_template/output/boltz_results_nb_s171911_mpnn_1_IL20/predictions/nb_s171911_mpnn_1_IL20/nb_s171911_mpnn_1_IL20_model_0.cif
nb_s892360_mpnn_4_BHRF,False,"A,B",12.111157166306493,82.52053995680345,123.46,7.55,10.21,68.5978490346759,0.030123,0.29,0.855,-28.82,0.0,0.35,0.3824,0.403,5.564367685785478,92.51398625429553,,,4.689285714285714,86.04607009887695,0.438493,0.64,0.8,,1.0,0.091,0.1125144506369927,0.8512973273902642,16.50038120481703,48.57040023803711,73.05053,15.448712,0.5396911,0.3422669768333435,/scicore/home/schwede/barta0000/germinal_ds/templates_target_shuffle/nb_s892360_mpnn_4_BHRF/chai_no_constraints/seed_1040/pred.model_idx_2.cif,0.4002777338027954,/scicore/home/schwede/barta0000/germinal_ds/templates_target_shuffle/nb_s892360_mpnn_4_BHRF/chai_with_constraints/seed_4568/pred.model_idx_2.cif,0.3422669768333435,0.6465813517570496,0.266188383102417,"[[0.8885393142700195, 0.9051262140274048]]","[[[0.8885393142700195, 0.266188383102417], [0.21614599227905273, 0.9051262140274048]]]",0.266188383102417,0.4002777338027954,0.6895912289619446,0.3279493451118469,"[[0.8895823359489441, 0.8944544792175293]]","[[[0.8895823359489441, 0.3279493451118469], [0.2885114550590515, 0.8944544792175293]]]",0.3279493451118469,0.834044873714447,0.818132221698761,0.6650363206863403,0.8762969970703125,0.8203187584877014,0.4565356969833374,3.352682590484619,0.6650363206863403,/scicore/home/schwede/barta0000/germinal_ds/templates_target_shuffle/nb_s892360_mpnn_4_BHRF/boltz_free/output/boltz_results_nb_s892360_mpnn_4_BHRF/predictions/nb_s892360_mpnn_4_BHRF/nb_s892360_mpnn_4_BHRF_model_0.cif,0.8544467091560364,0.7744808793067932,0.6065167784690857,0.9164291620254517,0.8829560875892639,0.6123358011245728,6.6372971534729,0.5822020769119263,/scicore/home/schwede/barta0000/germinal_ds/templates_target_shuffle/nb_s892360_mpnn_4_BHRF/boltz_with_template/output/boltz_results_nb_s892360_mpnn_4_BHRF/predictions/nb_s892360_mpnn_4_BHRF/nb_s892360_mpnn_4_BHRF_model_0.cif
nb_s596199_mpnn_3_IL20,False,"A,B",14.295076530612246,80.68837813620073,371.78,18.14,11.96931818181818,66.01934623870383,0.005484,0.17,0.855,114.94,0.0,0.25,0.3269,0.551,7.197394642857143,91.7284642857143,,,5.633714285714286,82.39363606770833,0.194297,0.45,0.71,,1.0,,0.08458403858833678,0.8852829099363032,11.235061585903168,63.296531677246094,73.95965,12.797865,0.6062994,0.31905636191368103,/scicore/home/schwede/barta0000/germinal_ds/templates_target_shuffle/nb_s596199_mpnn_3_IL20/chai_no_constraints/seed_1362/pred.model_idx_3.cif,0.37030524015426636,/scicore/home/schwede/barta0000/germinal_ds/templates_target_shuffle/nb_s596199_mpnn_3_IL20/chai_with_constraints/seed_3134/pred.model_idx_2.cif,0.31905636191368103,0.6178407073020935,0.24436026811599731,"[[0.8896135687828064, 0.8977805376052856]]","[[[0.8896135687828064, 0.24436026811599731], [0.19600439071655273, 0.8977805376052856]]]",0.24436026811599731,0.37030524015426636,0.6513732671737671,0.30003821849823,"[[0.888641893863678, 0.8710862994194031]]","[[[0.888641893863678, 0.30003821849823], [0.2436184138059616, 0.8710862994194031]]]",0.30003821849823,0.5731827616691589,0.5952276587486267,0.2997973561286926,0.6415290832519531,0.5788009762763977,1.2675797939300537,7.25507926940918,0.28514188528060913,/scicore/home/schwede/barta0000/germinal_ds/templates_target_shuffle/nb_s596199_mpnn_3_IL20/boltz_free/output/boltz_results_nb_s596199_mpnn_3_IL20/predictions/nb_s596199_mpnn_3_IL20/nb_s596199_mpnn_3_IL20_model_0.cif,0.8222567439079285,0.7935313582420349,0.6551598906517029,0.8640310168266296,0.7996996641159058,0.6902555823326111,3.716122627258301,0.6551598906517029,/scicore/home/schwede/barta0000/germinal_ds/templates_target_shuffle/nb_s596199_mpnn_3_IL20/boltz_with_template/output/boltz_results_nb_s596199_mpnn_3_IL20/predictions/nb_s596199_mpnn_3_IL20/nb_s596199_mpnn_3_IL20_model_0.cif
nb_s768471_mpnn_1_BHRF,False,"A,B",8.778492717978393,82.89746818780168,335.1,15.95,6.467105263157894,71.5068950602093,0.190942,0.54,0.855,-0.77,0.0,0.58,0.652,0.353,5.0437622974537035,90.94329861111112,,,4.099375,85.59404772803897,0.622976,0.8,0.87,,1.0,0.9903,0.3173932904914655,0.8699395551946514,19.694592157999676,45.75117111206055,73.80011,16.04129,0.53605497,0.37633228302001953,/scicore/home/schwede/barta0000/germinal_ds/templates_target_shuffle/nb_s768471_mpnn_1_BHRF/chai_no_constraints/seed_2483/pred.model_idx_0.cif,0.36756378412246704,/scicore/home/schwede/barta0000/germinal_ds/templates_target_shuffle/nb_s768471_mpnn_1_BHRF/chai_with_constraints/seed_2779/pred.model_idx_2.cif,0.37633228302001953,0.6702459454536438,0.30285388231277466,"[[0.8982471227645874, 0.9080114364624023]]","[[[0.8982471227645874, 0.30285388231277466], [0.25971347093582153, 0.9080114364624023]]]",0.30285388231277466,0.36756378412246704,0.6651050448417664,0.2931784689426422,"[[0.8968396782875061, 0.8937530517578125]]","[[[0.8968396782875061, 0.2931784689426422], [0.23490028083324432, 0.8937530517578125]]]",0.2931784689426422,0.8471233248710632,0.8781823515892029,0.8244146108627319,0.8528004884719849,0.7999546527862549,0.42019760608673096,1.9710125923156738,0.8244146108627319,/scicore/home/schwede/barta0000/germinal_ds/templates_target_shuffle/nb_s768471_mpnn_1_BHRF/boltz_free/output/boltz_results_nb_s768471_mpnn_1_BHRF/predictions/nb_s768471_mpnn_1_BHRF/nb_s768471_mpnn_1_BHRF_model_0.cif,0.8400500416755676,0.8501309156417847,0.7212146520614624,0.8697589039802551,0.8067963123321533,0.48935770988464355,3.298367977142334,0.7212146520614624,/scicore/home/schwede/barta0000/germinal_ds/templates_target_shuffle/nb_s768471_mpnn_1_BHRF/boltz_with_template/output/boltz_results_nb_s768471_mpnn_1_BHRF/predictions/nb_s768471_mpnn_1_BHRF/nb_s768471_mpnn_1_BHRF_model_0.cif
nb_s913468_mpnn_2_BHRF,False,"A,B",13.993852478780866,79.13340868794326,308.31,21.34,12.539999999999997,65.29564642718934,0.005696,0.23,0.825,84.97,0.0,0.3,0.0742,0.356,5.985948471257716,89.15815972222222,,,6.150172413793104,80.14481495044849,0.491051,0.7,0.82,,1.0,0.4585,0.07045564765095332,0.8334787217325931,17.41062207655473,66.51017761230469,74.38642,15.425759,0.54918164,0.3123163878917694,/scicore/home/schwede/barta0000/germinal_ds/templates_target_shuffle/nb_s913468_mpnn_2_BHRF/chai_no_constraints/seed_4267/pred.model_idx_3.cif,0.4744977355003357,/scicore/home/schwede/barta0000/germinal_ds/templates_target_shuffle/nb_s913468_mpnn_2_BHRF/chai_with_constraints/seed_178/pred.model_idx_3.cif,0.3123163878917694,0.6372114419937134,0.23109261691570282,"[[0.9154026508331299, 0.9093108177185059]]","[[[0.9154026508331299, 0.23109261691570282], [0.17782911658287048, 0.9093108177185059]]]",0.23109261691570282,0.4744977355003357,0.7475106120109558,0.40624451637268066,"[[0.9063287377357483, 0.9048691391944885]]","[[[0.9063287377357483, 0.40624451637268066], [0.37686002254486084, 0.9048691391944885]]]",0.40624451637268066,0.800561249256134,0.6992465853691101,0.44328632950782776,0.8898799419403076,0.7857065796852112,0.692965030670166,6.5056681632995605,0.4006633460521698,/scicore/home/schwede/barta0000/germinal_ds/templates_target_shuffle/nb_s913468_mpnn_2_BHRF/boltz_free/output/boltz_results_nb_s913468_mpnn_2_BHRF/predictions/nb_s913468_mpnn_2_BHRF/nb_s913468_mpnn_2_BHRF_model_0.cif,0.8395097851753235,0.7601841688156128,0.5606836676597595,0.9092163443565369,0.8315593004226685,0.7663087844848633,6.2827372550964355,0.5606836676597595,/scicore/home/schwede/barta0000/germinal_ds/templates_target_shuffle/nb_s913468_mpnn_2_BHRF/boltz_with_template/output/boltz_results_nb_s913468_mpnn_2_BHRF/predictions/nb_s913468_mpnn_2_BHRF/nb_s913468_mpnn_2_BHRF_model_0.cif
nb_s302651_mpnn_3_BHRF,False,"A,B",13.879001192711472,77.88723896898209,506.26,30.97,11.346000000000002,59.88665372010291,0.010388,0.2,0.83,233.15,0.0,0.27,,0.77,5.96144554268372,89.96147766323024,,,5.2683333333333335,80.8575869593127,0.465173,0.68,0.8,,1.0,0.0014,0.05613912191045094,0.8118965847910974,17.526005744934082,44.766845703125,72.073265,15.78608,0.5310911,0.31405216455459595,/scicore/home/schwede/barta0000/germinal_ds/templates_target_shuffle/nb_s302651_mpnn_3_BHRF/chai_no_constraints/seed_3273/pred.model_idx_1.cif,0.6818220615386963,/scicore/home/schwede/barta0000/germinal_ds/templates_target_shuffle/nb_s302651_mpnn_3_BHRF/chai_with_constraints/seed_4181/pred.model_idx_1.cif,0.31405216455459595,0.6270138621330261,0.2358117401599884,"[[0.9186951518058777, 0.9013087153434753]]","[[[0.9186951518058777, 0.2358117401599884], [0.18331032991409302, 0.9013087153434753]]]",0.2358117401599884,0.6818220615386963,0.8481980562210083,0.6402279734611511,"[[0.9209600687026978, 0.918854832649231]]","[[[0.9209600687026978, 0.6265154480934143], [0.6402279734611511, 0.918854832649231]]]",0.6265154480934143,0.8430364727973938,0.8756542205810547,0.8004636168479919,0.8536796569824219,0.7938067317008972,0.40703466534614563,1.7216796875,0.8004636168479919,/scicore/home/schwede/barta0000/germinal_ds/templates_target_shuffle/nb_s302651_mpnn_3_BHRF/boltz_free/output/boltz_results_nb_s302651_mpnn_3_BHRF/predictions/nb_s302651_mpnn_3_BHRF/nb_s302651_mpnn_3_BHRF_model_0.cif,0.8725923895835876,0.8164544701576233,0.7076946496963501,0.9138168096542358,0.8838872313499451,0.5999416708946228,4.821510314941406,0.6654811501502991,/scicore/home/schwede/barta0000/germinal_ds/templates_target_shuffle/nb_s302651_mpnn_3_BHRF/boltz_with_template/output/boltz_results_nb_s302651_mpnn_3_BHRF/predictions/nb_s302651_mpnn_3_BHRF/nb_s302651_mpnn_3_BHRF_model_0.cif
nb_s874243_mpnn_2_IL3,False,"A,B",12.965744,80.24282542885973,180.38,10.96,6.489473684210526,61.15591132487742,0.015241,0.22,0.83,7.15,0.0,0.3,0.0726,0.395,7.7711507200000005,88.44720000000001,,,5.760555555555555,73.00399826049805,0.182202,0.45,0.69,,1.0,0.1091,0.10153596874152357,0.882177317178329,,,53.897472,20.692427,0.47439402,0.4143418073654175,/scicore/home/schwede/barta0000/germinal_ds/templates_target_shuffle/nb_s874243_mpnn_2_IL3/chai_no_constraints/seed_5455/pred.model_idx_4.cif,0.4146396815776825,/scicore/home/schwede/barta0000/germinal_ds/templates_target_shuffle/nb_s874243_mpnn_2_IL3/chai_with_constraints/seed_1907/pred.model_idx_3.cif,0.4143418073654175,0.6071249842643738,0.3661459982395172,"[[0.9092526435852051, 0.30815839767456055]]","[[[0.9092526435852051, 0.19688111543655396], [0.3661459982395172, 0.30815839767456055]]]",0.19688111543655396,0.4146396815776825,0.6790304183959961,0.3485420048236847,"[[0.9223120808601379, 0.338603675365448]]","[[[0.9223120808601379, 0.28842484951019287], [0.3485420048236847, 0.338603675365448]]]",0.28842484951019287,0.7932825088500977,0.7866508364677429,0.6653199195861816,0.8252731561660767,0.722865104675293,0.5899944305419922,3.9098169803619385,0.6653199195861816,/scicore/home/schwede/barta0000/germinal_ds/templates_target_shuffle/nb_s874243_mpnn_2_IL3/boltz_free/output/boltz_results_nb_s874243_mpnn_2_IL3/predictions/nb_s874243_mpnn_2_IL3/nb_s874243_mpnn_2_IL3_model_0.cif,0.837636411190033,0.8360218405723572,0.7393127083778381,0.8622173070907593,0.7870377898216248,0.5116533637046814,2.6757731437683105,0.7393127083778381,/scicore/home/schwede/barta0000/germinal_ds/templates_target_shuffle/nb_s874243_mpnn_2_IL3/boltz_with_template/output/boltz_results_nb_s874243_mpnn_2_IL3/predictions/nb_s874243_mpnn_2_IL3/nb_s874243_mpnn_2_IL3_model_0.cif
nb_s403539_mpnn_3_BHRF,False,"A,B",13.629323398919754,80.12935824175824,269.5,14.39,9.758333333333333,63.618928614172646,0.005662,0.17,0.835,-29.07,0.0,0.25,0.0236,0.247,5.195378206983025,92.06809027777778,,,3.414666666666667,82.93222183651395,0.448424,0.65,0.81,,1.0,0.0215,0.06819643564840056,0.8470872553020734,21.002052307128906,57.43134689331055,73.276344,16.987032,0.51176256,0.4668811857700348,/scicore/home/schwede/barta0000/germinal_ds/templates_target_shuffle/nb_s403539_mpnn_3_BHRF/chai_no_constraints/seed_2837/pred.model_idx_1.cif,0.5513638257980347,/scicore/home/schwede/barta0000/germinal_ds/templates_target_shuffle/nb_s403539_mpnn_3_BHRF/chai_with_constraints/seed_2346/pred.model_idx_3.cif,0.4668811857700348,0.7361621856689453,0.39956092834472656,"[[0.8747776746749878, 0.9106735587120056]]","[[[0.8747776746749878, 0.39956092834472656], [0.37457942962646484, 0.9106735587120056]]]",0.39956092834472656,0.5513638257980347,0.7980145215988159,0.4897010922431946,"[[0.8900347948074341, 0.9043142795562744]]","[[[0.8900347948074341, 0.484110563993454], [0.4897010922431946, 0.9043142795562744]]]",0.484110563993454,0.8103033304214478,0.790008008480072,0.5887851119041443,0.8656828999519348,0.7456755042076111,0.5579826831817627,4.336397647857666,0.5887851119041443,/scicore/home/schwede/barta0000/germinal_ds/templates_target_shuffle/nb_s403539_mpnn_3_BHRF/boltz_free/output/boltz_results_nb_s403539_mpnn_3_BHRF/predictions/nb_s403539_mpnn_3_BHRF/nb_s403539_mpnn_3_BHRF_model_0.cif,0.8266057968139648,0.7521280646324158,0.5484992265701294,0.8961324691772461,0.8150800466537476,0.7613884210586548,6.620117664337158,0.5129225850105286,/scicore/home/schwede/barta0000/germinal_ds/templates_target_shuffle/nb_s403539_mpnn_3_BHRF/boltz_with_template/output/boltz_results_nb_s403539_mpnn_3_BHRF/predictions/nb_s403539_mpnn_3_BHRF/nb_s403539_mpnn_3_BHRF_model_0.cif
nb_s72302_mpnn_3_IL20,False,"A,B",11.307548469387756,83.68639039855071,61.86,5.41,4.090000000000001,74.45331102728328,0.035251,0.37,0.87,-56.98,0.0,0.42,0.9226,0.554,4.878976403061224,94.48496428571428,,,2.1588095238095244,90.98590885509144,0.473711,0.73,0.83,,1.0,0.6837,0.10193854675489718,0.8700977471399579,11.220730781555176,68.51775360107422,75.93855,13.421311,0.5679471,0.3008544147014618,/scicore/home/schwede/barta0000/germinal_ds/templates_target_shuffle/nb_s72302_mpnn_3_IL20/chai_no_constraints/seed_330/pred.model_idx_3.cif,0.5482105016708374,/scicore/home/schwede/barta0000/germinal_ds/templates_target_shuffle/nb_s72302_mpnn_3_IL20/chai_with_constraints/seed_1510/pred.model_idx_1.cif,0.3008544147014618,0.6153130531311035,0.22223974764347076,"[[0.933245062828064, 0.8961525559425354]]","[[[0.933245062828064, 0.22223974764347076], [0.21045224368572235, 0.8961525559425354]]]",0.22223974764347076,0.5482105016708374,0.7775049209594727,0.4908868968486786,"[[0.9323873519897461, 0.8988282680511475]]","[[[0.9323873519897461, 0.4908868968486786], [0.4764223098754883, 0.8988282680511475]]]",0.4908868968486786,0.5809940695762634,0.5893931984901428,0.2818353772163391,0.6557837724685669,0.599873423576355,1.1537284851074219,7.9386162757873535,0.23257960379123688,/scicore/home/schwede/barta0000/germinal_ds/templates_target_shuffle/nb_s72302_mpnn_3_IL20/boltz_free/output/boltz_results_nb_s72302_mpnn_3_IL20/predictions/nb_s72302_mpnn_3_IL20/nb_s72302_mpnn_3_IL20_model_0.cif,0.8797953724861145,0.8131335973739624,0.7019925713539124,0.9242460131645203,0.9013951420783997,0.5330814123153687,2.351180076599121,0.7019925713539124,/scicore/home/schwede/barta0000/germinal_ds/templates_target_shuffle/nb_s72302_mpnn_3_IL20/boltz_with_template/output/boltz_results_nb_s72302_mpnn_3_IL20/predictions/nb_s72302_mpnn_3_IL20/nb_s72302_mpnn_3_IL20_model_0.cif
nb_s467069_mpnn_5_IL3,False,"A,B",12.375345654517334,80.40814092953524,143.53,10.74,8.480434782608693,65.81071825288936,0.021957,0.28,0.825,-2.99,0.0,0.34,0.009,0.653,6.4446762174069265,90.58229249011858,,,3.6191666666666666,80.74592547946506,0.290389,0.56,0.75,,1.0,0.2252,0.07922005509703021,0.8914777741483807,26.120105028152466,60.57040786743164,57.931084,20.820833,0.48441675,0.2358570694923401,/scicore/home/schwede/barta0000/germinal_ds/templates_target_shuffle/nb_s467069_mpnn_5_IL3/chai_no_constraints/seed_1820/pred.model_idx_2.cif,0.4081270694732666,/scicore/home/schwede/barta0000/germinal_ds/templates_target_shuffle/nb_s467069_mpnn_5_IL3/chai_with_constraints/seed_3894/pred.model_idx_4.cif,0.2358570694923401,0.5934858322143555,0.14644986391067505,"[[0.9222058057785034, 0.3101341724395752]]","[[[0.9222058057785034, 0.14644986391067505], [0.13184669613838196, 0.3101341724395752]]]",0.14644986391067505,0.4081270694732666,0.6567635536193848,0.34596794843673706,"[[0.9217041730880737, 0.3167867958545685]]","[[[0.9217041730880737, 0.2456165850162506], [0.34596794843673706, 0.3167867958545685]]]",0.2456165850162506,0.837622344493866,0.8971993923187256,0.8405784368515015,0.8368833661079407,0.7559021711349487,0.41690343618392944,1.6400554180145264,0.8405784368515015,/scicore/home/schwede/barta0000/germinal_ds/templates_target_shuffle/nb_s467069_mpnn_5_IL3/boltz_free/output/boltz_results_nb_s467069_mpnn_5_IL3/predictions/nb_s467069_mpnn_5_IL3/nb_s467069_mpnn_5_IL3_model_0.cif,0.8365911841392517,0.8485495448112488,0.7395443916320801,0.8608527779579163,0.7982761859893799,0.5250375866889954,3.5917551517486572,0.7395443916320801,/scicore/home/schwede/barta0000/germinal_ds/templates_target_shuffle/nb_s467069_mpnn_5_IL3/boltz_with_template/output/boltz_results_nb_s467069_mpnn_5_IL3/predictions/nb_s467069_mpnn_5_IL3/nb_s467069_mpnn_5_IL3_model_0.cif
nb_s870461_mpnn_2_PDL1,False,"A,B",10.54720041303922,83.13391304347824,62.76,3.74,7.134722222222223,71.04838434509729,0.062295,0.39,0.84,-74.7,0.0,0.44,0.0856,0.641,5.010361053250014,93.26362869198313,,,4.8234615384615385,89.70088285558364,0.548803,0.81,0.83,,1.0,0.2699,0.1283115579531732,0.8604976271837477,21.36692714691162,61.27722930908203,67.3157,17.720894,0.48139733,0.36285269260406494,/scicore/home/schwede/barta0000/germinal_ds/templates_target_shuffle/nb_s870461_mpnn_2_PDL1/chai_no_constraints/seed_2319/pred.model_idx_3.cif,0.4279490113258362,/scicore/home/schwede/barta0000/germinal_ds/templates_target_shuffle/nb_s870461_mpnn_2_PDL1/chai_with_constraints/seed_1348/pred.model_idx_3.cif,0.36285269260406494,0.6972427368164062,0.2792551815509796,"[[0.9235196709632874, 0.8802239894866943]]","[[[0.9235196709632874, 0.2792551815509796], [0.2560930848121643, 0.8802239894866943]]]",0.2792551815509796,0.4279490113258362,0.7386854887008667,0.35026490688323975,"[[0.9250565767288208, 0.8824187517166138]]","[[[0.9250565767288208, 0.35026490688323975], [0.33366233110427856, 0.8824187517166138]]]",0.35026490688323975,0.8737654089927673,0.8840571045875549,0.78102707862854,0.8969498872756958,0.8443790078163147,0.4083468019962311,1.5808759927749634,0.78102707862854,/scicore/home/schwede/barta0000/germinal_ds/templates_target_shuffle/nb_s870461_mpnn_2_PDL1/boltz_free/output/boltz_results_nb_s870461_mpnn_2_PDL1/predictions/nb_s870461_mpnn_2_PDL1/nb_s870461_mpnn_2_PDL1_model_0.cif,0.9067717790603638,0.9148096442222595,0.8416770100593567,0.9230453968048096,0.8983646631240845,0.35433268547058105,1.192077875137329,0.8373733162879944,/scicore/home/schwede/barta0000/germinal_ds/templates_target_shuffle/nb_s870461_mpnn_2_PDL1/boltz_with_template/output/boltz_results_nb_s870461_mpnn_2_PDL1/predictions/nb_s870461_mpnn_2_PDL1/nb_s870461_mpnn_2_PDL1_model_0.cif
nb_s434952_mpnn_1_BHRF,False,"A,B",6.300509982638888,86.70982547993019,127.58,6.54,4.81842105263158,80.50763118445195,0.610623,0.79,0.865,-94.61,0.0,0.8,0.9968,0.21,3.789526668595679,95.12253472222223,,,3.055428571428572,93.33742828369141,0.829402,0.89,0.92,,1.0,0.9936,0.9088443544645659,0.8844695484519933,21.962027549743652,33.20280075073242,71.96834,15.992056,0.53000414,0.33963799476623535,/scicore/home/schwede/barta0000/germinal_ds/templates_target_shuffle/nb_s434952_mpnn_1_BHRF/chai_no_constraints/seed_3112/pred.model_idx_2.cif,0.47354060411453247,/scicore/home/schwede/barta0000/germinal_ds/templates_target_shuffle/nb_s434952_mpnn_1_BHRF/chai_with_constraints/seed_3602/pred.model_idx_0.cif,0.33963799476623535,0.6505399346351624,0.2619125247001648,"[[0.8662555813789368, 0.9125511050224304]]","[[[0.8662555813789368, 0.2619125247001648], [0.1967008113861084, 0.9125511050224304]]]",0.2619125247001648,0.47354060411453247,0.7304588556289673,0.4093110263347626,"[[0.9106647968292236, 0.8849308490753174]]","[[[0.9106647968292236, 0.4093110263347626], [0.3591904938220978, 0.8849308490753174]]]",0.4093110263347626,0.8794178366661072,0.9032838344573975,0.839146614074707,0.8894855976104736,0.8518340587615967,0.3766038715839386,1.5069363117218018,0.839146614074707,/scicore/home/schwede/barta0000/germinal_ds/templates_target_shuffle/nb_s434952_mpnn_1_BHRF/boltz_free/output/boltz_results_nb_s434952_mpnn_1_BHRF/predictions/nb_s434952_mpnn_1_BHRF/nb_s434952_mpnn_1_BHRF_model_0.cif,0.8929473757743835,0.8518578410148621,0.7283631563186646,0.9340934753417969,0.9134858250617981,0.49639204144477844,3.382988452911377,0.7283631563186646,/scicore/home/schwede/barta0000/germinal_ds/templates_target_shuffle/nb_s434952_mpnn_1_BHRF/boltz_with_template/output/boltz_results_nb_s434952_mpnn_1_BHRF/predictions/nb_s434952_mpnn_1_BHRF/nb_s434952_mpnn_1_BHRF_model_0.cif
nb_s975197_mpnn_2_IL3,False,"A,B",12.79135590307613,78.58477844914403,283.47,10.24,5.0285714285714285,59.95183755029647,0.026477,0.24,0.815,102.9,0.0,0.32,0.8843,1.129,5.557347404271274,89.36537549407116,,,2.6103260869565217,82.57844509548612,0.568204,0.76,0.83,,1.0,0.5855,0.06263348623897541,0.8079373034550816,25.11757755279541,41.74498748779297,53.91813,20.323738,0.48771822,0.42445701360702515,/scicore/home/schwede/barta0000/germinal_ds/templates_target_shuffle/nb_s975197_mpnn_2_IL3/chai_no_constraints/seed_6285/pred.model_idx_1.cif,0.34920239448547363,/scicore/home/schwede/barta0000/germinal_ds/templates_target_shuffle/nb_s975197_mpnn_2_IL3/chai_with_constraints/seed_240/pred.model_idx_0.cif,0.42445701360702515,0.6358235478401184,0.3716154098510742,"[[0.896335244178772, 0.3141412138938904]]","[[[0.896335244178772, 0.238090381026268], [0.3716154098510742, 0.3141412138938904]]]",0.238090381026268,0.34920239448547363,0.6522944569587708,0.27342936396598816,"[[0.8898614048957825, 0.3271764814853668]]","[[[0.8898614048957825, 0.27342936396598816], [0.26063254475593567, 0.3271764814853668]]]",0.27342936396598816,0.807623565196991,0.819680392742157,0.7109964489936829,0.8317803740501404,0.7550131678581238,0.6093060970306396,3.073361873626709,0.7109964489936829,/scicore/home/schwede/barta0000/germinal_ds/templates_target_shuffle/nb_s975197_mpnn_2_IL3/boltz_free/output/boltz_results_nb_s975197_mpnn_2_IL3/predictions/nb_s975197_mpnn_2_IL3/nb_s975197_mpnn_2_IL3_model_0.cif,0.7686667442321777,0.6972014307975769,0.4415856599807739,0.8504369854927063,0.7845984697341919,0.9215027093887329,6.235312461853027,0.4274291396141052,/scicore/home/schwede/barta0000/germinal_ds/templates_target_shuffle/nb_s975197_mpnn_2_IL3/boltz_with_template/output/boltz_results_nb_s975197_mpnn_2_IL3/predictions/nb_s975197_mpnn_2_IL3/nb_s975197_mpnn_2_IL3_model_0.cif
nb_s148672_mpnn_1_BHRF,False,"A,B",13.072523630401234,79.76265789473683,285.82,15.38,13.473333333333331,61.36054443047822,0.010064,0.23,0.835,20.01,0.0,0.3,0.0924,0.309,5.952718098958333,90.99868055555557,,,4.661499999999999,82.40428728376116,0.33229,0.62,0.8,,1.0,0.013,0.07528822016223072,0.847996082817123,20.30146672990587,44.49344253540039,72.00146,16.622803,0.5260928,0.4659959077835083,/scicore/home/schwede/barta0000/germinal_ds/templates_target_shuffle/nb_s148672_mpnn_1_BHRF/chai_no_constraints/seed_3293/pred.model_idx_3.cif,0.6541659235954285,/scicore/home/schwede/barta0000/germinal_ds/templates_target_shuffle/nb_s148672_mpnn_1_BHRF/chai_with_constraints/seed_2007/pred.model_idx_1.cif,0.4659959077835083,0.7535468935966492,0.3941081464290619,"[[0.8770952224731445, 0.9160919785499573]]","[[[0.8770952224731445, 0.3941081464290619], [0.3875734508037567, 0.9160919785499573]]]",0.3941081464290619,0.6541659235954285,0.8499166965484619,0.6052281856536865,"[[0.8879285454750061, 0.926708459854126]]","[[[0.8879285454750061, 0.55723637342453], [0.6052281856536865, 0.926708459854126]]]",0.55723637342453,0.8917312622070312,0.9177780151367188,0.8555307388305664,0.9007813930511475,0.8554023504257202,0.37741324305534363,1.1271971464157104,0.8555307388305664,/scicore/home/schwede/barta0000/germinal_ds/templates_target_shuffle/nb_s148672_mpnn_1_BHRF/boltz_free/output/boltz_results_nb_s148672_mpnn_1_BHRF/predictions/nb_s148672_mpnn_1_BHRF/nb_s148672_mpnn_1_BHRF_model_0.cif,0.8857168555259705,0.8597995638847351,0.7488380074501038,0.91993647813797,0.8852448463439941,0.5440995693206787,3.1863107681274414,0.7488380074501038,/scicore/home/schwede/barta0000/germinal_ds/templates_target_shuffle/nb_s148672_mpnn_1_BHRF/boltz_with_template/output/boltz_results_nb_s148672_mpnn_1_BHRF/predictions/nb_s148672_mpnn_1_BHRF/nb_s148672_mpnn_1_BHRF_model_0.cif
nb_s834944_mpnn_4_BHRF,False,"A,B",9.412543545777684,81.63433463372344,150.65,7.83,5.322580645161291,71.92735732811201,0.222821,0.54,0.84,51.78,0.0,0.57,0.97,0.394,4.7949725440181385,91.52687285223368,,,2.668214285714286,87.760882433723,0.650769,0.8,0.86,,1.0,0.0349,0.3401005188756013,0.8599840536648865,17.332585430145265,48.17146301269531,73.629486,15.693812,0.527831,0.40301835536956787,/scicore/home/schwede/barta0000/germinal_ds/templates_target_shuffle/nb_s834944_mpnn_4_BHRF/chai_no_constraints/seed_1539/pred.model_idx_0.cif,0.5893365144729614,/scicore/home/schwede/barta0000/germinal_ds/templates_target_shuffle/nb_s834944_mpnn_4_BHRF/chai_with_constraints/seed_1090/pred.model_idx_4.cif,0.40301835536956787,0.6837694644927979,0.3328305780887604,"[[0.9198689460754395, 0.905125617980957]]","[[[0.9198689460754395, 0.3328305780887604], [0.2887418866157532, 0.905125617980957]]]",0.3328305780887604,0.5893365144729614,0.7881609797477722,0.5396303534507751,"[[0.9200286269187927, 0.9034765362739563]]","[[[0.9200286269187927, 0.5396303534507751], [0.5080223083496094, 0.9034765362739563]]]",0.5396303534507751,0.8658909201622009,0.8476893901824951,0.7279596328735352,0.900373637676239,0.84196937084198,0.47746899724006653,2.9084529876708984,0.7221195101737976,/scicore/home/schwede/barta0000/germinal_ds/templates_target_shuffle/nb_s834944_mpnn_4_BHRF/boltz_free/output/boltz_results_nb_s834944_mpnn_4_BHRF/predictions/nb_s834944_mpnn_4_BHRF/nb_s834944_mpnn_4_BHRF_model_0.cif,0.8766801953315735,0.8395996689796448,0.7372013926506042,0.9115498661994934,0.8630363941192627,0.5926576852798462,3.90468430519104,0.7372013926506042,/scicore/home/schwede/barta0000/germinal_ds/templates_target_shuffle/nb_s834944_mpnn_4_BHRF/boltz_with_template/output/boltz_results_nb_s834944_mpnn_4_BHRF/predictions/nb_s834944_mpnn_4_BHRF/nb_s834944_mpnn_4_BHRF_model_0.cif
nb_s64546_mpnn_1_IL3,False,"A,B",10.371598399999998,83.77653246099648,241.0,17.11,5.957142857142857,68.61983258934076,0.072668,0.34,0.84,32.43,0.0,0.4,0.6643,0.362,5.042414080000001,93.58727999999999,,,2.4321739130434783,87.9747998046875,0.389973,0.64,0.8,,1.0,0.5142,0.11083762243385208,0.8574699854590839,26.662606239318848,42.02643585205078,55.55118,20.832502,0.47713548,0.23832155764102936,/scicore/home/schwede/barta0000/germinal_ds/templates_target_shuffle/nb_s64546_mpnn_1_IL3/chai_no_constraints/seed_1821/pred.model_idx_1.cif,0.2649034261703491,/scicore/home/schwede/barta0000/germinal_ds/templates_target_shuffle/nb_s64546_mpnn_1_IL3/chai_with_constraints/seed_1247/pred.model_idx_1.cif,0.23832155764102936,0.5972470641136169,0.14859017729759216,"[[0.9268293976783752, 0.32198554277420044]]","[[[0.9268293976783752, 0.14859017729759216], [0.09713228791952133, 0.32198554277420044]]]",0.14859017729759216,0.2649034261703491,0.6092492341995239,0.17881695926189423,"[[0.9246681928634644, 0.3140082061290741]]","[[[0.9246681928634644, 0.17881695926189423], [0.13447393476963043, 0.3140082061290741]]]",0.17881695926189423,0.8121513724327087,0.7596279382705688,0.5447695851325989,0.8789967894554138,0.7940415143966675,0.5835782289505005,4.999543190002441,0.5447695851325989,/scicore/home/schwede/barta0000/germinal_ds/templates_target_shuffle/nb_s64546_mpnn_1_IL3/boltz_free/output/boltz_results_nb_s64546_mpnn_1_IL3/predictions/nb_s64546_mpnn_1_IL3/nb_s64546_mpnn_1_IL3_model_0.cif,0.8757417798042297,0.8052597045898438,0.635122537612915,0.9358965158462524,0.900863528251648,0.6803606152534485,5.8905158042907715,0.6337082982063293,/scicore/home/schwede/barta0000/germinal_ds/templates_target_shuffle/nb_s64546_mpnn_1_IL3/boltz_with_template/output/boltz_results_nb_s64546_mpnn_1_IL3/predictions/nb_s64546_mpnn_1_IL3/nb_s64546_mpnn_1_IL3_model_0.cif
nb_s664067_mpnn_1_IL20,False,"A,B",13.832843112244896,79.0627878513146,177.49,11.16,7.604347826086954,67.7365002710926,0.00582,0.2,0.8300000000000001,121.5,0.0,0.28,0.0042,0.579,5.919821173469387,90.01732142857142,,,4.731896551724137,81.56833267211914,0.387234,0.65,0.79,,1.0,,0.0687982744940798,0.822972351158395,12.028275857369104,69.70137786865234,74.418434,13.474882,0.5991297,0.42486101388931274,/scicore/home/schwede/barta0000/germinal_ds/templates_target_shuffle/nb_s664067_mpnn_1_IL20/chai_no_constraints/seed_1713/pred.model_idx_0.cif,0.39514946937561035,/scicore/home/schwede/barta0000/germinal_ds/templates_target_shuffle/nb_s664067_mpnn_1_IL20/chai_with_constraints/seed_1122/pred.model_idx_1.cif,0.42486101388931274,0.6759166121482849,0.3620971441268921,"[[0.8981952667236328, 0.8880448937416077]]","[[[0.8981952667236328, 0.3269115686416626], [0.3620971441268921, 0.8880448937416077]]]",0.3269115686416626,0.39514946937561035,0.6738758683204651,0.3254678249359131,"[[0.884169340133667, 0.8750073909759521]]","[[[0.884169340133667, 0.3254678249359131], [0.29186031222343445, 0.8750073909759521]]]",0.3254678249359131,0.6048533916473389,0.6902257800102234,0.4653226435184479,0.6397360563278198,0.5800703167915344,1.0193604230880737,5.692102432250977,0.44730043411254883,/scicore/home/schwede/barta0000/germinal_ds/templates_target_shuffle/nb_s664067_mpnn_1_IL20/boltz_free/output/boltz_results_nb_s664067_mpnn_1_IL20/predictions/nb_s664067_mpnn_1_IL20/nb_s664067_mpnn_1_IL20_model_0.cif,0.8359780311584473,0.8418776392936707,0.7375654578208923,0.8605812191963196,0.8374216556549072,0.5387374758720398,2.136451005935669,0.7375654578208923,/scicore/home/schwede/barta0000/germinal_ds/templates_target_shuffle/nb_s664067_mpnn_1_IL20/boltz_with_template/output/boltz_results_nb_s664067_mpnn_1_IL20/predictions/nb_s664067_mpnn_1_IL20/nb_s664067_mpnn_1_IL20_model_0.cif
nb_s614599_mpnn_3_IL20,False,"A,B",10.395107142857142,84.57231045311799,48.82,4.4,5.280952380952381,76.79375324762572,0.130214,0.51,0.86,64.3,0.0,0.54,0.0265,0.481,4.466424744897959,94.88139285714286,,,3.146590909090909,92.06900024414062,0.623822,0.8,0.86,,1.0,0.0619,0.22085770386657647,0.8649308971059539,11.45586773482236,70.26776123046875,73.63579,13.419603,0.5966834,0.36921772360801697,/scicore/home/schwede/barta0000/germinal_ds/templates_target_shuffle/nb_s614599_mpnn_3_IL20/chai_no_constraints/seed_3177/pred.model_idx_2.cif,0.3975867033004761,/scicore/home/schwede/barta0000/germinal_ds/templates_target_shuffle/nb_s614599_mpnn_3_IL20/chai_with_constraints/seed_1179/pred.model_idx_3.cif,0.36921772360801697,0.6390225291252136,0.3017665147781372,"[[0.8922369480133057, 0.8958549499511719]]","[[[0.8922369480133057, 0.3017665147781372], [0.27046340703964233, 0.8958549499511719]]]",0.3017665147781372,0.3975867033004761,0.689145565032959,0.32469701766967773,"[[0.9008670449256897, 0.8965417146682739]]","[[[0.9008670449256897, 0.32469701766967773], [0.29414060711860657, 0.8965417146682739]]]",0.32469701766967773,0.5944716334342957,0.6309989094734192,0.34511804580688477,0.6568100452423096,0.6122920513153076,0.8857739567756653,6.8217058181762695,0.31221726536750793,/scicore/home/schwede/barta0000/germinal_ds/templates_target_shuffle/nb_s614599_mpnn_3_IL20/boltz_free/output/boltz_results_nb_s614599_mpnn_3_IL20/predictions/nb_s614599_mpnn_3_IL20/nb_s614599_mpnn_3_IL20_model_0.cif,0.8517158627510071,0.8255440592765808,0.7215502858161926,0.8842571973800659,0.8548904657363892,0.6109058260917664,3.4319794178009033,0.7215502858161926,/scicore/home/schwede/barta0000/germinal_ds/templates_target_shuffle/nb_s614599_mpnn_3_IL20/boltz_with_template/output/boltz_results_nb_s614599_mpnn_3_IL20/predictions/nb_s614599_mpnn_3_IL20/nb_s614599_mpnn_3_IL20_model_0.cif
nb_s878765_mpnn_1_IL20,False,"A,B",14.645174743098302,81.28449508489723,338.75,22.83,7.0211538461538465,70.65894222904784,0.005738,0.17,0.85,-13.6,0.0,0.24,0.74,0.401,6.116084481014871,93.43466431095406,,,3.552272727272727,85.31260847008747,0.294457,0.56,0.76,,1.0,0.7648,0.0896743749185387,0.8866584762900399,14.054764906565348,63.73222732543945,74.07318,14.249324,0.556021,0.3092571794986725,/scicore/home/schwede/barta0000/germinal_ds/templates_target_shuffle/nb_s878765_mpnn_1_IL20/chai_no_constraints/seed_1337/pred.model_idx_0.cif,0.7147418856620789,/scicore/home/schwede/barta0000/germinal_ds/templates_target_shuffle/nb_s878765_mpnn_1_IL20/chai_with_constraints/seed_2532/pred.model_idx_3.cif,0.3092571794986725,0.6064906120300293,0.2349487990140915,"[[0.9192165732383728, 0.896976113319397]]","[[[0.9192165732383728, 0.2349487990140915], [0.18450191617012024, 0.896976113319397]]]",0.2349487990140915,0.7147418856620789,0.8566445112228394,0.6792662143707275,"[[0.9245784282684326, 0.9024138450622559]]","[[[0.9245784282684326, 0.6519057750701904], [0.6792662143707275, 0.9024138450622559]]]",0.6519057750701904,0.5855667591094971,0.6141104698181152,0.3110157549381256,0.6542044878005981,0.6046685576438904,1.2072190046310425,7.126462936401367,0.26589006185531616,/scicore/home/schwede/barta0000/germinal_ds/templates_target_shuffle/nb_s878765_mpnn_1_IL20/boltz_free/output/boltz_results_nb_s878765_mpnn_1_IL20/predictions/nb_s878765_mpnn_1_IL20/nb_s878765_mpnn_1_IL20_model_0.cif,0.8388147354125977,0.7724025845527649,0.6755068302154541,0.8796417713165283,0.8505043983459473,0.7514680027961731,4.167917728424072,0.6755068302154541,/scicore/home/schwede/barta0000/germinal_ds/templates_target_shuffle/nb_s878765_mpnn_1_IL20/boltz_with_template/output/boltz_results_nb_s878765_mpnn_1_IL20/predictions/nb_s878765_mpnn_1_IL20/nb_s878765_mpnn_1_IL20_model_0.cif
nb_s166775_mpnn_1_BHRF,False,"A,B",14.215385977964361,78.95304856895055,351.96,17.97,10.93611111111111,65.53498830748798,0.006047,0.18,0.835,3.34,0.0,0.25,0.0031,1.135,6.243689729691431,89.41756013745704,,,4.778269230769231,76.50485044537169,0.335117,0.57,0.77,,1.0,0.0588,0.12758985122761363,0.8591384751932747,15.57649540901184,48.32194900512695,72.903824,15.632311,0.53081095,0.4228273034095764,/scicore/home/schwede/barta0000/germinal_ds/templates_target_shuffle/nb_s166775_mpnn_1_BHRF/chai_no_constraints/seed_1003/pred.model_idx_2.cif,0.3835732936859131,/scicore/home/schwede/barta0000/germinal_ds/templates_target_shuffle/nb_s166775_mpnn_1_BHRF/chai_with_constraints/seed_1474/pred.model_idx_0.cif,0.4228273034095764,0.7229695320129395,0.34779176115989685,"[[0.8741860389709473, 0.9141115546226501]]","[[[0.8741860389709473, 0.34779176115989685], [0.3353147804737091, 0.9141115546226501]]]",0.34779176115989685,0.3835732936859131,0.7028278708457947,0.3037596642971039,"[[0.8781763911247253, 0.9157170653343201]]","[[[0.8781763911247253, 0.3037596642971039], [0.30193471908569336, 0.9157170653343201]]]",0.3037596642971039,0.7951161861419678,0.7457268238067627,0.5152183175086975,0.8650906682014465,0.7894085645675659,0.5587378740310669,4.822067737579346,0.5003383159637451,/scicore/home/schwede/barta0000/germinal_ds/templates_target_shuffle/nb_s166775_mpnn_1_BHRF/boltz_free/output/boltz_results_nb_s166775_mpnn_1_BHRF/predictions/nb_s166775_mpnn_1_BHRF/nb_s166775_mpnn_1_BHRF_model_0.cif,0.7690296769142151,0.6610244512557983,0.4014604687690735,0.8609219789505005,0.7853310108184814,0.8499104976654053,8.565537452697754,0.39979827404022217,/scicore/home/schwede/barta0000/germinal_ds/templates_target_shuffle/nb_s166775_mpnn_1_BHRF/boltz_with_template/output/boltz_results_nb_s166775_mpnn_1_BHRF/predictions/nb_s166775_mpnn_1_BHRF/nb_s166775_mpnn_1_BHRF_model_0.cif
nb_s362656_mpnn_2_IL3,False,"A,B",12.950867846709057,83.536623246493,189.24,8.96,2.621739130434783,78.94642841386958,0.417559,0.73,0.8300000000000001,199.08,0.0,0.71,0.998,0.711,6.611299192301083,90.71707509881422,,,2.203977272727273,88.3984615619366,0.653474,0.82,0.75,,1.0,0.9983,0.40961215784572513,0.8767657208960783,25.99712610244751,54.90853500366211,54.21589,21.318373,0.45830217,0.2245771288871765,/scicore/home/schwede/barta0000/germinal_ds/templates_target_shuffle/nb_s362656_mpnn_2_IL3/chai_no_constraints/seed_5259/pred.model_idx_1.cif,0.4364992082118988,/scicore/home/schwede/barta0000/germinal_ds/templates_target_shuffle/nb_s362656_mpnn_2_IL3/chai_with_constraints/seed_2905/pred.model_idx_0.cif,0.2245771288871765,0.5830082893371582,0.1349693238735199,"[[0.9183013439178467, 0.3075898289680481]]","[[[0.9183013439178467, 0.1349693238735199], [0.10957182943820953, 0.3075898289680481]]]",0.1349693238735199,0.4364992082118988,0.711685836315155,0.36770254373550415,"[[0.919206976890564, 0.36698129773139954]]","[[[0.919206976890564, 0.33949971199035645], [0.36770254373550415, 0.36698129773139954]]]",0.33949971199035645,0.803257167339325,0.7743248343467712,0.6069301962852478,0.852338969707489,0.7787012457847595,0.5746133923530579,3.6289007663726807,0.5737008452415466,/scicore/home/schwede/barta0000/germinal_ds/templates_target_shuffle/nb_s362656_mpnn_2_IL3/boltz_free/output/boltz_results_nb_s362656_mpnn_2_IL3/predictions/nb_s362656_mpnn_2_IL3/nb_s362656_mpnn_2_IL3_model_0.cif,0.8098317980766296,0.7420288324356079,0.5356054902076721,0.8783883452415466,0.8392401337623596,0.687250018119812,6.083206653594971,0.520290732383728,/scicore/home/schwede/barta0000/germinal_ds/templates_target_shuffle/nb_s362656_mpnn_2_IL3/boltz_with_template/output/boltz_results_nb_s362656_mpnn_2_IL3/predictions/nb_s362656_mpnn_2_IL3/nb_s362656_mpnn_2_IL3_model_0.cif
nb_s850749_mpnn_2_IL20,False,"A,B",10.967315111937967,84.42461195361284,106.82,8.01,5.262499999999999,74.62797987970532,0.057842,0.37,0.86,0.99,0.0,0.43,0.0306,0.426,5.427752250621183,93.42077738515901,,,2.6279999999999997,87.95239959716797,0.411252,0.67,0.81,,1.0,0.0149,0.09374945467618297,0.8630289234078665,15.543982072310014,61.2493896484375,73.62414,14.855467,0.550102,0.38701221346855164,/scicore/home/schwede/barta0000/germinal_ds/templates_target_shuffle/nb_s850749_mpnn_2_IL20/chai_no_constraints/seed_1188/pred.model_idx_2.cif,0.3434112071990967,/scicore/home/schwede/barta0000/germinal_ds/templates_target_shuffle/nb_s850749_mpnn_2_IL20/chai_with_constraints/seed_1893/pred.model_idx_3.cif,0.38701221346855164,0.6550073623657227,0.3200134038925171,"[[0.91750168800354, 0.8981133103370667]]","[[[0.91750168800354, 0.3063468635082245], [0.3200134038925171, 0.8981133103370667]]]",0.3063468635082245,0.3434112071990967,0.6515290141105652,0.26638174057006836,"[[0.917309582233429, 0.8921788334846497]]","[[[0.917309582233429, 0.26638174057006836], [0.2542610466480255, 0.8921788334846497]]]",0.26638174057006836,0.5765206217765808,0.6039338111877441,0.31891223788261414,0.6409227252006531,0.577942967414856,1.085900902748108,7.223094463348389,0.27604156732559204,/scicore/home/schwede/barta0000/germinal_ds/templates_target_shuffle/nb_s850749_mpnn_2_IL20/boltz_free/output/boltz_results_nb_s850749_mpnn_2_IL20/predictions/nb_s850749_mpnn_2_IL20/nb_s850749_mpnn_2_IL20_model_0.cif,0.8270316123962402,0.7431737780570984,0.6075631976127625,0.8818987011909485,0.8643099665641785,0.7446393966674805,4.863336086273193,0.6075631976127625,/scicore/home/schwede/barta0000/germinal_ds/templates_target_shuffle/nb_s850749_mpnn_2_IL20/boltz_with_template/output/boltz_results_nb_s850749_mpnn_2_IL20/predictions/nb_s850749_mpnn_2_IL20/nb_s850749_mpnn_2_IL20_model_0.cif
nb_s874243_mpnn_5_BHRF,False,"A,B",13.13612919560185,79.20834422657951,441.55,17.79,12.378947368421056,65.13011018811726,0.006505,0.23,0.84,90.07,0.0,0.3,0.0046,0.485,6.805408468364197,87.47298611111111,,,6.096756756756757,75.4221958067359,0.321837,0.57,0.76,,1.0,0.0002,0.1288306920666605,0.8544906809001167,20.473056316375732,35.21018981933594,74.59569,15.657996,0.52737176,0.2717665731906891,/scicore/home/schwede/barta0000/germinal_ds/templates_target_shuffle/nb_s874243_mpnn_5_BHRF/chai_no_constraints/seed_1363/pred.model_idx_0.cif,0.4898155927658081,/scicore/home/schwede/barta0000/germinal_ds/templates_target_shuffle/nb_s874243_mpnn_5_BHRF/chai_with_constraints/seed_3145/pred.model_idx_0.cif,0.2717665731906891,0.5971937775611877,0.19040976464748383,"[[0.9014682173728943, 0.8976738452911377]]","[[[0.9014682173728943, 0.19040976464748383], [0.14189516007900238, 0.8976738452911377]]]",0.19040976464748383,0.4898155927658081,0.7528946399688721,0.4240458011627197,"[[0.9006589651107788, 0.9051469564437866]]","[[[0.9006589651107788, 0.4240458011627197], [0.3935058116912842, 0.9051469564437866]]]",0.4240458011627197,0.8272389769554138,0.8549624681472778,0.7465254664421082,0.8474172949790955,0.7842178344726562,0.43811678886413574,2.815702199935913,0.7465254664421082,/scicore/home/schwede/barta0000/germinal_ds/templates_target_shuffle/nb_s874243_mpnn_5_BHRF/boltz_free/output/boltz_results_nb_s874243_mpnn_5_BHRF/predictions/nb_s874243_mpnn_5_BHRF/nb_s874243_mpnn_5_BHRF_model_0.cif,0.8045355081558228,0.7917516231536865,0.6460575461387634,0.8441550135612488,0.7853003740310669,0.6977776288986206,6.534160137176514,0.6460575461387634,/scicore/home/schwede/barta0000/germinal_ds/templates_target_shuffle/nb_s874243_mpnn_5_BHRF/boltz_with_template/output/boltz_results_nb_s874243_mpnn_5_BHRF/predictions/nb_s874243_mpnn_5_BHRF/nb_s874243_mpnn_5_BHRF_model_0.cif
nb_s413501_mpnn_3_BHRF,False,"A,B",13.240558094495814,78.46942794759825,617.1,27.8,11.710714285714285,59.399396866768605,0.017112,0.21,0.8300000000000001,223.53,0.0,0.29,0.9878,0.857,5.557823124431691,91.88817869415809,,,4.108636363636364,81.66648555446315,0.386843,0.63,0.8,,1.0,0.9598,0.08252750434945542,0.8242133290028166,14.157440450456408,45.523651123046875,73.78525,14.390609,0.5539575,0.3092796802520752,/scicore/home/schwede/barta0000/germinal_ds/templates_target_shuffle/nb_s413501_mpnn_3_BHRF/chai_no_constraints/seed_1051/pred.model_idx_3.cif,0.6359551548957825,/scicore/home/schwede/barta0000/germinal_ds/templates_target_shuffle/nb_s413501_mpnn_3_BHRF/chai_with_constraints/seed_1165/pred.model_idx_0.cif,0.3092796802520752,0.6114381551742554,0.23374004662036896,"[[0.9223341941833496, 0.8981116414070129]]","[[[0.9223341941833496, 0.23374004662036896], [0.16053412854671478, 0.8981116414070129]]]",0.23374004662036896,0.6359551548957825,0.809260904788971,0.5926287174224854,"[[0.921504020690918, 0.8938863277435303]]","[[[0.921504020690918, 0.5926287174224854], [0.5853016972541809, 0.8938863277435303]]]",0.5926287174224854,0.8382862210273743,0.8313843011856079,0.6853734850883484,0.8765144348144531,0.799227237701416,0.4296666979789734,2.2079052925109863,0.6853733658790588,/scicore/home/schwede/barta0000/germinal_ds/templates_target_shuffle/nb_s413501_mpnn_3_BHRF/boltz_free/output/boltz_results_nb_s413501_mpnn_3_BHRF/predictions/nb_s413501_mpnn_3_BHRF/nb_s413501_mpnn_3_BHRF_model_0.cif,0.8014706969261169,0.7249495387077332,0.5038701891899109,0.8758708238601685,0.812956690788269,0.7271500825881958,6.386476516723633,0.5038701891899109,/scicore/home/schwede/barta0000/germinal_ds/templates_target_shuffle/nb_s413501_mpnn_3_BHRF/boltz_with_template/output/boltz_results_nb_s413501_mpnn_3_BHRF/predictions/nb_s413501_mpnn_3_BHRF/nb_s413501_mpnn_3_BHRF_model_0.cif
nb_s919455_mpnn_4_IL3,False,"A,B",12.76448624412192,80.56000507099391,163.47,10.3,5.989655172413793,63.88051141816046,0.006028,0.23,0.83,23.44,0.0,0.3,0.0084,0.336,5.673412957552844,90.83660079051383,,,2.9345652173913037,82.64769157996544,0.383758,0.65,0.8,,1.0,0.0057,0.07521258575313369,0.8510623416708786,26.313750743865967,69.4852066040039,57.456795,21.353113,0.4682775,0.21895965933799744,/scicore/home/schwede/barta0000/germinal_ds/templates_target_shuffle/nb_s919455_mpnn_4_IL3/chai_no_constraints/seed_4135/pred.model_idx_2.cif,0.34715890884399414,/scicore/home/schwede/barta0000/germinal_ds/templates_target_shuffle/nb_s919455_mpnn_4_IL3/chai_with_constraints/seed_2081/pred.model_idx_3.cif,0.21895965933799744,0.5767751932144165,0.12950576841831207,"[[0.9087084531784058, 0.3021840453147888]]","[[[0.9087084531784058, 0.12950576841831207], [0.09732326865196228, 0.3021840453147888]]]",0.12950576841831207,0.34715890884399414,0.6571492552757263,0.2696613073348999,"[[0.9119935631752014, 0.3469412326812744]]","[[[0.9119935631752014, 0.24774593114852905], [0.2696613073348999, 0.3469412326812744]]]",0.24774593114852905,0.8320962190628052,0.8423521518707275,0.7191166281700134,0.8603410720825195,0.8066651225090027,0.47482597827911377,2.302316904067993,0.7191166281700134,/scicore/home/schwede/barta0000/germinal_ds/templates_target_shuffle/nb_s919455_mpnn_4_IL3/boltz_free/output/boltz_results_nb_s919455_mpnn_4_IL3/predictions/nb_s919455_mpnn_4_IL3/nb_s919455_mpnn_4_IL3_model_0.cif,0.8387584090232849,0.7419800758361816,0.5598503947257996,0.9084853529930115,0.8959230780601501,0.7835124731063843,6.2421112060546875,0.5598503947257996,/scicore/home/schwede/barta0000/germinal_ds/templates_target_shuffle/nb_s919455_mpnn_4_IL3/boltz_with_template/output/boltz_results_nb_s919455_mpnn_4_IL3/predictions/nb_s919455_mpnn_4_IL3/nb_s919455_mpnn_4_IL3_model_0.cif
nb_s718865_mpnn_2_BHRF,False,"A,B",13.435240490783057,78.57958513396716,402.45,15.32,9.052222222222222,67.66979110140221,0.006076,0.22,0.835,99.73,0.0,0.29,0.8747,0.634,5.95931472231079,89.27391752577319,,,4.447941176470588,80.37975044250489,0.346654,0.6,0.79,,1.0,,0.0853039620992756,0.8262301700131119,16.675233602523804,60.43215560913086,74.17294,15.378328,0.5344352,0.4339240789413452,/scicore/home/schwede/barta0000/germinal_ds/templates_target_shuffle/nb_s718865_mpnn_2_BHRF/chai_no_constraints/seed_3437/pred.model_idx_1.cif,0.4158623516559601,/scicore/home/schwede/barta0000/germinal_ds/templates_target_shuffle/nb_s718865_mpnn_2_BHRF/chai_with_constraints/seed_1382/pred.model_idx_0.cif,0.4339240789413452,0.7171351313591003,0.36312127113342285,"[[0.8951619267463684, 0.9152463674545288]]","[[[0.8951619267463684, 0.36312127113342285], [0.36151161789894104, 0.9152463674545288]]]",0.36312127113342285,0.4158623516559601,0.6968094110488892,0.3456255793571472,"[[0.8866021037101746, 0.9092185497283936]]","[[[0.8866021037101746, 0.3456255793571472], [0.31973981857299805, 0.9092185497283936]]]",0.3456255793571472,0.8227271437644958,0.8401924967765808,0.7019104957580566,0.8529312610626221,0.801615834236145,0.48518672585487366,3.507901668548584,0.7019104957580566,/scicore/home/schwede/barta0000/germinal_ds/templates_target_shuffle/nb_s718865_mpnn_2_BHRF/boltz_free/output/boltz_results_nb_s718865_mpnn_2_BHRF/predictions/nb_s718865_mpnn_2_BHRF/nb_s718865_mpnn_2_BHRF_model_0.cif,0.7471975088119507,0.6506783366203308,0.3349425792694092,0.8502612113952637,0.800317645072937,0.8950393199920654,9.633195877075195,0.3349425792694092,/scicore/home/schwede/barta0000/germinal_ds/templates_target_shuffle/nb_s718865_mpnn_2_BHRF/boltz_with_template/output/boltz_results_nb_s718865_mpnn_2_BHRF/predictions/nb_s718865_mpnn_2_BHRF/nb_s718865_mpnn_2_BHRF_model_0.cif
nb_s185784_mpnn_5_BHRF,False,"A,B",6.68990092228481,86.93395389299695,145.37,8.41,7.271875,82.99195972308195,0.489602,0.76,0.865,-86.08,0.0,0.78,0.9935,0.28,4.004252902067759,94.67646048109965,,,3.55296875,94.4516126571163,0.768704,0.88,0.91,,1.0,0.2222,0.8289697327790994,0.881781421575954,15.133330583572388,50.87765121459961,72.38668,15.705707,0.5441842,0.27612587809562683,/scicore/home/schwede/barta0000/germinal_ds/templates_target_shuffle/nb_s185784_mpnn_5_BHRF/chai_no_constraints/seed_1820/pred.model_idx_3.cif,0.4660686254501343,/scicore/home/schwede/barta0000/germinal_ds/templates_target_shuffle/nb_s185784_mpnn_5_BHRF/chai_with_constraints/seed_1460/pred.model_idx_2.cif,0.27612587809562683,0.6120012998580933,0.19215700030326843,"[[0.8874142169952393, 0.909538745880127]]","[[[0.8874142169952393, 0.19215700030326843], [0.1512531340122223, 0.909538745880127]]]",0.19215700030326843,0.4660686254501343,0.7210840582847595,0.4023147225379944,"[[0.8906943202018738, 0.8946812748908997]]","[[[0.8906943202018738, 0.4023147225379944], [0.37002840638160706, 0.8946812748908997]]]",0.4023147225379944,0.8006696105003357,0.8120235800743103,0.6648878455162048,0.8346150517463684,0.7761980891227722,0.5422750115394592,4.092620372772217,0.6648878455162048,/scicore/home/schwede/barta0000/germinal_ds/templates_target_shuffle/nb_s185784_mpnn_5_BHRF/boltz_free/output/boltz_results_nb_s185784_mpnn_5_BHRF/predictions/nb_s185784_mpnn_5_BHRF/nb_s185784_mpnn_5_BHRF_model_0.cif,0.8688148856163025,0.8054402470588684,0.6975787281990051,0.9116238355636597,0.886366069316864,0.6087530255317688,5.691028118133545,0.6975787281990051,/scicore/home/schwede/barta0000/germinal_ds/templates_target_shuffle/nb_s185784_mpnn_5_BHRF/boltz_with_template/output/boltz_results_nb_s185784_mpnn_5_BHRF/predictions/nb_s185784_mpnn_5_BHRF/nb_s185784_mpnn_5_BHRF_model_0.cif
nb_s850749_mpnn_1_IL3,False,"A,B",12.934445156149915,80.72196491228071,319.25,20.59,5.588461538461539,64.57414417757674,0.019613,0.22,0.825,114.25,0.0,0.3,0.9171,0.882,6.861823962255308,88.90276679841898,,,3.0905555555555555,80.20958391825359,0.302161,0.62,0.77,,1.0,0.9041,0.09429216371945998,0.8663532819406943,28.2702054977417,40.28899383544922,52.961525,21.18274,0.4672737,0.22114363312721252,/scicore/home/schwede/barta0000/germinal_ds/templates_target_shuffle/nb_s850749_mpnn_1_IL3/chai_no_constraints/seed_3333/pred.model_idx_2.cif,0.4182652533054352,/scicore/home/schwede/barta0000/germinal_ds/templates_target_shuffle/nb_s850749_mpnn_1_IL3/chai_with_constraints/seed_1120/pred.model_idx_2.cif,0.22114363312721252,0.5741954445838928,0.13288067281246185,"[[0.8986693620681763, 0.31319668889045715]]","[[[0.8986693620681763, 0.13288067281246185], [0.09278658777475357, 0.31319668889045715]]]",0.13288067281246185,0.4182652533054352,0.6567156314849854,0.35865265130996704,"[[0.9032126665115356, 0.3203171491622925]]","[[[0.9032126665115356, 0.2572053372859955], [0.35865265130996704, 0.3203171491622925]]]",0.2572053372859955,0.7752706408500671,0.7355148196220398,0.5087792277336121,0.8418934941291809,0.7580534815788269,0.7071499824523926,5.983678340911865,0.5087792277336121,/scicore/home/schwede/barta0000/germinal_ds/templates_target_shuffle/nb_s850749_mpnn_1_IL3/boltz_free/output/boltz_results_nb_s850749_mpnn_1_IL3/predictions/nb_s850749_mpnn_1_IL3/nb_s850749_mpnn_1_IL3_model_0.cif,0.8957002758979797,0.8538674116134644,0.7512149810791016,0.9318215847015381,0.8980679512023926,0.47867509722709656,2.7349002361297607,0.7281333804130554,/scicore/home/schwede/barta0000/germinal_ds/templates_target_shuffle/nb_s850749_mpnn_1_IL3/boltz_with_template/output/boltz_results_nb_s850749_mpnn_1_IL3/predictions/nb_s850749_mpnn_1_IL3/nb_s850749_mpnn_1_IL3_model_0.cif
nb_s283003_mpnn_2_IL20,False,"A,B",6.4606568877551025,86.92683385579937,81.0,4.7,5.554166666666666,79.45085079336235,0.368215,0.68,0.885,-35.89,0.0,0.7,0.0567,0.55,3.7606776785714287,96.08985714285714,,,2.805806451612903,94.65500044822693,0.688187,0.82,0.87,,1.0,0.0702,0.16537816082998552,0.8813696755876129,14.720268181392125,57.6512565612793,72.12861,14.323533,0.556433,0.2687051594257355,/scicore/home/schwede/barta0000/germinal_ds/templates_target_shuffle/nb_s283003_mpnn_2_IL20/chai_no_constraints/seed_1594/pred.model_idx_2.cif,0.42370128631591797,/scicore/home/schwede/barta0000/germinal_ds/templates_target_shuffle/nb_s283003_mpnn_2_IL20/chai_with_constraints/seed_757/pred.model_idx_1.cif,0.2687051594257355,0.5975903868675232,0.18648383021354675,"[[0.8994404673576355, 0.8927097916603088]]","[[[0.8994404673576355, 0.18648383021354675], [0.13754118978977203, 0.8927097916603088]]]",0.18648383021354675,0.42370128631591797,0.6974122524261475,0.3552735149860382,"[[0.8790081739425659, 0.8536159992218018]]","[[[0.8790081739425659, 0.3552735149860382], [0.35013508796691895, 0.8536159992218018]]]",0.3552735149860382,0.6489980816841125,0.752677857875824,0.592415988445282,0.6631435751914978,0.587075412273407,0.6159232258796692,3.8158276081085205,0.5663987994194031,/scicore/home/schwede/barta0000/germinal_ds/templates_target_shuffle/nb_s283003_mpnn_2_IL20/boltz_free/output/boltz_results_nb_s283003_mpnn_2_IL20/predictions/nb_s283003_mpnn_2_IL20/nb_s283003_mpnn_2_IL20_model_0.cif,0.8263956904411316,0.7986301183700562,0.6956551671028137,0.8590807914733887,0.8310009241104126,0.7576004862785339,2.8955910205841064,0.6956551671028137,/scicore/home/schwede/barta0000/germinal_ds/templates_target_shuffle/nb_s283003_mpnn_2_IL20/boltz_with_template/output/boltz_results_nb_s283003_mpnn_2_IL20/predictions/nb_s283003_mpnn_2_IL20/nb_s283003_mpnn_2_IL20_model_0.cif
nb_s286378_mpnn_3_BHRF,False,"A,B",13.562456749447925,81.27501525054467,215.11,11.47,10.5140625,64.46894898523453,0.006434,0.22,0.85,-32.58,0.0,0.29,0.8159,0.571,6.164714753014254,90.40807560137458,,,5.208928571428572,78.25866737365723,0.368337,0.58,0.77,,1.0,0.0923,0.14516090749992258,0.9013670358021169,16.835428873697918,49.25807571411133,74.86933,15.160358,0.520538,0.4285658597946167,/scicore/home/schwede/barta0000/germinal_ds/templates_target_shuffle/nb_s286378_mpnn_3_BHRF/chai_no_constraints/seed_2850/pred.model_idx_0.cif,0.5696234703063965,/scicore/home/schwede/barta0000/germinal_ds/templates_target_shuffle/nb_s286378_mpnn_3_BHRF/chai_with_constraints/seed_2511/pred.model_idx_4.cif,0.4285658597946167,0.7231783270835876,0.35491272807121277,"[[0.9095606803894043, 0.9147096276283264]]","[[[0.9095606803894043, 0.35491272807121277], [0.34055760502815247, 0.9147096276283264]]]",0.35491272807121277,0.5696234703063965,0.7715345025062561,0.519145667552948,"[[0.9169864654541016, 0.8902015686035156]]","[[[0.9169864654541016, 0.519145667552948], [0.4589518904685974, 0.8902015686035156]]]",0.519145667552948,0.848479688167572,0.8336737751960754,0.7417240738868713,0.8751685619354248,0.8113501071929932,0.45597773790359497,2.469951868057251,0.7256959080696106,/scicore/home/schwede/barta0000/germinal_ds/templates_target_shuffle/nb_s286378_mpnn_3_BHRF/boltz_free/output/boltz_results_nb_s286378_mpnn_3_BHRF/predictions/nb_s286378_mpnn_3_BHRF/nb_s286378_mpnn_3_BHRF_model_0.cif,0.843873918056488,0.7726060748100281,0.6294451951980591,0.8974810838699341,0.8421472311019897,0.6340537071228027,6.046396255493164,0.5874899625778198,/scicore/home/schwede/barta0000/germinal_ds/templates_target_shuffle/nb_s286378_mpnn_3_BHRF/boltz_with_template/output/boltz_results_nb_s286378_mpnn_3_BHRF/predictions/nb_s286378_mpnn_3_BHRF/nb_s286378_mpnn_3_BHRF_model_0.cif
nb_s465730_mpnn_4_BHRF,False,"A,B",13.638058124018373,78.85421121251629,386.91,21.21,5.75,63.236811833077184,0.007136,0.22,0.835,70.93,0.0,0.28,0.2961,0.341,5.684125246513386,89.97635738831615,,,2.698548387096774,84.1658821105957,0.490881,0.7,0.83,,1.0,,0.05880106774791767,0.8208749012646621,17.590673836794767,50.66681671142578,72.86482,15.757904,0.5236143,0.4304172992706299,/scicore/home/schwede/barta0000/germinal_ds/templates_target_shuffle/nb_s465730_mpnn_4_BHRF/chai_no_constraints/seed_5656/pred.model_idx_4.cif,0.4601486921310425,/scicore/home/schwede/barta0000/germinal_ds/templates_target_shuffle/nb_s465730_mpnn_4_BHRF/chai_with_constraints/seed_5892/pred.model_idx_4.cif,0.4304172992706299,0.7187901735305786,0.3583240807056427,"[[0.8962427377700806, 0.9133507013320923]]","[[[0.8962427377700806, 0.3583240807056427], [0.3301006853580475, 0.9133507013320923]]]",0.3583240807056427,0.4601486921310425,0.7255614995956421,0.3937954902648926,"[[0.8858383297920227, 0.895858108997345]]","[[[0.8858383297920227, 0.3937954902648926], [0.3595367968082428, 0.895858108997345]]]",0.3937954902648926,0.8499059677124023,0.8947306871414185,0.8361757397651672,0.8533384799957275,0.7619563341140747,0.4111514985561371,1.4534574747085571,0.8361757397651672,/scicore/home/schwede/barta0000/germinal_ds/templates_target_shuffle/nb_s465730_mpnn_4_BHRF/boltz_free/output/boltz_results_nb_s465730_mpnn_4_BHRF/predictions/nb_s465730_mpnn_4_BHRF/nb_s465730_mpnn_4_BHRF_model_0.cif,0.7568714022636414,0.708366870880127,0.4765365421772003,0.8269551396369934,0.7111772298812866,0.8193141222000122,6.853239059448242,0.4765365421772003,/scicore/home/schwede/barta0000/germinal_ds/templates_target_shuffle/nb_s465730_mpnn_4_BHRF/boltz_with_template/output/boltz_results_nb_s465730_mpnn_4_BHRF/predictions/nb_s465730_mpnn_4_BHRF/nb_s465730_mpnn_4_BHRF_model_0.cif
nb_s648756_mpnn_1_IL20,False,"A,B",11.699645408163265,82.74873655913979,76.2,5.47,4.8625,72.7881899096112,0.038234,0.35,0.865,-37.9,0.0,0.4,0.9975,0.371,4.240125382653061,95.57278571428571,,,2.603125,93.56499998910087,0.600567,0.79,0.86,,1.0,0.8339,0.2008103615140866,0.8665205085138301,17.21569077173869,65.73827362060547,72.70407,15.258453,0.5449809,0.29278647899627686,/scicore/home/schwede/barta0000/germinal_ds/templates_target_shuffle/nb_s648756_mpnn_1_IL20/chai_no_constraints/seed_2126/pred.model_idx_2.cif,0.38193798065185547,/scicore/home/schwede/barta0000/germinal_ds/templates_target_shuffle/nb_s648756_mpnn_1_IL20/chai_with_constraints/seed_2745/pred.model_idx_3.cif,0.29278647899627686,0.6107178926467896,0.21330362558364868,"[[0.8991981148719788, 0.8925426602363586]]","[[[0.8991981148719788, 0.21330362558364868], [0.16091367602348328, 0.8925426602363586]]]",0.21330362558364868,0.38193798065185547,0.6634670495986938,0.3115556836128235,"[[0.879124641418457, 0.8807029724121094]]","[[[0.879124641418457, 0.3115556836128235], [0.2579125761985779, 0.8807029724121094]]]",0.3115556836128235,0.5734480023384094,0.6575270891189575,0.41080957651138306,0.614107608795166,0.5336319208145142,1.2335126399993896,6.077090263366699,0.41080957651138306,/scicore/home/schwede/barta0000/germinal_ds/templates_target_shuffle/nb_s648756_mpnn_1_IL20/boltz_free/output/boltz_results_nb_s648756_mpnn_1_IL20/predictions/nb_s648756_mpnn_1_IL20/nb_s648756_mpnn_1_IL20_model_0.cif,0.8569669723510742,0.8712032437324524,0.8081784844398499,0.8691641092300415,0.842150866985321,0.4929095506668091,2.2668843269348145,0.8081784844398499,/scicore/home/schwede/barta0000/germinal_ds/templates_target_shuffle/nb_s648756_mpnn_1_IL20/boltz_with_template/output/boltz_results_nb_s648756_mpnn_1_IL20/predictions/nb_s648756_mpnn_1_IL20/nb_s648756_mpnn_1_IL20_model_0.cif
nb_s202316_mpnn_2_IL3,False,"A,B",13.353259697854988,79.60012121212121,485.35,30.24,6.665217391304348,61.85964258971285,0.006,0.19,0.815,204.25,0.0,0.27,,1.032,6.928219312909122,88.37687747035572,,,4.2976,76.84448255341628,0.264645,0.51,0.72,,1.0,0.7496,0.09859390537988995,0.8774722612118274,24.619637489318848,66.44385528564453,55.3546,20.896372,0.47910544,0.22177956998348236,/scicore/home/schwede/barta0000/germinal_ds/templates_target_shuffle/nb_s202316_mpnn_2_IL3/chai_no_constraints/seed_5732/pred.model_idx_0.cif,0.316104918718338,/scicore/home/schwede/barta0000/germinal_ds/templates_target_shuffle/nb_s202316_mpnn_2_IL3/chai_with_constraints/seed_1205/pred.model_idx_0.cif,0.22177956998348236,0.5767129063606262,0.1330462396144867,"[[0.9028217792510986, 0.31827759742736816]]","[[[0.9028217792510986, 0.1330462396144867], [0.096474289894104, 0.31827759742736816]]]",0.1330462396144867,0.316104918718338,0.618377149105072,0.2405368685722351,"[[0.9025218486785889, 0.32547321915626526]]","[[[0.9025218486785889, 0.19376209378242493], [0.2405368685722351, 0.32547321915626526]]]",0.19376209378242493,0.8108693957328796,0.8537955284118652,0.7586271166801453,0.823930025100708,0.7483355402946472,0.47604426741600037,2.692283868789673,0.7586271166801453,/scicore/home/schwede/barta0000/germinal_ds/templates_target_shuffle/nb_s202316_mpnn_2_IL3/boltz_free/output/boltz_results_nb_s202316_mpnn_2_IL3/predictions/nb_s202316_mpnn_2_IL3/nb_s202316_mpnn_2_IL3_model_0.cif,0.8019399642944336,0.7450939416885376,0.5336210131645203,0.8690197467803955,0.7947596907615662,0.7739582657814026,7.145650386810303,0.5336210131645203,/scicore/home/schwede/barta0000/germinal_ds/templates_target_shuffle/nb_s202316_mpnn_2_IL3/boltz_with_template/output/boltz_results_nb_s202316_mpnn_2_IL3/predictions/nb_s202316_mpnn_2_IL3/nb_s202316_mpnn_2_IL3_model_0.cif
nb_s834944_mpnn_1_IL20,False,"A,B",15.273410830451123,78.05052491103204,153.92,8.68,8.674193548387098,69.92525756340437,0.005399,0.14,0.835,109.5,0.0,0.22,,0.354,6.406473048733285,91.29339222614841,,,5.112105263157895,83.99679962158203,0.289989,0.54,0.74,,1.0,0.9914,0.12505091259098547,0.8632307224667362,13.764141368865968,65.9318618774414,74.17776,14.606395,0.54158735,0.2910146713256836,/scicore/home/schwede/barta0000/germinal_ds/templates_target_shuffle/nb_s834944_mpnn_1_IL20/chai_no_constraints/seed_1576/pred.model_idx_1.cif,0.3452067971229553,/scicore/home/schwede/barta0000/germinal_ds/templates_target_shuffle/nb_s834944_mpnn_1_IL20/chai_with_constraints/seed_174/pred.model_idx_0.cif,0.2910146713256836,0.5996654629707336,0.21385198831558228,"[[0.9198756217956543, 0.8826023936271667]]","[[[0.9198756217956543, 0.21385198831558228], [0.185896098613739, 0.8826023936271667]]]",0.21385198831558228,0.3452067971229553,0.6245503425598145,0.27537089586257935,"[[0.9088016152381897, 0.7135477066040039]]","[[[0.9088016152381897, 0.27537089586257935], [0.23698419332504272, 0.7135477066040039]]]",0.27537089586257935,0.6142428517341614,0.7490569949150085,0.5611128211021423,0.6275253295898438,0.5682323575019836,1.0291310548782349,5.794530868530273,0.5570639371871948,/scicore/home/schwede/barta0000/germinal_ds/templates_target_shuffle/nb_s834944_mpnn_1_IL20/boltz_free/output/boltz_results_nb_s834944_mpnn_1_IL20/predictions/nb_s834944_mpnn_1_IL20/nb_s834944_mpnn_1_IL20_model_0.cif,0.8935980200767517,0.8925291299819946,0.8321740031242371,0.9089539647102356,0.8902540802955627,0.6799970269203186,2.6572675704956055,0.8203585147857666,/scicore/home/schwede/barta0000/germinal_ds/templates_target_shuffle/nb_s834944_mpnn_1_IL20/boltz_with_template/output/boltz_results_nb_s834944_mpnn_1_IL20/predictions/nb_s834944_mpnn_1_IL20/nb_s834944_mpnn_1_IL20_model_0.cif
nb_s908222_mpnn_5_IL3,False,"A,B",13.546634067084316,79.43087393269714,188.07,10.3,6.1816666666666675,63.43448042290054,0.011344,0.21,0.8200000000000001,65.43,0.0,0.28,,0.653,5.412202346545016,90.41577075098814,,,2.602222222222222,83.62714320591517,0.519684,0.73,0.83,,1.0,0.0325,0.06263003432011656,0.8463203379710735,28.611209869384766,40.704715728759766,53.675396,21.080688,0.46897003,0.25089365243911743,/scicore/home/schwede/barta0000/germinal_ds/templates_target_shuffle/nb_s908222_mpnn_5_IL3/chai_no_constraints/seed_1732/pred.model_idx_4.cif,0.4278194308280945,/scicore/home/schwede/barta0000/germinal_ds/templates_target_shuffle/nb_s908222_mpnn_5_IL3/chai_with_constraints/seed_1209/pred.model_idx_1.cif,0.25089365243911743,0.5990375280380249,0.16385769844055176,"[[0.9215000867843628, 0.3073309659957886]]","[[[0.9215000867843628, 0.16333672404289246], [0.16385769844055176, 0.3073309659957886]]]",0.16333672404289246,0.4278194308280945,0.6858782172203064,0.3633047044277191,"[[0.9247440695762634, 0.35826560854911804]]","[[[0.9247440695762634, 0.2916700839996338], [0.3633047044277191, 0.35826560854911804]]]",0.2916700839996338,0.7570714950561523,0.6241356730461121,0.27323347330093384,0.8780310153961182,0.8123963475227356,0.851248025894165,8.77742862701416,0.22212646901607513,/scicore/home/schwede/barta0000/germinal_ds/templates_target_shuffle/nb_s908222_mpnn_5_IL3/boltz_free/output/boltz_results_nb_s908222_mpnn_5_IL3/predictions/nb_s908222_mpnn_5_IL3/nb_s908222_mpnn_5_IL3_model_0.cif,0.9190756678581238,0.8663960695266724,0.7614079713821411,0.9584925770759583,0.945191502571106,0.5127454996109009,3.7384419441223145,0.7614079713821411,/scicore/home/schwede/barta0000/germinal_ds/templates_target_shuffle/nb_s908222_mpnn_5_IL3/boltz_with_template/output/boltz_results_nb_s908222_mpnn_5_IL3/predictions/nb_s908222_mpnn_5_IL3/nb_s908222_mpnn_5_IL3_model_0.cif
nb_s276607_mpnn_4_IL20,False,"A,B",14.182061224489797,78.72508835523334,599.03,39.14,8.226086956521739,65.23534549548111,0.005648,0.17,0.84,246.2,0.0,0.25,,0.285,4.658890688775511,94.10935714285715,,,3.25425,90.47909233786844,0.489531,0.71,0.84,,1.0,0.0312,0.02915764785677793,0.8185122741201327,16.806654044560023,56.02553176879883,72.186905,15.697713,0.54516,0.3529365658760071,/scicore/home/schwede/barta0000/germinal_ds/templates_target_shuffle/nb_s276607_mpnn_4_IL20/chai_no_constraints/seed_2264/pred.model_idx_4.cif,0.6894139051437378,/scicore/home/schwede/barta0000/germinal_ds/templates_target_shuffle/nb_s276607_mpnn_4_IL20/chai_with_constraints/seed_1014/pred.model_idx_0.cif,0.3529365658760071,0.6359508037567139,0.2821829915046692,"[[0.8600285053253174, 0.8946629762649536]]","[[[0.8600285053253174, 0.2821829915046692], [0.21131695806980133, 0.8946629762649536]]]",0.2821829915046692,0.6894139051437378,0.8286319375038147,0.6546094417572021,"[[0.8919757008552551, 0.8950707316398621]]","[[[0.8919757008552551, 0.6546094417572021], [0.6089146733283997, 0.8950707316398621]]]",0.6546094417572021,0.6204647421836853,0.745114266872406,0.6146787405014038,0.6219112277030945,0.5695292949676514,0.9498805999755859,4.884823799133301,0.6146787405014038,/scicore/home/schwede/barta0000/germinal_ds/templates_target_shuffle/nb_s276607_mpnn_4_IL20/boltz_free/output/boltz_results_nb_s276607_mpnn_4_IL20/predictions/nb_s276607_mpnn_4_IL20/nb_s276607_mpnn_4_IL20_model_0.cif,0.817448616027832,0.7613665461540222,0.6898496150970459,0.8493483662605286,0.8161091804504395,0.9009570479393005,5.467373847961426,0.6898496150970459,/scicore/home/schwede/barta0000/germinal_ds/templates_target_shuffle/nb_s276607_mpnn_4_IL20/boltz_with_template/output/boltz_results_nb_s276607_mpnn_4_IL20/predictions/nb_s276607_mpnn_4_IL20/nb_s276607_mpnn_4_IL20_model_0.cif
nb_s541171_mpnn_1_PDL1,False,"A,B",13.193751001442076,79.10160402329277,86.83,6.38,9.775,62.22329027749483,0.006193,0.2,0.825,-118.09,0.0,0.27,,0.582,5.838241734764727,92.71316455696203,,,3.6783333333333332,85.77384713979868,0.287663,0.6,0.78,,1.0,0.9863,0.11631490483066086,0.8336099744951534,,,68.84331,17.470547,0.48701173,0.28007304668426514,/scicore/home/schwede/barta0000/germinal_ds/templates_target_shuffle/nb_s541171_mpnn_1_PDL1/chai_no_constraints/seed_3437/pred.model_idx_1.cif,0.46021586656570435,/scicore/home/schwede/barta0000/germinal_ds/templates_target_shuffle/nb_s541171_mpnn_1_PDL1/chai_with_constraints/seed_3704/pred.model_idx_2.cif,0.28007304668426514,0.6428037881851196,0.18939033150672913,"[[0.9209213256835938, 0.8749040365219116]]","[[[0.9209213256835938, 0.18939033150672913], [0.17580673098564148, 0.8749040365219116]]]",0.18939033150672913,0.46021586656570435,0.7435855269432068,0.38937345147132874,"[[0.8867659568786621, 0.8884553909301758]]","[[[0.8867659568786621, 0.38937345147132874], [0.3853130340576172, 0.8884553909301758]]]",0.38937345147132874,0.8174102902412415,0.8097622394561768,0.6418749094009399,0.861294150352478,0.7972299456596375,0.5867840051651001,3.5243120193481445,0.624488115310669,/scicore/home/schwede/barta0000/germinal_ds/templates_target_shuffle/nb_s541171_mpnn_1_PDL1/boltz_free/output/boltz_results_nb_s541171_mpnn_1_PDL1/predictions/nb_s541171_mpnn_1_PDL1/nb_s541171_mpnn_1_PDL1_model_0.cif,0.8210757374763489,0.7506939768791199,0.5352288484573364,0.8925374150276184,0.8617479801177979,0.7971382141113281,7.271082401275635,0.5089035630226135,/scicore/home/schwede/barta0000/germinal_ds/templates_target_shuffle/nb_s541171_mpnn_1_PDL1/boltz_with_template/output/boltz_results_nb_s541171_mpnn_1_PDL1/predictions/nb_s541171_mpnn_1_PDL1/nb_s541171_mpnn_1_PDL1_model_0.cif
nb_s272990_mpnn_1_BHRF,False,"A,B",13.689544289746221,80.83412461605967,303.45,21.42,14.774074074074075,66.18811635450777,0.005932,0.18,0.85,-18.81,0.0,0.26,0.009,0.716,8.333902055951157,89.20646048109967,,,5.97391304347826,76.05319915771484,0.169268,0.43,0.71,,1.0,0.0124,0.0961629840822754,0.8880150890764746,16.13268722806658,50.99808120727539,72.6501,15.254474,0.55487406,0.31682974100112915,/scicore/home/schwede/barta0000/germinal_ds/templates_target_shuffle/nb_s272990_mpnn_1_BHRF/chai_no_constraints/seed_1527/pred.model_idx_0.cif,0.3550271987915039,/scicore/home/schwede/barta0000/germinal_ds/templates_target_shuffle/nb_s272990_mpnn_1_BHRF/chai_with_constraints/seed_2622/pred.model_idx_4.cif,0.31682974100112915,0.6425619125366211,0.23539668321609497,"[[0.9156520962715149, 0.9144507646560669]]","[[[0.9156520962715149, 0.23539668321609497], [0.20008054375648499, 0.9144507646560669]]]",0.23539668321609497,0.3550271987915039,0.6861217021942139,0.27225354313850403,"[[0.9017735719680786, 0.9107757210731506]]","[[[0.9017735719680786, 0.27225354313850403], [0.2712445855140686, 0.9107757210731506]]]",0.27225354313850403,0.7264973521232605,0.63880455493927,0.27781403064727783,0.8386682271957397,0.7801504135131836,0.792071521282196,8.274950981140137,0.2683733105659485,/scicore/home/schwede/barta0000/germinal_ds/templates_target_shuffle/nb_s272990_mpnn_1_BHRF/boltz_free/output/boltz_results_nb_s272990_mpnn_1_BHRF/predictions/nb_s272990_mpnn_1_BHRF/nb_s272990_mpnn_1_BHRF_model_0.cif,0.7867845296859741,0.6734297275543213,0.3941112458705902,0.8849528431892395,0.850386381149292,0.9086006879806519,9.747882843017578,0.3941112458705902,/scicore/home/schwede/barta0000/germinal_ds/templates_target_shuffle/nb_s272990_mpnn_1_BHRF/boltz_with_template/output/boltz_results_nb_s272990_mpnn_1_BHRF/predictions/nb_s272990_mpnn_1_BHRF/nb_s272990_mpnn_1_BHRF_model_0.cif
nb_s604314_mpnn_3_BHRF,False,"A,B",12.860850694444446,81.30162126537785,405.83,19.99,13.294736842105262,65.70546521724495,0.030277,0.31,0.835,77.39,0.0,0.36,,0.958,6.009064067322531,91.34524305555556,,,5.611666666666667,81.15448405824858,0.382677,0.62,0.78,,1.0,,0.09020274627806242,0.8706524634573308,17.626640379428864,50.194515228271484,73.31482,15.440496,0.54354864,0.31136393547058105,/scicore/home/schwede/barta0000/germinal_ds/templates_target_shuffle/nb_s604314_mpnn_3_BHRF/chai_no_constraints/seed_1423/pred.model_idx_0.cif,0.3959379196166992,/scicore/home/schwede/barta0000/germinal_ds/templates_target_shuffle/nb_s604314_mpnn_3_BHRF/chai_with_constraints/seed_2932/pred.model_idx_2.cif,0.31136393547058105,0.6320527791976929,0.2311917245388031,"[[0.9060673713684082, 0.8875997066497803]]","[[[0.9060673713684082, 0.2311917245388031], [0.1893397718667984, 0.8875997066497803]]]",0.2311917245388031,0.3959379196166992,0.6984659433364868,0.32030588388442993,"[[0.9020085334777832, 0.9024872779846191]]","[[[0.9020085334777832, 0.32030588388442993], [0.28310444951057434, 0.9024872779846191]]]",0.32030588388442993,0.758259117603302,0.6094835996627808,0.26352185010910034,0.88194340467453,0.8113563060760498,0.6883795261383057,9.117347717285156,0.1872491091489792,/scicore/home/schwede/barta0000/germinal_ds/templates_target_shuffle/nb_s604314_mpnn_3_BHRF/boltz_free/output/boltz_results_nb_s604314_mpnn_3_BHRF/predictions/nb_s604314_mpnn_3_BHRF/nb_s604314_mpnn_3_BHRF_model_0.cif,0.7721468210220337,0.6562904715538025,0.3797398805618286,0.8702484965324402,0.8068084120750427,0.7937861084938049,9.129251480102539,0.3477846086025238,/scicore/home/schwede/barta0000/germinal_ds/templates_target_shuffle/nb_s604314_mpnn_3_BHRF/boltz_with_template/output/boltz_results_nb_s604314_mpnn_3_BHRF/predictions/nb_s604314_mpnn_3_BHRF/nb_s604314_mpnn_3_BHRF_model_0.cif
nb_s389903_mpnn_5_IL20,False,"A,B",6.413628588195632,86.35779804270463,42.49,3.16,6.108928571428572,82.33680025368497,0.590222,0.77,0.855,-16.53,0.0,0.78,,0.257,4.449240095393875,94.50427561837455,,,3.5770370370370377,92.12576998197116,0.704955,0.83,0.87,,1.0,,0.8074450610626502,0.8803372757167653,10.54334274927775,65.44204711914062,74.01679,14.30169,0.5571736,0.2992468476295471,/scicore/home/schwede/barta0000/germinal_ds/templates_target_shuffle/nb_s389903_mpnn_5_IL20/chai_no_constraints/seed_4608/pred.model_idx_3.cif,0.4280925989151001,/scicore/home/schwede/barta0000/germinal_ds/templates_target_shuffle/nb_s389903_mpnn_5_IL20/chai_with_constraints/seed_2785/pred.model_idx_1.cif,0.2992468476295471,0.6165469884872437,0.2199217975139618,"[[0.9142508506774902, 0.8921082019805908]]","[[[0.9142508506774902, 0.2199217975139618], [0.2137545794248581, 0.8921082019805908]]]",0.2199217975139618,0.4280925989151001,0.6827683448791504,0.36442363262176514,"[[0.8976010084152222, 0.8722720146179199]]","[[[0.8976010084152222, 0.36442363262176514], [0.33116137981414795, 0.8722720146179199]]]",0.36442363262176514,0.5699674487113953,0.5759009122848511,0.26796242594718933,0.6454686522483826,0.5847322344779968,1.1343297958374023,8.480448722839355,0.2526630461215973,/scicore/home/schwede/barta0000/germinal_ds/templates_target_shuffle/nb_s389903_mpnn_5_IL20/boltz_free/output/boltz_results_nb_s389903_mpnn_5_IL20/predictions/nb_s389903_mpnn_5_IL20/nb_s389903_mpnn_5_IL20_model_0.cif,0.8029781579971313,0.732384443283081,0.5887026786804199,0.856546938419342,0.7996293902397156,0.8420165181159973,5.441280841827393,0.5887026786804199,/scicore/home/schwede/barta0000/germinal_ds/templates_target_shuffle/nb_s389903_mpnn_5_IL20/boltz_with_template/output/boltz_results_nb_s389903_mpnn_5_IL20/predictions/nb_s389903_mpnn_5_IL20/nb_s389903_mpnn_5_IL20_model_0.cif
nb_s893078_mpnn_5_IL20,False,"A,B",14.617649115359162,75.56304057066428,749.82,25.6,11.874999999999998,56.83804632932375,0.005755,0.17,0.795,502.92,0.0,0.26,,0.854,6.691985291363359,87.47575971731449,,,4.398679245283018,76.2099991551152,0.33411,0.57,0.73,,1.0,0.0095,0.09775744464153638,0.8270729655867055,12.796125173568726,64.90869903564453,73.22438,14.534185,0.54980767,0.2956404685974121,/scicore/home/schwede/barta0000/germinal_ds/templates_target_shuffle/nb_s893078_mpnn_5_IL20/chai_no_constraints/seed_3217/pred.model_idx_2.cif,0.5080713033676147,/scicore/home/schwede/barta0000/germinal_ds/templates_target_shuffle/nb_s893078_mpnn_5_IL20/chai_with_constraints/seed_2825/pred.model_idx_1.cif,0.2956404685974121,0.6047961711883545,0.21835151314735413,"[[0.8724806904792786, 0.8905398845672607]]","[[[0.8724806904792786, 0.21835151314735413], [0.19265106320381165, 0.8905398845672607]]]",0.21835151314735413,0.5080713033676147,0.738506555557251,0.4504624605178833,"[[0.8865438103675842, 0.8583366274833679]]","[[[0.8865438103675842, 0.4504624605178833], [0.4286288619041443, 0.8583366274833679]]]",0.4504624605178833,0.5565637946128845,0.6113150715827942,0.3674893379211426,0.6038323640823364,0.5495096445083618,1.5110222101211548,7.326014995574951,0.3674893379211426,/scicore/home/schwede/barta0000/germinal_ds/templates_target_shuffle/nb_s893078_mpnn_5_IL20/boltz_free/output/boltz_results_nb_s893078_mpnn_5_IL20/predictions/nb_s893078_mpnn_5_IL20/nb_s893078_mpnn_5_IL20_model_0.cif,0.8334331512451172,0.838552713394165,0.7350232601165771,0.8580355644226074,0.8279373645782471,0.7825126051902771,3.1207451820373535,0.7105101943016052,/scicore/home/schwede/barta0000/germinal_ds/templates_target_shuffle/nb_s893078_mpnn_5_IL20/boltz_with_template/output/boltz_results_nb_s893078_mpnn_5_IL20/predictions/nb_s893078_mpnn_5_IL20/nb_s893078_mpnn_5_IL20_model_0.cif
nb_s754136_mpnn_1_IL20,False,"A,B",14.123091836734696,79.34377807726864,357.61,21.02,11.973437500000001,64.5021418066646,0.00519,0.19,0.845,190.96,0.0,0.26,,1.072,4.478256887755102,93.49017857142857,,,3.4790625000000004,89.72307792076698,0.60903,0.79,0.87,,1.0,0.0004,0.04401684114567349,0.8432792931742342,13.158760945002237,66.52268981933594,73.079216,14.72095,0.5650062,0.27242451906204224,/scicore/home/schwede/barta0000/germinal_ds/templates_target_shuffle/nb_s754136_mpnn_1_IL20/chai_no_constraints/seed_2525/pred.model_idx_3.cif,0.34979939460754395,/scicore/home/schwede/barta0000/germinal_ds/templates_target_shuffle/nb_s754136_mpnn_1_IL20/chai_with_constraints/seed_1119/pred.model_idx_0.cif,0.27242451906204224,0.5963293313980103,0.19144833087921143,"[[0.9177654981613159, 0.89375239610672]]","[[[0.9177654981613159, 0.19144833087921143], [0.136997789144516, 0.89375239610672]]]",0.19144833087921143,0.34979939460754395,0.6335627436637878,0.27885857224464417,"[[0.8751411437988281, 0.848368763923645]]","[[[0.8751411437988281, 0.27885857224464417], [0.2424725890159607, 0.848368763923645]]]",0.27885857224464417,0.6051260828971863,0.5764104723930359,0.260906845331192,0.6911808252334595,0.6360788941383362,1.1860514879226685,7.436867713928223,0.20917314291000366,/scicore/home/schwede/barta0000/germinal_ds/templates_target_shuffle/nb_s754136_mpnn_1_IL20/boltz_free/output/boltz_results_nb_s754136_mpnn_1_IL20/predictions/nb_s754136_mpnn_1_IL20/nb_s754136_mpnn_1_IL20_model_0.cif,0.8126521110534668,0.7742735743522644,0.6329478621482849,0.8575781583786011,0.8315531611442566,0.7317109704017639,5.036325454711914,0.6329478621482849,/scicore/home/schwede/barta0000/germinal_ds/templates_target_shuffle/nb_s754136_mpnn_1_IL20/boltz_with_template/output/boltz_results_nb_s754136_mpnn_1_IL20/predictions/nb_s754136_mpnn_1_IL20/nb_s754136_mpnn_1_IL20_model_0.cif
nb_s731008_mpnn_2_IL3,False,"A,B",13.843517317877174,80.4591395697849,1379.33,88.39,5.721621621621622,60.727654058126056,0.005747,0.17,0.8300000000000001,599.27,0.0,0.25,,2.109,7.44501913793373,87.34268774703557,,,3.7847500000000003,72.062083085378,0.22641,0.5,0.72,,1.0,0.0085,0.10750171252908393,0.8770787610345058,25.720417976379395,56.860965728759766,51.753826,21.428856,0.464181,0.3984595835208893,/scicore/home/schwede/barta0000/germinal_ds/templates_target_shuffle/nb_s731008_mpnn_2_IL3/chai_no_constraints/seed_3966/pred.model_idx_3.cif,0.329384446144104,/scicore/home/schwede/barta0000/germinal_ds/templates_target_shuffle/nb_s731008_mpnn_2_IL3/chai_with_constraints/seed_1907/pred.model_idx_3.cif,0.3984595835208893,0.6095393896102905,0.345689594745636,"[[0.9195035696029663, 0.29680657386779785]]","[[[0.9195035696029663, 0.18180091679096222], [0.345689594745636, 0.29680657386779785]]]",0.18180091679096222,0.329384446144104,0.6255192160606384,0.2553507685661316,"[[0.9131088256835938, 0.3167615532875061]]","[[[0.9131088256835938, 0.20708243548870087], [0.2553507685661316, 0.3167615532875061]]]",0.20708243548870087,0.7997127771377563,0.8145011067390442,0.664142906665802,0.8336052298545837,0.7699658870697021,0.5951372981071472,3.256852626800537,0.664142906665802,/scicore/home/schwede/barta0000/germinal_ds/templates_target_shuffle/nb_s731008_mpnn_2_IL3/boltz_free/output/boltz_results_nb_s731008_mpnn_2_IL3/predictions/nb_s731008_mpnn_2_IL3/nb_s731008_mpnn_2_IL3_model_0.cif,0.832103431224823,0.7719661593437195,0.6024712920188904,0.8895115256309509,0.8490264415740967,0.7529030442237854,5.88234281539917,0.6024712920188904,/scicore/home/schwede/barta0000/germinal_ds/templates_target_shuffle/nb_s731008_mpnn_2_IL3/boltz_with_template/output/boltz_results_nb_s731008_mpnn_2_IL3/predictions/nb_s731008_mpnn_2_IL3/nb_s731008_mpnn_2_IL3_model_0.cif
nb_s759449_mpnn_4_IL20,False,"A,B",13.812492352258115,81.74700357781754,124.29,8.95,7.157500000000001,68.49401403945635,0.005691,0.17,0.855,50.12,0.0,0.25,,0.304,5.1458009214748595,93.87929328621907,,,2.51025,91.28649864196777,0.481841,0.7,0.81,,1.0,0.0855,0.07361379768097584,0.8517042008420787,14.465588760375976,63.16134262084961,72.7857,15.182162,0.5435732,0.29729169607162476,/scicore/home/schwede/barta0000/germinal_ds/templates_target_shuffle/nb_s759449_mpnn_4_IL20/chai_no_constraints/seed_3352/pred.model_idx_3.cif,0.431755006313324,/scicore/home/schwede/barta0000/germinal_ds/templates_target_shuffle/nb_s759449_mpnn_4_IL20/chai_with_constraints/seed_2365/pred.model_idx_1.cif,0.29729169607162476,0.6071562767028809,0.21982555091381073,"[[0.9144450426101685, 0.8952740430831909]]","[[[0.9144450426101685, 0.21982555091381073], [0.21481189131736755, 0.8952740430831909]]]",0.21982555091381073,0.431755006313324,0.7093830704689026,0.36234796047210693,"[[0.9118306636810303, 0.9001660943031311]]","[[[0.9118306636810303, 0.36234796047210693], [0.33975425362586975, 0.9001660943031311]]]",0.36234796047210693,0.7338628768920898,0.8665786385536194,0.817159116268158,0.7130388021469116,0.7009332180023193,0.5454137325286865,1.8039919137954712,0.817159116268158,/scicore/home/schwede/barta0000/germinal_ds/templates_target_shuffle/nb_s759449_mpnn_4_IL20/boltz_free/output/boltz_results_nb_s759449_mpnn_4_IL20/predictions/nb_s759449_mpnn_4_IL20/nb_s759449_mpnn_4_IL20_model_0.cif,0.901385486125946,0.8602185845375061,0.8649876713752747,0.9104849100112915,0.9179502129554749,0.6286855936050415,1.3628880977630615,0.8649876713752747,/scicore/home/schwede/barta0000/germinal_ds/templates_target_shuffle/nb_s759449_mpnn_4_IL20/boltz_with_template/output/boltz_results_nb_s759449_mpnn_4_IL20/predictions/nb_s759449_mpnn_4_IL20/nb_s759449_mpnn_4_IL20_model_0.cif
nb_s233025_mpnn_1_BHRF,False,"A,B",13.548503809799378,79.45672663448882,767.43,49.63,5.734375,63.57347344815889,0.008781,0.21,0.835,271.85,0.0,0.28,,1.331,7.925236786265431,88.83763888888888,,,3.0043478260869563,77.64407334504304,0.202885,0.47,0.71,,1.0,0.0325,0.10319997086865396,0.8753748113180947,14.656108125050862,64.65978240966797,74.22794,14.193049,0.57695293,0.3109968304634094,/scicore/home/schwede/barta0000/germinal_ds/templates_target_shuffle/nb_s233025_mpnn_1_BHRF/chai_no_constraints/seed_3742/pred.model_idx_4.cif,0.47257253527641296,/scicore/home/schwede/barta0000/germinal_ds/templates_target_shuffle/nb_s233025_mpnn_1_BHRF/chai_with_constraints/seed_1390/pred.model_idx_3.cif,0.3109968304634094,0.6388345956802368,0.22903738915920258,"[[0.8943967819213867, 0.9066675305366516]]","[[[0.8943967819213867, 0.22903738915920258], [0.18405187129974365, 0.9066675305366516]]]",0.22903738915920258,0.47257253527641296,0.7337800860404968,0.4072706401348114,"[[0.8738195300102234, 0.8841803073883057]]","[[[0.8738195300102234, 0.4072706401348114], [0.3691192865371704, 0.8841803073883057]]]",0.4072706401348114,0.8360065817832947,0.8097712993621826,0.6924925446510315,0.8718850612640381,0.804643988609314,0.5511189699172974,4.113083839416504,0.6924925446510315,/scicore/home/schwede/barta0000/germinal_ds/templates_target_shuffle/nb_s233025_mpnn_1_BHRF/boltz_free/output/boltz_results_nb_s233025_mpnn_1_BHRF/predictions/nb_s233025_mpnn_1_BHRF/nb_s233025_mpnn_1_BHRF_model_0.cif,0.8122966885566711,0.7764764428138733,0.577998697757721,0.8708711266517639,0.7980146408081055,0.7021768093109131,5.350365161895752,0.577998697757721,/scicore/home/schwede/barta0000/germinal_ds/templates_target_shuffle/nb_s233025_mpnn_1_BHRF/boltz_with_template/output/boltz_results_nb_s233025_mpnn_1_BHRF/predictions/nb_s233025_mpnn_1_BHRF/nb_s233025_mpnn_1_BHRF_model_0.cif
nb_s2975_mpnn_1_PDL1,False,"A,B",14.17664904128612,76.16201385189132,458.37,27.82,6.705555555555556,67.30155982280613,0.005573,0.16,0.8049999999999999,149.72,0.0,0.23,,1.402,9.809557941213125,84.53540084388186,,,4.632777777777778,71.75151501279889,0.073538,0.29,0.62,,1.0,0.0657,0.11043748774130555,0.8348226394663971,22.82276725769043,44.561622619628906,68.2172,17.653894,0.4871735,0.2396939992904663,/scicore/home/schwede/barta0000/germinal_ds/templates_target_shuffle/nb_s2975_mpnn_1_PDL1/chai_no_constraints/seed_191/pred.model_idx_1.cif,0.5392193794250488,/scicore/home/schwede/barta0000/germinal_ds/templates_target_shuffle/nb_s2975_mpnn_1_PDL1/chai_with_constraints/seed_2528/pred.model_idx_0.cif,0.2396939992904663,0.5999723672866821,0.14962439239025116,"[[0.890999436378479, 0.8682103157043457]]","[[[0.890999436378479, 0.14962439239025116], [0.12623107433319092, 0.8682103157043457]]]",0.14962439239025116,0.5392193794250488,0.7748117446899414,0.4803212881088257,"[[0.897987425327301, 0.9211429357528687]]","[[[0.897987425327301, 0.45189982652664185], [0.4803212881088257, 0.9211429357528687]]]",0.45189982652664185,0.7724807262420654,0.7094571590423584,0.44591274857521057,0.8541226983070374,0.8003314137458801,0.7206248044967651,6.55094051361084,0.43425819277763367,/scicore/home/schwede/barta0000/germinal_ds/templates_target_shuffle/nb_s2975_mpnn_1_PDL1/boltz_free/output/boltz_results_nb_s2975_mpnn_1_PDL1/predictions/nb_s2975_mpnn_1_PDL1/nb_s2975_mpnn_1_PDL1_model_0.cif,0.8451887369155884,0.8027388453483582,0.6281157732009888,0.8994569182395935,0.8656783699989319,0.5772973299026489,4.836978435516357,0.6177291870117188,/scicore/home/schwede/barta0000/germinal_ds/templates_target_shuffle/nb_s2975_mpnn_1_PDL1/boltz_with_template/output/boltz_results_nb_s2975_mpnn_1_PDL1/predictions/nb_s2975_mpnn_1_PDL1/nb_s2975_mpnn_1_PDL1_model_0.cif
nb_s38254_mpnn_5_IL3,False,"A,B",14.636910434470153,78.88599899849774,249.4,16.56,4.394230769230769,64.66073100878664,0.005493,0.17,0.8200000000000001,198.59,0.0,0.24,,0.445,7.105852458248058,89.77106719367589,,,1.8922727272727278,79.7582603122877,0.212979,0.51,0.72,,1.0,0.0266,0.07865343849228836,0.8482134499407364,26.715102513631184,46.824493408203125,51.287518,21.443523,0.4579795,0.379721462726593,/scicore/home/schwede/barta0000/germinal_ds/templates_target_shuffle/nb_s38254_mpnn_5_IL3/chai_no_constraints/seed_4518/pred.model_idx_3.cif,0.6451915502548218,/scicore/home/schwede/barta0000/germinal_ds/templates_target_shuffle/nb_s38254_mpnn_5_IL3/chai_with_constraints/seed_1484/pred.model_idx_0.cif,0.379721462726593,0.618486762046814,0.3200300931930542,"[[0.9221425652503967, 0.3027656674385071]]","[[[0.9221425652503967, 0.19820280373096466], [0.3200300931930542, 0.3027656674385071]]]",0.19820280373096466,0.6451915502548218,0.6918896436691284,0.6335170269012451,"[[0.8929632902145386, 0.37267306447029114]]","[[[0.8929632902145386, 0.3474949598312378], [0.6335170269012451, 0.37267306447029114]]]",0.3474949598312378,0.833345353603363,0.8321595191955566,0.699278712272644,0.8668619394302368,0.8017016053199768,0.539298951625824,3.244825839996338,0.6730324029922485,/scicore/home/schwede/barta0000/germinal_ds/templates_target_shuffle/nb_s38254_mpnn_5_IL3/boltz_free/output/boltz_results_nb_s38254_mpnn_5_IL3/predictions/nb_s38254_mpnn_5_IL3/nb_s38254_mpnn_5_IL3_model_0.cif,0.9024683237075806,0.8557954430580139,0.7549412250518799,0.9393500089645386,0.920175313949585,0.570816159248352,4.080386638641357,0.7549412250518799,/scicore/home/schwede/barta0000/germinal_ds/templates_target_shuffle/nb_s38254_mpnn_5_IL3/boltz_with_template/output/boltz_results_nb_s38254_mpnn_5_IL3/predictions/nb_s38254_mpnn_5_IL3/nb_s38254_mpnn_5_IL3_model_0.cif
nb_s39537_mpnn_2_IL20,False,"A,B",13.146808673469389,83.06230349840982,149.25,10.27,3.2979999999999996,68.18579739321942,0.005733,0.18,0.875,51.2,0.0,0.26,0.0309,0.594,7.694958673469387,91.06507142857143,,,2.32275,80.61043415898862,0.169365,0.43,0.7,,1.0,0.0039,0.07563348981682137,0.8945408967457202,15.702647924423218,62.68675994873047,73.154854,14.985649,0.54189956,0.2589629590511322,/scicore/home/schwede/barta0000/germinal_ds/templates_target_shuffle/nb_s39537_mpnn_2_IL20/chai_no_constraints/seed_1790/pred.model_idx_4.cif,0.36486926674842834,/scicore/home/schwede/barta0000/germinal_ds/templates_target_shuffle/nb_s39537_mpnn_2_IL20/chai_with_constraints/seed_5919/pred.model_idx_2.cif,0.2589629590511322,0.5971499681472778,0.174416184425354,"[[0.8836113214492798, 0.8913131952285767]]","[[[0.8836113214492798, 0.174416184425354], [0.14720852673053741, 0.8913131952285767]]]",0.174416184425354,0.36486926674842834,0.6807889938354492,0.28588932752609253,"[[0.8732817769050598, 0.9043096899986267]]","[[[0.8732817769050598, 0.28588932752609253], [0.26986831426620483, 0.9043096899986267]]]",0.28588932752609253,0.5684460997581482,0.6236140727996826,0.35423803329467773,0.621998131275177,0.532227098941803,1.1863062381744385,6.868555545806885,0.3405333459377289,/scicore/home/schwede/barta0000/germinal_ds/templates_target_shuffle/nb_s39537_mpnn_2_IL20/boltz_free/output/boltz_results_nb_s39537_mpnn_2_IL20/predictions/nb_s39537_mpnn_2_IL20/nb_s39537_mpnn_2_IL20_model_0.cif,0.8669789433479309,0.7888739705085754,0.6798383593559265,0.9137640595436096,0.9018391370773315,0.7008476257324219,3.321805953979492,0.6798383593559265,/scicore/home/schwede/barta0000/germinal_ds/templates_target_shuffle/nb_s39537_mpnn_2_IL20/boltz_with_template/output/boltz_results_nb_s39537_mpnn_2_IL20/predictions/nb_s39537_mpnn_2_IL20/nb_s39537_mpnn_2_IL20_model_0.cif
nb_s530943_mpnn_3_BHRF,False,"A,B",14.648947482638889,78.68234491860979,592.5,34.58,7.066666666666666,64.16474043489964,0.0,0.14,0.835,190.09,0.0,0.22,,0.348,5.686770109953704,90.79531250000001,,,3.4207142857142854,82.15290315689579,0.403657,0.64,0.8,,1.0,0.0002,0.05561318890847418,0.8136040804959674,19.72231674194336,56.78810501098633,73.88899,16.683292,0.5241202,0.3097476363182068,/scicore/home/schwede/barta0000/germinal_ds/templates_target_shuffle/nb_s530943_mpnn_3_BHRF/chai_no_constraints/seed_1523/pred.model_idx_2.cif,0.7427912950515747,/scicore/home/schwede/barta0000/germinal_ds/templates_target_shuffle/nb_s530943_mpnn_3_BHRF/chai_with_constraints/seed_2269/pred.model_idx_1.cif,0.3097476363182068,0.647645890712738,0.22527308762073517,"[[0.8887408375740051, 0.9058637022972107]]","[[[0.8887408375740051, 0.22527308762073517], [0.19244036078453064, 0.9058637022972107]]]",0.22527308762073517,0.7427912950515747,0.8785462975502014,0.7088525295257568,"[[0.9208150506019592, 0.911820113658905]]","[[[0.9208150506019592, 0.6906395554542542], [0.7088525295257568, 0.911820113658905]]]",0.6906395554542542,0.7890953421592712,0.7379763126373291,0.5227760672569275,0.8556751012802124,0.8092207908630371,0.6163582801818848,5.88572883605957,0.5227760672569275,/scicore/home/schwede/barta0000/germinal_ds/templates_target_shuffle/nb_s530943_mpnn_3_BHRF/boltz_free/output/boltz_results_nb_s530943_mpnn_3_BHRF/predictions/nb_s530943_mpnn_3_BHRF/nb_s530943_mpnn_3_BHRF_model_0.cif,0.7791181802749634,0.6461668014526367,0.36344581842422485,0.8830362558364868,0.8323373794555664,0.9114314913749695,8.185430526733398,0.36344581842422485,/scicore/home/schwede/barta0000/germinal_ds/templates_target_shuffle/nb_s530943_mpnn_3_BHRF/boltz_with_template/output/boltz_results_nb_s530943_mpnn_3_BHRF/predictions/nb_s530943_mpnn_3_BHRF/nb_s530943_mpnn_3_BHRF_model_0.cif
nb_s296830_mpnn_3_BHRF,False,"A,B",14.560892891589504,78.19578159401145,612.25,24.89,5.944999999999999,64.42057221027369,0.005038,0.14,0.835,138.62,0.0,0.22,,0.499,5.274198857060185,91.01881944444443,,,3.752166666666666,81.61421022917095,0.418396,0.63,0.8,,1.0,,0.047963132996335735,0.8172836043983678,18.05090198516846,41.42448043823242,72.609985,15.092557,0.5399369,0.2721160352230072,/scicore/home/schwede/barta0000/germinal_ds/templates_target_shuffle/nb_s296830_mpnn_3_BHRF/chai_no_constraints/seed_2003/pred.model_idx_4.cif,0.5193994641304016,/scicore/home/schwede/barta0000/germinal_ds/templates_target_shuffle/nb_s296830_mpnn_3_BHRF/chai_with_constraints/seed_279/pred.model_idx_1.cif,0.2721160352230072,0.6050535440444946,0.18888166546821594,"[[0.8830752968788147, 0.9068219661712646]]","[[[0.8830752968788147, 0.18888166546821594], [0.1337115615606308, 0.9068219661712646]]]",0.18888166546821594,0.5193994641304016,0.7768669128417969,0.4550325870513916,"[[0.886430561542511, 0.9140370488166809]]","[[[0.886430561542511, 0.4550325870513916], [0.4433242678642273, 0.9140370488166809]]]",0.4550325870513916,0.7968263030052185,0.7238649725914001,0.4791363477706909,0.8762487173080444,0.7930261492729187,0.6652998328208923,6.4093217849731445,0.4791363477706909,/scicore/home/schwede/barta0000/germinal_ds/templates_target_shuffle/nb_s296830_mpnn_3_BHRF/boltz_free/output/boltz_results_nb_s296830_mpnn_3_BHRF/predictions/nb_s296830_mpnn_3_BHRF/nb_s296830_mpnn_3_BHRF_model_0.cif,0.7957262992858887,0.678900957107544,0.4021875262260437,0.8941109776496887,0.8292961716651917,0.8956024646759033,8.56999397277832,0.4021875262260437,/scicore/home/schwede/barta0000/germinal_ds/templates_target_shuffle/nb_s296830_mpnn_3_BHRF/boltz_with_template/output/boltz_results_nb_s296830_mpnn_3_BHRF/predictions/nb_s296830_mpnn_3_BHRF/nb_s296830_mpnn_3_BHRF_model_0.cif
nb_s37712_mpnn_2_BHRF,False,"A,B",9.950678428455024,80.28289302728454,304.11,10.84,6.716346153846152,71.73242209537409,0.163186,0.45,0.83,54.14,0.0,0.49,,0.525,5.003649579008277,90.67810996563574,,,3.177142857142858,87.02312469482422,0.586064,0.77,0.85,,1.0,0.6595,0.29472340917344697,0.85568487214825,14.392612338066101,66.44055938720703,74.5366,15.004133,0.54820246,0.6123310327529907,/scicore/home/schwede/barta0000/germinal_ds/templates_target_shuffle/nb_s37712_mpnn_2_BHRF/chai_no_constraints/seed_4285/pred.model_idx_2.cif,0.7394068241119385,/scicore/home/schwede/barta0000/germinal_ds/templates_target_shuffle/nb_s37712_mpnn_2_BHRF/chai_with_constraints/seed_3101/pred.model_idx_3.cif,0.6123310327529907,0.7884196639060974,0.5683088898658752,"[[0.9043391942977905, 0.9058788418769836]]","[[[0.9043391942977905, 0.5683088898658752], [0.5143426060676575, 0.9058788418769836]]]",0.5683088898658752,0.7394068241119385,0.8647716641426086,0.7080656290054321,"[[0.914435863494873, 0.9008683562278748]]","[[[0.914435863494873, 0.6782441735267639], [0.7080656290054321, 0.9008683562278748]]]",0.6782441735267639,0.8183159232139587,0.7733741998672485,0.6056101322174072,0.8714922666549683,0.8259149193763733,0.7211060523986816,6.517693519592285,0.5981377959251404,/scicore/home/schwede/barta0000/germinal_ds/templates_target_shuffle/nb_s37712_mpnn_2_BHRF/boltz_free/output/boltz_results_nb_s37712_mpnn_2_BHRF/predictions/nb_s37712_mpnn_2_BHRF/nb_s37712_mpnn_2_BHRF_model_0.cif,0.9010060429573059,0.8981152176856995,0.8509145379066467,0.9135289192199707,0.889516294002533,0.4900093674659729,2.0095481872558594,0.8509145379066467,/scicore/home/schwede/barta0000/germinal_ds/templates_target_shuffle/nb_s37712_mpnn_2_BHRF/boltz_with_template/output/boltz_results_nb_s37712_mpnn_2_BHRF/predictions/nb_s37712_mpnn_2_BHRF/nb_s37712_mpnn_2_BHRF_model_0.cif
